Time,Current,Voltage,Simulated_V,Residual_mV
0.0,0.0,2.86671233177185,2.866694661632933,-0.017670138916958678
1.00302406797128,0.0,2.86655020713806,2.8666946617095768,0.14445457151657237
2.01300756211638,0.0,2.86671233177185,2.866694661709399,-0.01767006245101399
3.02210312337207,0.0,2.86671233177185,2.866694661709267,-0.017670062583352575
4.03309098321669,0.0,2.86655020713806,2.8666946617091105,0.1444545710502787
5.040122604810771,0.0,2.86671233177185,2.866694661708957,-0.017670062893326843
6.051132406400759,0.0,2.86671233177185,2.8666946617088374,-0.01767006301278684
7.061198005141449,0.0,2.86655020713806,2.8666946617087268,0.14445457066658562
8.068234935222309,0.0,2.86671233177185,2.866694661708617,-0.01767006323305509
9.07328189055742,0.0,2.86687421798706,2.8666946617085065,-0.17955627855359424
10.08231410387082,0.0,2.86671233177185,2.8666946617083964,-0.017670063453767426
11.08234878598442,0.0,2.86655020713806,2.866694661708322,0.14445457026202035
12.09239421247542,0.0,2.86655020713806,2.8666946617082525,0.14445457019229835
13.10144058175352,0.0,2.86655020713806,2.866694661708184,0.1444545701239086
14.10444695476882,0.0,2.86671233177185,2.8666946617081157,-0.017670063734431807
15.104539676338021,0.0,2.86671233177185,2.8666946617080473,-0.017670063802821545
16.11559760820822,0.0,2.86671233177185,2.8666946617080233,-0.017670063826802362
17.11657260028082,0.0,2.86655020713806,2.866694661708005,0.14445456994494066
18.126631121039118,0.0,2.86655020713806,2.866694661707988,0.14445456992762118
19.135662980453418,0.0,2.86655020713806,2.866694661707971,0.1444545699107458
20.13866298328462,0.0,2.86655020713806,2.866694661707954,0.1444545698938704
21.14773447940022,0.0,2.86671233177185,2.866694661707897,-0.017670063952923698
22.15586389606122,0.0,2.86655020713806,2.8666946617078235,0.14445456976330817
23.16186956410952,0.0,2.86671233177185,2.8666946617077347,-0.01767006411546035
24.17086497191452,0.0,2.86655020713806,2.8666946617076308,0.14445456957057345
25.181943076034518,0.0,2.86655020713806,2.8666946617075117,0.14445456945155755
26.18495051074722,0.0,2.86655020713806,2.866694661707426,0.14445456936584833
27.18795617596432,0.0,2.86687421798706,2.8666946617073448,-0.1795562797153316
28.19403085434082,0.0,2.86671233177185,2.8666946617072666,-0.017670064583530376
29.20619401315942,0.0,2.86671233177185,2.866694661707189,-0.017670064661245988
30.21415320434422,0.0,2.86671233177185,2.8666946617071134,-0.017670064736741153
31.21814978709432,0.0,2.86671233177185,2.8666946617070836,-0.01767006476649513
32.22517574630242,0.0,2.86671233177185,2.8666946617070557,-0.01767006479447275
33.232237449321616,0.0,2.86671233177185,2.8666946617070272,-0.01767006482289446
34.23531849505112,0.0,2.86687421798706,2.866694661706999,-0.1795562800612771
35.23930127573552,0.0,2.86671233177185,2.8666946617069704,-0.01767006487973788
36.24034527813642,0.0,2.86671233177185,2.8666946617070073,-0.017670064842878475
37.25137242078322,0.0,2.86671233177185,2.866694661707045,-0.01767006480513089
38.25442480068402,0.0,2.86671233177185,2.8666946617070823,-0.017670064767827398
39.25843837059182,0.0,2.86655020713806,2.8666946617071196,0.14445456905942677
40.26948922447962,0.0,2.86671233177185,2.866694661707154,-0.017670064696329035
41.27556531845262,0.0,2.86655020713806,2.8666946617070614,0.1444545690012511
42.28158726586032,0.0,2.86671233177185,2.86669466170697,-0.017670064880181968
43.28262560587532,0.0,2.86671233177185,2.8666946617068785,-0.017670064971664345
44.28564011857032,0.0,2.86687421798706,2.8666946617067857,-0.17955628027443993
45.291704887771516,0.0,2.86671233177185,2.8666946617066946,-0.01767006515551728
46.30193965029102,0.0,2.86671233177185,2.866694661706627,-0.017670065223018838
47.31375598797312,0.0,2.86671233177185,2.8666946617065596,-0.017670065290520398
48.31584293107742,0.0,2.86671233177185,2.8666946617064926,-0.01767006535757787
49.32584801306882,0.0,2.86687421798706,2.866694661706425,-0.17955628063504037
50.33489615184252,0.0,2.86655020713806,2.866694661706359,0.14445456829870196
51.33496056148222,0.0,2.86655020713806,2.8666946617063025,0.14445456824230263
52.33992470442342,0.0,2.86671233177185,2.866694661706246,-0.01767006560404738
53.35100563973632,0.0,2.86671233177185,2.86669466170619,-0.01767006566000262
54.36100682883742,0.0,2.86671233177185,2.8666946617061333,-0.01767006571684604
55.36110769008632,0.0,2.86687421798706,2.8666946617060765,-0.1795562809836504
56.370075847659116,0.0,2.86687421798706,2.866694661706011,-0.1795562810489315
57.37521375506782,0.0,2.86671233177185,2.866694661705947,-0.017670065903363508
58.38221246404382,0.0,2.86655020713806,2.866694661705881,0.14445456782086197
59.04428799744062,0.0,2.86671233177185,2.866694661705838,-0.017670066012165364
60.04884208065382,10.0019388198853,3.0062735080719,3.0297407839432915,23.467275871391635
61.05386497084882,10.001579284668,3.02699708938599,3.0719225247551125,44.92543536912264
62.05787217057252,10.0012197494507,3.04415893554688,3.0959783610324325,51.81942548555263
63.06399214803621,10.001579284668,3.0600254535675,3.113398338129246,53.37288456174605
64.06600831131672,10.0012197494507,3.07411122322083,3.1273680996671454,53.256876446315275
65.06602388287803,10.0012197494507,3.0870635509491,3.139326354850243,52.26280390114324
66.06805774111453,10.001579284668,3.09936809539795,3.1500224600176367,50.654364619686646
67.07110339693203,10.0012197494507,3.11053967475891,3.1598319024394224,49.29222768051255
68.07813784971903,10.001579284668,3.12171101570129,3.1690490559703632,47.33804026907329
69.08718740408932,10.001579284668,3.13207268714905,3.1778043892345456,45.731702085495485
70.09318210126493,10.001579284668,3.14194893836975,3.186167422806323,44.21848443657295
71.09731351957933,10.0012197494507,3.15133929252625,3.1942184959608273,42.87920343457729
72.10433664759452,10.001579284668,3.16040587425232,3.2020562204455527,41.650346193232934
73.10531270136453,10.0019388198853,3.16898679733276,3.2096335850679307,40.646787735170605
74.11541050492502,10.0012197494507,3.17724394798279,3.21706517890372,39.82123092093026
75.11941451955663,10.001579284668,3.18517732620239,3.224272232719001,39.094906516611076
76.12146925784123,10.0008592605591,3.192786693573,3.2312626446698345,38.47595109683466
77.12848176888282,10.0012197494507,3.20023441314697,3.2381058346846014,37.871421537631456
78.13047740601452,10.0012197494507,3.20719623565674,3.244712536200462,37.51630054372201
79.13858488093013,10.001579284668,3.2141580581665,3.251156947129543,36.998888963043264
80.14566534060263,10.001579284668,3.22095799446106,3.257375071827504,36.41707736644406
81.15574261801423,10.0012197494507,3.22727227210999,3.263382654001955,36.11038189196503
82.16721850474383,10.0012197494507,3.2334246635437,3.2691717704667145,35.74710692301464
83.17569261914673,10.0012197494507,3.23941516876221,3.274708978935883,35.29381017367284
84.18475491388523,10.001579284668,3.24556756019592,3.280015521528626,34.447961332706
85.19579196570743,10.001579284668,3.25139594078064,3.2850881833480616,33.69224256742154
86.20283349647683,10.0012197494507,3.25673890113831,3.2898953541600107,33.15645302170056
87.20890109687093,10.0012197494507,3.2622435092926,3.2944651533217515,32.22164402915162
88.20890817485322,10.0019388198853,3.26774835586548,3.2987832711411254,31.034915275645503
89.22230007141283,10.001579284668,3.27276730537415,3.3029152646079094,30.147959233759458
90.23321502803893,10.001579284668,3.2776243686676,3.3068143018492537,29.18993318165386
91.23801920857842,10.001579284668,3.28264355659485,3.310471567633102,27.828011038252054
92.24406062043772,10.001579284668,3.2873387336731,3.313921913465481,26.583179792381006
93.25406251733703,10.0012197494507,3.29187202453613,3.3171788295390447,25.3068050029146
94.26520892398693,10.001579284668,3.29656720161438,3.3202517743832884,23.684572768908563
95.27419831550692,10.001579284668,3.30093860626221,3.323127771391467,22.18916512925695
96.27521400597823,10.0012197494507,3.30514812469482,3.325802447897739,20.6543232029186
97.28540346941062,10.0012197494507,3.30935764312744,3.3283385366248393,18.980893497399176
98.29335275142003,10.0019388198853,3.31356716156006,3.3307188604999833,17.15169893992341
99.30234037344462,10.001579284668,3.31745290756226,3.33294080498438,15.487897422119978
100.30839346397462,10.001579284668,3.32150030136108,3.3350203403656344,13.520039004554452
101.31143274960763,10.001579284668,3.32538604736328,3.3369637234457357,11.577676082455746
102.31945245754262,10.001579284668,3.32910990715027,3.338791571554831,9.681664404561197
103.32144986416962,10.0012197494507,3.33250975608826,3.3404931179693573,7.983361881097384
104.32351698892363,10.001579284668,3.33590984344482,3.3420950225252097,6.1851790803895135
105.32661856080162,10.001579284668,3.33930993080139,3.3435959774429467,4.286046641556851
106.33159048952362,10.0019388198853,3.34238600730896,3.3450123426736633,2.6263353647033583
107.33780035736363,10.001579284668,3.34513831138611,3.346335005524064,1.1966941379539797
108.34983540470063,10.001579284668,3.34805274009705,3.347588497790546,-0.4642423065037704
109.35511274836263,10.0012197494507,3.35031938552856,3.3487554141370133,-1.5639713915467368
110.35975732039962,10.001579284668,3.35274791717529,3.3498617279275416,-2.8861892477483053
111.36882881651462,10.001579284668,3.3548526763916,3.350904409501786,-3.9482668898136453
112.36884828096663,10.001579284668,3.35663366317749,3.351881005611397,-4.752657566092999
113.37890043154063,10.001579284668,3.35857629776001,3.3528118153247877,-5.76448243522254
114.37891812649663,10.0012197494507,3.36019539833069,3.353680114099056,-6.515284231633611
115.38190609675763,10.0012197494507,3.36165261268616,3.3545099604963307,-7.142652189829235
116.38777976043463,10.001579284668,3.36310982704163,3.3553041184181795,-7.805708623450425
117.40340015974563,10.0019388198853,3.36440491676331,3.356067343745978,-8.33757301733229
118.41576681055763,10.001579284668,3.36553835868835,3.3567832816715417,-8.755077016808333
119.42289044592263,10.0012197494507,3.36667156219482,3.3574625508464058,-9.209011348414453
120.43397704362162,10.001579284668,3.36764311790466,3.358123370604421,-9.519747300239079
121.43696678337862,10.001579284668,3.36845254898071,3.3587481580564895,-9.704390924220263
122.44404582745463,10.001579284668,3.36958575248718,3.3593504616699197,-10.235290817260267
123.44610056573863,10.001579284668,3.37039542198181,3.35992722853136,-10.468193450450247
124.45211578906363,10.001579284668,3.37120485305786,3.3604861982032475,-10.718654854612542
125.45524461117363,10.0012197494507,3.37201452255249,3.361021172475206,-10.993350077283637
126.45620721677763,10.001579284668,3.37266206741333,3.3615460062305593,-11.116061182770753
127.46026360847863,10.001579284668,3.37347149848938,3.3620549840936422,-11.416514395737654
128.47561327496462,10.001579284668,3.37395715713501,3.362555278794177,-11.401878340833171
129.4882796783296,10.001579284668,3.37476682662964,3.3630421559040493,-11.724670725590691
130.50226046302362,10.001579284668,3.37557625770569,3.363518888801256,-12.057368904433652
131.5162235527606,10.001579284668,3.37622404098511,3.3639860955301013,-12.23794545500878
132.53022203241062,10.001579284668,3.37687158584595,3.3644446849045866,-12.42690094136334
133.54419821641562,10.0012197494507,3.37735724449158,3.364893236079947,-12.464008411632754
134.5581945726696,10.001579284668,3.37800478935242,3.3653419707973886,-12.662818555031485
135.5734653196516,10.001579284668,3.37881445884705,3.365782988029814,-13.031470817236102
136.5861586193506,10.001579284668,3.37930011749268,3.3662180665280514,-13.082050964628333
137.6001294948686,10.0012197494507,3.37994766235352,3.366646373302257,-13.301289051263154
138.6141279745176,10.0019388198853,3.38075733184814,3.3670830513853853,-13.674280462754762
139.62810274292661,10.0019388198853,3.38140487670898,3.367512788773651,-13.892087935329034
140.64207043335261,10.001579284668,3.38205242156982,3.367934691379341,-14.11773019047935
141.65604378616462,10.001579284668,3.38253808021545,3.368358495941747,-14.179584273703139
142.6712950686946,10.0012197494507,3.38318586349487,3.3687817804893205,-14.404083005549406
143.68401101793762,10.0019388198853,3.38383340835571,3.369215379813387,-14.618028542322747
144.6980190528626,10.001579284668,3.38464283943176,3.369638194002902,-15.004645428858154
145.7120051460426,10.001579284668,3.38512873649597,3.3700658947411966,-15.062841754773348
146.7259717747716,10.001579284668,3.38593816757202,3.37049573312986,-15.442434442160202
147.7399447736846,10.0012197494507,3.38642382621765,3.3709239409760268,-15.499885241623268
148.7783573379526,10.001579284668,3.38723349571228,3.3713727611856723,-15.860734526607523
149.78350975522562,10.0012197494507,3.38771915435791,3.371803683617051,-15.915470740859305
150.7975259298306,10.001579284668,3.38852858543396,3.372248325677711,-16.280259756249027
151.81147840259462,10.0012197494507,3.3891761302948,3.3726901372969547,-16.485992997845145
152.8267611821466,10.0019388198853,3.38982391357422,3.3731472020572952,-16.676711516924847
153.8394689917086,10.001579284668,3.39030957221985,3.373597042069441,-16.712530150408966
154.8534366821346,10.0012197494507,3.39095711708069,3.374050214437757,-16.90690264293293
155.86742277531562,10.001579284668,3.39176678657532,3.3745162531824167,-17.25053339290339
156.8814028522106,10.001579284668,3.39241433143616,3.374984992527223,-17.42933890893683
157.89537868231662,10.001579284668,3.39289999008179,3.3754578326991527,-17.442157382637546
158.90938176265462,10.001579284668,3.39370965957642,3.375935713162859,-17.773946413560893
159.9246040254566,10.0012197494507,3.39435720443726,3.376416566750928,-17.94063768633203
160.9373302377736,10.0019388198853,3.39516663551331,3.376912759001231,-18.253876512078993
161.9513209316426,10.001579284668,3.39565229415894,3.377406526742161,-18.245767416778857
162.9653109177126,10.001579284668,3.39630007743835,3.377906695520258,-18.393381918091922
163.9792924102046,10.0019388198853,3.3971095085144,3.378417659093995,-18.691849420404694
164.9936525747536,10.001579284668,3.39759516716003,3.378928401234888,-18.666765925142048
166.00724088532363,10.001579284668,3.39824295043945,3.379447630606269,-18.795319833181168
167.0225335740516,10.001579284668,3.39872860908508,3.3799745907411425,-18.754018343937418
168.0352141333816,10.001579284668,3.39953804016113,3.3805067215424836,-19.031318618646598
169.0492023499566,10.001579284668,3.40018582344055,3.3810457024888505,-19.14012095169948
170.0631718098786,10.001579284668,3.40067148208618,3.381591059183084,-19.08042290309586
171.07717099732662,10.001579284668,3.40131902694702,3.3821430268288317,-19.17600011818843
172.09135102722362,10.0012197494507,3.40196657180786,3.3826983227841896,-19.268249023670414
173.1051375213006,10.001579284668,3.40277624130249,3.3832653645919786,-19.510876710511216
174.1203803102526,10.001579284668,3.40342378616333,3.383837487759292,-19.58629840403825
175.1331160778456,10.001579284668,3.40390944480896,3.384414665571271,-19.49477923768894
176.1470876611616,10.001579284668,3.40455722808838,3.3849982528459495,-19.558975242430332
177.1610751699386,10.0019388198853,3.40536665916443,3.38558999248179,-19.77666668264
178.1753157165846,10.0008592605591,3.40569043159485,3.3861752856929273,-19.515145901922715
179.1892331533366,10.0012197494507,3.40633797645569,3.386780452456501,-19.557523999188753
180.2030175240186,10.001579284668,3.40714764595032,3.3873934376180697,-19.75420833225039
181.2183356934826,10.0012197494507,3.40763330459595,3.3880039369195827,-19.62936767636725
182.24871545554862,10.0012197494507,3.40828084945679,3.3886321594503395,-19.648690006450753
183.26057956961262,10.001579284668,3.40892863273621,3.3892598726521386,-19.66876008407148
184.2758283748486,10.001579284668,3.40957617759705,3.389891150350229,-19.685027246820752
185.2885517559726,10.001579284668,3.41022372245789,3.390525554593314,-19.69816786457601
186.3025045826356,10.001579284668,3.41070938110352,3.3911655848596833,-19.54379624383673
187.3165285430216,10.001579284668,3.41119527816772,3.3918110129919072,-19.38426517581293
188.33066539722662,10.0019388198853,3.41200470924377,3.39246471652645,-19.539992717319876
189.3444196864836,10.001579284668,3.4124903678894,3.393115032278191,-19.375335611208744
190.3584514326506,10.001579284668,3.41330003738403,3.3937726469159704,-19.527390468059735
191.3737543844526,10.001579284668,3.41362380981445,3.3944352848442625,-19.188524970187526
192.38639813827461,10.001579284668,3.41427135467529,3.395100144489335,-19.171210185954912
193.40049854086962,10.001579284668,3.41491889953613,3.3957693726593248,-19.14952687680538
194.4143674934416,10.001579284668,3.41556668281555,3.3964416484218387,-19.12503439371127
195.4283818985516,10.001579284668,3.41605234146118,3.3971169395705068,-18.93540189067311
196.44235418966562,10.001579284668,3.41669988632202,3.397794878781719,-18.905007540301
197.4563378055526,10.001579284668,3.41734743118286,3.3984752236882754,-18.872207494584625
198.47160147455162,10.001579284668,3.41799521446228,3.399158533937213,-18.836680525066818
199.48430432952662,10.001579284668,3.41848087310791,3.399841953047797,-18.63892006011314
200.49828122132962,10.0012197494507,3.41880464553833,3.400524772316683,-18.279873221647147
201.5122857172646,10.0012197494507,3.41961407661438,3.401211621537305,-18.40245507707472
202.5262233262656,10.001579284668,3.4202618598938,3.4019023912093105,-18.359468684489677
203.54023419238362,10.001579284668,3.42074751853943,3.4025916547131807,-18.15586382624934
204.5541997594156,10.001579284668,3.42139506340027,3.403281932754068,-18.113130646201903
205.56951332819062,10.0019388198853,3.42204284667969,3.40397533569785,-18.06751098184023
206.5821793776576,10.001579284668,3.42236661911011,3.4046602504946164,-17.706368615493684
207.5961651169386,10.0012197494507,3.42301416397095,3.405345086245891,-17.66907772505899
208.61014590163163,10.001579284668,3.42366170883179,3.4060352531421123,-17.62645568967791
209.6241295175186,10.0012197494507,3.42398548126221,3.4067187276754107,-17.26675358679941
210.6381212730846,10.001579284668,3.42463326454163,3.407407425278534,-17.225839263096177
211.6521211683306,10.0019388198853,3.42544269561768,3.40809553094238,-17.34716467529962
212.66734909351862,10.001579284668,3.42592835426331,3.4087774526281667,-17.150901635143434
213.6800600881736,10.001579284668,3.42641425132751,3.40945713283348,-16.957118494030254
214.6940571522266,10.001579284668,3.42689990997314,3.4101332657449928,-16.76664422814733
215.70804678439762,10.001579284668,3.42754745483398,3.410806847430306,-16.740607403674
216.72202049110862,10.001579284668,3.42803311347961,3.4114780679503665,-16.555045529243362
217.7360072920876,10.001579284668,3.42851901054382,3.412146401251188,-16.372609292631957
218.7499686123296,10.001579284668,3.42900466918945,3.4128111672144823,-16.193501974967717
219.76543364992762,10.001579284668,3.4298141002655,3.413473397330892,-16.340702934607876
220.7779485844706,10.001579284668,3.43013787269592,3.4141297241119757,-16.008148583944504
221.7919399861376,10.0019388198853,3.43062376976013,3.4147856832355483,-15.83808652458174
222.80590413757162,10.0012197494507,3.43110942840576,3.415427776986255,-15.681651419504838
223.81990934130462,10.001579284668,3.4317569732666,3.4160729719035845,-15.684001363015287
224.8338812785206,10.001579284668,3.43224263191223,3.4167107292564833,-15.531902655746777
225.84787975816963,10.0019388198853,3.43272829055786,3.4173470852230503,-15.381205334809689
226.86312360881863,10.0012197494507,3.43321418762207,3.4179703493599156,-15.243838262154252
227.87583637296862,10.0019388198853,3.4336998462677,3.418597067905063,-15.102778362637181
228.8898175115616,10.001579284668,3.43402361869812,3.4192099203608555,-14.813698337264647
229.90380395864062,10.001579284668,3.43450927734375,3.419820315203599,-14.68896214015114
230.91780173049162,10.0019388198853,3.43515706062317,3.4204273943944226,-14.729666228747273
231.93176977481662,10.0012197494507,3.4356427192688,3.4210182179186144,-14.624501350185781
232.9457417120326,10.001579284668,3.43612837791443,3.421610754401851,-14.517623512579014
233.96098874777363,10.0019388198853,3.43661403656006,3.422199126806518,-14.41490975354176
234.97371035940162,10.001579284668,3.43677592277527,3.4227743650328506,-14.00155774241929
235.98817138519962,10.001579284668,3.43726181983948,3.423344984830371,-13.916835009109008
237.0020789127756,10.0012197494507,3.43774747848511,3.423905134370582,-13.842344114527894
238.01566297655663,10.001579284668,3.43839502334595,3.4244651558696706,-13.929867476279334
239.02964694634161,10.001579284668,3.43871879577637,3.425015009825445,-13.703785950924807
240.0436266693376,10.001579284668,3.439204454422,3.425556959424181,-13.647494997819365
241.0589267899466,10.001579284668,3.439528465271,3.4260923618821537,-13.436103388846377
242.0716069953786,10.0012197494507,3.43969035148621,3.4266162262017152,-13.074125284494809
243.08558211768562,10.001579284668,3.44033789634705,3.427139430482016,-13.198465865033704
244.0995692725636,10.0012197494507,3.44082355499268,3.427649434567812,-13.174120424867652
245.11354616436662,10.0019388198853,3.4411473274231,3.4281603566768473,-12.98697074625288
246.12753756603362,10.001579284668,3.4416332244873,3.428654021518382,-12.979202968917747
247.14151728902962,10.0012197494507,3.44195699691772,3.429139732565374,-12.817264352346314
248.1567632630736,10.001579284668,3.44244265556335,3.4296259080906926,-12.816747472657486
249.1694749655266,10.0019388198853,3.44276642799377,3.43010273175939,-12.663696234379795
250.1834663671936,10.001579284668,3.44309020042419,3.430566402806192,-12.523797617997712
251.19747086312762,10.001579284668,3.44341397285461,3.4310247263972036,-12.389246457406244
252.2114428003426,10.001579284668,3.44373798370361,3.431475226465345,-12.262757238265198
253.22541792265062,10.001579284668,3.44406175613403,3.431918564760695,-12.143191373334972
254.23940684702362,10.001579284668,3.44438552856445,3.4323539559310645,-12.031572633385501
255.2546301715236,10.001579284668,3.44470930099487,3.432781901682237,-11.927399312632758
256.26737974118265,10.0012197494507,3.44503307342529,3.4331978717600906,-11.835201665199246
257.28135521738864,10.001579284668,3.44535684585571,3.433612768924924,-11.74407693078594
258.29533352478865,10.001579284668,3.44584250450134,3.434018299372522,-11.82420512881821
259.30928741314966,10.001579284668,3.44600462913513,3.4344164047592582,-11.588224375871814
260.32329969486466,10.001579284668,3.44632840156555,3.4348063069426247,-11.522094622925305
261.33728543414566,10.001579284668,3.44665217399597,3.435188241809692,-11.463932186277948
262.35201896226465,10.0012197494507,3.44681406021118,3.4355595108631416,-11.254549348038267
263.36525868220264,10.001579284668,3.44729971885681,3.4359300512500552,-11.369667606754952
264.37923203501464,10.001579284668,3.44746160507202,3.436292140416676,-11.169464655344186
265.39329740159764,10.0019388198853,3.44778537750244,3.436649410559638,-11.135966942802167
266.3934612568896,10.0019388198853,3.44794726371765,3.436991472145176,-10.955791572473839
267.40557557763066,10.0019388198853,3.44843316078186,3.4373296517992875,-11.103508982572396
268.41958184305963,10.0012197494507,3.44859504699707,3.437655330115387,-10.939716881682937
269.43354882568764,10.001579284668,3.44891881942749,3.437983028334249,-10.93579109324061
270.4339699656396,10.001579284668,3.44924259185791,3.438297002790273,-10.945589067637318
271.44591618429865,10.0012197494507,3.44940447807312,3.4386056318055296,-10.798846267590534
272.45987431944764,10.0019388198853,3.44989013671875,3.438918195771632,-10.971940947118064
273.47388058487763,10.001579284668,3.44989013671875,3.439215030195849,-10.675106522901157
274.48784509021164,10.001579284668,3.45005202293396,3.4395062146744704,-10.545808259489586
275.50184675495365,10.001579284668,3.45021390914917,3.439792095507363,-10.421813641806832
276.51582364675664,10.001579284668,3.45053791999817,3.4400719125383676,-10.466007459802196
277.5310943937386,10.001579284668,3.45086169242859,3.440346148958269,-10.51554347032102
278.54378273884964,10.0019388198853,3.45118546485901,3.440616408008707,-10.56905685030296
279.55778298799464,10.001579284668,3.45118546485901,3.4408751162689675,-10.31034859004265
280.57174253874064,10.001579284668,3.45134735107422,3.441130748741319,-10.216602332901115
281.58574809637264,10.001579284668,3.45150923728943,3.441380827893624,-10.12840939580606
282.59971083221063,10.0019388198853,3.45183300971985,3.4416291514638377,-10.203858256012222
283.61371037355764,10.001579284668,3.45215678215027,3.4418651818870276,-10.291600263242273
284.6289177725976,10.001579284668,3.45231866836548,3.442097371310207,-10.22129705527286
285.64170981015064,10.001579284668,3.45248079299927,3.442324562398292,-10.1562306009777
286.65563963337064,10.001579284668,3.45248079299927,3.442547660546778,-9.933132452491833
287.66964589880064,10.0019388198853,3.4529664516449,3.442769494845119,-10.196956799781276
288.68358173830563,10.001579284668,3.4529664516449,3.442978742062277,-9.987709582623072
289.69760852988463,10.001579284668,3.45329022407532,3.4431845066638096,-10.10571741151045
290.71158259049463,10.0012197494507,3.45345211029053,3.443382337287083,-10.069773003447136
291.72686537004665,10.0012197494507,3.45345211029053,3.443580313181447,-9.871797109083147
292.73952858832064,10.001579284668,3.45393776893616,3.443777353654037,-10.160415282122859
293.75353839274163,10.001579284668,3.45409965515137,3.443967090415565,-10.132564735804817
294.76752554761964,10.001579284668,3.45409965515137,3.44415032613434,-9.949329017029829
295.78157711213663,10.0012197494507,3.45426154136658,3.4443264032334797,-9.935138133100097
296.79547543833564,10.001579284668,3.45458555221558,3.4445045717755822,-10.080980439997944
297.80948418105964,10.0012197494507,3.45474743843079,3.444672100943186,-10.075337487604141
298.82468237872166,10.001579284668,3.45474743843079,3.444842218488884,-9.905219941906296
299.83746556879663,10.001579284668,3.45507121086121,3.4450058443633544,-10.06536649785561
300.8513982232096,10.001579284668,3.45523309707642,3.445164630454442,-10.068466621977912
301.86542006020164,10.001579284668,3.45539498329163,3.4453195567226715,-10.075426568958434
302.87937288686464,10.001579284668,3.45555686950684,3.445470956926664,-10.085912580175993
303.89338481468064,10.0019388198853,3.45588064193726,3.4456221930623077,-10.258448874952197
304.90736029088663,10.0012197494507,3.45571875572205,3.4457602725199905,-9.958483202059387
305.92264342433765,10.001579284668,3.45604252815247,3.4459021388713373,-10.140389281132478
306.93533318504564,10.001579284668,3.45620441436768,3.4460388937564086,-10.165520611271184
307.94931927822563,10.001579284668,3.45636630058289,3.4461730658494636,-10.193234733426593
308.96327422828364,10.001579284668,3.45669007301331,3.4463039796863564,-10.386093326953727
309.9772847405026,10.001579284668,3.45669007301331,3.4464310036001757,-10.25906941313437
310.99162579449967,10.001579284668,3.4570140838623,3.446554646311051,-10.459437551249007
312.0052438325956,10.001579284668,3.45717597007751,3.4466750133636403,-10.500956713869858
313.02051634907366,10.0012197494507,3.45717597007751,3.4467900146253125,-10.38595545219767
314.03320398638664,10.001579284668,3.45749974250793,3.4469085200966596,-10.591222411270529
315.04717167681264,10.0019388198853,3.45766162872314,3.4470250970465517,-10.636531676588401
316.06118041953664,10.001579284668,3.45782351493835,3.4471313670333736,-10.692147904976412
317.07513360009864,10.001579284668,3.45782351493835,3.4472368871998076,-10.586627738542465
318.0893461887146,10.001579284668,3.45814728736877,3.4473410068705377,-10.80628049823229
319.10313055939764,10.001579284668,3.45830917358398,3.4474425794355352,-10.866594148444708
320.11837122495365,10.0012197494507,3.45830917358398,3.447538555537064,-10.770618046915814
321.13107337213063,10.001579284668,3.4586329460144,3.447637477194179,-10.995468820220733
322.1450973325166,10.001579284668,3.45879483222961,3.4477322017348695,-11.062630494740322
323.15904378899563,10.001579284668,3.45911884307861,3.4478247677777643,-11.294075300845918
324.17304120694763,10.001579284668,3.45911884307861,3.4479142665919906,-11.204576486619544
325.1870340242106,10.0019388198853,3.45944261550903,3.4480046422662323,-11.437973242797828
326.2010130394086,10.001579284668,3.45944261550903,3.4480874298987803,-11.35518561024984
327.21625122767165,10.001579284668,3.45976638793945,3.4481709564513356,-11.595431488114372
328.2289983200366,10.0019388198853,3.45992827415466,3.448254518504514,-11.673755650146056
329.24294902330564,10.0012197494507,3.46009016036987,3.448326106583375,-11.764053786495143
330.2569478568536,10.001579284668,3.46025204658508,3.448406258572106,-11.84578801297409
331.2709219174636,10.001579284668,3.46025204658508,3.4484832019423677,-11.768844642712217
332.2849200432136,10.0012197494507,3.46025204658508,3.4485528562798686,-11.699190305211271
333.2988813634556,10.001579284668,3.4605758190155,3.448627161008511,-11.948658006988744
334.31414290906065,10.0012197494507,3.46089959144592,3.4486953444233013,-12.204247022618908
335.3268719525706,10.001579284668,3.46106147766113,3.4487673481478933,-12.294129513236829
336.34084212029063,10.001579284668,3.46122360229492,3.4488339505711436,-12.389651723776485
337.3548441389306,10.001579284668,3.46138548851013,3.4488985434655857,-12.486945044544395
338.36881289105463,10.001579284668,3.46170926094055,3.448962054248587,-12.747206691963164
339.38272678881464,10.0019388198853,3.46170926094055,3.449028472227252,-12.680788713297808
340.39700201757466,10.001579284668,3.46203303337097,3.4490856285007325,-12.947404870237378
341.41144959520665,10.001579284668,3.46219491958618,3.4491441974191672,-13.05072216701264
342.42474487730664,10.001579284668,3.46235680580139,3.449201511000457,-13.155294800932804
343.43873026268864,10.0012197494507,3.4625186920166,3.4492546093057985,-13.264082710801262
344.45284906803766,10.001579284668,3.46268057823181,3.44931324820841,-13.367330023400292
345.4666999717546,10.001579284668,3.46284246444702,3.4493675012853924,-13.474963161627773
346.4806772174566,10.001579284668,3.46300435066223,3.4494199553947054,-13.584395267524751
347.4946555248566,10.001579284668,3.46316623687744,3.449470771895683,-13.695464981756889
348.50993441151866,10.0012197494507,3.46349024772644,3.449518038316512,-13.972209409927938
349.5226206332346,10.001579284668,3.46365213394165,3.4495699650916305,-14.08216885001945
350.5366127426996,10.001579284668,3.46381402015686,3.4496179179911746,-14.196102165685343
351.5505800792266,10.001579284668,3.46413779258728,3.449664676367171,-14.473116220108828
352.5645884680516,10.001579284668,3.46413779258728,3.449710204267595,-14.427588319684936
353.5785508499906,10.001579284668,3.46413779258728,3.4497543326063096,-14.383459980970237
354.5925383587676,10.0012197494507,3.46462345123291,3.4497944019213715,-14.829049311538611
355.60778928739865,10.001579284668,3.46478533744812,3.4498402371237,-14.945100324420313
356.6205137302196,10.001579284668,3.46494722366333,3.449882566987068,-15.064656676262
357.6345125637686,10.001579284668,3.46510910987854,3.449923775191315,-15.185334687224827
358.64860022599566,10.001579284668,3.46527099609375,3.449963896258446,-15.307099835303983
359.66246422397967,10.001579284668,3.46543288230896,3.4500030087560893,-15.429873552870621
360.67644960936167,10.001579284668,3.46543288230896,3.4500411353652134,-15.391746943746565
361.6904282706606,10.001579284668,3.46575689315796,3.450078342801199,-15.678550356760912
362.70574290113365,10.001579284668,3.46591877937317,3.4501149318889337,-15.803847484236133
363.7183905478456,10.001579284668,3.46624255180359,3.4501506420207115,-16.091909782878666
364.7323837190086,10.0012197494507,3.46624255180359,3.450183119982995,-16.059431820595105
365.7463514094346,10.0019388198853,3.46656632423401,3.450223851819005,-16.342472415005194
366.7603406877066,10.001579284668,3.4664044380188,3.4502551647588025,-16.14927325999771
367.77433916735663,10.001579284668,3.46672821044922,3.4502882652728233,-16.439945176396797
368.7883174747556,10.0019388198853,3.46705198287964,3.450323168788652,-16.72881409098803
369.80358751393965,10.001579284668,3.46721386909485,3.4503512743805675,-16.86259471428242
370.8162762129496,10.001579284668,3.46737575531006,3.4503810373937105,-16.994717916349433
371.8302573515426,10.001579284668,3.46753764152527,3.4504103559276857,-17.12728559758414
372.84424769151167,10.0012197494507,3.46786165237427,3.4504362834928637,-17.42536888140611
373.85823661588563,10.0012197494507,3.46786165237427,3.450465161734515,-17.39649063975479
374.8722120920916,10.001579284668,3.46802353858948,3.450497299422389,-17.526239167091173
375.8862027859606,10.0012197494507,3.4683473110199,3.450523642325621,-17.823668694278982
376.90145442239066,10.0012197494507,3.4683473110199,3.450551803576818,-17.795507443082226
377.91416364754963,10.001579284668,3.46867108345032,3.4505815717764,-18.089511673919922
378.92815186412463,10.001579284668,3.46867108345032,3.450608629181023,-18.062454269296868
379.94213087932167,10.0019388198853,3.46915674209595,3.450638217393416,-18.518524702534123
380.9561063555286,10.001579284668,3.46915674209595,3.4506612057548005,-18.49553634114942
381.9700882019196,10.0019388198853,3.46931862831116,3.4506891199224086,-18.629508388751326
382.98444730477064,10.001579284668,3.46948051452637,3.4507106065337054,-18.769907992664425
383.9997488409766,10.001579284668,3.46964240074158,3.4507343696138943,-18.908031127685465
385.0120510821486,10.0019388198853,3.46996641159058,3.4507604122178943,-19.205999372685856
386.0260276200526,10.001579284668,3.47012829780579,3.4507805087769787,-19.347789028811402
387.04000840474566,10.001579284668,3.47012829780579,3.450803295590173,-19.325002215617282
388.05399379012766,10.001579284668,3.47061395645142,3.4508259487877675,-19.788007663652518
389.0679869612906,10.001579284668,3.47061395645142,3.4508485951607297,-19.765361290690286
390.08195854460666,10.001579284668,3.47061395645142,3.4508706328498793,-19.74332360154074
391.09721619732164,10.0012197494507,3.47077584266663,3.450889118209232,-19.88672445739814
392.1116198914626,10.001579284668,3.47093772888184,3.4509128070620103,-20.024921819829622
393.1239214248366,10.0012197494507,3.47126150131226,3.4509303316028808,-20.331169709379093
394.13789690104267,10.0012197494507,3.47142338752747,3.45095060482392,-20.472782703549797
395.15188511761767,10.001579284668,3.47158527374268,3.450974359779998,-20.610913962681998
396.1658524541446,10.001579284668,3.47174715995789,3.45099544284426,-20.751717113629997
397.1798488103996,10.001579284668,3.4719090461731,3.4510160960119087,-20.892950161191415
398.19510610921463,10.0019388198853,3.47207117080688,3.451039476124773,-21.03169468210675
399.2078167499706,10.001579284668,3.47223305702209,3.4510561817550847,-21.17687526700518
400.2217957651686,10.001579284668,3.4723949432373,3.4510748840988836,-21.32005913841617
401.2357761959626,10.001579284668,3.47255682945251,3.4510930612349893,-21.46376821752094
402.24975627285767,10.001579284668,3.47288060188293,3.4511111864280903,-21.76941545483979
403.2637434277356,10.0012197494507,3.47288060188293,3.451126459225646,-21.75414265728426
404.2777284592186,10.001579284668,3.47320437431335,3.4511476759266912,-22.056698386658802
405.29297797225263,10.0012197494507,3.47304248809814,3.451163562286901,-21.87892581123929
406.30568578181567,10.001579284668,3.47336626052856,3.451185307106023,-22.18095342253701
407.31967824517966,10.001579284668,3.47352814674377,3.4512044482161777,-22.323698527592306
408.3335578147256,10.001579284668,3.47385191917419,3.451223467136928,-22.628452037261937
409.34758885309367,10.0019388198853,3.47385191917419,3.451244817898914,-22.607101275275987
410.3615703455856,10.001579284668,3.47385191917419,3.451259874595995,-22.59204457819486
411.37554865298563,10.001579284668,3.47417593002319,3.4512773920427517,-22.89853798043806
412.39055822241767,10.001579284668,3.4743378162384,3.451294394760387,-23.043421478013304
413.40348651113067,10.0012197494507,3.47449970245361,3.4513090188032978,-23.190683650312405
414.4175214423896,10.0012197494507,3.47466158866882,3.451326640439353,-23.334948229467134
415.4314494961146,10.001579284668,3.47482347488403,3.4513476816522406,-23.4757932317895
416.4454656707196,10.0019388198853,3.47514724731445,3.4513692653599195,-23.777981954530514
417.4593816918746,10.0012197494507,3.47514724731445,3.4513822860104035,-23.764961304046484
418.4733876034056,10.001579284668,3.47530913352966,3.4514036072995675,-23.905526230092455
419.4882163303876,10.001579284668,3.47547101974487,3.451422015259677,-24.04900448519287
420.5013449260026,10.001579284668,3.47579479217529,3.4514405020784626,-24.354290096827214
421.5153706558846,10.001579284668,3.47563290596008,3.4514590421677176,-24.173863792362305
422.52929623231563,10.001579284668,3.4759566783905,3.451477930191055,-24.478748199444844
423.54333187137166,10.001579284668,3.4759566783905,3.451497072905127,-24.459605485372737
424.55740219254267,10.001579284668,3.47628045082092,3.4515164306271884,-24.764020193731806
425.5712573430486,10.001579284668,3.47644257545471,3.4515359721883843,-24.906603266325877
426.58613844710067,10.001579284668,3.47660446166992,3.4515557132854426,-25.04874838447746
427.59929181565366,10.001579284668,3.47660446166992,3.4515755846164904,-25.02887705342971
428.6132457040146,10.0012197494507,3.47676634788513,3.451592789842401,-25.173558042729027
429.6271981767786,10.0019388198853,3.47709012031555,3.451619354760566,-25.470765554984176
430.64116763669966,10.001579284668,3.47709012031555,3.451637817690985,-25.452302624564993
431.6551958438756,10.001579284668,3.47725200653076,3.4516597525561203,-25.5922539746396
432.6691578719156,10.0012197494507,3.47725200653076,3.451679420611418,-25.57258591934186
433.6832136832226,10.0012197494507,3.47741389274597,3.4517024334358064,-25.711459310163498
434.6971215646976,10.001579284668,3.47773766517639,3.4517289254472874,-26.008739729102448
435.7111635739386,10.001579284668,3.4778995513916,3.45175318258689,-26.146368804709663
436.7250746405056,10.001579284668,3.47806143760681,3.451777985369439,-26.283452237371385
437.7390547174006,10.001579284668,3.47822332382202,3.4518031229043014,-26.420200917718795
438.75309743443967,10.001579284668,3.47822332382202,3.4518287039034745,-26.394619918545636
439.76709556018966,10.001579284668,3.47854733467102,3.4518547018637187,-26.692632807301386
440.7818230720246,10.0012197494507,3.47838521003723,3.4518787075803727,-26.506502456857373
441.79505040549367,10.0012197494507,3.47854733467102,3.4519068733134404,-26.640461357579692
442.8090764892746,10.001579284668,3.47887110710144,3.4519390933271854,-26.93201377425458
443.82304948818665,10.0019388198853,3.47903299331665,3.451972594583622,-27.060398733028013
444.83701717861265,10.001579284668,3.47919487953186,3.452000665198944,-27.194214332916022
445.85098203784565,10.0019388198853,3.47935676574707,3.452034453632395,-27.32231211467484
446.8649200007466,10.0012197494507,3.47919487953186,3.4520598301608487,-27.13504937101119
447.8797214774966,10.001579284668,3.47951865196228,3.452094179748317,-27.424472213962936
448.89296898321567,10.0019388198853,3.47968053817749,3.452130141428791,-27.55039674869897
449.90685421514667,10.0019388198853,3.4798424243927,3.452164394640318,-27.678029752382205
450.92089126979965,10.0012197494507,3.4798424243927,3.4521941898196076,-27.648234573092623
451.93488691825667,10.001579284668,3.48016619682312,3.452233995033587,-27.93220178953293
452.9488482384986,10.001579284668,3.48032808303833,3.452272458506965,-28.05562453136501
453.96286193580966,10.0019388198853,3.48032808303833,3.452315469908834,-28.01261312949599
454.97766305866065,10.001579284668,3.48048996925354,3.4523528499975584,-28.137119255981613
455.9914711405846,10.001579284668,3.48065185546875,3.4523933755924605,-28.25847987628949
457.00500282729564,10.001579284668,3.48081398010254,3.4524340381558845,-28.379941946655496
458.01899529066065,10.001579284668,3.48081398010254,3.452476242657068,-28.337737445471856
459.03282142143865,10.001579284668,3.48097586631775,3.4525200756221732,-28.455790695576688
460.04673213410666,10.001579284668,3.48113775253296,3.452565481361069,-28.572271171890762
461.0606605417306,10.0012197494507,3.48113775253296,3.4526091477098704,-28.5286048230895
462.07555474004965,10.001579284668,3.48146152496338,3.4526599961150373,-28.801528848342528
463.08869076754667,10.0019388198853,3.48162341117859,3.4527118566283197,-28.911554550270502
464.10262129856466,10.001579284668,3.4817852973938,3.4527584581434687,-29.02683925033145
465.11660597614866,10.0012197494507,3.4817852973938,3.4528055313513306,-28.979766042469546
466.13059525442065,10.0019388198853,3.48227095603943,3.4528630315815385,-29.407924457891532
467.14470910518367,10.001579284668,3.48227095603943,3.452913714459526,-29.35724157990416
468.15858902862766,10.001579284668,3.48243284225464,3.452969030283053,-29.463811971587095
469.17341634001366,10.001579284668,3.48259472846985,3.453025822091325,-29.56890637852494
470.18664579687766,10.001579284668,3.48259472846985,3.4530841471021576,-29.510581367692357
471.2005317366076,10.001579284668,3.48291873931885,3.453143521442085,-29.77521787676496
472.21452773896266,10.001579284668,3.48291873931885,3.4532039233986667,-29.714815920183213
473.2285205562266,10.001579284668,3.48308062553406,3.4532654131432037,-29.81521239085616
474.24252434436266,10.001579284668,3.48324251174927,3.4533279340864884,-29.914577662781383
475.25650159006466,10.0012197494507,3.48324251174927,3.4533891619201653,-29.85334982910448
476.27123334868867,10.0019388198853,3.48356628417969,3.4534616119715933,-30.104672208096872
477.28443767871465,10.0019388198853,3.4837281703949,3.4535305592079024,-30.197611186997708
478.29849596731566,10.0012197494507,3.4837281703949,3.453594896457944,-30.133273936955973
479.31238119924666,10.0019388198853,3.48389005661011,3.4536720670872043,-30.217989522905775
480.32646921537366,10.0012197494507,3.48389005661011,3.4537381628301658,-30.151893779944317
481.34032259638366,10.0012197494507,3.48405194282532,3.4538107601779466,-30.24118264737341
482.35436708291866,10.001579284668,3.48437571525574,3.4538891060062578,-30.48660924948221
483.36912290668266,10.0019388198853,3.48437571525574,3.4539708355552463,-30.40487970049366
484.38238598396265,10.001579284668,3.48453760147095,3.4540482360656775,-30.489365405272473
485.3967709214496,10.0019388198853,3.48469948768616,3.45413246114001,-30.567026546149734
486.41035003064366,10.0012197494507,3.48486137390137,3.4542089110949563,-30.65246280641354
487.42445220273464,10.0012197494507,3.48486137390137,3.454292084803783,-30.56928909758705
488.43827585621966,10.001579284668,3.48518538475037,3.454382159048783,-30.803225701587333
489.45229698541266,10.001579284668,3.48518538475037,3.4544722332561393,-30.713151494230928
490.46709598486865,10.001579284668,3.48534727096558,3.4545633966920426,-30.78387427353757
491.48050026789764,10.0012197494507,3.48550915718079,3.454653815184653,-30.855341996137042
492.49416820576965,10.0019388198853,3.48550915718079,3.454755823296353,-30.75333388443724
493.5084430806306,10.001579284668,3.485671043396,3.4548507823886543,-30.820261007345806
494.52223205200164,10.0012197494507,3.485671043396,3.4549475134640746,-30.72352993192551
495.53625884358064,10.001579284668,3.48599481582642,3.4550527482437956,-30.94206758262441
496.55018406611265,10.001579284668,3.48599481582642,3.455157998805437,-30.836817020983176
497.5654682612616,10.001579284668,3.48615670204163,3.455266609774852,-30.89009226677808
498.57810352150466,10.001579284668,3.48631858825684,3.4553775032570058,-30.941084999834167
499.59212111170666,10.001579284668,3.48648047447205,3.455491264329988,-30.989210142061907
500.60605588951466,10.001579284668,3.48664236068726,3.4556078199334066,-31.034540753853257
501.62002393383966,10.001579284668,3.48664236068726,3.455727315743213,-30.915044944046954
502.63399622495365,10.001579284668,3.48680424690247,3.4558498756674467,-30.954371235023093
503.64798656492366,10.0019388198853,3.48712801933289,3.4559799132413467,-31.148106091543504
504.66282661667765,10.0019388198853,3.48745203018188,3.456111200479963,-31.340829701917094
505.67596229027566,10.001579284668,3.48729014396667,3.4562404231724946,-31.04972079417534
506.68999049745065,10.001579284668,3.48729014396667,3.456376547526291,-30.913596440378832
507.70387466768466,10.001579284668,3.48745203018188,3.4565179780502424,-30.93405213163747
508.71785297508467,10.0012197494507,3.48761391639709,3.4566590765374743,-30.954839859615557
509.73184260725566,10.001579284668,3.4877758026123,3.4568118673690695,-30.963935243230267
510.74586939883466,10.001579284668,3.4877758026123,3.4569675800479063,-30.808222564393528
511.76071865196565,10.001579284668,3.48809957504272,3.4571277065143646,-30.97186852835554
512.7738829913916,10.001579284668,3.48826146125793,3.4572911589332187,-30.97030232471143
513.7878375875506,10.0012197494507,3.48826146125793,3.457456717335187,-30.80474392274324
514.8017950149026,10.001579284668,3.48842334747314,3.4576347773247442,-30.788570148395866
515.8158087122135,10.001579284668,3.48858523368835,3.457817135339285,-30.76809834906502
516.8297357042405,10.001579284668,3.48874711990356,3.458004266726129,-30.742853177430973
517.8437426774695,10.0012197494507,3.48874711990356,3.458194445857927,-30.55267404563322
518.8585721122496,10.001579284668,3.48907089233398,3.4583984899910605,-30.672402342919458
519.8717074319486,10.0019388198853,3.48923277854919,3.4586107670552892,-30.622011493900647
520.8857441327026,10.001579284668,3.48923277854919,3.458822300722384,-30.41047782680595
521.8997079302386,10.0012197494507,3.4893946647644,3.4590413556426074,-30.35330912179246
522.9136515555235,10.001579284668,3.48955678939819,3.4592759018206136,-30.280887577576188
523.9276436649895,10.001579284668,3.4897186756134,3.4595181672049677,-30.20050840843247
524.9416824891385,10.001579284668,3.4897186756134,3.4597690691512715,-29.94960646212874
525.9564425596916,10.0019388198853,3.49004244804382,3.460031247781078,-30.011200262741955
526.9695690319115,10.001579284668,3.49020433425903,3.4602963717373796,-29.90796252165051
527.9840541228496,10.0012197494507,3.49020433425903,3.460572637713539,-29.63169654549125
528.9976597744776,10.001579284668,3.49036622047424,3.4608665612552074,-29.499659219032637
530.0115938444866,10.0012197494507,3.49052810668945,3.461166516301105,-29.36159038834507
531.0256001099166,10.001579284668,3.49068999290466,3.4614840192581124,-29.205973646547534
532.0395324104315,10.0019388198853,3.49085187911987,3.461814464053461,-29.037415066409
533.0543073447476,10.001579284668,3.49101376533508,3.46215017483241,-28.863590502669734
534.0674734536695,10.001579284668,3.49117565155029,3.462501200977584,-28.6744505727059
535.0815108622215,10.0019388198853,3.4913375377655,3.4628695145543897,-28.468023211110083
536.0955004943926,10.001579284668,3.4913375377655,3.4632447608510586,-28.09277691444123
537.1094791556916,10.0012197494507,3.49149942398071,3.46363167112167,-27.86775285903964
538.1234861289196,10.001579284668,3.4916615486145,3.4640403210004838,-27.62122761401642
539.1374516959515,10.0019388198853,3.49182343482971,3.4644642132883607,-27.3592215413494
540.1522213217805,10.0008592605591,3.49182343482971,3.4648841347020265,-26.93930012768364
541.1653991093735,10.001579284668,3.49198532104492,3.4653369182672624,-26.648402777657676
542.1794096215926,10.001579284668,3.49230909347534,3.4657958134778664,-26.51327999747366
543.1933192725636,10.001579284668,3.49230909347534,3.4662676116120026,-26.041481863337435
544.2073711909795,10.001579284668,3.49247097969055,3.4667519544166736,-25.719025273876372
545.2221758528216,10.001579284668,3.49263286590576,3.4672486636115476,-25.384202294212344
546.2352591493495,10.001579284668,3.49279475212097,3.467756438824772,-25.038313296197767
547.2492824019375,10.0019388198853,3.49295663833618,3.4682793956313436,-24.67724270483629
548.2632380597936,10.001579284668,3.49311852455139,3.4688045869861193,-24.31393756527056
549.2772368933425,10.0012197494507,3.4932804107666,3.469339034994462,-23.94137577213762
550.2912845649686,10.0019388198853,3.49344229698181,3.469893488893841,-23.54880808796933
551.3052087258036,10.001579284668,3.49344229698181,3.4704453143587846,-22.99698262302563
552.3200098486545,10.001579284668,3.49360418319702,3.471007171400848,-22.59701179617224
553.3332014383126,10.001579284668,3.49376606941223,3.4715742582627223,-22.191811149507856
554.3471507259845,10.001579284668,3.49392819404602,3.472147161184123,-21.78103286189703
555.3611506212305,10.001579284668,3.49409008026123,3.4727239468116866,-21.366133449543412
556.3751122953715,10.001579284668,3.49425196647644,3.473303230452522,-20.948736023918002
557.3891748307616,10.001579284668,3.49441385269165,3.4738843787804687,-20.529473911181206
558.4031400438936,10.001579284668,3.49457573890686,3.474466326467947,-20.109412438912955
559.4170521721576,10.001579284668,3.49473762512207,3.4750481126819825,-19.68951244008732
560.4310467589166,10.001579284668,3.49473762512207,3.475628862380361,-19.10876274170903
561.4451043397196,10.0019388198853,3.49489951133728,3.4762099060128846,-18.68960532439523
562.4590267310585,10.001579284668,3.4952232837677,3.4767809555805287,-18.44232818717151
563.4738112206505,10.001579284668,3.49538516998291,3.4773507632214353,-18.03440676147483
564.4869649431035,10.001579284668,3.49554705619812,3.477915066350348,-17.631989847771923
565.5010104913356,10.001579284668,3.49570894241333,3.4784738794368093,-17.235062976520776
566.5150567473656,10.0019388198853,3.49570894241333,3.4790276088583196,-16.681333555010447
567.5290297462786,10.0012197494507,3.49587082862854,3.4795641791440266,-16.306649484513436
568.5430183167526,10.001579284668,3.49603295326233,3.4801020528694835,-15.930900392846503
569.5569803447926,10.001579284668,3.49619483947754,3.4806287588710316,-15.566080606508326
570.5722553385646,10.001579284668,3.49635672569275,3.4811459604666655,-15.210765226084444
571.5849808430826,10.0019388198853,3.49651861190796,3.481654080547174,-14.864531360785804
572.5989457023156,10.0019388198853,3.49668049812317,3.4821485009501316,-14.531997173038214
573.6129225941186,10.0019388198853,3.49684238433838,3.4826307078147334,-14.21167652364641
574.6269097489966,10.0012197494507,3.49684238433838,3.4830948139644304,-13.747570373949358
575.6409216768126,10.001579284668,3.49700427055359,3.4835549074940033,-13.449363059586883
576.6548861821466,10.001579284668,3.4971661567688,3.4840010162474333,-13.165140521366858
577.6701073832515,10.001579284668,3.49732804298401,3.484435870399976,-12.892172584034078
578.6828565990115,10.0012197494507,3.49748992919922,3.48485264520408,-12.63728399514008
579.6968246433366,10.001579284668,3.49781370162964,3.4852624963798884,-12.551205249751618
580.7108234768846,10.0019388198853,3.49797558784485,3.4856615627617678,-12.314025083082214
581.7247908134116,10.0019388198853,3.49797558784485,3.4860442614692504,-11.931326375599571
582.7387822150786,10.001579284668,3.49813771247864,3.4864096232200077,-11.728089258632224
583.7527552139916,10.0012197494507,3.49829959869385,3.4867633484383256,-11.536250255524294
584.7680330389555,10.0019388198853,3.49862337112427,3.487114036414596,-11.509334709673968
585.7807486342996,10.001579284668,3.49862337112427,3.4874423870136453,-11.180984110624514
586.7947234027076,10.0019388198853,3.49878525733948,3.4877644583191056,-11.020799020374561
587.8086879080416,10.0012197494507,3.49894714355469,3.4880657861910933,-10.881357363596855
588.8226892188836,10.001579284668,3.4991090297699,3.48836532212763,-10.743707642270284
589.8388896588516,10.0012197494507,3.49927091598511,3.4886488353915466,-10.62208059356351
590.8506610513456,10.0019388198853,3.49959468841553,3.488928879124119,-10.665809291411144
591.8658889765336,10.0019388198853,3.49959468841553,3.4891922300029417,-10.402458412588356
592.8786102342626,10.001579284668,3.49975657463074,3.4894404993881243,-10.316075242615685
593.8925910189566,10.0012197494507,3.49991846084595,3.4896788475621707,-10.239613283779203
594.9065859596146,10.001579284668,3.50024223327637,3.489914833468599,-10.327399807770643
595.9205628514176,10.001579284668,3.50040435791016,3.4901401840601944,-10.264173849965363
596.9345482367996,10.001579284668,3.50056624412537,3.490353976611132,-10.212267514238427
597.9485265441996,10.001579284668,3.50056624412537,3.4905593987103822,-10.006845414987975
598.9637856125106,10.001579284668,3.50072813034058,3.4907574508631285,-9.970679477451672
599.9765001461566,10.001579284668,3.50121378898621,3.4909469328779132,-10.266856108296807
600.9911006082066,10.0019388198853,3.50121378898621,3.491132007639322,-10.081781346888086
602.0044645467356,10.001579284668,3.50137567520142,3.491303852405444,-10.071822795976182
603.0184531172106,10.0019388198853,3.50169944763184,3.4914748930271555,-10.22455460468441
604.0324289473156,10.0019388198853,3.50169944763184,3.491635154834868,-10.064292796971852
605.0464132710006,10.001579284668,3.50186133384705,3.4917857997926363,-10.075534054413637
606.0617197617936,10.001579284668,3.50186133384705,3.491933872524123,-9.927461322926767
607.0743971360316,10.001579284668,3.50218510627747,3.492076298300486,-10.108807976983769
608.0883697810456,10.0019388198853,3.50250911712646,3.492216175093721,-10.292942032739116
609.1023477345466,10.001579284668,3.50267100334167,3.4923447008421187,-10.326302499551243
610.1163263958446,10.001579284668,3.50267100334167,3.4924707596118147,-10.200243729855174
611.1303227520996,10.001579284668,3.50283288955688,3.4925923997242,-10.240489832679778
612.1442943354156,10.001579284668,3.5031566619873,3.4927102035770607,-10.446458410239057
613.1595799461605,10.0019388198853,3.5031566619873,3.4928274408871784,-10.329221100121355
614.1722721841626,10.0019388198853,3.50348043441772,3.4929357787901805,-10.5446556275397
615.1862522610576,10.0012197494507,3.50364232063293,3.4930337900500996,-10.608530582830511
616.2002344613476,10.001579284668,3.50380420684814,3.4931374956205548,-10.666711227585335
617.2142276325096,10.001579284668,3.50396609306335,3.493236109245514,-10.729983817836075
618.2284094319026,10.001579284668,3.50412797927856,3.493331110415878,-10.79686886268183
619.2421870785016,10.001579284668,3.50445175170898,3.493422213396692,-11.029538312287812
620.2574217277736,10.001579284668,3.50445175170898,3.493510869161232,-10.940882547747943
621.2701539563756,10.001579284668,3.50461363792419,3.4935965772695003,-11.017060654689548
622.2841439424466,10.001579284668,3.50461363792419,3.493679754407846,-10.933883516343723
623.2917085361136,10.001579284668,3.50493764877319,3.493760084529941,-11.177564243249005
624.2977655195335,10.0019388198853,3.50526142120361,3.4938418545194576,-11.41956668415256
625.3104963325396,10.001579284668,3.50542330741882,3.493915497245301,-11.507810173519317
626.3244590683776,10.0019388198853,3.50558519363403,3.493991663892531,-11.593529741499076
627.3384579019266,10.0019388198853,3.50574707984924,3.494064566512166,-11.682513337074152
628.3524386866196,10.0019388198853,3.50607085227966,3.4941346843131194,-11.936167966540623
629.3664254875986,10.001579284668,3.50607085227966,3.4941994174793742,-11.87143480028574
630.3805099647336,10.001579284668,3.50639462471008,3.4942655647296292,-12.129059980450663
631.3957513380885,10.001579284668,3.50639462471008,3.4943309970190333,-12.06362769104663
632.3967029728196,10.001579284668,3.50688052177429,3.4943946595040436,-12.485862270246617
633.4067335355476,10.0019388198853,3.50688052177429,3.494460287265082,-12.42023450920815
634.4207383853806,10.001579284668,3.5070424079895,3.4945177441588933,-12.524663830606908
635.4359719729556,10.0019388198853,3.50720429420471,3.4945810981061043,-12.623196098605849
636.4487194192186,10.001579284668,3.50736618041992,3.4946373211805115,-12.728859239408585
637.4626651678996,10.001579284668,3.50752806663513,3.49469367730382,-12.834389331310092
638.4766724950276,10.001579284668,3.50785183906555,3.4947509938306762,-13.10084523487376
639.4906150586156,10.001579284668,3.50785183906555,3.4948071800348885,-13.044659030661432
640.5046344183136,10.001579284668,3.50817561149597,3.494861812341218,-13.313799154751838
641.5185989236476,10.001579284668,3.50833749771118,3.494915982189333,-13.421515521846672
642.5338710862255,10.0012197494507,3.50849938392639,3.4949653003576326,-13.534083568757183
643.5465661554196,10.001579284668,3.5086612701416,3.495021659308901,-13.639610832698601
644.5605678201616,10.001579284668,3.50898504257202,3.4950747883070576,-13.910254264962507
645.5745326793946,10.001579284668,3.50914716720581,3.495125984898658,-14.021182307152102
646.5885325746406,10.0019388198853,3.50947093963623,3.4951813023619556,-14.289637274274458
647.6024977877726,10.0019388198853,3.50963282585144,3.495232010374069,-14.400815477371154
648.6165036993036,10.001579284668,3.50979471206665,3.49527767755086,-14.517034515789895
649.6317121600406,10.001579284668,3.50995659828186,3.4953271867320796,-14.629411549780258
650.6446616827016,10.001579284668,3.51028037071228,3.4953766547796277,-14.903715932652162
651.6584304818226,10.001579284668,3.51044225692749,3.4954259418892044,-15.016315038285377
652.6724431174366,10.0019388198853,3.51076602935791,3.4954778883828435,-15.2881409750667
653.6863924051086,10.001579284668,3.51076602935791,3.495522920937957,-15.243108419953355
654.7003954854466,10.001579284668,3.51108980178833,3.495570599857601,-15.519201930728865
655.7143408802276,10.001579284668,3.51108980178833,3.4956186763733283,-15.47112541500173
656.7291409413816,10.001579284668,3.51141381263733,3.4956664978725995,-15.747314764730458
657.7423282842506,10.001579284668,3.51157569885254,3.4957139764809013,-15.861722371638631
658.7563384425706,10.001579284668,3.51189947128296,3.4957611709081973,-16.138300374762604
659.7702969316196,10.0012197494507,3.51189947128296,3.495805363566192,-16.09410771676778
660.7843191225096,10.0019388198853,3.51222324371338,3.4958588214286492,-16.364422284730562
661.7982577932086,10.001579284668,3.51222324371338,3.495904233922304,-16.3190097910757
662.8122736139146,10.001579284668,3.51270890235901,3.4959516993787316,-16.757202980278496
663.8274767661646,10.001579284668,3.51287078857422,3.4959987175337006,-16.872071040519465
664.8402433229816,10.001579284668,3.51303267478943,3.496045890381383,-16.98678440804713
665.8541897794606,10.001579284668,3.51335644721985,3.4960933576621254,-17.263089557724598
666.8682102008546,10.0019388198853,3.51351857185364,3.4961444305715776,-17.374141282062272
667.8821587807286,10.001579284668,3.51368045806885,3.4961897764493535,-17.490681619496407
668.8961692929475,10.001579284668,3.51400423049927,3.496236792510915,-17.767437988355006
669.9101118565366,10.001579284668,3.51400423049927,3.49628420079422,-17.72002970504971
670.9253974672815,10.0019388198853,3.5144898891449,3.496336259145937,-18.153629998963083
671.9381038612476,10.001579284668,3.51465177536011,3.496381652766837,-18.270122593273097
672.9520966785105,10.001579284668,3.51481366157532,3.4964288299415194,-18.38483163380067
673.9660537519636,10.001579284668,3.51497554779053,3.496477609123918,-18.49793866661198
674.9805929894666,10.001579284668,3.51529932022095,3.4965270675951827,-18.772252625767205
675.9940305390126,10.001579284668,3.51562333106995,3.4965752720908756,-19.048058979074245
677.0080399895346,10.001579284668,3.51562333106995,3.4966248727073186,-18.998458362631254
678.0232916259646,10.0019388198853,3.51594710350037,3.496679335869993,-19.267767630377186
679.0359948348386,10.0019388198853,3.51627087593079,3.4967289539260102,-19.541922004779888
680.0499604018696,10.001579284668,3.51627087593079,3.4967756198543998,-19.495256076390355
681.0639694984926,10.0019388198853,3.51675653457642,3.4968294531731896,-19.927081403230407
682.0779099386866,10.0019388198853,3.51708030700684,3.4968802780817865,-20.20002892505346
683.0919303600816,10.001579284668,3.51708030700684,3.496928525130897,-20.15178187594291
684.1058835406436,10.0019388198853,3.51724219322205,3.496983079323245,-20.25911389880486
685.1211815378576,10.0019388198853,3.51772785186768,3.4970347328607425,-20.693119006937266
686.1338635127846,10.0012197494507,3.51772785186768,3.497080598405696,-20.647253461983706
687.1478775639946,10.001579284668,3.51805186271667,3.497135594187823,-20.91626852884687
688.1618349913466,10.001579284668,3.51837563514709,3.4971891634233137,-21.18647172377619
689.1758359482895,10.001579284668,3.51869940757751,3.497243380804843,-21.456026772667336
690.1898050543126,10.0019388198853,3.51869940757751,3.4973004794392404,-21.398928138269824
691.2037915013916,10.0012197494507,3.51902318000793,3.4973468191391097,-21.67636086882041
692.2191362132896,10.0012197494507,3.51902318000793,3.497400445456176,-21.62273455175434
693.2317661650455,10.001579284668,3.51934695243835,3.497461284349122,-21.885668089228094
694.2457235923976,10.001579284668,3.51983261108398,3.4975173187705173,-22.31529231346263
695.2597295039286,10.001579284668,3.51983261108398,3.497573520562086,-22.25909052189401
696.2737198438975,10.001579284668,3.52031850814819,3.4976303702953158,-22.688137852874046
697.2877133689595,10.001579284668,3.5204803943634,3.497687973897329,-22.792420466071217
698.3016661956226,10.0019388198853,3.52080416679382,3.4977490477131155,-23.055119080704678
699.3169217249426,10.001579284668,3.52096605300903,3.497804924411699,-23.161128597330993
700.3296397975796,10.001579284668,3.52128982543945,3.4978633028536215,-23.426522585828558
701.3436311992466,10.0012197494507,3.52145171165466,3.4979187843023087,-23.53292735235124
702.3576031364626,10.001579284668,3.52177548408508,3.497981845034978,-23.793639050101678
703.3716002005156,10.001579284668,3.52209949493408,3.4980437233231516,-24.0557716109282
704.3857706751365,10.0019388198853,3.5224232673645,3.4981084777153373,-24.314789649162893
705.3994980680606,10.001579284668,3.5224232673645,3.4981676277403673,-24.255639624132908
706.4148233155066,10.001579284668,3.52290892601013,3.498231058544033,-24.677867466097236
707.4275293555736,10.0019388198853,3.52307081222534,3.498298410445104,-24.77240178023621
708.4415080168726,10.001579284668,3.52339458465576,3.498359920565301,-25.034664090458847
709.4554891554656,10.0019388198853,3.52371835708618,3.4984267120268777,-25.291645059302148
710.4694773720396,10.001579284668,3.52388024330139,3.498488237854196,-25.39200544719389
711.4834595723296,10.001579284668,3.52420401573181,3.4985534152532622,-25.650600478547947
712.4974329251415,10.001579284668,3.52452802658081,3.498619916729957,-25.908109850853123
713.5127224287776,10.001579284668,3.52468991279602,3.4986879054183,-26.00200737771985
714.5254231603576,10.0019388198853,3.52501368522644,3.498759102429626,-26.25458279681414
715.5394057145465,10.001579284668,3.52517557144165,3.498824769166784,-26.35080227486597
716.5533677425866,10.001579284668,3.52566123008728,3.4988942611176985,-26.766968969581306
717.5673648066396,10.001579284668,3.52582311630249,3.4989648099524877,-26.85830635000208
718.5813487764256,10.0019388198853,3.52614688873291,3.4990389485427644,-27.10794019014573
719.5953210675395,10.001579284668,3.52647089958191,3.4991080682145417,-27.36283136736839
720.6106020775956,10.0019388198853,3.52679467201233,3.499183950074976,-27.610721937354032
721.6232854681195,10.001579284668,3.52695655822754,3.4992547515585746,-27.70180666896538
722.6372917335495,10.001579284668,3.52728033065796,3.4993292728674823,-27.951057790477574
723.6691115111306,10.001579284668,3.52760410308838,3.499405953884372,-28.198149204007983
724.6808259258665,10.0019388198853,3.52776598930359,3.499485503458951,-28.28048584463927
725.6948459933626,10.0019388198853,3.52825164794922,3.4995635651372416,-28.688082811978433
726.7087917420425,10.001579284668,3.52841353416443,3.4996387279281462,-28.774806236283812
727.7227990691706,10.001579284668,3.52889943122864,3.4997170443959225,-29.182386832717455
728.7367526036315,10.001579284668,3.52906131744385,3.4997962481792704,-29.265069264579502
729.7507592229606,10.001579284668,3.52938508987427,3.499876666610071,-29.50842326419867
730.7659967034256,10.001579284668,3.52970886230469,3.4999591876042673,-29.74967470042289
731.7787883870795,10.0019388198853,3.53003263473511,3.5000454662553895,-29.987168479720605
732.7926870671776,10.0012197494507,3.53019452095032,3.5001234211753403,-30.071099774979793
733.8067035956816,10.001579284668,3.53068017959595,3.5002117681920413,-30.468411403908657
734.8206691627125,10.0019388198853,3.53116607666016,3.500301944319796,-30.86413234036378
735.8346655189675,10.001579284668,3.53148984909058,3.5003864653860455,-31.103383704534693
736.8486402873756,10.0019388198853,3.53165173530579,3.5004772931084718,-31.174442197318353
737.8638965244946,10.001579284668,3.531813621521,3.5005636244442146,-31.24999707678544
738.8765884085966,10.0019388198853,3.53229928016663,3.500656873981354,-31.642406185275807
739.8906134306795,10.0019388198853,3.53262305259705,3.5007491853247004,-31.873867272349532
740.9045690885356,10.001579284668,3.53294682502747,3.500839674910153,-32.107150117316685
741.9185601363035,10.0019388198853,3.53343272209167,3.500936924003534,-32.49579808813596
742.9325288884265,10.001579284668,3.53375649452209,3.5010288565068666,-32.72763801522327
743.9465266602786,10.001579284668,3.53408026695251,3.5011244423901977,-32.9558245623125
744.9617814817996,10.001579284668,3.53440403938293,3.5012221002562973,-33.18193912663281
745.9745069863186,10.001579284668,3.53472781181335,3.5013215676304683,-33.406244182881736
746.9889106804586,10.001579284668,3.53521370887756,3.501423555369952,-33.79015350760773
748.0024590004296,10.0019388198853,3.53553748130798,3.5015299281732153,-34.00755313476456
749.0164394312236,10.0019388198853,3.53602313995361,3.5016347515239623,-34.38838842964786
750.0304389725706,10.0019388198853,3.53618502616882,3.5017396227348696,-34.44540343395053
751.0444031240056,10.001579284668,3.53650879859924,3.501842451383062,-34.66634721617812
752.0597089069996,10.0019388198853,3.53699445724487,3.5019540371843636,-35.040420060506335
753.0723728330715,10.0012197494507,3.53699445724487,3.502057086548616,-34.93737069625391
754.0863635269405,10.001579284668,3.53764224052429,3.5021699583380137,-35.472282186276516
755.1005396639475,10.001579284668,3.53796601295471,3.502283426795142,-35.68258615956799
756.1143403139896,10.001579284668,3.53828978538513,3.502399322164822,-35.89046322030809
757.1155294150286,10.0019388198853,3.53877544403076,3.5025174906490104,-36.25795338174953
758.1266959939286,10.001579284668,3.53909921646118,3.502632401947282,-36.466814513897994
759.1406905806875,10.001579284668,3.5394229888916,3.5027519317099673,-36.671057181632435
760.1546685341885,10.0019388198853,3.53990888595581,3.5028776425468715,-37.03124340893859
761.1686525039736,10.0019388198853,3.54055643081665,3.503003199679217,-37.553231137433144
762.1826396588516,10.0019388198853,3.54088020324707,3.503128635628965,-37.75156761810506
763.1978689996366,10.001579284668,3.54120397567749,3.5032532582321614,-37.95071744532841
764.2105906112646,10.0019388198853,3.54152774810791,3.503386373177736,-38.141374930173995
765.2245671491686,10.001579284668,3.54185175895691,3.5035150465077893,-38.33671244912074
766.2387680591136,10.001579284668,3.54233741760254,3.5036484564547243,-38.68896114781562
767.2525386277306,10.001579284668,3.54266119003296,3.503785664733964,-38.87552529899585
768.2665328605906,10.001579284668,3.54314684867859,3.5039252567660975,-39.22159191249275
769.2805246161566,10.001579284668,3.54363250732422,3.5040659383242665,-39.56656899995359
770.2957822688716,10.001579284668,3.54411840438843,3.5042108195621378,-39.907584826292194
771.3084741529735,10.0019388198853,3.54460406303406,3.504361747083741,-40.24231595031891
772.3224574149616,10.0019388198853,3.54492783546448,3.5045112151372027,-40.416620327277556
773.3364399691505,10.0019388198853,3.54541349411011,3.5046627126669323,-40.750781443177786
774.3504250006326,10.001579284668,3.54573726654053,3.5048135873754083,-40.92367916512174
775.3646301573676,10.0019388198853,3.54638504981995,3.5049748791151147,-41.4101707048351
776.3787036636306,10.001579284668,3.54687070846558,3.5051329120901618,-41.73779637541841
777.3936732424626,10.001579284668,3.54703259468079,3.5052953556768327,-41.73723900395743
778.4063668960596,10.0019388198853,3.54784202575684,3.505466603055821,-42.375422701018906
779.4203444956615,10.0019388198853,3.54832792282104,3.505637965127598,-42.68995769344208
780.4343210335655,10.001579284668,3.54865169525146,3.505807016028213,-42.844679223247084
781.4483308379865,10.0019388198853,3.54913735389709,3.5059881843532246,-43.14916954386527
782.4622971128156,10.0012197494507,3.54946112632751,3.5061619534007327,-43.299172926777544
783.4764817434016,10.0019388198853,3.55010867118835,3.5063519448472467,-43.75672634110339
784.4915535990796,10.001579284668,3.55059456825256,3.5065387086175432,-44.05585963501668
785.5042313272165,10.001579284668,3.55108022689819,3.5067304385177596,-44.34978838043024
786.5182354692516,10.0019388198853,3.55156588554382,3.5069310178159663,-44.63486772785386
787.5322056369716,10.0019388198853,3.55221343040466,3.5071326325068046,-45.08079789785535
788.5462009315296,10.0019388198853,3.55286121368408,3.5073379675209377,-45.523246163142076
789.5601838396176,10.001579284668,3.5531849861145,3.5075437539636236,-45.64123215087656
790.5678259371916,10.0019388198853,3.55367064476013,3.5077602081004398,-45.910436659690305
791.5725600457056,10.0019388198853,3.55431818962097,3.507979665349649,-46.33852427132101
792.5864916384215,10.0019388198853,3.55480408668518,3.5082041312466585,-46.59995543852169
793.6005046279346,10.0019388198853,3.55561351776123,3.508434172987305,-47.179344773924825
794.6144648864796,10.0019388198853,3.55609917640686,3.5086699885738657,-47.42918783299422
795.6297437731406,10.001579284668,3.55642294883728,3.5089085705389,-47.51437829837979
796.6424232707736,10.001579284668,3.55723261833191,3.5091544976249014,-48.07812070700868
797.6564461694626,10.001579284668,3.55771827697754,3.5094078950877816,-48.31038188975833
798.6703905025466,10.0019388198853,3.55836582183838,3.5096719425967433,-48.69387924163648
799.6844190636216,10.0019388198853,3.55885148048401,3.509938974891171,-48.91250559283922
800.6983860462486,10.0019388198853,3.55933737754822,3.51021226669722,-49.12511085100002
801.7123947889726,10.0022993087769,3.56014680862427,3.5104963005117598,-49.65050811251004
802.7276113893896,10.0019388198853,3.56079435348511,3.5107822206440624,-50.01213284104766
803.7403372478076,10.001579284668,3.56128001213074,3.5110731244577003,-50.206887673039716
804.7542826425886,10.0019388198853,3.56208968162537,3.5113783115887793,-50.71137003659088
805.7683172199486,10.001579284668,3.56273722648621,3.5116885244896716,-51.04870199653844
806.7822912805586,10.0019388198853,3.56338477134705,3.512013303364541,-51.371467982508804
807.7962901141076,10.0022993087769,3.56403255462646,3.5123469317772362,-51.68562284922373
808.8102185217306,10.0019388198853,3.5646800994873,3.5126824352564046,-51.997664230895246
809.8255044863746,10.0019388198853,3.56532764434814,3.513031290356472,-52.2963539916681
810.8382140654336,10.0022993087769,3.56597542762756,3.513393708483854,-52.58171914370591
811.8522146684776,10.0019388198853,3.5666229724884,3.5137593650887347,-52.863607399665554
812.8661742192236,10.0019388198853,3.56727051734924,3.514137899387854,-53.132617961386245
813.8801903938286,10.001579284668,3.56808018684387,3.5145255889954243,-53.55459784844552
814.8941382659045,10.0019388198853,3.56888961791992,3.514931872026658,-53.9577458932623
815.9081523171146,10.001579284668,3.56953716278076,3.515344603735287,-54.19255904547305
816.9233784728076,10.0019388198853,3.57034683227539,3.5157753241524015,-54.57150812298872
817.9361114092076,10.0019388198853,3.57131814956665,3.516215517109597,-55.10263245705316
818.9500405246296,10.0019388198853,3.57196569442749,3.516669763056993,-55.29593137049682
819.9640811182746,10.0019388198853,3.57277536392212,3.5171376973189568,-55.63766660316327
820.9784809195246,10.001579284668,3.57358479499817,3.5176162037274668,-55.96859127070309
821.9920483500476,10.001579284668,3.57423233985901,3.5181132623277107,-56.11907753129941
823.0060082546926,10.0019388198853,3.57536578178406,3.5186296374554007,-56.736144328659144
824.0445322971835,10.001579284668,3.5760133266449,3.5191693928358534,-56.84393380904673
825.0495912850886,10.0019388198853,3.57698488235474,3.519714336968417,-57.2705453863227
826.0635724236806,10.0019388198853,3.577956199646,3.5202777740595206,-57.678425586479506
827.0788559110316,10.001579284668,3.57892775535583,3.5208559804387916,-58.071774917038525
828.0914536579676,10.001579284668,3.57989907264709,3.521453867218876,-58.44520542821385
829.1055388429016,10.001579284668,3.58070850372314,3.5220727431241525,-58.63576059898756
830.1195083028226,10.0019388198853,3.58168005943298,3.522715050994257,-58.96500843872276
831.1334958115996,10.0019388198853,3.58281326293945,3.5233746596818603,-59.43860325758976
832.1474734112015,10.0019388198853,3.58362293243408,3.52405418415656,-59.568748277520015
833.1614612738766,10.001579284668,3.58459424972534,3.524751965618133,-59.84228410720682
834.1767819206345,10.0019388198853,3.58572769165039,3.525479132797359,-60.24855885303104
835.1896189033756,10.0019388198853,3.58686089515686,3.5262255120445127,-60.63538311234717
836.2034025662596,10.001579284668,3.58799433708191,3.5269928990265154,-61.00143805539471
837.2173599936116,10.0019388198853,3.58912754058838,3.5277897665359106,-61.33777405246921
838.2313705058306,10.001579284668,3.59009909629822,3.5286060366148213,-61.493059683398684
839.2453558912126,10.001579284668,3.5913941860199,3.5294519518619656,-61.942234157934536
840.2593338447136,10.0019388198853,3.59268951416016,3.530327986226939,-62.361527933220806
841.2745497373315,10.001579284668,3.59382271766663,3.531226503358648,-62.59621430798212
842.2873148785516,10.001579284668,3.59495615959167,3.53215337452373,-62.802785067940015
843.3012471790656,10.001579284668,3.59641337394714,3.5331107341067614,-63.302639840378646
844.3154848945196,10.001579284668,3.59754657745361,3.5340993235799707,-63.447253873639475
845.3292303362996,10.001579284668,3.59900379180908,3.5351186373844405,-63.88515442463927
846.0312412618725,10.0019388198853,3.60013699531555,3.535834417870826,-64.30257744472412
847.0457294990246,9.94399261474609,3.60110855102539,3.536168570738361,-64.93998028702919
848.0596582605476,9.82378196716309,3.60094666481018,3.5356712091690543,-65.27545564112592
849.0749693520296,9.72264575958252,3.60110855102539,3.5353850629450165,-65.72348808037364
850.0876442489736,9.63446617126465,3.60078477859497,3.535263403176682,-65.52137541828796
851.1018586070855,9.5502462387085,3.60110855102539,3.5352007528342932,-65.90779819109693
852.1156185587296,9.47070503234863,3.60078477859497,3.535192816292558,-65.59196230241193
853.1296418113166,9.3944034576416,3.60094666481018,3.5352254275700496,-65.72123724013056
854.1435772969226,9.32350063323975,3.60094666481018,3.535332113322978,-65.61455148720219
855.1575814389586,9.251877784729,3.60110855102539,3.535437495558079,-65.67105546731122
856.1728136109366,9.18133449554443,3.60110855102539,3.5355640078336057,-65.54454319178448
857.1855893691296,9.10971069335938,3.60094666481018,3.53568399226003,-65.2626725501504
858.1995273320296,9.04204750061035,3.60110855102539,3.5358607660966315,-65.2477849287587
859.2135389059466,8.97402286529541,3.60094666481018,3.536042278366223,-64.90438644395712
860.2276807147396,8.90312004089355,3.60110855102539,3.536198589379014,-64.90996164637596
861.2414870271666,8.83365631103516,3.60094666481018,3.5363794701905444,-64.56719461963579
862.2554288829576,8.76815223693848,3.6012704372406,3.536619066995404,-64.65137024519629
863.2707141398026,8.69868850708008,3.60110855102539,3.5368213599882434,-64.28719103714675
864.2834053161076,8.63030529022217,3.60094666481018,3.53704239073747,-63.904274072710265
865.2974183056206,8.56120109558105,3.60094666481018,3.5372630463868875,-63.68361842329273
866.3115763937726,8.49497699737549,3.60110855102539,3.537530328992992,-63.57822203239838
867.3254874603396,8.4251537322998,3.60094666481018,3.537759301613992,-63.18736319618834
868.3393666759856,8.35496997833252,3.60094666481018,3.5379914207037784,-62.95524410640185
869.3533428599906,8.28694629669189,3.60094666481018,3.53825856644285,-62.688098367330355
870.3686196232576,8.22036266326904,3.60110855102539,3.538554145223505,-62.55440580188498
871.3813309718116,8.15053844451904,3.60094666481018,3.5388149804016686,-62.131684408511575
872.3956454833746,8.08035564422607,3.60094666481018,3.539079806417903,-61.86685839227701
873.4092854632156,8.01125144958496,3.60094666481018,3.539363703827771,-61.58296098240923
874.4232584621286,7.94070863723755,3.60110855102539,3.5396381649674162,-61.47038605797395
875.4372502176946,7.87124490737915,3.60094666481018,3.5399311772769146,-61.01548753326558
876.4512182620206,7.80034208297729,3.60094666481018,3.540212926804466,-60.733738005714244
877.4665212138216,7.72907876968384,3.60094666481018,3.540494162166679,-60.45250264350122
878.4791989419596,7.66177463531494,3.60094666481018,3.5408247658656244,-60.121898944555774
879.4931917592226,7.59159135818481,3.60110855102539,3.5411254616098606,-59.98308941552955
880.5071537872626,7.52068853378296,3.60110855102539,3.5414179220269997,-59.69062899839051
881.5211667767766,7.44798564910889,3.60110855102539,3.541687132439258,-59.42141858613237
882.5351199573386,7.37780237197876,3.60110855102539,3.5419876722194963,-59.120878805893895
883.5491237454746,7.30581951141357,3.60094666481018,3.5422674805025722,-58.67918430760799
884.5643743202066,7.23383665084839,3.60094666481018,3.542546615010409,-58.4000497997712
885.5771125650936,7.16041374206543,3.60094666481018,3.542804347335398,-58.14231747478216
886.5910551286826,7.09490919113159,3.60094666481018,3.5431658598302502,-57.78080497992999
887.6050238808056,7.02292633056641,3.60094666481018,3.543450762720517,-57.49590208966326
888.6190418249066,6.95166349411011,3.60078477859497,3.543739762653512,-57.04501594145795
889.6330392428586,6.87860059738159,3.60110855102539,3.544002243718717,-57.1063073066731
890.6470083488806,6.80661773681641,3.60110855102539,3.544274499558814,-56.83405146657616
891.6622670632926,6.73391532897949,3.60094666481018,3.5445352645923727,-56.411400217807554
892.6749635480836,6.66229200363159,3.60094666481018,3.544804783441008,-56.14188136917208
893.6889514107596,6.59030914306641,3.60110855102539,3.5450686611801454,-56.03988984524477
894.7029332571506,6.52408504486084,3.60110855102539,3.5454024887580866,-55.706062267303565
895.7169278439096,6.44994258880615,3.60078477859497,3.545635856054215,-55.148922540754874
896.7309001350236,6.37831974029541,3.60110855102539,3.5458899942555733,-55.21855676981691
897.7448855204066,6.30417728424072,3.60094666481018,3.5461078423776473,-54.83882243253291
898.7601336178445,6.23831272125244,3.60094666481018,3.546425953545178,-54.520711265002134
899.7728633691526,6.16704988479614,3.60094666481018,3.546673628130907,-54.27303667927319
900.7868158419166,6.09614658355713,3.60110855102539,3.546918858000689,-54.18969302470123
901.8007775160576,6.02704286575317,3.60110855102539,3.5471799986160177,-53.92855240937244
902.8150385888525,5.95506000518799,3.60110855102539,3.547396516512403,-53.71203451298712
903.8287426244356,5.88379669189453,3.60094666481018,3.5476131442081282,-53.33352060205199
904.8427368572956,5.81397342681885,3.60094666481018,3.547838481898879,-53.10818291130115
905.8580836925876,5.74451017379761,3.60094666481018,3.548067047769581,-52.8796170405994
906.8707196606296,5.68152475357056,3.60094666481018,3.5483701221729893,-52.57654263719091
907.8847216792706,5.61314105987549,3.60110855102539,3.5486041304475466,-52.50442057784355
908.8987052951566,5.54439735412598,3.60094666481018,3.5488213791622516,-52.12528564792862
909.9130428101615,5.47565364837646,3.60094666481018,3.549028162774036,-51.918502036144346
910.9270179324695,5.4072699546814,3.60094666481018,3.5492284164693784,-51.71824834080185
911.9406586201096,5.34140586853027,3.60094666481018,3.5494528021076475,-51.49386270253275
912.9559371528716,5.27410173416138,3.60094666481018,3.54965157459477,-51.29509021541034
913.9686396539475,5.20715761184692,3.60110855102539,3.5498436115869247,-51.26493943846544
914.9825924806106,5.14453220367432,3.60110855102539,3.5500839011916603,-51.024649833729896
915.9965760964966,5.07902812957764,3.60094666481018,3.550282626610065,-50.664038200115336
917.0105689137606,5.01532316207886,3.60110855102539,3.5504934655234033,-50.6150855019869
918.0245599615286,4.95017862319946,3.60094666481018,3.5506746722396922,-50.27199257048798
919.0385471164066,4.88683366775513,3.60094666481018,3.550868670384658,-50.0779944255223
920.0525271933016,4.8227686882019,3.60094666481018,3.551042994348124,-49.90367046205613
921.0664669256965,4.75798416137695,3.60094666481018,3.5511959305165184,-49.750734293661836
922.0804901782845,4.69391918182373,3.60110855102539,3.551345691772365,-49.76285925302504
923.0944656544916,4.63669300079346,3.6012704372406,3.551575238951329,-49.69519828927105
924.1084651958386,4.57478761672974,3.60110855102539,3.5517415551385807,-49.366995886809484
925.1224406720446,4.51108264923096,3.60094666481018,3.5518678333106926,-49.07883149948766
926.1364157943526,4.45097684860229,3.60094666481018,3.5520279011999016,-48.91876361027858
927.1516624761936,4.39267110824585,3.60110855102539,3.5522040403110586,-48.90451071433155
928.1643982437865,4.33256530761719,3.60094666481018,3.552345208736108,-48.6014560740724
929.1783691193056,4.27389907836914,3.60094666481018,3.552495636035365,-48.45102877481544
930.1923541507886,4.21667289733887,3.60110855102539,3.5526540821378747,-48.454468887515475
931.2063335198856,4.15944623947144,3.60078477859497,3.552804222984118,-47.98055561085191
932.2203358924246,4.10401964187622,3.60110855102539,3.5529695535022334,-48.13899752315676
933.2342986282636,4.0482325553894,3.60110855102539,3.5531186972135544,-47.98985381183574
934.2495831773106,3.99172616004944,3.60094666481018,3.5532512801906733,-47.69538461950695
935.2622775387066,3.93881869316101,3.60094666481018,3.5534163179629292,-47.530346847250996
936.2762462908306,3.88303184509277,3.60110855102539,3.553536887089752,-47.57166393563806
937.2902238904315,3.82724523544312,3.60110855102539,3.553641812199842,-47.466738825548305
938.3042436040286,3.77361798286438,3.60094666481018,3.5537630508442684,-47.18361396591186
939.3182880905625,3.72394967079163,3.60110855102539,3.5539313040331213,-47.177246992268884
940.3321687218056,3.67176198959351,3.60094666481018,3.554060158148147,-46.886506662033426
941.3473899229116,3.62029433250427,3.60110855102539,3.5541861931925056,-46.922357832884565
942.3601593109206,3.5684666633606,3.60094666481018,3.554295143279569,-46.65152153061136
943.3741308942366,3.51987814903259,3.60094666481018,3.5544388841601458,-46.50778065003447
944.3881198186106,3.47056984901428,3.60110855102539,3.554564912698646,-46.54363832674413
945.4021098046805,3.41982197761536,3.60094666481018,3.5546617884864125,-46.28487632376776
946.4160743100146,3.37591218948364,3.60094666481018,3.5548385626276433,-46.10810218253691
947.4300646499836,3.32804369926453,3.60094666481018,3.554960634302186,-45.986030507994435
948.4453403515536,3.27909517288208,3.60110855102539,3.5550580988995955,-46.05045212579473
949.4580421448316,3.23122668266296,3.60094666481018,3.555151362576291,-45.79530223388906
950.4720392088846,3.18515753746033,3.60110855102539,3.5552611799828875,-45.847371042502694
951.4859930972445,3.14124798774719,3.60110855102539,3.5553907964339073,-45.71775459148286
952.4999820216176,3.09625864028931,3.60110855102539,3.555501385609782,-45.60716541560828
953.5139787317715,3.05270910263062,3.60094666481018,3.555618826816772,-45.32783799340834
954.5279648249516,3.00771975517273,3.60110855102539,3.555710826619019,-45.39772440637124
955.5432260166576,2.96309041976929,3.60110855102539,3.5557948764708085,-45.31367455458168
956.5559260404395,2.92098021507263,3.60094666481018,3.5559007839482493,-45.045880861930954
957.5699156726106,2.88066983222961,3.60094666481018,3.556028238422571,-44.91842638760923
958.5838823013396,2.84215903282166,3.60110855102539,3.5561739995311425,-44.93455149424763
959.5978393747926,2.80292820930481,3.60094666481018,3.556307650422225,-44.63901438795537
960.6118608578846,2.7633376121521,3.60094666481018,3.556427573274399,-44.51909153578137
961.6258320873015,2.72374701499939,3.60110855102539,3.5565380678829444,-44.57048314244582
962.6410918634106,2.68271684646606,3.60110855102539,3.5566203911764234,-44.488159848966816
963.6538000268725,2.64384603500366,3.60110855102539,3.5567171509363598,-44.39140008903042
964.6677864739515,2.60605502128601,3.60094666481018,3.5568239181201116,-44.12274669006866
965.6817679664435,2.57078337669373,3.60094666481018,3.5569582195650695,-43.9884452451107
966.6957554752206,2.53695154190063,3.60094666481018,3.5571107951148,-43.835869695380225
967.7097419222996,2.50239968299866,3.60110855102539,3.557251065516805,-43.85748550858537
968.7237418175456,2.46640825271606,3.60110855102539,3.5573646156414536,-43.743935383936616
969.7389768207166,2.43077659606934,3.60094666481018,3.5574727822267045,-43.47388258347573
970.7516881692706,2.3965847492218,3.60094666481018,3.5575909913657258,-43.35567344445445
971.7657294707136,2.36311268806458,3.60094666481018,3.557713583951533,-43.233080858647185
972.7796695570075,2.33108043670654,3.60094666481018,3.5578495543665833,-43.097110443596875
973.7936351240386,2.29688835144043,3.60110855102539,3.557952617172189,-43.15593385320105
974.8076261718065,2.26737546920776,3.60110855102539,3.5581102992968,-42.99825172859029
975.8216161578775,2.23534297943115,3.60110855102539,3.5582314584174455,-42.877092607944704
976.8368465603596,2.20439052581787,3.60110855102539,3.558365859643441,-42.742691381949086
977.8495667563916,2.17451739311218,3.60094666481018,3.5585003670570146,-42.446297753165666
978.8635478949845,2.1435649394989,3.60110855102539,3.5586188939315115,-42.48965709387864
979.8775424817436,2.11369204521179,3.60110855102539,3.558744609168253,-42.3639418571371
980.8915250359325,2.08381915092468,3.60110855102539,3.5588627127735046,-42.245838251885544
981.9054916646605,2.05502581596375,3.60094666481018,3.5589909602975536,-41.955704512626646
982.9198865113236,2.0291121006012,3.6012704372406,3.5591552848955987,-42.115152345001405
983.9347683231736,1.99995899200439,3.60110855102539,3.5592718399087593,-41.836711116630894
984.9474598533776,1.9715256690979,3.60110855102539,3.5593874069102776,-41.72114411511263
985.9614339139875,1.9430924654007,3.60110855102539,3.559496404889309,-41.61214613608122
986.9754154064785,1.91645872592926,3.60094666481018,3.5596238101261632,-41.322854684016974
987.9893395673136,1.89018499851227,3.60094666481018,3.5597520355603547,-41.19462924982553
989.0033794531596,1.86535096168518,3.60110855102539,3.5598963226061167,-41.21222841927352
990.0173740399185,1.8390771150589,3.60110855102539,3.5600183835083024,-41.09016751708783
991.0326649591506,1.81532275676727,3.60094666481018,3.5601683807421654,-40.77828406801487
992.0453409177926,1.79156839847565,3.60094666481018,3.560316517196398,-40.630147613782256
993.0593213485865,1.76745414733887,3.60110855102539,3.5604559146636636,-40.65263636172656
994.0734189199895,1.74298000335693,3.60110855102539,3.560585965127644,-40.52258589774604
995.0872981356356,1.72030532360077,3.60110855102539,3.560733054110907,-40.37549691448339
996.1012792742285,1.69727075099945,3.60110855102539,3.560873593437688,-40.23495758770235
997.1152558121325,1.67315649986267,3.60110855102539,3.5609926263628946,-40.11592466249559
998.1305120492506,1.64940214157104,3.60110855102539,3.56111076144368,-39.99778958171029
999.1432216283116,1.62852716445923,3.60094666481018,3.5612608669008785,-39.68579790930171
1000.1571992279116,1.60909175872803,3.60110855102539,3.5614329560634834,-39.675594961906754
1001.1711973536616,1.58857655525208,3.60110855102539,3.5615889700453036,-39.519580980086566
1002.1853710133715,1.56482219696045,3.60110855102539,3.561697943172429,-39.41060785296102
1003.1991521989615,1.54538691043854,3.60094666481018,3.561853415780043,-39.09324903013722
1004.2131478474216,1.52415192127228,3.60110855102539,3.561983926978981,-39.12462404640937
1005.2283998377516,1.50507640838623,3.60094666481018,3.5621405553725554,-38.806109437624855
1006.2412361126916,1.48312163352966,3.60110855102539,3.5622516198135625,-38.85693121182765
1007.2550746299415,1.462606549263,3.60110855102539,3.5623752490883245,-38.733301937065704
1008.2690600153215,1.44533061981201,3.60110855102539,3.562538769065136,-38.569781960254176
1009.2830634495616,1.42625510692596,3.60110855102539,3.562679445960682,-38.42910506470831
1010.2970297243916,1.40933918952942,3.60110855102539,3.5628495786365186,-38.25897238887155
1011.3111234029016,1.39206326007843,3.60094666481018,3.563009795280755,-37.936869529425095
1012.3264794395716,1.37478733062744,3.60110855102539,3.563170229470664,-37.93832155472599
1013.3389795103516,1.35391235351562,3.60094666481018,3.5632726888375985,-37.67397597258171
1014.3529702042216,1.33663642406464,3.60094666481018,3.563416420924391,-37.53024388578918
1015.3669616058816,1.32008039951324,3.60110855102539,3.5635687527623876,-37.53979826300258
1016.3809300041116,1.30352425575256,3.60110855102539,3.5637193964339917,-37.389154591398466
1017.3949100810016,1.28660833835602,3.60110855102539,3.5638627461712242,-37.245804854165954
1018.4088890962016,1.26969230175018,3.60110855102539,3.564002376098538,-37.1061749268522
1019.4241386092416,1.25565564632416,3.60094666481018,3.5641779281473216,-36.76873666285863
1020.4368697761416,1.24125909805298,3.60110855102539,3.5643504128929595,-36.75813813243067
1021.4508463140415,1.22398316860199,3.60110855102539,3.5644805464172635,-36.62800460812665
1022.4648235597516,1.20706713199615,3.6012704372406,3.5646076630966474,-36.66277414395269
1023.4787947891615,1.19375038146973,3.60110855102539,3.5647765494419295,-36.33200158346072
1024.4930250727416,1.17719423770905,3.60094666481018,3.564906018156338,-36.04064665384232
1025.5067545890618,1.16387748718262,3.60110855102539,3.565071099557519,-36.037451467870966
1026.5220373686118,1.14804124832153,3.60094666481018,3.5652022851583105,-35.74437965186972
1027.5347048336716,1.13760364055634,3.60110855102539,3.565404014595628,-35.70453642976234
1028.5487234855716,1.12356698513031,3.60110855102539,3.565562588676709,-35.54596234868113
1029.5629261650117,1.10953032970428,3.60094666481018,3.565713606923856,-35.233057886324026
1030.5766970875318,1.09405398368835,3.60110855102539,3.565839890182726,-35.268660842664005
1031.5906591155717,1.08001732826233,3.60094666481018,3.5659783200045374,-34.968344805642815
1032.6046607803116,1.06778025627136,3.60110855102539,3.566139307356744,-34.9692436686464
1033.6198791502218,1.05410349369049,3.60110855102539,3.5662803640772056,-34.828186948184566
1034.6326386290516,1.04078662395477,3.60110855102539,3.5664204996929665,-34.6880513324237
1035.6466084428816,1.02639007568359,3.60110855102539,3.566540852396917,-34.56769862847331
1036.6605941821617,1.01343309879303,3.60094666481018,3.5666764646875224,-34.2702001226578
1037.6745392230416,1.00191593170166,3.60094666481018,3.5668304622244764,-34.1162025857038
1038.6885610600316,0.990758538246155,3.60110855102539,3.5669919059788495,-34.11664504654066
1039.7025223802716,0.982840418815613,3.60110855102539,3.567198344850003,-33.91020617538709
1040.7178076371217,0.9709632396698,3.60110855102539,3.5673560922643657,-33.752458761024506
1041.7306969969318,0.958726108074188,3.60094666481018,3.5675009117133643,-33.44575309681596
1042.7444884455917,0.947928726673126,3.60110855102539,3.56766046650708,-33.448084518310054
1043.7584600289117,0.936411440372467,3.6012704372406,3.567809513970294,-33.46092327030625
1044.7724698333318,0.926333844661713,3.60110855102539,3.567973031925664,-33.13551909972601
1045.7864237216918,0.913016974925995,3.60110855102539,3.5680919330242844,-33.01661800110578
1046.8004285715217,0.903659224510193,3.60094666481018,3.568258194299399,-32.68847051078127
1047.8156476492318,0.896460890769958,3.60110855102539,3.5684580833536645,-32.650467671725636
1048.8283954494018,0.884583711624146,3.60110855102539,3.5685948222716695,-32.51372875372071
1049.8423539384517,0.871626794338226,3.6012704372406,3.5687068892208016,-32.563548019798546
1050.8563725903516,0.861909091472626,3.60094666481018,3.5688563090406284,-32.09035576955177
1051.8703084298518,0.852911233901978,3.60094666481018,3.569017893026974,-31.92877178320641
1052.8843277895517,0.843913376331329,3.60110855102539,3.5691778785806667,-31.930672444723474
1053.8983029118617,0.833115935325623,3.60110855102539,3.5693133037821205,-31.795247243269653
1054.8988744589317,0.824118077754974,3.60110855102539,3.5694669211310623,-31.64162989432784
1055.9110347865617,0.818359434604645,3.60110855102539,3.5696675313816097,-31.441019643780432
1056.9247575788017,0.807561993598938,3.60094666481018,3.569803017997427,-31.14364681275328
1057.9384888646116,0.796764612197876,3.60110855102539,3.5699278829304957,-31.180668094894504
1058.9525450298217,0.787406802177429,3.60110855102539,3.570069544363807,-31.0390066615831
1059.9665583732317,0.780568420886993,3.60094666481018,3.570241078058327,-30.705586751853087
1060.9672435219218,0.769411087036133,3.60110855102539,3.570355626272986,-30.7529247524041
1061.9692572079116,0.761852860450745,3.60110855102539,3.570509754515532,-30.598796509857973
1062.9712418741717,0.755734324455261,3.60110855102539,3.5706884188235093,-30.42013220188089
1064.0110148266517,0.748176097869873,3.60110855102539,3.570859938743276,-30.248612282114173
1065.0213458497317,0.737018764019012,3.60094666481018,3.5709682518115162,-29.978412998663995
1066.0313969386118,0.730900228023529,3.60110855102539,3.5711395190870605,-29.96903193832967
1067.0314786893016,0.722262263298035,3.60094666481018,3.57127644870269,-29.670216107490432
1068.0424435457016,0.713264405727386,3.60094666481018,3.5714063768266047,-29.540287983575553
1069.0474565267216,0.706426024436951,3.60110855102539,3.571559476659387,-29.549074366003403
1070.0525317939916,0.698867797851562,3.60110855102539,3.5717052292502967,-29.403321775093527
1071.0837853329817,0.692029476165771,3.60110855102539,3.571864098926013,-29.244452099377316
1072.0856864790517,0.683391511440277,3.60094666481018,3.5719914645390345,-28.95520027114573
1073.1047849989018,0.675473392009735,3.60110855102539,3.572127294164391,-28.98125686099906
1074.1056913345417,0.668994903564453,3.60094666481018,3.5722761895864785,-28.670475223701697
1075.1127257873318,0.662156522274017,3.60110855102539,3.5724225289018325,-28.686022123557642
1076.1143884053918,0.65567809343338,3.60094666481018,3.572571024268051,-28.375640542129155
1077.1189646749017,0.647759974002838,3.60094666481018,3.572698781418292,-28.24788339188844
1078.1355766995416,0.640921592712402,3.60094666481018,3.572839189281828,-28.107475528352133
1079.1389107831417,0.633723318576813,3.60110855102539,3.5729727952752786,-28.135755750111624
1080.1399544316416,0.628684461116791,3.60110855102539,3.5731327305965928,-27.975820428797427
1081.1419681176317,0.624005615711212,3.60094666481018,3.5733015708800755,-27.645093930104725
1082.1450321762018,0.617167234420776,3.60110855102539,3.573440424336346,-27.668126689044392
1083.1522531338217,0.608889162540436,3.60110855102539,3.573557076586386,-27.551474439003965
1084.1541238445618,0.604210317134857,3.60094666481018,3.573715315570527,-27.231349239653202
1085.1563321750716,0.597011983394623,3.60094666481018,3.5738397804495374,-27.10688436064279
1086.1582191651717,0.592333137989044,3.60094666481018,3.5739982806921082,-26.94838411807199
1087.1593176680317,0.586934387683868,3.60094666481018,3.574146644451079,-26.80002035910123
1088.1643009215318,0.579736113548279,3.60094666481018,3.574270601915878,-26.676062894302355
1089.1752445439818,0.574697315692902,3.60110855102539,3.574418009865601,-26.690541159789305
1090.1874738819417,0.564979612827301,3.60094666481018,3.5745009027232797,-26.445762086900526
1091.1953580465117,0.563180029392242,3.60094666481018,3.5746849079664904,-26.26175684368981
1092.2051214154017,0.554182171821594,3.60094666481018,3.574778154196071,-26.168510614109408
1093.2164737913417,0.549143373966217,3.60110855102539,3.5749144282889787,-26.19412273641153
1094.2165024571716,0.542664885520935,3.60094666481018,3.5750297971687184,-25.916867641461838
1095.2185246367317,0.537266194820404,3.60094666481018,3.5751572273589067,-25.78943745127349
1096.2305890577018,0.532227396965027,3.60110855102539,3.5752939510168904,-25.814600008499777
1097.2378404506417,0.530787706375122,3.60094666481018,3.5754810286717,-25.465636138480185
1098.2406592571317,0.526108860969543,3.60110855102539,3.5756292662672577,-25.479284758132437
1099.2456732998417,0.516391158103943,3.60094666481018,3.5757000568102515,-25.246607999928727
1100.2477213140417,0.512791991233826,3.60094666481018,3.57584348534538,-25.103179464800007
1101.2479088805817,0.508832931518555,3.60094666481018,3.5759884640641886,-24.958200745991643
1102.2588068500518,0.50595360994339,3.60094666481018,3.576150098832508,-24.796565977672103
1103.2678553427218,0.4987553358078,3.60094666481018,3.5762573956718984,-24.689269138281844
1104.2708992290418,0.495876014232635,3.60110855102539,3.576411650533207,-24.696900492183094
1105.2779149251717,0.489397555589676,3.60110855102539,3.5765200944289983,-24.58845659639186
1106.2859537436616,0.486158311367035,3.60078477859497,3.576670055456813,-24.11472313815688
1107.2883698129517,0.481479436159134,3.60110855102539,3.5768009730459287,-24.30757797946148
1108.2910697093216,0.477160453796387,3.60094666481018,3.576934463393004,-24.012201417176193
1109.3030537951918,0.47284147143364,3.60078477859497,3.5770663506729083,-23.71842792206147
1110.3121245835116,0.465283274650574,3.60094666481018,3.5771527018288927,-23.793962981287553
1111.3141372078017,0.462763875722885,3.60094666481018,3.577299706227765,-23.646958582415056
1112.3171800324217,0.461324214935303,3.60110855102539,3.5774702613803617,-23.638289645028454
1113.3242519985117,0.454485833644867,3.60110855102539,3.5775683289002456,-23.540222125144616
1114.3343409546017,0.450166881084442,3.60110855102539,3.5776907924911416,-23.417758534248545
1115.3482399885918,0.446927636861801,3.60094666481018,3.577830034897212,-23.116629912968367
1116.3622586404917,0.44296857714653,3.60110855102539,3.577961707932796,-23.14684309259407
1117.3764620277318,0.439369440078735,3.60094666481018,3.5780943925386746,-22.852272271505658
1118.3902651550718,0.4325310587883,3.60094666481018,3.578182698351523,-22.763966458657414
1119.4042586801318,0.429651737213135,3.60094666481018,3.5783176553935476,-22.629009416632595
1120.4195209335317,0.42677241563797,3.60094666481018,3.578458084675583,-22.488580134597314
1121.4322064474518,0.423893094062805,3.60094666481018,3.5786011761995478,-22.345488610632458
1122.4461879399416,0.422453433275223,3.60094666481018,3.578764966517325,-22.181698292855323
1123.4601761565218,0.418134480714798,3.60110855102539,3.5788893458919215,-22.219205133468645
1124.4743452155417,0.412015914916992,3.60110855102539,3.578983017399512,-22.125533625878102
1125.4881341869118,0.408416777849197,3.60094666481018,3.579103720035081,-21.842944775099404
1126.5021117865117,0.404457718133926,3.60078477859497,3.579221692585935,-21.563086009035004
1127.5173910270717,0.400858581066132,3.60094666481018,3.5793419769457593,-21.604687864420935
1128.5300899891618,0.396899521350861,3.60110855102539,3.5794583279258094,-21.650223099580757
1129.5440732511518,0.394740015268326,3.60094666481018,3.5795982080148874,-21.348456795292847
1130.5580579287316,0.393300354480743,3.60094666481018,3.57974879883493,-21.197865975250085
1131.5720312815417,0.388261556625366,3.60094666481018,3.579855861744981,-21.09080306519928
1132.5862360843817,0.384302496910095,3.60094666481018,3.5799645619157308,-20.98210289444946
1133.5999786949617,0.3807033598423,3.60094666481018,3.5800822366351577,-20.864428175022542
1134.6153241146617,0.377464115619659,3.60094666481018,3.5801998509600317,-20.746813850148538
1135.6279222155017,0.372785240411758,3.60094666481018,3.580296223290496,-20.650441519684204
1136.6419567928617,0.368466258049011,3.60110855102539,3.5803929997111243,-20.715551314265834
1137.6559067883318,0.365227043628693,3.60094666481018,3.580503933900713,-20.442730909467244
1138.6699187161416,0.364867120981216,3.60110855102539,3.5806572828174406,-20.451268207949624
1139.6838793285917,0.357308924198151,3.60094666481018,3.580709702559759,-20.236962250421264
1140.6978640061716,0.355509340763092,3.60094666481018,3.580834707321073,-20.111957489107102
1141.7131145809017,0.352630019187927,3.60110855102539,3.580949891749391,-20.158659275999025
1142.7258464556016,0.351550281047821,3.60094666481018,3.5810901286353105,-19.85653617486971
1143.7398403345617,0.349030882120132,3.60094666481018,3.5812140122303098,-19.732652579870447
1144.7538182880717,0.346151560544968,3.60110855102539,3.5813300290037775,-19.778522021612677
1145.7677757154217,0.341472685337067,3.6012704372406,3.5814188528476847,-19.851584392915456
1146.7817904744318,0.338593363761902,3.60094666481018,3.581527842198953,-19.41882261122707
1147.7957171125518,0.336793780326843,3.60094666481018,3.5816509540570975,-19.295710753082673
1148.8110462528916,0.333554565906525,3.60110855102539,3.5817574936422516,-19.35105738313858
1149.8237133640516,0.329955399036407,3.60110855102539,3.581856546372274,-19.252004653116384
1150.8377259996716,0.330315321683884,3.60110855102539,3.5820109910905416,-19.09755993484863
1151.8516586540818,0.328875660896301,3.60110855102539,3.5821461236226138,-18.962427402776427
1152.8656833222717,0.3241967856884,3.60110855102539,3.5822325971007705,-18.875953924619715
1153.8796626913618,0.319157958030701,3.60094666481018,3.5823061245543633,-18.640540255816962
1154.8936346285816,0.317718297243118,3.60094666481018,3.582427045245086,-18.519619565094292
1155.9093049276717,0.315558820962906,3.60094666481018,3.5825386112797477,-18.40805353043251
1156.9220534356316,0.311239838600159,3.60094666481018,3.5826210793553535,-18.325585454826765
1157.9297503875616,0.309800177812576,3.60094666481018,3.5827387607824943,-18.207904027685906
1158.9339455077218,0.308360546827316,3.60110855102539,3.5828588429011927,-18.24970812419746
1159.9492438588318,0.30152216553688,3.60094666481018,3.582902928875557,-18.04373593462305
1160.9619661782617,0.299002766609192,3.60094666481018,3.582995876397134,-17.950788413046315
1161.9759098035518,0.298642843961716,3.60094666481018,3.58312492669577,-17.821738114410124
1162.9899281015516,0.299722582101822,3.60094666481018,3.5832810200599376,-17.66564475024257
1164.0038646488517,0.297563105821609,3.60110855102539,3.58339775424282,-17.71079678257026
1165.0178815312518,0.292884200811386,3.60094666481018,3.5834728354590313,-17.47382935114894
1166.0320534214718,0.290004879236221,3.60094666481018,3.583564543717156,-17.38212109302406
1167.0466489289317,0.288925141096115,3.60110855102539,3.5836834595433484,-17.425091482041744
1168.0598302555218,0.288925141096115,3.60094666481018,3.583819052476031,-17.127612334149056
1169.0738216571917,0.283526420593262,3.60094666481018,3.583883630885234,-17.063033924946236
1170.0877989028918,0.280287206172943,3.60110855102539,3.5839652567098885,-17.143294315501656
1171.1017849960717,0.280287206172943,3.60094666481018,3.5840940404598203,-16.852624350359946
1172.1157735665417,0.279207468032837,3.60094666481018,3.584213725722821,-16.732939087359178
1173.1297547051317,0.276688039302826,3.60094666481018,3.5843116485125184,-16.635016297661842
1174.1449939550916,0.271649241447449,3.60110855102539,3.5843713058333138,-16.737245192076422
1175.1577145050317,0.270929425954819,3.60094666481018,3.5844832784052256,-16.463386404954594
1176.1717041372017,0.26912984251976,3.60110855102539,3.5845865993755273,-16.52195164986292
1177.1858806281016,0.266610443592072,3.60094666481018,3.584678484329315,-16.26818048086509
1178.1996586286018,0.264450967311859,3.60094666481018,3.5847714501120547,-16.17521469812555
1179.2136992222518,0.25941213965416,3.60094666481018,3.584822286631865,-16.124378178315357
1180.2278251055816,0.260491907596588,3.60094666481018,3.584955235663493,-15.991429146687164
1181.2429058087316,0.259772062301636,3.60094666481018,3.585072660515892,-15.874004294288202
1182.2555899070517,0.255093187093735,3.60094666481018,3.5851344058315213,-15.8122589786589
1183.2696032504716,0.255813002586365,3.60110855102539,3.5852627569612268,-15.845794064163421
1184.2835532459417,0.255093187093735,3.60110855102539,3.5853802142935636,-15.728336731826609
1185.2975588035717,0.250054389238358,3.60110855102539,3.5854336366621933,-15.674914363196901
1186.3116500047918,0.247534975409508,3.60094666481018,3.585512512683348,-15.434152126832412
1187.3255157722717,0.246815145015717,3.60094666481018,3.5856175712196134,-15.329093590566778
1188.3408137694817,0.243215993046761,3.60078477859497,3.585684771494903,-15.100007100066648
1189.3534168249016,0.241776347160339,3.60094666481018,3.5857770506819837,-15.169614128196507
1190.3674563568518,0.241416424512863,3.60094666481018,3.5858870326192998,-15.059632190880468
1191.3945816626217,0.239616855978966,3.60078477859497,3.5859824464833103,-14.802332111659489
1192.3954257120217,0.237817287445068,3.60094666481018,3.5860728073494657,-14.873857460714568
1193.4094259611618,0.237097457051277,3.60078477859497,3.5861773592682504,-14.607419326719384
1194.4233925898916,0.233858212828636,3.60078477859497,3.586250944793824,-14.533833801146034
1195.4387907405617,0.232418566942215,3.60094666481018,3.586340303407784,-14.606361402396129
1196.4513761010317,0.230978906154633,3.60094666481018,3.586433597450313,-14.513067359867016
1197.4653565318217,0.22953924536705,3.60094666481018,3.586525288404931,-14.421376405249209
1198.4793213910516,0.226659923791885,3.60094666481018,3.5865984989671134,-14.348165843066862
1199.4933103154317,0.226659923791885,3.60094666481018,3.586706694641582,-14.239970168598237
1200.5072992398018,0.225580185651779,3.60110855102539,3.5868061129400974,-14.302438085292746
1201.5211901341218,0.221981033682823,3.60094666481018,3.5868685873965784,-14.078077413601786
1202.5360719459718,0.221621125936508,3.60094666481018,3.5869685144593593,-13.97815035082095
1203.5492699058118,0.218741804361343,3.60094666481018,3.587037846802267,-13.908818007913215
1204.5632584762816,0.21910172700882,3.60094666481018,3.587150527770787,-13.796137039393308
1205.5772311213018,0.216582328081131,3.60078477859497,3.5872245221893198,-13.560256405650062
1206.5912044741117,0.214422836899757,3.60094666481018,3.587301915255038,-13.644749555142166
1207.6051916289916,0.214062914252281,3.60094666481018,3.5874019914958906,-13.544673314289657
1208.6191628584018,0.214422836899757,3.60094666481018,3.5875155958065346,-13.431069003645657
1209.6345882593016,0.212263345718384,3.60094666481018,3.587597337209338,-13.349327600842287
1210.6471311518717,0.209384024143219,3.60094666481018,3.587664713045527,-13.28195176465341
1211.6611218457417,0.209024116396904,3.60078477859497,3.58776122861837,-13.023549976599824
1212.6751058155317,0.206504717469215,3.60094666481018,3.587831035550766,-13.11562925941434
1213.6890929704116,0.203265488147736,3.60094666481018,3.5878850932601023,-13.061571550077922
1214.7030574757416,0.202545657753944,3.60094666481018,3.5879730277049946,-12.97363710518562
1215.7170853290218,0.203265488147736,3.60078477859497,3.588085449451692,-12.699329143277982
1216.7324675542218,0.202545657753944,3.60094666481018,3.5881831530481096,-12.763511762070578
1217.7450228332616,0.200386166572571,3.60094666481018,3.5882572005902027,-12.68946421997752
1218.7590252058017,0.199306428432465,3.60094666481018,3.5883420853541574,-12.60457945602278
1219.7729921884318,0.1964271068573,3.60110855102539,3.5884013478490933,-12.707203176296922
1220.7869588171618,0.192468047142029,3.60094666481018,3.588440447917683,-12.506216892497424
1221.8009739300717,0.192468047142029,3.60094666481018,3.5885301218060195,-12.41654300416073
1222.8149543608617,0.192108124494553,3.60110855102539,3.588621565111274,-12.486985914116122
1223.8302746537217,0.187069326639175,3.60094666481018,3.588643541262218,-12.303123547962258
1224.8429077905716,0.185989588499069,3.60110855102539,3.58871315831088,-12.3953927145104
1225.8569048546217,0.186349496245384,3.60078477859497,3.5888086199287406,-11.976158666229253
1226.8708654670618,0.185989588499069,3.60094666481018,3.588899665516646,-12.046999293534366
1227.8848586382317,0.18670941889286,3.60094666481018,3.589008008702034,-11.938656108146262
1228.8988489782016,0.18670941889286,3.60094666481018,3.5891094721967383,-11.83719261344196
1229.9131914477916,0.185629665851593,3.60110855102539,3.5891938449590293,-11.914706066360914
1230.9281790754817,0.180950775742531,3.60094666481018,3.589225463860628,-11.721200949552202
1231.9407881471916,0.180590867996216,3.60078477859497,3.589307736607769,-11.477041987201009
1232.9547657467917,0.179511114954948,3.60094666481018,3.5893833123623002,-11.563352447879982
1233.9687776746016,0.177711546421051,3.60094666481018,3.5894497105284406,-11.49695428173958
1234.9826621987418,0.178431376814842,3.60094666481018,3.589552288004331,-11.394376805849316
1235.9967176561418,0.18023094534874,3.60078477859497,3.5896737364037232,-11.11104219124659
1237.0107161357917,0.176271885633469,3.60078477859497,3.5897188673064853,-11.065911288484553
1238.0261146403616,0.174832239747047,3.60094666481018,3.589786869029752,-11.159795780428361
1239.0386670882117,0.172312825918198,3.60094666481018,3.589840292528705,-11.106372281475263
1240.0526584898716,0.172312825918198,3.60094666481018,3.589926298940972,-11.02036586920807
1241.0666343199816,0.1705132573843,3.60094666481018,3.5899900217840934,-10.956643026086788
1242.0806175819716,0.168713688850403,3.60094666481018,3.590049816310562,-10.896848499618361
1243.0946086297317,0.165114536881447,3.60078477859497,3.590083911168487,-10.700867426483018
1244.1085986158016,0.169073596596718,3.60094666481018,3.590219779887763,-10.726884922417135
1245.1239429738016,0.164394706487656,3.60078477859497,3.5902454772171755,-10.539301377794352
1246.1365573540018,0.161515399813652,3.60078477859497,3.5902822418372495,-10.502536757720282
1247.1505342458017,0.159715816378593,3.60094666481018,3.590333286872274,-10.613377937906066
1248.1645157382916,0.163674876093864,3.60094666481018,3.59046926890247,-10.477395907710019
1249.1785064321616,0.163674876093864,3.60078477859497,3.5905632327216246,-10.221545873345228
1250.1924755381817,0.161515399813652,3.60094666481018,3.5906236897022974,-10.322975107882826
1251.2064687093516,0.158995985984802,3.60094666481018,3.590671905077148,-10.27475973303238
1252.2218297006018,0.158276170492172,3.60094666481018,3.590742519660193,-10.20414514998702
1253.2346040432017,0.157916247844696,3.60094666481018,3.5908202738476867,-10.12639096249357
1254.2484273427917,0.157196417450905,3.60094666481018,3.590893418759744,-10.053246050436115
1255.2624010495017,0.154677018523216,3.60078477859497,3.590943730059821,-9.841048535149
1256.2763531683618,0.157556340098381,3.60078477859497,3.591063225539965,-9.721553055004772
1257.2903696968717,0.15683650970459,3.60094666481018,3.591145998129621,-9.800666680559011
1258.3043653453217,0.155036926269531,3.60094666481018,3.5912079788633324,-9.738685946847792
1259.3198717891216,0.151797696948051,3.60094666481018,3.5912436864026684,-9.702978407511775
1260.3323162977417,0.15107786655426,3.60094666481018,3.591308374103888,-9.638290706292185
1261.3463151312917,0.149998128414154,3.60078477859497,3.5913716496630457,-9.413128931924142
1262.3602881302018,0.149278298020363,3.60094666481018,3.5914384999257667,-9.508164884413528
1263.3742568823218,0.14783863723278,3.60094666481018,3.591498415640366,-9.448249169814016
1264.3882610243618,0.148558467626572,3.60094666481018,3.591586468635153,-9.360196175027369
1265.4021894319817,0.148198559880257,3.60094666481018,3.5916638959678755,-9.282768842304723
1266.4175196340118,0.147118806838989,3.60094666481018,3.5917299006115853,-9.216764198594962
1267.4302009011417,0.145679160952568,3.60078477859497,3.5917901965278753,-8.99458206709447
1268.4441707149617,0.146039068698883,3.60094666481018,3.59187363784909,-9.073026961090136
1269.4581706102117,0.146039068698883,3.60094666481018,3.5919551827842073,-8.991482025972886
1270.4721429013216,0.142439916729927,3.60094666481018,3.5919830092302973,-8.963655579882879
1271.4861286406117,0.139560610055923,3.60094666481018,3.59201322290535,-8.933441904830364
1272.5001260585616,0.141720086336136,3.60078477859497,3.5921128957709563,-8.671882824013544
1273.5154173316917,0.140280440449715,3.60094666481018,3.592171346952163,-8.775317858017218
1274.5280805499617,0.140280440449715,3.60094666481018,3.592247400347196,-8.699264462984413
1275.5420634580516,0.138120949268341,3.60062289237976,3.5922938534759803,-8.329038903779562
1276.5560541519217,0.138480857014656,3.60078477859497,3.5923708957465093,-8.413882848460563
1277.5700547549618,0.137041211128235,3.60094666481018,3.5924259685921465,-8.520696218033752
1278.5840128901118,0.13416188955307,3.60110855102539,3.5924550573533214,-8.653493672068802
1279.5980145548517,0.132002398371696,3.60094666481018,3.5924929391805,-8.453725629680164
1280.6132789316516,0.136681288480759,3.60094666481018,3.592626883426724,-8.319781383456348
1281.6259633838717,0.133442059159279,3.60094666481018,3.5926613188298036,-8.285345980376668
1282.6399551394418,0.129842907190323,3.60078477859497,3.592677278718834,-8.107499876135904
1283.6539451255117,0.128043338656425,3.60094666481018,3.5927131779699617,-8.233486840218518
1284.6679184783218,0.131642490625381,3.60094666481018,3.592830770948368,-8.115893861812218
1285.6819006786118,0.131282567977905,3.60094666481018,3.5929021452068177,-8.044519603362499
1286.6958789860116,0.129482999444008,3.60078477859497,3.5929512101690904,-7.833568425879456
1287.7111716747418,0.128763169050217,3.60094666481018,3.5930110405451363,-7.935624265043906
1288.7238663900316,0.128043338656425,3.60094666481018,3.5930715776790514,-7.875087131128833
1289.7378277102816,0.128043338656425,3.60078477859497,3.593141945098176,-7.642833496793955
1290.7518046020816,0.127323508262634,3.60094666481018,3.593201703303639,-7.744961506541248
1291.7658059129217,0.125523939728737,3.60078477859497,3.593248781590694,-7.535997004275874
1292.7797902366117,0.127323508262634,3.60094666481018,3.593341320100709,-7.605344709471051
1293.7937929630416,0.127323508262634,3.60094666481018,3.5934161571065157,-7.53050770366448
1294.8090686646117,0.123724363744259,3.60094666481018,3.593438612274197,-7.50805253598319
1295.8217106489417,0.121564880013466,3.60094666481018,3.5934708042155257,-7.475860594654549
1296.8357154987716,0.121564880013466,3.60078477859497,3.5935313146902392,-7.253463904730584
1297.8497153940216,0.12120496481657,3.60094666481018,3.5935912895378794,-7.35537527230079
1298.8636816688518,0.120125219225883,3.60094666481018,3.593641193578036,-7.3054712321440896
1299.8776667003317,0.118685558438301,3.60078477859497,3.5936837750043056,-7.101003590664234
1300.8916492545218,0.12120496481657,3.60094666481018,3.5937850936611437,-7.161571149036483
1301.9088020370216,0.120125219225883,3.60078477859497,3.5938434744731524,-6.941304121817371
1302.9199848952817,0.119405388832092,3.60094666481018,3.5939008373943455,-7.0458274158347045
1303.9336188588318,0.118325650691986,3.60094666481018,3.59395211111489,-6.994553695290229
1304.9475784095816,0.117605820298195,3.60078477859497,3.594007380947459,-6.777397647510952
1305.9615545935817,0.118325650691986,3.60094666481018,3.594084530117948,-6.862134692232402
1306.9755421023617,0.118325650691986,3.60078477859497,3.59415343260955,-6.631345985419923
1307.9895317345317,0.115806244313717,3.60078477859497,3.594186516735974,-6.598261858995702
1309.0047975269317,0.116885989904404,3.60078477859497,3.5942634801829354,-6.521298412034415
1310.0177116596817,0.11472649872303,3.60078477859497,3.594300611095729,-6.484167499240634
1311.0314747964117,0.114006675779819,3.60078477859497,3.594353563756441,-6.43121483852882
1312.0454584123017,0.114366583526134,3.60110855102539,3.5944213735411252,-6.68717748426495
1313.0594795414918,0.112567014992237,3.60078477859497,3.5944598846246185,-6.324893970351297
1314.0734256440717,0.112207099795341,3.60094666481018,3.594514703898491,-6.431960911689405
1315.0874071365618,0.111127354204655,3.60094666481018,3.594561107261265,-6.385557548915344
1316.1026973480016,0.111847184598446,3.60078477859497,3.594633507539587,-6.151271055382601
1317.1153828619117,0.112926930189133,3.60094666481018,3.594716708812268,-6.2299559979122066
1318.1293654161018,0.110047616064548,3.60094666481018,3.594739913779764,-6.206751030416235
1319.1435008547116,0.105368725955486,3.60078477859497,3.5947277203333488,-6.057058261621062
1320.1573298166818,0.104288980364799,3.60094666481018,3.5947601136499148,-6.186551160265452
1321.1713187410617,0.109687700867653,3.60094666481018,3.5948935232541346,-6.053141556045638
1322.1853037725416,0.10824804008007,3.60094666481018,3.594944064825565,-6.002599984615387
1323.2005433764018,0.107168294489384,3.60078477859497,3.594990374192547,-5.794404402422959
1324.2132770206017,0.106088548898697,3.60078477859497,3.595036635010535,-5.748143584434651
1325.2272132140017,0.106808379292488,3.60078477859497,3.595102584291708,-5.682194303261667
1326.2412191255316,0.103929065167904,3.60078477859497,3.5951237708733603,-5.66100772160949
1327.2551896471516,0.103209234774113,3.60094666481018,3.5951665783427744,-5.780086467405798
1328.2691810488218,0.102129489183426,3.60094666481018,3.595207050211104,-5.739614599076237
1329.2831611257118,0.105368725955486,3.60094666481018,3.595312256586382,-5.634408223798015
1330.2984368272816,0.104648895561695,3.60094666481018,3.5953680423592917,-5.578622450888471
1331.3112030302018,0.103929065167904,3.60094666481018,3.595420628116673,-5.5260366935070415
1332.3133862338716,0.103929065167904,3.60094666481018,3.595481493837473,-5.465170972707156
1333.3234996089916,0.104288980364799,3.60110855102539,3.595546924348184,-5.561626677206277
1334.3387784956517,0.0992501750588417,3.60078477859497,3.5955364189575993,-5.24835963737047
1335.3514541003917,0.0999700054526329,3.60094666481018,3.595593951417389,-5.352713392791308
1336.3654677977017,0.100329920649529,3.60094666481018,3.5956580606322395,-5.288604177940748
1337.3794376115218,0.102129489183426,3.60078477859497,3.5957430774205696,-5.0417011744001705
1338.3934215813117,0.102129489183426,3.60094666481018,3.595805957638918,-5.14070717126236
1339.4074246616517,0.0981704294681549,3.60094666481018,3.5958084891761466,-5.138175634033626
1340.4213845662916,0.0938514545559883,3.60094666481018,3.595792942832066,-5.153721978114145
1341.4366270013418,0.0981704294681549,3.60078477859497,3.595898832755873,-4.885945839096628
1342.4493691391217,0.0967307761311531,3.60110855102539,3.5959392028645274,-5.169348160862786
1343.4633407224417,0.0963708609342575,3.60078477859497,3.595987612902835,-4.7971656921346195
1344.4773193837416,0.0952911153435707,3.60094666481018,3.5960265470665087,-4.920117743671515
1345.4912442523716,0.0945712849497795,3.60094666481018,3.596069260618624,-4.877404191556245
1346.5052583035817,0.0952911153435707,3.60078477859497,3.596131150808648,-4.6536277863218345
1347.5192429811616,0.0938514545559883,3.60078477859497,3.596164958630059,-4.619819964911009
1348.5345484102618,0.0909721404314041,3.60094666481018,3.5961732522928838,-4.77341251729646
1349.5472307390917,0.0934915393590927,3.60094666481018,3.5962577029882468,-4.688961821933457
1350.5612221407516,0.0934915393590927,3.60094666481018,3.5963144121502104,-4.632252659969804
1351.5752071722418,0.0934915393590927,3.60094666481018,3.596370516667953,-4.576148142227066
1352.5891932654217,0.0927717164158821,3.60094666481018,3.5964169717856542,-4.529693024525994
1353.6031797125017,0.0942113697528839,3.60094666481018,3.5964923012728063,-4.45436353737394
1354.6171686368716,0.0931316316127777,3.60110855102539,3.5965359033222595,-4.572647703130706
1355.6324064712317,0.0902523100376129,3.60094666481018,3.5965469229989084,-4.3997418112717845
1356.6451298523616,0.0880928263068199,3.60078477859497,3.596562989488016,-4.2217891069538105
1357.6591070980617,0.0920518860220909,3.60094666481018,3.596665735610858,-4.280929199322436
1358.6731013309218,0.0916919708251953,3.60078477859497,3.596722354322461,-4.062424272508913
1359.6870651284516,0.0906122252345085,3.60078477859497,3.596763526325871,-4.021252269098774
1360.7012547136317,0.0898923948407173,3.60094666481018,3.5968059915765327,-4.140673233647529
1361.7150627955516,0.0880928263068199,3.60094666481018,3.596831480808022,-4.1151840021580455
1362.7303105390918,0.0870130807161331,3.60094666481018,3.5968623462250533,-4.084318585126923
1363.7430126862716,0.0859333351254463,3.60078477859497,3.5968939395964115,-3.8908389985583547
1364.7570012567417,0.0877329111099243,3.60078477859497,3.5969674675181023,-3.8173110768675578
1365.7709650542818,0.0844936817884445,3.60078477859497,3.5969712584091402,-3.8135201858295886
1366.7849706119116,0.0823341906070709,3.60078477859497,3.5969816821385105,-3.803096456459265
1367.7989414874316,0.0826941058039665,3.60078477859497,3.5970251051705757,-3.7596734243940944
1368.8129435060716,0.0819742754101753,3.60094666481018,3.5970592654778994,-3.887399332280772
1369.8281753241517,0.0866531655192375,3.60094666481018,3.597176624017445,-3.770040792735241
1370.8408912733917,0.0848535969853401,3.60094666481018,3.5972111692619912,-3.735495548188972
1371.8549070940917,0.0852135047316551,3.60094666481018,3.597266336103159,-3.6803287070212853
1372.8688708916318,0.0841337665915489,3.60094666481018,3.5973037041624325,-3.642960647747717
1373.8828346891717,0.0837738513946533,3.60078477859497,3.5973476302893146,-3.4371483056552243
1374.8968370617117,0.0834139361977577,3.60078477859497,3.597390470153201,-3.3943084417686897
1375.9111837780918,0.0823341906070709,3.60094666481018,3.597422528200332,-3.524136609848405
1376.9260836387916,0.0808945298194885,3.60078477859497,3.5974494681724565,-3.335310422513338
1377.9387702144118,0.0837738513946533,3.60094666481018,3.5975384871871157,-3.4081776230645566
1378.9527421516218,0.0812544450163841,3.60094666481018,3.5975558854177043,-3.3907793924758955
1379.9667282448017,0.0816143602132797,3.60078477859497,3.597606038913888,-3.1787396810818436
1380.9807359258316,0.0816143602132797,3.60094666481018,3.5976550688483915,-3.2915959617887403
1381.9947174183217,0.0805346220731735,3.60094666481018,3.5976887579219263,-3.257906888253892
1383.0087109433816,0.0805346220731735,3.60094666481018,3.597735228656003,-3.211436154177072
1384.0239636415117,0.0801747068762779,3.60078477859497,3.5977747636583697,-3.010014936600136
1385.0368579559117,0.0776553004980087,3.60094666481018,3.597785318231821,-3.161346578359314
1386.0506235699418,0.0801747068762779,3.60078477859497,3.5978649504487525,-2.9198281462172737
1387.0646330204618,0.0808945298194885,3.60094666481018,3.597928381293756,-3.0182835164240807
1388.0786063732717,0.0808945298194885,3.60094666481018,3.5979805071356417,-2.966157674538561
1389.0925974210418,0.0794548764824867,3.60078477859497,3.5980112614371245,-2.773517157845351
1390.1065859915118,0.0790949612855911,3.60078477859497,3.59805244085833,-2.732337736639945
1391.1218457676216,0.0769354701042175,3.60094666481018,3.5980657619474234,-2.8809028627567734
1392.1347365430317,0.0762156471610069,3.60062289237976,3.59809658327295,-2.526309106809954
1393.1485350696817,0.0765755623579025,3.60094666481018,3.5981442204788565,-2.8024443313237057
1394.1625116075818,0.0769354701042175,3.60094666481018,3.598195076696986,-2.7515881131940922
1395.1764849603917,0.0772953853011131,3.60078477859497,3.598247343162912,-2.5374354320577552
1396.1904717613718,0.0772953853011131,3.60110855102539,3.598296677260714,-2.811873764676065
1397.2044755495117,0.0783751308917999,3.60094666481018,3.5983504842981753,-2.596180512004942
1398.2197165689718,0.0747759863734245,3.60094666481018,3.5983566680814896,-2.5899967286906467
1399.2324180083417,0.0729764103889465,3.60094666481018,3.5983685847911504,-2.578080019029816
1400.2464164879916,0.0736962407827377,3.60094666481018,3.59841607104714,-2.530593763040212
1401.2604004577818,0.0747759863734245,3.60078477859497,3.598473700462195,-2.3110781327746466
1402.2743805346718,0.0733363255858421,3.60110855102539,3.59849908215713,-2.6094688682603007
1403.2883715824416,0.0693772658705711,3.60078477859497,3.5984808555077197,-2.303923087250137
1404.3023796173718,0.0682975202798843,3.60078477859497,3.5984948947713318,-2.289883823638039
1405.3177696283517,0.0711768418550491,3.60078477859497,3.5985714918590053,-2.213286735964548
1406.3303181833116,0.0736962407827377,3.60094666481018,3.598653155354832,-2.2935094553480084
1407.3442996758017,0.0718966722488403,3.60078477859497,3.598678343562911,-2.106435032058762
1408.3582786910017,0.0726164951920509,3.60078477859497,3.5987323389302213,-2.052439664748551
1409.3722598295917,0.0729764103889465,3.60094666481018,3.5987847048231627,-2.1619599870175144
1410.3862395525916,0.0718966722488403,3.60078477859497,3.5988139177333216,-1.970860861648216
1411.4001789310917,0.0697371810674667,3.60094666481018,3.598823993237612,-2.12267157256818
1412.4149269690718,0.0693772658705711,3.60094666481018,3.598856003597265,-2.0906612129150126
1413.4282098647018,0.0711768418550491,3.60094666481018,3.5989247084703107,-2.0219563398695684
1414.4421818019216,0.0722565874457359,3.60094666481018,3.598988676312422,-1.9579884977583006
1415.4561884212417,0.0722565874457359,3.60078477859497,3.599037072014324,-1.7477065806459358
1416.4701419557116,0.0697371810674667,3.60078477859497,3.599047962280929,-1.7368163140409898
1417.4841347729716,0.0693772658705711,3.60094666481018,3.599079522120222,-1.8671426899583565
1418.4981084796816,0.0682975202798843,3.60094666481018,3.5991047841038175,-1.8418807063627085
1419.5134446980016,0.0682975202798843,3.60078477859497,3.599141715227665,-1.6430633673047979
1420.5260686334716,0.0679376125335693,3.60110855102539,3.599176702502362,-1.93184852302819
1421.5400791456916,0.0679376125335693,3.60078477859497,3.5992137805333395,-1.570998061630302
1422.5540457744216,0.0654182061553001,3.60078477859497,3.5992166736646705,-1.5681049302993522
1423.5680389455817,0.0639785528182983,3.60078477859497,3.599226910421035,-1.5578681739349953
1424.5820115906017,0.0632587224245071,3.60078477859497,3.5992492882497897,-1.5354903451800794
1425.5959888363018,0.0679376125335693,3.60094666481018,3.599352019564549,-1.5946452456310212
1426.6112762165417,0.0668578669428825,3.60078477859497,3.599385737984359,-1.3990406106110242
1427.6239794254118,0.0690173506736755,3.60078477859497,3.599462061499379,-1.3227170955909529
1428.6379757816717,0.0682975202798843,3.60094666481018,3.5995004471078014,-1.4462177023788492
1429.6519240076418,0.0661380365490913,3.60094666481018,3.5995119377802816,-1.4347270298986636
1430.6659203639017,0.0650582909584045,3.60094666481018,3.599533157779835,-1.4135070303451513
1431.6798915933116,0.0643384605646133,3.60094666481018,3.5995574716661167,-1.3891931440634941
1432.6938967970516,0.0625388920307159,3.60078477859497,3.599569270047999,-1.2155085469709448
1433.7091671901317,0.0650582909584045,3.60094666481018,3.599638309745958,-1.308355064222333
1434.7218367785918,0.0661380365490913,3.60094666481018,3.5996991291823934,-1.2475356277867888
1435.7358225178716,0.0668578669428825,3.60078477859497,3.5997548233389676,-1.0299552560022462
1436.7498503711417,0.0654182061553001,3.60094666481018,3.599779229068219,-1.1674357419613202
1437.7637985971216,0.0654182061553001,3.60078477859497,3.599819515880466,-0.9652627145038117
1438.7777829208017,0.0650582909584045,3.60094666481018,3.599853954189685,-1.0927106204952075
1439.7917704295817,0.0628988072276115,3.60110855102539,3.5998621178052796,-1.2464332201105321
1440.8070422382616,0.0621789768338203,3.60078477859497,3.599884571043262,-0.9002075517079433
1441.8197337684617,0.0618190616369247,3.60094666481018,3.59991386438676,-1.0328004234203547
1442.8337304786216,0.0632587224245071,3.60094666481018,3.5999717817075227,-0.9748831026574756
1443.8476733961018,0.0632587224245071,3.60078477859497,3.600012438708626,-0.7723398863439535
1444.8616708140617,0.0625388920307159,3.60062289237976,3.600042510979432,-0.5803814003280117
1445.8698147405817,0.0625388920307159,3.60094666481018,3.600080505539756,-0.866159270424216
1446.8752495693518,0.0628988072276115,3.60094666481018,3.6001244367647516,-0.8222280454286413
1447.8893283841016,0.0603794045746326,3.60078477859497,3.6001251122563667,-0.6596663386031487
1448.9031987522717,0.0582199171185493,3.60094666481018,3.6001244548876037,-0.8222099225765334
1449.9175571473218,0.0636186376214027,3.60078477859497,3.600236003885733,-0.5487747092369766
1450.9312222540018,0.0621789768338203,3.60094666481018,3.6002620707026187,-0.6845941075614981
1451.9453453061417,0.0578600019216537,3.60110855102539,3.600236535018332,-0.8720160070581073
1452.9591615277418,0.056060429662466,3.60078477859497,3.6002345385610175,-0.5502400339523206
1453.9731005523417,0.0607393197715282,3.60094666481018,3.6003306169157216,-0.6160478944585712
1454.9872016627316,0.0610992312431335,3.60094666481018,3.6003812230802112,-0.565441729968974
1456.0010539820516,0.0592996589839458,3.60094666481018,3.6003948066462557,-0.5518581639245568
1457.0150825431217,0.0589397437870502,3.60094666481018,3.6004231416133123,-0.5235231968678811
1458.0290707597017,0.0578600019216537,3.60078477859497,3.6004432196817877,-0.3415589131821051
1459.0432345102317,0.0589397437870502,3.60078477859497,3.6004924585693394,-0.29232002563039927
1460.0569990625718,0.0582199171185493,3.60094666481018,3.600518817911868,-0.4278468983121009
1461.0710152371717,0.0575000867247581,3.60078477859497,3.600546090986587,-0.23868760838263725
1462.0849949601718,0.0596595741808414,3.60094666481018,3.60061161838203,-0.3350464281504095
1463.0989870696317,0.0603794045746326,3.60094666481018,3.6006635180906144,-0.28314671956586324
1464.1117461945717,0.0585798323154449,3.60078477859497,3.600678417134033,-0.10636146093689902
1465.1257393657318,0.0578600019216537,3.60078477859497,3.600704360878145,-0.0804177168247655
1466.1397024554717,0.0585798323154449,3.60078477859497,3.6007478765586627,-0.03690203630712929
1467.1549112701016,0.0571401715278625,3.60094666481018,3.6007646082368177,-0.18205657336256564
1468.1676495149918,0.0567802563309669,3.60094666481018,3.6007893522324994,-0.15731257768081264
1469.1828901805518,0.0553405992686749,3.60078477859497,3.6008021554192506,0.017376824280823655
1470.1968320363417,0.0553405992686749,3.60094666481018,3.600831896060888,-0.11476874929217118
1471.2108531655317,0.0571401715278625,3.60094666481018,3.600890510103652,-0.05615470652831078
1472.2247950213216,0.0553405992686749,3.60094666481018,3.6009026193516402,-0.04404545853997632
1473.2376139552116,0.0542608574032784,3.60078477859497,3.6009180189654693,0.13324037049944337
1474.2527912728217,0.0553405992686749,3.60094666481018,3.600963694335411,0.017029525230860543
1475.2667872751817,0.054620772600174,3.60078477859497,3.600988091160474,0.20331256550409904
1476.2795492313116,0.0542608574032784,3.60094666481018,3.60101471972664,0.06805491645955897
1477.2935505421517,0.0539009422063828,3.60078477859497,3.6010443057099915,0.2595271150216405
1478.3089780664418,0.0553405992686749,3.60094666481018,3.601096437969809,0.14977315962871884
1479.3146032929417,0.054620772600174,3.60094666481018,3.6011232851863295,0.1766203761492946
1480.3200713882218,0.054620772600174,3.60078477859497,3.6011550944796666,0.37031588469682575
1481.3338681453718,0.0539009422063828,3.60078477859497,3.6011814792101116,0.39670061514174293
1482.3478170791518,0.0542608574032784,3.60094666481018,3.601216259840908,0.269595030727654
1483.3618169743918,0.0535410270094872,3.60078477859497,3.6012419461890786,0.45716759410874275
1484.3771546083117,0.0535410270094872,3.60078477859497,3.601274085064468,0.48930646949818524
1485.3898001316218,0.0539009422063828,3.60078477859497,3.601314001644885,0.5292230499152062
1486.4037741922416,0.0553405992686749,3.60094666481018,3.6013682580378363,0.42159322765611407
1487.4177624088118,0.0542608574032784,3.60094666481018,3.601391151785612,0.4444869754318681
1488.4317485019917,0.0521013699471951,3.60078477859497,3.6013937548529094,0.6089762579395419
1489.4457006208618,0.0524612851440907,3.60094666481018,3.601426277487383,0.47961267720264544
1490.4599075470917,0.0521013699471951,3.60078477859497,3.6014536179946672,0.6688393996974185
1491.4751036213518,0.052821196615696,3.60078477859497,3.601494426246577,0.7096476516070815
1492.4876762414517,0.0513815395534039,3.60094666481018,3.6015062144755334,0.5595496653532095
1493.5016825068817,0.0492220520973206,3.60078477859497,3.6015059909313267,0.7212123363569134
1494.5156448888217,0.0535410270094872,3.60078477859497,3.601593890327487,0.8091117325172981
1495.5296398294818,0.0499418824911118,3.60094666481018,3.60157981420762,0.6331493974398583
1496.5436128283916,0.0459828227758408,3.60078477859497,3.6015443727929215,0.7595941979516851
1497.5576198016217,0.048862136900425,3.60078477859497,3.6016024945516407,0.8177159566709058
1498.5731697750116,0.0513815395534039,3.60094666481018,3.6016715038554588,0.7248390452785358
1499.5855817249117,0.0517414547502995,3.60094666481018,3.601716560526307,0.7698957161266229
1500.5995497692318,0.0524612851440907,3.60078477859497,3.6017640072727413,0.9792286777714487
1501.6135348007217,0.0513815395534039,3.60094666481018,3.601786521689018,0.839856878837697
1502.6275198322016,0.0513815395534039,3.60094666481018,3.6018188977235504,0.8722329133701301
1503.6415009707916,0.0495819672942162,3.60078477859497,3.6018250522054753,1.0402736105055155
1504.6554838788818,0.0495819672942162,3.60078477859497,3.601851847661897,1.0670690669272176
1505.6708561949117,0.0477823950350285,3.60078477859497,3.6018564759585394,1.0716973635696014
1506.6834493411618,0.0513815395534039,3.60078477859497,3.6019352575316548,1.1504789366849622
1507.6974368499316,0.0506617091596127,3.60078477859497,3.601962293019687,1.177514424717252
1508.7114282516018,0.0485022217035294,3.60078477859497,3.601963510521068,1.1787319260982976
1509.7254083284918,0.0481423102319241,3.60078477859497,3.6019841701401227,1.199391545152917
1510.7393724799317,0.0485022217035294,3.60078477859497,3.6020180658406393,1.233287245669512
1511.7533783914616,0.0481423102319241,3.60094666481018,3.6020428437215717,1.0961789113914655
1512.7919006644618,0.0481423102319241,3.60094666481018,3.602071695489212,1.125030679031802
1513.7981384903317,0.0467026494443417,3.60078477859497,3.602084730595575,1.2999520006053977
1514.8121249374117,0.0481423102319241,3.60094666481018,3.6021267246383526,1.180059828172375
1515.8263123991817,0.0477823950350285,3.60078477859497,3.602154398846727,1.36962025175702
1516.8400659806416,0.0470625646412373,3.60078477859497,3.602172091179416,1.387312584446132
1517.8540959573118,0.0456229075789452,3.60078477859497,3.602180330537589,1.3955519426191998
1518.8680491378816,0.0470625646412373,3.60078477859497,3.602224932662934,1.4401540679642721
1519.8820702670716,0.0459828227758408,3.60094666481018,3.602239817622207,1.2931528120265767
1520.8960089377717,0.0463427342474461,3.60078477859497,3.6022716613010552,1.486882706085435
1521.9103765342018,0.0459828227758408,3.60094666481018,3.602295413920625,1.3487491104449134
1522.9241693984618,0.0467026494443417,3.60078477859497,3.602334983086568,1.5502044915982616
1523.9379827888718,0.0467026494443417,3.60094666481018,3.602365483185961,1.4188183757806172
1524.9519388006217,0.0456229075789452,3.60078477859497,3.6023800095440444,1.5952309490745442
1525.9659988587216,0.0456229075789452,3.60078477859497,3.6024066442156277,1.621865620657914
1526.9799035551016,0.0463427342474461,3.60094666481018,3.6024447892623317,1.4981244521514725
1527.9939094666317,0.0452629923820496,3.60078477859497,3.6024605499714815,1.6757713765116478
1529.0078693712817,0.0452629923820496,3.60078477859497,3.6024868116424864,1.7020330475165935
1530.0220462160917,0.0456229075789452,3.60078477859497,3.602521084384562,1.736305789592052
1531.0358412037417,0.0459828227758408,3.60094666481018,3.602555895721639,1.6092309114585923
1532.0498651641317,0.0456229075789452,3.60094666481018,3.602582391021747,1.6357262115667126
1533.0638551502018,0.0459828227758408,3.60094666481018,3.602615669450594,1.6690046404139736
1534.0777924053018,0.0438233353197575,3.60094666481018,3.602615240076078,1.6685752658975872
1535.0917738977917,0.0452629923820496,3.60078477859497,3.6026602698569015,1.87549126193165
1536.1058081212516,0.0474224798381329,3.60078477859497,3.602724232594966,1.939453999996399
1537.1199294039018,0.0456229075789452,3.60078477859497,3.602732886794041,1.948108199071097
1538.1337842005016,0.0427435897290707,3.60078477859497,3.6027177037144935,1.9329251195236985
1539.1477041145517,0.0445431619882584,3.60094666481018,3.602765394391922,1.8187295817417848
1540.1617217047517,0.044903077185154,3.60078477859497,3.602801187312104,2.016408717134155
1541.1756621449417,0.0452629923820496,3.60094666481018,3.6028372025656115,1.890537755431243
1542.1896921216116,0.0438233353197575,3.60094666481018,3.6028458540778847,1.899189267704493
1543.2036686595218,0.0441832467913628,3.60078477859497,3.6028753711164097,2.090592521439838
1544.2178196696916,0.0423836745321751,3.60078477859497,3.602875853867657,2.0910752726872595
1545.2316550018418,0.0420237630605698,3.60078477859497,3.6028930449012853,2.1082663063154428
1546.2620446730916,0.0423836745321751,3.60078477859497,3.6029207457101706,2.1359671152008097
1547.2752189216917,0.0387845300137997,3.60094666481018,3.6028919080108377,1.945243200657476
1548.2879585821718,0.040944017469883,3.60078477859497,3.6029393994660115,2.154620871041679
1549.3020511989816,0.0395043604075909,3.60094666481018,3.602943266477226,1.9966016670456277
1550.3160578183117,0.040944017469883,3.60094666481018,3.6029854523070677,2.038787496887462
1551.3299027057517,0.0438233353197575,3.60078477859497,3.6030547424065102,2.269963811540432
1552.3439036626917,0.0427435897290707,3.60094666481018,3.60307557593528,2.1289111250997195
1553.3578695836218,0.0427435897290707,3.60078477859497,3.6031067049455285,2.321926350558723
1554.3731509475717,0.0441832467913628,3.60078477859497,3.603156833135389,2.3720545404191107
1555.3858208899317,0.0423836745321751,3.60078477859497,3.603163263524792,2.3784849298222888
1556.3998264475617,0.0423836745321751,3.60094666481018,3.603188559241776,2.2418944315956146
1557.4137654721617,0.0420237630605698,3.60094666481018,3.6032092034451515,2.2625386349712784
1558.4278580889818,0.0405841022729874,3.60094666481018,3.6032156078816358,2.2689430714555314
1559.4417588924716,0.0445431619882584,3.60094666481018,3.60329948396573,2.3528191555497457
1560.4557644501017,0.0438233353197575,3.60094666481018,3.6033249393911686,2.378274580988382
1561.4709994532716,0.0423836745321751,3.60094666481018,3.6033340705155346,2.3874057053543396
1562.4837309740717,0.040944017469883,3.60078477859497,3.603338358822528,2.5535802275582498
1563.4977022034916,0.0413039326667786,3.60078477859497,3.6033662330372325,2.581454442262654
1564.5117059916317,0.0402241870760918,3.60094666481018,3.603375017035482,2.4283522253019107
1565.5256648345817,0.0395043604075909,3.60078477859497,3.6033852383632223,2.6004597682525166
1566.5396668532217,0.036984957754612,3.60078477859497,3.6033692030546485,2.584424459678658
1567.5536310046516,0.0423836745321751,3.60094666481018,3.60346724743371,2.5205826235299433
1568.5689035211317,0.0416638478636742,3.60078477859497,3.603493349928938,2.7085713339682904
1569.5815929279418,0.0402241870760918,3.60094666481018,3.603500323459096,2.5536586489156576
1570.5956037940616,0.0387845300137997,3.60094666481018,3.6035036846827513,2.5570198725710647
1571.6095435264517,0.0395043604075909,3.60078477859497,3.60353405746297,2.74927886800036
1572.6235706719317,0.0395043604075909,3.60094666481018,3.6035567178543966,2.610053044216354
1573.6375344694718,0.0384246148169041,3.60078477859497,3.6035666172018446,2.7818386068747536
1574.6515325952216,0.0380646996200085,3.60078477859497,3.6035850801924174,2.8003015974475964
1575.6667541502218,0.0398642756044865,3.60094666481018,3.603632659544297,2.6859947341169033
1576.6794977035918,0.0387845300137997,3.60094666481018,3.6036450537139753,2.698388903795035
1577.6934717642016,0.0391444452106953,3.60078477859497,3.603673496397332,2.8887178023619953
1578.7074790913316,0.0387845300137997,3.60094666481018,3.6036957142290476,2.749049418867333
1579.7302369280717,0.0395043604075909,3.60094666481018,3.603729541977585,2.7828771674047736
1580.7354176572817,0.0377047881484032,3.60078477859497,3.603729217760976,2.944439166006063
1581.7493995036716,0.0377047881484032,3.60094666481018,3.603750869273924,2.8042044637439645
1582.7646713123518,0.0387845300137997,3.60078477859497,3.603790188256009,3.005409661039238
1583.7773667354418,0.0395043604075909,3.60094666481018,3.6038283814344587,2.8817166242784964
1584.7913722930716,0.0387845300137997,3.60078477859497,3.603846585833665,3.061807238695202
1585.8053424607917,0.0391444452106953,3.60094666481018,3.603873860591339,2.9271957811589644
1586.8054627864917,0.0373448729515076,3.60078477859497,3.603873705352948,3.0889267579783386
1587.8189105991116,0.0380646996200085,3.60078477859497,3.6039059994061406,3.121220811170833
1588.8329143872518,0.0384246148169041,3.60094666481018,3.603935661201441,2.988996391260823
1589.8469447178218,0.0380646996200085,3.60078477859497,3.6039558400598306,3.1710614648607915
1590.8608671091617,0.0373448729515076,3.60078477859497,3.6039734734859845,3.1886948910146984
1591.8748422314618,0.0391444452106953,3.60078477859497,3.6040213486879162,3.2365700929464225
1592.8888962732817,0.0391444452106953,3.60078477859497,3.604051904569164,3.267125974194318
1593.9033565912716,0.0395043604075909,3.60094666481018,3.604083945354361,3.1372805441809426
1594.9168376704117,0.0373448729515076,3.60094666481018,3.6040804512488345,3.1337864386542513
1595.9308163317116,0.0384246148169041,3.60078477859497,3.6041177088008927,3.332930205922846
1596.9448356914118,0.0377047881484032,3.60078477859497,3.604132306638904,3.3475280439341226
1597.9588759311516,0.036984957754612,3.60094666481018,3.6041441908048935,3.197525994713235
1598.9727229419816,0.0362651273608208,3.60078477859497,3.6041555123346596,3.3707337396897685
1599.9867185904418,0.036984957754612,3.60094666481018,3.6041873971228977,3.240732312717487
1601.0009134841016,0.0373448729515076,3.60078477859497,3.604216690042289,3.431911447319358
1602.0146925462916,0.0366250425577164,3.60078477859497,3.6042291597110157,3.444381116045836
1603.0287388023216,0.0337457247078419,3.60078477859497,3.604209668643014,3.424890048044027
1604.0414554593617,0.0366250425577164,3.60078477859497,3.604266175739792,3.481397144822207
1605.0554454454316,0.0362651273608208,3.60094666481018,3.604287325085225,3.340660275044982
1606.0694018110917,0.0341056399047375,3.60078477859497,3.604277829477988,3.4930508830179896
1607.0833999368417,0.0344655551016331,3.60078477859497,3.6042994275640803,3.5146489691104676
1608.0973934619017,0.0366250425577164,3.60078477859497,3.604354095316832,3.5693167218622257
1609.1113692920117,0.0373448729515076,3.60094666481018,3.604393389112699,3.446724302518689
1610.1253532617916,0.0348254702985287,3.60094666481018,3.6043825426992937,3.435877889113481
1611.1393365237816,0.0337457247078419,3.60078477859497,3.604385052210722,3.600273615752325
1612.1533314644416,0.0362651273608208,3.60078477859497,3.6044410762448456,3.6562976498757394
1613.1547123788016,0.0351853854954243,3.60078477859497,3.6044516844291175,3.666905834147638
1614.1656945762618,0.0348254702985287,3.60078477859497,3.604467819725776,3.683041130805975
1615.1796661595718,0.0341056399047375,3.60094666481018,3.604479118034454,3.5324532242739792
1616.1936501293617,0.0359052121639252,3.60094666481018,3.6045269892561684,3.5803244459882144
1617.2076277289616,0.0366250425577164,3.60078477859497,3.6045659333188333,3.7811547238635335
1618.2216095753517,0.0377047881484032,3.60078477859497,3.6046087816608585,3.8240030658887036
1619.2369415468818,0.0366250425577164,3.60078477859497,3.6046222439334294,3.8374653384596336
1620.2495934403817,0.0341056399047375,3.60078477859497,3.6046074525996517,3.8226740046818364
1621.2635660854016,0.033025898039341,3.60094666481018,3.604607126003449,3.6604611932689046
1622.2775468700918,0.033025898039341,3.60094666481018,3.6046238747631985,3.6772099530182345
1623.2915301320818,0.0333858132362366,3.60094666481018,3.6046498020006874,3.7031371905071886
1624.3057275030317,0.0366250425577164,3.60094666481018,3.6047183236664417,3.771658856261517
1625.3195047957317,0.0337457247078419,3.60094666481018,3.604705706547026,3.759041736845603
1626.3348463225418,0.0319461524486542,3.60094666481018,3.6046958166031136,3.7491517929333362
1627.3474638878317,0.0312263239175081,3.60094666481018,3.6046992955238157,3.7526307136355186
1628.3614478576117,0.0341056399047375,3.60078477859497,3.6047592385571083,3.9744599621385213
1629.3754116551518,0.0348254702985287,3.60094666481018,3.604795407629152,3.84874281897174
1630.3894186283717,0.0333858132362366,3.60078477859497,3.6048008420277973,4.016063432827455
1631.4034011825618,0.033025898039341,3.60094666481018,3.604813768697757,3.867103887576828
1632.4173812594618,0.0276271793991327,3.60078477859497,3.6047488640829775,3.9640854880076404
1633.4327139387917,0.0323060676455498,3.60078477859497,3.6048230684368843,4.038289841914455
1634.4455590612117,0.0305064953863621,3.60078477859497,3.604821538360509,4.0367597655390774
1635.4596300901817,0.0308664105832577,3.60094666481018,3.6048441056784615,3.8974408682812545
1636.4733150152117,0.0348254702985287,3.60094666481018,3.604923440624059,3.9767758138786746
1637.4874048008317,0.0337457247078419,3.60094666481018,3.6049404457323155,3.993780922135315
1638.5012829547818,0.0337457247078419,3.60078477859497,3.604964797604912,4.1800190099423595
1639.5152364892417,0.0355453006923199,3.60094666481018,3.605016652000007,4.0699871898266515
1640.5292516021516,0.0341056399047375,3.60078477859497,3.605024925704073,4.240147109103365
1641.5432012437218,0.0323060676455498,3.60094666481018,3.6050203907926837,4.07372598250344
1642.5571951226816,0.0308664105832577,3.60078477859497,3.6050166110630935,4.231832468123642
1643.5711759073718,0.0326659828424454,3.60094666481018,3.6050578113843432,4.111146574163005
1644.5865315901417,0.0319461524486542,3.60078477859497,3.605070945678119,4.286167083149106
1645.5993752969716,0.0319461524486542,3.60078477859497,3.6050894486927865,4.304670097816654
1646.6131557747617,0.0323060676455498,3.60094666481018,3.605116421174474,4.169756364293953
1647.6271124943116,0.0305064953863621,3.60078477859497,3.605110538611192,4.325760016222091
1648.6411070810716,0.0319461524486542,3.60078477859497,3.605147775986014,4.362997391044399
1649.6550641545216,0.0315862372517586,3.60078477859497,3.605166146119159,4.3813675241892724
1650.6690774979418,0.0337457247078419,3.60094666481018,3.6052201607072574,4.273495897077151
1651.6843970830016,0.0337457247078419,3.60094666481018,3.605248358593479,4.301693783298699
1652.6970627785618,0.0333858132362366,3.60094666481018,3.6052684660680354,4.321801257855196
1653.7110102967417,0.0333858132362366,3.60078477859497,3.605290234569931,4.505455974961325
1654.7250155004717,0.0319461524486542,3.60078477859497,3.605291996693507,4.507218098537269
1655.7389516938817,0.0319461524486542,3.60094666481018,3.605310601307561,4.363936497380649
1656.7531607435017,0.0308664105832577,3.60078477859497,3.605315174729176,4.530396134206249
1657.7669419290917,0.0312263239175081,3.60078477859497,3.6053372479303096,4.552469335339815
1658.7823004430618,0.0312263239175081,3.60094666481018,3.605358412275462,4.4117474652818345
1659.7951059287816,0.0323060676455498,3.60078477859497,3.605395942751955,4.611164156985037
1660.8089285205617,0.0341056399047375,3.60078477859497,3.605447815680861,4.6630370858911085
1661.8229047045718,0.0341056399047375,3.60094666481018,3.605475192202107,4.528527391926662
1662.8368815963718,0.0308664105832577,3.60094666481018,3.605452458598408,4.5057937882275745
1663.8508248677617,0.0308664105832577,3.60094666481018,3.6054668009663695,4.520136156189292
1664.8648435196617,0.0319461524486542,3.60078477859497,3.605500641538676,4.715862943706295
1665.8801425785716,0.0308664105832577,3.60078477859497,3.605506535510455,4.721756915485376
1666.8930170746216,0.029786666855216,3.60094666481018,3.6055075129222476,4.560848112067362
1667.9071840102517,0.0283470079302788,3.60094666481018,3.60550382623363,4.5571614234498625
1668.9207730286116,0.0308664105832577,3.60078477859497,3.605552474573633,4.767695978663333
1669.9597256429417,0.0315862372517586,3.60078477859497,3.605587125392409,4.802346797439405
1670.9643564129117,0.0287069231271744,3.60094666481018,3.6055678575628076,4.621192752627401
1671.9783340125116,0.0305064953863621,3.60094666481018,3.605607859551637,4.6611947414567645
1672.9923211673918,0.0312263239175081,3.60094666481018,3.6056408356282077,4.694170818027477
1674.0063221243317,0.0305064953863621,3.60078477859497,3.6056556408607823,4.870862265812459
1675.0202908764618,0.0323060676455498,3.60078477859497,3.6057020755785643,4.917296983594444
1676.0356217862916,0.0315862372517586,3.60094666481018,3.605716967838249,4.770303028068579
1677.0484308110017,0.029786666855216,3.60094666481018,3.6057109833065586,4.7643184963783725
1678.0622392468217,0.0290668364614248,3.60062289237976,3.605715814877232,5.092922497472063
1679.0762218010118,0.0287069231271744,3.60078477859497,3.605727072742851,4.9422941478813875
1680.0901933843318,0.0294267516583204,3.60078477859497,3.605757522477792,4.972743882821984
1681.1041837243017,0.033025898039341,3.60094666481018,3.60582655529554,4.879890485359972
1682.1181369048618,0.0312263239175081,3.60078477859497,3.605832424862927,5.047646267957173
1683.1335021429018,0.0269073490053415,3.60094666481018,3.6057865084709015,4.839843660721321
1684.1460853799817,0.0294267516583204,3.60094666481018,3.605833203212321,4.886538402140594
1685.1601096942618,0.0290668364614248,3.60078477859497,3.605846228883025,5.061450288055269
1686.1740809236817,0.0276271793991327,3.60078477859497,3.6058442995559083,5.059520960938535
1687.1880762182418,0.0294267516583204,3.60094666481018,3.6058854566996046,4.938791889424365
1688.2020400157717,0.0294267516583204,3.60078477859497,3.605908030915472,5.123252320502036
1689.2160696385417,0.0301465801894665,3.60078477859497,3.6059382989195163,5.153520324546523
1690.2313556031918,0.0287069231271744,3.60078477859497,3.605937929657581,5.153151062611272
1691.2440050194018,0.0265474356710911,3.60078477859497,3.605922673886048,5.1378952910781095
1692.2579858040917,0.0283470079302788,3.60094666481018,3.605959990875751,5.013326065570922
1693.2719874688316,0.0283470079302788,3.60078477859497,3.6059805401437397,5.195761548769884
1694.2859519741717,0.0287069231271744,3.60078477859497,3.6060050422420336,5.220263647063739
1695.3000286655217,0.0294267516583204,3.60078477859497,3.6060370251006475,5.252246505677682
1696.3138983258916,0.0301465801894665,3.60078477859497,3.606070913519124,5.2861349241539735
1697.3292717036218,0.0308664105832577,3.60078477859497,3.6061059461663945,5.321167571424645
1698.3418797136317,0.0276271793991327,3.60094666481018,3.606078838564072,5.1321737538918555
1699.3558767776817,0.0269073490053415,3.60078477859497,3.606081088907127,5.296310312157271
1700.3698288965518,0.0301465801894665,3.60094666481018,3.606145480595979,5.198815785798949
1701.3838443633517,0.0305064953863621,3.60078477859497,3.6061773889989017,5.392610403931908
1702.3978152388718,0.0308664105832577,3.60094666481018,3.6062058957640053,5.259230953825078
1703.4117616953517,0.0261875204741955,3.60094666481018,3.606158664993548,5.21200018336776
1704.4271262256018,0.0279870927333832,3.60078477859497,3.6061937608251977,5.408982230227899
1705.4397908594717,0.0290668364614248,3.60078477859497,3.6062289319466903,5.444153351720438
1706.4538130503618,0.0276271793991327,3.60094666481018,3.606228090509962,5.281425699781739
1707.4677425196817,0.0265474356710911,3.60094666481018,3.606230688854299,5.2840240441187625
1708.4817158724918,0.0283470079302788,3.60094666481018,3.606269260123186,5.322595313005607
1709.4957062124618,0.0272672642022371,3.60078477859497,3.606274386553631,5.489607958661047
1710.5096544384417,0.0276271793991327,3.60078477859497,3.6062947519346746,5.509973339704821
1711.5250210920817,0.0261875204741955,3.60078477859497,3.606290647933277,5.50586933830699
1712.5376276864918,0.0279870927333832,3.60078477859497,3.606332470832816,5.547692237846125
1713.5516590787618,0.0272672642022371,3.60094666481018,3.6063425946117666,5.39592980158643
1714.5655945643716,0.0269073490053415,3.60078477859497,3.606355461270838,5.570682675868355
1715.5798160004617,0.0276271793991327,3.60094666481018,3.6063825417029562,5.435876892776026
1716.5935862151816,0.0276271793991327,3.60094666481018,3.6064029954636205,5.456330653440311
1717.6075928345117,0.0283470079302788,3.60078477859497,3.6064321951655547,5.647416570584873
1718.6229003870017,0.0272672642022371,3.60110855102539,3.6064351896689546,5.326638643564419
1719.6355533422018,0.0251077767461538,3.60078477859497,3.606420382197662,5.6356036026921075
1720.6495298801017,0.0279870927333832,3.60078477859497,3.606475920055297,5.69114146032712
1721.6635474703016,0.0283470079302788,3.60078477859497,3.606505356646131,5.720578051161329
1722.6774627836617,0.029786666855216,3.60078477859497,3.6065485380108,5.763759415830183
1723.6916909438416,0.0254676919430494,3.60094666481018,3.6065083527759034,5.5616879657232055
1724.7054211679517,0.0261875204741955,3.60094666481018,3.606526850225803,5.580185415622996
1725.7207987924717,0.0258276052772999,3.60078477859497,3.606537973756669,5.753195161699143
1726.7334025556918,0.0261875204741955,3.60094666481018,3.606558278692522,5.6116138823418815
1727.7474020970417,0.0265474356710911,3.60094666481018,3.6065807252647497,5.6340604545694895
1728.7613694335716,0.0265474356710911,3.60094666481018,3.606598685255033,5.652020444852912
1729.7753912705616,0.0269073490053415,3.60094666481018,3.6066205562528104,5.673891442630197
1730.7893469284118,0.0251077767461538,3.60078477859497,3.60661293950255,5.828160907580315
1731.8033411612716,0.0251077767461538,3.60094666481018,3.6066273079694278,5.680643159247545
1732.8186582690416,0.0276271793991327,3.60094666481018,3.6066788526718585,5.732187861678284
1733.8313069774517,0.0276271793991327,3.60078477859497,3.606703164157744,5.91838556277402
1734.8454862995518,0.0269073490053415,3.60094666481018,3.6067122269092486,5.765562099068422
1735.8592710241317,0.0254676919430494,3.60078477859497,3.6067086741564607,5.923895561490866
1736.8732167728117,0.0254676919430494,3.60094666481018,3.6067216751860367,5.775010375856482
1737.8874314848217,0.0251077767461538,3.60094666481018,3.6067339838585295,5.787319048349282
1738.9015410887916,0.0258276052772999,3.60094666481018,3.6067537859176624,5.8071211074821605
1739.9166486882816,0.0240280330181122,3.60078477859497,3.6067473851082457,5.962606513275848
1740.9291738859017,0.0279870927333832,3.60094666481018,3.6068199448221168,5.873280011936544
1741.9431741350518,0.0240280330181122,3.60110855102539,3.6067846026674295,5.676051642039326
1742.9571234227217,0.0204288884997368,3.60078477859497,3.60673788474839,5.953106153420151
1743.9711498604017,0.0233082044869661,3.60078477859497,3.6067832677433587,5.9984891483888525
1744.9850920700917,0.0258276052772999,3.60078477859497,3.6068372512243516,6.0524726293818
1745.9991057674017,0.0272672642022371,3.60078477859497,3.6068796612271887,6.094882632218912
1747.0144688820517,0.0251077767461538,3.60094666481018,3.6068739546716895,5.927289861509255
1748.0270850317418,0.0247478634119034,3.60078477859497,3.6068835258562624,6.098747261292559
1749.0412632921416,0.0247478634119034,3.60078477859497,3.6068997273655556,6.114948770585826
1750.0550434160416,0.0251077767461538,3.60078477859497,3.6069224884664086,6.137709871438801
1751.0690157071517,0.0269073490053415,3.60078477859497,3.606966512006528,6.1817334115583655
1752.0830003847318,0.0240280330181122,3.60078477859497,3.606946186186451,6.161407591481094
1753.0969751531418,0.0254676919430494,3.60078477859497,3.6069795198252828,6.194741230312939
1754.1123846285816,0.0258276052772999,3.60078477859497,3.6070050037678825,6.220225172912652
1755.1249473395017,0.0269073490053415,3.60078477859497,3.6070398669026003,6.255088307630441
1756.1389454652517,0.0251077767461538,3.60094666481018,3.6070351116493997,6.088446839219497
1757.1528866132417,0.0247478634119034,3.60094666481018,3.607044219119193,6.097554309012931
1758.1669201289117,0.0254676919430494,3.60078477859497,3.607069524732417,6.284746137447339
1759.1810683078818,0.0247478634119034,3.60078477859497,3.607076844716928,6.292066121958317
1760.1948905457716,0.0240280330181122,3.60094666481018,3.6070824955969774,6.135830786797136
1761.2102165010217,0.0247478634119034,3.60062289237976,3.607106892573313,6.484000193553108
1762.2228347741018,0.0251077767461538,3.60094666481018,3.6071270617362425,6.180396926062315
1763.2368120198016,0.0233082044869661,3.60094666481018,3.6071179642116875,6.171299401507291
1764.2508243015218,0.0229482892900705,3.60078477859497,3.607124933819916,6.34015522494602
1765.2647778359817,0.0251077767461538,3.60094666481018,3.6071704807297382,6.223815919558007
1766.2787823319218,0.0240280330181122,3.60078477859497,3.6071742538646165,6.389475269646727
1767.2927478989518,0.0240280330181122,3.60094666481018,3.607191003161468,6.2443383512875705
1768.3086075340616,0.0254676919430494,3.60078477859497,3.6072289248626284,6.444146267658546
1769.3207229165016,0.0261875204741955,3.60078477859497,3.6072612239274586,6.476445332488812
1770.3347171493617,0.0233082044869661,3.60094666481018,3.607238227551141,6.2915627409609876
1771.3503184381218,0.0233082044869661,3.60078477859497,3.607247565684523,6.462787089553057
1772.3626879201217,0.0229482892900705,3.60094666481018,3.607256592077818,6.309927267637683
1773.3765904931117,0.0251077767461538,3.60078477859497,3.6073027362916834,6.517957696713594
1774.3906417037317,0.0254676919430494,3.60094666481018,3.6073306296923557,6.383964882175519
1775.4059704901717,0.0265474356710911,3.60094666481018,3.607364257227401,6.417592417220952
1776.4186241531618,0.0240280330181122,3.60094666481018,3.6073507149899964,6.404050179816156
1777.4325755642317,0.0240280330181122,3.60078477859497,3.6073618882362823,6.5771096413125285
1778.4465712126917,0.0225883759558201,3.60078477859497,3.607354697140487,6.56991854551725
1779.4605551824718,0.0233082044869661,3.60078477859497,3.6073769551975396,6.5921766025698325
1780.4745508309318,0.0236681196838617,3.60078477859497,3.607398009066742,6.613230471772091
1781.4885128589717,0.0222284607589245,3.60078477859497,3.6073918583641484,6.607079769178625
1782.5038504928916,0.0236681196838617,3.60078477859497,3.6074248272778235,6.6400486828537275
1783.5164807985418,0.0236681196838617,3.60078477859497,3.6074426543629627,6.657875767992927
1784.5304782164917,0.0225883759558201,3.60078477859497,3.607442624727786,6.657846132816392
1785.5444494459116,0.0247478634119034,3.60078477859497,3.607487132969879,6.702354374909181
1786.5584829615716,0.0218685455620289,3.60094666481018,3.607465727827718,6.519063017537796
1787.5724223400716,0.0233082044869661,3.60094666481018,3.607496858656993,6.5501938468126575
1788.5864091410517,0.0229482892900705,3.60078477859497,3.607507950599654,6.723172004684308
1789.6017446515716,0.0225883759558201,3.60078477859497,3.6075170625728172,6.73228397784742
1790.6143799118117,0.0225883759558201,3.60094666481018,3.607532193915388,6.585529105207932
1791.6283532646216,0.0236681196838617,3.60078477859497,3.6075611330035957,6.776354408625895
1792.6423326337217,0.0218685455620289,3.60078477859497,3.607552811855275,6.768033260305284
1793.6563109411218,0.0240280330181122,3.60094666481018,3.607598000803756,6.651335993575813
1794.6703172065518,0.0243879482150078,3.60078477859497,3.607624283644535,6.839505049565098
1795.6842795884918,0.0247478634119034,3.60078477859497,3.607648784662005,6.864006067035078
1796.6996649987916,0.0243879482150078,3.60094666481018,3.607661645494969,6.714980684788596
1797.7122429273718,0.0229482892900705,3.60078477859497,3.607657122623504,6.872344028534094
1798.7262325595416,0.0225883759558201,3.60078477859497,3.6076652980689192,6.880519473949409
1799.7402292697018,0.0229482892900705,3.60078477859497,3.607683250944245,6.89847234927532
1800.7541736027817,0.0222284607589245,3.60078477859497,3.60768832732197,6.903548727000164
1801.7681788065117,0.0225883759558201,3.60094666481018,3.6077068955147977,6.760230704617509
1802.7821811790518,0.0229482892900705,3.60094666481018,3.607726848964828,6.7801841546479835
1803.7977014249118,0.0211487170308828,3.60078477859497,3.6077145017520516,6.929723157081735
1804.8101477030316,0.0215086322277784,3.60078477859497,3.6077307286677986,6.945950072828833
1805.8241189324517,0.0225883759558201,3.60094666481018,3.6077601083509894,6.81344354080915
1806.8381152887016,0.0225883759558201,3.60078477859497,3.607777878097387,6.9930995024169995
1807.8520812096317,0.0229482892900705,3.60078477859497,3.607794247053712,7.009468458742063
1808.8660680106118,0.0204288884997368,3.60094666481018,3.6077748305138546,6.828165703674394
1809.8800576427816,0.0225883759558201,3.60078477859497,3.607815957081277,7.031178486307077
1810.8953942150017,0.0215086322277784,3.60078477859497,3.6078173194809096,7.032540885939742
1811.9083649716117,0.0197090581059456,3.60094666481018,3.607801451290753,6.854786480572805
1812.9220024741517,0.0186293143779039,3.60078477859497,3.6077930058627463,7.008227267776501
1813.9359931680217,0.0186293143779039,3.60078477859497,3.607798561341487,7.013782746517094
1814.9499828001917,0.0204288884997368,3.60078477859497,3.6078353919960278,7.050613401057948
1815.9639596920017,0.0215086322277784,3.60094666481018,3.6078681505277994,6.921485717619191
1816.9779426000916,0.0193491447716951,3.60094666481018,3.607853632615643,6.906967805462738
1817.9932965133617,0.0222284607589245,3.60078477859497,3.6079065957461665,7.121817151196641
1819.0059392054916,0.0218685455620289,3.60062289237976,3.6079207590706313,7.297866690871402
1820.0198817690716,0.0211487170308828,3.60094666481018,3.6079243056942345,6.977640884054281
1821.0338752941418,0.0197090581059456,3.60094666481018,3.607917076059699,6.970411249518804
1822.0478578483217,0.0243879482150078,3.60078477859497,3.6079998811500156,7.21510255504576
1823.0618365096218,0.0207888018339872,3.60094666481018,3.607971147699806,7.0244828896259826
1824.0758222489017,0.0204288884997368,3.60078477859497,3.6079757583383323,7.190979743362469
1825.0911641296118,0.0211487170308828,3.60078477859497,3.607998947634465,7.214169039495122
1826.1037954969618,0.0233082044869661,3.60078477859497,3.6080487031929214,7.263924597951554
1827.1354121364518,0.0247478634119034,3.60094666481018,3.6080911515061467,7.144486695966457
1828.1489346217818,0.0175495706498623,3.60094666481018,3.6080082933072033,7.061628497023076
1829.1625374422217,0.0197090581059456,3.60078477859497,3.6080351363045544,7.250357709584598
1830.1765168113218,0.0207888018339872,3.60078477859497,3.6080642325587,7.279453963730198
1831.1905365249117,0.0222284607589245,3.60078477859497,3.6081012079843156,7.3164293893457355
1832.2044819196917,0.0225883759558201,3.60078477859497,3.6081261758621914,7.3413972672216055
1833.2185207438417,0.0207888018339872,3.60078477859497,3.608118297232306,7.333518637336223
1834.2324746322017,0.0207888018339872,3.60078477859497,3.608129017301307,7.344238706337158
1835.2466171487918,0.0200689733028412,3.60078477859497,3.60813135519735,7.346576602380139
1836.2604103669516,0.0200689733028412,3.60078477859497,3.608143489850802,7.3587112558319845
1837.2746091535016,0.0236681196838617,3.60094666481018,3.6082104652063394,7.263800396159148
1838.2884069723516,0.0215086322277784,3.60078477859497,3.608203095102103,7.418316507133316
1839.3025222387116,0.0211487170308828,3.60094666481018,3.6082115585176155,7.264893707435327
1840.3163788048116,0.0215086322277784,3.60078477859497,3.6082304756013297,7.445697006359886
1841.3291336829618,0.0204288884997368,3.60078477859497,3.608227357266746,7.442578671776001
1842.3431275619216,0.0189892295747995,3.60078477859497,3.6082180037850438,7.433225190073944
1843.3571072849218,0.0200689733028412,3.60078477859497,3.6082407581379057,7.455979542935864
1844.3710962092916,0.0197090581059456,3.60078477859497,3.6082462030470155,7.461424452045673
1845.3850759322918,0.0157499983906746,3.60078477859497,3.608196324951764,7.411546356794307
1846.3990591942718,0.0197090581059456,3.60078477859497,3.6082573499593393,7.472571364369518
1847.4129999883717,0.0197090581059456,3.60094666481018,3.6082752472206736,7.328582410493389
1848.4282328681418,0.0207888018339872,3.60094666481018,3.608308027050274,7.361362240093872
1849.4423927257917,0.0222284607589245,3.60094666481018,3.608345118109992,7.3984532998117025
1850.4561958531317,0.0197090581059456,3.60078477859497,3.6083287129301596,7.543934335189739
1851.4702127355317,0.0193491447716951,3.60078477859497,3.6083339583590717,7.549179764101854
1852.4841744096716,0.0200689733028412,3.60062289237976,3.6083571291932444,7.734236813484507
1853.4981445773917,0.0215086322277784,3.60094666481018,3.608391515328218,7.444850518037782
1854.5121416414418,0.0197090581059456,3.60094666481018,3.608385920875645,7.439256065464583
1855.5263457364817,0.0218685455620289,3.60078477859497,3.6084291249915097,7.644346396539881
1856.5404804672917,0.0186293143779039,3.60078477859497,3.608400515511755,7.615736916785298
1857.5542655457716,0.0207888018339872,3.60094666481018,3.6084389448418976,7.492280031717424
1858.5683270194618,0.0197090581059456,3.60078477859497,3.6084409823371275,7.656203742157697
1859.5822727681516,0.0204288884997368,3.60078477859497,3.60846345398655,7.678675391580292
1860.5885569548018,0.0211487170308828,3.60094666481018,3.6084883110006998,7.5416461905195575
1861.5934379314517,0.0175495706498623,3.60078477859497,3.608450233587899,7.665454992929366
1862.6073387349418,0.0207888018339872,3.60094666481018,3.60850317388639,7.55650907620975
1863.6211761904917,0.0197090581059456,3.60094666481018,3.608503069659226,7.556404849045961
1864.6352992426316,0.0168297421187162,3.60094666481018,3.608472731291579,7.526066481398974
1865.6492842741118,0.0200689733028412,3.60094666481018,3.60852611667553,7.579451865349807
1866.6631227913617,0.0168297421187162,3.60094666481018,3.6084945769024537,7.547912092273457
1867.6771159625216,0.0164698269218206,3.60078477859497,3.608492894587377,7.708115992407283
1868.6910861302417,0.0171896573156118,3.60078477859497,3.6085094479349844,7.724669340014589
1869.7050916878818,0.0204288884997368,3.60094666481018,3.6085686643029122,7.621999492732012
1870.7190554854117,0.0193491447716951,3.60094666481018,3.608576209788494,7.629544978313696
1871.7330398091017,0.0215086322277784,3.60078477859497,3.6086230732546167,7.838294659646916
1872.7470276717718,0.0197090581059456,3.60094666481018,3.6086161840457103,7.669519235530053
1873.7609957161017,0.0189892295747995,3.60094666481018,3.6086168923705744,7.670227560394149
1874.7763528144617,0.0182694010436535,3.60078477859497,3.608616949567728,7.8321709727582345
1875.7889735648416,0.0186293143779039,3.60078477859497,3.6086331955164757,7.848416921505841
1876.8029593041217,0.0193491447716951,3.60094666481018,3.608656738708952,7.710073898771874
1877.8168799259718,0.0197090581059456,3.60094666481018,3.6086802556507984,7.733590840618199
1878.8309329060817,0.0218685455620289,3.60094666481018,3.6087167554585244,7.770090648344219
1879.8449041355018,0.0197090581059456,3.60094666481018,3.608711781128227,7.765116318046772
1880.8588881052817,0.0179094858467579,3.60078477859497,3.6086985999923455,7.913821397375731
1881.8742338788818,0.0186293143779039,3.60078477859497,3.608715778228404,7.930999633434244
1882.8868542753617,0.0197090581059456,3.60078477859497,3.608743690239939,7.958911644969202
1883.9012367355517,0.0189892295747995,3.60078477859497,3.6087486451415463,7.963866546576437
1884.9148268156216,0.0161099135875702,3.60094666481018,3.6087184342495657,7.771769439385512
1885.9288033535217,0.0193491447716951,3.60078477859497,3.6087692212268436,7.9844426318738115
1886.9427915701017,0.0189892295747995,3.60078477859497,3.608780076962608,7.995298367638348
1887.9567822639717,0.0153900841251016,3.60078477859497,3.6087375843716005,7.952805776630711
1888.9720951249417,0.0121508529409766,3.60078477859497,3.608691617374068,7.9068387790983685
1889.9847300312917,0.0179094858467579,3.60094666481018,3.608771277149701,7.824612339520698
1890.9987143549718,0.0186293143779039,3.60094666481018,3.608802290666795,7.855625856614701
1892.0127085878316,0.0193491447716951,3.60078477859497,3.6088311836406564,8.046405045686544
1893.0268925106218,0.0197090581059456,3.60094666481018,3.6088528838980247,7.906219087844502
1894.0406029163917,0.0168297421187162,3.60078477859497,3.6088262618903264,8.041483295356588
1895.0546682829718,0.0164698269218206,3.60078477859497,3.60882729648507,8.042517890100243
1896.0699825595416,0.0175495706498623,3.60078477859497,3.608851854382427,8.067075787457245
1897.0826461317217,0.0171896573156118,3.60078477859497,3.608858873505597,8.07409491062705
1898.0965936498917,0.0182694010436535,3.60094666481018,3.6088872529985214,7.940588188341202
1899.1105776196816,0.0193491447716951,3.60078477859497,3.6089181830114314,8.133404416461598
1900.1245807000216,0.0193491447716951,3.60078477859497,3.6089362237003146,8.151445105344823
1901.1385869654516,0.0193491447716951,3.60094666481018,3.6089536748214646,8.007010011284343
1902.1525394382118,0.0200689733028412,3.60094666481018,3.6089773854065914,8.03072059641119
1903.1678650395518,0.0189892295747995,3.60078477859497,3.608978454782652,8.193676187682186
1904.1804992381017,0.0175495706498623,3.60094666481018,3.6089691896340477,8.02252482386745
1905.1944945326618,0.0175495706498623,3.60094666481018,3.608978680780527,8.032015970346862
1906.2084696549716,0.0189892295747995,3.60094666481018,3.6090110092530745,8.064344442894278
1907.2224507935616,0.0193491447716951,3.60094666481018,3.6090329184255023,8.086253615322114
1908.2364287470616,0.0193491447716951,3.60094666481018,3.6090487326229215,8.102067812741254
1909.2506169166418,0.0193491447716951,3.60078477859497,3.60906355152508,8.278772930110367
1910.2657443344717,0.0182694010436535,3.60094666481018,3.6090600240610238,8.113359250843555
1911.2783930428816,0.0168297421187162,3.60078477859497,3.609048250364302,8.263471769332398
1912.2923826750616,0.0161099135875702,3.60078477859497,3.6090445487849965,8.25977019002666
1913.3064331778817,0.0164698269218206,3.60078477859497,3.6090561018609435,8.271323265973685
1914.3203187637116,0.0193491447716951,3.60078477859497,3.6091085708637243,8.32379226875446
1915.3343232596417,0.0153900841251016,3.60078477859497,3.6090672205143406,8.282441919370775
1916.3482690083217,0.0143103403970599,3.60094666481018,3.609051685136163,8.105020325982704
1917.3636476945317,0.0125107672065496,3.60094666481018,3.609026948988011,8.080284177830688
1918.3762535811518,0.0179094858467579,3.60078477859497,3.6091092933847615,8.324514789791682
1919.3902630316718,0.0182694010436535,3.60094666481018,3.6091363022926295,8.189637482449275
1920.4041981633818,0.0175495706498623,3.60094666481018,3.6091424944808037,8.195829670623489
1921.4182384031217,0.0168297421187162,3.60094666481018,3.609145005043069,8.198340232888679
1922.4321887524918,0.0168297421187162,3.60094666481018,3.6091562788131952,8.209614003015009
1923.4461483032417,0.0179094858467579,3.60094666481018,3.6091825439117806,8.235879101600396
1924.4615046938118,0.0171896573156118,3.60078477859497,3.609185602166387,8.400823571417249
1925.4741392462518,0.0150301698595285,3.60078477859497,3.609166211308323,8.38143271335312
1926.4881037515918,0.0175495706498623,3.60094666481018,3.609208860406429,8.262195596248745
1927.5021539005118,0.0164698269218206,3.60078477859497,3.609207048934654,8.422270339684346
1928.5160681521718,0.0175495706498623,3.60094666481018,3.6092337185296235,8.287053719443271
1929.5300836189817,0.0161099135875702,3.60078477859497,3.609225940016219,8.441161421249177
1930.5440527250016,0.0175495706498623,3.60094666481018,3.609257274787183,8.310609977002947
1931.5594076999716,0.0179094858467579,3.60094666481018,3.609276243396983,8.329578586802722
1932.5720153560817,0.0168297421187162,3.60078477859497,3.609275965062835,8.491186467865397
1933.5860212676116,0.0179094858467579,3.60078477859497,3.6093034026700086,8.518624075038783
1934.5999797566617,0.0193491447716951,3.60094666481018,3.609341010671908,8.394345861727714
1935.6139916844818,0.0186293143779039,3.60078477859497,3.6093475980856273,8.562819490657514
1936.6279544203217,0.0164698269218206,3.60094666481018,3.6093295324803574,8.382867670177152
1937.6419405135016,0.0168297421187162,3.60094666481018,3.609341326111221,8.394661301040607
1938.6572523127818,0.0168297421187162,3.60094666481018,3.6093526345350857,8.405969724905482
1939.6699300409116,0.0175495706498623,3.60110855102539,3.609373912327436,8.265361302045804
1940.6838588024416,0.0164698269218206,3.60078477859497,3.6093703262442265,8.585547649256675
1941.6979029350716,0.0157499983906746,3.60094666481018,3.6093675639332075,8.420899123027237
1942.7118348816916,0.0150301698595285,3.60094666481018,3.609366288147928,8.419623337747595
1943.7258489329017,0.0193491447716951,3.60110855102539,3.6094363032782026,8.32775225281246
1944.7397890191917,0.0153900841251016,3.60094666481018,3.609397823480579,8.451158670398584
1945.7551737216918,0.0125107672065496,3.60094666481018,3.609358228849263,8.41156403908272
1946.7677796083117,0.0175495706498623,3.60078477859497,3.6094337233275158,8.64894473254596
1947.7817897666316,0.0179094858467579,3.60094666481018,3.6094595588835663,8.512894073386068
1948.7957652428317,0.0161099135875702,3.60078477859497,3.609449381442122,8.664602847152203
1949.8097463814318,0.0164698269218206,3.60078477859497,3.6094627159101496,8.67793731517974
1950.8257850895018,0.0157499983906746,3.60078477859497,3.609465244536232,8.680465941262039
1951.8377252918717,0.0175495706498623,3.60094666481018,3.609499853118551,8.553188308370707
1952.8530197500918,0.0157499983906746,3.60094666481018,3.609487882507533,8.541217697352721
1953.8656886307517,0.0150301698595285,3.60078477859497,3.609485391839621,8.700613244651212
1954.8796166844818,0.0153900841251016,3.60094666481018,3.609498004650575,8.55133984039469
1955.8939683554518,0.0164698269218206,3.60078477859497,3.6095231594459296,8.738380850959793
1956.9079363997716,0.0157499983906746,3.60094666481018,3.6095265089444037,8.579844134223524
1957.9216181397117,0.0164698269218206,3.60094666481018,3.6095477715832596,8.601106773079348
1958.9355840606418,0.0168297421187162,3.60094666481018,3.609564916787297,8.618251977116742
1959.9509397434117,0.0157499983906746,3.60078477859497,3.6095692397570827,8.784461162112844
1960.9635558931018,0.0182694010436535,3.60094666481018,3.6096049859506545,8.658321140474268
1961.9775451713817,0.0168297421187162,3.60094666481018,3.60961045857964,8.663793769459804
1962.9915100306116,0.0179094858467579,3.60094666481018,3.609634175681684,8.687510871503878
1964.0055329293018,0.0161099135875702,3.60078477859497,3.6096237043099855,8.838925715015655
1965.0194808013716,0.0164698269218206,3.60094666481018,3.609637201224186,8.690536414005745
1966.0334736186417,0.0168297421187162,3.60094666481018,3.609654344500085,8.707679689904602
1967.0488328404017,0.0168297421187162,3.60094666481018,3.609666638960383,8.71997415020287
1968.0614443894017,0.0168297421187162,3.60094666481018,3.6096786603200983,8.7319955099181
1969.0753972160617,0.0153900841251016,3.60078477859497,3.6096662997623787,8.881521167408923
1970.0894130367717,0.0125107672065496,3.60078477859497,3.6096311492822144,8.846370687244587
1971.1035736022118,0.0153900841251016,3.60094666481018,3.6096735389421557,8.726874131975482
1972.1173795607417,0.0179094858467579,3.60078477859497,3.6097239262490373,8.939147654067447
1973.1313401731918,0.0143103403970599,3.60094666481018,3.609687183297314,8.740518487133642
1974.1467475252316,0.011071109212935,3.60078477859497,3.6096410556738148,8.856277078844954
1975.1593102361517,0.0153900841251016,3.60094666481018,3.6097032146112205,8.756549801040237
1976.1733172093816,0.0164698269218206,3.60094666481018,3.609734839648698,8.788174838517904
1977.1872845459118,0.0146702546626329,3.60094666481018,3.6097237366606216,8.77707185044141
1978.2013024900116,0.0153900841251016,3.60078477859497,3.6097407994916804,8.956020896710548
1979.2152662875417,0.0125107672065496,3.60094666481018,3.6097076410664455,8.760976256265263
1980.2292407020518,0.0153900841251016,3.60078477859497,3.609753317827409,8.96853923243901
1981.2445917841417,0.0153900841251016,3.60078477859497,3.609767924894873,8.983146299903044
1982.2572157196116,0.0135905109345913,3.60062289237976,3.60975454837784,9.131655998080301
1983.2711582832017,0.0164698269218206,3.60078477859497,3.609803042877007,9.018264282037336
1984.2851847208817,0.0175495706498623,3.60078477859497,3.609837050753606,9.052272158636132
1985.2992207138318,0.0175495706498623,3.60078477859497,3.6098548250341467,9.07004643917686
1986.3131466441616,0.0153900841251016,3.60094666481018,3.6098382896331422,8.891624822962019
1987.3270962857316,0.0161099135875702,3.60078477859497,3.6098554937279212,9.070715132951435
1988.3424551536018,0.0143103403970599,3.60078477859497,3.609839285926754,9.054507331784034
1989.3550921833316,0.0139504261314869,3.60094666481018,3.609838237124256,8.89157231407589
1990.3690733219316,0.0128706824034452,3.60078477859497,3.6098315788319733,9.046800237003438
1991.3830463208417,0.0153900841251016,3.60094666481018,3.6098713577224646,8.924692912284371
1992.3970547096617,0.0139504261314869,3.60094666481018,3.6098644673941083,8.917802583928047
1993.4110107214217,0.0150301698595285,3.60078477859497,3.6098875858229813,9.10280722801149
1994.4250067237717,0.0143103403970599,3.60094666481018,3.6098890981447904,8.9424333346102
1995.4403245393416,0.0153900841251016,3.60078477859497,3.609914227233614,9.129448638644178
1996.4529803257317,0.0153900841251016,3.60094666481018,3.6099273297454832,8.980664935303029
1997.4669600487316,0.0143103403970599,3.60078477859497,3.6099213256534113,9.136547058441469
1998.4809496809016,0.0139504261314869,3.60078477859497,3.6099236136965507,9.138835101580867
1999.4951261718118,0.0161099135875702,3.60094666481018,3.609964875027571,9.018210217390799
2000.5089091268917,0.0146702546626329,3.60078477859497,3.6099589584161738,9.174179821203943
2001.5228821258017,0.0150301698595285,3.60078477859497,3.609972728761866,9.187950166896108
2002.5382293150017,0.0146702546626329,3.60094666481018,3.6099793533266813,9.032688516501075
2003.5508631596417,0.0150301698595285,3.60078477859497,3.609994314630732,9.209536035762245
2004.5648531457116,0.0153900841251016,3.60094666481018,3.6100099052402124,9.063240430032149
2005.5788084496717,0.0150301698595285,3.60078477859497,3.6100159407271355,9.231162132165682
2006.5930330708618,0.0143103403970599,3.60078477859497,3.610017761073177,9.232982478207141
2007.6244840855618,0.0161099135875702,3.60078477859497,3.6100519967937004,9.267218198730554
2008.6375981713118,0.0153900841251016,3.60094666481018,3.6100564636616377,9.109798851457462
2009.6515301179218,0.0150301698595285,3.60094666481018,3.6100611688716153,9.114504061435102
2010.6655544322116,0.0143103403970599,3.60110855102539,3.610060268236476,8.951717211085786
2011.6795380480917,0.0146702546626329,3.60078477859497,3.6100721086478975,9.2873300529277
2012.6937046298217,0.0139504261314869,3.60094666481018,3.6100729449922877,9.126280182107482
2013.7074631658718,0.0146702546626329,3.60094666481018,3.6100913420278853,9.144677217705066
2014.7214938503416,0.0139504261314869,3.60094666481018,3.610093951847636,9.147287037455598
2015.7355309049917,0.0168297421187162,3.60078477859497,3.610144242895214,9.359464300244369
2016.7494366630717,0.0161099135875702,3.60094666481018,3.6101526924054452,9.20602759526501
2017.7634008145117,0.0168297421187162,3.60094666481018,3.6101728787480116,9.226213937831407
2018.7774392847616,0.0139504261314869,3.60078477859497,3.61014613926805,9.361360673080021
2019.7915471192416,0.0146702546626329,3.60078477859497,3.6101608185274254,9.376039932455615
2020.8054539390116,0.0139504261314869,3.60094666481018,3.6101592148176334,9.212550007453135
2021.8193550964118,0.0135905109345913,3.60078477859497,3.6101621293051274,9.37735071015755
2022.8333783489918,0.0161099135875702,3.60078477859497,3.6102068086191146,9.422030024144767
2023.8472993247317,0.0146702546626329,3.60094666481018,3.610200926882122,9.254262071941799
2024.8613101908518,0.0128706824034452,3.60094666481018,3.6101816653025254,9.235000492345158
2025.8753100861018,0.011071109212935,3.60094666481018,3.6101598449743935,9.213180164213242
2026.8894674664516,0.0132305966690183,3.60094666481018,3.610191396146447,9.24473133626691
2027.9036361715816,0.0153900841251016,3.60094666481018,3.6102338862802856,9.287221470105411
2028.9172662422518,0.0150301698595285,3.60078477859497,3.610245303752721,9.46052515775131
2029.9312434879516,0.0150301698595285,3.60094666481018,3.610258064861149,9.311400050968643
2030.9452193180516,0.0153900841251016,3.60078477859497,3.6102741304216197,9.489351826649894
2031.9592531876117,0.0135905109345913,3.60078477859497,3.6102610135302875,9.476234935317684
2032.9732130922616,0.0153900841251016,3.60078477859497,3.610294043372878,9.509264777908033
2033.9873219884316,0.0146702546626329,3.60094666481018,3.610297871713513,9.351206903332798
2035.0011796162316,0.0157499983906746,3.60078477859497,3.610324362214472,9.539583619502245
2036.0151324429016,0.0164698269218206,3.60078477859497,3.6103500807361475,9.565302141177678
2037.0291744521417,0.0135905109345913,3.60094666481018,3.610320422681062,9.373757870881683
2038.0430894116016,0.0132305966690183,3.60078477859497,3.6103183358740276,9.533557279057803
2039.0570882451416,0.0135905109345913,3.60078477859497,3.610328937542769,9.544158947799364
2040.0710619518618,0.0135905109345913,3.60094666481018,3.6103381270332915,9.391462223111269
2041.0846339830716,0.0139504261314869,3.60094666481018,3.6103509167486223,9.404251938442076
2042.0990054723918,0.0135905109345913,3.60094666481018,3.6103566601628168,9.409995352636535
2043.1130209391918,0.0153900841251016,3.60094666481018,3.61039383561163,9.447170801449634
2044.1270257890317,0.0153900841251016,3.60078477859497,3.610408464835076,9.62368624010601
2045.1409683526217,0.0146702546626329,3.60078477859497,3.6104106441499564,9.625865554986568
2046.1549498451118,0.0157499983906746,3.60094666481018,3.6104368739660138,9.49020915583354
2047.1689638963219,0.0161099135875702,3.60078477859497,3.6104556098676994,9.670831272729608
2048.1830957959414,0.0153900841251016,3.60094666481018,3.610457699040893,9.511034230712756
2049.1969106019415,0.0135905109345913,3.60094666481018,3.6104411757572756,9.494510947095414
2050.2108814774615,0.0132305966690183,3.60078477859497,3.6104409469092467,9.656168314276847
2051.2249602922116,0.0153900841251016,3.60094666481018,3.6104814831083942,9.53481829821401
2052.2388465858417,0.0157499983906746,3.60078477859497,3.6105023932655698,9.71761467059995
2053.2529020432517,0.0146702546626329,3.60094666481018,3.6104992011981913,9.552536388011124
2054.2668385905513,0.0153900841251016,3.60078477859497,3.6105179295837955,9.733150988825656
2055.2809814610414,0.0143103403970599,3.60094666481018,3.6105153935813346,9.568728771154333
2056.2949827718817,0.0150301698595285,3.60094666481018,3.6105344955658,9.587830755619642
2057.3087851914215,0.0125107672065496,3.60094666481018,3.61050612509192,9.559460281739707
2058.3228353403415,0.011071109212935,3.60078477859497,3.610487206259048,9.70242766407825
2059.3368833658715,0.0135905109345913,3.60094666481018,3.6105273647723144,9.580699962134176
2060.3507912473415,0.0164698269218206,3.60094666481018,3.610583085245344,9.636420435163995
2061.3647415967116,0.0153900841251016,3.60094666481018,3.6105860422943445,9.639377484164324
2062.3788742041315,0.0132305966690183,3.60094666481018,3.6105655633362543,9.618898526074116
2063.3920619008913,0.0139504261314869,3.60094666481018,3.6105804476575916,9.633782847411343
2064.4066613012515,0.0135905109345913,3.60094666481018,3.610584147483148,9.637482672967934
2065.4206870311314,0.0125107672065496,3.60094666481018,3.61057673425423,9.63006944404965
2066.4346118997614,0.0135905109345913,3.60094666481018,3.6105957332808245,9.649068470644284
2067.4486585096915,0.011071109212935,3.60094666481018,3.6105665812766308,9.619916466450551
2068.4626244306214,0.0096314512193203,3.60078477859497,3.610545466515908,9.760687920937983
2069.4767542068416,0.011071109212935,3.60062289237976,3.6105660795170413,9.943187137281484
2070.4905371619316,0.0125107672065496,3.60078477859497,3.610595505561372,9.810726966402061
2071.5045664308013,0.0143103403970599,3.60078477859497,3.6106337893614717,9.849010766501909
2072.5185387219217,0.0132305966690183,3.60078477859497,3.610632448567479,9.847669972509188
2073.5325241073015,0.0161099135875702,3.60094666481018,3.6106869642985258,9.740299488345538
2074.5459733355215,0.0143103403970599,3.60078477859497,3.610678385175079,9.893606580109182
2075.5604849688916,0.0139504261314869,3.60094666481018,3.6106827122818204,9.736047471640141
2076.5746405797513,0.0125107672065496,3.60094666481018,3.6106694874099627,9.722822599782521
2077.5885067011313,0.0121508529409766,3.60078477859497,3.610669623041099,9.884844446129026
2078.6024329853517,0.0125107672065496,3.60078477859497,3.610680462022026,9.895683427056046
2079.6164357117914,0.0146702546626329,3.60078477859497,3.610721745527954,9.93696693298407
2080.6303772136816,0.0143103403970599,3.60078477859497,3.6107321941492327,9.947415554262928
2081.6443615373714,0.0143103403970599,3.60110855102539,3.610742281792615,9.633730767224957
2082.6583646177114,0.0132305966690183,3.60094666481018,3.6107384536873415,9.791788877161256
2083.6725389852213,0.0135905109345913,3.60078477859497,3.6107506979328265,9.965919337856732
2084.6863109694314,0.0135905109345913,3.60078477859497,3.610760951558318,9.976172963348073
2085.7003784594117,0.0139504261314869,3.60078477859497,3.6107744351886284,9.98965659365858
2086.7143210230015,0.0103512806817889,3.60078477859497,3.6107284842690808,9.943705674110959
2087.7282950836116,0.0135905109345913,3.60078477859497,3.610775939217518,9.991160622548012
2088.7422776378016,0.011431023478508,3.60094666481018,3.6107556971672286,9.80903235704833
2089.7562591302913,0.0099913654848933,3.60078477859497,3.6107361293199824,9.951350725012631
2090.7704136794514,0.0092715369537472,3.60078477859497,3.610729831735628,9.945053140658189
2091.7842206996816,0.0143103403970599,3.60094666481018,3.610805182680495,9.858517870314998
2092.7982768648812,0.0139504261314869,3.60094666481018,3.610821059493431,9.874394683250909
2093.8122477404013,0.0150301698595285,3.60094666481018,3.6108478868443155,9.901222034135237
2094.8261478360914,0.0125107672065496,3.60094666481018,3.6108259801229834,9.879315312803172
2095.8401480852413,0.0128706824034452,3.60078477859497,3.610836295792059,10.051517197088966
2096.8541430259015,0.0117909386754036,3.60094666481018,3.6108296166744913,9.882951864311096
2097.8682883736815,0.0135905109345913,3.60078477859497,3.6108617199154254,10.076941320455557
2098.8821049491817,0.0125107672065496,3.60094666481018,3.6108583936096355,9.911728799455233
2099.8965132440117,0.0128706824034452,3.60094666481018,3.6108712380365136,9.924573226333333
2100.9101012006813,0.0139504261314869,3.60094666481018,3.6108984785615794,9.951813751399197
2101.9240405791816,0.0146702546626329,3.60078477859497,3.6109231784137865,10.138399818816701
2102.9380563998916,0.0121508529409766,3.60078477859497,3.610897629865639,10.112851270668965
2103.9520414313715,0.0135905109345913,3.60078477859497,3.6109231305990757,10.138352004105844
2104.9661991656217,0.0125107672065496,3.60078477859497,3.610918440726508,10.133662131538212
2105.9799821207116,0.0121508529409766,3.60094666481018,3.6109189824093444,9.972317599164171
2106.9939579508114,0.0121508529409766,3.60094666481018,3.6109279491448967,9.981284334716456
2108.0082445043513,0.0135905109345913,3.60094666481018,3.6109567198773047,10.01005506712449
2109.0219227052917,0.0132305966690183,3.60094666481018,3.6109642855690787,10.017620758898449
2110.0354165248013,0.0135905109345913,3.60094666481018,3.6109788508991776,10.032186088997364
2111.0499504538216,0.0135905109345913,3.60078477859497,3.610990286533473,10.205507938503278
2112.0640586421914,0.0135905109345913,3.60094666481018,3.611000046781656,10.053381971475872
2113.0778546915417,0.0132305966690183,3.60094666481018,3.6110055852358522,10.058920425672024
2114.0918499861014,0.0135905109345913,3.60094666481018,3.61102021344523,10.073548635049612
2115.1058498813513,0.0125107672065496,3.60094666481018,3.611014753023267,10.068088213086579
2116.1198204029715,0.0132305966690183,3.60094666481018,3.611032609686929,10.085944876748965
2117.1337987103716,0.0153900841251016,3.60078477859497,3.6110778511976394,10.29307260266954
2118.1478364728214,0.0143103403970599,3.60078477859497,3.611077343539954,10.292564944984317
2119.1619372293117,0.0143103403970599,3.60078477859497,3.6110846909537186,10.29991235874883
2120.1757392949517,0.0121508529409766,3.60078477859497,3.611062501689677,10.277723094707092
2121.1897335278113,0.0103512806817889,3.60078477859497,3.6110388602256105,10.254081630640677
2122.2032599060417,0.0117909386754036,3.60078477859497,3.6110602343497433,10.27545575477351
2123.2124927801515,0.0117909386754036,3.60094666481018,3.6110695840909752,10.122919280795006
2124.2155019843613,0.0153900841251016,3.60110855102539,3.611133180622403,10.02462959701278
2125.2175446900715,0.0150301698595285,3.60094666481018,3.6111466510492547,10.199986239074477
2126.2266211407814,0.0125107672065496,3.60094666481018,3.6111226194959407,10.175954685760491
2127.2275933016613,0.0128706824034452,3.60078477859497,3.6111323965213344,10.347617926364627
2128.2486552538217,0.0143103403970599,3.60094666481018,3.611161902560622,10.215237750441641
2129.2596887666514,0.0117909386754036,3.60094666481018,3.6111370134981904,10.190348688010165
2130.2668088630217,0.0139504261314869,3.60094666481018,3.611173114016524,10.226449206343968
2131.2756234283816,0.0117909386754036,3.60094666481018,3.6111525047271558,10.205839916975545
2132.2788527578414,0.0139504261314869,3.60094666481018,3.611189705401265,10.243040591084718
2133.2809577498015,0.0132305966690183,3.60078477859497,3.611191620863561,10.40684226859101
2134.2909766338616,0.0117909386754036,3.60078477859497,3.6111793828294827,10.394604234512883
2135.3009325238713,0.0121508529409766,3.60094666481018,3.611188969998824,10.242305188643996
2136.3039629620316,0.0125107672065496,3.60094666481018,3.611202411515933,10.255746705752689
2137.3150424817413,0.0128706824034452,3.60094666481018,3.6112151517204922,10.268486910312014
2138.3220482687016,0.011431023478508,3.60078477859497,3.611204531649752,10.419753054782266
2139.3320926334914,0.0125107672065496,3.60094666481018,3.6112249267157024,10.278261905522168
2140.3389915429216,0.0125107672065496,3.60078477859497,3.6112346425072905,10.449863912320723
2141.3441528076714,0.0132305966690183,3.60094666481018,3.6112552814171424,10.30861660696214
2142.3473831988313,0.0135905109345913,3.60094666481018,3.6112725973641773,10.325932553997053
2143.3613519509513,0.0128706824034452,3.60094666481018,3.611272843172345,10.32617836216465
2144.3643027618014,0.0128706824034452,3.60110855102539,3.6112818213738165,10.1732703484263
2145.3753893595017,0.0135905109345913,3.60094666481018,3.611300965598769,10.354300788588677
2146.3763569196913,0.0128706824034452,3.60078477859497,3.6113005229607182,10.515744365748425
2147.3824004549515,0.011071109212935,3.60078477859497,3.6112817575588183,10.496978963848491
2148.3854790233813,0.0117909386754036,3.60078477859497,3.611295087951966,10.51030935699604
2149.3954979074415,0.0117909386754036,3.60094666481018,3.6113026701908364,10.356005380656175
2150.4055351942516,0.0128706824034452,3.60078477859497,3.611326285238065,10.541506643095389
2151.4076469102915,0.0125107672065496,3.60078477859497,3.611331304578056,10.546525983086141
2152.4126245014013,0.011431023478508,3.60094666481018,3.611324240755421,10.377575945240913
2153.4206286377716,0.0125107672065496,3.60110855102539,3.6113452760712232,10.236725045833062
2154.4297291536213,0.011431023478508,3.60078477859497,3.6113393917492664,10.554613154296622
2155.4307342271213,0.0125107672065496,3.60094666481018,3.611361156176968,10.414491366787626
2156.4387539350514,0.0121508529409766,3.60094666481018,3.6113671693839895,10.420504573809275
2157.4387988802414,0.0132305966690183,3.60094666481018,3.611391778027844,10.445113217663948
2158.4488411216416,0.0139504261314869,3.60094666481018,3.6114149869717878,10.468322161607535
2159.4529130849014,0.0121508529409766,3.60078477859497,3.611400575893778,10.61579729880835
2160.4589704222217,0.0121508529409766,3.60078477859497,3.611405784367101,10.621005772131209
2161.4609752607316,0.0117909386754036,3.60078477859497,3.6114078301026016,10.623051507631764
2162.4710868663515,0.0121508529409766,3.60078477859497,3.6114198120155003,10.635033420530515
2163.4820499532616,0.0121508529409766,3.60094666481018,3.611429589411933,10.482924601752597
2164.4841429126514,0.0125107672065496,3.60078477859497,3.61144285994348,10.658081348509985
2165.4891442150015,0.0121508529409766,3.60094666481018,3.611446415703624,10.499750893443682
2166.4911536542013,0.011431023478508,3.60094666481018,3.6114425922976245,10.495927487444323
2167.4952539293913,0.011431023478508,3.60094666481018,3.6114483097434387,10.501644933258447
2168.5066678837716,0.011431023478508,3.60094666481018,3.6114550570507604,10.5083922405802
2169.5162893391216,0.011431023478508,3.60094666481018,3.6114620678447245,10.515403034544235
2170.5233032657616,0.011431023478508,3.60078477859497,3.611468256518354,10.6834779233842
2171.5314103867713,0.0103512806817889,3.60094666481018,3.6114653409026967,10.518676092516444
2172.5423787821614,0.011071109212935,3.60078477859497,3.611476791502296,10.69201290732602
2173.5474646664015,0.011071109212935,3.60094666481018,3.6114833328389118,10.536668028731544
2174.5474667898015,0.011071109212935,3.60094666481018,3.6114899373630025,10.54327255282228
2175.5575256644615,0.0107111949473619,3.60094666481018,3.6114938297068284,10.547164896648198
2176.5688164619514,0.011071109212935,3.60094666481018,3.611503499905745,10.556835095564931
2177.5725359416915,0.0103512806817889,3.60094666481018,3.6115065490854827,10.559884275302522
2178.5836285556716,0.011431023478508,3.60094666481018,3.6115242462993575,10.577581489177312
2179.5915229833213,0.0099913654848933,3.60094666481018,3.6115237528784117,10.577088068231433
2180.5947172767615,0.0121508529409766,3.60094666481018,3.611551591754552,10.604926944371762
2181.5957333211313,0.011431023478508,3.60094666481018,3.6115527283297726,10.606063519592368
2182.5988295845314,0.0117909386754036,3.60094666481018,3.611560754702219,10.614089892038603
2183.6067862984214,0.0107111949473619,3.60078477859497,3.6115542671554985,10.769488560528728
2184.6193182201214,0.0096314512193203,3.60078477859497,3.6115426231738352,10.757844578865416
2185.6332699850814,0.011071109212935,3.60078477859497,3.6115668476294838,10.782069034513952
2186.6486423011115,0.0099913654848933,3.60078477859497,3.6115599335100486,10.775154915078744
2187.6677135707314,0.0117909386754036,3.60078477859497,3.6115936106839523,10.808832088982534
2188.6780088500013,0.0135905109345913,3.60094666481018,3.6116321512115763,10.685486401396105
2189.6840375214915,0.011431023478508,3.60078477859497,3.6116149845320185,10.830205937048643
2190.6911002862116,0.011071109212935,3.60094666481018,3.6116164079724755,10.669743162295298
2191.6930955694415,0.0117909386754036,3.60094666481018,3.611633349611263,10.686684801082702
2192.7002054027416,0.011431023478508,3.60094666481018,3.611636223941544,10.689559131363602
2193.7002698123815,0.0107111949473619,3.60094666481018,3.6116318069248137,10.68514211463345
2194.7062638017615,0.007471963763237,3.60094666481018,3.611598671439735,10.652006629554567
2195.7143220847015,0.0103512806817889,3.60094666481018,3.611629024488478,10.682359678297892
2196.7225682880717,0.0107111949473619,3.60078477859497,3.6116428155639206,10.858036968950824
2197.7379342339113,0.0096314512193203,3.60094666481018,3.6116343035414493,10.6876387312691
2198.7505454290113,0.0085517074912786,3.60078477859497,3.611621213445555,10.836434850585164
2199.7645141811413,0.00783187802881,3.60094666481018,3.6116109099128533,10.664245102673053
2200.7785062906014,0.007471963763237,3.60094666481018,3.611606476864434,10.659812054253592
2201.7939185972314,0.011071109212935,3.60110855102539,3.6116619811160025,10.55343009061227
2202.8064862627416,0.0117909386754036,3.60078477859497,3.611688331229142,10.903552634172087
2203.8204674013414,0.0121508529409766,3.60094666481018,3.611707787163111,10.761122352930919
2204.8359933095817,0.0117909386754036,3.60094666481018,3.611714497863288,10.7678330531078
2205.8484176459515,0.011071109212935,3.60094666481018,3.611712107313725,10.765442503544609
2206.8624051547313,0.0089116217568516,3.60078477859497,3.6116875980825798,10.90281948760996
2207.8764008031817,0.0099913654848933,3.60078477859497,3.611704129757261,10.919351162291147
2208.8907634450316,0.0107111949473619,3.60110855102539,3.611722557001976,10.614005976585794
2209.9043496322015,0.011071109212935,3.60094666481018,3.6117383780189076,10.791713208727405
2210.9183466962613,0.0125107672065496,3.60078477859497,3.61177162479088,10.986846195910172
2211.9506845821516,0.0139504261314869,3.60094666481018,3.6118068587024776,10.86019389229742
2212.9619074310117,0.0096314512193203,3.60094666481018,3.6117572700319798,10.810605221799552
2213.9758800760214,0.0099913654848933,3.60078477859497,3.611761379211593,10.976600616622978
2214.9912467296613,0.0099913654848933,3.60110855102539,3.6117662224739053,10.65767144851515
2216.0038717268317,0.0099913654848933,3.60094666481018,3.611773182341261,10.826517531080881
2217.0178362321712,0.0107111949473619,3.60094666481018,3.6117864081367923,10.839743326612084
2218.0318219714513,0.0096314512193203,3.60078477859497,3.611785306565237,11.000527970267182
2219.0457935547615,0.0117909386754036,3.60094666481018,3.6118198508361585,10.87318602597831
2220.0598019435915,0.011071109212935,3.60094666481018,3.611821206755484,10.874541945303573
2221.0737820204813,0.0107111949473619,3.60094666481018,3.6118235456915024,10.876880881322215
2222.0891267323814,0.0107111949473619,3.60094666481018,3.6118305478103547,10.88388300017451
2223.1017255410216,0.011071109212935,3.60078477859497,3.6118440018426003,11.059223247630534
2224.1157204816714,0.011431023478508,3.60094666481018,3.6118572677653047,10.910602955124471
2225.1297203769213,0.0107111949473619,3.60094666481018,3.6118566391102522,10.909974300072012
2226.1436877134515,0.0107111949473619,3.60078477859497,3.611864256335049,11.079477740079113
2227.1576684981414,0.0117909386754036,3.60094666481018,3.6118886089031785,10.941944092998312
2228.1716648543916,0.0132305966690183,3.60094666481018,3.6119199571714646,10.973292361284415
2229.1870223066617,0.011431023478508,3.60094666481018,3.6119082747245854,10.961609914405201
2230.1997789543016,0.0107111949473619,3.60094666481018,3.61190393909969,10.957274289509655
2231.2136079162715,0.0107111949473619,3.60078477859497,3.6119075815862343,11.122802991264447
2232.2275841002815,0.0099913654848933,3.60094666481018,3.6119033003556376,10.956635545457338
2233.2416172620415,0.0096314512193203,3.60078477859497,3.6119015193179456,11.116740722975749
2234.2556072481116,0.0092715369537472,3.60094666481018,3.6119003908124325,10.953726002252306
2235.2695331784416,0.011431023478508,3.60094666481018,3.611938407428349,10.991742618168932
2236.2848987703915,0.0121508529409766,3.60078477859497,3.61196210100401,11.177322409040347
2237.2977392921216,0.0121508529409766,3.60078477859497,3.6119732854115947,11.188506816624866
2238.3114903962814,0.0099913654848933,3.60078477859497,3.611950611251465,11.1658326564954
2239.3254637491013,0.011431023478508,3.60094666481018,3.611976687087947,11.030022277766616
2240.3394703684316,0.0099913654848933,3.60078477859497,3.611962424738865,11.17764614389527
2241.3534433673417,0.00783187802881,3.60078477859497,3.611936579561353,11.151800966383352
2242.3674237981313,0.0107111949473619,3.60094666481018,3.6119781635888675,11.031498778687254
2243.3827642632414,0.0132305966690183,3.60094666481018,3.6120290509386384,11.082386128458133
2244.3953874909116,0.0107111949473619,3.60094666481018,3.612008709398143,11.06204458796256
2245.3958963978516,0.0121508529409766,3.60094666481018,3.6120341838267938,11.087519016613534
2246.4077601580116,0.0089116217568516,3.60078477859497,3.611997077207164,11.212298612194083
2247.4231176102817,0.0107111949473619,3.60094666481018,3.612023129063974,11.076464253793716
2248.4357238507914,0.0096314512193203,3.60094666481018,3.6120147558308124,11.06809102063222
2249.4497064049815,0.0096314512193203,3.60078477859497,3.6120198327154887,11.23505412051884
2250.4636818811914,0.011071109212935,3.60078477859497,3.6120471613584737,11.262382763503886
2251.4776676204715,0.0107111949473619,3.60078477859497,3.612052316872123,11.26753827715321
2252.4916653923215,0.0103512806817889,3.60078477859497,3.6120556769718495,11.270898376879668
2253.5056440536214,0.0107111949473619,3.60078477859497,3.6120636711822964,11.278892587326617
2254.5209923045113,0.0092715369537472,3.60094666481018,3.6120563899091445,11.10972509896424
2255.5335967755314,0.011431023478508,3.60094666481018,3.6120888746325455,11.142209822365245
2256.5475977324713,0.0107111949473619,3.60110855102539,3.6120903433947937,10.981792369403554
2257.5615668384917,0.0103512806817889,3.60078477859497,3.612091045178882,11.306266583912095
2258.5755600096613,0.0096314512193203,3.60094666481018,3.612089843552145,11.14317874196491
2259.5895563659114,0.011431023478508,3.60094666481018,3.6121187735076767,11.172108697496519
2260.6035159166613,0.0099913654848933,3.60094666481018,3.612110514912645,11.163850102464679
2261.6188800930113,0.0121508529409766,3.60078477859497,3.6121469988866015,11.362220291631697
2262.6315065057715,0.0089116217568516,3.60078477859497,3.6121115583921153,11.32677979714547
2263.6454741962016,0.0107111949473619,3.60078477859497,3.6121389894261333,11.354210831163503
2264.6594461334116,0.0107111949473619,3.60078477859497,3.6121487467500493,11.363968155079451
2265.6734403662713,0.0107111949473619,3.60078477859497,3.612158494694382,11.373716099412068
2266.6874041638116,0.0121508529409766,3.60094666481018,3.612186843871613,11.240179061432709
2267.7014160916315,0.0099913654848933,3.60094666481018,3.6121669640589946,11.220299248814403
2268.7167303682013,0.0089116217568516,3.60094666481018,3.612156621008513,11.209956198332982
2269.7295687665414,0.0103512806817889,3.60094666481018,3.612178189224319,11.231524414138772
2270.7433280103814,0.0081917932257056,3.60078477859497,3.612152061429654,11.367282834684023
2271.7573314446213,0.0067521347664296,3.60094666481018,3.6121296014219766,11.182936611796368
2272.7712991350413,0.0063922200351953,3.60094666481018,3.6121214970909037,11.174832280723468
2273.7853007997915,0.0092715369537472,3.60078477859497,3.6121631908253917,11.378412230421908
2274.7992564576416,0.0092715369537472,3.60094666481018,3.6121757524458555,11.229087635675317
2275.8146206339916,0.0117909386754036,3.60094666481018,3.6122235616499885,11.27689683980826
2276.8271999781714,0.0125107672065496,3.60078477859497,3.612249370885898,11.464592290928
2277.8414327390415,0.0107111949473619,3.60094666481018,3.6122378731207085,11.291208310528322
2278.8552659478014,0.0117909386754036,3.60094666481018,3.6122602395675925,11.313574757412237
2279.8692028490013,0.0103512806817889,3.60094666481018,3.612249429788031,11.302764977850988
2280.8831574451615,0.0096314512193203,3.60078477859497,3.6122443207672954,11.459542172325587
2281.8975728179716,0.0096314512193203,3.60094666481018,3.612248277851046,11.301613040865632
2282.9124677240916,0.0096314512193203,3.60094666481018,3.6122539609310045,11.307296120824262
2283.9251316501613,0.0121508529409766,3.60094666481018,3.6123003713069672,11.35370649678702
2284.9390894314115,0.0103512806817889,3.60078477859497,3.6122863567243377,11.501578129367918
2285.9530744629014,0.0103512806817889,3.60078477859497,3.612291965599034,11.507187004064168
2286.9672201645812,0.0099913654848933,3.60094666481018,3.612295127049364,11.348462239183732
2287.9810636364214,0.0103512806817889,3.60094666481018,3.612303076674475,11.356411864294813
2288.9950150474815,0.0096314512193203,3.60094666481018,3.6122995395192175,11.35287470903723
2290.0104135520514,0.0081917932257056,3.60094666481018,3.6122828302593555,11.336165449175262
2291.0229730778815,0.0092715369537472,3.60094666481018,3.612300835789529,11.354170979348766
2292.0369828823013,0.0089116217568516,3.60078477859497,3.612299575943518,11.5147973485481
2293.0509572968112,0.005672391038388,3.60078477859497,3.612253325366614,11.468546771644217
2294.0649508218717,0.005672391038388,3.60094666481018,3.6122480038625673,11.30133905238706
2295.0789064797314,0.00783187802881,3.60094666481018,3.6122804690818153,11.333804271635106
2296.0929499045615,0.0107111949473619,3.60078477859497,3.6123309476297574,11.546169034787557
2297.1083508864212,0.0107111949473619,3.60094666481018,3.6123476624502184,11.400997640038213
2298.1208888244114,0.011071109212935,3.60078477859497,3.612364680867318,11.579902272348175
2299.1348427127714,0.011071109212935,3.60110855102539,3.6123744003922225,11.265849366832281
2300.1488557022813,0.0096314512193203,3.60094666481018,3.6123622752313476,11.415610421167344
2301.1627904800916,0.0081917932257056,3.60078477859497,3.6123447641697184,11.559985574748577
2302.1768158560712,0.0081917932257056,3.60078477859497,3.612346650313883,11.561871718912986
2303.1908065499415,0.0089116217568516,3.60078477859497,3.612361396155634,11.576617560664193
2304.2061632944115,0.0099913654848933,3.60078477859497,3.6123828929779838,11.598114383013947
2305.2187511321713,0.0099913654848933,3.60094666481018,3.612394057579191,11.447392769010634
2306.2327400565414,0.0099913654848933,3.60094666481018,3.6124009097646352,11.454244954455017
2307.2467084547716,0.0089116217568516,3.60078477859497,3.612396159752848,11.611381157877965
2308.2607281683613,0.0096314512193203,3.60078477859497,3.6124104554856626,11.625676890692827
2309.2746813489216,0.0121508529409766,3.60094666481018,3.6124568821433765,11.510217333196238
2310.2887849366116,0.0103512806817889,3.60078477859497,3.612444561343827,11.65978274885715
2311.3040029526314,0.00783187802881,3.60094666481018,3.6124123667842487,11.465701974068487
2312.3128076088115,0.0103512806817889,3.60094666481018,3.612449134766847,11.502469956666594
2313.3150237250916,0.0099913654848933,3.60094666481018,3.612455432031839,11.508767221658722
2314.3290161884515,0.0099913654848933,3.60094666481018,3.61246437699686,11.517712186679852
2315.3443708095315,0.0107111949473619,3.60110855102539,3.612480748178436,11.372197153045605
2316.3570067775713,0.0096314512193203,3.60078477859497,3.6124743385920786,11.689559997108745
2317.3709535879516,0.0089116217568516,3.60094666481018,3.6124690982201866,11.52243341000636
2318.3849495903014,0.0092715369537472,3.60094666481018,3.6124765366660547,11.529871855874507
2319.3989675344014,0.00783187802881,3.60094666481018,3.612460274407631,11.513609597450625
2320.4129192993714,0.0060323057696223,3.60078477859497,3.6124330725046807,11.648293909710894
2321.4268908826816,0.0053124763071537,3.60094666481018,3.6124209550764337,11.474290266253462
2322.4422869099517,0.0096314512193203,3.60094666481018,3.612483083390098,11.536418579917829
2323.4548482052815,0.0085517074912786,3.60094666481018,3.6124804366039456,11.533771793765357
2324.4688512856214,0.0117909386754036,3.60094666481018,3.6125372023003344,11.590537490154151
2325.4828225150413,0.0099913654848933,3.60110855102539,3.612526498214351,11.41794718896083
2326.4968524917113,0.0089116217568516,3.60078477859497,3.6125169773459964,11.732198751026601
2327.5107893929116,0.0089116217568516,3.60078477859497,3.612521727149846,11.736948554876392
2328.5247825640713,0.0099913654848933,3.60094666481018,3.6125450425772416,11.598377767061407
2329.5401428475316,0.0117909386754036,3.60062289237976,3.612582583212262,11.959690832502368
2330.5527522731413,0.0085517074912786,3.60078477859497,3.6125478394930095,11.76306089803969
2331.5667302266415,0.0089116217568516,3.60094666481018,3.6125538330827762,11.607168272596002
2332.5807173815215,0.0107111949473619,3.60094666481018,3.6125874256970514,11.64076088687116
2333.5946914421315,0.0117909386754036,3.60094666481018,3.6126151784425717,11.66851363239152
2334.6087012465514,0.0099913654848933,3.60094666481018,3.6125986230006384,11.651958190458167
2335.6226498264214,0.0049525620415806,3.60094666481018,3.612529446454511,11.582781644330797
2336.6380334672212,0.0099913654848933,3.60094666481018,3.6125959215123005,11.649256702120248
2337.6506365226514,0.0107111949473619,3.60094666481018,3.612618917539186,11.672252729005628
2338.6646095215615,0.0092715369537472,3.60094666481018,3.6126098336645036,11.663168854323391
2339.6785895984513,0.0103512806817889,3.60094666481018,3.6126312297098706,11.684564899690386
2340.6925940943916,0.0096314512193203,3.60094666481018,3.612628884018418,11.682219208237754
2341.7065702783916,0.00783187802881,3.60094666481018,3.612607195077525,11.660530267344704
2342.7205507091917,0.00783187802881,3.60078477859497,3.612609328355756,11.824549760786063
2343.7358993139815,0.0089116217568516,3.60094666481018,3.6126285933953497,11.681928585169477
2344.7485151097717,0.0099913654848933,3.60078477859497,3.6126521371391083,11.867358544138451
2345.7514627355313,0.0096314512193203,3.60094666481018,3.612657331429096,11.710666618915955
2346.7608881307615,0.0117909386754036,3.60078477859497,3.6126983530205568,11.913574425586937
2347.7762512454215,0.0092715369537472,3.60094666481018,3.6126755203530334,11.72885554285319
2348.7888698724014,0.0099913654848933,3.60094666481018,3.6126890455077274,11.742380697547183
2349.8028368550313,0.0092715369537472,3.60110855102539,3.612687631106369,11.579080080978965
2350.8168275489015,0.0099913654848933,3.60078477859497,3.612700911448269,11.916132853299288
2351.8308115186815,0.0081917932257056,3.60094666481018,3.6126859901843247,11.73932537414446
2352.8447912416814,0.0125107672065496,3.60094666481018,3.6127522131736565,11.805548363476248
2353.8587730880713,0.0103512806817889,3.60078477859497,3.612736961551577,11.95218295660716
2354.8741383261213,0.0067521347664296,3.60078477859497,3.612686686370943,11.901907775972997
2355.8873019577413,0.0049525620415806,3.60078477859497,3.612655187293877,11.870408698907209
2356.9010888057214,0.0103512806817889,3.60094666481018,3.612730197101556,11.783532291375742
2357.9147047204215,0.0103512806817889,3.60094666481018,3.612747512616493,11.800847806312742
2358.9287003688814,0.0099913654848933,3.60094666481018,3.6127529046011646,11.806239790984385
2359.9426701827015,0.0092715369537472,3.60094666481018,3.612752242207492,11.805577397311584
2360.9566679545514,0.0103512806817889,3.60094666481018,3.612773073464573,11.826408654392662
2361.9720126664515,0.0099913654848933,3.60078477859497,3.6127758127132994,11.99103411832958
2362.9846196147614,0.0081917932257056,3.60094666481018,3.612755045368536,11.808380558355758
2363.9987677937415,0.007471963763237,3.60094666481018,3.6127453365282602,11.798671718080023
2365.0126013564013,0.0089116217568516,3.60094666481018,3.6127695604789856,11.822895668805344
2366.0265778943017,0.0089116217568516,3.60094666481018,3.6127773589711705,11.830694160990252
2367.0405544322116,0.0089116217568516,3.60094666481018,3.612783338601988,11.836673791807861
2368.0545323857114,0.0085517074912786,3.60110855102539,3.6127844339685296,11.67588294313937
2369.0699011627516,0.0085517074912786,3.60110855102539,3.6127902434165944,11.681692391204201
2370.0825215592313,0.0089116217568516,3.60094666481018,3.61280056772592,11.853902915739845
2371.0964945581413,0.0081917932257056,3.60094666481018,3.6127981998241854,11.851535014005155
2372.1104746350316,0.0099913654848933,3.60078477859497,3.612828556024429,12.04377742945928
2373.1244614360116,0.0099913654848933,3.60094666481018,3.6128402684938985,11.893603683718279
2374.1384432824016,0.0099913654848933,3.60094666481018,3.6128485693154913,11.901904505311034
2375.1524290216817,0.0092715369537472,3.60094666481018,3.6128455593474618,11.898894537281546
2376.1677900129416,0.0089116217568516,3.60094666481018,3.6128456838073024,11.899018997122202
2377.1803898832713,0.0089116217568516,3.60078477859497,3.6128502351045912,12.06545650962143
2378.1943922558116,0.0085517074912786,3.60078477859497,3.612849697645286,12.06491905031637
2379.2083808262914,0.0071120494976639,3.60094666481018,3.6128329301108018,11.886265300621535
2380.2223446238213,0.007471963763237,3.60094666481018,3.6128351005842734,11.888435774093153
2381.2363466424613,0.0049525620415806,3.60094666481018,3.6128014040184264,11.854739208246201
2382.2502378906815,0.0063922200351953,3.60094666481018,3.612818146593719,11.871481783538584
2383.2656530285017,0.0081917932257056,3.60094666481018,3.6128485934883963,11.901928678216045
2384.2782911199415,0.00783187802881,3.60094666481018,3.6128547140456972,11.908049235517026
2385.2924357599213,0.0096314512193203,3.60094666481018,3.6128876513532084,11.94098654302822
2386.3062434879516,0.0089116217568516,3.60094666481018,3.6128891400406102,11.942475230430016
2387.3204957132716,0.0089116217568516,3.60094666481018,3.6128971028278816,11.950438017701348
2388.3342068268316,0.0099913654848933,3.60094666481018,3.612920644911399,11.97398010121864
2389.3481992901916,0.0096314512193203,3.60094666481018,3.612925843282883,11.979178472702579
2390.3635514339717,0.0081917932257056,3.60094666481018,3.61291362039006,11.966955579879812
2391.3761651063714,0.0085517074912786,3.60078477859497,3.612919185105813,12.134406510843299
2392.3903263796115,0.0071120494976639,3.60094666481018,3.6129043702567842,11.957705446604017
2393.4040537725414,0.0096314512193203,3.60094666481018,3.6129438518150563,11.997187004876064
2394.4181279866016,0.0045926473103463,3.60094666481018,3.6128767212226514,11.930056412471135
2395.4320857678513,0.0053124763071537,3.60110855102539,3.6128789736546687,11.77042262927852
2396.4460683220414,0.0081917932257056,3.60094666481018,3.6129237447372344,11.977079927054213
2397.4614126800416,0.011071109212935,3.60094666481018,3.612975573129184,12.02890831900394
2398.4740716515216,0.0096314512193203,3.60094666481018,3.6129731157409415,12.026450930761268
2399.4879986435517,0.00783187802881,3.60094666481018,3.6129535893359606,12.006924525780338
2400.5020165876513,0.0071120494976639,3.60094666481018,3.612943969280088,11.997304469907988
2401.5159856936716,0.0092715369537472,3.60110855102539,3.612980126434919,11.871575409528656
2402.5299693095617,0.0096314512193203,3.60110855102539,3.612995186515725,11.88663549033464
2403.5439412467813,0.00783187802881,3.60094666481018,3.612978034011496,12.031369201315645
2404.5593146245014,0.00783187802881,3.60094666481018,3.6129803256581363,12.033660847956096
2405.5718989232714,0.0085517074912786,3.60094666481018,3.612996348261141,12.049683450960913
2406.5858736916816,0.0103512806817889,3.60094666481018,3.6130318082497923,12.08514343961209
2407.5998357197213,0.0103512806817889,3.60094666481018,3.6130462918820627,12.099627071882502
2408.6138635730013,0.0107111949473619,3.60094666481018,3.6130605152965374,12.113850486357158
2409.6278369258116,0.0081917932257056,3.60094666481018,3.613032174370552,12.085509560371577
2410.6418300969713,0.007471963763237,3.60094666481018,3.6130238066313054,12.077141821125181
2411.6571617146014,0.0081917932257056,3.60078477859497,3.6130353696142934,12.250591019323576
2412.6697877734714,0.0067521347664296,3.60094666481018,3.6130165322206036,12.069867410423374
2413.6837597106814,0.0053124763071537,3.60110855102539,3.6129932379444454,11.884686919055198
2414.6977751774916,0.0049525620415806,3.60094666481018,3.6129838929577436,12.037228147563361
2415.7117361438313,0.0045926473103463,3.60094666481018,3.612976843784084,12.030178973903904
2416.7257406397716,0.0071120494976639,3.60094666481018,3.613015747556529,12.06908274634877
2417.7397125769817,0.0099913654848933,3.60094666481018,3.6130672811798923,12.120616369712067
2418.7550824157215,0.0096314512193203,3.60094666481018,3.6130789451100056,12.132280299825382
2419.7676500812313,0.0089116217568516,3.60094666481018,3.6130800416552034,12.133376845023136
2420.7816662558316,0.0107111949473619,3.60110855102539,3.613113843277164,12.005292251773714
2421.7956541185113,0.0096314512193203,3.60094666481018,3.6131108052613197,12.164140451139449
2422.8096359649016,0.0081917932257056,3.60094666481018,3.613095890312796,12.149225502615657
2423.8235785284915,0.0067521347664296,3.60094666481018,3.613078120565478,12.131455755297615
2424.8376085051614,0.0071120494976639,3.60078477859497,3.613082541345888,12.297762750918206
2425.8529185349516,0.00783187802881,3.60078477859497,3.613096980048154,12.312201453184013
2426.8655739674414,0.0081917932257056,3.60094666481018,3.613109744876452,12.16308006627198
2427.8795444890616,0.0092715369537472,3.60094666481018,3.613133620832733,12.18695602255293
2428.8939156244815,0.0096314512193203,3.60094666481018,3.613150152918236,12.203488108055716
2429.9075071201414,0.011071109212935,3.60110855102539,3.6131824451314305,12.073894106040317
2430.9215066614915,0.00783187802881,3.60094666481018,3.613144757242385,12.19809243220471
2431.9354594881515,0.0067521347664296,3.60078477859497,3.6131299879795797,12.345209384609923
2432.9508300346815,0.0085517074912786,3.60094666481018,3.613157593503148,12.210928692967915
2433.9634083171713,0.011071109212935,3.60110855102539,3.61320389310751,12.095342082119931
2434.9774361704513,0.0099913654848933,3.60094666481018,3.613200933335795,12.25426852561462
2435.9913974906913,0.004232732579112,3.60094666481018,3.613118794581293,12.172129771112594
2437.0054387921314,0.004232732579112,3.60094666481018,3.6131073463748336,12.16068156465333
2438.0193381800314,0.0092715369537472,3.60094666481018,3.6131817584042993,12.235093594119117
2439.0333678028014,0.0096314512193203,3.60094666481018,3.613201599082419,12.254934272238671
2440.0487082679115,0.00783187802881,3.60110855102539,3.613185271632531,12.0767206071406
2441.0613428203515,0.0071120494976639,3.60094666481018,3.6131782021407908,12.231537330610553
2442.0753161731614,0.0081917932257056,3.60110855102539,3.613196595023958,12.088043998567777
2443.0893411952516,0.00783187802881,3.60094666481018,3.6131990716040465,12.2524067938663
2444.1032759730615,0.0081917932257056,3.60094666481018,3.6132098656791642,12.263200868984026
2445.1172794072913,0.007471963763237,3.60094666481018,3.613205307190704,12.258642380523987
2446.1312332956513,0.0092715369537472,3.60094666481018,3.6132373445317207,12.29067972154052
2447.1466133974614,0.0099913654848933,3.60110855102539,3.613260349900659,12.151798875268849
2448.1591743388913,0.0107111949473619,3.60094666481018,3.613282942561088,12.336277750907954
2449.1732064389616,0.0053124763071537,3.60094666481018,3.6132097307900533,12.263065979873033
2450.1871889931513,0.0081917932257056,3.60094666481018,3.6132469009005717,12.300236090391437
2451.2011743785315,0.0063922200351953,3.60078477859497,3.6132273796724768,12.442601077506943
2452.2151190655113,0.007471963763237,3.60094666481018,3.6132395968087967,12.292931998616474
2453.2291200224513,0.0024331600870937,3.60094666481018,3.613169501916044,12.222837105863693
2454.2444491627916,0.00783187802881,3.60078477859497,3.613240221675045,12.455443080075401
2455.2571201668516,0.00783187802881,3.60094666481018,3.6132518686402118,12.30520383003153
2456.2710637921314,0.007471963763237,3.60078477859497,3.6132569961342953,12.47221753932548
2457.2851709188117,0.0099913654848933,3.60110855102539,3.6133009206751336,12.192369649743462
2458.2991428560313,0.0092715369537472,3.60094666481018,3.613303701878679,12.357037068498666
2459.3130259645613,0.007471963763237,3.60094666481018,3.6132854537913475,12.338788981167248
2460.3269901160015,0.00783187802881,3.60078477859497,3.613291808092671,12.507029497700994
2461.3423765879916,0.0071120494976639,3.60078477859497,3.613286428147517,12.501649552547178
2462.3549431918013,0.0081917932257056,3.60078477859497,3.6133065122762904,12.52173368132059
2463.3689551196217,0.007471963763237,3.60094666481018,3.613302338497174,12.35567368699364
2464.3829199788515,0.0081917932257056,3.60078477859497,3.613318119494717,12.533340899747003
2465.3969389846516,0.00783187802881,3.60094666481018,3.613319982100677,12.373317290496733
2466.4108808404417,0.0092715369537472,3.60094666481018,3.61334691782676,12.400253016579654
2467.4249193106916,0.0081917932257056,3.60094666481018,3.6133415111214777,12.394846311297503
2468.4404038127414,0.00783187802881,3.60094666481018,3.613340111065084,12.393446254903573
2469.4776488638213,0.005672391038388,3.60078477859497,3.613312797484267,12.528018889297332
2470.4824059757716,0.00783187802881,3.60094666481018,3.613343059298202,12.396394488021656
2471.4977910321713,0.0060323057696223,3.60078477859497,3.6133217591873037,12.53698059233388
2472.5103990421817,0.0063922200351953,3.60094666481018,3.6133291855853784,12.382520775198191
2473.5244045998115,0.0103512806817889,3.60094666481018,3.6133894706284884,12.442805818308145
2474.5383758292314,0.0081917932257056,3.60094666481018,3.6133744166507613,12.427751840581092
2475.5523551983315,0.0045926473103463,3.60094666481018,3.613324713820134,12.378049009953873
2476.5663285511414,0.0035129035823047,3.60110855102539,3.613303954892523,12.195403867132804
2477.5803351704712,0.0085517074912786,3.60094666481018,3.613371985358526,12.425320548345997
2478.5956674959016,0.0085517074912786,3.60094666481018,3.6133874926419485,12.440827831768253
2479.6083062951316,0.0089116217568516,3.60094666481018,3.6134047238730584,12.458059062878224
2480.6222311637616,0.00783187802881,3.60078477859497,3.613396785888116,12.612007293146377
2481.6362653872216,0.0081917932257056,3.60094666481018,3.6134074697708565,12.460804960676253
2482.6502139671015,0.0081917932257056,3.60094666481018,3.613413376048818,12.466711238637629
2483.6642428820714,0.007471963763237,3.60094666481018,3.6134080948056098,12.46142999542954
2484.6781879229616,0.0063922200351953,3.60094666481018,3.613397781236573,12.45111642639296
2485.6935715637514,0.0092715369537472,3.60110855102539,3.6134422082389555,12.333657213565274
2486.7061792198715,0.0071120494976639,3.60094666481018,3.613421558031191,12.474893221010586
2487.7201568194714,0.007471963763237,3.60094666481018,3.6134293648780336,12.482700067853347
2488.7341330034715,0.00783187802881,3.60078477859497,3.6134411097383343,12.656331143364508
2489.7481523631714,0.0089116217568516,3.60078477859497,3.6134643040324734,12.679525437503614
2490.7620956345613,0.0089116217568516,3.60110855102539,3.6134736920023283,12.365140976938083
2491.7760965915013,0.0081917932257056,3.60094666481018,3.613470413115665,12.523748305484972
2492.7914140531716,0.007471963763237,3.60094666481018,3.6134656707953794,12.519005985199172
2493.8040620537813,0.0085517074912786,3.60094666481018,3.61348612672002,12.539461909839567
2494.8180028478714,0.0096314512193203,3.60110855102539,3.613511996273969,12.403445248578837
2495.8320253926613,0.0096314512193203,3.60094666481018,3.6135200556054436,12.573390795263428
2496.8459884824015,0.007471963763237,3.60094666481018,3.6134977514646516,12.551086654471355
2497.8600025336114,0.00783187802881,3.60094666481018,3.6135037872724856,12.557122462305337
2498.8739560680715,0.00783187802881,3.60094666481018,3.61350896682845,12.56230201826991
2499.8896713123513,0.00783187802881,3.60094666481018,3.613513975399598,12.567310589417957
2500.9019268388315,0.0081917932257056,3.60094666481018,3.6135244176238746,12.577752813694332
2501.9159341659615,0.0081917932257056,3.60094666481018,3.613530230263073,12.583565452892742
2502.9298593884914,0.0071120494976639,3.60094666481018,3.613521412478198,12.574747668017583
2503.9439176770916,0.007471963763237,3.60078477859497,3.613528497685136,12.743719090166028
2504.9578697959614,0.007471963763237,3.60094666481018,3.613535092820881,12.588428010700703
2505.9718813698814,0.0096314512193203,3.60094666481018,3.6135723313507992,12.62566654061903
2506.9871882145717,0.0089116217568516,3.60110855102539,3.6135736341534024,12.4650831280122
2507.9998277216014,0.00783187802881,3.60094666481018,3.6135659102436715,12.619245433491244
2509.0137731163813,0.0092715369537472,3.60094666481018,3.6135900977598787,12.643432949698497
2510.0277935377817,0.0081917932257056,3.60094666481018,3.6135835809433146,12.636916133134335
2511.0417460105414,0.00783187802881,3.60094666481018,3.6135823188050575,12.635653994877316
2512.0557717404213,0.007471963763237,3.60094666481018,3.613581275712997,12.63461090281659
2513.0697015636415,0.00783187802881,3.60094666481018,3.6135903106772855,12.643645867105313
2514.0851113929816,0.00783187802881,3.60078477859497,3.613595449713141,12.810671118171246
2515.0977045392315,0.007471963763237,3.60094666481018,3.613593727189694,12.647062379513851
2516.1117019571816,0.0060323057696223,3.60078477859497,3.6135754838862977,12.790705291327864
2517.1256738943916,0.007471963763237,3.60094666481018,3.613598990029685,12.652325219504768
2518.1396557407816,0.0092715369537472,3.60094666481018,3.6136329095676847,12.686244757504461
2519.1536280319015,0.00783187802881,3.60078477859497,3.6136225709345218,12.837792339551957
2520.1676300505414,0.0081917932257056,3.60078477859497,3.613634378407238,12.849599812267964
2521.1829613142713,0.0099913654848933,3.60094666481018,3.6136672206689058,12.720555858725557
2522.1956103765815,0.00783187802881,3.60094666481018,3.6136473394959254,12.700674685745206
2523.2095292289314,0.0085517074912786,3.60094666481018,3.613660951449793,12.714286639612826
2524.2235634523913,0.0085517074912786,3.60110855102539,3.61366756981168,12.559018786289844
2525.2375276038215,0.00783187802881,3.60094666481018,3.6136626010526984,12.715936242518211
2526.2515359926515,0.0067521347664296,3.60110855102539,3.613651800897842,12.543249872452034
2527.2654651080716,0.0085517074912786,3.60094666481018,3.6136803319779163,12.733667167736051
2528.2808618431413,0.0089116217568516,3.60094666481018,3.6136938372883645,12.747172478184243
2529.2936570657816,0.0063922200351953,3.60078477859497,3.613664881471806,12.880102876836386
2530.3074747029814,0.0089116217568516,3.60094666481018,3.6137031156613584,12.756450851178158
2531.3214225750617,0.0103512806817889,3.60094666481018,3.613730958268986,12.784293458805607
2532.3354253015013,0.0049525620415806,3.60094666481018,3.6136619468969178,12.715282086737556
2533.3493894529315,0.0027930745854973,3.60094666481018,3.613619020152163,12.672355341982744
2534.3634119977214,0.0081917932257056,3.60094666481018,3.613694392591645,12.747727781464935
2535.3787354756714,0.0096314512193203,3.60078477859497,3.6137312191281175,12.94644053314764
2536.3913604728414,0.007471963763237,3.60094666481018,3.6137101618441165,12.76349703393631
2537.4053309944616,0.0060323057696223,3.60094666481018,3.6136930934935294,12.746428683349187
2538.4193333670014,0.00783187802881,3.60110855102539,3.6137204335376967,12.611882512306494
2539.4333056581113,0.0096314512193203,3.60094666481018,3.6137556687733072,12.809003963127008
2540.4472652088616,0.0060323057696223,3.60094666481018,3.613711947183614,12.765282373433884
2541.4612647502113,0.00783187802881,3.60094666481018,3.613737978744198,12.79131393401789
2542.4766314038516,0.0099913654848933,3.60094666481018,3.6137782179750007,12.83155316482043
2543.4892344592713,0.0089116217568516,3.60094666481018,3.613775929057155,12.829264246974947
2544.5032315233316,0.0035129035823047,3.60094666481018,3.613700407154533,12.75374234435267
2545.5171946130613,0.0060323057696223,3.60094666481018,3.613726469826906,12.77980501672582
2546.5312044174816,0.00783187802881,3.60078477859497,3.613757708541875,12.972929946905243
2547.5451639682315,0.0089116217568516,3.60094666481018,3.6137814006051743,12.834735794994057
2548.5591525387013,0.007471963763237,3.60094666481018,3.613772004740181,12.8253399300009
2549.5745068058814,0.0081917932257056,3.60094666481018,3.6137881058085672,12.841440998387021
2550.5873303404514,0.0092715369537472,3.60078477859497,3.613813724557114,13.02894596214399
2551.6011086948515,0.00783187802881,3.60110855102539,3.6138007379250765,12.69218689968632
2552.6150898334413,0.0067521347664296,3.60094666481018,3.6137857629820607,12.839098171880448
2553.6290769883217,0.0049525620415806,3.60094666481018,3.613760643449649,12.813978639468981
2554.6430581269115,0.007471963763237,3.60110855102539,3.6137942234045846,12.68567237919438
2555.6570328953217,0.0049525620415806,3.60094666481018,3.613765130512191,12.81846570201095
2556.6725892388913,0.005672391038388,3.60078477859497,3.613773355225305,12.988576630335036
2557.6850004809917,0.0063922200351953,3.60094666481018,3.613787928646704,12.84126383652362
2558.6989940060616,0.007471963763237,3.60094666481018,3.613809124293718,12.862459483537592
2559.7307720235412,0.0067521347664296,3.60078477859497,3.613807073787819,13.022295192849143
2560.7425678350714,0.00783187802881,3.60094666481018,3.613825943966907,12.87927915672693
2561.7565326943113,0.0071120494976639,3.60078477859497,3.6138285891046777,13.043810509707932
2562.7705219725813,0.0081917932257056,3.60094666481018,3.613844188242581,12.897523432400693
2563.7844988643815,0.0071120494976639,3.60078477859497,3.613841185775903,13.05640718093315
2564.7985065454113,0.0067521347664296,3.60094666481018,3.613842719241492,12.89605443131192
2565.8124551252813,0.0081917932257056,3.60094666481018,3.613864685277296,12.918020467115987
2566.8278366426916,0.0085517074912786,3.60094666481018,3.6138784342688117,12.931769458631504
2567.8404011231114,0.005672391038388,3.60078477859497,3.6138425273536723,13.05774875870247
2568.8544268529913,0.0060323057696223,3.60078477859497,3.613846465957225,13.061687362255103
2569.8683595074017,0.0092715369537472,3.60078477859497,3.613899147372402,13.114368777431995
2570.8827140095714,0.0081917932257056,3.60094666481018,3.6138968552048003,12.950190394620087
2571.8966558653615,0.0089116217568516,3.60094666481018,3.6139152154142615,12.968550604081308
2572.9103726413114,0.0092715369537472,3.60094666481018,3.613928866221576,12.98220141139561
2573.9256830249915,0.0027930745854973,3.60094666481018,3.613836273947741,12.889609137560765
2574.9383158079413,0.00783187802881,3.60094666481018,3.613900955553969,12.954290743788732
2575.9522891607517,0.00783187802881,3.60078477859497,3.6139124950071775,13.127716412207668
2576.9663074587515,0.0071120494976639,3.60094666481018,3.613908519452045,12.961854641864612
2577.9804082152514,0.0063922200351953,3.60094666481018,3.6139025377338325,12.9558729236523
2578.9942729210316,0.00783187802881,3.60094666481018,3.6139262561140995,12.979591303919236
2580.0082183158115,0.00783187802881,3.60094666481018,3.613934470273296,12.98780546311562
2581.0236090345916,0.0063922200351953,3.60094666481018,3.6139213663770775,12.974701566897284
2582.0362021808414,0.00783187802881,3.60094666481018,3.6139441865186277,12.99752170844748
2583.0501953520115,0.0085517074912786,3.60094666481018,3.6139638174433815,13.017152633201245
2584.0641563183513,0.0089116217568516,3.60094666481018,3.6139773578498957,13.03069303971549
2585.0781735546516,0.0024331600870937,3.60078477859497,3.6138860518313276,13.101273236357791
2586.0921345209913,0.0067521347664296,3.60094666481018,3.6139377149278173,12.991050117637126
2587.1061443254116,0.00783187802881,3.60078477859497,3.613964229331036,13.1794507360663
2588.1200982137816,0.0092715369537472,3.60094666481018,3.6139967068967893,13.050042086609093
2589.1340938622316,0.0053124763071537,3.60094666481018,3.6139469381753133,13.000273365133097
2590.1480611987613,0.005672391038388,3.60094666481018,3.613949506797294,13.002841987113989
2591.1620614479016,0.007471963763237,3.60094666481018,3.613978615938554,13.031951128373631
2592.1760309078213,0.00783187802881,3.60094666481018,3.613992611450913,13.045946640732886
2593.1899695785214,0.0060323057696223,3.60094666481018,3.6139732326634477,13.026567853267501
2594.2039415157415,0.0085517074912786,3.60110855102539,3.614012341897128,12.903790871737986
2595.2193584230613,0.00783187802881,3.60110855102539,3.6140118359524203,12.903284927030079
2596.2319784656415,0.0049525620415806,3.60094666481018,3.613973941402537,13.027276592356696
2597.2459670361113,0.0071120494976639,3.60094666481018,3.6140044315032993,13.057766693119088
2598.2599255251616,0.0096314512193203,3.60094666481018,3.614047773648733,13.101108838552644
2599.2742028773214,0.0067521347664296,3.60094666481018,3.614021435546565,13.074770736384966
2600.2880371477713,0.007471963763237,3.60078477859497,3.614033117882189,13.248339287219135
2601.3019004379616,0.00783187802881,3.60110855102539,3.6140427149430927,12.934163917702524
2602.3172447959614,0.0067521347664296,3.60094666481018,3.6140334252053403,13.086760395160102
2603.3298782867114,0.0067521347664296,3.60078477859497,3.614035675084347,13.250896489377162
2604.3438268665814,0.0063922200351953,3.60094666481018,3.6140335445561105,13.086879745930258
2605.3578207455416,0.0060323057696223,3.60094666481018,3.614032586655075,13.085921844894877
2606.3718036536316,0.007471963763237,3.60078477859497,3.614056489772823,13.271711177853085
2607.3857964708914,0.00783187802881,3.60094666481018,3.614070416824639,13.123752014458923
2608.3997730088013,0.005672391038388,3.60094666481018,3.6140434644377843,13.096799627604128
2609.4150770223014,0.0071120494976639,3.60094666481018,3.6140662613069123,13.119596496732111
2610.4277395327713,0.0081917932257056,3.60078477859497,3.614089594971043,13.30481637607317
2611.4417298727417,0.00783187802881,3.60110855102539,3.6140944739492467,12.985922923856474
2612.4557000404616,0.0092715369537472,3.60094666481018,3.6141200538517384,13.173389041558181
2613.4696981662114,0.0049525620415806,3.60110855102539,3.614066669643159,12.958118617768744
2614.4836655027416,0.0071120494976639,3.60094666481018,3.6140944387897926,13.14777397961242
2615.4976544271117,0.0081917932257056,3.60094666481018,3.614117165343338,13.170500533157714
2616.5129917071313,0.00783187802881,3.60094666481018,3.614121402950922,13.17473814074166
2617.5256216588814,0.0063922200351953,3.60078477859497,3.614106959817897,13.322181222927387
2618.5396042130715,0.00783187802881,3.60094666481018,3.614129176461683,13.18251165150297
2619.5535927835513,0.0092715369537472,3.60078477859497,3.6141588632569306,13.374084661960772
2620.5675721526413,0.0060323057696223,3.60110855102539,3.6141223309913255,13.013779965935335
2621.5815685089015,0.0063922200351953,3.60094666481018,3.614126517830665,13.179853020484966
2622.5955315986416,0.0099913654848933,3.60094666481018,3.6141822450204217,13.235580210241515
2623.6109024990715,0.0053124763071537,3.60094666481018,3.614126808347813,13.180143537632638
2624.6235190026614,0.0024331600870937,3.60094666481018,3.6140783307633164,13.131665953136196
2625.6374944788613,0.0060323057696223,3.60094666481018,3.6141228663441987,13.176201534018439
2626.6514048376316,0.0089116217568516,3.60094666481018,3.6141738160202665,13.22715121008633
2627.6654592333416,0.0067521347664296,3.60110855102539,3.614155098469991,13.046547444600876
2628.6794453265215,0.0071120494976639,3.60094666481018,3.614166372286146,13.21970747596568
2629.6934349587013,0.0092715369537472,3.60094666481018,3.6142019260828677,13.255261272687502
2630.7087757777012,0.0063922200351953,3.60094666481018,3.6141714758527694,13.224811042589213
2631.7213954663916,0.0067521347664296,3.60094666481018,3.614178102787137,13.231437976956695
2632.7353804978716,0.0060323057696223,3.60078477859497,3.6141709043235966,13.386125728626741
2633.7493623442615,0.0060323057696223,3.60094666481018,3.614172674921742,13.22601011156177
2634.7633349892712,0.0071120494976639,3.60078477859497,3.614187209989441,13.402431394471392
2635.7773182512615,0.0024331600870937,3.60094666481018,3.6141229606287224,13.176295818542183
2636.7913096529314,0.0071120494976639,3.60094666481018,3.6141841634276197,13.237498617439503
2637.8066759526714,0.0071120494976639,3.60094666481018,3.6141965014924247,13.249836682244442
2638.8192690989213,0.0060323057696223,3.60110855102539,3.614188358426832,13.07980740144199
2639.8332718253614,0.0071120494976639,3.60078477859497,3.6142076770204388,13.422898425468954
2640.8472331456014,0.007471963763237,3.60094666481018,3.6142216638131326,13.27499900295237
2641.8612252550715,0.007471963763237,3.60094666481018,3.6142304015808766,13.283736770696386
2642.8752184262316,0.0085517074912786,3.60094666481018,3.6142511793271943,13.304514517014088
2643.8895194896213,0.0071120494976639,3.60094666481018,3.6142398370484323,13.293172238252104
2644.9045520625014,0.0063922200351953,3.60094666481018,3.614232186603826,13.285521793645838
2645.9171558257217,0.0060323057696223,3.60094666481018,3.614231878940759,13.285214130578815
2646.0419335770716,0.0071120494976639,3.60110855102539,3.614241270002185,13.132718976794688
2646.0425014149814,0.0079601788893342,3.60078477859497,3.614248050174913,13.463271579943203
2647.0595637171114,0.0,3.60078477859497,3.614137850436516,13.353071841545994
2648.0748939191517,0.0,3.60062289237976,3.6141167648528096,13.493872473049784
2649.0874760945217,0.0,3.60062289237976,3.6141050141059186,13.482121726158702
2650.1014887301317,0.0,3.60062289237976,3.6140959071223464,13.473014742586553
2651.1155169373114,0.0,3.60046076774597,3.61408847285532,13.627705109350075
2652.1294828582413,0.0,3.60046076774597,3.614082277157121,13.621509411151145
2653.1434728443114,0.0,3.60046076774597,3.6140770196732563,13.616251927286438
2654.1574688466717,0.0,3.60013699531555,3.61407240519803,13.935409882479988
2655.1728199287513,0.0,3.60029888153076,3.6140682696233717,13.769388092611745
2656.0463533708016,0.0,3.60013699531555,3.614073451956382,13.936456640831985
2657.0594969538515,0.0265474356710911,3.60078477859497,3.614482309356825,13.697530761854981
2658.0734894172115,0.0164698269218206,3.60110855102539,3.614420557997665,13.312006972274748
2659.0874549842515,0.0121508529409766,3.60094666481018,3.61437650285454,13.429838044359599
2660.1014393079313,0.011071109212935,3.60110855102539,3.614368180212055,13.259629186664679
2661.1154165536313,0.0096314512193203,3.60094666481018,3.6143531672584106,13.406502448230384
2662.1294093709016,0.0060323057696223,3.60094666481018,3.614303586069285,13.356921259104926
2663.1447091376112,0.00783187802881,3.60094666481018,3.6143262610685696,13.379596258389359
2664.1573730636815,0.0060323057696223,3.60078477859497,3.614303429826266,13.518651231296364
2665.1713623419514,0.00783187802881,3.60078477859497,3.6143311913256047,13.546412730634838
2666.1790044395216,0.0071120494976639,3.60094666481018,3.614327291922959,13.380627112778765
2667.1850999979515,0.005672391038388,3.60078477859497,3.6143092636517182,13.524485056748414
2668.1989317911116,0.0053124763071537,3.60094666481018,3.6143046294691747,13.357964658994526
2669.2129702613615,0.0092715369537472,3.60094666481018,3.6143669007665404,13.420235956360216
2670.2269807735815,0.00783187802881,3.60078477859497,3.614360114854555,13.575336259585402
2671.2408603431313,0.0081917932257056,3.60110855102539,3.614369111096652,13.26056007126164
2672.2549218168215,0.0053124763071537,3.60110855102539,3.6143327088441004,13.224157818710225
2673.2689029554112,0.0063922200351953,3.60078477859497,3.61434697563644,13.562197041470103
2674.2830320238413,0.0071120494976639,3.60078477859497,3.6143643144401176,13.579535845147817
2675.2967746344216,0.0089116217568516,3.60094666481018,3.614398526935273,13.451862125092973
2676.3109235212014,0.0049525620415806,3.60094666481018,3.61434853380179,13.401868991609778
2677.3247967205616,0.0060323057696223,3.60062289237976,3.614361763364283,13.7388709845232
2678.3387406997513,0.00783187802881,3.60094666481018,3.614392398115041,13.445733304860763
2679.3531167897513,0.0067521347664296,3.60094666481018,3.6143847355318734,13.43807072169323
2680.3670356421017,0.003872818313539,3.60094666481018,3.6143449213161847,13.398256506004458
2681.3810903917115,0.0092715369537472,3.60094666481018,3.6144232776286964,13.476612818516198
2682.3949211231816,0.0081917932257056,3.60110855102539,3.6144221857638237,13.3136347384335
2683.4089981684315,0.0017133308574557,3.60094666481018,3.6143296603634076,13.382995553227417
2684.4229545340913,0.00207324558869,3.60094666481018,3.6143196736793533,13.37300886917303
2685.4356205835516,0.00783187802881,3.60094666481018,3.6144013784393803,13.454713629200032
2686.4494399902514,0.0085517074912786,3.60094666481018,3.614429794530941,13.483129720760711
2687.4646636686516,0.005672391038388,3.60094666481018,3.614397516731621,13.450851921440687
2688.4789608391516,0.007471963763237,3.60094666481018,3.614425712993562,13.47904818338197
2689.4925657829813,0.0063922200351953,3.60094666481018,3.614421395678041,13.474730867860885
2690.5066881273215,0.0089116217568516,3.60094666481018,3.614460812282073,13.514147471892723
2691.5205687585712,0.0060323057696223,3.60078477859497,3.6144309952768174,13.646216681847623
2692.5345169845414,0.0067521347664296,3.60110855102539,3.6144416837470423,13.333132721652152
2693.5488240642217,0.00783187802881,3.60094666481018,3.6144645116318084,13.517846821628154
2694.5625769378817,0.0089116217568516,3.60094666481018,3.6144889426710147,13.542277860834506
2695.5766355803817,0.0060323057696223,3.60094666481018,3.614455761791372,13.50909698119196
2696.5904631267613,0.0053124763071537,3.60078477859497,3.6144447132514435,13.659934656473638
2697.6045380486216,0.0063922200351953,3.60094666481018,3.614460682326242,13.514017516061738
2698.6184873362913,0.0067521347664296,3.60078477859497,3.61447052388437,13.685745289400142
2699.6318636612914,0.0049525620415806,3.60078477859497,3.614448507445819,13.66372885084921
2700.6464152852614,0.0063922200351953,3.60094666481018,3.6144693380151467,13.522673204966473
2701.6604265052815,0.005672391038388,3.60094666481018,3.6144633023944794,13.516637584299218
2702.6745492035216,0.0049525620415806,3.60094666481018,3.6144541754524697,13.5075106422895
2703.6882978303915,0.0063922200351953,3.60094666481018,3.614478418397056,13.531753586875972
2704.7023830153216,0.00783187802881,3.60110855102539,3.614506935776952,13.398384751561743
2705.7163372575815,0.0071120494976639,3.60094666481018,3.61450743047643,13.560765666249974
2706.7302720353914,0.007471963763237,3.60094666481018,3.614518796256933,13.572131446752955
2707.7445281536016,0.0081917932257056,3.60094666481018,3.6145363979466185,13.589733136438298
2708.7583369433214,0.0053124763071537,3.60110855102539,3.614500529180316,13.391978154925877
2709.7724246055514,0.0060323057696223,3.60094666481018,3.614509802095037,13.563137284856808
2710.7862160542113,0.005672391038388,3.60094666481018,3.614509436151217,13.562771341036672
2711.8002644336416,0.0071120494976639,3.60094666481018,3.6145326607108332,13.585995900653014
2712.8142611437916,0.0063922200351953,3.60094666481018,3.614529175047499,13.582510237318601
2713.8281534537014,0.0053124763071537,3.60078477859497,3.6145169038276097,13.732125232639891
2714.8422400542313,0.0053124763071537,3.60094666481018,3.6145190769471407,13.572412136960477
2715.8562657841117,0.0067521347664296,3.60094666481018,3.6145430997357364,13.596434925556178
2716.8704305963515,0.00783187802881,3.60094666481018,3.6145693012358753,13.622636425695056
2717.8841548041814,0.0099913654848933,3.60110855102539,3.614609750087082,13.501199061691782
2718.8976001395113,0.0035129035823047,3.60078477859497,3.614529065312034,13.744286717064291
2719.9121464549917,0.005672391038388,3.60094666481018,3.6145500274910645,13.603362680884246
2720.9260617683512,0.0089116217568516,3.60094666481018,3.6146049376467095,13.658272836529317
2721.9400988230013,0.0063922200351953,3.60094666481018,3.61458063875343,13.633973943249611
2722.9684755160615,0.0071120494976639,3.60094666481018,3.6145935011940766,13.64683638389641
2723.9823738422615,0.00783187802881,3.60110855102539,3.6146113150474366,13.50276402204642
2724.9963882473717,0.0081917932257056,3.60094666481018,3.614623807391394,13.677142581213886
2726.0103159471914,0.0053124763071537,3.60094666481018,3.61458781653354,13.64115172335989
2727.0256121749117,0.0063922200351953,3.60094666481018,3.614601913172459,13.655248362278716
2728.0383362638313,0.0060323057696223,3.60094666481018,3.6146024265990446,13.655761788864407
2729.0523212953117,0.007471963763237,3.60094666481018,3.6146258138279057,13.67914901772549
2730.0662882779416,0.0063922200351953,3.60094666481018,3.614618241071496,13.671576261315987
2731.0802658775415,0.0060323057696223,3.60094666481018,3.614614039849165,13.66737503898463
2732.0942498473314,0.0053124763071537,3.60094666481018,3.6146066816645743,13.660016854394108
2733.1082313398215,0.0053124763071537,3.60094666481018,3.614603800273829,13.657135463648995
2734.1234907620315,0.003872818313539,3.60110855102539,3.6145852388495885,13.476687824198308
2735.1362261757313,0.0027930745854973,3.60094666481018,3.6145661613396043,13.619496529424069
2736.1501588301417,0.0053124763071537,3.60078477859497,3.614598763093158,13.813984498188159
2737.1641686345615,0.005672391038388,3.60078477859497,3.614611772055492,13.826993460522186
2738.1781377405814,0.005672391038388,3.60094666481018,3.614618109196196,13.671444386015974
2739.1921517917913,0.0067521347664296,3.60094666481018,3.6146411713530187,13.694506542838436
2740.2060844462117,0.0092715369537472,3.60094666481018,3.614687087323291,13.740422513110584
2741.2213980149813,0.0071120494976639,3.60094666481018,3.6146711234178213,13.724458607641044
2742.2340573403617,0.0067521347664296,3.60110855102539,3.6146690541031803,13.56050307779011
2743.2480862553416,0.005672391038388,3.60094666481018,3.61465501228387,13.708347473689653
2744.2620879200813,0.003152989083901,3.60094666481018,3.614620872226509,13.674207416328965
2745.2760403928414,0.0067521347664296,3.60094666481018,3.614665951179359,13.71928636917863
2746.2900034825816,0.0027930745854973,3.60094666481018,3.614614335638306,13.66767082812581
2747.3040019622313,0.0009935018606483,3.60094666481018,3.6145775592402685,13.630894430088247
2748.3192482901713,0.003872818313539,3.60094666481018,3.614614952662103,13.668287851922756
2749.3319667167116,0.007471963763237,3.60094666481018,3.6146739945286397,13.727329718459469
2750.3463130791915,0.0089116217568516,3.60110855102539,3.6147106561376248,13.602105112234586
2751.3598932500813,0.005672391038388,3.60094666481018,3.6146790315699278,13.732366759747539
2752.3738733269815,0.005672391038388,3.60094666481018,3.6146795852879245,13.732920477744326
2753.3879057809413,0.00783187802881,3.60094666481018,3.614715895682593,13.769230872412663
2754.4018532991213,0.0071120494976639,3.60094666481018,3.614716670452931,13.770005642750771
2755.4171449261516,0.007471963763237,3.60094666481018,3.614727339093862,13.780674283681904
2756.4297755857015,0.0049525620415806,3.60094666481018,3.614697122245284,13.750457435103947
2757.4438289197215,0.0063922200351953,3.60094666481018,3.614717497175668,13.770832365487706
2758.4578047498217,0.0081917932257056,3.60110855102539,3.6147516510249686,13.643099999578467
2759.4718329570014,0.0081917932257056,3.6012704372406,3.6147613959846274,13.490958744027282
2760.4857617185216,0.00207324558869,3.60094666481018,3.6146754006672253,13.728735857045038
2761.4997616137716,0.0035129035823047,3.60094666481018,3.6146856186748075,13.738953864627312
2762.5150730591513,0.0071120494976639,3.60078477859497,3.614740447620114,13.955669025144335
2763.5277330923313,0.007471963763237,3.60110855102539,3.61475739050911,13.648839483719755
2764.5417149387213,0.0053124763071537,3.60094666481018,3.6147349229258885,13.788258115708274
2765.5556964312113,0.0071120494976639,3.60110855102539,3.6147625645754253,13.654013550035149
2766.5696704918214,0.00783187802881,3.60110855102539,3.614779316977856,13.670765952465747
2767.5836594162015,0.005672391038388,3.60094666481018,3.614758074895364,13.811410085183606
2768.5976409086916,0.0063922200351953,3.60094666481018,3.614770789975618,13.824125165437628
2769.6129704029213,0.0096314512193203,3.60094666481018,3.6148268654112106,13.880200601030346
2770.6256042475716,0.00207324558869,3.60094666481018,3.6147237924889777,13.777127678797463
2771.6396076818114,0.0060323057696223,3.60078477859497,3.6147712892680572,13.986510673087427
2772.6535704176513,0.0053124763071537,3.60094666481018,3.6147675322161374,13.820867405957227
2773.6675696050916,0.0049525620415806,3.60094666481018,3.614765185820474,13.818521010293683
2774.6815472046915,0.0067521347664296,3.60110855102539,3.6147952146094258,13.686663584035585
2775.6955276354915,0.0067521347664296,3.60110855102539,3.614802386030706,13.693835005315957
2776.7108259866013,0.0053124763071537,3.60094666481018,3.614787990330326,13.84132552014572
2777.7235054842313,0.0063922200351953,3.60094666481018,3.6148043840480977,13.857719237917454
2778.7375630650413,0.0049525620415806,3.60094666481018,3.6147876443332505,13.840979523070285
2779.7515983501917,0.003872818313539,3.60078477859497,3.6147722066544996,13.987428059529794
2780.7518680213216,0.0060323057696223,3.60094666481018,3.6148024848427416,13.855820032561361
2781.7650776598416,0.0063922200351953,3.60094666481018,3.6148151600396288,13.868495229448552
2782.7792934335516,0.004232732579112,3.60078477859497,3.614788799721053,14.00402112608301
2783.7930891290016,0.005672391038388,3.60094666481018,3.6148082790358345,13.86161422565424
2784.8069740070314,0.0049525620415806,3.60094666481018,3.6148052992337023,13.858634423522087
2785.8210036298015,0.007471963763237,3.60094666481018,3.61484497568609,13.898310875909647
2786.8350559021214,0.0063922200351953,3.60094666481018,3.614841014373593,13.894349563412955
2787.8492090356813,0.0081917932257056,3.60094666481018,3.614873777829343,13.927113019162718
2788.8629127173713,0.00783187802881,3.60094666481018,3.6148791706160495,13.932505805869244
2789.8770113504715,0.005672391038388,3.60110855102539,3.614853483142997,13.744932117606634
2790.8909811642916,0.0053124763071537,3.60094666481018,3.6148477214516075,13.901056641427267
2791.9048660423214,0.005672391038388,3.60110855102539,3.6148535122180587,13.744961192668548
2792.9189232692215,0.0049525620415806,3.60094666481018,3.614846781335592,13.900116525411566
2793.9329256417614,0.0067521347664296,3.60110855102539,3.61487550387547,13.766952850079672
2794.9470826682214,0.0053124763071537,3.60094666481018,3.6148610968397565,13.914432029576318
2795.9608281100013,0.0053124763071537,3.60094666481018,3.614863401807312,13.916736997131807
2796.9748902914916,0.0060323057696223,3.60094666481018,3.61487838292275,13.931718112569769
2797.9888721378816,0.0071120494976639,3.60094666481018,3.6148998918675455,13.953227057365236
2799.0027442755413,0.0067521347664296,3.60094666481018,3.614904078499503,13.957413689322795
2800.0167494792713,0.0071120494976639,3.60110855102539,3.6149140684779395,13.80551745254932
2801.0308067061815,0.0060323057696223,3.60094666481018,3.6149050844770207,13.958419666840527
2802.0449166640515,0.0063922200351953,3.60094666481018,3.6149130252084336,13.966360398253386
2803.0586967879412,0.0060323057696223,3.60110855102539,3.6149115299854127,13.802978960022472
2804.0727628623213,0.0045926473103463,3.60094666481018,3.6148952353770945,13.948570566914231
2805.0867468321117,0.0045926473103463,3.60078477859497,3.6148926628657154,14.107884270745608
2806.1006363108313,0.0063922200351953,3.60094666481018,3.614922509001896,13.975844191715936
2807.1146485925515,0.0071120494976639,3.60078477859497,3.614941168399667,14.156389804697245
2808.1286902478914,0.0067521347664296,3.60094666481018,3.6149435266130197,13.996861802839433
2809.1427987901616,0.0063922200351953,3.60094666481018,3.6149441827662727,13.997517956092498
2810.1565668814815,0.0067521347664296,3.60110855102539,3.6149517386905345,13.843187665144363
2811.1706517125212,0.0060323057696223,3.60078477859497,3.614947516730708,14.162738135738095
2812.1846356823116,0.0053124763071537,3.60094666481018,3.6149391662858723,13.992501475692087
2813.2063587180214,0.005672391038388,3.60094666481018,3.614949724432726,14.003059622545777
2814.2125307186616,0.0081917932257056,3.60094666481018,3.614990822718954,14.04415790877378
2815.2265752051917,0.0060323057696223,3.60094666481018,3.6149689564512686,14.02229164108837
2816.2406858708614,0.0017133308574557,3.60094666481018,3.6149023114819183,13.955646671738098
2817.2544518387913,0.00207324558869,3.60094666481018,3.6148961364731345,13.949471662954238
2818.2685249911515,0.005672391038388,3.60094666481018,3.614946892974143,14.000228163962625
2819.2825114382313,0.0063922200351953,3.60078477859497,3.6149674868028723,14.182708207902461
2820.2964440926517,0.0067521347664296,3.60094666481018,3.6149819582110423,14.03529340086207
2821.3104061206914,0.0063922200351953,3.60094666481018,3.614984741542868,14.038076732687976
2822.3244647631914,0.0067521347664296,3.60094666481018,3.6149940589663427,14.047394156162518
2823.3388903990713,0.0049525620415806,3.60094666481018,3.614974251067676,14.027586257495894
2824.3523835107817,0.0049525620415806,3.60094666481018,3.6149735924867477,14.026927676567436
2825.3664163186413,0.0049525620415806,3.60094666481018,3.614977805161916,14.031140351735694
2826.3803907331517,0.0067521347664296,3.60094666481018,3.615008486327631,14.061821517450834
2827.3943329428416,0.0085517074912786,3.60094666481018,3.6150465686320676,14.099903821887416
2828.4082963864817,0.0060323057696223,3.60078477859497,3.615020777956398,14.235999361428053
2829.4223437042115,0.0063922200351953,3.60094666481018,3.615027243925032,14.080579114851943
2830.4364589705715,0.0063922200351953,3.60094666481018,3.6150280088700644,14.081344059884149
2831.4502369710613,0.004232732579112,3.60094666481018,3.6150007137372855,14.054048927105267
2832.4643002142516,0.003152989083901,3.60094666481018,3.6149812108745523,14.034546064372044
2833.4782827684417,0.003872818313539,3.60078477859497,3.6149884939577905,14.203715362820724
2834.4921081914213,0.0049525620415806,3.60110855102539,3.6150073942852323,13.898843259842142
2835.5061781586915,0.0067521347664296,3.60110855102539,3.6150377420233135,13.929190997923335
2836.5202226452316,0.003872818313539,3.60094666481018,3.6150026622383975,14.055997428217282
2837.5343481746613,0.0045926473103463,3.60094666481018,3.6150134627582777,14.06679794809751
2838.5481265290614,0.0067521347664296,3.60110855102539,3.615049305796597,13.94075477120671
2839.5621710155915,0.007471963763237,3.60078477859497,3.6150710194053857,14.286240810415851
2840.5761694952416,0.0067521347664296,3.60110855102539,3.615070560674912,13.962009649521878
2841.5900342010214,0.0071120494976639,3.60094666481018,3.615080292204036,14.133627393855708
2842.6042612995116,0.005672391038388,3.60094666481018,3.6150649874848875,14.118322674707251
2843.6182976463615,0.003872818313539,3.6012704372406,3.6150390631434575,13.768625902857323
2844.6322253461913,0.0053124763071537,3.60094666481018,3.615058260274935,14.1115954647546
2845.6460415677916,0.004232732579112,3.60094666481018,3.6150462394908276,14.099574680647375
2846.6594334643514,0.0060323057696223,3.60110855102539,3.6150732192075723,13.964668182182116
2847.6740367575917,0.0049525620415806,3.60094666481018,3.6150647522287995,14.118087418619307
2848.6879506553514,0.005672391038388,3.60110855102539,3.615075836353462,13.967285328071899
2849.7019962035815,0.003872818313539,3.60094666481018,3.615055113412661,14.108448602480728
2850.7159854818615,0.005672391038388,3.60078477859497,3.6150803451897726,14.2955665948028
2851.7300975631215,0.005672391038388,3.60078477859497,3.615087624158614,14.30284556364425
2852.7443112134415,0.0071120494976639,3.6012704372406,3.6151138403992817,13.8434031586816
2853.7581748575217,0.0045926473103463,3.60094666481018,3.61508453528917,14.137870478989623
2854.7721414862513,0.0060323057696223,3.60110855102539,3.615107235562744,13.998684537353867
2855.7858865741314,0.0053124763071537,3.60094666481018,3.6151017452438325,14.155080433652323
2856.7998645276316,0.0045926473103463,3.60078477859497,3.615092811399193,14.308032804223103
2857.8140470348217,0.003872818313539,3.60094666481018,3.615079978809283,14.133313999102892
2858.8279906601115,0.0009935018606483,3.60094666481018,3.615036361684947,14.089696874766577
2859.8419555193414,0.0049525620415806,3.60094666481018,3.615087228696519,14.140563886338775
2860.8558209329217,0.0063922200351953,3.60094666481018,3.6151167141315685,14.170049321388323
2861.8698250749617,0.004232732579112,3.60078477859497,3.615095795159912,14.311016564942047
2862.8836515596313,0.005672391038388,3.60110855102539,3.6151178733081237,14.00932228273355
2863.8977218808113,0.0060323057696223,3.60094666481018,3.6151284086146416,14.181743804461355
2864.9117139902714,0.0049525620415806,3.60094666481018,3.615118844695494,14.172179885313607
2865.9258557990615,0.0063922200351953,3.60110855102539,3.6151439658245703,14.035414799180135
2866.9396015947414,0.0060323057696223,3.60110855102539,3.6151466348680388,14.038083842648597
2867.9537087214217,0.0049525620415806,3.60094666481018,3.615136790672784,14.190125862603598
2868.9676597785915,0.0063922200351953,3.60094666481018,3.6151574984481734,14.210833637993137
2869.9817892009114,0.00207324558869,3.60094666481018,3.615099951356461,14.153286546280786
2870.9957675083115,0.00783187802881,3.60110855102539,3.615178335474566,14.069784449175948
2872.0096399998715,0.0024331600870937,3.60094666481018,3.615111737061218,14.165072251037802
2873.0237191685214,-0.0008060709806159,3.60094666481018,3.615053616038859,14.106951228678888
2874.0375318511315,0.003152989083901,3.60094666481018,3.6150972206392797,14.15055582909952
2875.0514984798615,0.0063922200351953,3.60094666481018,3.6151524594071915,14.205794597011323
2876.0655663237417,0.007471963763237,3.60094666481018,3.6151836060954428,14.236941285262539
2877.0794274905315,0.0053124763071537,3.60094666481018,3.615162222976013,14.215558165832753
2878.0935063052816,0.0024331600870937,3.60094666481018,3.6151205145503287,14.173849740148459
2879.1075019537416,0.0049525620415806,3.60078477859497,3.6151542940181827,14.369515423212853
2880.1216242980813,0.0045926473103463,3.60094666481018,3.6151547704374627,14.208105627282475
2881.1353846036213,0.0060323057696223,3.60094666481018,3.6151809479264014,14.234283116221214
2882.1494559864914,0.0063922200351953,3.60110855102539,3.6151947684851105,14.086217459720274
2883.1634350016916,0.0060323057696223,3.60094666481018,3.615196888953551,14.250224143370627
2884.1773439448616,0.005672391038388,3.60078477859497,3.6151974485363807,14.412669941410883
2885.1913717981315,0.0060323057696223,3.60094666481018,3.6152066212187446,14.259956408564367
2886.2053536445314,0.0045926473103463,3.60078477859497,3.615189406703882,14.404628108912299
2887.2195025313013,0.0035129035823047,3.60094666481018,3.6151727644276845,14.226099617504318
2888.2332752233115,0.0045926473103463,3.60094666481018,3.61518699490948,14.240330099299925
2889.2472726412616,0.0045926473103463,3.60094666481018,3.615190163773646,14.243498963465662
2890.2613277447713,-0.0011659855954349,3.60094666481018,3.615100853319712,14.154188509531984
2891.2751800640913,0.005672391038388,3.60094666481018,3.6151912753272755,14.244610517095246
2892.2892602944316,0.0060323057696223,3.60094666481018,3.615211148297043,14.264483486862822
2893.3032159522913,0.004232732579112,3.60094666481018,3.6151919333731963,14.245268563016111
2894.3173988133813,0.0045926473103463,3.60094666481018,3.615200613323805,14.253948513624604
2895.3311205439213,0.0063922200351953,3.60110855102539,3.615232172184688,14.123621159297883
2896.3455267153513,0.0053124763071537,3.60094666481018,3.6152259271873493,14.279262377169033
2897.3591918220313,0.0071120494976639,3.60078477859497,3.6152575244088405,14.472745813870702
2898.3731103204814,0.0045926473103463,3.60094666481018,3.6152280847537055,14.281419943525275
2899.3871172937115,0.0060323057696223,3.60078477859497,3.6152496026644183,14.46482406944849
2900.4011154194613,0.0060323057696223,3.60094666481018,3.615255321996153,14.308657185972962
2901.4152483807716,0.0035129035823047,3.60094666481018,3.6152244354142584,14.2777706040782
2902.4290653101716,0.005672391038388,3.60110855102539,3.6152543596985875,14.145808673197369
2903.4508389534712,0.0071120494976639,3.60094666481018,3.6152829601727734,14.336295362593177
2904.4570679318613,-0.0004461564240045,3.60094666481018,3.6151736532439167,14.226988433736487
2905.4709400695215,0.005672391038388,3.60094666481018,3.6152505717192494,14.30390690906913
2906.4849654455015,0.0071120494976639,3.60094666481018,3.615286496888341,14.339832078160697
2907.4989603861613,0.007471963763237,3.60094666481018,3.6153017739372624,14.355109127082155
2908.5131386465614,0.0053124763071537,3.60078477859497,3.6152804866407426,14.495708045772826
2909.5269088612813,0.005672391038388,3.60110855102539,3.6152863603082057,14.177809282815534
2910.5409894455315,0.0027930745854973,3.60110855102539,3.6152454802382863,14.13692921289611
2911.5549008659914,0.0071120494976639,3.60110855102539,3.6153069294161515,14.198378390761324
2912.5688763422013,0.005672391038388,3.60094666481018,3.6152985949500556,14.351930139875346
2913.5828489872115,0.0053124763071537,3.60094666481018,3.615299562609302,14.352897799121855
2914.5968725937014,0.00783187802881,3.60110855102539,3.6153396992654803,14.231148240090086
2915.6110023699216,0.0060323057696223,3.60094666481018,3.6153236098734323,14.376945063252045
2916.6248313318915,0.00207324558869,3.60110855102539,3.6152644418812385,14.155890855848341
2917.6388432597114,0.0035129035823047,3.60094666481018,3.615278410070203,14.331745260022899
2918.6528049338513,0.0063922200351953,3.60094666481018,3.615323528130372,14.376863320191724
2919.6667241401015,0.00783187802881,3.60110855102539,3.6153552769419277,14.246725916537528
2920.6807388991115,0.003872818313539,3.60094666481018,3.6153066092290893,14.359944418909087
2921.6947264078813,0.005672391038388,3.60094666481018,3.615330769710058,14.384104899877848
2922.7089032526915,0.0049525620415806,3.60078477859497,3.615327765839818,14.542987244848149
2923.7226713440114,0.0071120494976639,3.60110855102539,3.6153619795863707,14.253428560980552
2924.7369101211616,0.0053124763071537,3.60094666481018,3.615345323697971,14.398658887790905
2925.7506732579013,0.0045926473103463,3.60094666481018,3.6153380206265604,14.39135581638018
2926.7640495829014,0.007471963763237,3.60094666481018,3.6153819304227635,14.435265612583237
2927.7786443825617,0.0049525620415806,3.60094666481018,3.615353654005579,14.406989195398623
2928.7926449856013,0.0017133308574557,3.60094666481018,3.6153055441392943,14.35887932911406
2929.8067949340816,0.0045926473103463,3.60110855102539,3.6153394742889193,14.23092326352915
2930.8205778891615,0.0053124763071537,3.60094666481018,3.615356038450648,14.409373640467571
2931.8345597355515,0.0071120494976639,3.60110855102539,3.6153908125152427,14.282261489852566
2932.8485681243815,0.0049525620415806,3.60094666481018,3.615369056671159,14.422391860978934
2933.8624947625117,0.0053124763071537,3.60094666481018,3.6153753375389637,14.428672728783454
2934.8765279242716,0.0053124763071537,3.60078477859497,3.6153805042847806,14.595725689810823
2935.8904743807516,0.0071120494976639,3.60110855102539,3.615409755005123,14.30120397973278
2936.9040269475113,0.0049525620415806,3.60094666481018,3.6153871387924106,14.440473982230362
2937.9184288721513,0.0045926473103463,3.60094666481018,3.6153835020664498,14.436837256269541
2938.9324220433214,0.0071120494976639,3.60094666481018,3.615423867064571,14.477202254390864
2939.9464736078316,0.00783187802881,3.60110855102539,3.6154450581811464,14.336507155756184
2940.9604126324316,0.0035129035823047,3.60110855102539,3.6153872337193937,14.278682694003564
2941.9738820329017,-0.0004461564240045,3.60094666481018,3.615319288065605,14.372623255424877
2942.9884272866916,0.0053124763071537,3.60078477859497,3.615392699194532,14.607920599562174
2944.0025446764416,0.0053124763071537,3.60094666481018,3.615404790842559,14.458126032378615
2945.0163534661615,0.0063922200351953,3.60094666481018,3.6154277536044024,14.481088794222163
2946.0303190331915,0.005672391038388,3.60078477859497,3.615425183351545,14.640404756575354
2947.0443394545914,0.005672391038388,3.60094666481018,3.6154298076683236,14.483142858143339
2948.0582781252915,0.0035129035823047,3.60094666481018,3.6154002117263153,14.453546916135096
2949.0722850985117,0.0035129035823047,3.60078477859497,3.6153980279973577,14.61324940238784
2950.0863341857416,0.0049525620415806,3.60078477859497,3.61542023271794,14.63545412297007
2951.1004296337414,0.0060323057696223,3.60094666481018,3.615443293132837,14.496628322656857
2952.1142147122314,0.0063922200351953,3.60110855102539,3.615457039696308,14.34848867091798
2953.1282262861414,0.0067521347664296,3.60094666481018,3.615468865061513,14.522200251332773
2954.1424211798017,0.0060323057696223,3.60110855102539,3.615465711521779,14.357160496389021
2955.1563941787113,0.0053124763071537,3.60094666481018,3.6154599300464594,14.51326523627916
2956.1703498365714,0.0060323057696223,3.60110855102539,3.6154726355368125,14.364084511422348
2957.1842039253816,0.0045926473103463,3.60094666481018,3.6154564747612974,14.50980995111717
2958.1983269775214,0.0053124763071537,3.60094666481018,3.6154691709508753,14.522506140695057
2959.2121074553115,0.0081917932257056,3.60094666481018,3.615519048326282,14.572383516101794
2960.2261045193613,0.0071120494976639,3.60110855102539,3.615515400540471,14.406849515080644
2961.2401033529113,0.0017133308574557,3.60094666481018,3.6154347003455016,14.488035535321409
2962.2540413158113,-0.0015259000938385,3.60094666481018,3.615371582337204,14.424917527023684
2963.2682500115416,0.0067521347664296,3.60094666481018,3.615483511573431,14.536846763250733
2964.2819950994217,0.0063922200351953,3.60094666481018,3.615496349327258,14.549684517077832
2965.2962193667113,0.0067521347664296,3.60094666481018,3.6155098938627943,14.56322905261409
2966.3099846268415,0.003152989083901,3.60094666481018,3.6154631560668515,14.516491256671316
2967.3239788597016,0.0045926473103463,3.60094666481018,3.615480391468923,14.53372665874264
2968.3386111726713,0.0060323057696223,3.60110855102539,3.615506243432972,14.397692407581708
2969.3521517068616,0.0063922200351953,3.60094666481018,3.6155185463877273,14.571881577547074
2970.3659668667615,0.0049525620415806,3.60094666481018,3.6155046849291863,14.558020119006088
2971.3799306643014,0.0071120494976639,3.60110855102539,3.615541491471578,14.432940446187814
2972.3940774276816,0.007471963763237,3.60110855102539,3.615555485043303,14.44693401791275
2973.4078848018016,0.0009935018606483,3.60094666481018,3.6154627496891405,14.516084878960278
2974.4218648787014,0.0045926473103463,3.60094666481018,3.6155059521992765,14.559287389096287
2975.4359366154713,0.0071120494976639,3.60094666481018,3.6155524211034153,14.605756293235128
2976.4498409579514,0.0045926473103463,3.60110855102539,3.615526598255709,14.418047230318809
2977.4640202800515,0.005672391038388,3.60094666481018,3.615542036537548,14.595371727367912
2978.4780166363016,0.0053124763071537,3.60094666481018,3.61554182710521,14.595162295029773
2979.4921506593214,0.0049525620415806,3.60094666481018,3.6155395003209794,14.592835510799151
2980.5057669279213,0.0045926473103463,3.60094666481018,3.6155360717601264,14.589406949946149
2981.5199759775414,0.003872818313539,3.60094666481018,3.6155281252022173,14.581460392037116
2982.5340027691213,0.004232732579112,3.60094666481018,3.615532511091148,14.585846280967818
2983.5477160060814,0.00783187802881,3.60094666481018,3.6155888455236282,14.642180713448028
2984.5616925439813,0.0045926473103463,3.60110855102539,3.6155565611741523,14.44801014876207
2985.5756991633116,0.0049525620415806,3.60094666481018,3.6155609780361067,14.614313225926434
2986.5898406182114,0.005672391038388,3.60094666481018,3.615575776064066,14.629111253885885
2987.6036465767415,0.0060323057696223,3.60094666481018,3.6155879420160013,14.64127720582109
2988.6176386862016,0.0067521347664296,3.60094666481018,3.615605967289983,14.65930247980296
2989.6317090073717,0.00783187802881,3.60110855102539,3.6156306721590075,14.522121133617283
2990.6455988399916,-8.62418673932552e-05,3.60094666481018,3.6155198835022224,14.5732186920422
2991.6595704233114,0.0049525620415806,3.60110855102539,3.6155752866458624,14.466735620472182
2992.6735607632813,0.0053124763071537,3.60094666481018,3.615589739453978,14.643074643797771
2993.6877538874414,0.0060323057696223,3.60094666481018,3.6156050000299653,14.658335219785101
2994.7015262255513,0.003872818313539,3.60094666481018,3.615578160413025,14.631495602844602
2995.7155201045216,0.0049525620415806,3.60094666481018,3.615594713509303,14.648048699122729
2996.7297574660715,0.0049525620415806,3.60078477859497,3.615599522869587,14.814744274617375
2997.7437322344813,0.0053124763071537,3.60094666481018,3.6156075587293857,14.660893919205442
2998.7574783840614,0.003152989083901,3.60078477859497,3.6155799846659757,14.795206071005929
2999.7717026513415,0.0067521347664296,3.60094666481018,3.615632645502822,14.68598069264182
3000.7862047294416,0.00783187802881,3.60094666481018,3.615660792763556,14.714127953375566
3001.7996571427516,0.0045926473103463,3.60094666481018,3.615621662734572,14.674997924391864
3002.8138184159916,0.000273672689218,3.60110855102539,3.615554199105564,14.44564808017379
3003.8276657807214,0.0060323057696223,3.60094666481018,3.615628221215705,14.68155640552471
3004.8415814479713,0.005672391038388,3.60094666481018,3.6156367404494643,14.69007563928404
3005.8557310425513,0.0067521347664296,3.60094666481018,3.615658665808972,14.712000998791996
3006.8693809315614,0.0027930745854973,3.60094666481018,3.615605301837907,14.65863702772685
3007.8838720387917,0.0053124763071537,3.60110855102539,3.615637305523684,14.528754498293939
3008.8975176810113,0.0053124763071537,3.60094666481018,3.6156451412388337,14.698476428653517
3009.9113204544515,0.0060323057696223,3.60110855102539,3.6156611981093114,14.552647083921233
3010.9254987148515,0.0053124763071537,3.60094666481018,3.6156583364607453,14.711671650565084
3011.9392285850713,0.005672391038388,3.60110855102539,3.6156685848151286,14.560033789738469
3012.9532327271113,0.0081917932257056,3.60094666481018,3.615711824012153,14.765159201972633
3013.9672524407015,0.0024331600870937,3.60078477859497,3.6156355312830044,14.850752688034596
3014.9816207449317,-0.0008060709806159,3.60110855102539,3.615575213515878,14.466662490487892
3015.9953757419917,0.0049525620415806,3.60094666481018,3.615648373579758,14.70170876957777
3017.0101860662116,0.0060323057696223,3.60094666481018,3.615676570512338,14.729905702157708
3018.0233790714715,0.003872818313539,3.60094666481018,3.6156525597903006,14.705894980120426
3019.0359407207015,0.0049525620415806,3.60094666481018,3.6156681360518306,14.721471241650352
3020.0513186991116,0.0049525620415806,3.60094666481018,3.61567468549993,14.728020689749766
3021.0651306739214,0.005672391038388,3.60110855102539,3.615689961762161,14.581410736770994
3022.0793050414413,0.004232732579112,3.60110855102539,3.615674223909555,14.565672884164993
3023.0930710093617,0.004232732579112,3.60094666481018,3.6156758943598106,14.729229549630407
3024.1070567486513,0.00783187802881,3.60110855102539,3.6157327216331563,14.624170607766107
3025.1212449182217,0.0024331600870937,3.60094666481018,3.6156655548572454,14.71889004706517
3026.1352157937413,0.0027930745854973,3.60094666481018,3.6156609083874303,14.714243577250041
3027.1489973332314,0.003872818313539,3.60094666481018,3.6156779202071165,14.731255396936316
3028.1629905043915,0.00783187802881,3.60094666481018,3.61573941455351,14.792749743329558
3029.1771868136516,0.0053124763071537,3.60094666481018,3.61571701973117,14.770354920989881
3030.1909605673613,0.003872818313539,3.60094666481018,3.61570012487609,14.753460065909607
3031.2049385208616,0.0045926473103463,3.60094666481018,3.6157097530195936,14.76308820941341
3032.2189472635814,0.005672391038388,3.60094666481018,3.6157293585385712,14.782693728391028
3033.2328944278615,0.0049525620415806,3.60094666481018,3.6157252615710527,14.778596760872453
3034.2469038783815,0.005672391038388,3.60110855102539,3.6157377831501445,14.62923212475431
3035.2608821857816,0.0035129035823047,3.60094666481018,3.6157097913820078,14.763126571827545
3036.2750133776017,0.005672391038388,3.60094666481018,3.615742910523362,14.796245713181833
3037.2888150893414,0.0063922200351953,3.60110855102539,3.6157617599884295,14.653208963039344
3038.3028227703717,0.0060323057696223,3.60094666481018,3.6157659172562524,14.819252446072184
3039.3168375293812,0.0071120494976639,3.60110855102539,3.615786518093066,14.67796706767599
3040.3307846936514,0.0060323057696223,3.60110855102539,3.615778897231627,14.67034620623675
3041.3451498127915,0.0027930745854973,3.60094666481018,3.61573243099296,14.785766182779714
3042.3587689125816,0.0035129035823047,3.60094666481018,3.615736322967276,14.789658157095875
3043.3729078901815,0.003152989083901,3.60078477859497,3.615730788115092,14.94600952012215
3044.3867188033014,0.003152989083901,3.60094666481018,3.615727906468804,14.781241658623934
3045.4007024191915,0.0017133308574557,3.60094666481018,3.6157050930122225,14.758428202042317
3046.4147253178717,0.0006335872458294,3.60094666481018,3.615682740815426,14.736076005245735
3047.4287032713714,0.000273672689218,3.60094666481018,3.615671713092143,14.72504828196275
3048.4426422959714,0.0060323057696223,3.60094666481018,3.6157556623016736,14.808997491493336
3049.4566485614014,0.0049525620415806,3.60094666481018,3.615756094677372,14.809429867191692
3050.4710055408614,0.0049525620415806,3.60094666481018,3.6157624505066606,14.815785696480344
3051.4846005755116,0.0053124763071537,3.60094666481018,3.615772358182609,14.825693372428894
3052.4985810063113,0.0049525620415806,3.60078477859497,3.6157747446304898,14.989966035519942
3053.5126017816015,0.0053124763071537,3.60094666481018,3.6157810243637196,14.8343595535394
3054.5265846896914,0.0035129035823047,3.60094666481018,3.615761619302394,14.814954492213595
3055.5405431787412,0.00207324558869,3.60078477859497,3.615738842373173,14.954063778203075
3056.5545278563213,0.0045926473103463,3.60110855102539,3.615771123405026,14.662572379635641
3057.5686739119014,0.0053124763071537,3.60094666481018,3.615789395034868,14.842730224687628
3058.5824706690614,0.0049525620415806,3.60110855102539,3.615790923435883,14.68237241049275
3059.5964698565012,0.004232732579112,3.60094666481018,3.615786256272891,14.839591462710633
3060.6104984175813,0.0063922200351953,3.60094666481018,3.6158194064150617,14.8727416048815
3061.6244618612113,0.0049525620415806,3.60094666481018,3.615809011876774,14.862347066593617
3062.6384217658615,0.0045926473103463,3.60094666481018,3.61580580508213,14.859140271949567
3063.6524255540016,0.003872818313539,3.60094666481018,3.6157974447070287,14.850779896848465
3064.6665482522417,0.0053124763071537,3.60110855102539,3.6158210018933494,14.712450867959248
3065.6803588114517,0.0067521347664296,3.60094666481018,3.6158490103606913,14.902345550511065
3066.6943509209214,0.0067521347664296,3.60094666481018,3.6158585083308,14.911843520619694
3067.7083423225813,0.00207324558869,3.60110855102539,3.6157949309914543,14.686379966064145
3068.7222880712716,0.0045926473103463,3.60094666481018,3.6158237304997245,14.877065689544278
3069.7365080917616,0.0045926473103463,3.60078477859497,3.6158290348404187,15.044256245448917
3070.7503133424916,0.004232732579112,3.60110855102539,3.615827560203822,14.719009178431719
3071.7644742618413,0.0049525620415806,3.60094666481018,3.615842070602308,14.895405792127558
3072.7783301201416,0.0060323057696223,3.60094666481018,3.6158623701995114,14.91570538933118
3073.8066728388817,0.0035129035823047,3.60110855102539,3.615832339486438,14.723788461047604
3074.8218795301214,0.0045926473103463,3.60094666481018,3.615846475439231,14.89981062905077
3075.8346407784516,0.004232732579112,3.60078477859497,3.615848612085581,15.063833490611245
3076.8485628158915,0.0067521347664296,3.60094666481018,3.615886392471802,14.93972766162166
3077.8625598799413,0.0049525620415806,3.60094666481018,3.6158705539577505,14.923889147570257
3078.8765526972115,0.0045926473103463,3.60110855102539,3.615867853068262,14.759302042871791
3079.8905129557515,0.0053124763071537,3.60110855102539,3.6158809228572353,14.7723718318451
3080.9044976333416,0.005672391038388,3.60094666481018,3.615890980673117,14.944315862936985
3081.9197482080713,0.004232732579112,3.60078477859497,3.615874370512702,15.089591917732292
3082.9324461084616,0.0035129035823047,3.60094666481018,3.6158642739167317,14.917609106551488
3083.9464534355816,0.0049525620415806,3.60110855102539,3.615884052766712,14.775501741322028
3084.9604306812917,0.003152989083901,3.60062289237976,3.6158620719621744,15.239179582414497
3085.9744185439613,0.003872818313539,3.60094666481018,3.615871289861247,14.92462505106662
3086.9883975591615,0.0045926473103463,3.60094666481018,3.6158839931920457,14.937328381865456
3088.0023942693115,0.004232732579112,3.60110855102539,3.6158843424069183,14.77579138152807
3089.0176388277614,0.0045926473103463,3.60094666481018,3.615893299472285,14.946634662104774
3090.0303476990216,0.0049525620415806,3.60094666481018,3.615900813672308,14.95414886212787
3091.0443369772916,0.004232732579112,3.60094666481018,3.6158979664404742,14.951301630294012
3092.0583205931816,0.0060323057696223,3.60078477859497,3.6159258532315435,15.14107463657366
3093.0723024395716,0.0045926473103463,3.60078477859497,3.6159130079877446,15.128229392774806
3094.0862906561415,0.0045926473103463,3.60094666481018,3.6159136858134904,14.967021003310155
3095.1002671940514,0.003152989083901,3.60094666481018,3.615893947764186,14.947282954005825
3096.1155227233717,0.0045926473103463,3.60094666481018,3.6159129051771277,14.966240366947492
3097.1282386726116,0.001353416359052,3.60094666481018,3.615866450576515,14.91978576633457
3098.1422413990513,-0.0011659855954349,3.60078477859497,3.6158171509452623,15.032372350292533
3099.1562076738815,0.00207324558869,3.60094666481018,3.6158547188830137,14.908054072833465
3100.1701838578815,0.0053124763071537,3.60094666481018,3.6159089256912513,14.96226088107111
3101.1841777368513,0.0067521347664296,3.60094666481018,3.6159439050741398,14.997240263959544
3102.1981436577817,0.0045926473103463,3.60094666481018,3.615923678582539,14.977013772358827
3103.2134236061315,0.0045926473103463,3.60110855102539,3.6159246729301904,14.816121904800195
3104.2261253994116,0.0035129035823047,3.60110855102539,3.6159135283407755,14.804977315385326
3105.2400998139215,0.0045926473103463,3.60094666481018,3.615930020922928,14.983356112747703
3106.2540876766016,0.005672391038388,3.60094666481018,3.6159510624674343,15.004397657254032
3107.2680369642717,0.004232732579112,3.60078477859497,3.615937780716475,15.153002121505388
3108.2821037464514,0.0045926473103463,3.60094666481018,3.6159447524593307,14.998087649150449
3109.2960406476514,0.005672391038388,3.60094666481018,3.6159656956972057,15.019030887025497
3110.3115155944315,0.0071120494976639,3.60094666481018,3.615994429987538,15.047765177357952
3111.3239972624515,0.0063922200351953,3.6012704372406,3.6159938889864116,14.723451745811467
3112.3383556575013,0.0024331600870937,3.60110855102539,3.6159400219711912,14.831470945801062
3113.3519765267915,0.0035129035823047,3.60094666481018,3.615948435735691,15.001770925510804
3114.3659580192816,0.003872818313539,3.60094666481018,3.6159546105162983,15.007945706118075
3115.3799154466415,0.0035129035823047,3.60094666481018,3.615955737508725,15.009072698544568
3116.3939160496816,0.0053124763071537,3.60094666481018,3.615982868747276,15.036203937095927
3117.4091959980415,0.0053124763071537,3.60110855102539,3.6159899072076302,14.881356182240069
3118.4218988530115,0.003152989083901,3.60094666481018,3.6159602206409986,15.013555830818426
3119.4358693746317,0.0024331600870937,3.60094666481018,3.6159474689846425,15.000804174462257
3120.4498473281315,0.004232732579112,3.60094666481018,3.6159732560899815,15.026591279801327
3121.4638419148914,0.0049525620415806,3.60094666481018,3.6159898173759606,15.043152565780371
3122.4777713842113,0.0045926473103463,3.60078477859497,3.6159909373120245,15.206158717054663
3123.4918187019416,0.0045926473103463,3.60094666481018,3.615995191949051,15.048527138870949
3124.5057998405314,0.0060323057696223,3.60094666481018,3.6160216233177302,15.07495850755003
3125.5197689465613,0.005672391038388,3.60110855102539,3.6160248480671253,14.916297041735138
3126.5337582248317,0.0053124763071537,3.60094666481018,3.616023642940894,15.076978130713847
3127.5477485648016,0.003872818313539,3.60110855102539,3.6160063936421936,14.89784261680338
3128.5617233332114,0.004232732579112,3.60094666481018,3.6160111102932992,15.064445483119027
3129.5756988094113,0.0049525620415806,3.60094666481018,3.6160248595566964,15.078194746516171
3130.5896841948015,0.0053124763071537,3.60094666481018,3.616035717759615,15.089052949434745
3131.6049347695316,0.005672391038388,3.60110855102539,3.616047981752044,14.939430726653935
3132.6176447024914,0.0063922200351953,3.60094666481018,3.6160643877584207,15.11772294824043
3133.6316527374115,0.0053124763071537,3.60110855102539,3.616055315490988,14.946764465597617
3134.6456218434314,0.0045926473103463,3.60110855102539,3.616044987511227,14.936436485836868
3135.6595856409713,0.00207324558869,3.60094666481018,3.6160085430617652,15.061878251585004
3136.6735816433315,0.003152989083901,3.60094666481018,3.6160182301179606,15.071565307780421
3137.6875390706814,0.0067521347664296,3.60094666481018,3.61607783290046,15.1311680902797
3138.7022736604913,0.0045926473103463,3.60110855102539,3.6160555961113223,14.947045085932142
3139.7154949776814,0.0009935018606483,3.60078477859497,3.616003097623851,15.218319028881044
3140.7297234917514,0.0045926473103463,3.60094666481018,3.6160484475789056,15.101782768725425
3141.7473604082516,0.004232732579112,3.60094666481018,3.6160486868469173,15.10202203673705
3142.7574812152516,0.0045926473103463,3.60110855102539,3.616058635304107,14.950084278716691
3143.7714740325114,0.0049525620415806,3.60094666481018,3.6160693690468824,15.122704236702145
3144.7854576484015,0.0053124763071537,3.60094666481018,3.616078423428091,15.13175861791094
3145.8006901742815,0.003872818313539,3.60094666481018,3.6160629792404833,15.116314430303035
3146.8134089547116,0.004232732579112,3.60078477859497,3.6160679082689695,15.283129673999696
3147.8273805380313,0.0035129035823047,3.60094666481018,3.6160596700337275,15.113005223547304
3148.8414044984115,0.003872818313539,3.60094666481018,3.616066326430747,15.11966162056666
3149.8553445847115,0.0045926473103463,3.60094666481018,3.6160801407745,15.133475964319576
3150.8693512040413,0.0049525620415806,3.60094666481018,3.616090999560463,15.144334750282873
3151.8832888130414,0.003872818313539,3.60094666481018,3.616080778107951,15.134113297770924
3152.8985935343417,0.0060323057696223,3.60094666481018,3.616112910096209,15.166245286028612
3153.9112783404616,0.004232732579112,3.60094666481018,3.616095125468095,15.148460657914864
3154.9252732811115,0.003872818313539,3.60094666481018,3.6160907590551363,15.144094244956108
3155.9392583126014,0.003872818313539,3.60094666481018,3.6160914029232845,15.14473811310424
3156.9534751480014,0.0049525620415806,3.60078477859497,3.6161118425256213,15.32706393065153
3157.9674555788015,0.0063922200351953,3.60094666481018,3.6161392855107657,15.192620700585469
3158.9812615373316,0.005672391038388,3.60094666481018,3.616138046709181,15.1913818990006
3159.9965782911913,0.0049525620415806,3.60094666481018,3.616131230880886,15.184566070705952
3161.0092047039616,0.0009935018606483,3.60094666481018,3.6160726487124357,15.125983902255502
3162.0231808879616,0.003872818313539,3.60094666481018,3.6161065877574,15.159922947219684
3163.0371974164714,0.0049525620415806,3.60078477859497,3.6161271965842023,15.342417989232526
3164.0511449346413,0.004232732579112,3.60094666481018,3.6161268757027045,15.180210892524304
3165.0651742035216,0.0067521347664296,3.60094666481018,3.616165408232223,15.21874342204299
3166.0790622666414,0.0053124763071537,3.60094666481018,3.6161548074378227,15.208142627642474
3167.0944894370314,0.0027930745854973,3.60110855102539,3.6161183552818885,15.009804256498338
3168.1070709046116,0.0024331600870937,3.60094666481018,3.616109820104743,15.163155294562802
3169.1210877870117,0.0045926473103463,3.60094666481018,3.616139214241431,15.19254943125059
3170.1350494611615,0.0045926473103463,3.60094666481018,3.6161459717600133,15.199306949833069
3171.1490528953914,0.0045926473103463,3.60094666481018,3.6161504965542863,15.203831744106111
3172.1630283716013,0.0049525620415806,3.60094666481018,3.6161609067700238,15.214241959843555
3173.1770208349617,0.0053124763071537,3.60078477859497,3.616168278522626,15.383499927656086
3174.1923758099415,0.003872818313539,3.60094666481018,3.6161524777508034,15.205812940623176
3175.2049855894415,0.004232732579112,3.60110855102539,3.6161590105557924,15.050459530402183
3176.2189826534914,0.004232732579112,3.60094666481018,3.6161604393042097,15.213774494029497
3177.2329471588314,0.003152989083901,3.60094666481018,3.616155334553713,15.208669743532965
3178.2469265279315,0.0071120494976639,3.60094666481018,3.616209974669497,15.263309859316898
3179.2609303160616,0.0045926473103463,3.60094666481018,3.6161844420683544,15.237777258174212
3180.2748587236915,-8.62418673932552e-05,3.60110855102539,3.6161148447815163,15.006293756126166
3181.2896697557117,0.0009935018606483,3.60094666481018,3.6161147287356408,15.168063925460551
3182.3028429426213,0.003872818313539,3.60094666481018,3.616154126056669,15.207461246488752
3183.3168566399313,0.0035129035823047,3.60094666481018,3.6161572431511604,15.210578340980163
3184.3312097264916,0.0035129035823047,3.60094666481018,3.616161021080684,15.214356270503604
3185.3448351964716,0.005672391038388,3.60094666481018,3.6161974403565886,15.250775546408413
3186.3587526332217,0.004232732579112,3.60094666481018,3.616184318399089,15.237653588908717
3187.3727468660813,0.004232732579112,3.60094666481018,3.6161854405528833,15.238775742703048
3188.3881121041313,0.003152989083901,3.60094666481018,3.616171667495515,15.225002685334665
3189.4007466565813,0.0063922200351953,3.60094666481018,3.616223154314846,15.276489504665758
3190.4147143470013,0.0049525620415806,3.60110855102539,3.6162126885773493,15.104137551959163
3191.4287273365117,0.0024331600870937,3.60094666481018,3.616178451148878,15.231786338697706
3192.4426840560714,0.0045926473103463,3.60094666481018,3.6162070472651724,15.260382454992172
3193.4566768733316,0.0045926473103463,3.60110855102539,3.6162128666985804,15.10431567319026
3194.4706293461013,0.0045926473103463,3.60094666481018,3.616215057287481,15.268392477300718
3195.4860197109815,0.003872818313539,3.60094666481018,3.6162144366608198,15.267771850639544
3196.4985912693814,0.005672391038388,3.60094666481018,3.616241601011374,15.29493620119382
3197.5395066082215,0.0067521347664296,3.60094666481018,3.61626536742152,15.31870261133994
3198.5435010675715,0.0053124763071537,3.60094666481018,3.616254143202103,15.307478391922924
3199.5561536688715,0.0049525620415806,3.60094666481018,3.6162498009817616,15.30313617158141
3200.5700615503515,0.003872818313539,3.60094666481018,3.616236691035141,15.290026224960673
3201.5841024978913,0.0035129035823047,3.60094666481018,3.616230210991305,15.28354618112493
3202.5980624025415,0.003152989083901,3.60094666481018,3.616223943489559,15.277278679378892
3203.6121040578814,0.0027930745854973,3.60094666481018,3.6162166609253132,15.269996115133022
3204.6260540533513,0.0017133308574557,3.60094666481018,3.616197061037769,15.250396227588947
3205.6414791003513,-0.0018858145922422,3.60094666481018,3.61613635264213,15.18968783194996
3206.6539795250314,0.0035129035823047,3.60094666481018,3.6162057046285567,15.259039818376507
3207.6680448916113,0.0024331600870937,3.60078477859497,3.616198093342679,15.41331474770935
3208.6819938253816,0.003872818313539,3.60094666481018,3.616223514745143,15.276849934962922
3209.6959788568715,0.0063922200351953,3.60110855102539,3.6162701522297263,15.161601204336073
3210.7099284984415,0.003152989083901,3.60094666481018,3.616233333819324,15.286669009143772
3211.7239506893316,0.003872818313539,3.60110855102539,3.6162420943448805,15.13354331949035
3212.7394677501015,0.003872818313539,3.60110855102539,3.616245431059072,15.136880033681965
3213.7519062424317,0.003872818313539,3.60094666481018,3.616249707601974,15.303042791793953
3214.7658548223017,0.004232732579112,3.60094666481018,3.616258226235545,15.311561425364939
3215.7798826755816,0.0045926473103463,3.60094666481018,3.6162682040785263,15.321539268346118
3216.7937898492514,0.003152989083901,3.60094666481018,3.6162520822971005,15.30541748692027
3217.8078615860213,0.0049525620415806,3.60094666481018,3.616278217114208,15.331552304027607
3218.8218264452516,0.0049525620415806,3.60094666481018,3.6162866257920703,15.339960981890055
3219.8372337973015,0.0060323057696223,3.60094666481018,3.616307986792112,15.361321981931741
3220.8497710274814,0.0060323057696223,3.60110855102539,3.616316610876225,15.208059850834843
3221.8637429647015,0.003872818313539,3.60110855102539,3.616289270357463,15.18071933207299
3222.8777732952713,0.003152989083901,3.60110855102539,3.616277627433098,15.169076407707927
3223.8917629274415,0.003152989083901,3.60094666481018,3.6162705083969313,15.323843586751096
3224.9056562990513,-8.62418673932552e-05,3.60094666481018,3.616223403688029,15.27673887784875
3225.9197244968313,0.0045926473103463,3.60094666481018,3.6162857924140783,15.339127603898106
3226.9344067095712,0.005672391038388,3.60110855102539,3.616312263853547,15.203712828157023
3227.9476938520015,0.0024331600870937,3.60110855102539,3.616270102312358,15.161551286967612
3228.9616378311816,0.0006335872458294,3.60110855102539,3.616239259340786,15.130708315395758
3229.9756529440915,0.0045926473103463,3.60094666481018,3.616293158870712,15.346494060531679
3231.0148012646214,0.004232732579112,3.60094666481018,3.616297955703067,15.35129089288656
3232.0192221724215,0.004232732579112,3.60094666481018,3.616304214545265,15.357549735084852
3233.0331820770616,0.0049525620415806,3.60094666481018,3.6163166944438787,15.37002963369849
3234.0471752482313,0.004232732579112,3.60094666481018,3.616313325237228,15.366660427047929
3235.0611493088413,0.003872818313539,3.60094666481018,3.616307327724264,15.360662914083889
3236.0751566359613,0.00207324558869,3.60078477859497,3.616286971596227,15.502193001257325
3237.0905105492416,0.0067521347664296,3.60110855102539,3.616353078106009,15.244527080618742
3238.1031139585616,0.0017133308574557,3.60094666481018,3.6162900211369386,15.343356326758428
3239.1170636001316,-0.0015259000938385,3.60094666481018,3.6162307522375623,15.284087427382076
3240.1310964080017,0.0024331600870937,3.60110855102539,3.6162772657669864,15.168714741596201
3241.1450878096616,0.0053124763071537,3.60094666481018,3.6163271760885825,15.380511278402231
3242.1590487760113,0.0060323057696223,3.60094666481018,3.6163503997403574,15.403734930177215
3243.1729962941813,0.0045926473103463,3.60110855102539,3.6163395691936886,15.231018168298416
3244.1883700258113,0.004232732579112,3.60094666481018,3.61633730438564,15.39063957545972
3245.2009964385716,0.0035129035823047,3.60094666481018,3.6163292002712066,15.382535461026414
3246.2149772232715,0.0045926473103463,3.60094666481018,3.616347188059583,15.400523249402998
3247.2289318194316,0.0053124763071537,3.60110855102539,3.6163630104574174,15.25445943202719
3248.2429426855415,0.003152989083901,3.60094666481018,3.6163391228526187,15.392458042438495
3249.2568990512013,0.0060323057696223,3.60094666481018,3.616381293116191,15.434628306010723
3250.2709233654814,0.0067521347664296,3.60094666481018,3.616402519633519,15.455854823339
3251.2862383498514,0.0060323057696223,3.60094666481018,3.6163983347708006,15.451669960620418
3252.2988803341814,0.0006335872458294,3.60094666481018,3.616322802951997,15.37613814181693
3253.3128423622215,0.0049525620415806,3.60094666481018,3.616374878027181,15.428213217000941
3254.3268436730614,0.004232732579112,3.60094666481018,3.6163744210597195,15.427756249539293
3255.3411426130715,0.0045926473103463,3.60110855102539,3.6163829996041117,15.274448578721511
3256.3548201062113,0.0049525620415806,3.60094666481018,3.6163906081285053,15.443943318325104
3257.3687715172814,0.004232732579112,3.60094666481018,3.6163866257221824,15.43996091200217
3258.3841427716116,0.004232732579112,3.60094666481018,3.6163855327755488,15.43886796536853
3259.3967284859814,0.0027930745854973,3.60110855102539,3.6163692104289282,15.260659403538046
3260.4107520924713,0.0035129035823047,3.60094666481018,3.6163779982915063,15.431333481326082
3261.4247017340413,0.0053124763071537,3.60094666481018,3.6164075712949075,15.46090648472731
3262.4387175547413,0.0045926473103463,3.60094666481018,3.61640622908234,15.459564272159998
3263.4526997550315,0.0053124763071537,3.60078477859497,3.6164209031590167,15.636124564046838
3264.4666529355914,0.0053124763071537,3.60110855102539,3.616428087997302,15.319536971911685
3265.4820319757114,0.005672391038388,3.60094666481018,3.6164383975173635,15.491732707183292
3266.4946530799916,0.0035129035823047,3.60094666481018,3.616410118623469,15.46345381328873
3267.5086476667416,0.003872818313539,3.60094666481018,3.6164146591609163,15.467994350736092
3268.5226065096913,0.004232732579112,3.60094666481018,3.6164214995616426,15.474834751462385
3269.5365841092917,0.0049525620415806,3.60110855102539,3.616436869394692,15.328318369301819
3270.5505893130317,0.0067521347664296,3.60110855102539,3.616468813220462,15.360262195071694
3271.5647134268615,0.0067521347664296,3.60110855102539,3.6164795097343654,15.370958708975202
3272.5799296733817,0.0024331600870937,3.60110855102539,3.6164209932842777,15.312442258887504
3273.5925865214713,0.00207324558869,3.60094666481018,3.6164103435199544,15.463678709774165
3274.6065145752013,0.0049525620415806,3.60094666481018,3.6164504725296336,15.503807719453366
3275.6204688174516,0.0049525620415806,3.60110855102539,3.61645803395002,15.349482924629676
3276.6344895927514,0.004232732579112,3.60094666481018,3.616452422332312,15.505757522131791
3277.6484264939513,0.0045926473103463,3.60110855102539,3.6164599524692838,15.351401443893575
3278.6624561167214,0.004232732579112,3.60110855102539,3.616455684482466,15.347133457075834
3279.6777905655513,0.0024331600870937,3.60094666481018,3.616430701988163,15.484037177982746
3280.6905949895713,0.003152989083901,3.60094666481018,3.6164387530261015,15.492088215921296
3281.7043981169013,0.0049525620415806,3.60094666481018,3.61646780610925,15.521141299069896
3282.7183870412814,0.004232732579112,3.60094666481018,3.616465145705311,15.51848089513097
3283.7324612553416,0.005672391038388,3.60094666481018,3.6164875484073766,15.540883597196409
3284.7463507340613,0.0024331600870937,3.60094666481018,3.6164460612691274,15.499396458947157
3285.7602844501716,0.0049525620415806,3.60094666481018,3.616480593652808,15.53392884262772
3286.7756741072617,0.004232732579112,3.60110855102539,3.616477000584759,15.36844955936889
3287.7882792860714,0.003872818313539,3.60110855102539,3.616471928874558,15.363377849167748
3288.8022802430214,0.001353416359052,3.60110855102539,3.6164362888653687,15.32773783997854
3289.8162174981217,0.0063922200351953,3.60110855102539,3.616508940350771,15.400389325380903
3290.8302793257117,0.00207324558869,3.60110855102539,3.6164557649178337,15.347213892443534
3291.8441875610915,0.0009935018606483,3.60094666481018,3.616435539999651,15.488875189470619
3292.8582341710116,0.003152989083901,3.60094666481018,3.616461919320578,15.515254510397813
3293.8735445547013,0.0049525620415806,3.60094666481018,3.616494171774263,15.547506964082913
3294.8861801688413,0.0045926473103463,3.60094666481018,3.6164970413998114,15.55037658963121
3295.9001531677513,0.003872818313539,3.60094666481018,3.6164922164867206,15.54555167654037
3296.9141555402916,0.0045926473103463,3.60094666481018,3.616505243033362,15.55857822318174
3297.9281005811713,0.0049525620415806,3.60110855102539,3.6165152460315673,15.406695006177085
3298.9420739339917,0.004232732579112,3.60110855102539,3.616508237927462,15.399686902071608
3299.9560596732713,0.0027930745854973,3.60110855102539,3.616487844008903,15.379292983512816
3300.9714532232415,0.0024331600870937,3.60110855102539,3.6164820289443114,15.373477918921186
3301.9840637105513,0.0035129035823047,3.60094666481018,3.6164971416151848,15.550476805004543
3302.9980660830915,0.004232732579112,3.60094666481018,3.6165122596734687,15.565594863288457
3304.0119859971314,0.0045926473103463,3.60110855102539,3.6165205060261667,15.411955000776523
3305.0260251751815,0.003872818313539,3.60094666481018,3.6165189886534486,15.572323843268343
3306.0400523206613,0.0053124763071537,3.60094666481018,3.616542240297839,15.595575487658664
3307.0539768353915,0.0060323057696223,3.60110855102539,3.616561260283423,15.452709258032993
3308.0693257940816,0.0027930745854973,3.60094666481018,3.6165187397784266,15.572074968246419
3309.0819514990517,0.0035129035823047,3.60094666481018,3.616526230257859,15.57956544767869
3310.0959085725017,0.0045926473103463,3.60078477859497,3.6165454642131856,15.760685618215753
3311.1099258088016,0.0063922200351953,3.60078477859497,3.616579912998869,15.795134403899347
3312.1238942070313,0.0063922200351953,3.60094666481018,3.6165903233548304,15.643658544650219
3313.1378792385117,0.0024331600870937,3.60094666481018,3.616536840082014,15.590175271833928
3314.1520429890516,0.0035129035823047,3.60094666481018,3.6165460842704884,15.599419460308184
3315.1672372938215,0.0035129035823047,3.60094666481018,3.6165475098710904,15.600845060910196
3316.1798155763013,0.003872818313539,3.60094666481018,3.616555112791649,15.608447981468654
3317.1938105169615,0.004232732579112,3.60094666481018,3.616563534999878,15.616870189697707
3318.2077895321613,0.004232732579112,3.60110855102539,3.6165672914461355,15.458740420745354
3319.2217809338313,0.003872818313539,3.60094666481018,3.6165640165558535,15.617351745673247
3320.2357539327413,0.00207324558869,3.60094666481018,3.616536710606226,15.590045796045615
3321.2497697534513,0.0024331600870937,3.60110855102539,3.6165401606787118,15.431609653321576
3322.2650942930914,0.0045926473103463,3.60094666481018,3.6165729899908534,15.626325180673195
3323.2777189363615,0.004232732579112,3.60094666481018,3.6165753201283417,15.628655318161488
3324.2916763637213,0.0049525620415806,3.60110855102539,3.6165907385162788,15.482187490888588
3325.3056723660716,0.0045926473103463,3.60094666481018,3.616592615379293,15.645950569112888
3326.3196520890715,0.005672391038388,3.60094666481018,3.61661253911775,15.665874307569716
3327.3340044678416,0.0053124763071537,3.60110855102539,3.6166143434753364,15.50579244994621
3328.3476164896515,0.0035129035823047,3.60094666481018,3.6165915284465027,15.644863636322448
3329.3629859744815,0.0024331600870937,3.60094666481018,3.6165750992767696,15.628434466589347
3330.3755876143114,0.0049525620415806,3.60094666481018,3.61660783053005,15.661165719869974
3331.3895839705715,0.000273672689218,3.60094666481018,3.6165437790100285,15.597114199848328
3332.4035477681014,-0.0033254728186875,3.60110855102539,3.6164720930007395,15.363541975349282
3333.4175504945415,0.0024331600870937,3.60094666481018,3.616540796318123,15.594131507942866
3334.4315100452914,0.003872818313539,3.60094666481018,3.616571682261641,15.625017451460721
3335.4455198497117,0.0049525620415806,3.60110855102539,3.6165982810371524,15.489730011762237
3336.4607990902714,0.0063922200351953,3.60094666481018,3.616627855129974,15.68119031979398
3337.4734732794113,0.0045926473103463,3.60110855102539,3.616612788013554,15.504236988163722
3338.4875308602213,0.0027930745854973,3.60094666481018,3.616588031192587,15.641366382406652
3339.5014380338916,0.0035129035823047,3.60094666481018,3.616596862355156,15.650197544975875
3340.5154074938214,0.0035129035823047,3.60094666481018,3.6165989136576466,15.65224884746641
3341.5294194216312,0.0024331600870937,3.60110855102539,3.6165852689447915,15.476717919401306
3342.5433934822413,0.0053124763071537,3.60110855102539,3.6166283645706767,15.519813545286532
3343.5573827605112,0.0049525620415806,3.60094666481018,3.616634296235632,15.687631425451709
3344.5713416034614,0.0053124763071537,3.60094666481018,3.6166450258744054,15.698361064225175
3345.5853146023715,0.0024331600870937,3.60094666481018,3.6166069954641955,15.660330654015286
3346.5993141437216,0.003872818313539,3.60094666481018,3.616624560324916,15.677895514735862
3347.6133080226814,0.004232732579112,3.60094666481018,3.6166337051168136,15.68704030663337
3348.6272983626513,0.003872818313539,3.60094666481018,3.6166326300038065,15.685965193626306
3349.6412720693615,0.0035129035823047,3.60094666481018,3.616631917911152,15.685253100971686
3350.6565633424916,0.0071120494976639,3.60110855102539,3.6166862113621034,15.577660336713262
3351.6692446096213,0.003152989083901,3.60094666481018,3.616640933765202,15.694268955021684
3352.6832200858316,0.0009935018606483,3.60094666481018,3.6166040500171457,15.657385206965468
3353.6972150264914,0.000273672689218,3.60094666481018,3.616584480185516,15.637815375335595
3354.7111887332017,0.004232732579112,3.60110855102539,3.6166397407633832,15.531189737993056
3355.7253563766317,0.0053124763071537,3.60110855102539,3.6166661337039323,15.557582678542126
3356.7394426232613,0.005672391038388,3.60094666481018,3.616678414124737,15.731749314556787
3357.7545134172415,0.0027930745854973,3.60094666481018,3.6166441954733393,15.697530663159043
3358.7673249192417,0.003152989083901,3.60110855102539,3.6166462718264833,15.537720801093169
3359.7813131358216,0.003872818313539,3.60094666481018,3.616657554510265,15.710889700084607
3360.7952843652315,0.0027930745854973,3.60094666481018,3.6166469644827846,15.700299672604334
3361.8092934618617,0.005672391038388,3.60110855102539,3.6166915365348475,15.582985509457359
3362.8232452268217,0.0053124763071537,3.60094666481018,3.6166957429547337,15.749078144553508
3363.8372500766613,0.0045926473103463,3.60110855102539,3.6166919736881185,15.583422662728275
3364.8523389194916,0.0053124763071537,3.60078477859497,3.6167065541008028,15.921775505832958
3365.8650046150615,0.0053124763071537,3.60110855102539,3.6167108431685704,15.602292143180208
3366.8789924777316,0.0035129035823047,3.60094666481018,3.616689096139189,15.742431329008877
3367.8929930807813,0.003152989083901,3.60094666481018,3.616683070173394,15.736405363213635
3368.9068860984917,0.0045926473103463,3.60078477859497,3.616703253438967,15.91847484399711
3369.9209394325017,0.0027930745854973,3.60078477859497,3.616683056638978,15.89827804400823
3370.9349853346316,0.0045926473103463,3.60094666481018,3.616707926687534,15.761261877353938
3371.9502015811513,0.004232732579112,3.60110855102539,3.616708183929779,15.599632904388816
3372.9628909879616,0.0024331600870937,3.60094666481018,3.616683441982534,15.736777172354
3373.9768799123317,0.0027930745854973,3.60094666481018,3.6166868723438714,15.740207533691208
3374.9908511417516,0.0045926473103463,3.60094666481018,3.616715235222443,15.768570412262761
3376.0048439590114,0.004232732579112,3.60094666481018,3.616716821944505,15.770157134324947
3377.0190243428115,0.004232732579112,3.60094666481018,3.616719909782035,15.773244971854616
3378.0328094212914,0.003872818313539,3.60094666481018,3.6167184890648563,15.771824254676048
3379.0482847219614,0.003872818313539,3.60094666481018,3.616721426780438,15.774761970257956
3380.0609684663914,0.0049525620415806,3.60110855102539,3.616739812062214,15.631261036823663
3381.0747531909715,0.0024331600870937,3.60094666481018,3.61670796853649,15.761303726309794
3382.0889505619216,0.0024331600870937,3.60094666481018,3.616703407072908,15.75674226272783
3383.1027190071413,0.001353416359052,3.60110855102539,3.616681902425103,15.57335139971272
3384.1167008535413,-0.0029655583202838,3.60094666481018,3.6166079658044583,15.661300994278093
3385.1306915474015,0.00207324558869,3.60110855102539,3.616665861842854,15.557310817464032
3386.1459566320013,0.00207324558869,3.60094666481018,3.616674080072902,15.727415262721589
3387.1586531167914,0.007471963763237,3.60110855102539,3.616762219514292,15.653668488901928
3388.1812485138416,0.005672391038388,3.60110855102539,3.6167560348533274,15.647483827937236
3389.1866270726514,0.0035129035823047,3.60094666481018,3.6167298674121837,15.783202602003499
3390.2006121041313,0.0024331600870937,3.60094666481018,3.616712825066216,15.766160256035722
3391.2145879342415,0.003872818313539,3.60094666481018,3.6167336516920816,15.786986881901388
3392.2285655338414,0.004232732579112,3.60094666481018,3.616743043328986,15.796378518805998
3393.2438645927514,0.003152989083901,3.60094666481018,3.6167322156072252,15.785550797045023
3394.2565391357916,0.003872818313539,3.60094666481018,3.616745673347296,15.7990085371158
3395.2705121347117,0.0067521347664296,3.60094666481018,3.6167920270997995,15.845362289619302
3396.2845063675713,0.00207324558869,3.60110855102539,3.616732653188028,15.624102162637765
3397.2985179414814,-0.0029655583202838,3.60094666481018,3.616647885591378,15.701220781197733
3398.3124767844315,0.0024331600870937,3.60110855102539,3.616707813028518,15.599262003128
3399.3267870492014,0.0045926473103463,3.60094666481018,3.6167486909982918,15.802026188111551
3400.3417513195513,0.0049525620415806,3.60110855102539,3.616764180319915,15.655629294524687
3401.3544152456216,0.0024331600870937,3.60110855102539,3.6167319078296787,15.623356804288502
3402.3685995223113,0.001353416359052,3.60094666481018,3.6167139708795597,15.767306069379483
3403.3826709051814,0.0045926473103463,3.60110855102539,3.6167605280085224,15.651976983132254
3404.3963685705717,0.0053124763071537,3.60110855102539,3.6167819474673784,15.673396441988174
3405.4103447545813,0.0049525620415806,3.60094666481018,3.6167842178715297,15.837553061349485
3406.4243350945517,0.0024331600870937,3.60094666481018,3.6167494704072585,15.802805597078251
3407.4396231825913,0.0045926473103463,3.60094666481018,3.6167807932330795,15.83412842289933
3408.4523051575216,0.005672391038388,3.60110855102539,3.616804360705642,15.695809680251749
3409.4662940818916,0.0049525620415806,3.60110855102539,3.6168013872345335,15.692836209143302
3410.4802451390615,0.0027930745854973,3.60094666481018,3.6167751447454055,15.828479935225293
3411.4942506966913,0.0035129035823047,3.60110855102539,3.6167824128327424,15.673861807352196
3412.5082516536313,0.003872818313539,3.60094666481018,3.6167894335684023,15.842768758222103
3413.5222384546114,0.0035129035823047,3.60094666481018,3.6167865715666454,15.839906756465183
3414.5375088476917,0.0027930745854973,3.60110855102539,3.6167793844808065,15.670833455416311
3415.5501826829413,0.0053124763071537,3.60094666481018,3.616818848313311,15.872183503130799
3416.5641616981416,0.003152989083901,3.60078477859497,3.616793093068116,16.00831447314599
3417.5781488530115,0.0024331600870937,3.60094666481018,3.616780894652414,15.834229842233594
3418.5921406085813,0.0024331600870937,3.60094666481018,3.6167813491033334,15.834684293153156
3419.6061320102513,0.0049525620415806,3.60094666481018,3.616818756859072,15.87209204889195
3420.6201043013616,0.0045926473103463,3.60110855102539,3.6168229883590164,15.714437333626208
3421.6348268586116,0.0027930745854973,3.60094666481018,3.6167995811416924,15.852916331512201
3422.6480655168516,0.003152989083901,3.60110855102539,3.6168031114093555,15.694560383965328
3423.6620477171414,0.0049525620415806,3.60094666481018,3.6168330075462616,15.88634273608136
3424.6760394727116,0.004232732579112,3.60110855102539,3.616829799212886,15.721248187495984
3425.6900128255215,0.0024331600870937,3.60094666481018,3.6168055873205724,15.858922510392226
3426.7040006881916,0.004232732579112,3.60094666481018,3.616830019144145,15.883354333964927
3427.7179935054614,0.0053124763071537,3.60110855102539,3.6168526564582484,15.744105432858202
3428.7336139047716,0.005672391038388,3.60110855102539,3.616866788229282,15.758237203892023
3429.7459724159016,0.005672391038388,3.60094666481018,3.61687355232888,15.92688751869975
3430.7601372281415,0.0006335872458294,3.60094666481018,3.6168019820324186,15.85531722223843
3431.7739159364314,0.0027930745854973,3.60094666481018,3.6168236515418704,15.876986731690135
3432.7879572378815,0.003872818313539,3.60094666481018,3.6168420729017106,15.895408091530339
3433.8018927234816,0.0024331600870937,3.60094666481018,3.616822473720616,15.875808910435829
3434.8158689074917,-0.0015259000938385,3.60094666481018,3.6167557847710694,15.809119960889184
3435.8312394540217,0.0024331600870937,3.60094666481018,3.6168048173909932,15.858152580813023
3436.8438329541714,0.0035129035823047,3.60094666481018,3.6168265917987763,15.879926988596083
3437.8578229402415,0.003872818313539,3.60110855102539,3.6168404908001297,15.731939774739523
3438.8718097412216,0.0060323057696223,3.60094666481018,3.6168800854992527,15.933420689072442
3439.8857997272917,0.0049525620415806,3.60094666481018,3.616873875736949,15.927210926768964
3440.8997596319314,0.0027930745854973,3.60094666481018,3.6168468548380757,15.900190027895444
3441.9137439556216,0.003152989083901,3.60078477859497,3.6168493091306653,16.064530535695454
3442.9290026700314,0.003872818313539,3.60094666481018,3.6168621329055664,15.915468095386132
3443.9417118951915,0.004232732579112,3.60078477859497,3.616873315620129,16.088537025159333
3444.9557089592413,0.0049525620415806,3.60094666481018,3.6168859329137186,15.939268103538407
3445.9696794808615,0.003872818313539,3.60110855102539,3.616877645566141,15.769094540750928
3446.9837954550217,0.0035129035823047,3.60094666481018,3.6168754284681186,15.928763657938383
3447.9976484821314,0.0053124763071537,3.60094666481018,3.616904460230933,15.957795420752596
3449.0116395299015,0.003872818313539,3.60094666481018,3.616890460358666,15.943795548485795
3450.0269166470616,0.0053124763071537,3.60094666481018,3.6169122857742244,15.965620964044192
3451.0395926057013,0.00207324558869,3.60094666481018,3.616868609393737,15.92194458355678
3452.0535953321414,0.00207324558869,3.60094666481018,3.616864696870066,15.918032059885956
3453.0675757629415,0.0035129035823047,3.60110855102539,3.61688388435164,15.775333326249807
3454.0815491157514,0.0024331600870937,3.60094666481018,3.6168675715547822,15.920906744602004
3455.0955146827814,-0.0029655583202838,3.60094666481018,3.61678282796476,15.836163154579808
3456.1095064383517,0.0024331600870937,3.60094666481018,3.6168444382408276,15.897773430647355
3457.1235127037817,0.0024331600870937,3.60094666481018,3.616852884553274,15.906219743093697
3458.1374980891615,0.003152989083901,3.60110855102539,3.616870522581004,15.761971555613652
3459.1514268506817,0.0071120494976639,3.60110855102539,3.616937460174488,15.828909149097736
3460.1654532883613,0.0049525620415806,3.60094666481018,3.616920256167302,15.97359135712173
3461.1794269950715,0.0024331600870937,3.60110855102539,3.6168868075773863,15.778256551996162
3462.1934215818314,0.0027930745854973,3.60110855102539,3.6168874891591325,15.778938133742315
3463.2073620220312,0.003152989083901,3.60094666481018,3.616894004431326,15.947339621145584
3464.2226706362117,0.0035129035823047,3.60094666481018,3.6169016006391055,15.954935828925265
3465.2353480104516,0.003152989083901,3.60094666481018,3.6169000224290775,15.953357618897268
3466.2493422433113,0.0049525620415806,3.60094666481018,3.616930489031256,15.983824221075693
3467.2632961316713,0.0060323057696223,3.60094666481018,3.6169552952888604,16.008630478680175
3468.2773229232516,0.0045926473103463,3.60094666481018,3.6169427973346724,15.996132524492168
3469.2912821201016,0.004232732579112,3.60110855102539,3.6169390927570793,15.830541731689074
3470.3052905089216,0.003152989083901,3.60094666481018,3.616926710486195,15.980045676014853
3471.3205290510814,0.003872818313539,3.60094666481018,3.616937037916606,15.990373106425704
3472.3336081008215,0.0045926473103463,3.60094666481018,3.6169512363744274,16.004571564247172
3473.3472208304315,0.004232732579112,3.60078477859497,3.616946625820032,16.161847225061976
3474.3612168327913,0.000273672689218,3.60094666481018,3.61689072343293,15.944058622749946
3475.3751647048616,0.0035129035823047,3.60094666481018,3.6169296646252316,15.982999815051357
3476.3891847723617,0.003152989083901,3.60110855102539,3.6169290051704612,15.82045414507105
3477.4031482160017,0.0009935018606483,3.60094666481018,3.61689559124995,15.94892643976964
3478.4348214793413,-0.0033254728186875,3.60094666481018,3.6168199743525626,15.873309542382419
3479.4467415094714,0.0053124763071537,3.60094666481018,3.6169358442837702,15.98917947359002
3480.4607127388813,0.0053124763071537,3.60094666481018,3.6169558821064087,16.009217296228506
3481.4760025964215,0.0053124763071537,3.60094666481018,3.616964143273873,16.017478463692836
3482.4886778472614,0.0024331600870937,3.60094666481018,3.616929483718258,15.982818908077956
3483.5026639404414,0.0027930745854973,3.60094666481018,3.6169320819936592,15.985417183479012
3484.5166472024316,0.003152989083901,3.60094666481018,3.616938508196861,15.991843386680582
3485.5306340034113,0.003872818313539,3.60094666481018,3.6169527194542095,16.006054644029266
3486.5446215121815,0.0049525620415806,3.60110855102539,3.6169749819599906,15.866430934600384
3487.5586068975713,0.0063922200351953,3.60094666481018,3.6170030806125073,16.056415802327084
3488.5738847225316,0.004232732579112,3.60110855102539,3.6169836247187757,15.875073693385477
3489.5865670513613,0.003872818313539,3.60078477859497,3.6169787049498248,16.19392635485495
3490.6005442970613,0.003872818313539,3.60094666481018,3.6169805820970664,16.03391728688619
3491.6145332214314,0.004232732579112,3.60110855102539,3.616987621300913,15.87907027552271
3492.6285469187414,0.0027930745854973,3.60110855102539,3.6169690859094814,15.860534884091226
3493.6425004532016,0.0024331600870937,3.60094666481018,3.616961247509935,16.014582699754865
3494.6564844229915,0.00207324558869,3.60110855102539,3.6169554545858493,15.846903560459147
3495.6717576472715,0.0024331600870937,3.60078477859497,3.6169608831287965,16.176104533826674
3496.6844665185313,0.0035129035823047,3.60094666481018,3.6169767648504787,16.03010004029848
3497.6984335011516,0.003152989083901,3.60110855102539,3.616975904345983,15.867353320592859
3498.7124111007615,0.00207324558869,3.60110855102539,3.616962106065394,15.85355504000363
3499.7265245976214,0.003152989083901,3.60110855102539,3.616977314079788,15.868763054397661
3500.7403744396415,0.0045926473103463,3.60094666481018,3.617001847669159,16.055182858978778
3501.7543587633213,0.003872818313539,3.60094666481018,3.617000631789031,16.053966978850642
3502.7696656080116,0.0049525620415806,3.60110855102539,3.6170204337106133,15.911882685223144
3503.7822966214717,0.0045926473103463,3.60094666481018,3.6170209271574207,16.07426234724052
3504.7963205818514,0.0024331600870937,3.60094666481018,3.6169914034728734,16.04473866269318
3505.8102461582816,0.0035129035823047,3.60110855102539,3.6170050424006135,15.89649137522331
3506.8242800278513,0.0027930745854973,3.60094666481018,3.6169988463024705,16.052181492290263
3507.8382703678217,0.0071120494976639,3.60094666481018,3.6170652544962434,16.118589686063167
3508.8522490291116,0.0049525620415806,3.60110855102539,3.6170471317986728,15.938580773282585
3509.8674858017816,-8.62418673932552e-05,3.60110855102539,3.616972462252896,15.863911227505856
3510.8802148452914,-0.0033254728186875,3.60094666481018,3.6169047414015685,15.95807659138826
3511.8941460841115,0.004232732579112,3.60094666481018,3.616999798796116,16.053133985935997
3512.9081190830216,0.0049525620415806,3.60110855102539,3.6170263710635515,15.917820038161334
3513.9221642773514,0.0045926473103463,3.60094666481018,3.617030556920733,16.08389211055261
3514.9361652343014,0.003872818313539,3.60110855102539,3.6170252243500927,15.91667332470248
3515.9500996582115,0.003152989083901,3.60094666481018,3.6170172181972355,16.07055338705532
3516.9654372921214,0.0027930745854973,3.60094666481018,3.6170116030481614,16.064938237981163
3517.9780583964016,0.00207324558869,3.60094666481018,3.6170011982648593,16.05453345467911
3518.9920841262815,0.001353416359052,3.60078477859497,3.616991841781753,16.207063186783
3520.0060436770314,0.0049525620415806,3.60094666481018,3.617041679028736,16.095014218555637
3521.0200485268615,0.0053124763071537,3.60094666481018,3.617059379605543,16.11271479536258
3522.0340063081117,0.003872818313539,3.60094666481018,3.617045001756871,16.09833694669094
3523.0480249600114,0.0024331600870937,3.60094666481018,3.6170257028239328,16.079038013752545
3524.0632589014813,0.0035129035823047,3.60094666481018,3.6170391400332775,16.092475223097313
3525.0759727273316,0.003152989083901,3.60094666481018,3.6170375144406686,16.090849630488346
3526.0899528042314,0.003152989083901,3.60078477859497,3.617039127316645,16.254348721675083
3527.1039530533717,0.003152989083901,3.60094666481018,3.617042446946693,16.09578213651286
3528.1179200360016,0.0063922200351953,3.60094666481018,3.617095346643743,16.148681833562772
3529.1319309021214,0.0067521347664296,3.60110855102539,3.61711253532799,16.00398430259986
3530.1460776655013,0.0045926473103463,3.60110855102539,3.617089799422339,15.98124839694881
3531.1611725246216,0.0017133308574557,3.60094666481018,3.6170469407734713,16.10027596329111
3532.1738470676614,0.0035129035823047,3.60094666481018,3.6170676333981184,16.12096858793821
3533.1878476707116,0.003152989083901,3.60110855102539,3.6170658101086453,15.957259083255071
3534.2018040363614,0.003152989083901,3.60094666481018,3.617065779395021,16.119114584840943
3535.2158124251914,0.0027930745854973,3.60094666481018,3.617061435505901,16.11477069572098
3536.2297574660715,-0.0004461564240045,3.60094666481018,3.6170108379499033,16.06417313972308
3537.2437867349413,0.0024331600870937,3.60094666481018,3.6170439454243417,16.09728061416149
3538.2590634982116,0.00207324558869,3.60094666481018,3.6170434730135046,16.096808203324375
3539.2717369795614,0.003872818313539,3.60110855102539,3.617073233943055,15.964682917664952
3540.2857078550815,0.0063922200351953,3.60094666481018,3.6171196681887148,16.173003378534556
3541.2997250913813,0.0045926473103463,3.60094666481018,3.617106506817619,16.159842007438918
3542.3136924279115,0.0035129035823047,3.60110855102539,3.617091484291954,15.982933266563748
3543.3280242805213,0.0006335872458294,3.60094666481018,3.6170473849986693,16.10072018848907
3544.3416398413315,0.0024331600870937,3.60094666481018,3.6170679074683476,16.12124265816739
3545.3564253926215,0.0024331600870937,3.60094666481018,3.617069312233469,16.12264742328895
3546.3695762838815,0.0024331600870937,3.60094666481018,3.6170699863232,16.12332151301965
3547.3836144002316,0.00207324558869,3.60110855102539,3.6170686293107797,15.960078285389478
3548.3975743048713,0.0045926473103463,3.60094666481018,3.617106158565976,16.15949375579584
3549.4115724306216,0.0035129035823047,3.60078477859497,3.6170985774990316,16.313798904061816
3550.4255394132515,0.004232732579112,3.60094666481018,3.6171122277690766,16.165562958896373
3551.4395428474913,0.004232732579112,3.60094666481018,3.617119218615602,16.172553805421597
3552.4548277504314,0.0060323057696223,3.60094666481018,3.6171516246180966,16.204959807916364
3553.4675178650414,0.003872818313539,3.60094666481018,3.61712843991146,16.181775101279605
3554.4814788313815,0.0027930745854973,3.60110855102539,3.6171135367991027,16.004985773712566
3555.4954797883315,0.003872818313539,3.60094666481018,3.6171257821373013,16.179117327121073
3556.0583602298816,0.0024331600870937,3.60094666481018,3.6171079919739926,16.161327163812356
3557.0754179812916,0.0,3.60078477859497,3.6170663615179186,16.28158292294879
3558.0894079673617,0.0,3.60094666481018,3.617055960245854,16.109295435673854
3559.1033749499816,0.0,3.60094666481018,3.617050534672627,16.103869862446718
3560.1173341468316,0.0,3.60078477859497,3.617046146567676,16.261367972706164
3561.1313481980415,0.0,3.60078477859497,3.6170424397924923,16.257661197522477
3562.1466925560417,0.0,3.60078477859497,3.617039233103938,16.25445450896823
3563.1593179071115,0.0,3.60062289237976,3.617036457827136,16.413565447376044
3564.1732523310216,0.0,3.60062289237976,3.61703403520778,16.411142828020253
3565.1876510705715,0.0,3.60078477859497,3.6170318515772455,16.24707298227568
3566.0778007840513,0.0,3.60078477859497,3.617030164581572,16.2453859866023
