Time,Current,Voltage
1.00702560201838,0,2.86671233177185
2.01004966998966,0,2.86655020713806
3.02003316413476,0,2.86671233177185
4.02912872539045,0,2.86671233177185
5.04011658523507,0,2.86655020713806
6.04714820682915,0,2.86671233177185
7.05815800841914,0,2.86671233177185
8.06822360715983,0,2.86655020713806
9.07526053724069,0,2.86671233177185
10.0803074925758,0,2.86687421798706
11.0893397058892,0,2.86671233177185
12.0893743880028,0,2.86655020713806
13.0994198144938,0,2.86655020713806
14.1084661837719,0,2.86655020713806
15.1114725567872,0,2.86671233177185
16.1115652783564,0,2.86671233177185
17.1226232102266,0,2.86671233177185
18.1235982022992,0,2.86655020713806
19.1336567230575,0,2.86655020713806
20.1426885824718,0,2.86655020713806
21.145688585303,0,2.86655020713806
22.1547600814186,0,2.86671233177185
23.1628894980796,0,2.86655020713806
24.1688951661279,0,2.86671233177185
25.1778905739329,0,2.86655020713806
26.1889686780529,0,2.86655020713806
27.1919761127656,0,2.86655020713806
28.1949817779827,0,2.86687421798706
29.2010564563592,0,2.86671233177185
30.2132196151778,0,2.86671233177185
31.2211788063626,0,2.86671233177185
32.2251753891127,0,2.86671233177185
33.2322013483208,0,2.86671233177185
34.23926305134,0,2.86671233177185
35.2423440970695,0,2.86687421798706
36.2463268777539,0,2.86671233177185
37.2473708801548,0,2.86671233177185
38.2583980228016,0,2.86671233177185
39.2614504027024,0,2.86671233177185
40.2654639726102,0,2.86655020713806
41.276514826498,0,2.86671233177185
42.282590920471,0,2.86655020713806
43.2886128678787,0,2.86671233177185
44.2896512078937,0,2.86671233177185
45.2926657205887,0,2.86687421798706
46.2987304897899,0,2.86671233177185
47.3089652523094,0,2.86671233177185
48.3207815899915,0,2.86671233177185
49.3228685330958,0,2.86671233177185
50.3328736150872,0,2.86687421798706
51.3419217538609,0,2.86655020713806
52.3419861635006,0,2.86655020713806
53.3469503064418,0,2.86671233177185
54.3580312417547,0,2.86671233177185
55.3680324308558,0,2.86671233177185
56.3681332921047,0,2.86687421798706
57.3771014496775,0,2.86687421798706
58.3822393570862,0,2.86671233177185
59.3892380660622,0,2.86655020713806
60.051313599459,0,2.86671233177185
61.0558676826722,10.0019388198853,3.0062735080719
62.0608905728672,10.001579284668,3.02699708938599
63.0648977725909,10.0012197494507,3.04415893554688
64.0710177500546,10.001579284668,3.0600254535675
65.0730339133351,10.0012197494507,3.07411122322083
66.0730494848964,10.0012197494507,3.0870635509491
67.0750833431329,10.001579284668,3.09936809539795
68.0781289989504,10.0012197494507,3.11053967475891
69.0851634517374,10.001579284668,3.12171101570129
70.0942130061077,10.001579284668,3.13207268714905
71.1002077032833,10.001579284668,3.14194893836975
72.1043391215977,10.0012197494507,3.15133929252625
73.1113622496129,10.001579284668,3.16040587425232
74.1123383033829,10.0019388198853,3.16898679733276
75.1224361069434,10.0012197494507,3.17724394798279
76.126440121575,10.001579284668,3.18517732620239
77.1284948598596,10.0008592605591,3.192786693573
78.1355073709012,10.0012197494507,3.20023441314697
79.1375030080329,10.0012197494507,3.20719623565674
80.1456104829485,10.001579284668,3.2141580581665
81.152690942621,10.001579284668,3.22095799446106
82.1627682200326,10.0012197494507,3.22727227210999
83.1742441067622,10.0012197494507,3.2334246635437
84.1827182211651,10.0012197494507,3.23941516876221
85.1917805159036,10.001579284668,3.24556756019592
86.2028175677258,10.001579284668,3.25139594078064
87.2098590984952,10.0012197494507,3.25673890113831
88.2159266988893,10.0012197494507,3.2622435092926
89.2159337768716,10.0019388198853,3.26774835586548
90.2293256734312,10.001579284668,3.27276730537415
91.2402406300573,10.001579284668,3.2776243686676
92.2450448105968,10.001579284668,3.28264355659485
93.2510862224561,10.001579284668,3.2873387336731
94.2610881193554,10.0012197494507,3.29187202453613
95.2722345260053,10.001579284668,3.29656720161438
96.2812239175253,10.001579284668,3.30093860626221
97.2822396079966,10.0012197494507,3.30514812469482
98.292429071429,10.0012197494507,3.30935764312744
99.3003783534384,10.0019388198853,3.31356716156006
100.309365975463,10.001579284668,3.31745290756226
101.315419065993,10.001579284668,3.32150030136108
102.318458351626,10.001579284668,3.32538604736328
103.326478059561,10.001579284668,3.32910990715027
104.328475466188,10.0012197494507,3.33250975608826
105.330542590942,10.001579284668,3.33590984344482
106.33364416282,10.001579284668,3.33930993080139
107.338616091542,10.0019388198853,3.34238600730896
108.344825959382,10.001579284668,3.34513831138611
109.356861006719,10.001579284668,3.34805274009705
110.362138350381,10.0012197494507,3.35031938552856
111.366782922418,10.001579284668,3.35274791717529
112.375854418533,10.001579284668,3.3548526763916
113.375873882985,10.001579284668,3.35663366317749
114.385926033559,10.001579284668,3.35857629776001
115.385943728515,10.0012197494507,3.36019539833069
116.388931698776,10.0012197494507,3.36165261268616
117.394805362453,10.001579284668,3.36310982704163
118.410425761764,10.0019388198853,3.36440491676331
119.422792412576,10.001579284668,3.36553835868835
120.429916047941,10.0012197494507,3.36667156219482
121.44100264564,10.001579284668,3.36764311790466
122.443992385397,10.001579284668,3.36845254898071
123.451071429473,10.001579284668,3.36958575248718
124.453126167757,10.001579284668,3.37039542198181
125.459141391082,10.001579284668,3.37120485305786
126.462270213192,10.0012197494507,3.37201452255249
127.463232818796,10.001579284668,3.37266206741333
128.467289210497,10.001579284668,3.37347149848938
129.482638876983,10.001579284668,3.37395715713501
130.495305280348,10.001579284668,3.37476682662964
131.509286065042,10.001579284668,3.37557625770569
132.523249154779,10.001579284668,3.37622404098511
133.537247634429,10.001579284668,3.37687158584595
134.551223818434,10.0012197494507,3.37735724449158
135.565220174688,10.001579284668,3.37800478935242
136.58049092167,10.001579284668,3.37881445884705
137.593184221369,10.001579284668,3.37930011749268
138.607155096887,10.0012197494507,3.37994766235352
139.621153576536,10.0019388198853,3.38075733184814
140.635128344945,10.0019388198853,3.38140487670898
141.649096035371,10.001579284668,3.38205242156982
142.663069388183,10.001579284668,3.38253808021545
143.678320670713,10.0012197494507,3.38318586349487
144.691036619956,10.0019388198853,3.38383340835571
145.705044654881,10.001579284668,3.38464283943176
146.719030748061,10.001579284668,3.38512873649597
147.73299737679,10.001579284668,3.38593816757202
148.746970375703,10.0012197494507,3.38642382621765
149.785382939971,10.001579284668,3.38723349571228
150.790535357244,10.0012197494507,3.38771915435791
151.804551531849,10.001579284668,3.38852858543396
152.818504004613,10.0012197494507,3.3891761302948
153.833786784165,10.0019388198853,3.38982391357422
154.846494593727,10.001579284668,3.39030957221985
155.860462284153,10.0012197494507,3.39095711708069
156.874448377334,10.001579284668,3.39176678657532
157.888428454229,10.001579284668,3.39241433143616
158.902404284335,10.001579284668,3.39289999008179
159.916407364673,10.001579284668,3.39370965957642
160.931629627475,10.0012197494507,3.39435720443726
161.944355839792,10.0019388198853,3.39516663551331
162.958346533661,10.001579284668,3.39565229415894
163.972336519731,10.001579284668,3.39630007743835
164.986318012223,10.0019388198853,3.3971095085144
166.000678176772,10.001579284668,3.39759516716003
167.014266487342,10.001579284668,3.39824295043945
168.02955917607,10.001579284668,3.39872860908508
169.0422397354,10.001579284668,3.39953804016113
170.056227951975,10.001579284668,3.40018582344055
171.070197411897,10.001579284668,3.40067148208618
172.084196599345,10.001579284668,3.40131902694702
173.098376629242,10.0012197494507,3.40196657180786
174.112163123319,10.001579284668,3.40277624130249
175.127405912271,10.001579284668,3.40342378616333
176.140141679864,10.001579284668,3.40390944480896
177.15411326318,10.001579284668,3.40455722808838
178.168100771957,10.0019388198853,3.40536665916443
179.182341318603,10.0008592605591,3.40569043159485
180.196258755355,10.0012197494507,3.40633797645569
181.210043126037,10.001579284668,3.40714764595032
182.225361295501,10.0012197494507,3.40763330459595
183.255741057567,10.0012197494507,3.40828084945679
184.267605171631,10.001579284668,3.40892863273621
185.282853976867,10.001579284668,3.40957617759705
186.295577357991,10.001579284668,3.41022372245789
187.309530184654,10.001579284668,3.41070938110352
188.32355414504,10.001579284668,3.41119527816772
189.337690999245,10.0019388198853,3.41200470924377
190.351445288502,10.001579284668,3.4124903678894
191.365477034669,10.001579284668,3.41330003738403
192.380779986471,10.001579284668,3.41362380981445
193.393423740293,10.001579284668,3.41427135467529
194.407524142888,10.001579284668,3.41491889953613
195.42139309546,10.001579284668,3.41556668281555
196.43540750057,10.001579284668,3.41605234146118
197.449379791684,10.001579284668,3.41669988632202
198.463363407571,10.001579284668,3.41734743118286
199.47862707657,10.001579284668,3.41799521446228
200.491329931545,10.001579284668,3.41848087310791
201.505306823348,10.0012197494507,3.41880464553833
202.519311319283,10.0012197494507,3.41961407661438
203.533248928284,10.001579284668,3.4202618598938
204.547259794402,10.001579284668,3.42074751853943
205.561225361434,10.001579284668,3.42139506340027
206.576538930209,10.0019388198853,3.42204284667969
207.589204979676,10.001579284668,3.42236661911011
208.603190718957,10.0012197494507,3.42301416397095
209.61717150365,10.001579284668,3.42366170883179
210.631155119537,10.0012197494507,3.42398548126221
211.645146875103,10.001579284668,3.42463326454163
212.659146770349,10.0019388198853,3.42544269561768
213.674374695537,10.001579284668,3.42592835426331
214.687085690192,10.001579284668,3.42641425132751
215.701082754245,10.001579284668,3.42689990997314
216.715072386416,10.001579284668,3.42754745483398
217.729046093127,10.001579284668,3.42803311347961
218.743032894106,10.001579284668,3.42851901054382
219.756994214348,10.001579284668,3.42900466918945
220.772459251946,10.001579284668,3.4298141002655
221.784974186489,10.001579284668,3.43013787269592
222.798965588156,10.0019388198853,3.43062376976013
223.81292973959,10.0012197494507,3.43110942840576
224.826934943323,10.001579284668,3.4317569732666
225.840906880539,10.001579284668,3.43224263191223
226.854905360188,10.0019388198853,3.43272829055786
227.870149210837,10.0012197494507,3.43321418762207
228.882861974987,10.0019388198853,3.4336998462677
229.89684311358,10.001579284668,3.43402361869812
230.910829560659,10.001579284668,3.43450927734375
231.92482733251,10.0019388198853,3.43515706062317
232.938795376835,10.0012197494507,3.4356427192688
233.952767314051,10.001579284668,3.43612837791443
234.968014349792,10.0019388198853,3.43661403656006
235.98073596142,10.001579284668,3.43677592277527
236.995196987218,10.001579284668,3.43726181983948
238.009104514794,10.0012197494507,3.43774747848511
239.022688578575,10.001579284668,3.43839502334595
240.03667254836,10.001579284668,3.43871879577637
241.050652271356,10.001579284668,3.439204454422
242.065952391965,10.001579284668,3.439528465271
243.078632597397,10.0012197494507,3.43969035148621
244.092607719704,10.001579284668,3.44033789634705
245.106594874582,10.0012197494507,3.44082355499268
246.120571766385,10.0019388198853,3.4411473274231
247.134563168052,10.001579284668,3.4416332244873
248.148542891048,10.0012197494507,3.44195699691772
249.163788865092,10.001579284668,3.44244265556335
250.176500567545,10.0019388198853,3.44276642799377
251.190491969212,10.001579284668,3.44309020042419
252.204496465146,10.001579284668,3.44341397285461
253.218468402361,10.001579284668,3.44373798370361
254.232443524669,10.001579284668,3.44406175613403
255.246432449042,10.001579284668,3.44438552856445
256.261655773542,10.001579284668,3.44470930099487
257.274405343201,10.0012197494507,3.44503307342529
258.288380819407,10.001579284668,3.44535684585571
259.302359126807,10.001579284668,3.44584250450134
260.316313015168,10.001579284668,3.44600462913513
261.330325296883,10.001579284668,3.44632840156555
262.344311036164,10.001579284668,3.44665217399597
263.359044564283,10.0012197494507,3.44681406021118
264.372284284221,10.001579284668,3.44729971885681
265.386257637033,10.001579284668,3.44746160507202
266.400323003616,10.0019388198853,3.44778537750244
267.400486858908,10.0019388198853,3.44794726371765
268.412601179649,10.0019388198853,3.44843316078186
269.426607445078,10.0012197494507,3.44859504699707
270.440574427706,10.001579284668,3.44891881942749
271.440995567658,10.001579284668,3.44924259185791
272.452941786317,10.0012197494507,3.44940447807312
273.466899921466,10.0019388198853,3.44989013671875
274.480906186896,10.001579284668,3.44989013671875
275.49487069223,10.001579284668,3.45005202293396
276.508872356972,10.001579284668,3.45021390914917
277.522849248775,10.001579284668,3.45053791999817
278.538119995757,10.001579284668,3.45086169242859
279.550808340868,10.0019388198853,3.45118546485901
280.564808590013,10.001579284668,3.45118546485901
281.578768140759,10.001579284668,3.45134735107422
282.592773698391,10.001579284668,3.45150923728943
283.606736434229,10.0019388198853,3.45183300971985
284.620735975576,10.001579284668,3.45215678215027
285.635943374616,10.001579284668,3.45231866836548
286.648735412169,10.001579284668,3.45248079299927
287.662665235389,10.001579284668,3.45248079299927
288.676671500819,10.0019388198853,3.4529664516449
289.690607340324,10.001579284668,3.4529664516449
290.704634131903,10.001579284668,3.45329022407532
291.718608192513,10.0012197494507,3.45345211029053
292.733890972065,10.0012197494507,3.45345211029053
293.746554190339,10.001579284668,3.45393776893616
294.76056399476,10.001579284668,3.45409965515137
295.774551149638,10.001579284668,3.45409965515137
296.788602714155,10.0012197494507,3.45426154136658
297.802501040354,10.001579284668,3.45458555221558
298.816509783078,10.0012197494507,3.45474743843079
299.83170798074,10.001579284668,3.45474743843079
300.844491170815,10.001579284668,3.45507121086121
301.858423825228,10.001579284668,3.45523309707642
302.87244566222,10.001579284668,3.45539498329163
303.886398488883,10.001579284668,3.45555686950684
304.900410416699,10.0019388198853,3.45588064193726
305.914385892905,10.0012197494507,3.45571875572205
306.929669026356,10.001579284668,3.45604252815247
307.942358787064,10.001579284668,3.45620441436768
308.956344880244,10.001579284668,3.45636630058289
309.970299830302,10.001579284668,3.45669007301331
310.984310342521,10.001579284668,3.45669007301331
311.998651396518,10.001579284668,3.4570140838623
313.012269434614,10.001579284668,3.45717597007751
314.027541951092,10.0012197494507,3.45717597007751
315.040229588405,10.001579284668,3.45749974250793
316.054197278831,10.0019388198853,3.45766162872314
317.068206021555,10.001579284668,3.45782351493835
318.082159202117,10.001579284668,3.45782351493835
319.096371790733,10.001579284668,3.45814728736877
320.110156161416,10.001579284668,3.45830917358398
321.125396826972,10.0012197494507,3.45830917358398
322.138098974149,10.001579284668,3.4586329460144
323.152122934535,10.001579284668,3.45879483222961
324.166069391014,10.001579284668,3.45911884307861
325.180066808966,10.001579284668,3.45911884307861
326.194059626229,10.0019388198853,3.45944261550903
327.208038641427,10.001579284668,3.45944261550903
328.22327682969,10.001579284668,3.45976638793945
329.236023922055,10.0019388198853,3.45992827415466
330.249974625324,10.0012197494507,3.46009016036987
331.263973458872,10.001579284668,3.46025204658508
332.277947519482,10.001579284668,3.46025204658508
333.291945645232,10.0012197494507,3.46025204658508
334.305906965474,10.001579284668,3.4605758190155
335.321168511079,10.0012197494507,3.46089959144592
336.333897554589,10.001579284668,3.46106147766113
337.347867722309,10.001579284668,3.46122360229492
338.361869740949,10.001579284668,3.46138548851013
339.375838493073,10.001579284668,3.46170926094055
340.389752390833,10.0019388198853,3.46170926094055
341.404027619593,10.001579284668,3.46203303337097
342.418475197225,10.001579284668,3.46219491958618
343.431770479325,10.001579284668,3.46235680580139
344.445755864707,10.0012197494507,3.4625186920166
345.459874670056,10.001579284668,3.46268057823181
346.473725573773,10.001579284668,3.46284246444702
347.487702819475,10.001579284668,3.46300435066223
348.501681126875,10.001579284668,3.46316623687744
349.516960013537,10.0012197494507,3.46349024772644
350.529646235253,10.001579284668,3.46365213394165
351.543638344718,10.001579284668,3.46381402015686
352.557605681245,10.001579284668,3.46413779258728
353.57161407007,10.001579284668,3.46413779258728
354.585576452009,10.001579284668,3.46413779258728
355.599563960786,10.0012197494507,3.46462345123291
356.614814889417,10.001579284668,3.46478533744812
357.627539332238,10.001579284668,3.46494722366333
358.641538165787,10.001579284668,3.46510910987854
359.655625828014,10.001579284668,3.46527099609375
360.669489825998,10.001579284668,3.46543288230896
361.68347521138,10.001579284668,3.46543288230896
362.697453872679,10.001579284668,3.46575689315796
363.712768503152,10.001579284668,3.46591877937317
364.725416149864,10.001579284668,3.46624255180359
365.739409321027,10.0012197494507,3.46624255180359
366.753377011453,10.0019388198853,3.46656632423401
367.767366289725,10.001579284668,3.4664044380188
368.781364769375,10.001579284668,3.46672821044922
369.795343076774,10.0019388198853,3.46705198287964
370.810613115958,10.001579284668,3.46721386909485
371.823301814968,10.001579284668,3.46737575531006
372.837282953561,10.001579284668,3.46753764152527
373.85127329353,10.0012197494507,3.46786165237427
374.865262217904,10.0012197494507,3.46786165237427
375.87923769411,10.001579284668,3.46802353858948
376.893228387979,10.0012197494507,3.4683473110199
377.908480024409,10.0012197494507,3.4683473110199
378.921189249568,10.001579284668,3.46867108345032
379.935177466143,10.001579284668,3.46867108345032
380.94915648134,10.0019388198853,3.46915674209595
381.963131957547,10.001579284668,3.46915674209595
382.977113803938,10.0019388198853,3.46931862831116
383.991472906789,10.001579284668,3.46948051452637
385.006774442995,10.001579284668,3.46964240074158
386.019076684167,10.0019388198853,3.46996641159058
387.033053222071,10.001579284668,3.47012829780579
388.047034006764,10.001579284668,3.47012829780579
389.061019392146,10.001579284668,3.47061395645142
390.075012563309,10.001579284668,3.47061395645142
391.088984146625,10.001579284668,3.47061395645142
392.10424179934,10.0012197494507,3.47077584266663
393.118645493481,10.001579284668,3.47093772888184
394.130947026855,10.0012197494507,3.47126150131226
395.144922503061,10.0012197494507,3.47142338752747
396.158910719636,10.001579284668,3.47158527374268
397.172878056163,10.001579284668,3.47174715995789
398.186874412418,10.001579284668,3.4719090461731
399.202131711233,10.0019388198853,3.47207117080688
400.214842351989,10.001579284668,3.47223305702209
401.228821367187,10.001579284668,3.4723949432373
402.242801797981,10.001579284668,3.47255682945251
403.256781874876,10.001579284668,3.47288060188293
404.270769029754,10.0012197494507,3.47288060188293
405.284754061237,10.001579284668,3.47320437431335
406.300003574271,10.0012197494507,3.47304248809814
407.312711383834,10.001579284668,3.47336626052856
408.326703847198,10.001579284668,3.47352814674377
409.340583416744,10.001579284668,3.47385191917419
410.354614455112,10.0019388198853,3.47385191917419
411.368595947604,10.001579284668,3.47385191917419
412.382574255004,10.001579284668,3.47417593002319
413.397583824436,10.001579284668,3.4743378162384
414.410512113149,10.0012197494507,3.47449970245361
415.424547044408,10.0012197494507,3.47466158866882
416.438475098133,10.001579284668,3.47482347488403
417.452491272738,10.0019388198853,3.47514724731445
418.466407293893,10.0012197494507,3.47514724731445
419.480413205424,10.001579284668,3.47530913352966
420.495241932406,10.001579284668,3.47547101974487
421.508370528021,10.001579284668,3.47579479217529
422.522396257903,10.001579284668,3.47563290596008
423.536321834334,10.001579284668,3.4759566783905
424.55035747339,10.001579284668,3.4759566783905
425.564427794561,10.001579284668,3.47628045082092
426.578282945067,10.001579284668,3.47644257545471
427.593164049119,10.001579284668,3.47660446166992
428.606317417672,10.001579284668,3.47660446166992
429.620271306033,10.0012197494507,3.47676634788513
430.634223778797,10.0019388198853,3.47709012031555
431.648193238718,10.001579284668,3.47709012031555
432.662221445894,10.001579284668,3.47725200653076
433.676183473934,10.0012197494507,3.47725200653076
434.690239285241,10.0012197494507,3.47741389274597
435.704147166716,10.001579284668,3.47773766517639
436.718189175957,10.001579284668,3.4778995513916
437.732100242524,10.001579284668,3.47806143760681
438.746080319419,10.001579284668,3.47822332382202
439.760123036458,10.001579284668,3.47822332382202
440.774121162208,10.001579284668,3.47854733467102
441.788848674043,10.0012197494507,3.47838521003723
442.802076007512,10.0012197494507,3.47854733467102
443.816102091293,10.001579284668,3.47887110710144
444.830075090205,10.0019388198853,3.47903299331665
445.844042780631,10.001579284668,3.47919487953186
446.858007639864,10.0019388198853,3.47935676574707
447.871945602765,10.0012197494507,3.47919487953186
448.886747079515,10.001579284668,3.47951865196228
449.899994585234,10.0019388198853,3.47968053817749
450.913879817165,10.0019388198853,3.4798424243927
451.927916871818,10.0012197494507,3.4798424243927
452.941912520275,10.001579284668,3.48016619682312
453.955873840517,10.001579284668,3.48032808303833
454.969887537828,10.0019388198853,3.48032808303833
455.984688660679,10.001579284668,3.48048996925354
456.998496742603,10.001579284668,3.48065185546875
458.012028429314,10.001579284668,3.48081398010254
459.026020892679,10.001579284668,3.48081398010254
460.039847023457,10.001579284668,3.48097586631775
461.053757736125,10.001579284668,3.48113775253296
462.067686143749,10.0012197494507,3.48113775253296
463.082580342068,10.001579284668,3.48146152496338
464.095716369565,10.0019388198853,3.48162341117859
465.109646900583,10.001579284668,3.4817852973938
466.123631578167,10.0012197494507,3.4817852973938
467.137620856439,10.0019388198853,3.48227095603943
468.151734707202,10.001579284668,3.48227095603943
469.165614630646,10.001579284668,3.48243284225464
470.180441942032,10.001579284668,3.48259472846985
471.193671398896,10.001579284668,3.48259472846985
472.207557338626,10.001579284668,3.48291873931885
473.221553340981,10.001579284668,3.48291873931885
474.235546158245,10.001579284668,3.48308062553406
475.249549946381,10.001579284668,3.48324251174927
476.263527192083,10.0012197494507,3.48324251174927
477.278258950707,10.0019388198853,3.48356628417969
478.291463280733,10.0019388198853,3.4837281703949
479.305521569334,10.0012197494507,3.4837281703949
480.319406801265,10.0019388198853,3.48389005661011
481.333494817392,10.0012197494507,3.48389005661011
482.347348198402,10.0012197494507,3.48405194282532
483.361392684937,10.001579284668,3.48437571525574
484.376148508701,10.0019388198853,3.48437571525574
485.389411585981,10.001579284668,3.48453760147095
486.403796523468,10.0019388198853,3.48469948768616
487.417375632662,10.0012197494507,3.48486137390137
488.431477804753,10.0012197494507,3.48486137390137
489.445301458238,10.001579284668,3.48518538475037
490.459322587431,10.001579284668,3.48518538475037
491.474121586887,10.001579284668,3.48534727096558
492.487525869916,10.0012197494507,3.48550915718079
493.501193807788,10.0019388198853,3.48550915718079
494.515468682649,10.001579284668,3.485671043396
495.52925765402,10.0012197494507,3.485671043396
496.543284445599,10.001579284668,3.48599481582642
497.557209668131,10.001579284668,3.48599481582642
498.57249386328,10.001579284668,3.48615670204163
499.585129123523,10.001579284668,3.48631858825684
500.599146713725,10.001579284668,3.48648047447205
501.613081491533,10.001579284668,3.48664236068726
502.627049535858,10.001579284668,3.48664236068726
503.641021826972,10.001579284668,3.48680424690247
504.655012166942,10.0019388198853,3.48712801933289
505.669852218696,10.0019388198853,3.48745203018188
506.682987892294,10.001579284668,3.48729014396667
507.697016099469,10.001579284668,3.48729014396667
508.710900269703,10.001579284668,3.48745203018188
509.724878577103,10.0012197494507,3.48761391639709
510.738868209274,10.001579284668,3.4877758026123
511.752895000853,10.001579284668,3.4877758026123
512.767744253984,10.001579284668,3.48809957504272
513.78090859341,10.001579284668,3.48826146125793
514.794863189569,10.0012197494507,3.48826146125793
515.808820616921,10.001579284668,3.48842334747314
516.822834314232,10.001579284668,3.48858523368835
517.836761306259,10.001579284668,3.48874711990356
518.850768279488,10.0012197494507,3.48874711990356
519.865597714268,10.001579284668,3.48907089233398
520.878733033967,10.0019388198853,3.48923277854919
521.892769734721,10.001579284668,3.48923277854919
522.906733532257,10.0012197494507,3.4893946647644
523.920677157542,10.001579284668,3.48955678939819
524.934669267008,10.001579284668,3.4897186756134
525.948708091157,10.001579284668,3.4897186756134
526.96346816171,10.0019388198853,3.49004244804382
527.97659463393,10.001579284668,3.49020433425903
528.991079724868,10.0012197494507,3.49020433425903
530.004685376496,10.001579284668,3.49036622047424
531.018619446505,10.0012197494507,3.49052810668945
532.032625711935,10.001579284668,3.49068999290466
533.04655801245,10.0019388198853,3.49085187911987
534.061332946766,10.001579284668,3.49101376533508
535.074499055688,10.001579284668,3.49117565155029
536.08853646424,10.0019388198853,3.4913375377655
537.102526096411,10.001579284668,3.4913375377655
538.11650475771,10.0012197494507,3.49149942398071
539.130511730938,10.001579284668,3.4916615486145
540.14447729797,10.0019388198853,3.49182343482971
541.159246923799,10.0008592605591,3.49182343482971
542.172424711392,10.001579284668,3.49198532104492
543.186435223611,10.001579284668,3.49230909347534
544.200344874582,10.001579284668,3.49230909347534
545.214396792998,10.001579284668,3.49247097969055
546.22920145484,10.001579284668,3.49263286590576
547.242284751368,10.001579284668,3.49279475212097
548.256308003956,10.0019388198853,3.49295663833618
549.270263661812,10.001579284668,3.49311852455139
550.284262495361,10.0012197494507,3.4932804107666
551.298310166987,10.0019388198853,3.49344229698181
552.312234327822,10.001579284668,3.49344229698181
553.327035450673,10.001579284668,3.49360418319702
554.340227040331,10.001579284668,3.49376606941223
555.354176328003,10.001579284668,3.49392819404602
556.368176223249,10.001579284668,3.49409008026123
557.38213789739,10.001579284668,3.49425196647644
558.39620043278,10.001579284668,3.49441385269165
559.410165645912,10.001579284668,3.49457573890686
560.424077774176,10.001579284668,3.49473762512207
561.438072360935,10.001579284668,3.49473762512207
562.452129941738,10.0019388198853,3.49489951133728
563.466052333077,10.001579284668,3.4952232837677
564.480836822669,10.001579284668,3.49538516998291
565.493990545122,10.001579284668,3.49554705619812
566.508036093354,10.001579284668,3.49570894241333
567.522082349384,10.0019388198853,3.49570894241333
568.536055348297,10.0012197494507,3.49587082862854
569.550043918771,10.001579284668,3.49603295326233
570.564005946811,10.001579284668,3.49619483947754
571.579280940583,10.001579284668,3.49635672569275
572.592006445101,10.0019388198853,3.49651861190796
573.605971304334,10.0019388198853,3.49668049812317
574.619948196137,10.0019388198853,3.49684238433838
575.633935351015,10.0012197494507,3.49684238433838
576.647947278831,10.001579284668,3.49700427055359
577.661911784165,10.001579284668,3.4971661567688
578.67713298527,10.001579284668,3.49732804298401
579.68988220103,10.0012197494507,3.49748992919922
580.703850245355,10.001579284668,3.49781370162964
581.717849078903,10.0019388198853,3.49797558784485
582.73181641543,10.0019388198853,3.49797558784485
583.745807817097,10.001579284668,3.49813771247864
584.75978081601,10.0012197494507,3.49829959869385
585.775058640974,10.0019388198853,3.49862337112427
586.787774236318,10.001579284668,3.49862337112427
587.801749004726,10.0019388198853,3.49878525733948
588.81571351006,10.0012197494507,3.49894714355469
589.829714820902,10.001579284668,3.4991090297699
590.84591526087,10.0012197494507,3.49927091598511
591.857686653364,10.0019388198853,3.49959468841553
592.872914578552,10.0019388198853,3.49959468841553
593.885635836281,10.001579284668,3.49975657463074
594.899616620975,10.0012197494507,3.49991846084595
595.913611561633,10.001579284668,3.50024223327637
596.927588453436,10.001579284668,3.50040435791016
597.941573838818,10.001579284668,3.50056624412537
598.955552146218,10.001579284668,3.50056624412537
599.970811214529,10.001579284668,3.50072813034058
600.983525748175,10.001579284668,3.50121378898621
601.998126210225,10.0019388198853,3.50121378898621
603.011490148754,10.001579284668,3.50137567520142
604.025478719229,10.0019388198853,3.50169944763184
605.039454549334,10.0019388198853,3.50169944763184
606.053438873019,10.001579284668,3.50186133384705
607.068745363812,10.001579284668,3.50186133384705
608.08142273805,10.001579284668,3.50218510627747
609.095395383064,10.0019388198853,3.50250911712646
610.109373336565,10.001579284668,3.50267100334167
611.123351997863,10.001579284668,3.50267100334167
612.137348354118,10.001579284668,3.50283288955688
613.151319937434,10.001579284668,3.5031566619873
614.166605548179,10.0019388198853,3.5031566619873
615.179297786181,10.0019388198853,3.50348043441772
616.193277863076,10.0012197494507,3.50364232063293
617.207260063366,10.001579284668,3.50380420684814
618.221253234528,10.001579284668,3.50396609306335
619.235435033921,10.001579284668,3.50412797927856
620.24921268052,10.001579284668,3.50445175170898
621.264447329792,10.001579284668,3.50445175170898
622.277179558394,10.001579284668,3.50461363792419
623.291169544465,10.001579284668,3.50461363792419
624.298734138132,10.001579284668,3.50493764877319
625.304791121552,10.0019388198853,3.50526142120361
626.317521934558,10.001579284668,3.50542330741882
627.331484670396,10.0019388198853,3.50558519363403
628.345483503945,10.0019388198853,3.50574707984924
629.359464288638,10.0019388198853,3.50607085227966
630.373451089617,10.001579284668,3.50607085227966
631.387535566752,10.001579284668,3.50639462471008
632.402776940107,10.001579284668,3.50639462471008
633.403728574838,10.001579284668,3.50688052177429
634.413759137566,10.0019388198853,3.50688052177429
635.427763987399,10.001579284668,3.5070424079895
636.442997574974,10.0019388198853,3.50720429420471
637.455745021237,10.001579284668,3.50736618041992
638.469690769918,10.001579284668,3.50752806663513
639.483698097046,10.001579284668,3.50785183906555
640.497640660634,10.001579284668,3.50785183906555
641.511660020332,10.001579284668,3.50817561149597
642.525624525666,10.001579284668,3.50833749771118
643.540896688244,10.0012197494507,3.50849938392639
644.553591757438,10.001579284668,3.5086612701416
645.56759342218,10.001579284668,3.50898504257202
646.581558281413,10.001579284668,3.50914716720581
647.595558176659,10.0019388198853,3.50947093963623
648.609523389791,10.0019388198853,3.50963282585144
649.623529301322,10.001579284668,3.50979471206665
650.638737762059,10.001579284668,3.50995659828186
651.65168728472,10.001579284668,3.51028037071228
652.665456083841,10.001579284668,3.51044225692749
653.679468719455,10.0019388198853,3.51076602935791
654.693418007127,10.001579284668,3.51076602935791
655.707421087465,10.001579284668,3.51108980178833
656.721366482246,10.001579284668,3.51108980178833
657.7361665434,10.001579284668,3.51141381263733
658.749353886269,10.001579284668,3.51157569885254
659.763364044589,10.001579284668,3.51189947128296
660.777322533638,10.0012197494507,3.51189947128296
661.791344724528,10.0019388198853,3.51222324371338
662.805283395227,10.001579284668,3.51222324371338
663.819299215933,10.001579284668,3.51270890235901
664.834502368183,10.001579284668,3.51287078857422
665.847268925,10.001579284668,3.51303267478943
666.861215381479,10.001579284668,3.51335644721985
667.875235802873,10.0019388198853,3.51351857185364
668.889184382747,10.001579284668,3.51368045806885
669.903194894966,10.001579284668,3.51400423049927
670.917137458555,10.001579284668,3.51400423049927
671.9324230693,10.0019388198853,3.5144898891449
672.945129463266,10.001579284668,3.51465177536011
673.959122280529,10.001579284668,3.51481366157532
674.973079353982,10.001579284668,3.51497554779053
675.987618591485,10.001579284668,3.51529932022095
677.001056141031,10.001579284668,3.51562333106995
678.015065591553,10.001579284668,3.51562333106995
679.030317227983,10.0019388198853,3.51594710350037
680.043020436857,10.0019388198853,3.51627087593079
681.056986003888,10.001579284668,3.51627087593079
682.070995100511,10.0019388198853,3.51675653457642
683.084935540705,10.0019388198853,3.51708030700684
684.0989559621,10.001579284668,3.51708030700684
685.112909142662,10.0019388198853,3.51724219322205
686.128207139876,10.0019388198853,3.51772785186768
687.140889114803,10.0012197494507,3.51772785186768
688.154903166013,10.001579284668,3.51805186271667
689.168860593365,10.001579284668,3.51837563514709
690.182861550308,10.001579284668,3.51869940757751
691.196830656331,10.0019388198853,3.51869940757751
692.21081710341,10.0012197494507,3.51902318000793
693.226161815308,10.0012197494507,3.51902318000793
694.238791767064,10.001579284668,3.51934695243835
695.252749194416,10.001579284668,3.51983261108398
696.266755105947,10.001579284668,3.51983261108398
697.280745445916,10.001579284668,3.52031850814819
698.294738970978,10.001579284668,3.5204803943634
699.308691797641,10.0019388198853,3.52080416679382
700.323947326961,10.001579284668,3.52096605300903
701.336665399598,10.001579284668,3.52128982543945
702.350656801265,10.0012197494507,3.52145171165466
703.364628738481,10.001579284668,3.52177548408508
704.378625802534,10.001579284668,3.52209949493408
705.392796277155,10.0019388198853,3.5224232673645
706.406523670079,10.001579284668,3.5224232673645
707.421848917525,10.001579284668,3.52290892601013
708.434554957592,10.0019388198853,3.52307081222534
709.448533618891,10.001579284668,3.52339458465576
710.462514757484,10.0019388198853,3.52371835708618
711.476502974058,10.001579284668,3.52388024330139
712.490485174348,10.001579284668,3.52420401573181
713.50445852716,10.001579284668,3.52452802658081
714.519748030796,10.001579284668,3.52468991279602
715.532448762376,10.0019388198853,3.52501368522644
716.546431316565,10.001579284668,3.52517557144165
717.560393344605,10.001579284668,3.52566123008728
718.574390408658,10.001579284668,3.52582311630249
719.588374378444,10.0019388198853,3.52614688873291
720.602346669558,10.001579284668,3.52647089958191
721.617627679614,10.0019388198853,3.52679467201233
722.630311070138,10.001579284668,3.52695655822754
723.644317335568,10.001579284668,3.52728033065796
724.676137113149,10.001579284668,3.52760410308838
725.687851527885,10.0019388198853,3.52776598930359
726.701871595381,10.0019388198853,3.52825164794922
727.715817344061,10.001579284668,3.52841353416443
728.729824671189,10.001579284668,3.52889943122864
729.74377820565,10.001579284668,3.52906131744385
730.757784824979,10.001579284668,3.52938508987427
731.773022305444,10.001579284668,3.52970886230469
732.785813989098,10.0019388198853,3.53003263473511
733.799712669196,10.0012197494507,3.53019452095032
734.8137291977,10.001579284668,3.53068017959595
735.827694764731,10.0019388198853,3.53116607666016
736.841691120986,10.001579284668,3.53148984909058
737.855665889394,10.0019388198853,3.53165173530579
738.870922126513,10.001579284668,3.531813621521
739.883614010615,10.0019388198853,3.53229928016663
740.897639032698,10.0019388198853,3.53262305259705
741.911594690554,10.001579284668,3.53294682502747
742.925585738322,10.0019388198853,3.53343272209167
743.939554490445,10.001579284668,3.53375649452209
744.953552262297,10.001579284668,3.53408026695251
745.968807083818,10.001579284668,3.53440403938293
746.981532588337,10.001579284668,3.53472781181335
747.995936282477,10.001579284668,3.53521370887756
749.009484602448,10.0019388198853,3.53553748130798
750.023465033242,10.0019388198853,3.53602313995361
751.037464574589,10.0019388198853,3.53618502616882
752.051428726024,10.001579284668,3.53650879859924
753.066734509018,10.0019388198853,3.53699445724487
754.07939843509,10.0012197494507,3.53699445724487
755.093389128959,10.001579284668,3.53764224052429
756.107565265966,10.001579284668,3.53796601295471
757.121365916008,10.001579284668,3.53828978538513
758.122555017047,10.0019388198853,3.53877544403076
759.133721595947,10.001579284668,3.53909921646118
760.147716182706,10.001579284668,3.5394229888916
761.161694136207,10.0019388198853,3.53990888595581
762.175678105992,10.0019388198853,3.54055643081665
763.18966526087,10.0019388198853,3.54088020324707
764.204894601655,10.001579284668,3.54120397567749
765.217616213283,10.0019388198853,3.54152774810791
766.231592751187,10.001579284668,3.54185175895691
767.245793661132,10.001579284668,3.54233741760254
768.259564229749,10.001579284668,3.54266119003296
769.273558462609,10.001579284668,3.54314684867859
770.287550218175,10.001579284668,3.54363250732422
771.30280787089,10.001579284668,3.54411840438843
772.315499754992,10.0019388198853,3.54460406303406
773.32948301698,10.0019388198853,3.54492783546448
774.343465571169,10.0019388198853,3.54541349411011
775.357450602651,10.001579284668,3.54573726654053
776.371655759386,10.0019388198853,3.54638504981995
777.385729265649,10.001579284668,3.54687070846558
778.400698844481,10.001579284668,3.54703259468079
779.413392498078,10.0019388198853,3.54784202575684
780.42737009768,10.0019388198853,3.54832792282104
781.441346635584,10.001579284668,3.54865169525146
782.455356440005,10.0019388198853,3.54913735389709
783.469322714834,10.0012197494507,3.54946112632751
784.48350734542,10.0019388198853,3.55010867118835
785.498579201098,10.001579284668,3.55059456825256
786.511256929235,10.001579284668,3.55108022689819
787.52526107127,10.0019388198853,3.55156588554382
788.53923123899,10.0019388198853,3.55221343040466
789.553226533548,10.0019388198853,3.55286121368408
790.567209441636,10.001579284668,3.5531849861145
791.57485153921,10.0019388198853,3.55367064476013
792.579585647724,10.0019388198853,3.55431818962097
793.59351724044,10.0019388198853,3.55480408668518
794.607530229953,10.0019388198853,3.55561351776123
795.621490488498,10.0019388198853,3.55609917640686
796.636769375159,10.001579284668,3.55642294883728
797.649448872792,10.001579284668,3.55723261833191
798.663471771481,10.001579284668,3.55771827697754
799.677416104565,10.0019388198853,3.55836582183838
800.69144466564,10.0019388198853,3.55885148048401
801.705411648267,10.0019388198853,3.55933737754822
802.719420390991,10.0022993087769,3.56014680862427
803.734636991408,10.0019388198853,3.56079435348511
804.747362849826,10.001579284668,3.56128001213074
805.761308244607,10.0019388198853,3.56208968162537
806.775342821967,10.001579284668,3.56273722648621
807.789316882577,10.0019388198853,3.56338477134705
808.803315716126,10.0022993087769,3.56403255462646
809.817244123749,10.0019388198853,3.5646800994873
810.832530088393,10.0019388198853,3.56532764434814
811.845239667452,10.0022993087769,3.56597542762756
812.859240270496,10.0019388198853,3.5666229724884
813.873199821242,10.0019388198853,3.56727051734924
814.887215995847,10.001579284668,3.56808018684387
815.901163867923,10.0019388198853,3.56888961791992
816.915177919133,10.001579284668,3.56953716278076
817.930404074826,10.0019388198853,3.57034683227539
818.943137011226,10.0019388198853,3.57131814956665
819.957066126648,10.0019388198853,3.57196569442749
820.971106720293,10.0019388198853,3.57277536392212
821.985506521543,10.001579284668,3.57358479499817
822.999073952066,10.001579284668,3.57423233985901
824.013033856711,10.0019388198853,3.57536578178406
825.051557899202,10.001579284668,3.5760133266449
826.056616887107,10.0019388198853,3.57698488235474
827.070598025699,10.0019388198853,3.577956199646
828.08588151305,10.001579284668,3.57892775535583
829.098479259986,10.001579284668,3.57989907264709
830.11256444492,10.001579284668,3.58070850372314
831.126533904841,10.0019388198853,3.58168005943298
832.140521413618,10.0019388198853,3.58281326293945
833.15449901322,10.0019388198853,3.58362293243408
834.168486875895,10.001579284668,3.58459424972534
835.183807522653,10.0019388198853,3.58572769165039
836.196644505394,10.0019388198853,3.58686089515686
837.210428168278,10.001579284668,3.58799433708191
838.22438559563,10.0019388198853,3.58912754058838
839.238396107849,10.001579284668,3.59009909629822
840.252381493231,10.001579284668,3.5913941860199
841.266359446732,10.0019388198853,3.59268951416016
842.28157533935,10.001579284668,3.59382271766663
843.29434048057,10.001579284668,3.59495615959167
844.308272781084,10.001579284668,3.59641337394714
845.322510496538,10.001579284668,3.59754657745361
846.336255938318,10.001579284668,3.59900379180908
847.038266863891,10.0019388198853,3.60013699531555
848.052755101043,9.94399261474609,3.60110855102539
849.066683862566,9.82378196716309,3.60094666481018
850.081994954048,9.72264575958252,3.60110855102539
851.094669850992,9.63446617126465,3.60078477859497
852.108884209104,9.5502462387085,3.60110855102539
853.122644160748,9.47070503234863,3.60078477859497
854.136667413335,9.3944034576416,3.60094666481018
855.150602898941,9.32350063323975,3.60094666481018
856.164607040977,9.251877784729,3.60110855102539
857.179839212955,9.18133449554443,3.60110855102539
858.192614971148,9.10971069335938,3.60094666481018
859.206552934048,9.04204750061035,3.60110855102539
860.220564507965,8.97402286529541,3.60094666481018
861.234706316758,8.90312004089355,3.60110855102539
862.248512629185,8.83365631103516,3.60094666481018
863.262454484976,8.76815223693848,3.6012704372406
864.277739741821,8.69868850708008,3.60110855102539
865.290430918126,8.63030529022217,3.60094666481018
866.304443907639,8.56120109558105,3.60094666481018
867.318601995791,8.49497699737549,3.60110855102539
868.332513062358,8.4251537322998,3.60094666481018
869.346392278004,8.35496997833252,3.60094666481018
870.360368462009,8.28694629669189,3.60094666481018
871.375645225276,8.22036266326904,3.60110855102539
872.38835657383,8.15053844451904,3.60094666481018
873.402671085393,8.08035564422607,3.60094666481018
874.416311065234,8.01125144958496,3.60094666481018
875.430284064147,7.94070863723755,3.60110855102539
876.444275819713,7.87124490737915,3.60094666481018
877.458243864039,7.80034208297729,3.60094666481018
878.47354681584,7.72907876968384,3.60094666481018
879.486224543978,7.66177463531494,3.60094666481018
880.500217361241,7.59159135818481,3.60110855102539
881.514179389281,7.52068853378296,3.60110855102539
882.528192378795,7.44798564910889,3.60110855102539
883.542145559357,7.37780237197876,3.60110855102539
884.556149347493,7.30581951141357,3.60094666481018
885.571399922225,7.23383665084839,3.60094666481018
886.584138167112,7.16041374206543,3.60094666481018
887.598080730701,7.09490919113159,3.60094666481018
888.612049482824,7.02292633056641,3.60094666481018
889.626067426925,6.95166349411011,3.60078477859497
890.640064844877,6.87860059738159,3.60110855102539
891.654033950899,6.80661773681641,3.60110855102539
892.669292665311,6.73391532897949,3.60094666481018
893.681989150102,6.66229200363159,3.60094666481018
894.695977012778,6.59030914306641,3.60110855102539
895.709958859169,6.52408504486084,3.60110855102539
896.723953445928,6.44994258880615,3.60078477859497
897.737925737042,6.37831974029541,3.60110855102539
898.751911122425,6.30417728424072,3.60094666481018
899.767159219863,6.23831272125244,3.60094666481018
900.779888971171,6.16704988479614,3.60094666481018
901.793841443935,6.09614658355713,3.60110855102539
902.807803118076,6.02704286575317,3.60110855102539
903.822064190871,5.95506000518799,3.60110855102539
904.835768226454,5.88379669189453,3.60094666481018
905.849762459314,5.81397342681885,3.60094666481018
906.865109294606,5.74451017379761,3.60094666481018
907.877745262648,5.68152475357056,3.60094666481018
908.891747281289,5.61314105987549,3.60110855102539
909.905730897175,5.54439735412598,3.60094666481018
910.92006841218,5.47565364837646,3.60094666481018
911.934043534488,5.4072699546814,3.60094666481018
912.947684222128,5.34140586853027,3.60094666481018
913.96296275489,5.27410173416138,3.60094666481018
914.975665255966,5.20715761184692,3.60110855102539
915.989618082629,5.14453220367432,3.60110855102539
917.003601698515,5.07902812957764,3.60094666481018
918.017594515779,5.01532316207886,3.60110855102539
919.031585563547,4.95017862319946,3.60094666481018
920.045572718425,4.88683366775513,3.60094666481018
921.05955279532,4.8227686882019,3.60094666481018
922.073492527715,4.75798416137695,3.60094666481018
923.087515780303,4.69391918182373,3.60110855102539
924.10149125651,4.63669300079346,3.6012704372406
925.115490797857,4.57478761672974,3.60110855102539
926.129466274063,4.51108264923096,3.60094666481018
927.143441396371,4.45097684860229,3.60094666481018
928.158688078212,4.39267110824585,3.60110855102539
929.171423845805,4.33256530761719,3.60094666481018
930.185394721324,4.27389907836914,3.60094666481018
931.199379752807,4.21667289733887,3.60110855102539
932.213359121904,4.15944623947144,3.60078477859497
933.227361494443,4.10401964187622,3.60110855102539
934.241324230282,4.0482325553894,3.60110855102539
935.256608779329,3.99172616004944,3.60094666481018
936.269303140725,3.93881869316101,3.60094666481018
937.283271892849,3.88303184509277,3.60110855102539
938.29724949245,3.82724523544312,3.60110855102539
939.311269206047,3.77361798286438,3.60094666481018
940.325313692581,3.72394967079163,3.60110855102539
941.339194323824,3.67176198959351,3.60094666481018
942.35441552493,3.62029433250427,3.60110855102539
943.367184912939,3.5684666633606,3.60094666481018
944.381156496255,3.51987814903259,3.60094666481018
945.395145420629,3.47056984901428,3.60110855102539
946.409135406699,3.41982197761536,3.60094666481018
947.423099912033,3.37591218948364,3.60094666481018
948.437090252002,3.32804369926453,3.60094666481018
949.452365953572,3.27909517288208,3.60110855102539
950.46506774685,3.23122668266296,3.60094666481018
951.479064810903,3.18515753746033,3.60110855102539
952.493018699263,3.14124798774719,3.60110855102539
953.507007623636,3.09625864028931,3.60110855102539
954.52100433379,3.05270910263062,3.60094666481018
955.53499042697,3.00771975517273,3.60110855102539
956.550251618676,2.96309041976929,3.60110855102539
957.562951642458,2.92098021507263,3.60094666481018
958.576941274629,2.88066983222961,3.60094666481018
959.590907903358,2.84215903282166,3.60110855102539
960.604864976811,2.80292820930481,3.60094666481018
961.618886459903,2.7633376121521,3.60094666481018
962.63285768932,2.72374701499939,3.60110855102539
963.648117465429,2.68271684646606,3.60110855102539
964.660825628891,2.64384603500366,3.60110855102539
965.67481207597,2.60605502128601,3.60094666481018
966.688793568462,2.57078337669373,3.60094666481018
967.702781077239,2.53695154190063,3.60094666481018
968.716767524318,2.50239968299866,3.60110855102539
969.730767419564,2.46640825271606,3.60110855102539
970.746002422735,2.43077659606934,3.60094666481018
971.758713771289,2.3965847492218,3.60094666481018
972.772755072732,2.36311268806458,3.60094666481018
973.786695159026,2.33108043670654,3.60094666481018
974.800660726057,2.29688835144043,3.60110855102539
975.814651773825,2.26737546920776,3.60110855102539
976.828641759896,2.23534297943115,3.60110855102539
977.843872162378,2.20439052581787,3.60110855102539
978.85659235841,2.17451739311218,3.60094666481018
979.870573497003,2.1435649394989,3.60110855102539
980.884568083762,2.11369204521179,3.60110855102539
981.898550637951,2.08381915092468,3.60110855102539
982.912517266679,2.05502581596375,3.60094666481018
983.926912113342,2.0291121006012,3.6012704372406
984.941793925192,1.99995899200439,3.60110855102539
985.954485455396,1.9715256690979,3.60110855102539
986.968459516006,1.9430924654007,3.60110855102539
987.982441008497,1.91645872592926,3.60094666481018
988.996365169332,1.89018499851227,3.60094666481018
990.010405055178,1.86535096168518,3.60110855102539
991.024399641937,1.8390771150589,3.60110855102539
992.039690561169,1.81532275676727,3.60094666481018
993.052366519811,1.79156839847565,3.60094666481018
994.066346950605,1.76745414733887,3.60110855102539
995.080444522008,1.74298000335693,3.60110855102539
996.094323737654,1.72030532360077,3.60110855102539
997.108304876247,1.69727075099945,3.60110855102539
998.122281414151,1.67315649986267,3.60110855102539
999.137537651269,1.64940214157104,3.60110855102539
1000.15024723033,1.62852716445923,3.60094666481018
1001.16422482993,1.60909175872803,3.60110855102539
1002.17822295568,1.58857655525208,3.60110855102539
1003.19239661539,1.56482219696045,3.60110855102539
1004.20617780098,1.54538691043854,3.60094666481018
1005.22017344944,1.52415192127228,3.60110855102539
1006.23542543977,1.50507640838623,3.60094666481018
1007.24826171471,1.48312163352966,3.60110855102539
1008.26210023196,1.462606549263,3.60110855102539
1009.27608561734,1.44533061981201,3.60110855102539
1010.29008905158,1.42625510692596,3.60110855102539
1011.30405532641,1.40933918952942,3.60110855102539
1012.31814900492,1.39206326007843,3.60094666481018
1013.33350504159,1.37478733062744,3.60110855102539
1014.34600511237,1.35391235351562,3.60094666481018
1015.35999580624,1.33663642406464,3.60094666481018
1016.3739872079,1.32008039951324,3.60110855102539
1017.38795560613,1.30352425575256,3.60110855102539
1018.40193568302,1.28660833835602,3.60110855102539
1019.41591469822,1.26969230175018,3.60110855102539
1020.43116421126,1.25565564632416,3.60094666481018
1021.44389537816,1.24125909805298,3.60110855102539
1022.45787191606,1.22398316860199,3.60110855102539
1023.47184916177,1.20706713199615,3.6012704372406
1024.48582039118,1.19375038146973,3.60110855102539
1025.50005067476,1.17719423770905,3.60094666481018
1026.51378019108,1.16387748718262,3.60110855102539
1027.52906297063,1.14804124832153,3.60094666481018
1028.54173043569,1.13760364055634,3.60110855102539
1029.55574908759,1.12356698513031,3.60110855102539
1030.56995176703,1.10953032970428,3.60094666481018
1031.58372268955,1.09405398368835,3.60110855102539
1032.59768471759,1.08001732826233,3.60094666481018
1033.61168638233,1.06778025627136,3.60110855102539
1034.62690475224,1.05410349369049,3.60110855102539
1035.63966423107,1.04078662395477,3.60110855102539
1036.6536340449,1.02639007568359,3.60110855102539
1037.66761978418,1.01343309879303,3.60094666481018
1038.68156482506,1.00191593170166,3.60094666481018
1039.69558666205,0.990758538246155,3.60110855102539
1040.70954798229,0.982840418815613,3.60110855102539
1041.72483323914,0.9709632396698,3.60110855102539
1042.73772259895,0.958726108074188,3.60094666481018
1043.75151404761,0.947928726673126,3.60110855102539
1044.76548563093,0.936411440372467,3.6012704372406
1045.77949543535,0.926333844661713,3.60110855102539
1046.79344932371,0.913016974925995,3.60110855102539
1047.80745417354,0.903659224510193,3.60094666481018
1048.82267325125,0.896460890769958,3.60110855102539
1049.83542105142,0.884583711624146,3.60110855102539
1050.84937954047,0.871626794338226,3.6012704372406
1051.86339819237,0.861909091472626,3.60094666481018
1052.87733403187,0.852911233901978,3.60094666481018
1053.89135339157,0.843913376331329,3.60110855102539
1054.90532851388,0.833115935325623,3.60110855102539
1055.90590006095,0.824118077754974,3.60110855102539
1056.91806038858,0.818359434604645,3.60110855102539
1057.93178318082,0.807561993598938,3.60094666481018
1058.94551446663,0.796764612197876,3.60110855102539
1059.95957063184,0.787406802177429,3.60110855102539
1060.97358397525,0.780568420886993,3.60094666481018
1061.97426912394,0.769411087036133,3.60110855102539
1062.97628280993,0.761852860450745,3.60110855102539
1063.97826747619,0.755734324455261,3.60110855102539
1065.01804042867,0.748176097869873,3.60110855102539
1066.02837145175,0.737018764019012,3.60094666481018
1067.03842254063,0.730900228023529,3.60110855102539
1068.03850429132,0.722262263298035,3.60094666481018
1069.04946914772,0.713264405727386,3.60094666481018
1070.05448212874,0.706426024436951,3.60110855102539
1071.05955739601,0.698867797851562,3.60110855102539
1072.090810935,0.692029476165771,3.60110855102539
1073.09271208107,0.683391511440277,3.60094666481018
1074.11181060092,0.675473392009735,3.60110855102539
1075.11271693656,0.668994903564453,3.60094666481018
1076.11975138935,0.662156522274017,3.60110855102539
1077.12141400741,0.65567809343338,3.60094666481018
1078.12599027692,0.647759974002838,3.60094666481018
1079.14260230156,0.640921592712402,3.60094666481018
1080.14593638516,0.633723318576813,3.60110855102539
1081.14698003366,0.628684461116791,3.60110855102539
1082.14899371965,0.624005615711212,3.60094666481018
1083.15205777822,0.617167234420776,3.60110855102539
1084.15927873584,0.608889162540436,3.60110855102539
1085.16114944658,0.604210317134857,3.60094666481018
1086.16335777709,0.597011983394623,3.60094666481018
1087.16524476719,0.592333137989044,3.60094666481018
1088.16634327005,0.586934387683868,3.60094666481018
1089.17132652355,0.579736113548279,3.60094666481018
1090.182270146,0.574697315692902,3.60110855102539
1091.19449948396,0.564979612827301,3.60094666481018
1092.20238364853,0.563180029392242,3.60094666481018
1093.21214701742,0.554182171821594,3.60094666481018
1094.22349939336,0.549143373966217,3.60110855102539
1095.22352805919,0.542664885520935,3.60094666481018
1096.22555023875,0.537266194820404,3.60094666481018
1097.23761465972,0.532227396965027,3.60110855102539
1098.24486605266,0.530787706375122,3.60094666481018
1099.24768485915,0.526108860969543,3.60110855102539
1100.25269890186,0.516391158103943,3.60094666481018
1101.25474691606,0.512791991233826,3.60094666481018
1102.2549344826,0.508832931518555,3.60094666481018
1103.26583245207,0.50595360994339,3.60094666481018
1104.27488094474,0.4987553358078,3.60094666481018
1105.27792483106,0.495876014232635,3.60110855102539
1106.28494052719,0.489397555589676,3.60110855102539
1107.29297934568,0.486158311367035,3.60078477859497
1108.29539541497,0.481479436159134,3.60110855102539
1109.29809531134,0.477160453796387,3.60094666481018
1110.31007939721,0.47284147143364,3.60078477859497
1111.31915018553,0.465283274650574,3.60094666481018
1112.32116280982,0.462763875722885,3.60094666481018
1113.32420563444,0.461324214935303,3.60110855102539
1114.33127760053,0.454485833644867,3.60110855102539
1115.34136655662,0.450166881084442,3.60110855102539
1116.35526559061,0.446927636861801,3.60094666481018
1117.36928424251,0.44296857714653,3.60110855102539
1118.38348762975,0.439369440078735,3.60094666481018
1119.39729075709,0.4325310587883,3.60094666481018
1120.41128428215,0.429651737213135,3.60094666481018
1121.42654653555,0.42677241563797,3.60094666481018
1122.43923204947,0.423893094062805,3.60094666481018
1123.45321354196,0.422453433275223,3.60094666481018
1124.46720175854,0.418134480714798,3.60110855102539
1125.48137081756,0.412015914916992,3.60110855102539
1126.49515978893,0.408416777849197,3.60094666481018
1127.50913738853,0.404457718133926,3.60078477859497
1128.52441662909,0.400858581066132,3.60094666481018
1129.53711559118,0.396899521350861,3.60110855102539
1130.55109885317,0.394740015268326,3.60094666481018
1131.56508353075,0.393300354480743,3.60094666481018
1132.57905688356,0.388261556625366,3.60094666481018
1133.5932616864,0.384302496910095,3.60094666481018
1134.60700429698,0.3807033598423,3.60094666481018
1135.62234971668,0.377464115619659,3.60094666481018
1136.63494781752,0.372785240411758,3.60094666481018
1137.64898239488,0.368466258049011,3.60110855102539
1138.66293239035,0.365227043628693,3.60094666481018
1139.67694431816,0.364867120981216,3.60110855102539
1140.69090493061,0.357308924198151,3.60094666481018
1141.70488960819,0.355509340763092,3.60094666481018
1142.72014018292,0.352630019187927,3.60110855102539
1143.73287205762,0.351550281047821,3.60094666481018
1144.74686593658,0.349030882120132,3.60094666481018
1145.76084389009,0.346151560544968,3.60110855102539
1146.77480131744,0.341472685337067,3.6012704372406
1147.78881607645,0.338593363761902,3.60094666481018
1148.80274271457,0.336793780326843,3.60094666481018
1149.81807185491,0.333554565906525,3.60110855102539
1150.83073896607,0.329955399036407,3.60110855102539
1151.84475160169,0.330315321683884,3.60110855102539
1152.8586842561,0.328875660896301,3.60110855102539
1153.87270892429,0.3241967856884,3.60110855102539
1154.88668829338,0.319157958030701,3.60094666481018
1155.9006602306,0.317718297243118,3.60094666481018
1156.91633052969,0.315558820962906,3.60094666481018
1157.92907903765,0.311239838600159,3.60094666481018
1158.93677598958,0.309800177812576,3.60094666481018
1159.94097110974,0.308360546827316,3.60110855102539
1160.95626946085,0.30152216553688,3.60094666481018
1161.96899178028,0.299002766609192,3.60094666481018
1162.98293540557,0.298642843961716,3.60094666481018
1163.99695370357,0.299722582101822,3.60094666481018
1165.01089025087,0.297563105821609,3.60110855102539
1166.02490713327,0.292884200811386,3.60094666481018
1167.03907902349,0.290004879236221,3.60094666481018
1168.05367453095,0.288925141096115,3.60110855102539
1169.06685585754,0.288925141096115,3.60094666481018
1170.08084725921,0.283526420593262,3.60094666481018
1171.09482450491,0.280287206172943,3.60110855102539
1172.10881059809,0.280287206172943,3.60094666481018
1173.12279916856,0.279207468032837,3.60094666481018
1174.13678030715,0.276688039302826,3.60094666481018
1175.15201955711,0.271649241447449,3.60110855102539
1176.16474010705,0.270929425954819,3.60094666481018
1177.17872973922,0.26912984251976,3.60110855102539
1178.19290623012,0.266610443592072,3.60094666481018
1179.20668423062,0.264450967311859,3.60094666481018
1180.22072482427,0.25941213965416,3.60094666481018
1181.2348507076,0.260491907596588,3.60094666481018
1182.24993141075,0.259772062301636,3.60094666481018
1183.26261550907,0.255093187093735,3.60094666481018
1184.27662885249,0.255813002586365,3.60110855102539
1185.29057884796,0.255093187093735,3.60110855102539
1186.30458440559,0.250054389238358,3.60110855102539
1187.31867560681,0.247534975409508,3.60094666481018
1188.33254137429,0.246815145015717,3.60094666481018
1189.3478393715,0.243215993046761,3.60078477859497
1190.36044242692,0.241776347160339,3.60094666481018
1191.37448195887,0.241416424512863,3.60094666481018
1192.40160726464,0.239616855978966,3.60078477859497
1193.40245131404,0.237817287445068,3.60094666481018
1194.41645156318,0.237097457051277,3.60078477859497
1195.43041819191,0.233858212828636,3.60078477859497
1196.44581634258,0.232418566942215,3.60094666481018
1197.45840170305,0.230978906154633,3.60094666481018
1198.47238213384,0.22953924536705,3.60094666481018
1199.48634699307,0.226659923791885,3.60094666481018
1200.50033591745,0.226659923791885,3.60094666481018
1201.51432484182,0.225580185651779,3.60110855102539
1202.52821573614,0.221981033682823,3.60094666481018
1203.54309754799,0.221621125936508,3.60094666481018
1204.55629550783,0.218741804361343,3.60094666481018
1205.5702840783,0.21910172700882,3.60094666481018
1206.58425672332,0.216582328081131,3.60078477859497
1207.59823007613,0.214422836899757,3.60094666481018
1208.61221723101,0.214062914252281,3.60094666481018
1209.62618846042,0.214422836899757,3.60094666481018
1210.64161386132,0.212263345718384,3.60094666481018
1211.65415675389,0.209384024143219,3.60094666481018
1212.66814744776,0.209024116396904,3.60078477859497
1213.68213141755,0.206504717469215,3.60094666481018
1214.69611857243,0.203265488147736,3.60094666481018
1215.71008307776,0.202545657753944,3.60094666481018
1216.72411093104,0.203265488147736,3.60078477859497
1217.73949315624,0.202545657753944,3.60094666481018
1218.75204843528,0.200386166572571,3.60094666481018
1219.76605080782,0.199306428432465,3.60094666481018
1220.78001779045,0.1964271068573,3.60110855102539
1221.79398441918,0.192468047142029,3.60094666481018
1222.80799953209,0.192468047142029,3.60094666481018
1223.82197996288,0.192108124494553,3.60110855102539
1224.83730025574,0.187069326639175,3.60094666481018
1225.84993339259,0.185989588499069,3.60110855102539
1226.86393045664,0.186349496245384,3.60078477859497
1227.87789106908,0.185989588499069,3.60094666481018
1228.89188424025,0.18670941889286,3.60094666481018
1229.90587458022,0.18670941889286,3.60094666481018
1230.92021704981,0.185629665851593,3.60110855102539
1231.9352046775,0.180950775742531,3.60094666481018
1232.94781374921,0.180590867996216,3.60078477859497
1233.96179134881,0.179511114954948,3.60094666481018
1234.97580327662,0.177711546421051,3.60094666481018
1235.98968780076,0.178431376814842,3.60094666481018
1237.00374325816,0.18023094534874,3.60078477859497
1238.01774173781,0.176271885633469,3.60078477859497
1239.03314024238,0.174832239747047,3.60094666481018
1240.04569269023,0.172312825918198,3.60094666481018
1241.05968409189,0.172312825918198,3.60094666481018
1242.073659922,0.1705132573843,3.60094666481018
1243.08764318399,0.168713688850403,3.60094666481018
1244.10163423175,0.165114536881447,3.60078477859497
1245.11562421782,0.169073596596718,3.60094666481018
1246.13096857582,0.164394706487656,3.60078477859497
1247.14358295602,0.161515399813652,3.60078477859497
1248.15755984782,0.159715816378593,3.60094666481018
1249.17154134031,0.163674876093864,3.60094666481018
1250.18553203418,0.163674876093864,3.60078477859497
1251.1995011402,0.161515399813652,3.60094666481018
1252.21349431137,0.158995985984802,3.60094666481018
1253.22885530262,0.158276170492172,3.60094666481018
1254.24162964522,0.157916247844696,3.60094666481018
1255.25545294481,0.157196417450905,3.60094666481018
1256.26942665152,0.154677018523216,3.60078477859497
1257.28337877038,0.157556340098381,3.60078477859497
1258.29739529889,0.15683650970459,3.60094666481018
1259.31139094734,0.155036926269531,3.60094666481018
1260.32689739114,0.151797696948051,3.60094666481018
1261.33934189976,0.15107786655426,3.60094666481018
1262.35334073331,0.149998128414154,3.60078477859497
1263.36731373222,0.149278298020363,3.60094666481018
1264.38128248434,0.14783863723278,3.60094666481018
1265.39528662638,0.148558467626572,3.60094666481018
1266.409215034,0.148198559880257,3.60094666481018
1267.42454523603,0.147118806838989,3.60094666481018
1268.43722650316,0.145679160952568,3.60078477859497
1269.45119631698,0.146039068698883,3.60094666481018
1270.46519621223,0.146039068698883,3.60094666481018
1271.47916850334,0.142439916729927,3.60094666481018
1272.49315424263,0.139560610055923,3.60094666481018
1273.50715166058,0.141720086336136,3.60078477859497
1274.52244293371,0.140280440449715,3.60094666481018
1275.53510615198,0.140280440449715,3.60094666481018
1276.54908906007,0.138120949268341,3.60062289237976
1277.56307975394,0.138480857014656,3.60078477859497
1278.57708035698,0.137041211128235,3.60094666481018
1279.59103849213,0.13416188955307,3.60110855102539
1280.60504015687,0.132002398371696,3.60094666481018
1281.62030453367,0.136681288480759,3.60094666481018
1282.63298898589,0.133442059159279,3.60094666481018
1283.64698074146,0.129842907190323,3.60078477859497
1284.66097072753,0.128043338656425,3.60094666481018
1285.67494408034,0.131642490625381,3.60094666481018
1286.68892628063,0.131282567977905,3.60094666481018
1287.70290458803,0.129482999444008,3.60078477859497
1288.71819727676,0.128763169050217,3.60094666481018
1289.73089199205,0.128043338656425,3.60094666481018
1290.7448533123,0.128043338656425,3.60078477859497
1291.7588302041,0.127323508262634,3.60094666481018
1292.77283151494,0.125523939728737,3.60078477859497
1293.78681583863,0.127323508262634,3.60094666481018
1294.80081856506,0.127323508262634,3.60094666481018
1295.81609426663,0.123724363744259,3.60094666481018
1296.82873625096,0.121564880013466,3.60094666481018
1297.84274110079,0.121564880013466,3.60078477859497
1298.85674099604,0.12120496481657,3.60094666481018
1299.87070727087,0.120125219225883,3.60094666481018
1300.88469230235,0.118685558438301,3.60078477859497
1301.89867485654,0.12120496481657,3.60094666481018
1302.91582763904,0.120125219225883,3.60078477859497
1303.9270104973,0.119405388832092,3.60094666481018
1304.94064446085,0.118325650691986,3.60094666481018
1305.9546040116,0.117605820298195,3.60078477859497
1306.9685801956,0.118325650691986,3.60094666481018
1307.98256770438,0.118325650691986,3.60078477859497
1308.99655733655,0.115806244313717,3.60078477859497
1310.01182312895,0.116885989904404,3.60078477859497
1311.0247372617,0.11472649872303,3.60078477859497
1312.03850039843,0.114006675779819,3.60078477859497
1313.05248401432,0.114366583526134,3.60110855102539
1314.06650514351,0.112567014992237,3.60078477859497
1315.08045124609,0.112207099795341,3.60094666481018
1316.09443273858,0.111127354204655,3.60094666481018
1317.10972295002,0.111847184598446,3.60078477859497
1318.12240846393,0.112926930189133,3.60094666481018
1319.13639101812,0.110047616064548,3.60094666481018
1320.15052645673,0.105368725955486,3.60078477859497
1321.1643554187,0.104288980364799,3.60094666481018
1322.17834434308,0.109687700867653,3.60094666481018
1323.19232937456,0.10824804008007,3.60094666481018
1324.20756897842,0.107168294489384,3.60078477859497
1325.22030262262,0.106088548898697,3.60078477859497
1326.23423881602,0.106808379292488,3.60078477859497
1327.24824472755,0.103929065167904,3.60078477859497
1328.26221524917,0.103209234774113,3.60094666481018
1329.27620665084,0.102129489183426,3.60094666481018
1330.29018672773,0.105368725955486,3.60094666481018
1331.3054624293,0.104648895561695,3.60094666481018
1332.31822863222,0.103929065167904,3.60094666481018
1333.32041183589,0.103929065167904,3.60094666481018
1334.33052521101,0.104288980364799,3.60110855102539
1335.34580409767,0.0992501750588417,3.60078477859497
1336.35847970241,0.0999700054526329,3.60094666481018
1337.37249339972,0.100329920649529,3.60094666481018
1338.38646321354,0.102129489183426,3.60078477859497
1339.40044718333,0.102129489183426,3.60094666481018
1340.41445026367,0.0981704294681549,3.60094666481018
1341.42841016831,0.0938514545559883,3.60094666481018
1342.44365260336,0.0981704294681549,3.60078477859497
1343.45639474114,0.0967307761311531,3.60110855102539
1344.47036632446,0.0963708609342575,3.60078477859497
1345.48434498576,0.0952911153435707,3.60094666481018
1346.49826985439,0.0945712849497795,3.60094666481018
1347.5122839056,0.0952911153435707,3.60078477859497
1348.52626858318,0.0938514545559883,3.60078477859497
1349.54157401228,0.0909721404314041,3.60094666481018
1350.55425634111,0.0934915393590927,3.60094666481018
1351.56824774277,0.0934915393590927,3.60094666481018
1352.58223277426,0.0934915393590927,3.60094666481018
1353.59621886744,0.0927717164158821,3.60094666481018
1354.61020531452,0.0942113697528839,3.60094666481018
1355.62419423889,0.0931316316127777,3.60110855102539
1356.63943207325,0.0902523100376129,3.60094666481018
1357.65215545438,0.0880928263068199,3.60078477859497
1358.66613270008,0.0920518860220909,3.60094666481018
1359.68012693294,0.0916919708251953,3.60078477859497
1360.69409073047,0.0906122252345085,3.60078477859497
1361.70828031565,0.0898923948407173,3.60094666481018
1362.72208839757,0.0880928263068199,3.60094666481018
1363.73733614111,0.0870130807161331,3.60094666481018
1364.75003828829,0.0859333351254463,3.60078477859497
1365.76402685876,0.0877329111099243,3.60078477859497
1366.7779906563,0.0844936817884445,3.60078477859497
1367.79199621393,0.0823341906070709,3.60078477859497
1368.80596708945,0.0826941058039665,3.60078477859497
1369.81996910809,0.0819742754101753,3.60094666481018
1370.83520092617,0.0866531655192375,3.60094666481018
1371.84791687541,0.0848535969853401,3.60094666481018
1372.86193269611,0.0852135047316551,3.60094666481018
1373.87589649365,0.0841337665915489,3.60094666481018
1374.88986029119,0.0837738513946533,3.60078477859497
1375.90386266373,0.0834139361977577,3.60078477859497
1376.91820938011,0.0823341906070709,3.60094666481018
1377.93310924081,0.0808945298194885,3.60078477859497
1378.94579581643,0.0837738513946533,3.60094666481018
1379.95976775364,0.0812544450163841,3.60094666481018
1380.97375384682,0.0816143602132797,3.60078477859497
1381.98776152785,0.0816143602132797,3.60094666481018
1383.00174302034,0.0805346220731735,3.60094666481018
1384.0157365454,0.0805346220731735,3.60094666481018
1385.03098924353,0.0801747068762779,3.60078477859497
1386.04388355793,0.0776553004980087,3.60094666481018
1387.05764917196,0.0801747068762779,3.60078477859497
1388.07165862248,0.0808945298194885,3.60094666481018
1389.08563197529,0.0808945298194885,3.60094666481018
1390.09962302306,0.0794548764824867,3.60078477859497
1391.11361159353,0.0790949612855911,3.60078477859497
1392.12887136964,0.0769354701042175,3.60094666481018
1393.14176214505,0.0762156471610069,3.60062289237976
1394.1555606717,0.0765755623579025,3.60094666481018
1395.1695372096,0.0769354701042175,3.60094666481018
1396.18351056241,0.0772953853011131,3.60078477859497
1397.19749736339,0.0772953853011131,3.60110855102539
1398.21150115153,0.0783751308917999,3.60094666481018
1399.22674217099,0.0747759863734245,3.60094666481018
1400.23944361036,0.0729764103889465,3.60094666481018
1401.25344209001,0.0736962407827377,3.60094666481018
1402.2674260598,0.0747759863734245,3.60078477859497
1403.28140613669,0.0733363255858421,3.60110855102539
1404.29539718446,0.0693772658705711,3.60078477859497
1405.30940521939,0.0682975202798843,3.60078477859497
1406.32479523037,0.0711768418550491,3.60078477859497
1407.33734378533,0.0736962407827377,3.60094666481018
1408.35132527782,0.0718966722488403,3.60078477859497
1409.36530429302,0.0726164951920509,3.60078477859497
1410.37928543161,0.0729764103889465,3.60094666481018
1411.39326515461,0.0718966722488403,3.60078477859497
1412.40720453311,0.0697371810674667,3.60094666481018
1413.42195257109,0.0693772658705711,3.60094666481018
1414.43523546672,0.0711768418550491,3.60094666481018
1415.44920740394,0.0722565874457359,3.60094666481018
1416.46321402326,0.0722565874457359,3.60078477859497
1417.47716755773,0.0697371810674667,3.60078477859497
1418.49116037499,0.0693772658705711,3.60094666481018
1419.5051340817,0.0682975202798843,3.60094666481018
1420.52047030002,0.0682975202798843,3.60078477859497
1421.53309423549,0.0679376125335693,3.60110855102539
1422.54710474771,0.0679376125335693,3.60078477859497
1423.56107137644,0.0654182061553001,3.60078477859497
1424.5750645476,0.0639785528182983,3.60078477859497
1425.58903719262,0.0632587224245071,3.60078477859497
1426.60301443832,0.0679376125335693,3.60094666481018
1427.61830181856,0.0668578669428825,3.60078477859497
1428.63100502743,0.0690173506736755,3.60078477859497
1429.64500138369,0.0682975202798843,3.60094666481018
1430.65894960966,0.0661380365490913,3.60094666481018
1431.67294596592,0.0650582909584045,3.60094666481018
1432.68691719533,0.0643384605646133,3.60094666481018
1433.70092239907,0.0625388920307159,3.60078477859497
1434.71619279215,0.0650582909584045,3.60094666481018
1435.72886238061,0.0661380365490913,3.60094666481018
1436.74284811989,0.0668578669428825,3.60078477859497
1437.75687597316,0.0654182061553001,3.60094666481018
1438.77082419914,0.0654182061553001,3.60078477859497
1439.78480852282,0.0650582909584045,3.60094666481018
1440.7987960316,0.0628988072276115,3.60110855102539
1441.81406784028,0.0621789768338203,3.60078477859497
1442.82675937048,0.0618190616369247,3.60094666481018
1443.84075608064,0.0632587224245071,3.60094666481018
1444.85469899812,0.0632587224245071,3.60078477859497
1445.86869641608,0.0625388920307159,3.60062289237976
1446.8768403426,0.0625388920307159,3.60094666481018
1447.88227517137,0.0628988072276115,3.60094666481018
1448.89635398612,0.0603794045746326,3.60078477859497
1449.91022435429,0.0582199171185493,3.60094666481018
1450.92458274934,0.0636186376214027,3.60078477859497
1451.93824785602,0.0621789768338203,3.60094666481018
1452.95237090816,0.0578600019216537,3.60110855102539
1453.96618712976,0.056060429662466,3.60078477859497
1454.98012615436,0.0607393197715282,3.60094666481018
1455.99422726475,0.0610992312431335,3.60094666481018
1457.00807958407,0.0592996589839458,3.60094666481018
1458.02210814514,0.0589397437870502,3.60094666481018
1459.03609636172,0.0578600019216537,3.60078477859497
1460.05026011225,0.0589397437870502,3.60078477859497
1461.06402466459,0.0582199171185493,3.60094666481018
1462.07804083919,0.0575000867247581,3.60078477859497
1463.09202056219,0.0596595741808414,3.60094666481018
1464.10601267165,0.0603794045746326,3.60094666481018
1465.11877179659,0.0585798323154449,3.60078477859497
1466.13276496775,0.0578600019216537,3.60078477859497
1467.14672805749,0.0585798323154449,3.60078477859497
1468.16193687212,0.0571401715278625,3.60094666481018
1469.17467511701,0.0567802563309669,3.60094666481018
1470.18991578257,0.0553405992686749,3.60078477859497
1471.20385763836,0.0553405992686749,3.60094666481018
1472.21787876755,0.0571401715278625,3.60094666481018
1473.23182062334,0.0553405992686749,3.60094666481018
1474.24463955723,0.0542608574032784,3.60078477859497
1475.25981687484,0.0553405992686749,3.60094666481018
1476.2738128772,0.054620772600174,3.60078477859497
1477.28657483333,0.0542608574032784,3.60094666481018
1478.30057614417,0.0539009422063828,3.60078477859497
1479.31600366846,0.0553405992686749,3.60094666481018
1480.32162889496,0.054620772600174,3.60094666481018
1481.32709699024,0.054620772600174,3.60078477859497
1482.34089374739,0.0539009422063828,3.60078477859497
1483.35484268117,0.0542608574032784,3.60094666481018
1484.36884257641,0.0535410270094872,3.60078477859497
1485.38418021033,0.0535410270094872,3.60078477859497
1486.39682573364,0.0539009422063828,3.60078477859497
1487.41079979426,0.0553405992686749,3.60094666481018
1488.42478801083,0.0542608574032784,3.60094666481018
1489.43877410401,0.0521013699471951,3.60078477859497
1490.45272622288,0.0524612851440907,3.60094666481018
1491.46693314911,0.0521013699471951,3.60078477859497
1492.48212922337,0.052821196615696,3.60078477859497
1493.49470184347,0.0513815395534039,3.60094666481018
1494.5087081089,0.0492220520973206,3.60078477859497
1495.52267049084,0.0535410270094872,3.60078477859497
1496.5366654315,0.0499418824911118,3.60094666481018
1497.55063843041,0.0459828227758408,3.60078477859497
1498.56464540364,0.048862136900425,3.60078477859497
1499.58019537703,0.0513815395534039,3.60094666481018
1500.59260732693,0.0517414547502995,3.60094666481018
1501.60657537125,0.0524612851440907,3.60078477859497
1502.62056040274,0.0513815395534039,3.60094666481018
1503.63454543422,0.0513815395534039,3.60094666481018
1504.64852657281,0.0495819672942162,3.60078477859497
1505.6625094809,0.0495819672942162,3.60078477859497
1506.67788179693,0.0477823950350285,3.60078477859497
1507.69047494318,0.0513815395534039,3.60078477859497
1508.70446245195,0.0506617091596127,3.60078477859497
1509.71845385362,0.0485022217035294,3.60078477859497
1510.73243393051,0.0481423102319241,3.60078477859497
1511.74639808195,0.0485022217035294,3.60078477859497
1512.76040399348,0.0481423102319241,3.60094666481018
1513.79892626648,0.0481423102319241,3.60094666481018
1514.80516409235,0.0467026494443417,3.60078477859497
1515.81915053943,0.0481423102319241,3.60094666481018
1516.8333380012,0.0477823950350285,3.60078477859497
1517.84709158266,0.0470625646412373,3.60078477859497
1518.86112155933,0.0456229075789452,3.60078477859497
1519.8750747399,0.0470625646412373,3.60078477859497
1520.88909586909,0.0459828227758408,3.60094666481018
1521.90303453979,0.0463427342474461,3.60078477859497
1522.91740213622,0.0459828227758408,3.60094666481018
1523.93119500048,0.0467026494443417,3.60078477859497
1524.94500839089,0.0467026494443417,3.60094666481018
1525.95896440264,0.0456229075789452,3.60078477859497
1526.97302446074,0.0456229075789452,3.60078477859497
1527.98692915712,0.0463427342474461,3.60094666481018
1529.00093506865,0.0452629923820496,3.60078477859497
1530.0148949733,0.0452629923820496,3.60078477859497
1531.02907181811,0.0456229075789452,3.60078477859497
1532.04286680576,0.0459828227758408,3.60094666481018
1533.05689076615,0.0456229075789452,3.60094666481018
1534.07088075222,0.0459828227758408,3.60094666481018
1535.08481800732,0.0438233353197575,3.60094666481018
1536.09879949981,0.0452629923820496,3.60078477859497
1537.11283372327,0.0474224798381329,3.60078477859497
1538.12695500592,0.0456229075789452,3.60078477859497
1539.14080980252,0.0427435897290707,3.60078477859497
1540.15472971657,0.0445431619882584,3.60094666481018
1541.16874730677,0.044903077185154,3.60078477859497
1542.18268774696,0.0452629923820496,3.60094666481018
1543.19671772363,0.0438233353197575,3.60094666481018
1544.21069426154,0.0441832467913628,3.60078477859497
1545.22484527171,0.0423836745321751,3.60078477859497
1546.23868060386,0.0420237630605698,3.60078477859497
1547.26907027511,0.0423836745321751,3.60078477859497
1548.28224452371,0.0387845300137997,3.60094666481018
1549.29498418419,0.040944017469883,3.60078477859497
1550.309076801,0.0395043604075909,3.60094666481018
1551.32308342033,0.040944017469883,3.60094666481018
1552.33692830777,0.0438233353197575,3.60078477859497
1553.35092926471,0.0427435897290707,3.60094666481018
1554.36489518564,0.0427435897290707,3.60078477859497
1555.38017654959,0.0441832467913628,3.60078477859497
1556.39284649195,0.0423836745321751,3.60078477859497
1557.40685204958,0.0423836745321751,3.60094666481018
1558.42079107418,0.0420237630605698,3.60094666481018
1559.434883691,0.0405841022729874,3.60094666481018
1560.44878449449,0.0445431619882584,3.60094666481018
1561.46279005212,0.0438233353197575,3.60094666481018
1562.47802505529,0.0423836745321751,3.60094666481018
1563.49075657609,0.040944017469883,3.60078477859497
1564.50472780551,0.0413039326667786,3.60078477859497
1565.51873159365,0.0402241870760918,3.60094666481018
1566.5326904366,0.0395043604075909,3.60078477859497
1567.54669245524,0.036984957754612,3.60078477859497
1568.56065660667,0.0423836745321751,3.60094666481018
1569.57592912315,0.0416638478636742,3.60078477859497
1570.58861852996,0.0402241870760918,3.60094666481018
1571.60262939608,0.0387845300137997,3.60094666481018
1572.61656912847,0.0395043604075909,3.60078477859497
1573.63059627395,0.0395043604075909,3.60094666481018
1574.64456007149,0.0384246148169041,3.60078477859497
1575.65855819724,0.0380646996200085,3.60078477859497
1576.67377975224,0.0398642756044865,3.60094666481018
1577.68652330561,0.0387845300137997,3.60094666481018
1578.70049736622,0.0391444452106953,3.60078477859497
1579.71450469335,0.0387845300137997,3.60094666481018
1580.73726253009,0.0395043604075909,3.60094666481018
1581.7424432593,0.0377047881484032,3.60078477859497
1582.75642510569,0.0377047881484032,3.60094666481018
1583.77169691437,0.0387845300137997,3.60078477859497
1584.78439233746,0.0395043604075909,3.60094666481018
1585.79839789509,0.0387845300137997,3.60078477859497
1586.81236806281,0.0391444452106953,3.60094666481018
1587.81248838851,0.0373448729515076,3.60078477859497
1588.82593620113,0.0380646996200085,3.60078477859497
1589.83993998927,0.0384246148169041,3.60094666481018
1590.85397031984,0.0380646996200085,3.60078477859497
1591.86789271118,0.0373448729515076,3.60078477859497
1592.88186783348,0.0391444452106953,3.60078477859497
1593.8959218753,0.0391444452106953,3.60078477859497
1594.91038219329,0.0395043604075909,3.60094666481018
1595.92386327243,0.0373448729515076,3.60094666481018
1596.93784193373,0.0384246148169041,3.60078477859497
1597.95186129343,0.0377047881484032,3.60078477859497
1598.96590153317,0.036984957754612,3.60094666481018
1599.979748544,0.0362651273608208,3.60078477859497
1600.99374419246,0.036984957754612,3.60094666481018
1602.00793908612,0.0373448729515076,3.60078477859497
1603.02171814831,0.0366250425577164,3.60078477859497
1604.03576440434,0.0337457247078419,3.60078477859497
1605.04848106138,0.0366250425577164,3.60078477859497
1606.06247104745,0.0362651273608208,3.60094666481018
1607.07642741311,0.0341056399047375,3.60078477859497
1608.09042553886,0.0344655551016331,3.60078477859497
1609.10441906392,0.0366250425577164,3.60078477859497
1610.11839489403,0.0373448729515076,3.60094666481018
1611.13237886381,0.0348254702985287,3.60094666481018
1612.1463621258,0.0337457247078419,3.60078477859497
1613.16035706646,0.0362651273608208,3.60078477859497
1614.16173798082,0.0351853854954243,3.60078477859497
1615.17272017828,0.0348254702985287,3.60078477859497
1616.18669176159,0.0341056399047375,3.60094666481018
1617.20067573138,0.0359052121639252,3.60094666481018
1618.21465333098,0.0366250425577164,3.60078477859497
1619.22863517737,0.0377047881484032,3.60078477859497
1620.2439671489,0.0366250425577164,3.60078477859497
1621.2566190424,0.0341056399047375,3.60078477859497
1622.27059168742,0.033025898039341,3.60094666481018
1623.28457247211,0.033025898039341,3.60094666481018
1624.2985557341,0.0333858132362366,3.60094666481018
1625.31275310505,0.0366250425577164,3.60094666481018
1626.32653039775,0.0337457247078419,3.60094666481018
1627.34187192456,0.0319461524486542,3.60094666481018
1628.35448948985,0.0312263239175081,3.60094666481018
1629.36847345963,0.0341056399047375,3.60078477859497
1630.38243725717,0.0348254702985287,3.60094666481018
1631.39644423039,0.0333858132362366,3.60078477859497
1632.41042678458,0.033025898039341,3.60094666481018
1633.42440686148,0.0276271793991327,3.60078477859497
1634.43973954081,0.0323060676455498,3.60078477859497
1635.45258466323,0.0305064953863621,3.60078477859497
1636.4666556922,0.0308664105832577,3.60094666481018
1637.48034061723,0.0348254702985287,3.60094666481018
1638.49443040285,0.0337457247078419,3.60094666481018
1639.5083085568,0.0337457247078419,3.60078477859497
1640.52226209126,0.0355453006923199,3.60094666481018
1641.53627720417,0.0341056399047375,3.60078477859497
1642.55022684574,0.0323060676455498,3.60094666481018
1643.5642207247,0.0308664105832577,3.60078477859497
1644.57820150939,0.0326659828424454,3.60094666481018
1645.59355719216,0.0319461524486542,3.60078477859497
1646.60640089899,0.0319461524486542,3.60078477859497
1647.62018137678,0.0323060676455498,3.60094666481018
1648.63413809633,0.0305064953863621,3.60078477859497
1649.64813268309,0.0319461524486542,3.60078477859497
1650.66208975654,0.0315862372517586,3.60078477859497
1651.67610309996,0.0337457247078419,3.60094666481018
1652.69142268502,0.0337457247078419,3.60094666481018
1653.70408838058,0.0333858132362366,3.60094666481018
1654.71803589876,0.0333858132362366,3.60078477859497
1655.73204110249,0.0319461524486542,3.60078477859497
1656.7459772959,0.0319461524486542,3.60094666481018
1657.76018634552,0.0308664105832577,3.60078477859497
1658.77396753111,0.0312263239175081,3.60078477859497
1659.78932604508,0.0312263239175081,3.60094666481018
1660.8021315308,0.0323060676455498,3.60078477859497
1661.81595412258,0.0341056399047375,3.60078477859497
1662.82993030659,0.0341056399047375,3.60094666481018
1663.84390719839,0.0308664105832577,3.60094666481018
1664.85785046978,0.0308664105832577,3.60094666481018
1665.87186912168,0.0319461524486542,3.60078477859497
1666.88716818059,0.0308664105832577,3.60078477859497
1667.90004267664,0.029786666855216,3.60094666481018
1668.91420961227,0.0283470079302788,3.60094666481018
1669.92779863063,0.0308664105832577,3.60078477859497
1670.96675124496,0.0315862372517586,3.60078477859497
1671.97138201493,0.0287069231271744,3.60094666481018
1672.98535961453,0.0305064953863621,3.60094666481018
1673.99934676941,0.0312263239175081,3.60094666481018
1675.01334772635,0.0305064953863621,3.60078477859497
1676.02731647848,0.0323060676455498,3.60078477859497
1677.04264738831,0.0315862372517586,3.60094666481018
1678.05545641302,0.029786666855216,3.60094666481018
1679.06926484884,0.0290668364614248,3.60062289237976
1680.08324740303,0.0287069231271744,3.60078477859497
1681.09721898635,0.0294267516583204,3.60078477859497
1682.11120932632,0.033025898039341,3.60094666481018
1683.12516250688,0.0312263239175081,3.60078477859497
1684.14052774492,0.0269073490053415,3.60094666481018
1685.153110982,0.0294267516583204,3.60094666481018
1686.16713529628,0.0290668364614248,3.60078477859497
1687.1811065257,0.0276271793991327,3.60078477859497
1688.19510182026,0.0294267516583204,3.60094666481018
1689.20906561779,0.0294267516583204,3.60078477859497
1690.22309524056,0.0301465801894665,3.60078477859497
1691.23838120521,0.0287069231271744,3.60078477859497
1692.25103062142,0.0265474356710911,3.60078477859497
1693.26501140611,0.0283470079302788,3.60094666481018
1694.27901307085,0.0283470079302788,3.60078477859497
1695.29297757619,0.0287069231271744,3.60078477859497
1696.30705426754,0.0294267516583204,3.60078477859497
1697.32092392791,0.0301465801894665,3.60078477859497
1698.33629730564,0.0308664105832577,3.60078477859497
1699.34890531565,0.0276271793991327,3.60094666481018
1700.3629023797,0.0269073490053415,3.60078477859497
1701.37685449857,0.0301465801894665,3.60094666481018
1702.39086996537,0.0305064953863621,3.60078477859497
1703.40484084089,0.0308664105832577,3.60094666481018
1704.41878729737,0.0261875204741955,3.60094666481018
1705.43415182762,0.0279870927333832,3.60078477859497
1706.44681646149,0.0290668364614248,3.60078477859497
1707.46083865238,0.0276271793991327,3.60094666481018
1708.4747681217,0.0265474356710911,3.60094666481018
1709.48874147451,0.0283470079302788,3.60094666481018
1710.50273181448,0.0272672642022371,3.60078477859497
1711.51668004046,0.0276271793991327,3.60078477859497
1712.5320466941,0.0261875204741955,3.60078477859497
1713.54465328851,0.0279870927333832,3.60078477859497
1714.55868468078,0.0272672642022371,3.60094666481018
1715.57262016639,0.0269073490053415,3.60078477859497
1716.58684160248,0.0276271793991327,3.60094666481018
1717.6006118172,0.0276271793991327,3.60094666481018
1718.61461843653,0.0283470079302788,3.60078477859497
1719.62992598902,0.0272672642022371,3.60110855102539
1720.64257894422,0.0251077767461538,3.60078477859497
1721.65655548212,0.0279870927333832,3.60078477859497
1722.67057307232,0.0283470079302788,3.60078477859497
1723.68448838568,0.029786666855216,3.60078477859497
1724.69871654586,0.0254676919430494,3.60094666481018
1725.71244676997,0.0261875204741955,3.60094666481018
1726.72782439449,0.0258276052772999,3.60078477859497
1727.74042815771,0.0261875204741955,3.60094666481018
1728.75442769906,0.0265474356710911,3.60094666481018
1729.76839503559,0.0265474356710911,3.60094666481018
1730.78241687258,0.0269073490053415,3.60094666481018
1731.79637253043,0.0251077767461538,3.60078477859497
1732.81036676329,0.0251077767461538,3.60094666481018
1733.82568387106,0.0276271793991327,3.60094666481018
1734.83833257947,0.0276271793991327,3.60078477859497
1735.85251190157,0.0269073490053415,3.60094666481018
1736.86629662615,0.0254676919430494,3.60078477859497
1737.88024237483,0.0254676919430494,3.60094666481018
1738.89445708684,0.0251077767461538,3.60094666481018
1739.90856669081,0.0258276052772999,3.60094666481018
1740.9236742903,0.0240280330181122,3.60078477859497
1741.93619948792,0.0279870927333832,3.60094666481018
1742.95019973707,0.0240280330181122,3.60110855102539
1743.96414902474,0.0204288884997368,3.60078477859497
1744.97817546242,0.0233082044869661,3.60078477859497
1745.99211767211,0.0258276052772999,3.60078477859497
1747.00613136942,0.0272672642022371,3.60078477859497
1748.02149448407,0.0251077767461538,3.60094666481018
1749.03411063376,0.0247478634119034,3.60078477859497
1750.04828889416,0.0247478634119034,3.60078477859497
1751.06206901806,0.0251077767461538,3.60078477859497
1752.07604130917,0.0269073490053415,3.60078477859497
1753.09002598675,0.0240280330181122,3.60078477859497
1754.10400075516,0.0254676919430494,3.60078477859497
1755.1194102306,0.0258276052772999,3.60078477859497
1756.13197294152,0.0269073490053415,3.60078477859497
1757.14597106727,0.0251077767461538,3.60094666481018
1758.15991221526,0.0247478634119034,3.60094666481018
1759.17394573093,0.0254676919430494,3.60078477859497
1760.1880939099,0.0247478634119034,3.60078477859497
1761.20191614779,0.0240280330181122,3.60094666481018
1762.21724210304,0.0247478634119034,3.60062289237976
1763.22986037612,0.0251077767461538,3.60094666481018
1764.24383762182,0.0233082044869661,3.60094666481018
1765.25784990354,0.0229482892900705,3.60078477859497
1766.271803438,0.0251077767461538,3.60094666481018
1767.28580793394,0.0240280330181122,3.60078477859497
1768.29977350097,0.0240280330181122,3.60094666481018
1769.31563313608,0.0254676919430494,3.60078477859497
1770.32774851852,0.0261875204741955,3.60078477859497
1771.34174275138,0.0233082044869661,3.60094666481018
1772.35734404014,0.0233082044869661,3.60078477859497
1773.36971352214,0.0229482892900705,3.60094666481018
1774.38361609513,0.0251077767461538,3.60078477859497
1775.39766730575,0.0254676919430494,3.60094666481018
1776.41299609219,0.0265474356710911,3.60094666481018
1777.42564975518,0.0240280330181122,3.60094666481018
1778.43960116625,0.0240280330181122,3.60078477859497
1779.45359681471,0.0225883759558201,3.60078477859497
1780.46758078449,0.0233082044869661,3.60078477859497
1781.48157643295,0.0236681196838617,3.60078477859497
1782.49553846099,0.0222284607589245,3.60078477859497
1783.51087609491,0.0236681196838617,3.60078477859497
1784.52350640056,0.0236681196838617,3.60078477859497
1785.53750381851,0.0225883759558201,3.60078477859497
1786.55147504793,0.0247478634119034,3.60078477859497
1787.56550856359,0.0218685455620289,3.60094666481018
1788.57944794209,0.0233082044869661,3.60094666481018
1789.59343474307,0.0229482892900705,3.60078477859497
1790.60877025359,0.0225883759558201,3.60078477859497
1791.62140551383,0.0225883759558201,3.60094666481018
1792.63537886664,0.0236681196838617,3.60078477859497
1793.64935823574,0.0218685455620289,3.60078477859497
1794.66333654314,0.0240280330181122,3.60094666481018
1795.67734280857,0.0243879482150078,3.60078477859497
1796.69130519051,0.0247478634119034,3.60078477859497
1797.70669060081,0.0243879482150078,3.60094666481018
1798.71926852939,0.0229482892900705,3.60078477859497
1799.73325816156,0.0225883759558201,3.60078477859497
1800.74725487172,0.0229482892900705,3.60078477859497
1801.7611992048,0.0222284607589245,3.60078477859497
1802.77520440853,0.0225883759558201,3.60094666481018
1803.78920678107,0.0229482892900705,3.60094666481018
1804.80472702693,0.0211487170308828,3.60078477859497
1805.81717330505,0.0215086322277784,3.60078477859497
1806.83114453447,0.0225883759558201,3.60094666481018
1807.84514089072,0.0225883759558201,3.60078477859497
1808.85910681165,0.0229482892900705,3.60078477859497
1809.87309361263,0.0204288884997368,3.60094666481018
1810.8870832448,0.0225883759558201,3.60078477859497
1811.90241981702,0.0215086322277784,3.60078477859497
1812.91539057363,0.0197090581059456,3.60094666481018
1813.92902807617,0.0186293143779039,3.60078477859497
1814.94301877004,0.0186293143779039,3.60078477859497
1815.95700840221,0.0204288884997368,3.60078477859497
1816.97098529402,0.0215086322277784,3.60094666481018
1817.98496820211,0.0193491447716951,3.60094666481018
1819.00032211538,0.0222284607589245,3.60078477859497
1820.01296480751,0.0218685455620289,3.60062289237976
1821.02690737109,0.0211487170308828,3.60094666481018
1822.04090089616,0.0197090581059456,3.60094666481018
1823.05488345034,0.0243879482150078,3.60078477859497
1824.06886211164,0.0207888018339872,3.60094666481018
1825.08284785092,0.0204288884997368,3.60078477859497
1826.09818973163,0.0211487170308828,3.60078477859497
1827.11082109898,0.0233082044869661,3.60078477859497
1828.14243773847,0.0247478634119034,3.60094666481018
1829.1559602238,0.0175495706498623,3.60094666481018
1830.16956304424,0.0197090581059456,3.60078477859497
1831.18354241334,0.0207888018339872,3.60078477859497
1832.19756212693,0.0222284607589245,3.60078477859497
1833.21150752171,0.0225883759558201,3.60078477859497
1834.22554634586,0.0207888018339872,3.60078477859497
1835.23950023422,0.0207888018339872,3.60078477859497
1836.25364275081,0.0200689733028412,3.60078477859497
1837.26743596897,0.0200689733028412,3.60078477859497
1838.28163475552,0.0236681196838617,3.60094666481018
1839.29543257437,0.0215086322277784,3.60078477859497
1840.30954784073,0.0211487170308828,3.60094666481018
1841.32340440683,0.0215086322277784,3.60078477859497
1842.33615928498,0.0204288884997368,3.60078477859497
1843.35015316394,0.0189892295747995,3.60078477859497
1844.36413288694,0.0200689733028412,3.60078477859497
1845.37812181131,0.0197090581059456,3.60078477859497
1846.39210153431,0.0157499983906746,3.60078477859497
1847.40608479629,0.0197090581059456,3.60078477859497
1848.42002559039,0.0197090581059456,3.60094666481018
1849.43525847016,0.0207888018339872,3.60094666481018
1850.44941832781,0.0222284607589245,3.60094666481018
1851.46322145515,0.0197090581059456,3.60078477859497
1852.47723833755,0.0193491447716951,3.60078477859497
1853.49120001169,0.0200689733028412,3.60062289237976
1854.50517017941,0.0215086322277784,3.60094666481018
1855.51916724346,0.0197090581059456,3.60094666481018
1856.5333713385,0.0218685455620289,3.60078477859497
1857.54750606931,0.0186293143779039,3.60078477859497
1858.56129114779,0.0207888018339872,3.60094666481018
1859.57535262148,0.0197090581059456,3.60078477859497
1860.58929837017,0.0204288884997368,3.60078477859497
1861.59558255682,0.0211487170308828,3.60094666481018
1862.60046353347,0.0175495706498623,3.60078477859497
1863.61436433696,0.0207888018339872,3.60094666481018
1864.62820179251,0.0197090581059456,3.60094666481018
1865.64232484465,0.0168297421187162,3.60094666481018
1866.65630987613,0.0200689733028412,3.60094666481018
1867.67014839338,0.0168297421187162,3.60094666481018
1868.68414156454,0.0164698269218206,3.60078477859497
1869.69811173226,0.0171896573156118,3.60078477859497
1870.7121172899,0.0204288884997368,3.60094666481018
1871.72608108743,0.0193491447716951,3.60094666481018
1872.74006541112,0.0215086322277784,3.60078477859497
1873.75405327379,0.0197090581059456,3.60094666481018
1874.76802131812,0.0189892295747995,3.60094666481018
1875.78337841648,0.0182694010436535,3.60078477859497
1876.79599916686,0.0186293143779039,3.60078477859497
1877.80998490614,0.0193491447716951,3.60094666481018
1878.82390552799,0.0197090581059456,3.60094666481018
1879.8379585081,0.0218685455620289,3.60094666481018
1880.85192973752,0.0197090581059456,3.60094666481018
1881.8659137073,0.0179094858467579,3.60078477859497
1882.8812594809,0.0186293143779039,3.60078477859497
1883.89387987738,0.0197090581059456,3.60078477859497
1884.90826233757,0.0189892295747995,3.60078477859497
1885.92185241764,0.0161099135875702,3.60094666481018
1886.93582895554,0.0193491447716951,3.60078477859497
1887.94981717212,0.0189892295747995,3.60078477859497
1888.96380786599,0.0153900841251016,3.60078477859497
1889.97912072696,0.0121508529409766,3.60078477859497
1890.99175563331,0.0179094858467579,3.60094666481018
1892.00573995699,0.0186293143779039,3.60094666481018
1893.01973418985,0.0193491447716951,3.60078477859497
1894.03391811264,0.0197090581059456,3.60094666481018
1895.04762851841,0.0168297421187162,3.60078477859497
1896.06169388499,0.0164698269218206,3.60078477859497
1897.07700816156,0.0175495706498623,3.60078477859497
1898.08967173374,0.0171896573156118,3.60078477859497
1899.10361925191,0.0182694010436535,3.60094666481018
1900.1176032217,0.0193491447716951,3.60078477859497
1901.13160630204,0.0193491447716951,3.60078477859497
1902.14561256747,0.0193491447716951,3.60094666481018
1903.15956504023,0.0200689733028412,3.60094666481018
1904.17489064157,0.0189892295747995,3.60078477859497
1905.18752484012,0.0175495706498623,3.60094666481018
1906.20152013468,0.0175495706498623,3.60094666481018
1907.21549525699,0.0189892295747995,3.60094666481018
1908.22947639558,0.0193491447716951,3.60094666481018
1909.24345434908,0.0193491447716951,3.60094666481018
1910.25764251866,0.0193491447716951,3.60078477859497
1911.27276993649,0.0182694010436535,3.60094666481018
1912.2854186449,0.0168297421187162,3.60078477859497
1913.29940827708,0.0161099135875702,3.60078477859497
1914.3134587799,0.0164698269218206,3.60078477859497
1915.32734436573,0.0193491447716951,3.60078477859497
1916.34134886166,0.0153900841251016,3.60078477859497
1917.35529461034,0.0143103403970599,3.60094666481018
1918.37067329655,0.0125107672065496,3.60094666481018
1919.38327918317,0.0179094858467579,3.60078477859497
1920.39728863369,0.0182694010436535,3.60094666481018
1921.4112237654,0.0175495706498623,3.60094666481018
1922.42526400514,0.0168297421187162,3.60094666481018
1923.43921435451,0.0168297421187162,3.60094666481018
1924.45317390526,0.0179094858467579,3.60094666481018
1925.46853029583,0.0171896573156118,3.60078477859497
1926.48116484827,0.0150301698595285,3.60078477859497
1927.49512935361,0.0175495706498623,3.60094666481018
1928.50917950253,0.0164698269218206,3.60078477859497
1929.52309375419,0.0175495706498623,3.60094666481018
1930.537109221,0.0161099135875702,3.60078477859497
1931.55107832702,0.0175495706498623,3.60094666481018
1932.56643330199,0.0179094858467579,3.60094666481018
1933.5790409581,0.0168297421187162,3.60078477859497
1934.59304686963,0.0179094858467579,3.60078477859497
1935.60700535868,0.0193491447716951,3.60094666481018
1936.6210172865,0.0186293143779039,3.60078477859497
1937.63498002234,0.0164698269218206,3.60094666481018
1938.64896611552,0.0168297421187162,3.60094666481018
1939.6642779148,0.0168297421187162,3.60094666481018
1940.67695564293,0.0175495706498623,3.60110855102539
1941.69088440446,0.0164698269218206,3.60078477859497
1942.70492853709,0.0157499983906746,3.60094666481018
1943.71886048371,0.0150301698595285,3.60094666481018
1944.73287453492,0.0193491447716951,3.60110855102539
1945.74681462121,0.0153900841251016,3.60094666481018
1946.76219932371,0.0125107672065496,3.60094666481018
1947.77480521033,0.0175495706498623,3.60078477859497
1948.78881536865,0.0179094858467579,3.60094666481018
1949.80279084485,0.0161099135875702,3.60078477859497
1950.81677198345,0.0164698269218206,3.60078477859497
1951.83281069152,0.0157499983906746,3.60078477859497
1952.84475089389,0.0175495706498623,3.60094666481018
1953.86004535211,0.0157499983906746,3.60094666481018
1954.87271423277,0.0150301698595285,3.60078477859497
1955.8866422865,0.0153900841251016,3.60094666481018
1956.90099395747,0.0164698269218206,3.60078477859497
1957.91496200179,0.0157499983906746,3.60094666481018
1958.92864374173,0.0164698269218206,3.60094666481018
1959.94260966266,0.0168297421187162,3.60094666481018
1960.95796534543,0.0157499983906746,3.60078477859497
1961.97058149512,0.0182694010436535,3.60094666481018
1962.9845707734,0.0168297421187162,3.60094666481018
1963.99853563263,0.0179094858467579,3.60094666481018
1965.01255853132,0.0161099135875702,3.60078477859497
1966.02650640339,0.0164698269218206,3.60094666481018
1967.04049922066,0.0168297421187162,3.60094666481018
1968.05585844242,0.0168297421187162,3.60094666481018
1969.06846999142,0.0168297421187162,3.60094666481018
1970.08242281808,0.0153900841251016,3.60078477859497
1971.09643863879,0.0125107672065496,3.60078477859497
1972.11059920423,0.0153900841251016,3.60094666481018
1973.12440516276,0.0179094858467579,3.60078477859497
1974.13836577521,0.0143103403970599,3.60094666481018
1975.15377312725,0.011071109212935,3.60078477859497
1976.16633583817,0.0153900841251016,3.60094666481018
1977.1803428114,0.0164698269218206,3.60094666481018
1978.19431014793,0.0146702546626329,3.60094666481018
1979.20832809203,0.0153900841251016,3.60078477859497
1980.22229188956,0.0125107672065496,3.60094666481018
1981.23626630407,0.0153900841251016,3.60078477859497
1982.25161738616,0.0153900841251016,3.60078477859497
1983.26424132163,0.0135905109345913,3.60062289237976
1984.27818388522,0.0164698269218206,3.60078477859497
1985.2922103229,0.0175495706498623,3.60078477859497
1986.30624631585,0.0175495706498623,3.60078477859497
1987.32017224618,0.0153900841251016,3.60094666481018
1988.33412188775,0.0161099135875702,3.60078477859497
1989.34948075562,0.0143103403970599,3.60078477859497
1990.36211778535,0.0139504261314869,3.60094666481018
1991.37609892395,0.0128706824034452,3.60078477859497
1992.39007192286,0.0153900841251016,3.60094666481018
1993.40408031168,0.0139504261314869,3.60094666481018
1994.41803632344,0.0150301698595285,3.60078477859497
1995.43203232579,0.0143103403970599,3.60094666481018
1996.44735014136,0.0153900841251016,3.60078477859497
1997.46000592775,0.0153900841251016,3.60094666481018
1998.47398565075,0.0143103403970599,3.60078477859497
1999.48797528292,0.0139504261314869,3.60078477859497
2000.50215177383,0.0161099135875702,3.60094666481018
2001.51593472891,0.0146702546626329,3.60078477859497
2002.52990772782,0.0150301698595285,3.60078477859497
2003.54525491702,0.0146702546626329,3.60094666481018
2004.55788876166,0.0150301698595285,3.60078477859497
2005.57187874773,0.0153900841251016,3.60094666481018
2006.58583405169,0.0150301698595285,3.60078477859497
2007.60005867288,0.0143103403970599,3.60078477859497
2008.63150968758,0.0161099135875702,3.60078477859497
2009.64462377333,0.0153900841251016,3.60094666481018
2010.65855571994,0.0150301698595285,3.60094666481018
2011.67258003423,0.0143103403970599,3.60110855102539
2012.68656365011,0.0146702546626329,3.60078477859497
2013.70073023184,0.0139504261314869,3.60094666481018
2014.71448876789,0.0146702546626329,3.60094666481018
2015.72851945236,0.0139504261314869,3.60094666481018
2016.74255650701,0.0168297421187162,3.60078477859497
2017.75646226509,0.0161099135875702,3.60094666481018
2018.77042641653,0.0168297421187162,3.60094666481018
2019.78446488678,0.0139504261314869,3.60078477859497
2020.79857272126,0.0146702546626329,3.60078477859497
2021.81247954103,0.0139504261314869,3.60094666481018
2022.82638069843,0.0135905109345913,3.60078477859497
2023.84040395101,0.0161099135875702,3.60078477859497
2024.85432492675,0.0146702546626329,3.60094666481018
2025.86833579287,0.0128706824034452,3.60094666481018
2026.88233568812,0.011071109212935,3.60094666481018
2027.89649306847,0.0132305966690183,3.60094666481018
2028.9106617736,0.0153900841251016,3.60094666481018
2029.92429184427,0.0150301698595285,3.60078477859497
2030.93826908997,0.0150301698595285,3.60094666481018
2031.95224492007,0.0153900841251016,3.60078477859497
2032.96627878963,0.0135905109345913,3.60078477859497
2033.98023869428,0.0153900841251016,3.60078477859497
2034.99434759045,0.0146702546626329,3.60094666481018
2036.00820521825,0.0157499983906746,3.60078477859497
2037.02215804492,0.0164698269218206,3.60078477859497
2038.03620005416,0.0135905109345913,3.60094666481018
2039.05011501362,0.0132305966690183,3.60078477859497
2040.06411384716,0.0135905109345913,3.60078477859497
2041.07808755388,0.0135905109345913,3.60094666481018
2042.09165958509,0.0139504261314869,3.60094666481018
2043.10603107441,0.0135905109345913,3.60094666481018
2044.12004654121,0.0153900841251016,3.60094666481018
2045.13405139105,0.0153900841251016,3.60078477859497
2046.14799395464,0.0146702546626329,3.60078477859497
2047.16197544713,0.0157499983906746,3.60094666481018
2048.17598949834,0.0161099135875702,3.60078477859497
2049.19012139796,0.0153900841251016,3.60094666481018
2050.20393620396,0.0135905109345913,3.60094666481018
2051.21790707948,0.0132305966690183,3.60078477859497
2052.23198589423,0.0153900841251016,3.60094666481018
2053.24587218786,0.0157499983906746,3.60078477859497
2054.25992764527,0.0146702546626329,3.60094666481018
2055.27386419257,0.0153900841251016,3.60078477859497
2056.28800706306,0.0143103403970599,3.60094666481018
2057.3020083739,0.0150301698595285,3.60094666481018
2058.31581079344,0.0125107672065496,3.60094666481018
2059.32986094236,0.011071109212935,3.60078477859497
2060.34390896789,0.0135905109345913,3.60094666481018
2061.35781684936,0.0164698269218206,3.60094666481018
2062.37176719873,0.0153900841251016,3.60094666481018
2063.38589980615,0.0132305966690183,3.60094666481018
2064.39908750291,0.0139504261314869,3.60094666481018
2065.41368690327,0.0135905109345913,3.60094666481018
2066.42771263315,0.0125107672065496,3.60094666481018
2067.44163750178,0.0135905109345913,3.60094666481018
2068.45568411171,0.011071109212935,3.60094666481018
2069.46965003264,0.0096314512193203,3.60078477859497
2070.48377980886,0.011071109212935,3.60062289237976
2071.49756276395,0.0125107672065496,3.60078477859497
2072.51159203282,0.0143103403970599,3.60078477859497
2073.52556432394,0.0132305966690183,3.60078477859497
2074.53954970932,0.0161099135875702,3.60094666481018
2075.55299893754,0.0143103403970599,3.60078477859497
2076.56751057091,0.0139504261314869,3.60094666481018
2077.58166618177,0.0125107672065496,3.60094666481018
2078.59553230315,0.0121508529409766,3.60078477859497
2079.60945858737,0.0125107672065496,3.60078477859497
2080.62346131381,0.0146702546626329,3.60078477859497
2081.6374028157,0.0143103403970599,3.60078477859497
2082.65138713939,0.0143103403970599,3.60110855102539
2083.66539021973,0.0132305966690183,3.60094666481018
2084.67956458724,0.0135905109345913,3.60078477859497
2085.69333657145,0.0135905109345913,3.60078477859497
2086.70740406143,0.0139504261314869,3.60078477859497
2087.72134662502,0.0103512806817889,3.60078477859497
2088.73532068563,0.0135905109345913,3.60078477859497
2089.74930323982,0.011431023478508,3.60094666481018
2090.76328473231,0.00999136548489332,3.60078477859497
2091.77743928147,0.00927153695374727,3.60078477859497
2092.7912463017,0.0143103403970599,3.60094666481018
2093.8053024669,0.0139504261314869,3.60094666481018
2094.81927334242,0.0150301698595285,3.60094666481018
2095.83317343811,0.0125107672065496,3.60094666481018
2096.84717368726,0.0128706824034452,3.60078477859497
2097.86116862792,0.0117909386754036,3.60094666481018
2098.8753139757,0.0135905109345913,3.60078477859497
2099.8891305512,0.0125107672065496,3.60094666481018
2100.90353884603,0.0128706824034452,3.60094666481018
2101.9171268027,0.0139504261314869,3.60094666481018
2102.9310661812,0.0146702546626329,3.60078477859497
2103.94508200191,0.0121508529409766,3.60078477859497
2104.95906703339,0.0135905109345913,3.60078477859497
2105.97322476764,0.0125107672065496,3.60078477859497
2106.98700772273,0.0121508529409766,3.60094666481018
2108.00098355283,0.0121508529409766,3.60094666481018
2109.01527010637,0.0135905109345913,3.60094666481018
2110.02894830731,0.0132305966690183,3.60094666481018
2111.04244212682,0.0135905109345913,3.60094666481018
2112.05697605584,0.0135905109345913,3.60078477859497
2113.07108424421,0.0135905109345913,3.60094666481018
2114.08488029356,0.0132305966690183,3.60094666481018
2115.09887558812,0.0135905109345913,3.60094666481018
2116.11287548337,0.0125107672065496,3.60094666481018
2117.12684600499,0.0132305966690183,3.60094666481018
2118.14082431239,0.0153900841251016,3.60078477859497
2119.15486207484,0.0143103403970599,3.60078477859497
2120.16896283133,0.0143103403970599,3.60078477859497
2121.18276489697,0.0121508529409766,3.60078477859497
2122.19675912983,0.0103512806817889,3.60078477859497
2123.21028550806,0.0117909386754036,3.60078477859497
2124.21951838217,0.0117909386754036,3.60094666481018
2125.22252758638,0.0153900841251016,3.60110855102539
2126.22457029209,0.0150301698595285,3.60094666481018
2127.2336467428,0.0125107672065496,3.60094666481018
2128.23461890368,0.0128706824034452,3.60078477859497
2129.25568085584,0.0143103403970599,3.60094666481018
2130.26671436867,0.0117909386754036,3.60094666481018
2131.27383446504,0.0139504261314869,3.60094666481018
2132.2826490304,0.0117909386754036,3.60094666481018
2133.28587835986,0.0139504261314869,3.60094666481018
2134.28798335182,0.0132305966690183,3.60078477859497
2135.29800223588,0.0117909386754036,3.60078477859497
2136.30795812589,0.0121508529409766,3.60094666481018
2137.31098856405,0.0125107672065496,3.60094666481018
2138.32206808376,0.0128706824034452,3.60094666481018
2139.32907387072,0.011431023478508,3.60078477859497
2140.33911823551,0.0125107672065496,3.60094666481018
2141.34601714494,0.0125107672065496,3.60078477859497
2142.35117840969,0.0132305966690183,3.60094666481018
2143.35440880085,0.0135905109345913,3.60094666481018
2144.36837755297,0.0128706824034452,3.60094666481018
2145.37132836382,0.0128706824034452,3.60110855102539
2146.38241496152,0.0135905109345913,3.60094666481018
2147.38338252171,0.0128706824034452,3.60078477859497
2148.38942605697,0.011071109212935,3.60078477859497
2149.3925046254,0.0117909386754036,3.60078477859497
2150.40252350946,0.0117909386754036,3.60094666481018
2151.41256079627,0.0128706824034452,3.60078477859497
2152.41467251231,0.0125107672065496,3.60078477859497
2153.41965010342,0.011431023478508,3.60094666481018
2154.42765423979,0.0125107672065496,3.60110855102539
2155.43675475564,0.011431023478508,3.60078477859497
2156.43775982914,0.0125107672065496,3.60094666481018
2157.44577953707,0.0121508529409766,3.60094666481018
2158.44582448226,0.0132305966690183,3.60094666481018
2159.45586672366,0.0139504261314869,3.60094666481018
2160.45993868692,0.0121508529409766,3.60078477859497
2161.46599602424,0.0121508529409766,3.60078477859497
2162.46800086275,0.0117909386754036,3.60078477859497
2163.47811246837,0.0121508529409766,3.60078477859497
2164.48907555528,0.0121508529409766,3.60094666481018
2165.49116851467,0.0125107672065496,3.60078477859497
2166.49616981702,0.0121508529409766,3.60094666481018
2167.49817925622,0.011431023478508,3.60094666481018
2168.50227953141,0.011431023478508,3.60094666481018
2169.51369348579,0.011431023478508,3.60094666481018
2170.52331494114,0.011431023478508,3.60094666481018
2171.53032886778,0.011431023478508,3.60078477859497
2172.53843598879,0.0103512806817889,3.60094666481018
2173.54940438418,0.011071109212935,3.60078477859497
2174.55449026842,0.011071109212935,3.60094666481018
2175.55449239182,0.011071109212935,3.60094666481018
2176.56455126648,0.0107111949473619,3.60094666481018
2177.57584206397,0.011071109212935,3.60094666481018
2178.57956154371,0.0103512806817889,3.60094666481018
2179.59065415769,0.011431023478508,3.60094666481018
2180.59854858534,0.00999136548489332,3.60094666481018
2181.60174287878,0.0121508529409766,3.60094666481018
2182.60275892315,0.011431023478508,3.60094666481018
2183.60585518655,0.0117909386754036,3.60094666481018
2184.61381190044,0.0107111949473619,3.60078477859497
2185.62634382214,0.0096314512193203,3.60078477859497
2186.6402955871,0.011071109212935,3.60078477859497
2187.65566790313,0.00999136548489332,3.60078477859497
2188.67473917275,0.0117909386754036,3.60078477859497
2189.68503445202,0.0135905109345913,3.60094666481018
2190.69106312351,0.011431023478508,3.60078477859497
2191.69812588823,0.011071109212935,3.60094666481018
2192.70012117146,0.0117909386754036,3.60094666481018
2193.70723100476,0.011431023478508,3.60094666481018
2194.7072954144,0.0107111949473619,3.60094666481018
2195.71328940378,0.007471963763237,3.60094666481018
2196.72134768672,0.0103512806817889,3.60094666481018
2197.72959389009,0.0107111949473619,3.60078477859497
2198.74495983593,0.0096314512193203,3.60094666481018
2199.75757103103,0.00855170749127865,3.60078477859497
2200.77153978316,0.00783187802881002,3.60094666481018
2201.78553189262,0.007471963763237,3.60094666481018
2202.80094419925,0.011071109212935,3.60110855102539
2203.81351186476,0.0117909386754036,3.60078477859497
2204.82749300336,0.0121508529409766,3.60094666481018
2205.8430189116,0.0117909386754036,3.60094666481018
2206.85544324797,0.011071109212935,3.60094666481018
2207.86943075675,0.00891162175685167,3.60078477859497
2208.8834264052,0.00999136548489332,3.60078477859497
2209.89778904705,0.0107111949473619,3.60110855102539
2210.91137523422,0.011071109212935,3.60094666481018
2211.92537229828,0.0125107672065496,3.60078477859497
2212.95771018417,0.0139504261314869,3.60094666481018
2213.96893303303,0.0096314512193203,3.60094666481018
2214.98290567804,0.00999136548489332,3.60078477859497
2215.99827233168,0.00999136548489332,3.60110855102539
2217.01089732885,0.00999136548489332,3.60094666481018
2218.02486183419,0.0107111949473619,3.60094666481018
2219.03884757347,0.0096314512193203,3.60078477859497
2220.05281915678,0.0117909386754036,3.60094666481018
2221.06682754561,0.011071109212935,3.60094666481018
2222.0808076225,0.0107111949473619,3.60094666481018
2223.0961523344,0.0107111949473619,3.60094666481018
2224.10875114304,0.011071109212935,3.60078477859497
2225.12274608369,0.011431023478508,3.60094666481018
2226.13674597894,0.0107111949473619,3.60094666481018
2227.15071331547,0.0107111949473619,3.60078477859497
2228.16469410016,0.0117909386754036,3.60094666481018
2229.17869045641,0.0132305966690183,3.60094666481018
2230.19404790868,0.011431023478508,3.60094666481018
2231.20680455632,0.0107111949473619,3.60094666481018
2232.22063351829,0.0107111949473619,3.60078477859497
2233.2346097023,0.00999136548489332,3.60094666481018
2234.24864286406,0.0096314512193203,3.60078477859497
2235.26263285013,0.00927153695374727,3.60094666481018
2236.27655878046,0.011431023478508,3.60094666481018
2237.29192437241,0.0121508529409766,3.60078477859497
2238.30476489414,0.0121508529409766,3.60078477859497
2239.3185159983,0.00999136548489332,3.60078477859497
2240.33248935112,0.011431023478508,3.60094666481018
2241.34649597045,0.00999136548489332,3.60078477859497
2242.36046896936,0.00783187802881002,3.60078477859497
2243.37444940015,0.0107111949473619,3.60094666481018
2244.38978986526,0.0132305966690183,3.60094666481018
2245.40241309293,0.0107111949473619,3.60094666481018
2246.40292199987,0.0121508529409766,3.60094666481018
2247.41478576003,0.00891162175685167,3.60078477859497
2248.4301432123,0.0107111949473619,3.60094666481018
2249.44274945281,0.0096314512193203,3.60094666481018
2250.456732007,0.0096314512193203,3.60078477859497
2251.47070748321,0.011071109212935,3.60078477859497
2252.48469322249,0.0107111949473619,3.60078477859497
2253.49869099434,0.0103512806817889,3.60078477859497
2254.51266965564,0.0107111949473619,3.60078477859497
2255.52801790653,0.00927153695374727,3.60094666481018
2256.54062237755,0.011431023478508,3.60094666481018
2257.55462333449,0.0107111949473619,3.60110855102539
2258.56859244051,0.0103512806817889,3.60078477859497
2259.58258561168,0.0096314512193203,3.60094666481018
2260.59658196793,0.011431023478508,3.60094666481018
2261.61054151868,0.00999136548489332,3.60094666481018
2262.62590569503,0.0121508529409766,3.60078477859497
2263.63853210779,0.00891162175685167,3.60078477859497
2264.65249979822,0.0107111949473619,3.60078477859497
2265.66647173543,0.0107111949473619,3.60078477859497
2266.68046596829,0.0107111949473619,3.60078477859497
2267.69442976583,0.0121508529409766,3.60094666481018
2268.70844169365,0.00999136548489332,3.60094666481018
2269.72375597022,0.00891162175685167,3.60094666481018
2270.73659436856,0.0103512806817889,3.60094666481018
2271.7503536124,0.00819179322570562,3.60078477859497
2272.76435704664,0.00675213476642966,3.60094666481018
2273.77832473706,0.00639222003519535,3.60094666481018
2274.79232640181,0.00927153695374727,3.60078477859497
2275.80628205966,0.00927153695374727,3.60094666481018
2276.82164623601,0.0117909386754036,3.60094666481018
2277.83422558019,0.0125107672065496,3.60078477859497
2278.84845834106,0.0107111949473619,3.60094666481018
2279.86229154982,0.0117909386754036,3.60094666481018
2280.87622845102,0.0103512806817889,3.60094666481018
2281.89018304718,0.0096314512193203,3.60078477859497
2282.90459841999,0.0096314512193203,3.60094666481018
2283.91949332611,0.0096314512193203,3.60094666481018
2284.93215725218,0.0121508529409766,3.60094666481018
2285.94611503343,0.0103512806817889,3.60078477859497
2286.96010006492,0.0103512806817889,3.60078477859497
2287.9742457666,0.00999136548489332,3.60094666481018
2288.98808923844,0.0103512806817889,3.60094666481018
2290.0020406495,0.0096314512193203,3.60094666481018
2291.01743915407,0.00819179322570562,3.60094666481018
2292.0299986799,0.00927153695374727,3.60094666481018
2293.04400848432,0.00891162175685167,3.60078477859497
2294.05798289883,0.00567239103838801,3.60078477859497
2295.07197642389,0.00567239103838801,3.60094666481018
2296.08593208175,0.00783187802881002,3.60094666481018
2297.09997550658,0.0107111949473619,3.60078477859497
2298.11537648844,0.0107111949473619,3.60094666481018
2299.12791442643,0.011071109212935,3.60078477859497
2300.14186831479,0.011071109212935,3.60110855102539
2301.1558813043,0.0096314512193203,3.60094666481018
2302.16981608211,0.00819179322570562,3.60078477859497
2303.18384145809,0.00819179322570562,3.60078477859497
2304.19783215196,0.00891162175685167,3.60078477859497
2305.21318889643,0.00999136548489332,3.60078477859497
2306.22577673419,0.00999136548489332,3.60094666481018
2307.23976565856,0.00999136548489332,3.60094666481018
2308.25373405679,0.00891162175685167,3.60078477859497
2309.26775377038,0.0096314512193203,3.60078477859497
2310.28170695094,0.0121508529409766,3.60094666481018
2311.29581053863,0.0103512806817889,3.60078477859497
2312.31102855465,0.00783187802881002,3.60094666481018
2313.31983321083,0.0103512806817889,3.60094666481018
2314.32204932711,0.00999136548489332,3.60094666481018
2315.33604179047,0.00999136548489332,3.60094666481018
2316.35139641155,0.0107111949473619,3.60110855102539
2317.36403237959,0.0096314512193203,3.60078477859497
2318.37797918997,0.00891162175685167,3.60094666481018
2319.39197519232,0.00927153695374727,3.60094666481018
2320.40599313642,0.00783187802881002,3.60094666481018
2321.41994490139,0.00603230576962233,3.60078477859497
2322.4339164847,0.0053124763071537,3.60094666481018
2323.44931251197,0.0096314512193203,3.60094666481018
2324.4618738073,0.00855170749127865,3.60094666481018
2325.47587688764,0.0117909386754036,3.60094666481018
2326.48984811706,0.00999136548489332,3.60110855102539
2327.50387809373,0.00891162175685167,3.60078477859497
2328.51781499493,0.00891162175685167,3.60078477859497
2329.53180816609,0.00999136548489332,3.60094666481018
2330.54716844955,0.0117909386754036,3.60062289237976
2331.55977787516,0.00855170749127865,3.60078477859497
2332.57375582866,0.00891162175685167,3.60094666481018
2333.58774298354,0.0107111949473619,3.60094666481018
2334.60171704415,0.0117909386754036,3.60094666481018
2335.61572684857,0.00999136548489332,3.60094666481018
2336.62967542844,0.00495256204158068,3.60094666481018
2337.64505906924,0.00999136548489332,3.60094666481018
2338.65766212467,0.0107111949473619,3.60094666481018
2339.67163512358,0.00927153695374727,3.60094666481018
2340.68561520047,0.0103512806817889,3.60094666481018
2341.69961969641,0.0096314512193203,3.60094666481018
2342.71359588041,0.00783187802881002,3.60094666481018
2343.72757631121,0.00783187802881002,3.60078477859497
2344.742924916,0.00891162175685167,3.60094666481018
2345.75554071179,0.00999136548489332,3.60078477859497
2346.75848833755,0.0096314512193203,3.60094666481018
2347.76791373278,0.0117909386754036,3.60078477859497
2348.78327684744,0.00927153695374727,3.60094666481018
2349.79589547442,0.00999136548489332,3.60094666481018
2350.80986245705,0.00927153695374727,3.60110855102539
2351.82385315092,0.00999136548489332,3.60078477859497
2352.8378371207,0.00819179322570562,3.60094666481018
2353.8518168437,0.0125107672065496,3.60094666481018
2354.86579869009,0.0103512806817889,3.60078477859497
2355.88116392814,0.00675213476642966,3.60078477859497
2356.89432755976,0.00495256204158068,3.60078477859497
2357.90811440774,0.0103512806817889,3.60094666481018
2358.92173032244,0.0103512806817889,3.60094666481018
2359.9357259709,0.00999136548489332,3.60094666481018
2360.94969578472,0.00927153695374727,3.60094666481018
2361.96369355657,0.0103512806817889,3.60094666481018
2362.97903826847,0.00999136548489332,3.60078477859497
2363.99164521678,0.00819179322570562,3.60094666481018
2365.00579339576,0.007471963763237,3.60094666481018
2366.01962695842,0.00891162175685167,3.60094666481018
2367.03360349632,0.00891162175685167,3.60094666481018
2368.04758003423,0.00891162175685167,3.60094666481018
2369.06155798773,0.00855170749127865,3.60110855102539
2370.07692676477,0.00855170749127865,3.60110855102539
2371.08954716125,0.00891162175685167,3.60094666481018
2372.10352016016,0.00819179322570562,3.60094666481018
2373.11750023705,0.00999136548489332,3.60078477859497
2374.13148703803,0.00999136548489332,3.60094666481018
2375.14546888442,0.00999136548489332,3.60094666481018
2376.1594546237,0.00927153695374727,3.60094666481018
2377.17481561496,0.00891162175685167,3.60094666481018
2378.18741548529,0.00891162175685167,3.60078477859497
2379.20141785783,0.00855170749127865,3.60078477859497
2380.21540642831,0.00711204949766397,3.60094666481018
2381.22937022584,0.007471963763237,3.60094666481018
2382.24337224448,0.00495256204158068,3.60094666481018
2383.2572634927,0.00639222003519535,3.60094666481018
2384.27267863052,0.00819179322570562,3.60094666481018
2385.28531672196,0.00783187802881002,3.60094666481018
2386.29946136194,0.0096314512193203,3.60094666481018
2387.31326908997,0.00891162175685167,3.60094666481018
2388.32752131529,0.00891162175685167,3.60094666481018
2389.34123242885,0.00999136548489332,3.60094666481018
2390.35522489221,0.0096314512193203,3.60094666481018
2391.37057703599,0.00819179322570562,3.60094666481018
2392.38319070839,0.00855170749127865,3.60078477859497
2393.39735198163,0.00711204949766397,3.60094666481018
2394.41107937456,0.0096314512193203,3.60094666481018
2395.42515358862,0.00459264731034636,3.60094666481018
2396.43911136987,0.0053124763071537,3.60110855102539
2397.45309392406,0.00819179322570562,3.60094666481018
2398.46843828206,0.011071109212935,3.60094666481018
2399.48109725354,0.0096314512193203,3.60094666481018
2400.49502424557,0.00783187802881002,3.60094666481018
2401.50904218967,0.00711204949766397,3.60094666481018
2402.52301129569,0.00927153695374727,3.60110855102539
2403.53699491158,0.0096314512193203,3.60110855102539
2404.5509668488,0.00783187802881002,3.60094666481018
2405.56634022652,0.00783187802881002,3.60094666481018
2406.57892452529,0.00855170749127865,3.60094666481018
2407.5928992937,0.0103512806817889,3.60094666481018
2408.60686132174,0.0103512806817889,3.60094666481018
2409.62088917502,0.0107111949473619,3.60094666481018
2410.63486252783,0.00819179322570562,3.60094666481018
2411.64885569899,0.007471963763237,3.60094666481018
2412.66418731662,0.00819179322570562,3.60078477859497
2413.67681337549,0.00675213476642966,3.60094666481018
2414.6907853127,0.0053124763071537,3.60110855102539
2415.70480077951,0.00495256204158068,3.60094666481018
2416.71876174585,0.00459264731034636,3.60094666481018
2417.73276624179,0.00711204949766397,3.60094666481018
2418.746738179,0.00999136548489332,3.60094666481018
2419.76210801774,0.0096314512193203,3.60094666481018
2420.77467568325,0.00891162175685167,3.60094666481018
2421.78869185785,0.0107111949473619,3.60110855102539
2422.80267972053,0.0096314512193203,3.60094666481018
2423.81666156692,0.00819179322570562,3.60094666481018
2424.83060413051,0.00675213476642966,3.60094666481018
2425.84463410718,0.00711204949766397,3.60078477859497
2426.85994413697,0.00783187802881002,3.60078477859497
2427.87259956946,0.00819179322570562,3.60094666481018
2428.88657009108,0.00927153695374727,3.60094666481018
2429.9009412265,0.0096314512193203,3.60094666481018
2430.91453272216,0.011071109212935,3.60110855102539
2431.92853226351,0.00783187802881002,3.60094666481018
2432.94248509017,0.00675213476642966,3.60078477859497
2433.9578556367,0.00855170749127865,3.60094666481018
2434.97043391919,0.011071109212935,3.60110855102539
2435.98446177247,0.00999136548489332,3.60094666481018
2436.99842309271,0.00423273257911205,3.60094666481018
2438.01246439415,0.00423273257911205,3.60094666481018
2439.02636378205,0.00927153695374727,3.60094666481018
2440.04039340482,0.0096314512193203,3.60094666481018
2441.05573386993,0.00783187802881002,3.60110855102539
2442.06836842237,0.00711204949766397,3.60094666481018
2443.08234177518,0.00819179322570562,3.60110855102539
2444.09636679727,0.00783187802881002,3.60094666481018
2445.11030157508,0.00819179322570562,3.60094666481018
2446.12430500931,0.007471963763237,3.60094666481018
2447.13825889767,0.00927153695374727,3.60094666481018
2448.15363899948,0.00999136548489332,3.60110855102539
2449.16619994091,0.0107111949473619,3.60094666481018
2450.18023204098,0.0053124763071537,3.60094666481018
2451.19421459517,0.00819179322570562,3.60094666481018
2452.20819998055,0.00639222003519535,3.60078477859497
2453.22214466753,0.007471963763237,3.60094666481018
2454.23614562447,0.00243316008709371,3.60094666481018
2455.25147476481,0.00783187802881002,3.60078477859497
2456.26414576887,0.00783187802881002,3.60094666481018
2457.27808939415,0.007471963763237,3.60078477859497
2458.29219652083,0.00999136548489332,3.60110855102539
2459.30616845805,0.00927153695374727,3.60094666481018
2460.32005156658,0.007471963763237,3.60094666481018
2461.33401571802,0.00783187802881002,3.60078477859497
2462.34940219001,0.00711204949766397,3.60078477859497
2463.36196879382,0.00819179322570562,3.60078477859497
2464.37598072164,0.007471963763237,3.60094666481018
2465.38994558087,0.00819179322570562,3.60078477859497
2466.40396458667,0.00783187802881002,3.60094666481018
2467.41790644246,0.00927153695374727,3.60094666481018
2468.43194491271,0.00819179322570562,3.60094666481018
2469.44742941476,0.00783187802881002,3.60094666481018
2470.48467446584,0.00567239103838801,3.60078477859497
2471.48943157779,0.00783187802881002,3.60094666481018
2472.50481663419,0.00603230576962233,3.60078477859497
2473.5174246442,0.00639222003519535,3.60094666481018
2474.53143020183,0.0103512806817889,3.60094666481018
2475.54540143125,0.00819179322570562,3.60094666481018
2476.55938080035,0.00459264731034636,3.60094666481018
2477.57335415316,0.00351290358230472,3.60110855102539
2478.58736077249,0.00855170749127865,3.60094666481018
2479.60269309792,0.00855170749127865,3.60094666481018
2480.61533189715,0.00891162175685167,3.60094666481018
2481.62925676578,0.00783187802881002,3.60078477859497
2482.64329098924,0.00819179322570562,3.60094666481018
2483.65723956912,0.00819179322570562,3.60094666481018
2484.67126848409,0.007471963763237,3.60094666481018
2485.68521352498,0.00639222003519535,3.60094666481018
2486.70059716577,0.00927153695374727,3.60110855102539
2487.71320482189,0.00711204949766397,3.60094666481018
2488.72718242149,0.007471963763237,3.60094666481018
2489.74115860549,0.00783187802881002,3.60078477859497
2490.75517796519,0.00891162175685167,3.60078477859497
2491.76912123658,0.00891162175685167,3.60110855102539
2492.78312219352,0.00819179322570562,3.60094666481018
2493.79843965519,0.007471963763237,3.60094666481018
2494.8110876558,0.00855170749127865,3.60094666481018
2495.82502844989,0.0096314512193203,3.60110855102539
2496.83905099468,0.0096314512193203,3.60094666481018
2497.85301408442,0.007471963763237,3.60094666481018
2498.86702813563,0.00783187802881002,3.60094666481018
2499.88098167009,0.00783187802881002,3.60094666481018
2500.89669691437,0.00783187802881002,3.60094666481018
2501.90895244085,0.00819179322570562,3.60094666481018
2502.92295976798,0.00819179322570562,3.60094666481018
2503.93688499051,0.00711204949766397,3.60094666481018
2504.95094327911,0.007471963763237,3.60078477859497
2505.96489539798,0.007471963763237,3.60094666481018
2506.9789069719,0.0096314512193203,3.60094666481018
2507.99421381659,0.00891162175685167,3.60110855102539
2509.00685332362,0.00783187802881002,3.60094666481018
2510.0207987184,0.00927153695374727,3.60094666481018
2511.0348191398,0.00819179322570562,3.60094666481018
2512.04877161256,0.00783187802881002,3.60094666481018
2513.06279734244,0.007471963763237,3.60094666481018
2514.07672716566,0.00783187802881002,3.60094666481018
2515.092136995,0.00783187802881002,3.60078477859497
2516.10473014125,0.007471963763237,3.60094666481018
2517.1187275592,0.00603230576962233,3.60078477859497
2518.13269949641,0.007471963763237,3.60094666481018
2519.1466813428,0.00927153695374727,3.60094666481018
2520.16065363392,0.00783187802881002,3.60078477859497
2521.17465565256,0.00819179322570562,3.60078477859497
2522.18998691629,0.00999136548489332,3.60094666481018
2523.2026359786,0.00783187802881002,3.60094666481018
2524.21655483095,0.00855170749127865,3.60094666481018
2525.23058905441,0.00855170749127865,3.60110855102539
2526.24455320584,0.00783187802881002,3.60094666481018
2527.25856159467,0.00675213476642966,3.60110855102539
2528.27249071009,0.00855170749127865,3.60094666481018
2529.28788744516,0.00891162175685167,3.60094666481018
2530.3006826678,0.00639222003519535,3.60078477859497
2531.314500305,0.00891162175685167,3.60094666481018
2532.32844817708,0.0103512806817889,3.60094666481018
2533.34245090352,0.00495256204158068,3.60094666481018
2534.35641505495,0.00279307458549738,3.60094666481018
2535.37043759974,0.00819179322570562,3.60094666481018
2536.38576107769,0.0096314512193203,3.60078477859497
2537.39838607486,0.007471963763237,3.60094666481018
2538.41235659648,0.00603230576962233,3.60094666481018
2539.42635896902,0.00783187802881002,3.60110855102539
2540.44033126013,0.0096314512193203,3.60094666481018
2541.45429081088,0.00603230576962233,3.60094666481018
2542.46829035223,0.00783187802881002,3.60094666481018
2543.48365700587,0.00999136548489332,3.60094666481018
2544.49626006129,0.00891162175685167,3.60094666481018
2545.51025712535,0.00351290358230472,3.60094666481018
2546.52422021508,0.00603230576962233,3.60094666481018
2547.5382300195,0.00783187802881002,3.60078477859497
2548.55218957025,0.00891162175685167,3.60094666481018
2549.56617814072,0.007471963763237,3.60094666481018
2550.5815324079,0.00819179322570562,3.60094666481018
2551.59435594247,0.00927153695374727,3.60078477859497
2552.60813429687,0.00783187802881002,3.60110855102539
2553.62211543546,0.00675213476642966,3.60094666481018
2554.63610259034,0.00495256204158068,3.60094666481018
2555.65008372893,0.007471963763237,3.60110855102539
2556.66405849734,0.00495256204158068,3.60094666481018
2557.67961484091,0.00567239103838801,3.60078477859497
2558.69202608301,0.00639222003519535,3.60094666481018
2559.70601960808,0.007471963763237,3.60094666481018
2560.73779762556,0.00675213476642966,3.60078477859497
2561.74959343709,0.00783187802881002,3.60094666481018
2562.76355829633,0.00711204949766397,3.60078477859497
2563.7775475746,0.00819179322570562,3.60094666481018
2564.7915244664,0.00711204949766397,3.60078477859497
2565.80553214743,0.00675213476642966,3.60094666481018
2566.8194807273,0.00819179322570562,3.60094666481018
2567.83486224471,0.00855170749127865,3.60094666481018
2568.84742672513,0.00567239103838801,3.60078477859497
2569.86145245501,0.00603230576962233,3.60078477859497
2570.87538510942,0.00927153695374727,3.60078477859497
2571.88973961159,0.00819179322570562,3.60094666481018
2572.90368146738,0.00891162175685167,3.60094666481018
2573.91739824333,0.00927153695374727,3.60094666481018
2574.93270862701,0.00279307458549738,3.60094666481018
2575.94534140996,0.00783187802881002,3.60094666481018
2576.95931476277,0.00783187802881002,3.60078477859497
2577.97333306077,0.00711204949766397,3.60094666481018
2578.98743381727,0.00639222003519535,3.60094666481018
2580.00129852305,0.00783187802881002,3.60094666481018
2581.01524391783,0.00783187802881002,3.60094666481018
2582.03063463661,0.00639222003519535,3.60094666481018
2583.04322778286,0.00783187802881002,3.60094666481018
2584.05722095403,0.00855170749127865,3.60094666481018
2585.07118192037,0.00891162175685167,3.60094666481018
2586.08519915667,0.00243316008709371,3.60078477859497
2587.09916012301,0.00675213476642966,3.60094666481018
2588.11316992743,0.00783187802881002,3.60078477859497
2589.1271238158,0.00927153695374727,3.60094666481018
2590.14111946425,0.0053124763071537,3.60094666481018
2591.15508680078,0.00567239103838801,3.60094666481018
2592.16908704992,0.007471963763237,3.60094666481018
2593.18305650984,0.00783187802881002,3.60094666481018
2594.19699518054,0.00603230576962233,3.60094666481018
2595.21096711776,0.00855170749127865,3.60110855102539
2596.22638402508,0.00783187802881002,3.60110855102539
2597.23900406766,0.00495256204158068,3.60094666481018
2598.25299263813,0.00711204949766397,3.60094666481018
2599.26695112718,0.0096314512193203,3.60094666481018
2600.28122847934,0.00675213476642966,3.60094666481018
2601.29506274979,0.007471963763237,3.60078477859497
2602.30892603998,0.00783187802881002,3.60110855102539
2603.32427039798,0.00675213476642966,3.60094666481018
2604.33690388873,0.00675213476642966,3.60078477859497
2605.3508524686,0.00639222003519535,3.60094666481018
2606.36484634756,0.00603230576962233,3.60094666481018
2607.37882925565,0.007471963763237,3.60078477859497
2608.39282207291,0.00783187802881002,3.60094666481018
2609.40679861082,0.00567239103838801,3.60094666481018
2610.42210262432,0.00711204949766397,3.60094666481018
2611.43476513479,0.00819179322570562,3.60078477859497
2612.44875547476,0.00783187802881002,3.60110855102539
2613.46272564248,0.00927153695374727,3.60094666481018
2614.47672376823,0.00495256204158068,3.60110855102539
2615.49069110476,0.00711204949766397,3.60094666481018
2616.50468002913,0.00819179322570562,3.60094666481018
2617.52001730915,0.00783187802881002,3.60094666481018
2618.5326472609,0.00639222003519535,3.60078477859497
2619.54662981509,0.00783187802881002,3.60094666481018
2620.56061838557,0.00927153695374727,3.60078477859497
2621.57459775466,0.00603230576962233,3.60110855102539
2622.58859411092,0.00639222003519535,3.60094666481018
2623.60255720066,0.00999136548489332,3.60094666481018
2624.61792810109,0.0053124763071537,3.60094666481018
2625.63054460468,0.00243316008709371,3.60094666481018
2626.64452008088,0.00603230576962233,3.60094666481018
2627.65843043965,0.00891162175685167,3.60094666481018
2628.67248483536,0.00675213476642966,3.60110855102539
2629.68647092854,0.00711204949766397,3.60094666481018
2630.70046056072,0.00927153695374727,3.60094666481018
2631.71580137972,0.00639222003519535,3.60094666481018
2632.72842106841,0.00675213476642966,3.60094666481018
2633.74240609989,0.00603230576962233,3.60078477859497
2634.75638794628,0.00603230576962233,3.60094666481018
2635.77036059129,0.00711204949766397,3.60078477859497
2636.78434385328,0.00243316008709371,3.60094666481018
2637.79833525495,0.00711204949766397,3.60094666481018
2638.81370155469,0.00711204949766397,3.60094666481018
2639.82629470094,0.00603230576962233,3.60110855102539
2640.84029742738,0.00711204949766397,3.60078477859497
2641.85425874762,0.007471963763237,3.60094666481018
2642.86825085709,0.007471963763237,3.60094666481018
2643.88224402825,0.00855170749127865,3.60094666481018
2644.89654509164,0.00711204949766397,3.60094666481018
2645.91157766452,0.00639222003519535,3.60094666481018
2646.92418142774,0.00603230576962233,3.60094666481018
2647.04895917909,0.00711204949766397,3.60110855102539
2647.049527017,0.0079601788893342,3.60078477859497
2648.06658931913,0,3.60078477859497
2649.08191952117,0,3.60062289237976
2650.09450169654,0,3.60062289237976
2651.10851433215,0,3.60062289237976
2652.12254253933,0,3.60046076774597
2653.13650846026,0,3.60046076774597
2654.15049844633,0,3.60046076774597
2655.16449444869,0,3.60013699531555
2656.17984553077,0,3.60029888153076
2657.05337897282,0,3.60013699531555
2658.06652255587,0.0265474356710911,3.60078477859497
2659.08051501923,0.0164698269218206,3.60110855102539
2660.09448058627,0.0121508529409766,3.60094666481018
2661.10846490995,0.011071109212935,3.60110855102539
2662.12244215565,0.0096314512193203,3.60094666481018
2663.13643497292,0.00603230576962233,3.60094666481018
2664.15173473963,0.00783187802881002,3.60094666481018
2665.1643986657,0.00603230576962233,3.60078477859497
2666.17838794397,0.00783187802881002,3.60078477859497
2667.18603004154,0.00711204949766397,3.60094666481018
2668.19212559997,0.00567239103838801,3.60078477859497
2669.20595739313,0.0053124763071537,3.60094666481018
2670.21999586338,0.00927153695374727,3.60094666481018
2671.2340063756,0.00783187802881002,3.60078477859497
2672.24788594515,0.00819179322570562,3.60110855102539
2673.26194741884,0.0053124763071537,3.60110855102539
2674.27592855743,0.00639222003519535,3.60078477859497
2675.29005762586,0.00711204949766397,3.60078477859497
2676.30380023644,0.00891162175685167,3.60094666481018
2677.31794912322,0.00495256204158068,3.60094666481018
2678.33182232258,0.00603230576962233,3.60062289237976
2679.34576630177,0.00783187802881002,3.60094666481018
2680.36014239177,0.00675213476642966,3.60094666481018
2681.37406124412,0.00387281831353903,3.60094666481018
2682.38811599373,0.00927153695374727,3.60094666481018
2683.4019467252,0.00819179322570562,3.60110855102539
2684.41602377045,0.00171333085745573,3.60094666481018
2685.42998013611,0.00207324558869004,3.60094666481018
2686.44264618557,0.00783187802881002,3.60094666481018
2687.45646559227,0.00855170749127865,3.60094666481018
2688.47168927067,0.00567239103838801,3.60094666481018
2689.48598644117,0.007471963763237,3.60094666481018
2690.499591385,0.00639222003519535,3.60094666481018
2691.51371372934,0.00891162175685167,3.60094666481018
2692.52759436059,0.00603230576962233,3.60078477859497
2693.54154258656,0.00675213476642966,3.60110855102539
2694.55584966624,0.00783187802881002,3.60094666481018
2695.5696025399,0.00891162175685167,3.60094666481018
2696.5836611824,0.00603230576962233,3.60094666481018
2697.59748872878,0.0053124763071537,3.60078477859497
2698.61156365064,0.00639222003519535,3.60094666481018
2699.62551293831,0.00675213476642966,3.60078477859497
2700.63888926331,0.00495256204158068,3.60078477859497
2701.65344088728,0.00639222003519535,3.60094666481018
2702.6674521073,0.00567239103838801,3.60094666481018
2703.68157480554,0.00495256204158068,3.60094666481018
2704.69532343241,0.00639222003519535,3.60094666481018
2705.70940861734,0.00783187802881002,3.60110855102539
2706.7233628596,0.00711204949766397,3.60094666481018
2707.73729763741,0.007471963763237,3.60094666481018
2708.75155375562,0.00819179322570562,3.60094666481018
2709.76536254534,0.0053124763071537,3.60110855102539
2710.77945020757,0.00603230576962233,3.60094666481018
2711.79324165623,0.00567239103838801,3.60094666481018
2712.80729003566,0.00711204949766397,3.60094666481018
2713.82128674581,0.00639222003519535,3.60094666481018
2714.83517905572,0.0053124763071537,3.60078477859497
2715.84926565625,0.0053124763071537,3.60094666481018
2716.86329138613,0.00675213476642966,3.60094666481018
2717.87745619837,0.00783187802881002,3.60094666481018
2718.8911804062,0.00999136548489332,3.60110855102539
2719.90462574153,0.00351290358230472,3.60078477859497
2720.91917205701,0.00567239103838801,3.60094666481018
2721.93308737037,0.00891162175685167,3.60094666481018
2722.94712442502,0.00639222003519535,3.60094666481018
2723.97550111808,0.00711204949766397,3.60094666481018
2724.98939944428,0.00783187802881002,3.60110855102539
2726.00341384939,0.00819179322570562,3.60094666481018
2727.01734154921,0.0053124763071537,3.60094666481018
2728.03263777693,0.00639222003519535,3.60094666481018
2729.04536186585,0.00603230576962233,3.60094666481018
2730.05934689733,0.007471963763237,3.60094666481018
2731.07331387996,0.00639222003519535,3.60094666481018
2732.08729147956,0.00603230576962233,3.60094666481018
2733.10127544935,0.0053124763071537,3.60094666481018
2734.11525694184,0.0053124763071537,3.60094666481018
2735.13051636405,0.00387281831353903,3.60110855102539
2736.14325177775,0.00279307458549738,3.60094666481018
2737.15718443216,0.0053124763071537,3.60078477859497
2738.17119423658,0.00567239103838801,3.60078477859497
2739.1851633426,0.00567239103838801,3.60094666481018
2740.19917739381,0.00675213476642966,3.60094666481018
2741.21311004823,0.00927153695374727,3.60094666481018
2742.228423617,0.00711204949766397,3.60094666481018
2743.24108294238,0.00675213476642966,3.60110855102539
2744.25511185736,0.00567239103838801,3.60094666481018
2745.2691135221,0.00315298908390105,3.60094666481018
2746.28306599486,0.00675213476642966,3.60094666481018
2747.2970290846,0.00279307458549738,3.60094666481018
2748.31102756425,0.000993501860648394,3.60094666481018
2749.32627389219,0.00387281831353903,3.60094666481018
2750.33899231873,0.007471963763237,3.60094666481018
2751.35333868121,0.00891162175685167,3.60110855102539
2752.3669188521,0.00567239103838801,3.60094666481018
2753.380898929,0.00567239103838801,3.60094666481018
2754.39493138296,0.00783187802881002,3.60094666481018
2755.40887890114,0.00711204949766397,3.60094666481018
2756.42417052817,0.007471963763237,3.60094666481018
2757.43680118772,0.00495256204158068,3.60094666481018
2758.45085452174,0.00639222003519535,3.60094666481018
2759.46483035184,0.00819179322570562,3.60110855102539
2760.47885855902,0.00819179322570562,3.6012704372406
2761.49278732054,0.00207324558869004,3.60094666481018
2762.50678721579,0.00351290358230472,3.60094666481018
2763.52209866117,0.00711204949766397,3.60078477859497
2764.53475869435,0.007471963763237,3.60110855102539
2765.54874054074,0.0053124763071537,3.60094666481018
2766.56272203323,0.00711204949766397,3.60110855102539
2767.57669609384,0.00783187802881002,3.60110855102539
2768.59068501822,0.00567239103838801,3.60094666481018
2769.60466651071,0.00639222003519535,3.60094666481018
2770.61999600494,0.0096314512193203,3.60094666481018
2771.63262984959,0.00207324558869004,3.60094666481018
2772.64663328383,0.00603230576962233,3.60078477859497
2773.66059601967,0.0053124763071537,3.60094666481018
2774.67459520711,0.00495256204158068,3.60094666481018
2775.68857280671,0.00675213476642966,3.60110855102539
2776.70255323751,0.00675213476642966,3.60110855102539
2777.71785158862,0.0053124763071537,3.60094666481018
2778.73053108625,0.00639222003519535,3.60094666481018
2779.74458866706,0.00495256204158068,3.60094666481018
2780.75862395221,0.00387281831353903,3.60078477859497
2781.75889362334,0.00603230576962233,3.60094666481018
2782.77210326186,0.00639222003519535,3.60094666481018
2783.78631903557,0.00423273257911205,3.60078477859497
2784.80011473102,0.00567239103838801,3.60094666481018
2785.81399960905,0.00495256204158068,3.60094666481018
2786.82802923182,0.007471963763237,3.60094666481018
2787.84208150414,0.00639222003519535,3.60094666481018
2788.8562346377,0.00819179322570562,3.60094666481018
2789.86993831939,0.00783187802881002,3.60094666481018
2790.88403695249,0.00567239103838801,3.60110855102539
2791.89800676631,0.0053124763071537,3.60094666481018
2792.91189164434,0.00567239103838801,3.60110855102539
2793.92594887124,0.00495256204158068,3.60094666481018
2794.93995124378,0.00675213476642966,3.60110855102539
2795.95410827024,0.0053124763071537,3.60094666481018
2796.96785371202,0.0053124763071537,3.60094666481018
2797.98191589351,0.00603230576962233,3.60094666481018
2798.9958977399,0.00711204949766397,3.60094666481018
2800.00976987756,0.00675213476642966,3.60094666481018
2801.02377508129,0.00711204949766397,3.60110855102539
2802.0378323082,0.00603230576962233,3.60094666481018
2803.05194226607,0.00639222003519535,3.60094666481018
2804.06572238996,0.00603230576962233,3.60110855102539
2805.07978846434,0.00459264731034636,3.60094666481018
2806.09377243413,0.00459264731034636,3.60078477859497
2807.10766191285,0.00639222003519535,3.60094666481018
2808.12167419457,0.00711204949766397,3.60078477859497
2809.13571584991,0.00675213476642966,3.60094666481018
2810.14982439218,0.00639222003519535,3.60094666481018
2811.1635924835,0.00675213476642966,3.60110855102539
2812.17767731454,0.00603230576962233,3.60078477859497
2813.19166128433,0.0053124763071537,3.60094666481018
2814.21338432004,0.00567239103838801,3.60094666481018
2815.21955632068,0.00819179322570562,3.60094666481018
2816.23360080721,0.00603230576962233,3.60094666481018
2817.24771147288,0.00171333085745573,3.60094666481018
2818.26147744081,0.00207324558869004,3.60094666481018
2819.27555059317,0.00567239103838801,3.60094666481018
2820.28953704025,0.00639222003519535,3.60078477859497
2821.30346969467,0.00675213476642966,3.60094666481018
2822.31743172271,0.00639222003519535,3.60094666481018
2823.33149036521,0.00675213476642966,3.60094666481018
2824.34591600109,0.00495256204158068,3.60094666481018
2825.3594091128,0.00495256204158068,3.60094666481018
2826.37344192066,0.00495256204158068,3.60094666481018
2827.38741633517,0.00675213476642966,3.60094666481018
2828.40135854486,0.00855170749127865,3.60094666481018
2829.4153219885,0.00603230576962233,3.60078477859497
2830.42936930623,0.00639222003519535,3.60094666481018
2831.44348457259,0.00639222003519535,3.60094666481018
2832.45726257308,0.00423273257911205,3.60094666481018
2833.47132581627,0.00315298908390105,3.60094666481018
2834.48530837046,0.00387281831353903,3.60078477859497
2835.49913379344,0.00495256204158068,3.60110855102539
2836.51320376071,0.00675213476642966,3.60110855102539
2837.52724824725,0.00387281831353903,3.60094666481018
2838.54137377668,0.00459264731034636,3.60094666481018
2839.55515213108,0.00675213476642966,3.60110855102539
2840.56919661761,0.007471963763237,3.60078477859497
2841.58319509726,0.00675213476642966,3.60110855102539
2842.59705980304,0.00711204949766397,3.60094666481018
2843.61128690153,0.00567239103838801,3.60094666481018
2844.62532324838,0.00387281831353903,3.6012704372406
2845.63925094821,0.0053124763071537,3.60094666481018
2846.65306716981,0.00423273257911205,3.60094666481018
2847.66645906637,0.00603230576962233,3.60110855102539
2848.68106235961,0.00495256204158068,3.60094666481018
2849.69497625737,0.00567239103838801,3.60110855102539
2850.7090218056,0.00387281831353903,3.60094666481018
2851.72301108388,0.00567239103838801,3.60078477859497
2852.73712316514,0.00567239103838801,3.60078477859497
2853.75133681546,0.00711204949766397,3.6012704372406
2854.76520045954,0.00459264731034636,3.60094666481018
2855.77916708827,0.00603230576962233,3.60110855102539
2856.79291217615,0.0053124763071537,3.60094666481018
2857.80689012965,0.00459264731034636,3.60078477859497
2858.82107263684,0.00387281831353903,3.60094666481018
2859.83501626213,0.000993501860648394,3.60094666481018
2860.84898112136,0.00495256204158068,3.60094666481018
2861.86284653494,0.00639222003519535,3.60094666481018
2862.87685067698,0.00423273257911205,3.60078477859497
2863.89067716165,0.00567239103838801,3.60110855102539
2864.90474748283,0.00603230576962233,3.60094666481018
2865.91873959229,0.00495256204158068,3.60094666481018
2866.93288140108,0.00639222003519535,3.60110855102539
2867.94662719676,0.00603230576962233,3.60110855102539
2868.96073432344,0.00495256204158068,3.60094666481018
2869.97468538061,0.00639222003519535,3.60094666481018
2870.98881480293,0.00207324558869004,3.60094666481018
2872.00279311033,0.00783187802881002,3.60110855102539
2873.01666560189,0.00243316008709371,3.60094666481018
2874.03074477054,-0.000806070980615914,3.60094666481018
2875.04455745315,0.00315298908390105,3.60094666481018
2876.05852408188,0.00639222003519535,3.60094666481018
2877.07259192576,0.007471963763237,3.60094666481018
2878.08645309255,0.0053124763071537,3.60094666481018
2879.1005319073,0.00243316008709371,3.60094666481018
2880.11452755576,0.00495256204158068,3.60078477859497
2881.1286499001,0.00459264731034636,3.60094666481018
2882.14241020564,0.00603230576962233,3.60094666481018
2883.15648158851,0.00639222003519535,3.60110855102539
2884.17046060371,0.00603230576962233,3.60094666481018
2885.18436954688,0.00567239103838801,3.60078477859497
2886.19839740015,0.00603230576962233,3.60094666481018
2887.21237924655,0.00459264731034636,3.60078477859497
2888.22652813332,0.00351290358230472,3.60094666481018
2889.24030082533,0.00459264731034636,3.60094666481018
2890.25429824328,0.00459264731034636,3.60094666481018
2891.26835334679,-0.0011659855954349,3.60094666481018
2892.28220566611,0.00567239103838801,3.60094666481018
2893.29628589645,0.00603230576962233,3.60094666481018
2894.31024155431,0.00423273257911205,3.60094666481018
2895.3244244154,0.00459264731034636,3.60094666481018
2896.33814614594,0.00639222003519535,3.60110855102539
2897.35255231737,0.0053124763071537,3.60094666481018
2898.36621742405,0.00711204949766397,3.60078477859497
2899.3801359225,0.00459264731034636,3.60094666481018
2900.39414289573,0.00603230576962233,3.60078477859497
2901.40814102148,0.00603230576962233,3.60094666481018
2902.42227398279,0.00351290358230472,3.60094666481018
2903.43609091219,0.00567239103838801,3.60110855102539
2904.45786455549,0.00711204949766397,3.60094666481018
2905.46409353388,-0.000446156424004585,3.60094666481018
2906.47796567154,0.00567239103838801,3.60094666481018
2907.49199104752,0.00711204949766397,3.60094666481018
2908.50598598818,0.007471963763237,3.60094666481018
2909.52016424858,0.0053124763071537,3.60078477859497
2910.5339344633,0.00567239103838801,3.60110855102539
2911.54801504755,0.00279307458549738,3.60110855102539
2912.56192646801,0.00711204949766397,3.60110855102539
2913.57590194422,0.00567239103838801,3.60094666481018
2914.58987458923,0.0053124763071537,3.60094666481018
2915.60389819572,0.00783187802881002,3.60110855102539
2916.61802797194,0.00603230576962233,3.60094666481018
2917.63185693391,0.00207324558869004,3.60110855102539
2918.64586886173,0.00351290358230472,3.60094666481018
2919.65983053587,0.00639222003519535,3.60094666481018
2920.67374974212,0.00783187802881002,3.60110855102539
2921.68776450113,0.00387281831353903,3.60094666481018
2922.7017520099,0.00567239103838801,3.60094666481018
2923.71592885471,0.00495256204158068,3.60078477859497
2924.72969694603,0.00711204949766397,3.60110855102539
2925.74393572318,0.0053124763071537,3.60094666481018
2926.75769885992,0.00459264731034636,3.60094666481018
2927.77107518492,0.007471963763237,3.60094666481018
2928.78566998458,0.00495256204158068,3.60094666481018
2929.79967058762,0.00171333085745573,3.60094666481018
2930.8138205361,0.00459264731034636,3.60110855102539
2931.82760349118,0.0053124763071537,3.60094666481018
2932.84158533757,0.00711204949766397,3.60110855102539
2933.8555937264,0.00495256204158068,3.60094666481018
2934.86952036453,0.0053124763071537,3.60094666481018
2935.88355352629,0.0053124763071537,3.60078477859497
2936.89749998277,0.00711204949766397,3.60110855102539
2937.91105254953,0.00495256204158068,3.60094666481018
2938.92545447417,0.00459264731034636,3.60094666481018
2939.93944764534,0.00711204949766397,3.60094666481018
2940.95349920985,0.00783187802881002,3.60110855102539
2941.96743823445,0.00351290358230472,3.60110855102539
2942.98090763492,-0.000446156424004585,3.60094666481018
2943.99545288871,0.0053124763071537,3.60078477859497
2945.00957027846,0.0053124763071537,3.60094666481018
2946.02337906818,0.00639222003519535,3.60094666481018
2947.03734463521,0.00567239103838801,3.60078477859497
2948.05136505661,0.00567239103838801,3.60094666481018
2949.06530372731,0.00351290358230472,3.60094666481018
2950.07931070053,0.00351290358230472,3.60078477859497
2951.09335978776,0.00495256204158068,3.60078477859497
2952.10745523576,0.00603230576962233,3.60094666481018
2953.12124031425,0.00639222003519535,3.60110855102539
2954.13525188816,0.00675213476642966,3.60094666481018
2955.14944678182,0.00603230576962233,3.60110855102539
2956.16341978073,0.0053124763071537,3.60094666481018
2957.17737543859,0.00603230576962233,3.60110855102539
2958.1912295274,0.00459264731034636,3.60094666481018
2959.20535257954,0.0053124763071537,3.60094666481018
2960.21913305733,0.00819179322570562,3.60094666481018
2961.23313012138,0.00711204949766397,3.60110855102539
2962.24712895493,0.00171333085745573,3.60094666481018
2963.26106691783,-0.00152590009383857,3.60094666481018
2964.27527561356,0.00675213476642966,3.60094666481018
2965.28902070144,0.00639222003519535,3.60094666481018
2966.30324496873,0.00675213476642966,3.60094666481018
2967.31701022886,0.00315298908390105,3.60094666481018
2968.33100446172,0.00459264731034636,3.60094666481018
2969.34563677469,0.00603230576962233,3.60110855102539
2970.35917730888,0.00639222003519535,3.60094666481018
2971.37299246878,0.00495256204158068,3.60094666481018
2972.38695626632,0.00711204949766397,3.60110855102539
2973.4011030297,0.007471963763237,3.60110855102539
2974.41491040382,0.000993501860648394,3.60094666481018
2975.42889048072,0.00459264731034636,3.60094666481018
2976.44296221749,0.00711204949766397,3.60094666481018
2977.45686655997,0.00459264731034636,3.60110855102539
2978.47104588207,0.00567239103838801,3.60094666481018
2979.48504223832,0.0053124763071537,3.60094666481018
2980.49917626134,0.00495256204158068,3.60094666481018
2981.51279252994,0.00459264731034636,3.60094666481018
2982.52700157956,0.00387281831353903,3.60094666481018
2983.54102837114,0.00423273257911205,3.60094666481018
2984.5547416081,0.00783187802881002,3.60094666481018
2985.568718146,0.00459264731034636,3.60110855102539
2986.58272476533,0.00495256204158068,3.60094666481018
2987.59686622023,0.00567239103838801,3.60094666481018
2988.61067217876,0.00603230576962233,3.60094666481018
2989.62466428822,0.00675213476642966,3.60094666481018
2990.63873460939,0.00783187802881002,3.60110855102539
2991.65262444201,-8.62418673932552e-05,3.60094666481018
2992.66659602533,0.00495256204158068,3.60110855102539
2993.6805863653,0.0053124763071537,3.60094666481018
2994.69477948946,0.00603230576962233,3.60094666481018
2995.70855182757,0.00387281831353903,3.60094666481018
2996.72254570654,0.00495256204158068,3.60094666481018
2997.73678306809,0.00495256204158068,3.60078477859497
2998.7507578365,0.0053124763071537,3.60094666481018
2999.76450398608,0.00315298908390105,3.60078477859497
3000.77872825336,0.00675213476642966,3.60094666481018
3001.79323033146,0.00783187802881002,3.60094666481018
3002.80668274477,0.00459264731034636,3.60094666481018
3003.82084401801,0.000273672689218074,3.60110855102539
3004.83469138274,0.00603230576962233,3.60094666481018
3005.84860704999,0.00567239103838801,3.60094666481018
3006.86275664457,0.00675213476642966,3.60094666481018
3007.87640653358,0.00279307458549738,3.60094666481018
3008.89089764081,0.0053124763071537,3.60110855102539
3009.90454328303,0.0053124763071537,3.60094666481018
3010.91834605647,0.00603230576962233,3.60110855102539
3011.93252431687,0.0053124763071537,3.60094666481018
3012.94625418709,0.00567239103838801,3.60110855102539
3013.96025832913,0.00819179322570562,3.60094666481018
3014.97427804272,0.00243316008709371,3.60078477859497
3015.98864634695,-0.000806070980615914,3.60110855102539
3017.00240134401,0.00495256204158068,3.60094666481018
3018.01721166823,0.00603230576962233,3.60094666481018
3019.03040467349,0.00387281831353903,3.60094666481018
3020.04296632272,0.00495256204158068,3.60094666481018
3021.05834430113,0.00495256204158068,3.60094666481018
3022.07215627594,0.00567239103838801,3.60110855102539
3023.08633064346,0.00423273257911205,3.60110855102539
3024.10009661138,0.00423273257911205,3.60094666481018
3025.11408235067,0.00783187802881002,3.60110855102539
3026.12827052024,0.00243316008709371,3.60094666481018
3027.14224139576,0.00279307458549738,3.60094666481018
3028.15602293525,0.00387281831353903,3.60094666481018
3029.17001610641,0.00783187802881002,3.60094666481018
3030.18421241567,0.0053124763071537,3.60094666481018
3031.19798616938,0.00387281831353903,3.60094666481018
3032.21196412288,0.00459264731034636,3.60094666481018
3033.2259728656,0.00567239103838801,3.60094666481018
3034.23992002988,0.00495256204158068,3.60094666481018
3035.2539294804,0.00567239103838801,3.60110855102539
3036.2679077878,0.00351290358230472,3.60094666481018
3037.28203897962,0.00567239103838801,3.60094666481018
3038.29584069136,0.00639222003519535,3.60110855102539
3039.30984837239,0.00603230576962233,3.60094666481018
3040.3238631314,0.00711204949766397,3.60110855102539
3041.33781029567,0.00603230576962233,3.60110855102539
3042.35217541481,0.00279307458549738,3.60094666481018
3043.3657945146,0.00351290358230472,3.60094666481018
3044.3799334922,0.00315298908390105,3.60078477859497
3045.39374440532,0.00315298908390105,3.60094666481018
3046.40772802121,0.00171333085745573,3.60094666481018
3047.42175091989,0.000633587245829403,3.60094666481018
3048.43572887339,0.000273672689218074,3.60094666481018
3049.44966789799,0.00603230576962233,3.60094666481018
3050.46367416342,0.00495256204158068,3.60094666481018
3051.47803114288,0.00495256204158068,3.60094666481018
3052.49162617753,0.0053124763071537,3.60094666481018
3053.50560660833,0.00495256204158068,3.60078477859497
3054.51962738362,0.0053124763071537,3.60094666481018
3055.53361029171,0.00351290358230472,3.60094666481018
3056.54756878076,0.00207324558869004,3.60078477859497
3057.56155345834,0.00459264731034636,3.60110855102539
3058.57569951392,0.0053124763071537,3.60094666481018
3059.58949627108,0.00495256204158068,3.60110855102539
3060.60349545852,0.00423273257911205,3.60094666481018
3061.6175240196,0.00639222003519535,3.60094666481018
3062.63148746323,0.00495256204158068,3.60094666481018
3063.64544736788,0.00459264731034636,3.60094666481018
3064.65945115602,0.00387281831353903,3.60094666481018
3065.67357385426,0.0053124763071537,3.60110855102539
3066.68738441347,0.00675213476642966,3.60094666481018
3067.70137652294,0.00675213476642966,3.60094666481018
3068.7153679246,0.00207324558869004,3.60110855102539
3069.72931367329,0.00459264731034636,3.60094666481018
3070.74353369378,0.00459264731034636,3.60078477859497
3071.75733894451,0.00423273257911205,3.60110855102539
3072.77149986386,0.00495256204158068,3.60094666481018
3073.78535572216,0.00603230576962233,3.60094666481018
3074.8136984409,0.00351290358230472,3.60110855102539
3075.82890513214,0.00459264731034636,3.60094666481018
3076.84166638047,0.00423273257911205,3.60078477859497
3077.85558841791,0.00675213476642966,3.60094666481018
3078.86958548196,0.00495256204158068,3.60094666481018
3079.88357829923,0.00459264731034636,3.60110855102539
3080.89753855777,0.0053124763071537,3.60110855102539
3081.91152323536,0.00567239103838801,3.60094666481018
3082.92677381009,0.00423273257911205,3.60078477859497
3083.93947171048,0.00351290358230472,3.60094666481018
3084.9534790376,0.00495256204158068,3.60110855102539
3085.96745628331,0.00315298908390105,3.60062289237976
3086.98144414598,0.00387281831353903,3.60094666481018
3087.99542316118,0.00459264731034636,3.60094666481018
3089.00941987133,0.00423273257911205,3.60110855102539
3090.02466442978,0.00459264731034636,3.60094666481018
3091.03737330104,0.00495256204158068,3.60094666481018
3092.05136257931,0.00423273257911205,3.60094666481018
3093.0653461952,0.00603230576962233,3.60078477859497
3094.07932804159,0.00459264731034636,3.60078477859497
3095.09331625816,0.00459264731034636,3.60094666481018
3096.10729279607,0.00315298908390105,3.60094666481018
3097.12254832539,0.00459264731034636,3.60094666481018
3098.13526427463,0.00135341635905206,3.60094666481018
3099.14926700107,-0.0011659855954349,3.60078477859497
3100.1632332759,0.00207324558869004,3.60094666481018
3101.1772094599,0.0053124763071537,3.60094666481018
3102.19120333887,0.00675213476642966,3.60094666481018
3103.2051692598,0.00459264731034636,3.60094666481018
3104.22044920815,0.00459264731034636,3.60110855102539
3105.23315100143,0.00351290358230472,3.60110855102539
3106.24712541594,0.00459264731034636,3.60094666481018
3107.26111327862,0.00567239103838801,3.60094666481018
3108.27506256629,0.00423273257911205,3.60078477859497
3109.28912934847,0.00459264731034636,3.60094666481018
3110.30306624967,0.00567239103838801,3.60094666481018
3111.31854119645,0.00711204949766397,3.60094666481018
3112.33102286447,0.00639222003519535,3.6012704372406
3113.34538125952,0.00243316008709371,3.60110855102539
3114.35900212881,0.00351290358230472,3.60094666481018
3115.3729836213,0.00387281831353903,3.60094666481018
3116.38694104866,0.00351290358230472,3.60094666481018
3117.4009416517,0.0053124763071537,3.60094666481018
3118.41622160006,0.0053124763071537,3.60110855102539
3119.42892445503,0.00315298908390105,3.60094666481018
3120.44289497665,0.00243316008709371,3.60094666481018
3121.45687293015,0.00423273257911205,3.60094666481018
3122.47086751691,0.00495256204158068,3.60094666481018
3123.48479698623,0.00459264731034636,3.60078477859497
3124.49884430396,0.00459264731034636,3.60094666481018
3125.51282544255,0.00603230576962233,3.60094666481018
3126.52679454858,0.00567239103838801,3.60110855102539
3127.54078382685,0.0053124763071537,3.60094666481018
3128.55477416682,0.00387281831353903,3.60110855102539
3129.56874893523,0.00423273257911205,3.60094666481018
3130.58272441143,0.00495256204158068,3.60094666481018
3131.59670979682,0.0053124763071537,3.60094666481018
3132.61196037155,0.00567239103838801,3.60110855102539
3133.62467030451,0.00639222003519535,3.60094666481018
3134.63867833943,0.0053124763071537,3.60110855102539
3135.65264744545,0.00459264731034636,3.60110855102539
3136.66661124299,0.00207324558869004,3.60094666481018
3137.68060724535,0.00315298908390105,3.60094666481018
3138.6945646727,0.00675213476642966,3.60094666481018
3139.70929926251,0.00459264731034636,3.60110855102539
3140.7225205797,0.000993501860648394,3.60078477859497
3141.73674909377,0.00459264731034636,3.60094666481018
3142.75438601027,0.00423273257911205,3.60094666481018
3143.76450681727,0.00459264731034636,3.60110855102539
3144.77849963453,0.00495256204158068,3.60094666481018
3145.79248325042,0.0053124763071537,3.60094666481018
3146.8077157763,0.00387281831353903,3.60094666481018
3147.82043455673,0.00423273257911205,3.60078477859497
3148.83440614005,0.00351290358230472,3.60094666481018
3149.84843010043,0.00387281831353903,3.60094666481018
3150.86237018673,0.00459264731034636,3.60094666481018
3151.87637680606,0.00495256204158068,3.60094666481018
3152.89031441506,0.00387281831353903,3.60094666481018
3153.90561913636,0.00603230576962233,3.60094666481018
3154.91830394248,0.00423273257911205,3.60094666481018
3155.93229888313,0.00387281831353903,3.60094666481018
3156.94628391462,0.00387281831353903,3.60094666481018
3157.96050075002,0.00495256204158068,3.60078477859497
3158.97448118082,0.00639222003519535,3.60094666481018
3159.98828713935,0.00567239103838801,3.60094666481018
3161.00360389321,0.00495256204158068,3.60094666481018
3162.01623030598,0.000993501860648394,3.60094666481018
3163.03020648998,0.00387281831353903,3.60094666481018
3164.04422301849,0.00495256204158068,3.60078477859497
3165.05817053666,0.00423273257911205,3.60094666481018
3166.07219980554,0.00675213476642966,3.60094666481018
3167.08608786866,0.0053124763071537,3.60094666481018
3168.10151503905,0.00279307458549738,3.60110855102539
3169.11409650663,0.00243316008709371,3.60094666481018
3170.12811338903,0.00459264731034636,3.60094666481018
3171.14207506318,0.00459264731034636,3.60094666481018
3172.15607849741,0.00459264731034636,3.60094666481018
3173.17005397362,0.00495256204158068,3.60094666481018
3174.18404643698,0.0053124763071537,3.60078477859497
3175.19940141196,0.00387281831353903,3.60094666481018
3176.21201119146,0.00423273257911205,3.60110855102539
3177.22600825551,0.00423273257911205,3.60094666481018
3178.23997276085,0.00315298908390105,3.60094666481018
3179.25395212995,0.00711204949766397,3.60094666481018
3180.26795591808,0.00459264731034636,3.60094666481018
3181.28188432571,-8.62418673932552e-05,3.60110855102539
3182.29669535773,0.000993501860648394,3.60094666481018
3183.30986854464,0.00387281831353903,3.60094666481018
3184.32388224195,0.00351290358230472,3.60094666481018
3185.33823532851,0.00351290358230472,3.60094666481018
3186.35186079849,0.00567239103838801,3.60094666481018
3187.36577823524,0.00423273257911205,3.60094666481018
3188.3797724681,0.00423273257911205,3.60094666481018
3189.39513770615,0.00315298908390105,3.60094666481018
3190.4077722586,0.00639222003519535,3.60094666481018
3191.42173994902,0.00495256204158068,3.60110855102539
3192.43575293853,0.00243316008709371,3.60094666481018
3193.44970965809,0.00459264731034636,3.60094666481018
3194.46370247535,0.00459264731034636,3.60110855102539
3195.47765494812,0.00459264731034636,3.60094666481018
3196.493045313,0.00387281831353903,3.60094666481018
3197.5056168714,0.00567239103838801,3.60094666481018
3198.54653221024,0.00675213476642966,3.60094666481018
3199.55052666959,0.0053124763071537,3.60094666481018
3200.56317927089,0.00495256204158068,3.60094666481018
3201.57708715237,0.00387281831353903,3.60094666481018
3202.59112809991,0.00351290358230472,3.60094666481018
3203.60508800456,0.00315298908390105,3.60094666481018
3204.6191296599,0.00279307458549738,3.60094666481018
3205.63307965537,0.00171333085745573,3.60094666481018
3206.64850470237,-0.00188581459224224,3.60094666481018
3207.66100512705,0.00351290358230472,3.60094666481018
3208.67507049363,0.00243316008709371,3.60078477859497
3209.6890194274,0.00387281831353903,3.60094666481018
3210.70300445889,0.00639222003519535,3.60110855102539
3211.71695410046,0.00315298908390105,3.60094666481018
3212.73097629135,0.00387281831353903,3.60110855102539
3213.74649335212,0.00387281831353903,3.60110855102539
3214.75893184445,0.00387281831353903,3.60094666481018
3215.77288042432,0.00423273257911205,3.60094666481018
3216.7869082776,0.00459264731034636,3.60094666481018
3217.80081545127,0.00315298908390105,3.60094666481018
3218.81488718804,0.00495256204158068,3.60094666481018
3219.82885204727,0.00495256204158068,3.60094666481018
3220.84425939932,0.00603230576962233,3.60094666481018
3221.8567966295,0.00603230576962233,3.60110855102539
3222.87076856672,0.00387281831353903,3.60110855102539
3223.88479889729,0.00315298908390105,3.60110855102539
3224.89878852946,0.00315298908390105,3.60094666481018
3225.91268190107,-8.62418673932552e-05,3.60094666481018
3226.92675009885,0.00459264731034636,3.60094666481018
3227.94143231159,0.00567239103838801,3.60110855102539
3228.95471945402,0.00243316008709371,3.60110855102539
3229.9686634332,0.000633587245829403,3.60110855102539
3230.98267854611,0.00459264731034636,3.60094666481018
3232.02182686664,0.00423273257911205,3.60094666481018
3233.02624777444,0.00423273257911205,3.60094666481018
3234.04020767908,0.00495256204158068,3.60094666481018
3235.05420085025,0.00423273257911205,3.60094666481018
3236.06817491086,0.00387281831353903,3.60094666481018
3237.08218223798,0.00207324558869004,3.60078477859497
3238.09753615126,0.00675213476642966,3.60110855102539
3239.11013956058,0.00171333085745573,3.60094666481018
3240.12408920215,-0.00152590009383857,3.60094666481018
3241.13812201002,0.00243316008709371,3.60110855102539
3242.15211341168,0.0053124763071537,3.60094666481018
3243.16607437803,0.00603230576962233,3.60094666481018
3244.1800218962,0.00459264731034636,3.60110855102539
3245.19539562783,0.00423273257911205,3.60094666481018
3246.20802204059,0.00351290358230472,3.60094666481018
3247.22200282529,0.00459264731034636,3.60094666481018
3248.23595742145,0.0053124763071537,3.60110855102539
3249.24996828756,0.00315298908390105,3.60094666481018
3250.26392465322,0.00603230576962233,3.60094666481018
3251.2779489675,0.00675213476642966,3.60094666481018
3252.29326395187,0.00603230576962233,3.60094666481018
3253.3059059362,0.000633587245829403,3.60094666481018
3254.31986796424,0.00495256204158068,3.60094666481018
3255.33386927508,0.00423273257911205,3.60094666481018
3256.34816821509,0.00459264731034636,3.60110855102539
3257.36184570823,0.00495256204158068,3.60094666481018
3258.3757971193,0.00423273257911205,3.60094666481018
3259.39116837363,0.00423273257911205,3.60094666481018
3260.403754088,0.00279307458549738,3.60110855102539
3261.41777769449,0.00351290358230472,3.60094666481018
3262.43172733606,0.0053124763071537,3.60094666481018
3263.44574315676,0.00459264731034636,3.60094666481018
3264.45972535705,0.0053124763071537,3.60078477859497
3265.47367853761,0.0053124763071537,3.60110855102539
3266.48905757773,0.00567239103838801,3.60094666481018
3267.50167868201,0.00351290358230472,3.60094666481018
3268.51567326876,0.00387281831353903,3.60094666481018
3269.52963211171,0.00423273257911205,3.60094666481018
3270.54360971131,0.00495256204158068,3.60110855102539
3271.55761491505,0.00675213476642966,3.60110855102539
3272.57173902888,0.00675213476642966,3.60110855102539
3273.5869552754,0.00243316008709371,3.60110855102539
3274.59961212349,0.00207324558869004,3.60094666481018
3275.61354017722,0.00495256204158068,3.60094666481018
3276.62749441947,0.00495256204158068,3.60110855102539
3277.64151519477,0.00423273257911205,3.60094666481018
3278.65545209597,0.00459264731034636,3.60110855102539
3279.66948171874,0.00423273257911205,3.60110855102539
3280.68481616757,0.00243316008709371,3.60094666481018
3281.69762059159,0.00315298908390105,3.60094666481018
3282.71142371892,0.00495256204158068,3.60094666481018
3283.7254126433,0.00423273257911205,3.60094666481018
3284.73948685736,0.00567239103838801,3.60094666481018
3285.75337633608,0.00243316008709371,3.60094666481018
3286.76731005219,0.00495256204158068,3.60094666481018
3287.78269970928,0.00423273257911205,3.60110855102539
3288.79530488809,0.00387281831353903,3.60110855102539
3289.80930584504,0.00135341635905206,3.60110855102539
3290.82324310014,0.00639222003519535,3.60110855102539
3291.83730492773,0.00207324558869004,3.60110855102539
3292.85121316311,0.000993501860648394,3.60094666481018
3293.86525977303,0.00315298908390105,3.60094666481018
3294.88057015672,0.00495256204158068,3.60094666481018
3295.89320577086,0.00459264731034636,3.60094666481018
3296.90717876977,0.00387281831353903,3.60094666481018
3297.92118114231,0.00459264731034636,3.60094666481018
3298.93512618319,0.00495256204158068,3.60110855102539
3299.94909953601,0.00423273257911205,3.60110855102539
3300.96308527529,0.00279307458549738,3.60110855102539
3301.97847882526,0.00243316008709371,3.60110855102539
3302.99108931257,0.00351290358230472,3.60094666481018
3304.00509168511,0.00423273257911205,3.60094666481018
3305.01901159915,0.00459264731034636,3.60110855102539
3306.0330507772,0.00387281831353903,3.60094666481018
3307.04707792268,0.0053124763071537,3.60094666481018
3308.06100243741,0.00603230576962233,3.60110855102539
3309.0763513961,0.00279307458549738,3.60094666481018
3310.08897710107,0.00351290358230472,3.60094666481018
3311.10293417452,0.00459264731034636,3.60078477859497
3312.11695141082,0.00639222003519535,3.60078477859497
3313.13091980905,0.00639222003519535,3.60094666481018
3314.14490484053,0.00243316008709371,3.60094666481018
3315.15906859107,0.00351290358230472,3.60094666481018
3316.17426289584,0.00351290358230472,3.60094666481018
3317.18684117832,0.00387281831353903,3.60094666481018
3318.20083611898,0.00423273257911205,3.60094666481018
3319.21481513418,0.00423273257911205,3.60110855102539
3320.22880653585,0.00387281831353903,3.60094666481018
3321.24277953476,0.00207324558869004,3.60094666481018
3322.25679535547,0.00243316008709371,3.60110855102539
3323.27211989511,0.00459264731034636,3.60094666481018
3324.28474453838,0.00423273257911205,3.60094666481018
3325.29870196574,0.00495256204158068,3.60110855102539
3326.31269796809,0.00459264731034636,3.60094666481018
3327.32667769109,0.00567239103838801,3.60094666481018
3328.34103006986,0.0053124763071537,3.60110855102539
3329.35464209167,0.00351290358230472,3.60094666481018
3330.3700115765,0.00243316008709371,3.60094666481018
3331.38261321633,0.00495256204158068,3.60094666481018
3332.39660957259,0.000273672689218074,3.60094666481018
3333.41057337012,-0.00332547281868756,3.60110855102539
3334.42457609656,0.00243316008709371,3.60094666481018
3335.43853564731,0.00387281831353903,3.60094666481018
3336.45254545173,0.00495256204158068,3.60110855102539
3337.46782469229,0.00639222003519535,3.60094666481018
3338.48049888143,0.00459264731034636,3.60110855102539
3339.49455646224,0.00279307458549738,3.60094666481018
3340.50846363591,0.00351290358230472,3.60094666481018
3341.52243309584,0.00351290358230472,3.60094666481018
3342.53644502365,0.00243316008709371,3.60110855102539
3343.55041908426,0.0053124763071537,3.60110855102539
3344.56440836253,0.00495256204158068,3.60094666481018
3345.57836720548,0.0053124763071537,3.60094666481018
3346.59234020439,0.00243316008709371,3.60094666481018
3347.60633974574,0.00387281831353903,3.60094666481018
3348.6203336247,0.00423273257911205,3.60094666481018
3349.63432396467,0.00387281831353903,3.60094666481018
3350.64829767138,0.00351290358230472,3.60094666481018
3351.66358894451,0.00711204949766397,3.60110855102539
3352.67627021164,0.00315298908390105,3.60094666481018
3353.69024568785,0.000993501860648394,3.60094666481018
3354.70424062851,0.000273672689218074,3.60094666481018
3355.71821433522,0.00423273257911205,3.60110855102539
3356.73238197865,0.0053124763071537,3.60110855102539
3357.74646822528,0.00567239103838801,3.60094666481018
3358.76153901926,0.00279307458549738,3.60094666481018
3359.77435052126,0.00315298908390105,3.60110855102539
3360.78833873784,0.00387281831353903,3.60094666481018
3361.80230996725,0.00279307458549738,3.60094666481018
3362.81631906388,0.00567239103838801,3.60110855102539
3363.83027082884,0.0053124763071537,3.60094666481018
3364.84427567868,0.00459264731034636,3.60110855102539
3365.85936452151,0.0053124763071537,3.60078477859497
3366.87203021708,0.0053124763071537,3.60110855102539
3367.88601807975,0.00351290358230472,3.60094666481018
3368.9000186828,0.00315298908390105,3.60094666481018
3369.91391170051,0.00459264731034636,3.60078477859497
3370.92796503452,0.00279307458549738,3.60078477859497
3371.94201093665,0.00459264731034636,3.60094666481018
3372.95722718317,0.00423273257911205,3.60110855102539
3373.96991658998,0.00243316008709371,3.60094666481018
3374.98390551435,0.00279307458549738,3.60094666481018
3375.99787674377,0.00459264731034636,3.60094666481018
3377.01186956103,0.00423273257911205,3.60094666481018
3378.02604994483,0.00423273257911205,3.60094666481018
3379.03983502331,0.00387281831353903,3.60094666481018
3380.05531032398,0.00387281831353903,3.60094666481018
3381.06799406841,0.00495256204158068,3.60110855102539
3382.08177879299,0.00243316008709371,3.60094666481018
3383.09597616394,0.00243316008709371,3.60094666481018
3384.10974460916,0.00135341635905206,3.60110855102539
3385.12372645556,-0.00296555832028389,3.60094666481018
3386.13771714942,0.00207324558869004,3.60110855102539
3387.15298223402,0.00207324558869004,3.60094666481018
3388.16567871881,0.007471963763237,3.60110855102539
3389.18827411586,0.00567239103838801,3.60110855102539
3390.19365267467,0.00351290358230472,3.60094666481018
3391.20763770615,0.00243316008709371,3.60094666481018
3392.22161353626,0.00387281831353903,3.60094666481018
3393.23559113586,0.00423273257911205,3.60094666481018
3394.25089019477,0.00315298908390105,3.60094666481018
3395.26356473781,0.00387281831353903,3.60094666481018
3396.27753773673,0.00675213476642966,3.60094666481018
3397.29153196959,0.00207324558869004,3.60110855102539
3398.3055435435,-0.00296555832028389,3.60094666481018
3399.31950238645,0.00243316008709371,3.60110855102539
3400.33381265122,0.00459264731034636,3.60094666481018
3401.34877692157,0.00495256204158068,3.60110855102539
3402.36144084764,0.00243316008709371,3.60110855102539
3403.37562512433,0.00135341635905206,3.60094666481018
3404.3896965072,0.00459264731034636,3.60110855102539
3405.40339417259,0.0053124763071537,3.60110855102539
3406.4173703566,0.00495256204158068,3.60094666481018
3407.43136069657,0.00243316008709371,3.60094666481018
3408.44664878461,0.00459264731034636,3.60094666481018
3409.45933075954,0.00567239103838801,3.60110855102539
3410.47331968391,0.00495256204158068,3.60110855102539
3411.48727074108,0.00279307458549738,3.60094666481018
3412.50127629871,0.00351290358230472,3.60110855102539
3413.51527725565,0.00387281831353903,3.60094666481018
3414.52926405663,0.00351290358230472,3.60094666481018
3415.54453444971,0.00279307458549738,3.60110855102539
3416.55720828496,0.0053124763071537,3.60094666481018
3417.57118730016,0.00315298908390105,3.60078477859497
3418.58517445503,0.00243316008709371,3.60094666481018
3419.5991662106,0.00243316008709371,3.60094666481018
3420.61315761227,0.00495256204158068,3.60094666481018
3421.62712990338,0.00459264731034636,3.60110855102539
3422.64185246063,0.00279307458549738,3.60094666481018
3423.65509111887,0.00315298908390105,3.60110855102539
3424.66907331916,0.00495256204158068,3.60094666481018
3425.68306507473,0.00423273257911205,3.60110855102539
3426.69703842754,0.00243316008709371,3.60094666481018
3427.71102629021,0.00423273257911205,3.60094666481018
3428.72501910748,0.0053124763071537,3.60110855102539
3429.74063950679,0.00567239103838801,3.60110855102539
3430.75299801792,0.00567239103838801,3.60094666481018
3431.76716283016,0.000633587245829403,3.60094666481018
3432.78094153845,0.00279307458549738,3.60094666481018
3433.7949828399,0.00387281831353903,3.60094666481018
3434.8089183255,0.00243316008709371,3.60094666481018
3435.82289450951,-0.00152590009383857,3.60094666481018
3436.83826505604,0.00243316008709371,3.60094666481018
3437.85085855619,0.00351290358230472,3.60094666481018
3438.86484854226,0.00387281831353903,3.60110855102539
3439.87883534324,0.00603230576962233,3.60094666481018
3440.89282532931,0.00495256204158068,3.60094666481018
3441.90678523395,0.00279307458549738,3.60094666481018
3442.92076955764,0.00315298908390105,3.60078477859497
3443.93602827205,0.00387281831353903,3.60094666481018
3444.94873749721,0.00423273257911205,3.60078477859497
3445.96273456126,0.00495256204158068,3.60094666481018
3446.97670508288,0.00387281831353903,3.60110855102539
3447.99082105704,0.00351290358230472,3.60094666481018
3449.00467408415,0.0053124763071537,3.60094666481018
3450.01866513192,0.00387281831353903,3.60094666481018
3451.03394224908,0.0053124763071537,3.60094666481018
3452.04661820772,0.00207324558869004,3.60094666481018
3453.06062093416,0.00207324558869004,3.60094666481018
3454.07460136496,0.00351290358230472,3.60110855102539
3455.08857471777,0.00243316008709371,3.60094666481018
3456.1025402848,-0.00296555832028389,3.60094666481018
3457.11653204037,0.00243316008709371,3.60094666481018
3458.1305383058,0.00243316008709371,3.60094666481018
3459.14452369118,0.00315298908390105,3.60110855102539
3460.1584524527,0.00711204949766397,3.60110855102539
3461.17247889038,0.00495256204158068,3.60094666481018
3462.18645259709,0.00243316008709371,3.60110855102539
3463.20044718385,0.00279307458549738,3.60110855102539
3464.21438762405,0.00315298908390105,3.60094666481018
3465.22969623823,0.00351290358230472,3.60094666481018
3466.24237361247,0.00315298908390105,3.60094666481018
3467.25636784533,0.00495256204158068,3.60094666481018
3468.27032173369,0.00603230576962233,3.60094666481018
3469.28434852527,0.00459264731034636,3.60094666481018
3470.29830772212,0.00423273257911205,3.60110855102539
3471.31231611094,0.00315298908390105,3.60094666481018
3472.3275546531,0.00387281831353903,3.60094666481018
3473.34063370284,0.00459264731034636,3.60094666481018
3474.35424643245,0.00423273257911205,3.60078477859497
3475.36824243481,0.000273672689218074,3.60094666481018
3476.38219030688,0.00351290358230472,3.60094666481018
3477.39621037438,0.00315298908390105,3.60110855102539
3478.41017381802,0.000993501860648394,3.60094666481018
3479.44184708136,-0.00332547281868756,3.60094666481018
3480.45376711149,0.0053124763071537,3.60094666481018
3481.4677383409,0.0053124763071537,3.60094666481018
3482.48302819844,0.0053124763071537,3.60094666481018
3483.49570344928,0.00243316008709371,3.60094666481018
3484.50968954246,0.00279307458549738,3.60094666481018
3485.52367280445,0.00315298908390105,3.60094666481018
3486.53765960543,0.00387281831353903,3.60094666481018
3487.5516471142,0.00495256204158068,3.60110855102539
3488.56563249959,0.00639222003519535,3.60094666481018
3489.58091032455,0.00423273257911205,3.60110855102539
3490.59359265338,0.00387281831353903,3.60078477859497
3491.60756989908,0.00387281831353903,3.60094666481018
3492.62155882345,0.00423273257911205,3.60110855102539
3493.63557252076,0.00279307458549738,3.60110855102539
3494.64952605522,0.00243316008709371,3.60094666481018
3495.66351002501,0.00207324558869004,3.60110855102539
3496.67878324929,0.00243316008709371,3.60078477859497
3497.69149212055,0.00351290358230472,3.60094666481018
3498.70545910317,0.00315298908390105,3.60110855102539
3499.71943670278,0.00207324558869004,3.60110855102539
3500.73355019964,0.00315298908390105,3.60110855102539
3501.74740004166,0.00459264731034636,3.60094666481018
3502.76138436534,0.00387281831353903,3.60094666481018
3503.77669121003,0.00495256204158068,3.60110855102539
3504.78932222349,0.00459264731034636,3.60094666481018
3505.80334618387,0.00243316008709371,3.60094666481018
3506.8172717603,0.00351290358230472,3.60110855102539
3507.83130562987,0.00279307458549738,3.60094666481018
3508.84529596984,0.00711204949766397,3.60094666481018
3509.85927463113,0.00495256204158068,3.60110855102539
3510.8745114038,-8.62418673932552e-05,3.60110855102539
3511.88724044731,-0.00332547281868756,3.60094666481018
3512.90117168613,0.00423273257911205,3.60094666481018
3513.91514468504,0.00495256204158068,3.60110855102539
3514.92918987937,0.00459264731034636,3.60094666481018
3515.94319083632,0.00387281831353903,3.60110855102539
3516.95712526023,0.00315298908390105,3.60094666481018
3517.97246289414,0.00279307458549738,3.60094666481018
3518.98508399842,0.00207324558869004,3.60094666481018
3519.9991097283,0.00135341635905206,3.60078477859497
3521.01306927905,0.00495256204158068,3.60094666481018
3522.02707412888,0.0053124763071537,3.60094666481018
3523.04103191013,0.00387281831353903,3.60094666481018
3524.05505056203,0.00243316008709371,3.60094666481018
3525.0702845035,0.00351290358230472,3.60094666481018
3526.08299832935,0.00315298908390105,3.60094666481018
3527.09697840625,0.00315298908390105,3.60078477859497
3528.11097865539,0.00315298908390105,3.60094666481018
3529.12494563802,0.00639222003519535,3.60094666481018
3530.13895650414,0.00675213476642966,3.60110855102539
3531.15310326752,0.00459264731034636,3.60110855102539
3532.16819812664,0.00171333085745573,3.60094666481018
3533.18087266968,0.00351290358230472,3.60094666481018
3534.19487327273,0.00315298908390105,3.60110855102539
3535.20882963838,0.00315298908390105,3.60094666481018
3536.22283802721,0.00279307458549738,3.60094666481018
3537.23678306809,-0.000446156424004585,3.60094666481018
3538.25081233696,0.00243316008709371,3.60094666481018
3539.26608910023,0.00207324558869004,3.60094666481018
3540.27876258158,0.00387281831353903,3.60110855102539
3541.2927334571,0.00639222003519535,3.60094666481018
3542.3067506934,0.00459264731034636,3.60094666481018
3543.32071802993,0.00351290358230472,3.60110855102539
3544.33504988254,0.000633587245829403,3.60094666481018
3545.34866544335,0.00243316008709371,3.60094666481018
3546.36345099464,0.00243316008709371,3.60094666481018
3547.3766018859,0.00243316008709371,3.60094666481018
3548.39064000225,0.00207324558869004,3.60110855102539
3549.40459990689,0.00459264731034636,3.60094666481018
3550.41859803264,0.00351290358230472,3.60078477859497
3551.43256501527,0.00423273257911205,3.60094666481018
3552.44656844951,0.00423273257911205,3.60094666481018
3553.46185335245,0.00603230576962233,3.60094666481018
3554.47454346706,0.00387281831353903,3.60094666481018
3555.4885044334,0.00279307458549738,3.60110855102539
3556.50250539035,0.00387281831353903,3.60094666481018
3557.0653858319,0.00243316008709371,3.60094666481018
3558.08244358331,0,3.60078477859497
3559.09643356938,0,3.60094666481018
3560.110400552,0,3.60094666481018
3561.12435974885,0,3.60078477859497
3562.13837380006,0,3.60078477859497
3563.15371815806,0,3.60078477859497
3564.16634350913,0,3.60062289237976
3565.18027793304,0,3.60062289237976
3566.19467667259,0,3.60078477859497
3567.08482638607,0,3.60078477859497
