Time,Current,Voltage
1.00757839164902,0,2.82623624801636
2.01061484608946,0,2.82639813423157
3.01169459230133,0,2.82623624801636
4.01671500520251,0,2.82623624801636
5.02377423092786,0,2.82639813423157
6.02778461574361,0,2.82623624801636
7.03083664174528,0,2.82607436180115
8.03085115160916,0,2.82623624801636
9.03088760321841,0,2.82623624801636
10.036926891683,0,2.82623624801636
11.0379885890398,0,2.82623624801636
12.0440636213154,0,2.82623624801636
13.0490744789404,0,2.82623624801636
14.0571186059137,0,2.82623624801636
15.0621468045955,0,2.82623624801636
16.0641732309505,0,2.82623624801636
17.0672270264478,0,2.82623624801636
18.0742490927656,0,2.82623624801636
19.083290153557,0,2.82623624801636
20.0845365862539,0,2.82639813423157
21.0893917282665,0,2.82623624801636
22.091434433981,0,2.82623624801636
23.1004708940838,0,2.82623624801636
24.1054905991868,0,2.82623624801636
25.1135421580416,0,2.82639813423157
26.1236353609136,0,2.82623624801636
27.1246121224818,0,2.82639813423157
28.1246676846435,0,2.82623624801636
29.1247066135466,0,2.82623624801636
30.1247391722655,0,2.82623624801636
31.1307851848134,0,2.82623624801636
32.1388056005458,0,2.82623624801636
33.1388204643088,0,2.82639813423157
34.1479110709768,0,2.82623624801636
35.1489540116803,0,2.82639813423157
36.1569581480532,0,2.82623624801636
37.1610456828769,0,2.82639813423157
38.1650348337455,0,2.82623624801636
39.1670708153767,0,2.82623624801636
40.169142894718,0,2.82623624801636
41.1731709744897,0,2.82623624801636
42.1741866649611,0,2.82639813423157
43.1772478923398,0,2.82639813423157
44.1843718816039,0,2.82639813423157
45.1943504211614,0,2.82623624801636
46.2003801543497,0,2.82623624801636
47.20942970872,0,2.82639813423157
48.2145017908925,0,2.82607436180115
49.2205063972435,0,2.82623624801636
50.2249092561821,0,2.82623624801636
51.2275716392538,0,2.82623624801636
52.2376188352403,0,2.82623624801636
53.2416178952843,0,2.82623624801636
54.2506978849787,0,2.82639813423157
55.2567120466059,0,2.82639813423157
56.2668063111752,0,2.82639813423157
57.2738057279494,0,2.82639813423157
58.2748419445697,0,2.82639813423157
59.2848587052319,0,2.82639813423157
60.0519166427645,0,2.82656002044678
61.0544669507762,7.50017309188843,2.93471193313599
62.0802509788843,7.50053310394287,2.95284509658813
63.0835624129402,7.50053310394287,2.96887350082397
64.0885251402849,7.50053310394287,2.98279738426208
65.0886118455691,7.50053310394287,2.99558782577515
66.0936874667328,7.50053310394287,3.00756859779358
67.0956693017988,7.50017309188843,3.01857805252075
68.0956891201495,7.50017309188843,3.02910184860229
69.1047475219977,7.50017309188843,3.03913998603821
70.1141881348944,7.50017309188843,3.0485303401947
71.1178042760916,7.50053310394287,3.05759692192078
72.1218320019642,7.50089311599731,3.06633973121643
73.1290073066005,7.50053310394287,3.07459688186646
74.1309024363824,7.50053310394287,3.08253026008606
75.1404357708482,7.50017309188843,3.09013962745667
76.1460036656864,7.50017309188843,3.09742546081543
77.1480530954842,7.50053310394287,3.10454916954041
78.1500986323916,7.50089311599731,3.11151099205017
79.1581700095971,7.50053310394287,3.11814904212952
80.1673788185708,7.50089311599731,3.12478709220886
81.1712791407606,7.50053310394287,3.13077759742737
82.1732538978442,7.50053310394287,3.13676810264587
83.1753397792512,7.50089311599731,3.1427583694458
84.1853275201857,7.50053310394287,3.14842510223389
85.1913335421331,7.50089311599731,3.15425372123718
86.1964073938013,7.50053310394287,3.15943455696106
87.1994519879215,7.50017309188843,3.16461539268494
88.2014692128994,7.50089311599731,3.1699583530426
89.2045191155064,7.50017309188843,3.17481541633606
90.2145985163127,7.50053310394287,3.17983436584473
91.2226299029177,7.50017309188843,3.18452978134155
92.2316674247179,7.50053310394287,3.18938684463501
93.2366867759217,7.50017309188843,3.19375824928284
94.2447301950968,7.50017309188843,3.19829154014587
95.254776329386,7.50053310394287,3.2026629447937
96.2548145504908,7.50053310394287,3.20687246322632
97.2628324889294,7.50053310394287,3.21124386787415
98.2708900640692,7.50017309188843,3.21545338630676
99.2728966720736,7.50089311599731,3.21933889389038
100.280962032994,7.50053310394287,3.22322463989258
101.284973125608,7.50017309188843,3.22711038589478
102.293064321164,7.50053310394287,3.23099613189697
103.302081316815,7.50053310394287,3.23455786705017
104.308169443358,7.49981307983398,3.23811984062195
105.309138065247,7.50017309188843,3.24184370040894
106.310256740362,7.50017309188843,3.24524354934692
107.316224895104,7.50017309188843,3.2488055229187
108.321286714202,7.50017309188843,3.25220561027527
109.322328239309,7.50053310394287,3.25560545921326
110.326363750962,7.50053310394287,3.2586817741394
111.327376964139,7.50089311599731,3.2622435092926
112.335495763827,7.50053310394287,3.26515793800354
113.345464748108,7.50053310394287,3.26839590072632
114.345512878388,7.50053310394287,3.27163410186768
115.351535179695,7.50053310394287,3.27454829216003
116.353595934265,7.50053310394287,3.2776243686676
117.355584139515,7.50053310394287,3.28037691116333
118.361668727067,7.50053310394287,3.28329110145569
119.362697157906,7.50053310394287,3.28620529174805
120.368735030774,7.50053310394287,3.2889575958252
121.378782226761,7.50053310394287,3.29154825210571
122.378826464151,7.50053310394287,3.29430055618286
123.384853012247,7.50053310394287,3.29705286026001
124.386901026448,7.50053310394287,3.29964327812195
125.387976171972,7.50053310394287,3.30207180976868
126.396992813724,7.50053310394287,3.30450057983398
127.407018067965,7.50053310394287,3.3067672252655
128.412030341186,7.50089311599731,3.30935764312744
129.419115401547,7.50053310394287,3.31146240234375
130.427114937232,7.50053310394287,3.31356716156006
131.430187843281,7.50017309188843,3.31534814834595
132.430191382273,7.50017309188843,3.31745290756226
133.432278679276,7.50053310394287,3.31923365592957
134.442301810123,7.50017309188843,3.32101464271545
135.446340152969,7.50053310394287,3.32247185707092
136.452393597398,7.50053310394287,3.3240909576416
137.462433361503,7.50053310394287,3.32522416114807
138.479442107058,7.50053310394287,3.32635760307312
139.481507462316,7.50089311599731,3.3276526927948
140.487548520276,7.50017309188843,3.32878613471985
141.49558061468,7.50053310394287,3.32975745201111
142.501602562087,7.50017309188843,3.33040499687195
143.501646091679,7.50053310394287,3.33137655258179
144.510714756602,7.50053310394287,3.33218598365784
145.514726557014,7.50053310394287,3.33299565315247
146.522881808311,7.50053310394287,3.3334813117981
147.524811620206,7.50053310394287,3.33429074287415
148.534843598531,7.50017309188843,3.33477640151978
149.535886185335,7.50053310394287,3.33542418479919
150.540903059245,7.50053310394287,3.33590984344482
151.548976559845,7.50089311599731,3.33655738830566
152.553001454525,7.50053310394287,3.33704328536987
153.555044868037,7.50017309188843,3.33736705780029
154.564080974241,7.50017309188843,3.33801460266113
155.56810232993,7.50053310394287,3.33833837509155
156.572172877596,7.50053310394287,3.33882403373718
157.577184796918,7.50053310394287,3.33914804458618
158.580247439893,7.50017309188843,3.33963370323181
159.585262190408,7.50017309188843,3.34011936187744
160.589317166513,7.50053310394287,3.34060502052307
161.594329793634,7.50053310394287,3.34092879295349
162.59840423419,7.50053310394287,3.3414146900177
163.598443516992,7.50089311599731,3.34190034866333
164.605479385376,7.50053310394287,3.34222412109375
165.608523271698,7.50053310394287,3.34254789352417
166.618556665618,7.50053310394287,3.3430335521698
167.625595365195,7.50017309188843,3.34335732460022
168.632649282433,7.50089311599731,3.34400510787964
169.637665802444,7.50017309188843,3.34416699409485
170.645915544806,7.50053310394287,3.3449764251709
171.655762433891,7.50053310394287,3.34513831138611
172.664759965091,7.50053310394287,3.34562397003174
173.665831925522,7.50053310394287,3.34594798088074
174.665864130342,7.50017309188843,3.34643363952637
175.67488643448,7.50053310394287,3.346919298172
176.6789753849,7.50053310394287,3.34724307060242
177.684960526799,7.50089311599731,3.34789085388184
178.694000525893,7.50017309188843,3.34821462631226
179.695100090456,7.50017309188843,3.34853839874268
180.703095025452,7.50017309188843,3.3488621711731
181.706141742967,7.50053310394287,3.34967160224915
182.714166405488,7.50017309188843,3.34999537467957
183.717215954196,7.50053310394287,3.35064315795898
184.717274347551,7.50053310394287,3.3509669303894
185.721301719524,7.50089311599731,3.35145258903503
186.723332392669,7.50053310394287,3.35177636146545
187.730390202798,7.50053310394287,3.35226225852966
188.731475965295,7.50053310394287,3.35274791717529
189.741591109912,7.50089311599731,3.35323357582092
190.745545224768,7.50053310394287,3.35355734825134
191.747516088961,7.50053310394287,3.35404300689697
192.751602915986,7.50053310394287,3.35452890396118
193.753671102438,7.50053310394287,3.35517644882202
194.754665912861,7.50017309188843,3.35550022125244
195.75471439704,7.50053310394287,3.35598587989807
196.754821274574,7.50053310394287,3.3564715385437
197.76074766922,7.50053310394287,3.3567955493927
198.770815745254,7.50053310394287,3.35744309425354
199.771971225878,7.50053310394287,3.35776686668396
200.776953063775,7.50053310394287,3.35825252532959
201.782920156819,7.50053310394287,3.35873818397522
202.784930303815,7.50089311599731,3.35922408103943
203.793977026992,7.50053310394287,3.35954785346985
204.796090866429,7.50053310394287,3.36019539833069
205.800097358355,7.50053310394287,3.36051917076111
206.81013712246,7.50053310394287,3.36132884025574
207.816090767338,7.50053310394287,3.36149072647095
208.817237046584,7.50053310394287,3.36213827133179
209.821250262592,7.50053310394287,3.362300157547
210.82327952014,7.50017309188843,3.36294770240784
211.826329776647,7.50017309188843,3.36343359947205
212.835350665188,7.50053310394287,3.36391925811768
213.837384877324,7.50053310394287,3.36440491676331
214.839555694519,7.50017309188843,3.36489057540894
215.846501318627,7.50053310394287,3.36537647247314
216.850498963075,7.50053310394287,3.36570024490356
217.856580719434,7.50053310394287,3.3663477897644
218.856580719434,7.50053310394287,3.36667156219482
219.863653039427,7.50017309188843,3.36699533462524
220.868651156683,7.50053310394287,3.36748123168945
221.870709433959,7.50053310394287,3.36796689033508
222.876753323112,7.50053310394287,3.36845254898071
223.879804641315,7.50053310394287,3.36893820762634
224.879824105767,7.50053310394287,3.36926198005676
225.88192768213,7.50089311599731,3.36974787712097
226.890919197045,7.50053310394287,3.3702335357666
227.899942916779,7.50089311599731,3.37071919441223
228.906017595156,7.50017309188843,3.37104296684265
229.914023854923,7.50053310394287,3.37152862548828
230.921080603355,7.50053310394287,3.3721764087677
231.924120950686,7.50017309188843,3.37233829498291
232.932170740045,7.50089311599731,3.37298583984375
233.940181246602,7.50053310394287,3.37330961227417
234.945225370744,7.50053310394287,3.3737952709198
235.950269494886,7.50017309188843,3.3741192817688
236.952317155188,7.50053310394287,3.37476682662964
237.954336149662,7.50053310394287,3.37509059906006
238.962361519982,7.50053310394287,3.37557625770569
239.962415312648,7.50089311599731,3.37606191635132
240.971450003255,7.50053310394287,3.37638592720032
241.981502153829,7.50089311599731,3.37703347206116
242.9895473425,7.50053310394287,3.37735724449158
243.998578494116,7.50089311599731,3.37784290313721
245.007623801697,7.50053310394287,3.37816667556763
246.007673701473,7.50053310394287,3.37865257263184
247.016697775106,7.50053310394287,3.37897634506226
248.020760183093,7.50053310394287,3.37946200370789
249.029792396406,7.50053310394287,3.37994766235352
250.029826724621,7.50017309188843,3.38043332099915
251.030876389407,7.50053310394287,3.38075733184814
252.034900930188,7.50053310394287,3.38124299049377
253.035176617601,7.50053310394287,3.38156676292419
254.04414265178,7.50053310394287,3.38205242156982
255.048183825819,7.50089311599731,3.38237619400024
256.048184179718,7.50053310394287,3.38286209106445
257.05622087481,7.50053310394287,3.38350963592529
258.064272787564,7.50053310394287,3.38383340835571
259.06626240841,7.50053310394287,3.38415718078613
260.073456823599,7.50053310394287,3.38448095321655
261.086309024002,7.50053310394287,3.38496685028076
262.086475710487,7.50053310394287,3.38545250892639
263.092492349408,7.50053310394287,3.38577628135681
264.101581186581,7.50053310394287,3.38626194000244
265.112399174848,7.50089311599731,3.38674759864807
266.114435510378,7.50089311599731,3.38723349571228
267.124686906157,7.50053310394287,3.3875572681427
268.135540284336,7.50053310394287,3.38788104057312
269.137552554726,7.50017309188843,3.38836669921875
270.147602935805,7.50089311599731,3.38885235786438
271.152647767745,7.50053310394287,3.38901424407959
272.156636918614,7.50089311599731,3.38966202735901
273.161721741155,7.50017309188843,3.38982391357422
274.166734722174,7.50017309188843,3.39030957221985
275.173962757779,7.50089311599731,3.39095711708069
276.175985291244,7.50053310394287,3.3911190032959
277.178872400256,7.50017309188843,3.3914430141449
278.181933273736,7.50017309188843,3.39209055900574
279.183956868898,7.50053310394287,3.39241433143616
280.191987193806,7.50017309188843,3.39289999008179
281.193050306759,7.50053310394287,3.39322376251221
282.194051133467,7.50053310394287,3.39370965957642
283.203114136004,7.50017309188843,3.39403343200684
284.20816073744,7.50089311599731,3.39451909065247
285.216203802716,7.50053310394287,3.39484286308289
286.218224920584,7.50017309188843,3.39516663551331
287.221273053696,7.50017309188843,3.39565229415894
288.224334634974,7.50089311599731,3.39613819122314
289.229357171269,7.50089311599731,3.39646196365356
290.233362247598,7.50017309188843,3.39678573608398
291.237513838163,7.50089311599731,3.39727139472961
292.246471378762,7.50089311599731,3.39775705337524
293.253510432238,7.50089311599731,3.39808106422424
294.258514919678,7.50053310394287,3.39824295043945
295.266580634498,7.50017309188843,3.39840483665466
296.272627000945,7.50089311599731,3.3990523815155
297.272662390857,7.50089311599731,3.39937615394592
298.279681625982,7.50053310394287,3.39969992637634
299.289730591464,7.50089311599731,3.40018582344055
300.297771533345,7.50017309188843,3.40034770965576
301.301829694542,7.50053310394287,3.40083336830139
302.306825334505,7.50089311599731,3.40131902694702
303.308845036777,7.50053310394287,3.40164279937744
304.30992407519,7.50017309188843,3.40196657180786
305.316927030956,7.50053310394287,3.40245246887207
306.322998878139,7.50053310394287,3.4029381275177
307.326064706206,7.50053310394287,3.40310001373291
308.327076149888,7.50089311599731,3.40342378616333
309.331144928059,7.50053310394287,3.40374755859375
310.339172067874,7.50053310394287,3.40423321723938
311.341225036663,7.50089311599731,3.40455722808838
312.341261134373,7.50125312805176,3.40504288673401
313.348327084182,7.50017309188843,3.40520477294922
314.350337231178,7.50017309188843,3.40536665916443
315.352588737372,7.50053310394287,3.40585231781006
316.359406249999,7.50017309188843,3.40601420402527
317.365435983188,7.50053310394287,3.4064998626709
318.375679593185,7.50017309188843,3.4068238735199
319.376498515746,7.50053310394287,3.40714764595032
320.383316736172,7.50017309188843,3.40747141838074
321.384609883552,7.50053310394287,3.40795707702637
322.391643628541,7.50053310394287,3.40811896324158
323.393687749852,7.50053310394287,3.408442735672
324.403714773589,7.50053310394287,3.40876650810242
325.405751463018,7.50089311599731,3.40909051895142
326.410794525463,7.50017309188843,3.40925240516663
327.412033526278,7.50053310394287,3.40957617759705
328.418882535927,7.50053310394287,3.41006183624268
329.423923828876,7.50053310394287,3.41022372245789
330.430939878909,7.50053310394287,3.41070938110352
331.439989787179,7.50053310394287,3.41087126731873
332.448028959564,7.50053310394287,3.41103339195251
333.451141502315,7.50053310394287,3.41119527816772
334.462087955963,7.50017309188843,3.41168093681335
335.469179032609,7.50053310394287,3.41216659545898
336.473174907561,7.50017309188843,3.41216659545898
337.476219501681,7.50053310394287,3.4124903678894
338.477267396972,7.50053310394287,3.41265225410461
339.477317650647,7.50053310394287,3.41297602653503
340.483392682923,7.50017309188843,3.41330003738403
341.488395046969,7.50053310394287,3.41362380981445
342.497419828401,7.50053310394287,3.41378569602966
343.499469612098,7.50017309188843,3.41394758224487
344.509490973448,7.50089311599731,3.4144332408905
345.513555504829,7.50053310394287,3.4144332408905
346.516578157204,7.50125312805176,3.41475701332092
347.524606004818,7.50053310394287,3.41491889953613
348.524647057116,7.50053310394287,3.41524267196655
349.525668763872,7.50053310394287,3.41540479660034
350.531670892929,7.50053310394287,3.41572856903076
351.531782017253,7.50089311599731,3.41589045524597
352.532614741879,7.50053310394287,3.41621422767639
353.541851508884,7.50053310394287,3.41621422767639
354.546896694723,7.50017309188843,3.4163761138916
355.547896105835,7.50089311599731,3.41686177253723
356.548973020854,7.50053310394287,3.41702365875244
357.551023866248,7.50089311599731,3.41702365875244
358.551263455952,7.50089311599731,3.41734743118286
359.55430875787,7.50053310394287,3.41750931739807
360.564348521975,7.50053310394287,3.41767144203186
361.567828058112,7.50053310394287,3.41799521446228
362.576388170001,7.50053310394287,3.41815710067749
363.580464380053,7.50017309188843,3.41815710067749
364.586529149254,7.50053310394287,3.4183189868927
365.595490936643,7.50089311599731,3.41880464553833
366.603955849669,7.50053310394287,3.41880464553833
367.611622720181,7.50089311599731,3.41896653175354
368.619611638892,7.50053310394287,3.41896653175354
369.625638186988,7.50053310394287,3.41929030418396
370.635554440301,7.50089311599731,3.41961407661438
371.639557039336,7.50053310394287,3.41961407661438
372.647606828695,7.50017309188843,3.41961407661438
373.648655077885,7.50053310394287,3.41993808746338
374.654678794789,7.50017309188843,3.42009997367859
375.65774710015,7.50089311599731,3.4202618598938
376.659772464808,7.50053310394287,3.42042374610901
377.663815054443,7.50053310394287,3.42058563232422
378.664807741472,7.50089311599731,3.42074751853943
379.668399817529,7.50089311599731,3.42090940475464
380.672955914786,7.50053310394287,3.42107129096985
381.675941053854,7.50053310394287,3.42107129096985
382.682016440029,7.50089311599731,3.42139506340027
383.691026357698,7.50053310394287,3.42139506340027
384.700074850371,7.50053310394287,3.42155694961548
385.705114727723,7.50053310394287,3.42155694961548
386.70715672564,7.50017309188843,3.4218807220459
387.715195544126,7.50089311599731,3.42204284667969
388.725223275661,7.50053310394287,3.42204284667969
389.731244515271,7.50053310394287,3.42236661911011
390.739311999586,7.50089311599731,3.42236661911011
391.746346452373,7.50053310394287,3.42236661911011
392.753375950572,7.50053310394287,3.42269039154053
393.762431521228,7.50089311599731,3.42269039154053
394.762447800587,7.50053310394287,3.42285227775574
395.767510681382,7.50017309188843,3.42285227775574
396.767552087579,7.50053310394287,3.42301416397095
397.776588547682,7.50089311599731,3.42317605018616
398.780587961625,7.50089311599731,3.42333793640137
399.78165461357,7.50053310394287,3.42333793640137
400.786701568905,7.50053310394287,3.42349982261658
401.789718558894,7.50053310394287,3.42349982261658
402.793788752661,7.50089311599731,3.423823595047
403.795826857687,7.50053310394287,3.42398548126221
404.795850568928,7.50017309188843,3.42398548126221
405.797925833361,7.50089311599731,3.424147605896
406.802954385942,7.50053310394287,3.424147605896
407.808969255367,7.50053310394287,3.42430949211121
408.817197055983,7.50053310394287,3.42447137832642
409.822057860382,7.50053310394287,3.42447137832642
410.832072851549,7.50053310394287,3.42463326454163
411.832134429995,7.50089311599731,3.42495703697205
412.833171354414,7.50053310394287,3.42495703697205
413.83418916828,7.50053310394287,3.42511892318726
414.842223739977,7.50053310394287,3.42511892318726
415.843255355909,7.50017309188843,3.42495703697205
416.8463516193,7.50017309188843,3.42528080940247
417.846370729853,7.50053310394287,3.42528080940247
418.847374033855,7.50053310394287,3.42560458183289
419.856406247168,7.50053310394287,3.4257664680481
420.864444711756,7.50017309188843,3.42560458183289
421.870532838299,7.50053310394287,3.42592835426331
422.883603748357,7.50089311599731,3.42609024047852
423.889566594612,7.50053310394287,3.42609024047852
424.894594793294,7.50053310394287,3.42609024047852
425.895703913133,7.50125312805176,3.42641425132751
426.897740956461,7.50089311599731,3.42657613754272
427.904755236998,7.50053310394287,3.42657613754272
428.938479699638,7.50053310394287,3.42673802375793
429.944838559007,7.50053310394287,3.42657613754272
430.951900969824,7.50053310394287,3.42673802375793
431.952890471761,7.50053310394287,3.42689990997314
432.953890236772,7.50053310394287,3.42706179618835
433.962030624306,7.50017309188843,3.42706179618835
434.971024616514,7.50017309188843,3.42722368240356
435.975060835966,7.50017309188843,3.42722368240356
436.976114393643,7.50053310394287,3.42738556861877
437.978125248436,7.50017309188843,3.42754745483398
438.988201110252,7.50053310394287,3.42770934104919
439.994235444129,7.50053310394287,3.42770934104919
441.002258691054,7.50053310394287,3.4278712272644
442.012315796216,7.50089311599731,3.42803311347961
443.019340339827,7.50053310394287,3.42819499969482
444.024360752729,7.50017309188843,3.42819499969482
445.02448072453,7.50017309188843,3.42835688591003
446.030459142346,7.50017309188843,3.42835688591003
447.039490293962,7.50053310394287,3.42851901054382
448.047515664282,7.50053310394287,3.42868089675903
449.053590342659,7.50017309188843,3.42884278297424
450.061625268255,7.50053310394287,3.42884278297424
451.062660423178,7.50053310394287,3.42900466918945
452.068695464853,7.50053310394287,3.42916655540466
453.074724844142,7.50053310394287,3.42916655540466
454.080780765865,7.50017309188843,3.42916655540466
455.088798350405,7.50089311599731,3.42932844161987
456.098865718641,7.50053310394287,3.42949032783508
457.106882241483,7.50053310394287,3.4298141002655
458.116947840224,7.50089311599731,3.4298141002655
459.118943477355,7.50053310394287,3.42997598648071
460.123997864572,7.50053310394287,3.42997598648071
461.130010610603,7.50089311599731,3.43029975891113
462.133115367573,7.50089311599731,3.43029975891113
463.139102632867,7.50053310394287,3.43046164512634
464.145149353213,7.50053310394287,3.43062376976013
465.155222029936,7.50053310394287,3.43046164512634
466.161301309001,7.50053310394287,3.43078565597534
467.164285386372,7.50089311599731,3.43078565597534
468.172321019767,7.50089311599731,3.43110942840576
469.174348507819,7.50089311599731,3.43127131462097
470.181411980334,7.50017309188843,3.43110942840576
471.191436526777,7.50017309188843,3.43127131462097
472.195491856781,7.50053310394287,3.43143320083618
473.199516397561,7.50053310394287,3.43143320083618
474.20864274804,7.50053310394287,3.4317569732666
475.211585065315,7.50089311599731,3.43191885948181
476.220634973584,7.50053310394287,3.43191885948181
477.227663763985,7.50053310394287,3.43208074569702
478.235714261143,7.50053310394287,3.43208074569702
479.244754968035,7.50053310394287,3.43240451812744
480.253810184791,7.50089311599731,3.43256640434265
481.258836967877,7.50017309188843,3.43256640434265
482.264899967582,7.50089311599731,3.43289041519165
483.26791341858,7.50017309188843,3.43289041519165
484.271953177022,7.50089311599731,3.43305230140686
485.276993054375,7.50053310394287,3.43305230140686
486.283021371967,7.50053310394287,3.43305230140686
487.286081891548,7.50017309188843,3.43321418762207
488.28808531446,7.50053310394287,3.43337607383728
489.292150907538,7.50053310394287,3.4336998462677
490.295168251426,7.50053310394287,3.4336998462677
491.301308047241,7.50017309188843,3.4336998462677
492.311267476246,7.50089311599731,3.43402361869812
493.316305230204,7.50053310394287,3.43402361869812
494.323344991477,7.50053310394287,3.43418550491333
495.326398079176,7.50053310394287,3.43418550491333
496.330412002983,7.50053310394287,3.43434739112854
497.339459433959,7.50053310394287,3.43450927734375
498.344509220487,7.50053310394287,3.43467116355896
499.347555584103,7.50053310394287,3.43483304977417
500.349609968488,7.50053310394287,3.43499517440796
501.349721446711,7.50053310394287,3.43515706062317
502.354614455929,7.50089311599731,3.43515706062317
503.362048106922,7.50017309188843,3.43531894683838
504.367696690759,7.50053310394287,3.43548083305359
505.367936634362,7.50089311599731,3.4356427192688
506.368230370631,7.50017309188843,3.43580460548401
507.368855710374,7.50053310394287,3.43596649169922
508.372886621339,7.50053310394287,3.43596649169922
509.376936288956,7.50089311599731,3.43612837791443
510.385965671077,7.50017309188843,3.43612837791443
511.404985625325,7.50089311599731,3.43645215034485
512.40505569735,7.50053310394287,3.43645215034485
513.406081296997,7.50089311599731,3.43677592277527
514.415152439214,7.50089311599731,3.43677592277527
515.420175683308,7.50053310394287,3.43693780899048
516.429219929191,7.50053310394287,3.43709969520569
517.438477576243,7.50053310394287,3.43709969520569
518.43927031027,7.50053310394287,3.43726181983948
519.448302523583,7.50017309188843,3.43742370605469
520.457392776352,7.50053310394287,3.43774747848511
521.468396915556,7.50053310394287,3.43774747848511
522.469438440663,7.50053310394287,3.43790936470032
523.469489402136,7.50017309188843,3.43790936470032
524.472533642357,7.50017309188843,3.43790936470032
525.473036886905,7.50017309188843,3.43823313713074
526.479606316249,7.50053310394287,3.43823313713074
527.482646309681,7.50053310394287,3.43839502334595
528.487681232446,7.50089311599731,3.43871879577637
529.493755556923,7.50089311599731,3.43871879577637
530.493760511511,7.50089311599731,3.43888068199158
531.496812891412,7.50053310394287,3.43904256820679
532.505857137295,7.50053310394287,3.439204454422
533.509853366146,7.50053310394287,3.43936657905579
534.516911176275,7.50053310394287,3.439528465271
535.516946920086,7.50089311599731,3.439528465271
536.519977712141,7.50053310394287,3.439528465271
537.523995174939,7.50053310394287,3.43969035148621
538.527046847041,7.50053310394287,3.43969035148621
539.529081059177,7.50017309188843,3.43985223770142
540.530166467775,7.50089311599731,3.44017601013184
541.538319241778,7.50017309188843,3.44001412391663
542.541239263408,7.50053310394287,3.44033789634705
543.550564859091,7.50053310394287,3.44066166877747
544.551357593117,7.50053310394287,3.44066166877747
545.562477811232,7.50053310394287,3.44082355499268
546.572378492984,7.50017309188843,3.44082355499268
547.572428746658,7.50053310394287,3.4411473274231
548.575484665551,7.50053310394287,3.44098544120789
549.584544129096,7.50089311599731,3.44130921363831
550.592492703307,7.50053310394287,3.44147109985352
551.600588145653,7.50053310394287,3.44147109985352
552.606623541227,7.50089311599731,3.44179511070251
553.612679816849,7.50089311599731,3.44195699691772
554.625701181031,7.50053310394287,3.44195699691772
555.627743532847,7.50053310394287,3.44195699691772
556.633773973833,7.50089311599731,3.44211888313293
557.633821750214,7.50053310394287,3.44211888313293
558.643857621429,7.50017309188843,3.44228076934814
559.644904808922,7.50053310394287,3.44244265556335
560.652919562268,7.50053310394287,3.44260454177856
561.65597972795,7.50053310394287,3.44276642799377
562.662052282932,7.50053310394287,3.44276642799377
563.662054406327,7.50053310394287,3.44309020042419
564.664075878094,7.50053310394287,3.4432520866394
565.674133337155,7.50053310394287,3.4432520866394
566.684224770531,7.50053310394287,3.4432520866394
567.690213451422,7.50053310394287,3.44341397285461
568.697239056731,7.50053310394287,3.44357585906982
569.699292733318,7.50053310394287,3.44357585906982
570.702313616197,7.50053310394287,3.44373798370361
571.70937779651,7.50053310394287,3.44406175613403
572.718412841017,7.50053310394287,3.44406175613403
573.726450243907,7.50053310394287,3.44406175613403
574.734499679367,7.50089311599731,3.44438552856445
575.735556776035,7.50053310394287,3.44438552856445
576.737565153535,7.50053310394287,3.44438552856445
577.74660090584,7.50053310394287,3.44454741477966
578.752650103479,7.50089311599731,3.44470930099487
579.760653178155,7.50053310394287,3.44470930099487
580.767705679797,7.50089311599731,3.44503307342529
581.775743082687,7.50089311599731,3.44503307342529
582.783795703239,7.50053310394287,3.4451949596405
583.785818236704,7.50017309188843,3.44503307342529
584.80106314905,7.50053310394287,3.44535684585571
585.813977989597,7.50017309188843,3.44535684585571
586.823955821357,7.50089311599731,3.44568061828613
587.824050312421,7.50053310394287,3.44568061828613
588.827068364108,7.50053310394287,3.44568061828613
589.828059281641,7.50053310394287,3.44584250450134
590.834119450153,7.50053310394287,3.44600462913513
591.838153192311,7.50053310394287,3.44600462913513
592.842196135846,7.50089311599731,3.44632840156555
593.846215722038,7.50017309188843,3.44632840156555
594.85332060075,7.50053310394287,3.44649028778076
595.857293472259,7.50053310394287,3.44649028778076
596.863345501092,7.50053310394287,3.44649028778076
597.869394344833,7.50053310394287,3.44681406021118
598.869418409973,7.50053310394287,3.44681406021118
599.869505469156,7.50089311599731,3.4471378326416
600.877495803463,7.50017309188843,3.44697594642639
601.878522464808,7.50053310394287,3.44697594642639
602.887557863213,7.50053310394287,3.4471378326416
603.895681971387,7.50089311599731,3.44729971885681
604.896723850393,7.50053310394287,3.44746160507202
605.899679615835,7.50053310394287,3.44746160507202
606.909734597602,7.50053310394287,3.44778537750244
607.909777773294,7.50017309188843,3.44762349128723
608.909812809307,7.50089311599731,3.44794726371765
609.910860704598,7.50089311599731,3.44810938835144
610.920871448976,7.50053310394287,3.44810938835144
611.928942826181,7.50089311599731,3.44810938835144
612.932959581181,7.50053310394287,3.44827127456665
613.938008306012,7.50053310394287,3.44843316078186
614.942043817665,7.50053310394287,3.44843316078186
615.945140081056,7.50089311599731,3.44859504699707
616.948124866225,7.50089311599731,3.44859504699707
617.950176065519,7.50053310394287,3.44859504699707
618.955209218788,7.50053310394287,3.44875693321228
619.957257586889,7.50053310394287,3.44891881942749
620.966288738505,7.50053310394287,3.44891881942749
621.973334869963,7.50053310394287,3.44924259185791
622.979329567138,7.50053310394287,3.44924259185791
623.986421351583,7.50089311599731,3.44940447807312
624.991460521137,7.50053310394287,3.44940447807312
625.995486123615,7.50053310394287,3.44940447807312
626.998519746862,7.50053310394287,3.44972825050354
627.999558440776,7.50089311599731,3.44989013671875
629.006580153195,7.50089311599731,3.44989013671875
630.009724546867,7.50089311599731,3.44989013671875
631.014655069392,7.50053310394287,3.44989013671875
632.022707689944,7.50089311599731,3.45005202293396
633.022747680545,7.50053310394287,3.45005202293396
634.032797353825,7.50053310394287,3.45021390914917
635.035842301844,7.50053310394287,3.45021390914917
636.044887963324,7.50089311599731,3.45037603378296
637.051964176207,7.50089311599731,3.45069980621338
638.059949555927,7.50089311599731,3.45069980621338
639.064013379509,7.50089311599731,3.45069980621338
640.064996511262,7.50053310394287,3.45086169242859
641.06606953339,7.50089311599731,3.4510235786438
642.072107406259,7.50053310394287,3.4510235786438
643.077159316181,7.50089311599731,3.45118546485901
644.086186928806,7.50089311599731,3.4510235786438
645.094226101192,7.50089311599731,3.45134735107422
646.103254067716,7.50053310394287,3.45134735107422
647.10632131138,7.50053310394287,3.45134735107422
648.116398588791,7.50053310394287,3.45167112350464
649.121416170499,7.50053310394287,3.45167112350464
650.12542053903,7.50017309188843,3.45150923728943
651.128482828106,7.50089311599731,3.45183300971985
652.130519163637,7.50053310394287,3.45183300971985
653.130553137952,7.50089311599731,3.45199489593506
654.13757520427,7.50053310394287,3.45215678215027
655.144908347913,7.50053310394287,3.45231866836548
656.145777524149,7.50053310394287,3.45215678215027
657.152794989779,7.50089311599731,3.45248079299927
658.16269567153,7.50053310394287,3.45248079299927
659.172795952384,7.50053310394287,3.45248079299927
660.175840900404,7.50089311599731,3.45264267921448
661.177958632731,7.50053310394287,3.45264267921448
662.180918291063,7.50053310394287,3.45264267921448
663.181940351718,7.50017309188843,3.45264267921448
664.184006060876,7.50053310394287,3.4529664516449
665.190054550717,7.50017309188843,3.45312833786011
666.190084278243,7.50053310394287,3.45312833786011
667.200592250883,7.50053310394287,3.45329022407532
668.207102932974,7.50017309188843,3.45329022407532
669.212146703217,7.50053310394287,3.45329022407532
670.223646655086,7.50017309188843,3.45345211029053
671.230251474343,7.50053310394287,3.45361399650574
672.235335942985,7.50017309188843,3.45361399650574
673.236053296499,7.50053310394287,3.45377588272095
674.236363312127,7.50053310394287,3.45377588272095
675.24341156698,7.50053310394287,3.45393776893616
676.247438938953,7.50053310394287,3.45409965515137
677.249467842602,7.50053310394287,3.45409965515137
678.255522702628,7.50053310394287,3.45426154136658
679.256602802739,7.50053310394287,3.45426154136658
680.261662144543,7.50053310394287,3.45426154136658
681.262658724462,7.50017309188843,3.45442342758179
682.268685980356,7.50089311599731,3.45458555221558
683.27075310511,7.50017309188843,3.45458555221558
684.275797583151,7.50089311599731,3.45474743843079
685.28080313229,7.50089311599731,3.454909324646
686.281840056708,7.50053310394287,3.454909324646
687.290909783328,7.50017309188843,3.454909324646
688.300920173806,7.50053310394287,3.45523309707642
689.308955099403,7.50053310394287,3.45507121086121
690.312007479303,7.50089311599731,3.45523309707642
691.32202247047,7.50089311599731,3.45539498329163
692.330495523176,7.50053310394287,3.45539498329163
693.33910942773,7.50053310394287,3.45539498329163
694.342162869328,7.50053310394287,3.45555686950684
695.350171960289,7.50053310394287,3.45571875572205
696.357220215142,7.50089311599731,3.45588064193726
697.358278019608,7.50053310394287,3.45588064193726
698.362325563831,7.50053310394287,3.45604252815247
699.367358363202,7.50017309188843,3.45604252815247
700.373364385149,7.50053310394287,3.45604252815247
701.379415706184,7.50053310394287,3.45620441436768
702.389439190929,7.50053310394287,3.45636630058289
703.394486146264,7.50089311599731,3.4565281867981
704.399509390359,7.50053310394287,3.45636630058289
705.405538415749,7.50089311599731,3.4565281867981
706.41272362956,7.50053310394287,3.45669007301331
707.417715730532,7.50053310394287,3.4570140838623
708.423748648812,7.50053310394287,3.45685219764709
709.43374736062,7.50053310394287,3.4570140838623
710.441782994014,7.50053310394287,3.45717597007751
711.451833728992,7.50053310394287,3.45717597007751
712.454868413937,7.50053310394287,3.45717597007751
713.461943565122,7.50017309188843,3.45717597007751
714.464924103502,7.50053310394287,3.45749974250793
715.468983326396,7.50089311599731,3.45749974250793
716.471997839091,7.50089311599731,3.45749974250793
717.480051167442,7.50053310394287,3.45766162872314
718.485075827132,7.50053310394287,3.45766162872314
719.487135520005,7.50089311599731,3.45782351493835
720.488178106809,7.50053310394287,3.45782351493835
721.491192619504,7.50017309188843,3.45798540115356
722.498246890642,7.50017309188843,3.45814728736877
723.505279573933,7.50089311599731,3.45830917358398
724.511336203455,7.50053310394287,3.45830917358398
725.513320515814,7.50017309188843,3.45830917358398
726.51542692337,7.50053310394287,3.45847105979919
727.521446039585,7.50053310394287,3.45847105979919
728.528511989394,7.50017309188843,3.4586329460144
729.536518249161,7.50053310394287,3.4589569568634
730.539567090071,7.50089311599731,3.45879483222961
731.547580427821,7.50053310394287,3.4589569568634
732.552645432011,7.50089311599731,3.4589569568634
733.560670802331,7.50089311599731,3.45911884307861
734.560730257383,7.50089311599731,3.45944261550903
735.567768249161,7.50053310394287,3.45928072929382
736.572788308163,7.50053310394287,3.45944261550903
737.577786071521,7.50053310394287,3.45944261550903
738.58287160186,7.50089311599731,3.45960450172424
739.586922331175,7.50089311599731,3.45976638793945
740.593121582042,7.50053310394287,3.45992827415466
741.602978734201,7.50053310394287,3.45992827415466
742.606053763646,7.50053310394287,3.45992827415466
743.612084204632,7.50053310394287,3.46009016036987
744.621175519099,7.50053310394287,3.46025204658508
745.62312691884,7.50089311599731,3.46025204658508
746.632155239263,7.50053310394287,3.46025204658508
747.633219413914,7.50053310394287,3.46041393280029
748.641285482633,7.50053310394287,3.46041393280029
749.646309434525,7.50089311599731,3.46041393280029
750.648359572121,7.50053310394287,3.46073770523071
751.658389427051,7.50053310394287,3.46073770523071
752.668532175799,7.50053310394287,3.46106147766113
753.669469654565,7.50089311599731,3.46122360229492
754.675488062982,7.50053310394287,3.46122360229492
755.68255436669,7.50089311599731,3.46122360229492
756.685638243612,7.50053310394287,3.46138548851013
757.689615008012,7.50053310394287,3.46138548851013
758.693666091226,7.50089311599731,3.46154737472534
759.704142920743,7.50017309188843,3.46154737472534
760.705738297971,7.50089311599731,3.46170926094055
761.706793271244,7.50089311599731,3.46187114715576
762.709818400913,7.50053310394287,3.46187114715576
763.71686099338,7.50053310394287,3.46203303337097
764.724901935261,7.50053310394287,3.46203303337097
765.732950662923,7.50053310394287,3.46235680580139
766.738960577761,7.50053310394287,3.46235680580139
767.74603820624,7.50053310394287,3.46235680580139
768.75404375821,7.50053310394287,3.46235680580139
769.759161847268,7.50053310394287,3.4625186920166
770.765115492146,7.50089311599731,3.46268057823181
771.77017483395,7.50089311599731,3.46300435066223
772.772181088055,7.50089311599731,3.46300435066223
773.774226271063,7.50053310394287,3.46300435066223
774.783265916258,7.50053310394287,3.46300435066223
775.786430836079,7.50053310394287,3.46332836151123
776.793381768674,7.50053310394287,3.46349024772644
777.800385078338,7.50017309188843,3.46332836151123
778.809491256568,7.50089311599731,3.46365213394165
779.819575258063,7.50053310394287,3.46365213394165
780.82951769991,7.50053310394287,3.46381402015686
781.832614317201,7.50053310394287,3.46397590637207
782.8416118484,7.50089311599731,3.46413779258728
783.847855690556,7.50017309188843,3.46397590637207
784.853655035418,7.50017309188843,3.46397590637207
785.862707420981,7.50053310394287,3.4644615650177
786.86873680027,7.50089311599731,3.4644615650177
787.8773206234,7.50053310394287,3.4644615650177
788.880819623989,7.50053310394287,3.46478533744812
789.890007552914,7.50053310394287,3.46462345123291
790.897001307303,7.50053310394287,3.46494722366333
791.906913667725,7.50053310394287,3.46494722366333
792.908026326555,7.50053310394287,3.46494722366333
793.911065612188,7.50053310394287,3.46510910987854
794.91507351971,7.50089311599731,3.46543288230896
795.92011445876,7.50089311599731,3.46543288230896
796.928220871978,7.50053310394287,3.46543288230896
797.931254495226,7.50053310394287,3.46559500694275
798.936251196886,7.50053310394287,3.46559500694275
799.945366222593,7.50053310394287,3.46591877937317
800.954349243929,7.50053310394287,3.46591877937317
801.959390182979,7.50053310394287,3.46608066558838
802.967396796646,7.50017309188843,3.46608066558838
803.96741944619,7.50089311599731,3.4664044380188
804.976958089142,7.50089311599731,3.4664044380188
805.977521142641,7.50089311599731,3.46656632423401
806.987550643671,7.50053310394287,3.46656632423401
807.99259193662,7.50053310394287,3.46672821044922
809.002618252559,7.50053310394287,3.46689009666443
810.012724903597,7.50053310394287,3.46689009666443
811.016849243929,7.50125312805176,3.46721386909485
812.023748507253,7.50053310394287,3.46721386909485
813.027757122573,7.50053310394287,3.46721386909485
814.027808084046,7.50053310394287,3.46737575531006
815.031834394322,7.50089311599731,3.46753764152527
816.036913200578,7.50089311599731,3.46769976615906
817.070081333803,7.50017309188843,3.46769976615906
818.076043826158,7.50053310394287,3.46786165237427
819.079021533345,7.50089311599731,3.46802353858948
820.087068491512,7.50053310394287,3.46802353858948
821.087102819726,7.50089311599731,3.46802353858948
822.093119104748,7.50053310394287,3.46818542480469
823.098221268345,7.50053310394287,3.4683473110199
824.1072368484,7.50053310394287,3.46850919723511
825.110251361095,7.50053310394287,3.46867108345032
826.114297843621,7.50053310394287,3.46883296966553
827.12432805245,7.50017309188843,3.46883296966553
828.133383977004,7.50017309188843,3.46899485588074
829.13540226368,7.50089311599731,3.46915674209595
830.137314734518,7.50053310394287,3.46931862831116
831.145494050955,7.50053310394287,3.46931862831116
832.152513993878,7.50053310394287,3.46948051452637
833.157529806091,7.50053310394287,3.46964240074158
834.171799726364,7.50053310394287,3.46980428695679
835.185099963052,7.50053310394287,3.46996641159058
836.190686968443,7.50053310394287,3.46996641159058
837.19370855912,7.50053310394287,3.47012829780579
838.20376637208,7.50089311599731,3.47045207023621
839.204256168461,7.50089311599731,3.47045207023621
840.211845535066,7.50089311599731,3.47045207023621
841.211938256636,7.50053310394287,3.47061395645142
842.215919975623,7.50017309188843,3.47061395645142
843.217152606254,7.50053310394287,3.47077584266663
844.219993354482,7.50125312805176,3.47109961509705
845.228090212424,7.50053310394287,3.47093772888184
846.237247352126,7.50053310394287,3.47126150131226
847.239119124566,7.50053310394287,3.47142338752747
848.241130333259,7.50053310394287,3.47158527374268
849.24819946816,7.50089311599731,3.47174715995789
850.25820915084,7.50089311599731,3.47174715995789
851.259262000718,7.50089311599731,3.47207117080688
852.263506312852,7.50089311599731,3.47207117080688
853.271402156094,7.50089311599731,3.47223305702209
854.273454063186,7.50089311599731,3.4723949432373
855.277427288594,7.50053310394287,3.4723949432373
856.281457845659,7.50053310394287,3.47255682945251
857.289522852681,7.50053310394287,3.47271871566772
858.292526748403,7.50053310394287,3.47271871566772
859.296649319239,7.50089311599731,3.47304248809814
860.299619594544,7.50053310394287,3.47304248809814
861.302668435454,7.50089311599731,3.47320437431335
862.310682834901,7.50053310394287,3.47320437431335
863.311736038679,7.50053310394287,3.47336626052856
864.320768605892,7.50053310394287,3.47352814674377
865.326840806974,7.50089311599731,3.47385191917419
866.327838094691,7.50053310394287,3.47385191917419
867.334962791754,7.50053310394287,3.4740138053894
868.33895300432,7.50089311599731,3.47417593002319
869.349015771867,7.50089311599731,3.4743378162384
870.354994897482,7.50089311599731,3.47449970245361
871.356022974422,7.50053310394287,3.47449970245361
872.358179635653,7.50053310394287,3.47466158866882
873.366177401842,7.50053310394287,3.47482347488403
874.375182364923,7.50053310394287,3.47498536109924
875.376209734065,7.50053310394287,3.47514724731445
876.383253742129,7.50089311599731,3.47547101974487
877.385268135914,7.50053310394287,3.47547101974487
878.392311790078,7.50125312805176,3.47579479217529
879.399383048373,7.50053310394287,3.47563290596008
880.404415847743,7.50017309188843,3.47579479217529
881.408467284857,7.50089311599731,3.4759566783905
882.415480857596,7.50089311599731,3.47628045082092
883.418528282909,7.50089311599731,3.47628045082092
884.423566744665,7.50053310394287,3.47644257545471
885.430599427957,7.50053310394287,3.47660446166992
886.431654047331,7.50053310394287,3.47676634788513
887.436007714292,7.50053310394287,3.47692823410034
888.436126624396,7.50053310394287,3.47709012031555
889.441778747225,7.50053310394287,3.47709012031555
890.452824646525,7.50053310394287,3.47725200653076
891.460826305604,7.50053310394287,3.47757577896118
892.460889299647,7.50017309188843,3.47757577896118
893.465116270724,7.50089311599731,3.47773766517639
894.468015412306,7.50053310394287,3.47773766517639
895.477998906451,7.50053310394287,3.47806143760681
896.487003515633,7.50053310394287,3.47822332382202
897.487041382839,7.50089311599731,3.47838521003723
898.494109456042,7.50053310394287,3.47854733467102
899.501170805162,7.50089311599731,3.47870922088623
900.509207500254,7.50053310394287,3.47903299331665
901.514384690465,7.50053310394287,3.47903299331665
902.521380568248,7.50125312805176,3.47935676574707
903.531328672481,7.50017309188843,3.47919487953186
904.538399930777,7.50125312805176,3.47951865196228
905.539506219423,7.50089311599731,3.47968053817749
906.546462460504,7.50125312805176,3.4798424243927
907.549564386282,7.50053310394287,3.48000431060791
908.559484178585,7.50053310394287,3.48016619682312
909.559597780202,7.50089311599731,3.48048996925354
910.565610880132,7.50053310394287,3.48048996925354
911.566975515135,7.50017309188843,3.48065185546875
912.568694757055,7.50053310394287,3.48081398010254
913.575699482316,7.50089311599731,3.48097586631775
914.577829955012,7.50053310394287,3.48097586631775
915.585853909735,7.50089311599731,3.48113775253296
916.597302900132,7.50089311599731,3.48162341117859
917.599869730441,7.50017309188843,3.4817852973938
918.606905598825,7.50053310394287,3.4817852973938
919.608957859816,7.50053310394287,3.48210906982422
920.61496494346,7.50017309188843,3.48227095603943
921.61700941867,7.50089311599731,3.48243284225464
922.625067347709,7.50053310394287,3.48259472846985
923.626104979926,7.50089311599731,3.48275661468506
924.636127756873,7.50089311599731,3.48308062553406
925.638187095847,7.50053310394287,3.48308062553406
926.640258821289,7.50053310394287,3.48324251174927
927.646257057456,7.50089311599731,3.48356628417969
928.652277589267,7.50089311599731,3.4837281703949
929.652325719547,7.50089311599731,3.48389005661011
930.661384475294,7.50017309188843,3.48405194282532
931.667449598395,7.50053310394287,3.48421382904053
932.669454083004,7.50053310394287,3.48453760147095
933.671474139175,7.50053310394287,3.48453760147095
934.673541617828,7.50053310394287,3.48469948768616
935.674627380325,7.50053310394287,3.48486137390137
936.679606387029,7.50089311599731,3.48518538475037
937.680628801584,7.50053310394287,3.48534727096558
938.690740761109,7.50017309188843,3.48534727096558
939.698702429588,7.50053310394287,3.485671043396
940.70575882412,7.50053310394287,3.48583292961121
941.710854617533,7.50089311599731,3.48615670204163
942.711854736444,7.50089311599731,3.48648047447205
943.717894024908,7.50053310394287,3.48631858825684
944.72692269923,7.50053310394287,3.48664236068726
945.731013419146,7.50053310394287,3.48680424690247
946.737012009212,7.50053310394287,3.48696613311768
947.744482819613,7.50053310394287,3.48729014396667
948.750074071793,7.50089311599731,3.48745203018188
949.754121616016,7.50053310394287,3.48761391639709
950.76215724941,7.50053310394287,3.4877758026123
951.763171170386,7.50089311599731,3.48793768882751
952.766229566572,7.50089311599731,3.48826146125793
953.776702149299,7.50053310394287,3.48826146125793
954.777337752117,7.50053310394287,3.48858523368835
955.778350257496,7.50053310394287,3.48890900611877
956.785391080467,7.50089311599731,3.48907089233398
957.792898696376,7.50017309188843,3.48923277854919
958.797479920471,7.50089311599731,3.4893946647644
959.805502813497,7.50053310394287,3.4897186756134
960.808552362205,7.50053310394287,3.4897186756134
961.81464367384,7.50089311599731,3.49004244804382
962.824639200555,7.50089311599731,3.49036622047424
963.824719889554,7.50053310394287,3.49052810668945
964.826695354436,7.50053310394287,3.49068999290466
965.831752926745,7.50053310394287,3.49085187911987
966.836733702945,7.50089311599731,3.49117565155029
967.836958074986,7.50089311599731,3.4913375377655
968.840846010707,7.50089311599731,3.49149942398071
969.856583196728,7.50053310394287,3.49182343482971
970.862947010684,7.50053310394287,3.49182343482971
971.872996683965,7.50053310394287,3.49214720726013
972.87303065828,7.50053310394287,3.49230909347534
973.87806735054,7.50053310394287,3.49263286590576
974.888098621067,7.50089311599731,3.49295663833618
975.892145457492,7.50053310394287,3.49311852455139
976.893173888331,7.50053310394287,3.49344229698181
977.901218723103,7.50017309188843,3.49344229698181
978.909248340212,7.50053310394287,3.49376606941223
979.916293409973,7.50017309188843,3.49409008026123
980.924332582359,7.50053310394287,3.49425196647644
981.930375409814,7.50053310394287,3.49457573890686
982.930390273577,7.50053310394287,3.49473762512207
983.937475687838,7.50053310394287,3.49506139755249
984.939487958228,7.50053310394287,3.4952232837677
985.947555442543,7.50053310394287,3.49554705619812
986.951030731891,7.50053310394287,3.49570894241333
987.951669165902,7.50089311599731,3.49603295326233
988.952664330224,7.50053310394287,3.49619483947754
989.955675303928,7.50089311599731,3.49651861190796
990.959722494252,7.50053310394287,3.49668049812317
991.96477228078,7.50089311599731,3.49700427055359
992.966839051635,7.50089311599731,3.49732804298401
993.966867009665,7.50053310394287,3.49748992919922
994.968055756805,7.50053310394287,3.49765181541443
995.975930012202,7.50089311599731,3.49813771247864
996.980962457673,7.50125312805176,3.49846148490906
997.985983224473,7.50089311599731,3.49846148490906
998.995028532054,7.50053310394287,3.49894714355469
1000.00305071728,7.50053310394287,3.49894714355469
1001.00512350442,7.50089311599731,3.49927091598511
1002.01012268338,7.50089311599731,3.49959468841553
1003.01919701068,7.50053310394287,3.49991846084595
1004.02823524028,7.50053310394287,3.50008034706116
1005.03827925118,7.50053310394287,3.50040435791016
1006.04629895911,7.50089311599731,3.50072813034058
1007.04936549498,7.50053310394287,3.50089001655579
1008.05938154784,7.50089311599731,3.50137567520142
1009.06748973055,7.50053310394287,3.50153756141663
1010.07351698645,7.50053310394287,3.50169944763184
1011.08161561389,7.50017309188843,3.50186133384705
1012.08954578534,7.50089311599731,3.50250911712646
1013.0935795275,7.50089311599731,3.50283288955688
1014.09961775427,7.50053310394287,3.50299477577209
1015.10564111727,7.50053310394287,3.50331854820251
1016.10671697059,7.50053310394287,3.50364232063293
1017.1091238385,7.50053310394287,3.50380420684814
1018.11285818201,7.50089311599731,3.50412797927856
1019.11381229403,7.50053310394287,3.50445175170898
1020.12086798076,7.50053310394287,3.50461363792419
1021.12099184546,7.50089311599731,3.5050995349884
1022.12995186335,7.50089311599731,3.50542330741882
1023.13203208237,7.50089311599731,3.50574707984924
1024.14003940383,7.50053310394287,3.50590896606445
1025.14308399796,7.50089311599731,3.50639462471008
1026.1461590274,7.50053310394287,3.50688052177429
1027.1501768441,7.50089311599731,3.50688052177429
1028.15082023269,7.50053310394287,3.50736618041992
1029.15923206085,7.50053310394287,3.50752806663513
1030.16034295019,7.50053310394287,3.50801372528076
1031.16832160582,7.50053310394287,3.50817561149597
1032.17032007415,7.50053310394287,3.5086612701416
1033.17936679733,7.50053310394287,3.50898504257202
1034.18932233344,7.50053310394287,3.50930905342102
1035.19345658295,7.50053310394287,3.50963282585144
1036.19465877825,7.50053310394287,3.51011848449707
1037.19753880928,7.50053310394287,3.51044225692749
1038.19755225745,7.50089311599731,3.51076602935791
1039.20181815743,7.50053310394287,3.51108980178833
1040.20362622803,7.50053310394287,3.51157569885254
1041.21169654354,7.50017309188843,3.51173758506775
1042.22072698736,7.50053310394287,3.51206135749817
1043.22380767919,7.50017309188843,3.5125470161438
1044.2348058021,7.50089311599731,3.51303267478943
1045.23782456159,7.50053310394287,3.51319456100464
1046.24689464211,7.50089311599731,3.51368045806885
1047.24690667468,7.50053310394287,3.51400423049927
1048.24994206742,7.50053310394287,3.5144898891449
1049.27366463316,7.50053310394287,3.51481366157532
1050.27502856037,7.50053310394287,3.51497554779053
1051.2820824776,7.50053310394287,3.51562333106995
1052.28727170039,7.50089311599731,3.51610898971558
1053.29616058456,7.50089311599731,3.516432762146
1054.29719821677,7.50053310394287,3.51675653457642
1055.30223809413,7.50089311599731,3.51724219322205
1056.31129578817,7.50089311599731,3.51788997650146
1057.31937105827,7.50017309188843,3.51805186271667
1058.32552359445,7.50053310394287,3.5185375213623
1059.32939843591,7.50053310394287,3.51886129379272
1060.33646332402,7.50089311599731,3.51950883865356
1061.34648291587,7.50089311599731,3.51983261108398
1062.35050816445,7.50053310394287,3.52031850814819
1063.35862448685,7.50053310394287,3.52064228057861
1064.36066790036,7.50017309188843,3.52096605300903
1065.36464218746,7.50053310394287,3.52177548408508
1066.37270931788,7.50089311599731,3.52209949493408
1067.37471875708,7.50053310394287,3.52258515357971
1068.38174365459,7.50053310394287,3.52274703979492
1069.39178872718,7.50053310394287,3.52355647087097
1070.39482730502,7.50089311599731,3.5240421295166
1071.39991177366,7.50053310394287,3.52452802658081
1072.40891284385,7.50089311599731,3.52517557144165
1073.41394033473,7.50089311599731,3.52566123008728
1074.42405123256,7.50053310394287,3.52614688873291
1075.43103366218,7.50089311599731,3.52663278579712
1076.43706551876,7.50053310394287,3.52711844444275
1077.44611118024,7.50053310394287,3.52760410308838
1078.45695146415,7.50053310394287,3.52808976173401
1079.46858943668,7.50089311599731,3.52873754501343
1080.4692211466,7.50053310394287,3.52922320365906
1081.47323365481,7.50053310394287,3.5298707485199
1082.48129830794,7.50053310394287,3.53035640716553
1083.49033936873,7.50053310394287,3.53116607666016
1084.49135718259,7.50053310394287,3.53148984909058
1085.50140933317,7.50053310394287,3.53213739395142
1086.50547209505,7.50053310394287,3.53278493881226
1087.50854889399,7.50053310394287,3.53310894966125
1088.51654453679,7.50053310394287,3.53408026695251
1089.52064198079,7.50053310394287,3.53456592559814
1090.52661296672,7.50053310394287,3.53521370887756
1091.53066228044,7.50053310394287,3.5358612537384
1092.53874498242,7.50089311599731,3.53650879859924
1093.54178674534,7.50053310394287,3.53731822967529
1094.55079560132,7.50053310394287,3.5378041267395
1095.55780351167,7.50053310394287,3.53845167160034
1096.5669096899,7.50053310394287,3.53926110267639
1097.56730711861,7.50089311599731,3.53990888595581
1098.57392503213,7.50089311599731,3.54071831703186
1099.5789585393,7.50053310394287,3.5413658618927
1100.58507568557,7.50017309188843,3.54201364517212
1101.59204183583,7.50089311599731,3.54298496246338
1102.60216688962,7.50053310394287,3.54379439353943
1103.61115168045,7.50053310394287,3.54444217681885
1104.61216489363,7.50053310394287,3.5452516078949
1105.61618129473,7.50089311599731,3.54606127738953
1106.61930056157,7.50053310394287,3.54703259468079
1107.6273213312,7.50053310394287,3.54768013954163
1108.6363174468,7.50053310394287,3.54848980903625
1109.6463614577,7.50089311599731,3.5492992401123
1110.64937455479,7.50053310394287,3.55043268203735
1111.64944356512,7.50089311599731,3.55108022689819
1112.65645501447,7.50089311599731,3.55205154418945
1113.66357404914,7.50053310394287,3.55286121368408
1114.66456071989,7.50053310394287,3.55383253097534
1115.66958644127,7.50053310394287,3.55480408668518
1116.67435240071,7.50053310394287,3.55593729019165
1117.67468506588,7.50089311599731,3.5570707321167
1118.68071373737,7.50053310394287,3.55771827697754
1119.6887355687,7.50089311599731,3.55901336669922
1120.69876719313,7.50053310394287,3.55998492240906
1121.70902531299,7.50053310394287,3.56111812591553
1122.71000844474,7.50053310394287,3.56225156784058
1123.71391372152,7.50053310394287,3.56306099891663
1124.71899252777,7.50089311599731,3.56419444084167
1125.72099559679,7.50053310394287,3.56548953056335
1126.72102143142,7.50089311599731,3.5666229724884
1127.72113007845,7.50053310394287,3.56791830062866
1128.72705116461,7.50089311599731,3.56905150413513
1129.72916394235,7.50017309188843,3.57034683227539
1130.73716878652,7.50053310394287,3.57180380821228
1131.73722010189,7.50053310394287,3.57293725013733
1132.74026434212,7.50053310394287,3.5743944644928
1133.74831625487,7.50053310394287,3.57585144042969
1134.75438102407,7.50053310394287,3.57730865478516
1135.76143211012,7.50125312805176,3.57908964157104
1136.76347269244,7.50089311599731,3.58038473129272
1137.76678271089,7.50053310394287,3.5820038318634
1138.77448744861,7.50089311599731,3.58362293243408
1139.77758194251,7.50017309188843,3.58491802215576
1140.78464187603,7.50053310394287,3.58702278137207
1141.78664565284,7.50053310394287,3.58847999572754
1142.79171490382,7.50089311599731,3.59042286872864
1143.80170866104,7.50089311599731,3.59220385551453
1144.81170312606,7.50089311599731,3.59414672851562
1145.81278499567,7.50089311599731,3.59608936309814
1146.81478735688,7.50053310394287,3.59787034988403
1147.81704452546,7.50053310394287,3.59997510910034
1147.84983221713,7.50053310394287,3.60013699531555
1148.85417043872,7.35800695419312,3.60078477859497
1149.8561466114,7.21620082855225,3.60062289237976
1150.86126045367,7.10498714447021,3.60078477859497
1151.86222730606,7.00673055648804,3.60094666481018
1152.863255383,6.91711139678955,3.60062289237976
1153.86928263889,6.83253192901611,3.60062289237976
1154.87734375303,6.75550985336304,3.60062289237976
1155.87738197413,6.68028783798218,3.60078477859497
1156.87840191139,6.60974454879761,3.60078477859497
1157.88643825258,6.53812170028687,3.60078477859497
1158.88944851849,6.47081756591797,3.60078477859497
1159.89451423048,6.40387344360352,3.60078477859497
1160.90324032105,6.33548974990845,3.60078477859497
1161.90760885178,6.2707052230835,3.60062289237976
1162.91315126588,6.20700025558472,3.60078477859497
1163.92366950159,6.14077615737915,3.60078477859497
1164.9287295512,6.07707118988037,3.60094666481018
1165.93676412289,6.01516580581665,3.60078477859497
1166.93780777139,5.95110082626343,3.60078477859497
1167.94284941824,5.88955545425415,3.60078477859497
1168.95289555253,5.83016967773438,3.60078477859497
1169.95898084788,5.76610469818115,3.60078477859497
1170.96514824783,5.70671892166138,3.60078477859497
1171.96601777796,5.64589357376099,3.60078477859497
1172.9710247427,5.58506774902344,3.60078477859497
1173.97715639883,5.52604198455811,3.60062289237976
1174.98210284682,5.46593618392944,3.60078477859497
1175.98917481291,5.40511035919189,3.60078477859497
1176.98924240764,5.34716415405273,3.60078477859497
1177.99322412663,5.28921794891357,3.60078477859497
1178.99827745215,5.23163175582886,3.60062289237976
1180.00654170437,5.17332553863525,3.60062289237976
1181.01042114652,5.11645889282227,3.60078477859497
1182.02039331589,5.05851268768311,3.60078477859497
1183.02663609635,5.00200605392456,3.60078477859497
1184.0364957258,4.94729948043823,3.60078477859497
1185.04552333843,4.88863325119019,3.60078477859497
1186.05262963273,4.83464622497559,3.60062289237976
1187.06258623055,4.77705955505371,3.60078477859497
1188.06869417544,4.72307252883911,3.60078477859497
1189.07384871611,4.66872549057007,3.60078477859497
1190.07871801408,4.61473798751831,3.60078477859497
1191.08376390772,4.56219053268433,3.60078477859497
1192.09179458653,4.50712394714355,3.60078477859497
1193.09382349018,4.4552960395813,3.60078477859497
1194.0948989896,4.40382814407349,3.60078477859497
1195.10233901078,4.35236072540283,3.60078477859497
1196.10896046329,4.30089282989502,3.60078477859497
1197.11600907204,4.24834537506104,3.60078477859497
1198.12404541324,4.19687747955322,3.60094666481018
1199.12607820978,4.14684915542603,3.60078477859497
1200.13507290978,4.09862089157104,3.60078477859497
1201.1411709455,4.0482325553894,3.60078477859497
1202.14618074143,4.00072383880615,3.60078477859497
1203.15624032388,3.95033597946167,3.60062289237976
1204.15723619601,3.90246725082397,3.60078477859497
1205.15731193042,3.85639834403992,3.60078477859497
1206.16133859459,3.80996918678284,3.60078477859497
1207.1623794119,3.76174068450928,3.60062289237976
1208.16241090892,3.71531176567078,3.60078477859497
1209.1634637588,3.67140221595764,3.60078477859497
1210.1725005728,3.62677264213562,3.60062289237976
1211.17445621933,3.58250331878662,3.60078477859497
1212.17557064766,3.53859376907349,3.60062289237976
1213.18167293017,3.49432420730591,3.60078477859497
1214.18366078152,3.45077443122864,3.60078477859497
1215.18370112602,3.4083046913147,3.60078477859497
1216.18572719847,3.36691451072693,3.60078477859497
1217.18721746766,3.32408452033997,3.60078477859497
1218.19081272881,3.28449392318726,3.60078477859497
1219.19993837149,3.24274396896362,3.60078477859497
1220.20590050995,3.20243358612061,3.60062289237976
1221.20693460318,3.1635627746582,3.60078477859497
1222.21401647845,3.12361216545105,3.60078477859497
1223.22000409764,3.08438158035278,3.60078477859497
1224.22702970295,3.04551076889038,3.60078477859497
1225.23708362302,3.00807952880859,3.60078477859497
1226.2391372996,2.96956872940063,3.60078477859497
1227.24216986115,2.93141770362854,3.60094666481018
1228.2481758831,2.89470648765564,3.60062289237976
1229.24823002967,2.85871505737305,3.60078477859497
1230.25442007916,2.82236361503601,3.60078477859497
1231.26444108661,2.78853178024292,3.60078477859497
1232.27242045004,2.75146055221558,3.60078477859497
1233.27537479989,2.71834850311279,3.60078477859497
1234.27844770594,2.68343663215637,3.60078477859497
1235.28245986025,2.64888501167297,3.60078477859497
1236.28952262497,2.61685252189636,3.60078477859497
1237.29054291613,2.58374047279358,3.60062289237976
1238.29160567518,2.55242776870728,3.60078477859497
1239.29462938925,2.52039527893066,3.60078477859497
1240.29467221104,2.49016261100769,3.60078477859497
1241.30072954836,2.45741033554077,3.60062289237976
1242.30476364442,2.42717742919922,3.60078477859497
1243.30784964474,2.3965847492218,3.60078477859497
1244.31682806539,2.36635208129883,3.60078477859497
1245.32088551878,2.33755874633789,3.60078477859497
1246.32092480159,2.30876564979553,3.60078477859497
1247.32840268997,2.27853274345398,3.60078477859497
1248.33296692691,2.25081944465637,3.60078477859497
1249.33900975436,2.22274613380432,3.60078477859497
1250.34609481472,2.19467282295227,3.60078477859497
1251.35012324839,2.1683988571167,3.60078477859497
1252.35314342347,2.13924598693848,3.60062289237976
1253.35718318192,2.11369204521179,3.60078477859497
1254.35721609454,2.08741807937622,3.60078477859497
1255.36124134311,2.06114435195923,3.60062289237976
1256.37135719553,2.03667020797729,3.60062289237976
1257.37298159249,2.01183605194092,3.60062289237976
1258.37739046771,1.98664212226868,3.60078477859497
1259.37955491472,1.9632476568222,3.60078477859497
1260.3885616473,1.93949329853058,3.60062289237976
1261.39751104822,1.9153790473938,3.60078477859497
1262.40055599624,1.89306437969208,3.60078477859497
1263.41064778351,1.86751043796539,3.60078477859497
1264.41460437566,1.84483575820923,3.60078477859497
1265.42474854001,1.82324087619781,3.60078477859497
1266.43179856436,1.80128610134125,3.60062289237976
1267.43870172057,1.77897143363953,3.60078477859497
1268.43975067756,1.75701665878296,3.60078477859497
1269.44283880127,1.73686146736145,3.60078477859497
1270.45085072342,1.71454668045044,3.60078477859497
1271.45096821793,1.69439148902893,3.60062289237976
1272.45995548606,1.67243671417236,3.60078477859497
1273.4600581168,1.65336120128632,3.60078477859497
1274.46890205578,1.63464570045471,3.60062289237976
1275.46999383456,1.61557018756866,3.60078477859497
1276.47515085253,1.5943351984024,3.60078477859497
1277.47918707198,1.57453989982605,3.60062289237976
1278.48820654492,1.55870366096497,3.60078477859497
1279.489220112,1.53890836238861,3.60094666481018
1280.49423486251,1.52055275440216,3.60078477859497
1281.49735200595,1.50399672985077,3.60078477859497
1282.50848921123,1.48420143127441,3.60062289237976
1283.51241218296,1.46692550182343,3.60078477859497
1284.51343353582,1.45000946521759,3.60062289237976
1285.51642469117,1.43309354782104,3.60078477859497
1286.52546964485,1.41581761837006,3.60078477859497
1287.53257806255,1.39890158176422,3.60078477859497
1288.53880987214,1.38342535495758,3.60078477859497
1289.54359741942,1.36722910404205,3.60078477859497
1290.54568967101,1.35319244861603,3.60078477859497
1291.55509701739,1.33519673347473,3.60078477859497
1292.55571527915,1.3204402923584,3.60078477859497
1293.56474643077,1.30388414859772,3.60078477859497
1294.56580777423,1.28984749317169,3.60078477859497
1295.56787949967,1.27473115921021,3.60078477859497
1296.57233933636,1.26141428947449,3.60078477859497
1297.57688269325,1.24737763404846,3.60078477859497
1298.58695360048,1.23190128803253,3.60078477859497
1299.58996740538,1.21786463260651,3.60078477859497
1300.59302580156,1.20382797718048,3.60078477859497
1301.59844222758,1.19123089313507,3.60062289237976
1302.60711240209,1.1782740354538,3.60078477859497
1303.61718295542,1.16351747512817,3.60094666481018
1304.62220478392,1.1505606174469,3.60062289237976
1305.63126778646,1.13688385486603,3.60078477859497
1306.63925741297,1.12608635425568,3.60062289237976
1307.64706301193,1.11276960372925,3.60062289237976
1308.65740217469,1.10017251968384,3.60062289237976
1309.66335051108,1.08829534053802,3.60078477859497
1310.67141516421,1.07353889942169,3.60062289237976
1311.67369215114,1.06310141086578,3.60062289237976
1312.67853136769,1.05230391025543,3.60078477859497
1313.68953833809,1.04150652885437,3.60078477859497
1314.69257266913,1.03070902824402,3.60078477859497
1315.69261159804,1.01991164684296,3.60078477859497
1316.69864805531,1.00659477710724,3.60078477859497
1317.70868781941,0.995797336101532,3.60078477859497
1318.70975801035,0.984999895095825,3.60062289237976
1319.71978963477,0.974202454090118,3.60062289237976
1320.72181252214,0.964484751224518,3.60078477859497
1321.72191444508,0.954407155513763,3.60062289237976
1322.73089074234,0.943609714508057,3.60078477859497
1323.73493120858,0.933532118797302,3.60078477859497
1324.73895114867,0.924534261226654,3.60078477859497
1325.74902240979,0.913376927375793,3.60062289237976
1326.75202170483,0.904019117355347,3.60078477859497
1327.7591032262,0.893941521644592,3.60078477859497
1328.75920231795,0.883503973484039,3.60078477859497
1329.76417495447,0.875585854053497,3.60062289237976
1330.77120763776,0.866587996482849,3.60078477859497
1331.77824846073,0.859029829502106,3.60078477859497
1332.78828716314,0.848952174186707,3.60062289237976
1333.79232515209,0.839234530925751,3.60062289237976
1334.79482615716,0.831676304340363,3.60078477859497
1335.80540314013,0.823398292064667,3.60078477859497
1336.8074221346,0.814400374889374,3.60078477859497
1337.81746154481,0.806482255458832,3.60062289237976
1338.81751675307,0.798924088478088,3.60078477859497
1339.82458836527,0.78992623090744,3.60062289237976
1340.82460181343,0.7816481590271,3.60062289237976
1341.82968982107,0.773730039596558,3.60078477859497
1342.83062623813,0.766891658306122,3.60078477859497
1343.83070692713,0.75897353887558,3.60078477859497
1344.83574822008,0.75177526473999,3.60078477859497
1345.84283540384,0.744217038154602,3.60078477859497
1346.84882302303,0.734499394893646,3.60062289237976
1347.85892755067,0.726581275463104,3.60062289237976
1348.86689735883,0.721182525157928,3.60078477859497
1349.87601273844,0.712544560432434,3.60062289237976
1350.87998844114,0.706426024436951,3.60062289237976
1351.88001958426,0.699587643146515,3.60062289237976
1352.88914416525,0.693469107151031,3.60078477859497
1353.89413591232,0.68555098772049,3.60078477859497
1354.89717307456,0.679432451725006,3.60062289237976
1355.90317024903,0.673313915729523,3.60078477859497
1356.90522498731,0.665395796298981,3.60078477859497
1357.90724504348,0.659277200698853,3.60062289237976
1358.91731276562,0.653158664703369,3.60078477859497
1359.92034532717,0.646680235862732,3.60062289237976
1360.93152393864,0.640921592712402,3.60078477859497
1361.93549185556,0.635882794857025,3.60062289237976
1362.94150637109,0.627964675426483,3.60078477859497
1363.94167128808,0.622925877571106,3.60078477859497
1364.95159532717,0.616807281970978,3.60062289237976
1365.9525873064,0.611048698425293,3.60078477859497
1366.95863898133,0.604570209980011,3.60078477859497
1367.96067142397,0.59917151927948,3.60078477859497
1368.96470799732,0.59485250711441,3.60062289237976
1369.97274044563,0.587654232978821,3.60062289237976
1370.98174434701,0.579736113548279,3.60062289237976
1371.9878537075,0.57793653011322,3.60078477859497
1372.99587058424,0.570378303527832,3.60078477859497
1373.99889217492,0.564979612827301,3.60046076774597
1375.00197286675,0.56102055311203,3.60094666481018
1376.00900448834,0.555981755256653,3.60078477859497
1377.01806926038,0.550942957401276,3.60062289237976
1378.02605570179,0.546264052391052,3.60062289237976
1379.03514984745,0.540865361690521,3.60062289237976
1380.03717627381,0.536546349525452,3.60062289237976
1381.04016884476,0.531507551670074,3.60078477859497
1382.05020188478,0.527908384799957,3.60062289237976
1383.05124765667,0.522149801254272,3.60062289237976
1384.05154068515,0.516031205654144,3.60078477859497
1385.05940927816,0.512072145938873,3.60062289237976
1386.06735749847,0.506673455238342,3.60062289237976
1387.07633627301,0.502354502677917,3.60062289237976
1388.08546616248,0.497675597667694,3.60078477859497
1389.09046038685,0.492996692657471,3.60062289237976
1390.0965453283,0.4890376329422,3.60078477859497
1391.10628003137,0.485078573226929,3.60078477859497
1392.11360645093,0.480399698019028,3.60078477859497
1393.12366567948,0.477880299091339,3.60078477859497
1394.13071181094,0.47212165594101,3.60078477859497
1395.14372149645,0.468522518873215,3.60078477859497
1396.14893761557,0.463843613862991,3.60062289237976
1397.14978945075,0.45988455414772,3.60062289237976
1398.1568366439,0.457005232572556,3.60062289237976
1399.16387428178,0.451606512069702,3.60062289237976
1400.17397456263,0.446567714214325,3.60062289237976
1401.17794531075,0.444768160581589,3.60062289237976
1402.18099238216,0.441528916358948,3.60078477859497
1403.18121073792,0.436850041151047,3.60078477859497
1404.18312356266,0.43325087428093,3.60078477859497
1405.18609277626,0.427852153778076,3.60062289237976
1406.19612793968,0.42605260014534,3.60078477859497
1407.20418126803,0.421013802289963,3.60078477859497
1408.21026762508,0.419214218854904,3.60062289237976
1409.21826397567,0.414175420999527,3.60078477859497
1410.22128556635,0.410936176776886,3.60062289237976
1411.22639126894,0.408416777849197,3.60078477859497
1412.2303818354,0.404817640781403,3.60078477859497
1413.23043492027,0.401938319206238,3.60078477859497
1414.23452988698,0.396539598703384,3.60046076774597
1415.24256764376,0.394380122423172,3.60062289237976
1416.24660067812,0.392580538988113,3.60078477859497
1417.24956918393,0.387541741132736,3.60078477859497
1418.25164515617,0.383222758769989,3.60078477859497
1419.25666273787,0.382502943277359,3.60062289237976
1420.26368940488,0.379623621702194,3.60078477859497
1421.26373364227,0.374224901199341,3.60078477859497
1422.26620315032,0.372065395116806,3.60062289237976
1423.27485739938,0.367386519908905,3.60078477859497
1424.27687816334,0.36450719833374,3.60062289237976
1425.2799507155,0.361987799406052,3.60062289237976
1426.28292559149,0.361627876758575,3.60062289237976
1427.2879817482,0.356229156255722,3.60062289237976
1428.29498930466,0.35334986448288,3.60078477859497
1429.30105407386,0.352630019187927,3.60062289237976
1430.3090688272,0.348670959472656,3.60078477859497
1431.31302081866,0.345791637897491,3.60062289237976
1432.31917477044,0.343272238969803,3.60062289237976
1433.32820698376,0.338953256607056,3.60078477859497
1434.33128767559,0.336433857679367,3.60046076774597
1435.34029511596,0.336073964834213,3.60078477859497
1436.34233817558,0.333914458751678,3.60094666481018
1437.34837640234,0.328875660896301,3.60078477859497
1438.35440436604,0.327795922756195,3.60078477859497
1439.3544181681,0.325276523828506,3.60062289237976
1440.36057530497,0.322757124900818,3.60078477859497
1441.36857873355,0.318798065185547,3.60078477859497
1442.37456953783,0.317718297243118,3.60062289237976
1443.38266285678,0.312679499387741,3.60078477859497
1444.38363466376,0.310160100460052,3.60062289237976
1445.39074201977,0.309080362319946,3.60062289237976
1446.39871501302,0.306560963392258,3.60062289237976
1447.40175288306,0.305121302604675,3.60078477859497
1448.40681080926,0.302601903676987,3.60062289237976
1449.41489209565,0.301162242889404,3.60078477859497
1450.41787829641,0.297922998666763,3.60062289237976
1451.42192300944,0.296483337879181,3.60062289237976
1452.42596312178,0.292884200811386,3.60046076774597
1453.42898754365,0.291444540023804,3.60046076774597
1454.43003791624,0.290364801883698,3.60078477859497
1455.43407378179,0.286765664815903,3.60078477859497
1456.44212711014,0.283166527748108,3.60062289237976
1457.44411531539,0.281726866960526,3.60062289237976
1458.44420308237,0.280647099018097,3.60062289237976
1459.4511812652,0.279927283525467,3.60078477859497
1460.45434795452,0.276328146457672,3.60078477859497
1461.4643576372,0.273808747529984,3.60062289237976
1462.47544600439,0.272728979587555,3.60078477859497
1463.47838301318,0.270569503307343,3.60062289237976
1464.48640342891,0.26912984251976,3.60078477859497
1465.49446065015,0.267690181732178,3.60062289237976
1466.49550677595,0.266970366239548,3.60078477859497
1467.50452908009,0.263011306524277,3.60062289237976
1468.51356766358,0.259052246809006,3.60062289237976
1469.51361756336,0.2579725086689,3.60078477859497
1470.5226402214,0.2579725086689,3.60078477859497
1471.52717437691,0.256532847881317,3.60078477859497
1472.53072363117,0.254013448953629,3.60062289237976
1473.53677070542,0.25221386551857,3.60078477859497
1474.53781293832,0.250054389238358,3.60078477859497
1475.54285352347,0.247175052762032,3.60062289237976
1476.54791534257,0.24645522236824,3.60078477859497
1477.55493953228,0.24573540687561,3.60062289237976
1478.56098342144,0.243215993046761,3.60062289237976
1479.57101044517,0.241776347160339,3.60062289237976
1480.57406034778,0.240696594119072,3.60078477859497
1481.57617277162,0.237817287445068,3.60078477859497
1482.57813266494,0.234937965869904,3.60078477859497
1483.57816522366,0.23277847468853,3.60062289237976
1484.57820698376,0.23277847468853,3.60078477859497
1485.57824768216,0.231338813900948,3.60062289237976
1486.58142321895,0.230259075760841,3.60078477859497
1487.58181993986,0.227379754185677,3.60078477859497
1488.58638771579,0.226659923791885,3.60062289237976
1489.58645389493,0.225220277905464,3.60078477859497
1490.59143644062,0.223780617117882,3.60094666481018
1491.60149036069,0.221261203289032,3.60062289237976
1492.60150239326,0.220901295542717,3.60078477859497
1493.60657766053,0.218021973967552,3.60062289237976
1494.61457082603,0.218021973967552,3.60062289237976
1495.61772158988,0.215142667293549,3.60062289237976
1496.62169410749,0.214062914252281,3.60062289237976
1497.62472313005,0.212983176112175,3.60062289237976
1498.62675592659,0.212983176112175,3.60078477859497
1499.62985820627,0.211543515324593,3.60062289237976
1500.6350672474,0.209743946790695,3.60062289237976
1501.64088747231,0.206144794821739,3.60046076774597
1502.65496027077,0.206144794821739,3.60062289237976
1503.65592606147,0.205784887075424,3.60062289237976
1504.66299271907,0.202185735106468,3.60062289237976
1505.66809452877,0.202185735106468,3.60078477859497
1506.67194778238,0.201105996966362,3.60078477859497
1507.68014408597,0.200026258826256,3.60062289237976
1508.68415411689,0.197866767644882,3.60062289237976
1509.68716721399,0.196787014603615,3.60078477859497
1510.69218656519,0.195347368717194,3.60062289237976
1511.69726714094,0.195347368717194,3.60078477859497
1512.70328554936,0.192827954888344,3.60062289237976
1513.71372663507,0.19318787753582,3.60078477859497
1514.71737958177,0.189588725566864,3.60078477859497
1515.7224682972,0.189588725566864,3.60062289237976
1516.7314654745,0.188149064779282,3.60078477859497
1517.73949155262,0.18670941889286,3.60062289237976
1518.74753851079,0.185989588499069,3.60078477859497
1519.75256600167,0.183830097317696,3.60062289237976
1520.76162015673,0.184190005064011,3.60062289237976
1521.76866487259,0.182750359177589,3.60078477859497
1522.76896568684,0.180950775742531,3.60078477859497
1523.77272267989,0.180950775742531,3.60078477859497
1524.77678473398,0.176631808280945,3.60062289237976
1525.77781670381,0.17699171602726,3.60078477859497
1526.78684183914,0.174472317099571,3.60078477859497
1527.78789291952,0.174472317099571,3.60062289237976
1528.79112437238,0.175552055239677,3.60078477859497
1529.80094755022,0.17375248670578,3.60062289237976
1530.80199155262,0.171952918171883,3.60062289237976
1531.80205100767,0.170873165130615,3.60062289237976
1532.80907625908,0.169793426990509,3.60078477859497
1533.81414869516,0.169793426990509,3.60078477859497
1534.81518172668,0.168713688850403,3.60062289237976
1535.82118456354,0.166914105415344,3.60062289237976
1536.82124472639,0.166194289922714,3.60078477859497
1537.82455651434,0.166914105415344,3.60062289237976
1538.8313220038,0.164754629135132,3.60078477859497
1539.83936153009,0.163314968347549,3.60078477859497
1540.83937037756,0.162955045700073,3.60062289237976
1541.84786466422,0.160795569419861,3.60062289237976
1542.85147938982,0.159355908632278,3.60062289237976
1543.8565082963,0.157556340098381,3.60062289237976
1544.85855100201,0.157196417450905,3.60078477859497
1545.861567992,0.155756756663322,3.60062289237976
1546.86261659509,0.153957188129425,3.60062289237976
1547.86969210018,0.155756756663322,3.60078477859497
1548.87470614289,0.155036926269531,3.60078477859497
1549.88276017904,0.155036926269531,3.60078477859497
1550.88978436875,0.151797696948051,3.60078477859497
1551.89182919786,0.150717958807945,3.60062289237976
1552.89286966127,0.150358036160469,3.60078477859497
1553.89290717458,0.150717958807945,3.60062289237976
1554.90094422357,0.149638220667839,3.60078477859497
1555.90499495289,0.148198559880257,3.60078477859497
1556.91301501472,0.148198559880257,3.60078477859497
1557.9160755343,0.14783863723278,3.60078477859497
1558.92511765679,0.145679160952568,3.60062289237976
1559.93413606804,0.144959330558777,3.60078477859497
1560.94216780854,0.145319238305092,3.60078477859497
1561.94363188919,0.145319238305092,3.60078477859497
1562.94527433501,0.142080008983612,3.60078477859497
1563.95528861837,0.142080008983612,3.60062289237976
1564.95833816708,0.141000270843506,3.60078477859497
1565.9633536254,0.139920517802238,3.60062289237976
1566.96940919322,0.14064034819603,3.60078477859497
1567.96943715125,0.139560610055923,3.60062289237976
1568.97855005356,0.138120949268341,3.60078477859497
1569.98851691445,0.13740111887455,3.60078477859497
1570.99357307116,0.135961458086967,3.60078477859497
1571.99860445494,0.136681288480759,3.60062289237976
1573.00165081855,0.135241627693176,3.60078477859497
1574.002677126,0.134881719946861,3.60078477859497
1575.00969990011,0.133082151412964,3.60078477859497
1576.01276112749,0.132002398371696,3.60078477859497
1577.01584111152,0.132362321019173,3.60078477859497
1578.01994103282,0.132002398371696,3.60062289237976
1579.02388877749,0.128763169050217,3.60078477859497
1580.02491791613,0.129482999444008,3.60062289237976
1581.03398410375,0.126963600516319,3.60062289237976
1582.04107765769,0.129123076796532,3.60062289237976
1583.04707058537,0.126603677868843,3.60078477859497
1584.05310775044,0.126603677868843,3.60078477859497
1585.06014645002,0.125164017081261,3.60062289237976
1586.06115647811,0.125883847475052,3.60078477859497
1587.0952999573,0.125164017081261,3.60078477859497
1588.1032520705,0.123724363744259,3.60062289237976
1589.10528097415,0.123724363744259,3.60062289237976
1590.11031589692,0.123004533350468,3.60078477859497
1591.11834763742,0.123004533350468,3.60094666481018
1592.11942561414,0.119765304028988,3.60078477859497
1593.12541854182,0.119045473635197,3.60078477859497
1594.13246290378,0.120485134422779,3.60078477859497
1595.13250961846,0.119405388832092,3.60062289237976
1596.14063478834,0.119405388832092,3.60062289237976
1597.14357887511,0.11796573549509,3.60062289237976
1598.15361226903,0.11796573549509,3.60062289237976
1599.16267456377,0.117605820298195,3.60078477859497
1600.16783759801,0.115806244313717,3.60078477859497
1601.1777637605,0.116885989904404,3.60062289237976
1602.18177308362,0.116166159510612,3.60078477859497
1603.18683879561,0.115446329116821,3.60078477859497
1604.19184894543,0.112926930189133,3.60078477859497
1605.20194922629,0.114006675779819,3.60078477859497
1606.20594474734,0.115086413919926,3.60078477859497
1607.21204065966,0.111847184598446,3.60062289237976
1608.21906909617,0.111847184598446,3.60078477859497
1609.2290589605,0.111127354204655,3.60062289237976
1610.23509931066,0.110767439007759,3.60078477859497
1611.24012467815,0.110047616064548,3.60078477859497
1612.24516844839,0.108607955276966,3.60078477859497
1613.25313224026,0.109327785670757,3.60062289237976
1614.25328654028,0.107168294489384,3.60078477859497
1615.25936900444,0.10824804008007,3.60094666481018
1616.26636311272,0.107528209686279,3.60078477859497
1617.26647919163,0.107528209686279,3.60078477859497
1618.27236524178,0.105728641152382,3.60078477859497
1619.27647153326,0.103929065167904,3.60078477859497
1620.28750929288,0.106448464095592,3.60062289237976
1621.29670217639,0.103569149971008,3.60062289237976
1622.29974393932,0.102489404380322,3.60078477859497
1623.30761536352,0.103929065167904,3.60078477859497
1624.31064190879,0.102129489183426,3.60062289237976
1625.31774395631,0.10176957398653,3.60062289237976
1626.32265678387,0.102489404380322,3.60078477859497
1627.33076744388,0.100329920649529,3.60062289237976
1628.33988211569,0.101409666240215,3.60078477859497
1629.34184377851,0.10104975104332,3.60062289237976
1630.34688294806,0.0992501750588417,3.60062289237976
1631.35089934916,0.0992501750588417,3.60094666481018
1632.35596860014,0.0996100902557373,3.60062289237976
1633.36287458755,0.0988902598619461,3.60078477859497
1634.36905649736,0.0981704294681549,3.60078477859497
1635.37709283855,0.0963708609342575,3.60062289237976
1636.38211714434,0.0970906913280487,3.60062289237976
1637.38515713777,0.0981704294681549,3.60062289237976
1638.38625634844,0.0970906913280487,3.60078477859497
1639.3892450265,0.0952911153435707,3.60062289237976
1640.39445689882,0.0963708609342575,3.60078477859497
1641.40333198093,0.0945712849497795,3.60062289237976
1642.40538671921,0.0931316316127777,3.60062289237976
1643.40541644674,0.0949312001466751,3.60078477859497
1644.41142848497,0.0942113697528839,3.60062289237976
1645.41962974315,0.0924118012189865,3.60062289237976
1646.43053974519,0.0916919708251953,3.60078477859497
1647.4306168952,0.0920518860220909,3.60062289237976
1648.43258103531,0.0913320556282997,3.60062289237976
1649.43665335247,0.0913320556282997,3.60078477859497
1650.43974076838,0.0913320556282997,3.60062289237976
1651.4466842691,0.0895324796438217,3.60062289237976
1652.44976177583,0.0902523100376129,3.60078477859497
1653.45678101096,0.0909721404314041,3.60078477859497
1654.46682643745,0.0884527415037155,3.60078477859497
1655.46885144821,0.0902523100376129,3.60062289237976
1656.47391291341,0.0877329111099243,3.60062289237976
1657.47430892652,0.0877329111099243,3.60078477859497
1658.47903206416,0.0877329111099243,3.60062289237976
1659.48000599454,0.0877329111099243,3.60078477859497
1660.48057612602,0.0859333351254463,3.60078477859497
1661.48210673971,0.0859333351254463,3.60062289237976
1662.48632026262,0.0848535969853401,3.60078477859497
1663.49418319324,0.0852135047316551,3.60062289237976
1664.50028087506,0.0862932503223419,3.60078477859497
1665.50526271296,0.0852135047316551,3.60078477859497
1666.51130695601,0.0844936817884445,3.60078477859497
1667.51731899424,0.0852135047316551,3.60078477859497
1668.52140405177,0.0834139361977577,3.60062289237976
1669.52242575853,0.0830540210008621,3.60062289237976
1670.52542363797,0.0834139361977577,3.60062289237976
1671.53248286369,0.0819742754101753,3.60062289237976
1672.53554267547,0.0823341906070709,3.60062289237976
1673.53657358361,0.0812544450163841,3.60046076774597
1674.5366181749,0.0805346220731735,3.60062289237976
1675.53963127199,0.0798147916793823,3.60078477859497
1676.54869392063,0.0787350460886955,3.60062289237976
1677.55089517315,0.0805346220731735,3.60062289237976
1678.55677202192,0.0801747068762779,3.60062289237976
1679.5648154411,0.0812544450163841,3.60094666481018
1680.56986805882,0.0808945298194885,3.60078477859497
1681.5699144196,0.0790949612855911,3.60062289237976
1682.57214469185,0.0772953853011131,3.60046076774597
1683.5750562199,0.0772953853011131,3.60062289237976
1684.57542958347,0.0765755623579025,3.60078477859497
1685.57724968664,0.0783751308917999,3.60062289237976
1686.58706401701,0.0772953853011131,3.60062289237976
1687.59511982265,0.0769354701042175,3.60078477859497
1688.60214011947,0.0769354701042175,3.60078477859497
1689.60620748205,0.0769354701042175,3.60062289237976
1690.61022812994,0.0758557319641113,3.60078477859497
1691.61425267072,0.0758557319641113,3.60062289237976
1692.61733831714,0.0740561559796333,3.60062289237976
1693.62336875812,0.0758557319641113,3.60078477859497
1694.63146420047,0.0733363255858421,3.60062289237976
1695.63444827784,0.0736962407827377,3.60078477859497
1696.63947576872,0.0744160711765289,3.60078477859497
1697.64851470612,0.0736962407827377,3.60062289237976
1698.65054467146,0.0733363255858421,3.60062289237976
1699.65666394113,0.0733363255858421,3.60078477859497
1700.66461817773,0.0722565874457359,3.60078477859497
1701.66867315383,0.0722565874457359,3.60062289237976
1702.67469297785,0.0729764103889465,3.60078477859497
1703.6787674184,0.0715367570519447,3.60078477859497
1704.68078181219,0.0708169266581535,3.60078477859497
1705.68082180279,0.0708169266581535,3.60062289237976
1706.68602836662,0.0708169266581535,3.60078477859497
1707.68990568537,0.0693772658705711,3.60062289237976
1708.69394579771,0.0718966722488403,3.60078477859497
1709.69399675919,0.0704570114612579,3.60078477859497
1710.69505491755,0.0697371810674667,3.60062289237976
1711.70312487916,0.0686574354767799,3.60062289237976
1712.70426054143,0.0690173506736755,3.60062289237976
1713.70613656066,0.0686574354767799,3.60078477859497
1714.71132578344,0.0693772658705711,3.60078477859497
1715.71323719259,0.0682975202798843,3.60062289237976
1716.71728615241,0.0690173506736755,3.60062289237976
1717.71743797513,0.0679376125335693,3.60062289237976
1718.72146959389,0.0672177821397781,3.60062289237976
1719.73144317886,0.0682975202798843,3.60094666481018
1720.7423935254,0.0668578669428825,3.60078477859497
1721.74545227548,0.0672177821397781,3.60062289237976
1722.74856057144,0.0657781213521957,3.60062289237976
1723.75175734219,0.0650582909584045,3.60078477859497
1724.75711502095,0.0664979517459869,3.60078477859497
1725.7576547171,0.0654182061553001,3.60062289237976
1726.76062251511,0.0675776973366737,3.60062289237976
1727.76467536783,0.0664979517459869,3.60078477859497
1728.772760901,0.0646983757615089,3.60062289237976
1729.77878178671,0.0625388920307159,3.60062289237976
1730.78881411893,0.0646983757615089,3.60078477859497
1731.79889847432,0.0643384605646133,3.60062289237976
1732.80418466546,0.0646983757615089,3.60078477859497
1733.81193470227,0.0639785528182983,3.60062289237976
1734.81980506477,0.0621789768338203,3.60078477859497
1735.82099487361,0.0639785528182983,3.60078477859497
1736.82904077008,0.0632587224245071,3.60078477859497
1737.83507616566,0.0628988072276115,3.60062289237976
1738.83813633134,0.0618190616369247,3.60078477859497
1739.84616417895,0.0628988072276115,3.60078477859497
1740.84617302643,0.0621789768338203,3.60078477859497
1741.85125607947,0.0614591464400291,3.60078477859497
1742.85327365835,0.0607393197715282,3.60078477859497
1743.85833158456,0.0610992312431335,3.60062289237976
1744.85835741919,0.060019489377737,3.60062289237976
1745.86740343457,0.0614591464400291,3.60078477859497
1746.87541783402,0.0582199171185493,3.60078477859497
1747.88148720391,0.060019489377737,3.60078477859497
1748.88249298521,0.0582199171185493,3.60062289237976
1749.89056294682,0.0610992312431335,3.60062289237976
1750.89558442141,0.060019489377737,3.60078477859497
1751.90463680698,0.060019489377737,3.60062289237976
1752.91264094335,0.0589397437870502,3.60062289237976
1753.91517804613,0.0589397437870502,3.60078477859497
1754.91975750073,0.0585798323154449,3.60062289237976
1755.92079477905,0.0582199171185493,3.60062289237976
1756.92879431473,0.0578600019216537,3.60062289237976
1757.93088692022,0.0585798323154449,3.60094666481018
1758.94128199905,0.0571401715278625,3.60078477859497
1759.95000808962,0.0575000867247581,3.60078477859497
1760.95698733415,0.0571401715278625,3.60062289237976
1761.96302379142,0.0567802563309669,3.60062289237976
1762.96907652805,0.0575000867247581,3.60062289237976
1763.97613186088,0.0564203448593616,3.60062289237976
1764.98113811782,0.0585798323154449,3.60078477859497
1765.98519167833,0.0567802563309669,3.60062289237976
1766.98722093588,0.0567802563309669,3.60078477859497
1767.98824228873,0.0567802563309669,3.60078477859497
1768.99030729009,0.0557005144655704,3.60078477859497
1769.99535743052,0.0564203448593616,3.60046076774597
1771.00435850071,0.0531811118125916,3.60062289237976
1772.00442609544,0.0553405992686749,3.60078477859497
1773.00943659917,0.0549806840717793,3.60078477859497
1774.01249039466,0.054620772600174,3.60078477859497
1775.01853039093,0.0542608574032784,3.60078477859497
1776.02055221659,0.0531811118125916,3.60078477859497
1777.02262146474,0.0549806840717793,3.60078477859497
1778.02362830774,0.0542608574032784,3.60078477859497
1779.02669272021,0.0539009422063828,3.60062289237976
1780.03072504677,0.052821196615696,3.60078477859497
1781.03677955289,0.0535410270094872,3.60078477859497
1782.0387861609,0.0524612851440907,3.60078477859497
1783.04087947419,0.0535410270094872,3.60078477859497
1784.04185128117,0.0531811118125916,3.60078477859497
1785.04596465063,0.052821196615696,3.60078477859497
1786.04997043475,0.0521013699471951,3.60078477859497
1787.0540087776,0.0531811118125916,3.60062289237976
1788.05704098525,0.0524612851440907,3.60078477859497
1789.06516297003,0.0517414547502995,3.60078477859497
1790.06914893581,0.0513815395534039,3.60078477859497
1791.07416510192,0.0513815395534039,3.60078477859497
1792.08136341,0.0513815395534039,3.60078477859497
1793.08924474338,0.0517414547502995,3.60078477859497
1794.09227978222,0.0517414547502995,3.60062289237976
1795.09541320502,0.0513815395534039,3.60078477859497
1796.11250051618,0.0517414547502995,3.60078477859497
1797.11482740289,0.0481423102319241,3.60062289237976
1798.1264689144,0.048862136900425,3.60078477859497
1799.13447021958,0.0492220520973206,3.60062289237976
1800.13650195443,0.0492220520973206,3.60078477859497
1801.14186211048,0.0506617091596127,3.60078477859497
1802.14683085411,0.0495819672942162,3.60078477859497
1803.15162123258,0.0495819672942162,3.60094666481018
1804.15177907159,0.0481423102319241,3.60078477859497
1805.153703575,0.0485022217035294,3.60078477859497
1806.16076704752,0.0495819672942162,3.60094666481018
1807.16677660845,0.0485022217035294,3.60062289237976
1808.16982969615,0.0481423102319241,3.60078477859497
1809.17186284659,0.0485022217035294,3.60078477859497
1810.17488868406,0.0492220520973206,3.60078477859497
1811.18198471529,0.0474224798381329,3.60078477859497
1812.19098153869,0.048862136900425,3.60078477859497
1813.19800218941,0.0481423102319241,3.60078477859497
1814.20007002197,0.0470625646412373,3.60062289237976
1815.20810671706,0.0481423102319241,3.60078477859497
1816.21314411712,0.0470625646412373,3.60078477859497
1817.22117514982,0.0481423102319241,3.60078477859497
1818.22221773663,0.0474224798381329,3.60078477859497
1819.22244493986,0.0477823950350285,3.60078477859497
1820.22831966524,0.0467026494443417,3.60078477859497
1821.23140637335,0.0445431619882584,3.60078477859497
1822.23141522083,0.0445431619882584,3.60078477859497
1823.23640165942,0.0445431619882584,3.60078477859497
1824.24052776924,0.0470625646412373,3.60078477859497
1825.24648282972,0.0463427342474461,3.60078477859497
1826.24854535378,0.0459828227758408,3.60078477859497
1827.25557520588,0.0427435897290707,3.60078477859497
1828.2647245598,0.0456229075789452,3.60062289237976
1829.27369519467,0.0434634201228619,3.60078477859497
1830.28173118196,0.0456229075789452,3.60078477859497
1831.29185942085,0.0438233353197575,3.60078477859497
1832.30177213517,0.0438233353197575,3.60078477859497
1833.30288019331,0.0445431619882584,3.60078477859497
1834.31081921225,0.044903077185154,3.60062289237976
1835.31992609827,0.0445431619882584,3.60078477859497
1836.32098567223,0.0445431619882584,3.60078477859497
1837.32582701218,0.0441832467913628,3.60078477859497
1838.32867377669,0.0445431619882584,3.60078477859497
1839.33806838271,0.0423836745321751,3.60078477859497
1840.33905399175,0.0427435897290707,3.60062289237976
1841.34322433897,0.0434634201228619,3.60078477859497
1842.35116831249,0.0420237630605698,3.60078477859497
1843.35205341419,0.0420237630605698,3.60094666481018
1844.35322411247,0.0423836745321751,3.60062289237976
1845.35772783266,0.0427435897290707,3.60078477859497
1846.35942017825,0.0427435897290707,3.60078477859497
1847.3644204189,0.0431035049259663,3.60078477859497
1848.36746147403,0.0420237630605698,3.60078477859497
1849.36750960431,0.0420237630605698,3.60078477859497
1850.37649368734,0.0420237630605698,3.60062289237976
1851.38158452617,0.0420237630605698,3.60078477859497
1852.38957273708,0.0420237630605698,3.60062289237976
1853.3920571089,0.0420237630605698,3.60078477859497
1854.39867148343,0.0416638478636742,3.60062289237976
1855.40468953795,0.0413039326667786,3.60062289237976
1856.40870169226,0.0423836745321751,3.60078477859497
1857.41674758873,0.0413039326667786,3.60078477859497
1858.42184939842,0.0420237630605698,3.60062289237976
1859.42381884702,0.040944017469883,3.60078477859497
1860.42392430896,0.0413039326667786,3.60094666481018
1861.42696359459,0.0413039326667786,3.60062289237976
1862.43095239156,0.0398642756044865,3.60078477859497
1863.44149398462,0.0416638478636742,3.60078477859497
1864.44203120348,0.0402241870760918,3.60078477859497
1865.44306281941,0.040944017469883,3.60078477859497
1866.44810835915,0.0395043604075909,3.60078477859497
1867.45318079522,0.040944017469883,3.60062289237976
1868.45618893773,0.0398642756044865,3.60078477859497
1869.4572060438,0.0398642756044865,3.60078477859497
1870.46326798181,0.0391444452106953,3.60062289237976
1871.46529086917,0.0398642756044865,3.60078477859497
1872.47238477701,0.0398642756044865,3.60078477859497
1873.47635871022,0.0380646996200085,3.60078477859497
1874.48037723471,0.0387845300137997,3.60078477859497
1875.48642466286,0.0398642756044865,3.60078477859497
1876.49530151446,0.0384246148169041,3.60078477859497
1877.52913356243,0.0405841022729874,3.60078477859497
1878.53774605139,0.0380646996200085,3.60078477859497
1879.54053477645,0.036984957754612,3.60062289237976
1880.54566242078,0.0391444452106953,3.60078477859497
1881.55175267072,0.0380646996200085,3.60078477859497
1882.55381554868,0.0377047881484032,3.60078477859497
1883.56484516862,0.0395043604075909,3.60094666481018
1884.57383491404,0.0384246148169041,3.60062289237976
1885.57784706835,0.0377047881484032,3.60062289237976
1886.58289827048,0.0373448729515076,3.60078477859497
1887.58991502831,0.0391444452106953,3.60078477859497
1888.59503877975,0.0377047881484032,3.60078477859497
1889.59505116622,0.0387845300137997,3.60078477859497
1890.60305034801,0.0384246148169041,3.60078477859497
1891.61452269575,0.036984957754612,3.60062289237976
1892.61913435516,0.0362651273608208,3.60078477859497
1893.62916916468,0.0362651273608208,3.60078477859497
1894.63127097155,0.0359052121639252,3.60078477859497
1895.63431344227,0.0362651273608208,3.60078477859497
1896.6347041469,0.0351853854954243,3.60062289237976
1897.6423359814,0.0384246148169041,3.60078477859497
1898.6493665413,0.0366250425577164,3.60078477859497
1899.65342045571,0.0366250425577164,3.60078477859497
1900.65645407895,0.0373448729515076,3.60078477859497
1901.66395390908,0.0355453006923199,3.60078477859497
1902.6645498752,0.0351853854954243,3.60078477859497
1903.66961310989,0.0355453006923199,3.60062289237976
1904.67562408643,0.0366250425577164,3.60078477859497
1905.68064520713,0.0351853854954243,3.60062289237976
1906.68769947826,0.0348254702985287,3.60078477859497
1907.68971988833,0.0359052121639252,3.60078477859497
1908.69876838101,0.0344655551016331,3.60078477859497
1909.70679516692,0.0344655551016331,3.60078477859497
1910.71484531018,0.0351853854954243,3.60062289237976
1911.72383222441,0.0355453006923199,3.60094666481018
1912.72597472967,0.0351853854954243,3.60078477859497
1913.73388543668,0.0348254702985287,3.60078477859497
1914.74000470634,0.0348254702985287,3.60062289237976
1915.75003986976,0.0344655551016331,3.60078477859497
1916.75427922731,0.0355453006923199,3.60078477859497
1917.76015749167,0.0348254702985287,3.60062289237976
1918.76816729043,0.0341056399047375,3.60078477859497
1919.77220244819,0.0341056399047375,3.60078477859497
1920.77371041233,0.0337457247078419,3.60078477859497
1921.78023843548,0.0337457247078419,3.60078477859497
1922.78036548526,0.033025898039341,3.60062289237976
1923.78335097823,0.0337457247078419,3.60078477859497
1924.78339238443,0.0333858132362366,3.60078477859497
1925.78344830049,0.0344655551016331,3.60078477859497
1926.7904746136,0.033025898039341,3.60078477859497
1927.79450870965,0.0333858132362366,3.60078477859497
1928.7946113404,0.033025898039341,3.60078477859497
1929.80461394509,0.0326659828424454,3.60078477859497
1930.80962657221,0.033025898039341,3.60094666481018
1931.81463389085,0.0326659828424454,3.60078477859497
1932.82170019456,0.033025898039341,3.60062289237976
1933.82273251829,0.0326659828424454,3.60078477859497
1934.82387702804,0.0319461524486542,3.60078477859497
1935.82878383932,0.0333858132362366,3.60078477859497
1936.83586606849,0.033025898039341,3.60078477859497
1937.84589061493,0.033025898039341,3.60062289237976
1938.85494972458,0.0326659828424454,3.60078477859497
1939.85699455369,0.0323060676455498,3.60078477859497
1940.86602428971,0.0326659828424454,3.60078477859497
1941.87036273901,0.0326659828424454,3.60078477859497
1942.87219522864,0.0326659828424454,3.60094666481018
1943.88106004767,0.0326659828424454,3.60062289237976
1944.88314840637,0.0326659828424454,3.60094666481018
1945.88641489524,0.0308664105832577,3.60078477859497
1946.89238623508,0.0315862372517586,3.60078477859497
1947.8973167576,0.0315862372517586,3.60062289237976
1948.9075200231,0.0305064953863621,3.60062289237976
1949.91337351453,0.0315862372517586,3.60062289237976
1950.91637670245,0.0305064953863621,3.60062289237976
1951.91654161944,0.0323060676455498,3.60062289237976
1952.9167171534,0.0312263239175081,3.60078477859497
1953.91966407137,0.0305064953863621,3.60078477859497
1954.91977484179,0.0301465801894665,3.60062289237976
1955.926600848,0.0283470079302788,3.60078477859497
1956.93669298917,0.0308664105832577,3.60094666481018
1957.94275280378,0.029786666855216,3.60078477859497
1958.94890392437,0.029786666855216,3.60062289237976
1959.95277735023,0.0305064953863621,3.60078477859497
1960.96079068798,0.0294267516583204,3.60062289237976
1961.96890771817,0.0305064953863621,3.60078477859497
1962.97991504246,0.0301465801894665,3.60078477859497
1963.98084261206,0.0290668364614248,3.60078477859497
1964.98398948302,0.0308664105832577,3.60062289237976
1965.99101119544,0.0290668364614248,3.60078477859497
1966.99497911236,0.029786666855216,3.60094666481018
1968.00013294523,0.0301465801894665,3.60078477859497
1969.00610145387,0.0287069231271744,3.60062289237976
1970.01758477248,0.029786666855216,3.60078477859497
1971.02237798215,0.029786666855216,3.60078477859497
1972.0322386733,0.0305064953863621,3.60094666481018
1973.0373387135,0.029786666855216,3.60078477859497
1974.04732114595,0.0290668364614248,3.60062289237976
1975.04933200074,0.029786666855216,3.60094666481018
1976.05945493114,0.0290668364614248,3.60062289237976
1977.06948443217,0.0287069231271744,3.60078477859497
1978.07147086793,0.029786666855216,3.60078477859497
1979.07257290978,0.0294267516583204,3.60094666481018
1980.08255534223,0.0294267516583204,3.60062289237976
1981.08358412697,0.0290668364614248,3.60078477859497
1982.08461928189,0.0290668364614248,3.60062289237976
1983.08966199044,0.0294267516583204,3.60062289237976
1984.08973984824,0.0276271793991327,3.60078477859497
1985.09776521856,0.029786666855216,3.60078477859497
1986.1078329407,0.0287069231271744,3.60078477859497
1987.1187977971,0.0287069231271744,3.60078477859497
1988.12584675975,0.0283470079302788,3.60062289237976
1989.12599964417,0.0283470079302788,3.60078477859497
1990.12798431043,0.0283470079302788,3.60078477859497
1991.12805367466,0.0287069231271744,3.60078477859497
1992.13393653971,0.0283470079302788,3.60078477859497
1993.13605250254,0.0279870927333832,3.60078477859497
1994.13909108038,0.0276271793991327,3.60078477859497
1995.14015596283,0.0290668364614248,3.60078477859497
1996.15018298657,0.0283470079302788,3.60078477859497
1997.1552699325,0.0283470079302788,3.60078477859497
1998.15827418212,0.0279870927333832,3.60078477859497
1999.16830085196,0.0272672642022371,3.60078477859497
2000.17732846458,0.0279870927333832,3.60062289237976
2001.18342437691,0.0276271793991327,3.60078477859497
2002.1874053881,0.0279870927333832,3.60078477859497
2003.1914600103,0.0279870927333832,3.60078477859497
2004.19950059828,0.0258276052772999,3.60062289237976
2005.20154967418,0.0251077767461538,3.60078477859497
2006.20363520169,0.0258276052772999,3.60078477859497
2007.21356313367,0.0272672642022371,3.60078477859497
2008.21365656304,0.0276271793991327,3.60094666481018
2009.2236729698,0.0261875204741955,3.60062289237976
2010.22469715385,0.0258276052772999,3.60062289237976
2011.22981347342,0.0272672642022371,3.60062289237976
2012.23578481325,0.0261875204741955,3.60078477859497
2013.24183754988,0.0261875204741955,3.60078477859497
2014.24288438348,0.0265474356710911,3.60078477859497
2015.24390290514,0.0272672642022371,3.60078477859497
2016.24601568288,0.0265474356710911,3.60078477859497
2017.24897498731,0.0261875204741955,3.60078477859497
2018.25505214298,0.0258276052772999,3.60062289237976
2019.26105568764,0.0272672642022371,3.60078477859497
2020.2641222235,0.0261875204741955,3.60094666481018
2021.27104201297,0.0254676919430494,3.60078477859497
2022.27220492548,0.0261875204741955,3.60062289237976
2023.28023348089,0.0258276052772999,3.60078477859497
2024.28441798407,0.0269073490053415,3.60062289237976
2025.28550622386,0.0269073490053415,3.60078477859497
2026.29535240515,0.0258276052772999,3.60078477859497
2027.30037635704,0.0251077767461538,3.60078477859497
2028.30347757502,0.0258276052772999,3.60078477859497
2029.31245104108,0.0247478634119034,3.60078477859497
2030.31547333956,0.0254676919430494,3.60078477859497
2031.31653892981,0.0251077767461538,3.60094666481018
2032.31757620812,0.0251077767461538,3.60062289237976
2033.33295984892,0.0251077767461538,3.60062289237976
2034.33687361928,0.0251077767461538,3.60078477859497
2035.34070351555,0.0254676919430494,3.60062289237976
2036.34573985391,0.0254676919430494,3.60094666481018
2037.35179223664,0.0251077767461538,3.60062289237976
2038.35582739439,0.0254676919430494,3.60078477859497
2039.35689015345,0.0254676919430494,3.60078477859497
2040.35692448166,0.0251077767461538,3.60062289237976
2041.36192649181,0.0251077767461538,3.60062289237976
2042.36497356322,0.0251077767461538,3.60078477859497
2043.37501615852,0.0251077767461538,3.60062289237976
2044.38106712566,0.0243879482150078,3.60062289237976
2045.3901287126,0.0243879482150078,3.60078477859497
2046.39310571198,0.0251077767461538,3.60078477859497
2047.39518133032,0.0247478634119034,3.60078477859497
2048.40318652839,0.0243879482150078,3.60062289237976
2049.41324823424,0.0251077767461538,3.60078477859497
2050.42331064789,0.0247478634119034,3.60078477859497
2051.42434049432,0.0240280330181122,3.60062289237976
2052.42743428042,0.0240280330181122,3.60062289237976
2053.43741919016,0.0247478634119034,3.60062289237976
2054.44242933999,0.0251077767461538,3.60078477859497
2055.44754318226,0.0233082044869661,3.60078477859497
2056.45459179101,0.0240280330181122,3.60078477859497
2057.46454909662,0.0240280330181122,3.60078477859497
2058.47256845065,0.0243879482150078,3.60078477859497
2059.47864029784,0.0229482892900705,3.60062289237976
2060.47964183234,0.0236681196838617,3.60078477859497
2061.48277454735,0.0233082044869661,3.60078477859497
2062.48874978007,0.0218685455620289,3.60078477859497
2063.49086149611,0.0229482892900705,3.60062289237976
2064.49684097563,0.0247478634119034,3.60078477859497
2065.49993511562,0.0233082044869661,3.60078477859497
2066.50791837195,0.0247478634119034,3.60078477859497
2067.51697111141,0.0218685455620289,3.60078477859497
2068.52401618117,0.0222284607589245,3.60062289237976
2069.52605534789,0.0233082044869661,3.60062289237976
2070.52812707334,0.0229482892900705,3.60062289237976
2071.53912802745,0.0240280330181122,3.60078477859497
2072.53925720063,0.0225883759558201,3.60078477859497
2073.54122948042,0.0233082044869661,3.60078477859497
2074.54522818656,0.0240280330181122,3.60078477859497
2075.55227608751,0.0229482892900705,3.60078477859497
2076.56071268861,0.0222284607589245,3.60078477859497
2077.56140597698,0.0229482892900705,3.60062289237976
2078.56241812846,0.0229482892900705,3.60062289237976
2079.56542520928,0.0225883759558201,3.60078477859497
2080.56844609216,0.0225883759558201,3.60062289237976
2081.56847369629,0.0225883759558201,3.60062289237976
2082.57056134719,0.0229482892900705,3.60062289237976
2083.57158800854,0.0229482892900705,3.60078477859497
2084.57169523997,0.0233082044869661,3.60078477859497
2085.57189236178,0.0229482892900705,3.60078477859497
2086.57271446943,0.0225883759558201,3.60078477859497
2087.57474231138,0.0236681196838617,3.60078477859497
2088.57978183484,0.0225883759558201,3.60078477859497
2089.58926385393,0.0229482892900705,3.60078477859497
2090.59287964123,0.0218685455620289,3.60062289237976
2091.59589556952,0.0218685455620289,3.60062289237976
2092.60194052037,0.0225883759558201,3.60078477859497
2093.60695951767,0.0229482892900705,3.60078477859497
2094.61099396763,0.0225883759558201,3.60078477859497
2095.61310072909,0.0218685455620289,3.60062289237976
2096.62016137041,0.0222284607589245,3.60078477859497
2097.62817824715,0.0222284607589245,3.60094666481018
2098.63017388428,0.0218685455620289,3.60078477859497
2099.63140545321,0.0222284607589245,3.60078477859497
2100.64157615999,0.0225883759558201,3.60078477859497
2101.6492872679,0.0207888018339872,3.60062289237976
2102.65632349018,0.0222284607589245,3.60078477859497
2103.66036112523,0.0204288884997368,3.60062289237976
2104.66546293492,0.0211487170308828,3.60078477859497
2105.66944536171,0.0193491447716951,3.60078477859497
2106.68051037156,0.0218685455620289,3.60078477859497
2107.69059968154,0.0207888018339872,3.60078477859497
2108.69254152601,0.0218685455620289,3.60062289237976
2109.69862717526,0.0222284607589245,3.60078477859497
2110.7016236391,0.0204288884997368,3.60078477859497
2111.70267047269,0.0207888018339872,3.60078477859497
2112.74140154617,0.0218685455620289,3.60078477859497
2113.74875556986,0.0200689733028412,3.60078477859497
2114.75287035491,0.0193491447716951,3.60062289237976
2115.75314462673,0.0211487170308828,3.60062289237976
2116.76386847783,0.0207888018339872,3.60094666481018
2117.76892675794,0.0207888018339872,3.60078477859497
2118.76896391735,0.0207888018339872,3.60078477859497
2119.77799436117,0.0211487170308828,3.60062289237976
2120.78002715771,0.0193491447716951,3.60062289237976
2121.78408071821,0.0193491447716951,3.60078477859497
2122.79211139702,0.0189892295747995,3.60078477859497
2123.79416507361,0.0215086322277784,3.60078477859497
2124.80018100473,0.0211487170308828,3.60062289237976
2125.80128552388,0.0218685455620289,3.60062289237976
2126.8052548564,0.0189892295747995,3.60062289237976
2127.80631549206,0.0197090581059456,3.60078477859497
2128.81539583565,0.0218685455620289,3.60078477859497
2129.82440752282,0.0200689733028412,3.60062289237976
2130.83342876526,0.0200689733028412,3.60078477859497
2131.8366651727,0.0207888018339872,3.60078477859497
2132.84453093452,0.0215086322277784,3.60078477859497
2133.85453601651,0.0200689733028412,3.60062289237976
2134.86164301861,0.0207888018339872,3.60078477859497
2135.86759772519,0.0193491447716951,3.60062289237976
2136.87272855462,0.0207888018339872,3.60062289237976
2137.87968621129,0.0215086322277784,3.60078477859497
2138.8859484562,0.0204288884997368,3.60062289237976
2139.89681032796,0.0179094858467579,3.60062289237976
2140.90182684797,0.0207888018339872,3.60078477859497
2141.91184113134,0.0193491447716951,3.60062289237976
2142.91990047598,0.0204288884997368,3.60094666481018
2143.92301797332,0.0193491447716951,3.60078477859497
2144.92597126146,0.0197090581059456,3.60078477859497
2145.94043971914,0.0197090581059456,3.60078477859497
2146.94305503363,0.0193491447716951,3.60078477859497
2147.95215661117,0.0197090581059456,3.60078477859497
2148.95416994326,0.0189892295747995,3.60078477859497
2149.95615744071,0.0193491447716951,3.60062289237976
2150.96163969196,0.0193491447716951,3.60078477859497
2151.96927294206,0.0193491447716951,3.60078477859497
2152.97930598208,0.0193491447716951,3.60062289237976
2153.98731259575,0.0193491447716951,3.60062289237976
2154.99137464983,0.0186293143779039,3.60078477859497
2155.99141994892,0.0189892295747995,3.60078477859497
2156.99146524801,0.0171896573156118,3.60062289237976
2157.99647858293,0.0189892295747995,3.60078477859497
2159.00655550644,0.0189892295747995,3.60078477859497
2160.01458760084,0.0182694010436535,3.60078477859497
2161.0236842238,0.0197090581059456,3.60078477859497
2162.02866004541,0.0179094858467579,3.60078477859497
2163.03466854465,0.0207888018339872,3.60078477859497
2164.03572953421,0.0204288884997368,3.60094666481018
2165.04280645489,0.0175495706498623,3.60078477859497
2166.04581070451,0.0182694010436535,3.60078477859497
2167.04982427442,0.0193491447716951,3.60078477859497
2168.05187547371,0.0193491447716951,3.60078477859497
2169.05989695114,0.0182694010436535,3.60078477859497
2170.06497151061,0.0186293143779039,3.60078477859497
2171.06999015401,0.0189892295747995,3.60078477859497
2172.0720427689,0.0211487170308828,3.60078477859497
2173.08213455618,0.0182694010436535,3.60062289237976
2174.08511049387,0.0186293143779039,3.60062289237976
2175.09113314908,0.0179094858467579,3.60062289237976
2176.10119697832,0.0197090581059456,3.60078477859497
2177.10728935165,0.0189892295747995,3.60094666481018
2178.11529490362,0.0207888018339872,3.60094666481018
2179.11830800072,0.0197090581059456,3.60062289237976
2180.12234988256,0.0179094858467579,3.60062289237976
2181.13138563486,0.0175495706498623,3.60078477859497
2182.13643789869,0.0168297421187162,3.60062289237976
2183.14047234864,0.0168297421187162,3.60062289237976
2184.15048450861,0.0164698269218206,3.60078477859497
2185.1545890306,0.0164698269218206,3.60062289237976
2186.1566359831,0.0189892295747995,3.60062289237976
2187.16060708511,0.0182694010436535,3.60062289237976
2188.16061840989,0.0175495706498623,3.60078477859497
2189.16767161933,0.0171896573156118,3.60062289237976
2190.17670630993,0.0179094858467579,3.60078477859497
2191.18176742123,0.0175495706498623,3.60062289237976
2192.20681746257,0.0179094858467579,3.60078477859497
2193.21284931915,0.0179094858467579,3.60078477859497
2194.22088424475,0.0186293143779039,3.60062289237976
2195.2229931296,0.0182694010436535,3.60094666481018
2196.23001625761,0.0171896573156118,3.60062289237976
2197.23303926389,0.0175495706498623,3.60078477859497
2198.23560184741,0.0179094858467579,3.60078477859497
2199.24015971416,0.0171896573156118,3.60078477859497
2200.2411884989,0.0189892295747995,3.60078477859497
2201.24917706371,0.0171896573156118,3.60062289237976
2202.25123711048,0.0171896573156118,3.60062289237976
2203.26024950544,0.0171896573156118,3.60062289237976
2204.26427829301,0.0179094858467579,3.60078477859497
2205.26634506387,0.0182694010436535,3.60078477859497
2206.26637656089,0.0179094858467579,3.60062289237976
2207.27140051278,0.0171896573156118,3.60078477859497
2208.28044263527,0.0171896573156118,3.60062289237976
2209.28050846051,0.0193491447716951,3.60078477859497
2210.28052757106,0.0175495706498623,3.60078477859497
2211.28858266891,0.0186293143779039,3.60078477859497
2212.29058821521,0.0175495706498623,3.60062289237976
2213.29664413694,0.0175495706498623,3.60062289237976
2214.29809406163,0.0168297421187162,3.60078477859497
2215.30273509467,0.0153900841251016,3.60078477859497
2216.30474241047,0.0153900841251016,3.60078477859497
2217.30677379142,0.0171896573156118,3.60094666481018
2218.3169045076,0.0161099135875702,3.60078477859497
2219.31888988165,0.0171896573156118,3.60078477859497
2220.32389896978,0.0182694010436535,3.60078477859497
2221.32495925154,0.0164698269218206,3.60062289237976
2222.32701222033,0.0171896573156118,3.60078477859497
2223.33104843978,0.0161099135875702,3.60062289237976
2224.3381511951,0.0161099135875702,3.60062289237976
2225.34220475561,0.0179094858467579,3.60078477859497
2226.34315886763,0.0171896573156118,3.60078477859497
2227.35123803062,0.0168297421187162,3.60078477859497
2228.35929348236,0.0182694010436535,3.60062289237976
2229.36426541109,0.0164698269218206,3.60078477859497
2230.37431862336,0.0171896573156118,3.60078477859497
2231.37732535027,0.0157499983906746,3.60078477859497
2232.37836616758,0.0161099135875702,3.60078477859497
2233.37942326425,0.0157499983906746,3.60078477859497
2234.38948815519,0.0164698269218206,3.60078477859497
2235.39647872449,0.0171896573156118,3.60078477859497
2236.40654538493,0.0161099135875702,3.60078477859497
2237.40658679112,0.0161099135875702,3.60078477859497
2238.40862878904,0.0164698269218206,3.60078477859497
2239.41667256211,0.0168297421187162,3.60078477859497
2240.42076505152,0.0182694010436535,3.60078477859497
2241.42672471269,0.0168297421187162,3.60094666481018
2242.43678287955,0.0164698269218206,3.60078477859497
2243.4408597974,0.0161099135875702,3.60078477859497
2244.45087054177,0.0168297421187162,3.60078477859497
2245.45794392346,0.0164698269218206,3.60078477859497
2246.46796209972,0.0157499983906746,3.60078477859497
2247.47096634934,0.0153900841251016,3.60078477859497
2248.47508785848,0.0157499983906746,3.60078477859497
2249.47805813379,0.0153900841251016,3.60078477859497
2250.48504905698,0.0153900841251016,3.60062289237976
2251.48912031245,0.0146702546626329,3.60078477859497
2252.49218153983,0.0175495706498623,3.60078477859497
2253.49422990793,0.0164698269218206,3.60078477859497
2254.49526470895,0.0161099135875702,3.60078477859497
2255.49630163337,0.0161099135875702,3.60078477859497
2256.5064107617,0.0164698269218206,3.60094666481018
2257.51038150982,0.0164698269218206,3.60078477859497
2258.51240404328,0.0164698269218206,3.60062289237976
2259.51545642318,0.0161099135875702,3.60078477859497
2260.53139745509,0.0161099135875702,3.60078477859497
2261.53552781171,0.0135905109345913,3.60078477859497
2262.53655907374,0.0153900841251016,3.60078477859497
2263.54366076736,0.0139504261314869,3.60078477859497
2264.54961370444,0.0168297421187162,3.60094666481018
2265.555775442,0.0153900841251016,3.60078477859497
2266.55777851102,0.0161099135875702,3.60078477859497
2267.56776872924,0.0168297421187162,3.60094666481018
2268.57087100892,0.0139504261314869,3.60062289237976
2269.57186334205,0.0139504261314869,3.60062289237976
2270.57888116158,0.0153900841251016,3.60078477859497
2271.58292622851,0.0161099135875702,3.60078477859497
2272.58295807943,0.0157499983906746,3.60078477859497
2273.58305610948,0.0164698269218206,3.60078477859497
2274.59202745215,0.0150301698595285,3.60078477859497
2275.60113823107,0.0161099135875702,3.60078477859497
2276.61008692419,0.0157499983906746,3.60078477859497
2277.61321256121,0.0150301698595285,3.60094666481018
2278.61519298068,0.0153900841251016,3.60078477859497
2279.62524053056,0.0153900841251016,3.60078477859497
2280.63128760481,0.0157499983906746,3.60094666481018
2281.63430954938,0.0143103403970599,3.60062289237976
2282.63834612273,0.0150301698595285,3.60078477859497
2283.64244073554,0.0161099135875702,3.60078477859497
2284.64450184401,0.0150301698595285,3.60078477859497
2285.64649960454,0.0150301698595285,3.60078477859497
2286.65258596158,0.0150301698595285,3.60078477859497
2287.65355599907,0.0153900841251016,3.60078477859497
2288.65359315847,0.0146702546626329,3.60094666481018
2289.65460955674,0.0150301698595285,3.60078477859497
2290.6577192683,0.0157499983906746,3.60078477859497
2291.66479760458,0.0157499983906746,3.60078477859497
2292.66877861577,0.0146702546626329,3.60078477859497
2293.67078840887,0.0150301698595285,3.60078477859497
2294.676920065,0.0153900841251016,3.60094666481018
2295.68687630891,0.0139504261314869,3.60078477859497
2296.68991205556,0.0168297421187162,3.60078477859497
2297.69890286267,0.0143103403970599,3.60062289237976
2298.70797931338,0.0135905109345913,3.60078477859497
2299.71403700459,0.0139504261314869,3.60078477859497
2300.7141544991,0.0143103403970599,3.60078477859497
2301.71808242542,0.0135905109345913,3.60062289237976
2302.7181305557,0.0146702546626329,3.60078477859497
2303.72118859799,0.0121508529409766,3.60078477859497
2304.7212636246,0.0139504261314869,3.60078477859497
2305.72427141321,0.0132305966690183,3.60078477859497
2306.73329654855,0.0139504261314869,3.60078477859497
2307.74434174005,0.0132305966690183,3.60078477859497
2308.74741039931,0.0146702546626329,3.60078477859497
2309.75145971303,0.0150301698595285,3.60078477859497
2310.75648083373,0.0132305966690183,3.60078477859497
2311.76148744456,0.0146702546626329,3.60078477859497
2312.7645253146,0.0143103403970599,3.60078477859497
2313.76760636033,0.0150301698595285,3.60078477859497
2314.77566145817,0.0139504261314869,3.60062289237976
2315.78364931519,0.0150301698595285,3.60078477859497
2316.78969178874,0.0135905109345913,3.60078477859497
2317.79772388315,0.0146702546626329,3.60062289237976
2318.80182840513,0.0139504261314869,3.60078477859497
2319.80381413309,0.0143103403970599,3.60078477859497
2320.80784858304,0.0135905109345913,3.60078477859497
2321.81589129442,0.0146702546626329,3.60062289237976
2322.82294910455,0.0132305966690183,3.60078477859497
2323.82697647652,0.0139504261314869,3.60078477859497
2324.82997647935,0.0143103403970599,3.60078477859497
2325.83110824873,0.0139504261314869,3.60078477859497
2326.84106024586,0.0146702546626329,3.60078477859497
2327.84208266041,0.0139504261314869,3.60094666481018
2328.85016854748,0.0146702546626329,3.60078477859497
2329.85515357047,0.0135905109345913,3.60078477859497
2330.86229773198,0.0117909386754036,3.60078477859497
2331.87129207809,0.0143103403970599,3.60062289237976
2332.87738692872,0.0128706824034452,3.60062289237976
2333.87932629589,0.0128706824034452,3.60062289237976
2334.88635437849,0.0143103403970599,3.60078477859497
2335.89043129634,0.0139504261314869,3.60078477859497
2336.89473364793,0.0135905109345913,3.60078477859497
2337.89951376333,0.0135905109345913,3.60078477859497
2338.90161840139,0.0153900841251016,3.60078477859497
2339.91058337387,0.0132305966690183,3.60078477859497
2340.92064543362,0.0135905109345913,3.60078477859497
2341.92274016251,0.0139504261314869,3.60078477859497
2342.92669003057,0.0132305966690183,3.60078477859497
2343.92874406106,0.0135905109345913,3.60062289237976
2344.92982274557,0.0135905109345913,3.60078477859497
2345.93682959423,0.0143103403970599,3.60078477859497
2346.93687560112,0.0139504261314869,3.60078477859497
2347.93789801567,0.0128706824034452,3.60078477859497
2348.94694650834,0.0135905109345913,3.60078477859497
2349.95195524257,0.0128706824034452,3.60078477859497
2350.96007687345,0.0135905109345913,3.60078477859497
2351.96722775905,0.0135905109345913,3.60078477859497
2352.97809777049,0.0150301698595285,3.60078477859497
2353.98410910092,0.0153900841251016,3.60078477859497
2354.99122530441,0.0128706824034452,3.60078477859497
2355.99918378779,0.011431023478508,3.60062289237976
2357.00926743539,0.011431023478508,3.60062289237976
2358.01735438416,0.0139504261314869,3.60078477859497
2359.0203494324,0.0132305966690183,3.60078477859497
2360.02232560508,0.0143103403970599,3.60078477859497
2361.03242022355,0.0135905109345913,3.60078477859497
2362.04046718171,0.0125107672065496,3.60078477859497
2363.04550175058,0.0128706824034452,3.60078477859497
2364.05253266438,0.0143103403970599,3.60078477859497
2365.06157195567,0.0135905109345913,3.60078477859497
2366.06760947464,0.0143103403970599,3.60078477859497
2367.07572331974,0.0125107672065496,3.60078477859497
2368.08568982673,0.0125107672065496,3.60078477859497
2369.09470045219,0.0125107672065496,3.60094666481018
2370.10075708172,0.0125107672065496,3.60078477859497
2371.10827849969,0.0121508529409766,3.60078477859497
2372.10888295939,0.0128706824034452,3.60078477859497
2373.11003383932,0.0117909386754036,3.60062289237976
2374.11836427068,0.0128706824034452,3.60078477859497
2375.12292992321,0.0121508529409766,3.60062289237976
2376.12499103168,0.0128706824034452,3.60062289237976
2377.12804411938,0.0132305966690183,3.60094666481018
2378.13808211399,0.0117909386754036,3.60062289237976
2379.14512116747,0.0125107672065496,3.60078477859497
2380.15315149237,0.0125107672065496,3.60078477859497
2381.15318723619,0.0125107672065496,3.60078477859497
2382.16023372154,0.0132305966690183,3.60062289237976
2383.16825519897,0.011431023478508,3.60062289237976
2384.17831619702,0.0128706824034452,3.60078477859497
2385.1843515926,0.0117909386754036,3.60078477859497
2386.18857962537,0.0128706824034452,3.60078477859497
2387.19144620824,0.0128706824034452,3.60078477859497
2388.19446567552,0.0125107672065496,3.60078477859497
2389.1994931664,0.0132305966690183,3.60078477859497
2390.20764027802,0.0132305966690183,3.60078477859497
2391.21758484326,0.0121508529409766,3.60062289237976
2392.22665492378,0.0128706824034452,3.60078477859497
2393.22673207379,0.0132305966690183,3.60062289237976
2394.22771202045,0.0135905109345913,3.60078477859497
2395.2287362045,0.0132305966690183,3.60078477859497
2396.23777584969,0.0125107672065496,3.60062289237976
2397.24684557631,0.0121508529409766,3.60094666481018
2398.24686999535,0.0121508529409766,3.60078477859497
2399.25489642737,0.0121508529409766,3.60078477859497
2400.25509638037,0.0125107672065496,3.60078477859497
2401.26097252134,0.0125107672065496,3.60078477859497
2402.2690237263,0.0128706824034452,3.60078477859497
2403.27012647595,0.0132305966690183,3.60078477859497
2404.28010253822,0.0121508529409766,3.60078477859497
2405.28662100609,0.0117909386754036,3.60078477859497
2406.28718405959,0.0121508529409766,3.60078477859497
2407.28721060202,0.0121508529409766,3.60094666481018
2408.28929648343,0.0132305966690183,3.60062289237976
2409.29333518017,0.0128706824034452,3.60078477859497
2410.29736290605,0.0125107672065496,3.60078477859497
2411.30035830819,0.0125107672065496,3.60078477859497
2412.3054155266,0.0132305966690183,3.60078477859497
2413.31547794025,0.0121508529409766,3.60078477859497
2414.31650601719,0.0117909386754036,3.60062289237976
2415.32250637675,0.0128706824034452,3.60062289237976
2416.32253362698,0.0128706824034452,3.60078477859497
2417.33267106724,0.0128706824034452,3.60078477859497
2418.36077101119,0.0128706824034452,3.60078477859497
2419.364700707,0.011071109212935,3.60078477859497
2420.37173763708,0.011431023478508,3.60062289237976
2421.38177704729,0.0117909386754036,3.60062289237976
2422.39080253652,0.0107111949473619,3.60078477859497
2423.39784902188,0.011071109212935,3.60062289237976
2424.39823583361,0.011431023478508,3.60062289237976
2425.40484383796,0.00927153695374727,3.60078477859497
2426.41396912674,0.011431023478508,3.60062289237976
2427.42134544608,0.00999136548489332,3.60078477859497
2428.42611423671,0.0121508529409766,3.60078477859497
2429.43411271069,0.0096314512193203,3.60094666481018
2430.44010528447,0.0125107672065496,3.60078477859497
2431.44022207118,0.0096314512193203,3.60078477859497
2432.44619093372,0.0125107672065496,3.60078477859497
2433.44923800514,0.0107111949473619,3.60078477859497
2434.45135502967,0.00999136548489332,3.60062289237976
2435.45829994598,0.0128706824034452,3.60078477859497
2436.46437320876,0.011431023478508,3.60062289237976
2437.47336578537,0.0121508529409766,3.60094666481018
2438.47343585739,0.0121508529409766,3.60078477859497
2439.48345155636,0.011071109212935,3.60078477859497
2440.48752245793,0.0128706824034452,3.60078477859497
2441.49355148332,0.0128706824034452,3.60078477859497
2442.5035993871,0.0107111949473619,3.60078477859497
2443.5136816191,0.011071109212935,3.60078477859497
2444.51570309087,0.011071109212935,3.60078477859497
2445.51776561493,0.011431023478508,3.60078477859497
2446.52575665704,0.011431023478508,3.60078477859497
2447.52977376594,0.0117909386754036,3.60078477859497
2448.53078945641,0.0117909386754036,3.60078477859497
2449.53887605128,0.011431023478508,3.60078477859497
2450.54599897884,0.011431023478508,3.60078477859497
2451.55092171559,0.0121508529409766,3.60078477859497
2452.55298742474,0.0117909386754036,3.60078477859497
2453.55302316855,0.0117909386754036,3.60078477859497
2454.56005514405,0.0117909386754036,3.60078477859497
2455.56010150483,0.0107111949473619,3.60078477859497
2456.56520048334,0.011431023478508,3.60078477859497
2457.5711612062,0.0125107672065496,3.60094666481018
2458.57623116498,0.0117909386754036,3.60078477859497
2459.58426361328,0.0117909386754036,3.60078477859497
2460.5863431245,0.011431023478508,3.60078477859497
2461.59032590519,0.0117909386754036,3.60078477859497
2462.59543833186,0.0117909386754036,3.60094666481018
2463.59941934305,0.0117909386754036,3.60078477859497
2464.60144895449,0.0117909386754036,3.60078477859497
2465.60750133723,0.0107111949473619,3.60062289237976
2466.61250370127,0.0121508529409766,3.60078477859497
2467.61456657924,0.0107111949473619,3.60078477859497
2468.62466013601,0.00999136548489332,3.60078477859497
2469.63264374623,0.0103512806817889,3.60078477859497
2470.63472042626,0.011071109212935,3.60094666481018
2471.63773139996,0.0103512806817889,3.60062289237976
2472.64377953591,0.011071109212935,3.60078477859497
2473.64883640042,0.00819179322570562,3.60078477859497
2474.65082779076,0.00891162175685167,3.60078477859497
2475.66094258148,0.0103512806817889,3.60062289237976
2476.66793102738,0.0096314512193203,3.60078477859497
2477.67198494179,0.011071109212935,3.60078477859497
2478.67918926615,0.011431023478508,3.60078477859497
2479.68201939741,0.0096314512193203,3.60078477859497
2480.685072839,0.0096314512193203,3.60078477859497
2481.69411885438,0.0117909386754036,3.60078477859497
2482.69521063316,0.011071109212935,3.60062289237976
2483.70121913241,0.00927153695374727,3.60094666481018
2484.71125323412,0.0103512806817889,3.60062289237976
2485.71425925324,0.00999136548489332,3.60078477859497
2486.72031552886,0.0103512806817889,3.60094666481018
2487.72838372098,0.0107111949473619,3.60062289237976
2488.73838066329,0.0103512806817889,3.60078477859497
2489.74148825145,0.0107111949473619,3.60078477859497
2490.744482238,0.00999136548489332,3.60078477859497
2491.74458132975,0.0107111949473619,3.60094666481018
2492.75297510905,0.011431023478508,3.60078477859497
2493.76158547462,0.0096314512193203,3.60078477859497
2494.76521400228,0.011431023478508,3.60078477859497
2495.76965012774,0.011071109212935,3.60078477859497
2496.7717133596,0.0103512806817889,3.60078477859497
2497.77275134572,0.0107111949473619,3.60062289237976
2498.77480042162,0.011071109212935,3.60078477859497
2499.78381777117,0.0103512806817889,3.60078477859497
2500.78786531539,0.011431023478508,3.60078477859497
2501.79192135319,0.00999136548489332,3.60062289237976
2502.79695096747,0.0096314512193203,3.60078477859497
2503.80098435573,0.011431023478508,3.60078477859497
2504.80606457758,0.011431023478508,3.60094666481018
2505.81205502797,0.0107111949473619,3.60078477859497
2506.82109573486,0.0103512806817889,3.60078477859497
2507.82113254037,0.0107111949473619,3.60078477859497
2508.82518503918,0.0096314512193203,3.60078477859497
2509.83327729643,0.011071109212935,3.60078477859497
2510.83926314613,0.011071109212935,3.60094666481018
2511.84028556069,0.0107111949473619,3.60094666481018
2512.8483541067,0.0107111949473619,3.60078477859497
2513.85742135602,0.0103512806817889,3.60078477859497
2514.85842501393,0.00999136548489332,3.60062289237976
2515.86242301227,0.011431023478508,3.60078477859497
2516.86650099182,0.0121508529409766,3.60078477859497
2517.86957319007,0.0117909386754036,3.60078477859497
2518.86963689191,0.011071109212935,3.60062289237976
2519.87967807161,0.00783187802881002,3.60062289237976
2520.88565188874,0.0096314512193203,3.60078477859497
2521.89470958279,0.0096314512193203,3.60078477859497
2522.90379488097,0.00927153695374727,3.60078477859497
2523.90480243176,0.0107111949473619,3.60094666481018
2524.90878131956,0.0103512806817889,3.60078477859497
2525.91584726937,0.0096314512193203,3.60078477859497
2526.92492655126,0.011431023478508,3.60078477859497
2527.92992325292,0.0096314512193203,3.60062289237976
2528.93400512536,0.00927153695374727,3.60062289237976
2529.93420507836,0.0107111949473619,3.60078477859497
2530.93799463013,0.0107111949473619,3.60094666481018
2531.9481692298,0.00891162175685167,3.60078477859497
2532.95311673948,0.0103512806817889,3.60078477859497
2533.9612210293,0.0096314512193203,3.60078477859497
2534.96320746506,0.00927153695374727,3.60078477859497
2535.96623896491,0.00999136548489332,3.60078477859497
2536.97129547552,0.00999136548489332,3.60078477859497
2537.97934207979,0.00999136548489332,3.60078477859497
2538.98056090836,0.00999136548489332,3.60078477859497
2539.98539410862,0.00999136548489332,3.60078477859497
2540.9904230151,0.0107111949473619,3.60078477859497
2542.00127745498,0.00999136548489332,3.60078477859497
2543.0115518542,0.00927153695374727,3.60062289237976
2544.01455504212,0.0096314512193203,3.60078477859497
2545.01958890319,0.011071109212935,3.60094666481018
2546.02663468075,0.0107111949473619,3.60094666481018
2547.02968918405,0.0107111949473619,3.60078477859497
2548.03172410398,0.0107111949473619,3.60094666481018
2549.03375442323,0.00927153695374727,3.60078477859497
2550.0428015003,0.00927153695374727,3.60078477859497
2551.04383063894,0.00891162175685167,3.60078477859497
2552.04592430613,0.00999136548489332,3.60078477859497
2553.05196324069,0.0103512806817889,3.60094666481018
2554.0560160934,0.00927153695374727,3.60062289237976
2555.0620040665,0.00999136548489332,3.60078477859497
2556.07001032626,0.00999136548489332,3.60078477859497
2557.07905775724,0.011071109212935,3.60078477859497
2558.08909150506,0.0107111949473619,3.60062289237976
2559.09517432311,0.0103512806817889,3.60078477859497
2560.10016288509,0.0103512806817889,3.60078477859497
2561.10220488301,0.00891162175685167,3.60078477859497
2562.10833016896,0.0096314512193203,3.60078477859497
2563.10925738465,0.00927153695374727,3.60062289237976
2564.11938668523,0.011431023478508,3.60078477859497
2565.12135967282,0.00783187802881002,3.60078477859497
2566.12541287943,0.007471963763237,3.60094666481018
2567.13152542501,0.00927153695374727,3.60078477859497
2568.13155727594,0.0096314512193203,3.60078477859497
2569.13852873468,0.00927153695374727,3.60078477859497
2570.14262193189,0.00891162175685167,3.60062289237976
2571.14860671989,0.00783187802881002,3.60078477859497
2572.15069897148,0.007471963763237,3.60094666481018
2573.15368340275,0.00927153695374727,3.60078477859497
2574.1948730134,0.0096314512193203,3.60062289237976
2575.20378702441,0.00927153695374727,3.60078477859497
2576.21279304919,0.0096314512193203,3.60078477859497
2577.21984130404,0.00999136548489332,3.60078477859497
2578.22887493295,0.00927153695374727,3.60094666481018
2579.23695232644,0.0103512806817889,3.60078477859497
2580.24597144549,0.00927153695374727,3.60078477859497
2581.25006747389,0.0107111949473619,3.60094666481018
2582.25406051765,0.011071109212935,3.60078477859497
2583.25714651797,0.00999136548489332,3.60094666481018
2584.26214074233,0.0096314512193203,3.60078477859497
2585.26518073577,0.0107111949473619,3.60094666481018
2586.27321778476,0.00819179322570562,3.60078477859497
2587.28322817524,0.00783187802881002,3.60078477859497
2588.28627347715,0.00711204949766397,3.60062289237976
2589.28831122828,0.00927153695374727,3.60078477859497
2590.29637234241,0.007471963763237,3.60078477859497
2591.3033646812,0.00999136548489332,3.60078477859497
2592.30944502197,0.0103512806817889,3.60078477859497
2593.31947664639,0.0103512806817889,3.60078477859497
2594.3226047607,0.0107111949473619,3.60094666481018
2595.33156902539,0.00891162175685167,3.60078477859497
2596.34059805361,0.00855170749127865,3.60062289237976
2597.34068971348,0.00855170749127865,3.60062289237976
2598.34771319539,0.0096314512193203,3.60078477859497
2599.35674116192,0.0103512806817889,3.60078477859497
2600.3647396359,0.00927153695374727,3.60078477859497
2601.36476193155,0.00927153695374727,3.60078477859497
2602.3709289776,0.00927153695374727,3.60078477859497
2603.37890657154,0.00927153695374727,3.60094666481018
2604.38592969955,0.0096314512193203,3.60094666481018
2605.39595353819,0.00783187802881002,3.60094666481018
2606.39999365054,0.00675213476642966,3.60078477859497
2607.40906196156,0.00927153695374727,3.60078477859497
2608.41912402131,0.00819179322570562,3.60094666481018
2609.42014041958,0.00891162175685167,3.60078477859497
2610.42214950488,0.0103512806817889,3.60062289237976
2611.42316554925,0.0103512806817889,3.60078477859497
2612.42421733743,0.00891162175685167,3.60094666481018
2613.42926181547,0.00819179322570562,3.60078477859497
2614.43236303345,0.00891162175685167,3.60078477859497
2615.43839842902,0.00891162175685167,3.60062289237976
2616.44442922391,0.00891162175685167,3.60078477859497
2617.45142687119,0.00999136548489332,3.60078477859497
2618.45345188195,0.00927153695374727,3.60078477859497
2619.45655097653,0.00927153695374727,3.60094666481018
2620.46257257004,0.0096314512193203,3.60078477859497
2621.4635539323,0.0096314512193203,3.60078477859497
2622.4725903924,0.0107111949473619,3.60078477859497
2623.47567073033,0.00999136548489332,3.60078477859497
2624.48168630755,0.00819179322570562,3.60078477859497
2625.48772524212,0.00639222003519535,3.60078477859497
2626.49282740572,0.00603230576962233,3.60078477859497
2627.50382588254,0.00783187802881002,3.60078477859497
2628.50684322642,0.00855170749127865,3.60078477859497
2629.50988959004,0.00891162175685167,3.60078477859497
2630.51511207934,0.0096314512193203,3.60078477859497
2631.52502904045,0.007471963763237,3.60062289237976
2632.53502492106,0.00891162175685167,3.60078477859497
2633.53805571312,0.00927153695374727,3.60078477859497
2634.54212519909,0.00855170749127865,3.60078477859497
2635.55113653235,0.00819179322570562,3.60062289237976
2636.55516178093,0.00855170749127865,3.60078477859497
2637.5642120431,0.00999136548489332,3.60078477859497
2638.56523835054,0.00855170749127865,3.60078477859497
2639.56531974734,0.00891162175685167,3.60078477859497
2640.56751356798,0.0096314512193203,3.60078477859497
2641.56940551267,0.00999136548489332,3.60094666481018
2642.57542215159,0.00999136548489332,3.60078477859497
2643.57564298464,0.00927153695374727,3.60078477859497
2644.5824477569,0.00927153695374727,3.60078477859497
2645.58756938495,0.00711204949766397,3.60078477859497
2646.58948751817,0.007471963763237,3.60078477859497
2647.59654285101,0.00711204949766397,3.60094666481018
2648.60468960873,0.0096314512193203,3.60078477859497
2649.6127333818,0.00819179322570562,3.60078477859497
2650.62073008629,0.00927153695374727,3.60078477859497
2651.63144827501,0.0096314512193203,3.60094666481018
2652.63384417204,0.00927153695374727,3.60078477859497
2653.63603799268,0.00927153695374727,3.60078477859497
2654.64493147754,0.00783187802881002,3.60078477859497
2655.65090034008,0.00855170749127865,3.60078477859497
2656.6569969602,0.00819179322570562,3.60094666481018
2657.65905028289,0.00783187802881002,3.60078477859497
2658.66006845065,0.00819179322570562,3.60062289237976
2659.66106007599,0.00891162175685167,3.60078477859497
2660.66110502117,0.00927153695374727,3.60062289237976
2661.66412271896,0.0096314512193203,3.60078477859497
2662.67320943274,0.00891162175685167,3.60094666481018
2663.68318372551,0.0103512806817889,3.60094666481018
2664.68731903671,0.00819179322570562,3.60078477859497
2665.69233661842,0.00819179322570562,3.60078477859497
2666.69435702849,0.00639222003519535,3.60062289237976
2667.69443630189,0.00891162175685167,3.60094666481018
2668.69842616056,0.00819179322570562,3.60078477859497
2669.70047594426,0.00783187802881002,3.60062289237976
2670.70949117041,0.00927153695374727,3.60078477859497
2671.71857894589,0.00783187802881002,3.60094666481018
2672.72759735713,0.00855170749127865,3.60094666481018
2673.73161411213,0.00891162175685167,3.60094666481018
2674.74176252327,0.00783187802881002,3.60078477859497
2675.75071015469,0.00855170749127865,3.60078477859497
2676.7538014635,0.00855170749127865,3.60094666481018
2677.76178224253,0.00855170749127865,3.60078477859497
2678.764804541,0.00603230576962233,3.60094666481018
2679.76586730006,0.00603230576962233,3.60078477859497
2680.77287025582,0.00819179322570562,3.60078477859497
2681.77607764354,0.0053124763071537,3.60078477859497
2682.78571785554,0.00891162175685167,3.60078477859497
2683.78603530305,0.007471963763237,3.60078477859497
2684.79603826164,0.00819179322570562,3.60062289237976
2685.80009854624,0.007471963763237,3.60078477859497
2686.80914066872,0.00927153695374727,3.60078477859497
2687.81616981302,0.00819179322570562,3.60078477859497
2688.8261395051,0.00819179322570562,3.60062289237976
2689.83024154979,0.00819179322570562,3.60078477859497
2690.83633852381,0.00819179322570562,3.60062289237976
2691.84033050587,0.00927153695374727,3.60078477859497
2692.84134725804,0.00891162175685167,3.60078477859497
2693.84840436037,0.00675213476642966,3.60094666481018
2694.85141781137,0.00675213476642966,3.60062289237976
2695.86048683019,0.00675213476642966,3.60078477859497
2696.86748907816,0.00891162175685167,3.60094666481018
2697.86855466841,0.00819179322570562,3.60078477859497
2698.8725760241,0.007471963763237,3.60078477859497
2699.87861106577,0.00891162175685167,3.60078477859497
2700.87871688161,0.00927153695374727,3.60078477859497
2701.8797247863,0.00819179322570562,3.60078477859497
2702.88073799948,0.00783187802881002,3.60078477859497
2703.88485066114,0.00783187802881002,3.60078477859497
2704.89384606894,0.00783187802881002,3.60078477859497
2705.89987650993,0.00891162175685167,3.60078477859497
2706.90891084664,0.00891162175685167,3.60062289237976
2707.91895910432,0.007471963763237,3.60078477859497
2708.92699155262,0.00819179322570562,3.60078477859497
2709.93300536035,0.00819179322570562,3.60078477859497
2710.94207827206,0.00855170749127865,3.60078477859497
2711.94708134391,0.00999136548489332,3.60094666481018
2712.94916439412,0.00891162175685167,3.60094666481018
2713.95320273697,0.00783187802881002,3.60078477859497
2714.9543157497,0.00711204949766397,3.60078477859497
2715.96027293357,0.0053124763071537,3.60078477859497
2716.96445000487,0.0053124763071537,3.60078477859497
2717.97235363389,0.00819179322570562,3.60062289237976
2718.97638065196,0.00783187802881002,3.60078477859497
2719.9854825834,0.0096314512193203,3.60078477859497
2720.99047928506,0.0096314512193203,3.60078477859497
2721.99354440533,0.00711204949766397,3.60078477859497
2722.99760221263,0.00711204949766397,3.60078477859497
2724.00260209938,0.00783187802881002,3.60078477859497
2725.01266805202,0.007471963763237,3.60062289237976
2726.01664340083,0.00891162175685167,3.60078477859497
2727.02368705499,0.00783187802881002,3.60078477859497
2728.03271714491,0.007471963763237,3.60078477859497
2729.03878085241,0.00675213476642966,3.60078477859497
2730.04781731251,0.00891162175685167,3.60078477859497
2731.05490626577,0.00819179322570562,3.60078477859497
2732.06390804376,0.00891162175685167,3.60078477859497
2733.06991158841,0.00675213476642966,3.60078477859497
2734.07896715906,0.00711204949766397,3.60078477859497
2735.08102932923,0.00711204949766397,3.60078477859497
2736.09000491868,0.00819179322570562,3.60078477859497
2737.09027671321,0.00783187802881002,3.60062289237976
2738.10019225872,0.007471963763237,3.60078477859497
2739.13017848497,0.00711204949766397,3.60078477859497
2740.13544379606,0.00819179322570562,3.60078477859497
2741.14443884997,0.00819179322570562,3.60094666481018
2742.14746397963,0.007471963763237,3.60078477859497
2743.15685717005,0.00855170749127865,3.60078477859497
2744.15859127573,0.00783187802881002,3.60078477859497
2745.16063044246,0.00675213476642966,3.60078477859497
2746.16197172012,0.00567239103838801,3.60078477859497
2747.17066560587,0.00639222003519535,3.60078477859497
2748.17874901565,0.00891162175685167,3.60078477859497
2749.18578382233,0.007471963763237,3.60062289237976
2750.19384245917,0.0096314512193203,3.60094666481018
2751.20464912267,0.00675213476642966,3.60094666481018
2752.20468911327,0.00711204949766397,3.60078477859497
2753.20874267378,0.00819179322570562,3.60078477859497
2754.21296610586,0.00819179322570562,3.60078477859497
2755.21382360343,0.00819179322570562,3.60078477859497
2756.22180650585,0.00783187802881002,3.60094666481018
2757.23299077971,0.007471963763237,3.60078477859497
2758.23892566793,0.00819179322570562,3.60078477859497
2759.24593145489,0.00855170749127865,3.60078477859497
2760.24899515956,0.00675213476642966,3.60078477859497
2761.25003845417,0.0053124763071537,3.60078477859497
2762.2554863772,0.00567239103838801,3.60078477859497
2763.25712351453,0.00603230576962233,3.60062289237976
2764.26412717809,0.00783187802881002,3.60094666481018
2765.27417932866,0.00711204949766397,3.60078477859497
2766.27518581776,0.00675213476642966,3.60078477859497
2767.28229352766,0.00819179322570562,3.60078477859497
2768.28832290695,0.007471963763237,3.60078477859497
2769.28832998493,0.00675213476642966,3.60078477859497
2770.29838284331,0.00675213476642966,3.60078477859497
2771.30638981087,0.007471963763237,3.60078477859497
2772.3064995196,0.007471963763237,3.60078477859497
2773.31054281703,0.00675213476642966,3.60078477859497
2774.31468095943,0.00891162175685167,3.60094666481018
2775.32058045774,0.00711204949766397,3.60094666481018
2776.32263201094,0.00783187802881002,3.60078477859497
2777.32377758238,0.00783187802881002,3.60078477859497
2778.32468321023,0.00783187802881002,3.60078477859497
2779.33474880897,0.007471963763237,3.60078477859497
2780.33674232271,0.00639222003519535,3.60062289237976
2781.34484024235,0.00783187802881002,3.60062289237976
2782.34786926491,0.00855170749127865,3.60078477859497
2783.35589428133,0.007471963763237,3.60094666481018
2784.36366519818,0.00891162175685167,3.60078477859497
2785.36799798509,0.0053124763071537,3.60062289237976
2786.37002547315,0.00675213476642966,3.60078477859497
2787.37506782779,0.00639222003519535,3.60078477859497
2788.3770730202,0.00603230576962233,3.60078477859497
2789.37816586068,0.0053124763071537,3.60062289237976
2790.38100448551,0.00495256204158068,3.60094666481018
2791.39027699633,0.00675213476642966,3.60062289237976
2792.39925152408,0.00783187802881002,3.60078477859497
2793.40320882403,0.00819179322570562,3.60062289237976
2794.40431935947,0.0096314512193203,3.60078477859497
2795.41236313254,0.00675213476642966,3.60078477859497
2796.4125000915,0.00783187802881002,3.60078477859497
2797.41343792417,0.007471963763237,3.60094666481018
2798.41948464451,0.00819179322570562,3.60078477859497
2799.42051802994,0.00783187802881002,3.60078477859497
2800.42364614425,0.00675213476642966,3.60078477859497
2801.42457619114,0.007471963763237,3.60078477859497
2802.43164921893,0.00783187802881002,3.60078477859497
2803.43576506568,0.00783187802881002,3.60094666481018
2804.43773840717,0.00675213476642966,3.60078477859497
2805.43974430737,0.00675213476642966,3.60078477859497
2806.44377804953,0.00783187802881002,3.60078477859497
2807.45083479796,0.00783187802881002,3.60078477859497
2808.45986665738,0.00603230576962233,3.60078477859497
2809.46691101934,0.0053124763071537,3.60078477859497
2810.47096139476,0.00783187802881002,3.60094666481018
2811.47699042015,0.00855170749127865,3.60094666481018
2812.47896234604,0.00783187802881002,3.60078477859497
2813.48309022536,0.00639222003519535,3.60078477859497
2814.48411263991,0.00567239103838801,3.60078477859497
2815.51282341374,0.00603230576962233,3.60062289237976
2816.5221971397,0.00783187802881002,3.60094666481018
2817.52527747763,0.007471963763237,3.60078477859497
2818.53029718273,0.00783187802881002,3.60078477859497
2819.53331877341,0.00639222003519535,3.60078477859497
2820.53435711343,0.00639222003519535,3.60078477859497
2821.53438861045,0.00567239103838801,3.60078477859497
2822.53843120008,0.00423273257911205,3.60062289237976
2823.54066536522,0.00567239103838801,3.60078477859497
2824.55048500407,0.00783187802881002,3.60094666481018
2825.55553939129,0.00855170749127865,3.60094666481018
2826.56475917114,0.0053124763071537,3.60078477859497
2827.56961148196,0.00603230576962233,3.60078477859497
2828.57067424101,0.00711204949766397,3.60078477859497
2829.57770090802,0.007471963763237,3.60078477859497
2830.58271707413,0.007471963763237,3.60062289237976
2831.58379292745,0.007471963763237,3.60078477859497
2832.58480826402,0.00603230576962233,3.60078477859497
2833.5918459019,0.00783187802881002,3.60078477859497
2834.5959012319,0.00639222003519535,3.60078477859497
2835.60592117766,0.00783187802881002,3.60078477859497
2836.6130154394,0.00783187802881002,3.60078477859497
2837.61302570247,0.00855170749127865,3.60078477859497
2838.61905189667,0.00639222003519535,3.60062289237976
2839.62609342744,0.0053124763071537,3.60078477859497
2840.63114179837,0.00675213476642966,3.60078477859497
2841.63118108117,0.007471963763237,3.60078477859497
2842.63721612285,0.00711204949766397,3.60078477859497
2843.64522592161,0.007471963763237,3.60078477859497
2844.64926886514,0.00783187802881002,3.60078477859497
2845.64933362868,0.007471963763237,3.60078477859497
2846.65936985379,0.00639222003519535,3.60078477859497
2847.66142636157,0.00675213476642966,3.60078477859497
2848.66243355847,0.00603230576962233,3.60078477859497
2849.66348959344,0.007471963763237,3.60094666481018
2850.67153407431,0.00675213476642966,3.60078477859497
2851.67955625954,0.00711204949766397,3.60078477859497
2852.6855969636,0.00711204949766397,3.60078477859497
2853.69262292281,0.00675213476642966,3.60078477859497
2854.69768120291,0.00711204949766397,3.60078477859497
2855.70470645432,0.00639222003519535,3.60078477859497
2856.71076839233,0.00675213476642966,3.60078477859497
2857.71578278895,0.00711204949766397,3.60078477859497
2858.71882738307,0.00675213476642966,3.60078477859497
2859.7278918012,0.00711204949766397,3.60078477859497
2860.7369296769,0.007471963763237,3.60078477859497
2861.74198300242,0.00495256204158068,3.60078477859497
2862.75107820978,0.00711204949766397,3.60078477859497
2863.75201745804,0.00711204949766397,3.60078477859497
2864.75606040157,0.00711204949766397,3.60078477859497
2865.76510960204,0.00567239103838801,3.60078477859497
2866.76815171887,0.00675213476642966,3.60078477859497
2867.7731593914,0.00711204949766397,3.60078477859497
2868.78024126667,0.007471963763237,3.60078477859497
2869.78429305768,0.007471963763237,3.60078477859497
2870.79132715657,0.00675213476642966,3.60094666481018
2871.80296159011,0.00675213476642966,3.60094666481018
2872.8103948872,0.00711204949766397,3.60078477859497
2873.81739748907,0.00711204949766397,3.60094666481018
2874.82247311023,0.00639222003519535,3.60062289237976
2875.8265443657,0.007471963763237,3.60078477859497
2876.82952561187,0.00603230576962233,3.60078477859497
2877.83956891497,0.00819179322570562,3.60078477859497
2878.84861846934,0.00567239103838801,3.60078477859497
2879.8526132826,0.0053124763071537,3.60078477859497
2880.85571343888,0.00639222003519535,3.60062289237976
2881.86175414294,0.007471963763237,3.60094666481018
2882.87074495005,0.00675213476642966,3.60078477859497
2883.87181903388,0.00783187802881002,3.60078477859497
2884.87704683167,0.00675213476642966,3.60078477859497
2885.87788769597,0.00711204949766397,3.60078477859497
2886.88592439106,0.00603230576962233,3.60078477859497
2887.88899092693,0.00459264731034636,3.60078477859497
2888.89697205986,0.007471963763237,3.60078477859497
2889.90661121016,0.00639222003519535,3.60078477859497
2890.91335228058,0.00783187802881002,3.60078477859497
2891.91810762304,0.00603230576962233,3.60078477859497
2892.91815115263,0.00567239103838801,3.60078477859497
2893.92624270209,0.00639222003519535,3.60078477859497
2894.93519245691,0.00675213476642966,3.60094666481018
2895.94032116294,0.00711204949766397,3.60078477859497
2896.95035420296,0.007471963763237,3.60078477859497
2897.95423789189,0.00711204949766397,3.60078477859497
2898.96440187459,0.00603230576962233,3.60078477859497
2899.97483163552,0.00783187802881002,3.60094666481018
2900.97746818396,0.00603230576962233,3.60078477859497
2901.98052622624,0.00675213476642966,3.60078477859497
2902.98960692374,0.00639222003519535,3.60078477859497
2903.99168360377,0.00459264731034636,3.60078477859497
2905.00024973194,0.00639222003519535,3.60078477859497
2906.00669635829,0.00639222003519535,3.60078477859497
2907.0167350607,0.00675213476642966,3.60078477859497
2908.02477671038,0.00675213476642966,3.60078477859497
2909.02880832914,0.00675213476642966,3.60078477859497
2910.0315963464,0.00711204949766397,3.60078477859497
2911.03288630869,0.00639222003519535,3.60094666481018
2912.04288678999,0.00567239103838801,3.60094666481018
2913.04297243358,0.00567239103838801,3.60078477859497
2914.04323290333,0.00711204949766397,3.60078477859497
2915.04903224819,0.00675213476642966,3.60078477859497
2916.05006598752,0.00675213476642966,3.60078477859497
2917.0551327612,0.00783187802881002,3.60078477859497
2918.05813241013,0.00711204949766397,3.60078477859497
2919.06420284172,0.00711204949766397,3.60094666481018
2920.06920237457,0.00639222003519535,3.60078477859497
2921.07824697436,0.00675213476642966,3.60078477859497
2922.08229345688,0.007471963763237,3.60078477859497
2923.08635834216,0.00459264731034636,3.60078477859497
2924.08839503159,0.00459264731034636,3.60094666481018
2925.09547301397,0.00387281831353903,3.60062289237976
2926.10048882618,0.00567239103838801,3.60078477859497
2927.1044985032,0.007471963763237,3.60078477859497
2928.11054770084,0.00567239103838801,3.60094666481018
2929.11105802337,0.00639222003519535,3.60094666481018
2930.11563252338,0.00567239103838801,3.60078477859497
2931.11767876809,0.00783187802881002,3.60094666481018
2932.12271050576,0.00639222003519535,3.60078477859497
2933.13101510249,0.00567239103838801,3.60078477859497
2934.14277127732,0.00675213476642966,3.60078477859497
2935.1498457207,0.007471963763237,3.60078477859497
2936.1578410096,0.00675213476642966,3.60078477859497
2937.15990353366,0.00675213476642966,3.60094666481018
2938.1629828099,0.00567239103838801,3.60078477859497
2939.17095155636,0.00675213476642966,3.60094666481018
2940.17401490713,0.00675213476642966,3.60094666481018
2941.17406303741,0.00567239103838801,3.60078477859497
2942.17907460284,0.00423273257911205,3.60078477859497
2943.17937506319,0.00603230576962233,3.60094666481018
2944.18708723279,0.00495256204158068,3.60078477859497
2945.18915046465,0.00567239103838801,3.60078477859497
2946.19425758284,0.00603230576962233,3.60062289237976
2947.20739750322,0.00567239103838801,3.60078477859497
2947.86031483522,0.00639222003519535,3.60078477859497
2947.870920649,0.00750257121399045,3.60078477859497
2948.88265642407,0,3.60062289237976
2949.89071010632,0,3.60046076774597
2950.89076142169,0,3.60046076774597
2951.8948125049,0,3.60062289237976
2952.90381039,0,3.60046076774597
2953.90986135714,0,3.60046076774597
2954.91391491764,0,3.60029888153076
2955.91595160707,0,3.60013699531555
2956.92398157808,0,3.60013699531555
2957.8830439436,0,3.60013699531555
2958.89071456464,0.0254676919430494,3.60094666481018
2959.89773132247,0.0143103403970599,3.60078477859497
2960.90479090209,0.00999136548489332,3.60078477859497
2961.90984033472,0.00999136548489332,3.60078477859497
2962.91388504775,0.00855170749127865,3.60094666481018
2963.91890616845,0.00567239103838801,3.60078477859497
2964.92093153311,0.00639222003519535,3.60078477859497
2965.92599830679,0.00423273257911205,3.60078477859497
2966.93300692494,0.00711204949766397,3.60078477859497
2967.93306638,0.007471963763237,3.60078477859497
2968.94311145259,0.00675213476642966,3.60078477859497
2969.9502166852,0.00675213476642966,3.60078477859497
2970.95921987879,0.00603230576962233,3.60078477859497
2971.9672087975,0.00711204949766397,3.60078477859497
2972.97132499815,0.00711204949766397,3.60078477859497
2973.97528760658,0.00639222003519535,3.60094666481018
2974.98234577061,0.00639222003519535,3.60094666481018
2975.98654867655,0.00711204949766397,3.60078477859497
2976.99141160434,0.00603230576962233,3.60078477859497
2977.99349748575,0.00603230576962233,3.60078477859497
2978.99451813081,0.00603230576962233,3.60078477859497
2980.0055272246,0.00783187802881002,3.60078477859497
2981.00658998365,0.00639222003519535,3.60078477859497
2982.01409512227,0.00675213476642966,3.60078477859497
2983.02265771145,0.00675213476642966,3.60078477859497
2984.03270243014,0.00567239103838801,3.60062289237976
2985.03679775075,0.0053124763071537,3.60078477859497
2986.06395632303,0.00783187802881002,3.60078477859497
2987.0668218442,0.00675213476642966,3.60078477859497
2988.07484792232,0.00675213476642966,3.60078477859497
2989.08084792798,0.007471963763237,3.60094666481018
2990.08155926521,0.007471963763237,3.60078477859497
2991.08506003529,0.00567239103838801,3.60078477859497
2992.08700046416,0.00675213476642966,3.60078477859497
2993.08705425683,0.00711204949766397,3.60078477859497
2994.09612044446,0.00567239103838801,3.60078477859497
2995.10212505081,0.00675213476642966,3.60078477859497
2996.11215879863,0.00603230576962233,3.60062289237976
2997.11618086211,0.00567239103838801,3.60078477859497
2998.12023406872,0.00423273257911205,3.60078477859497
2999.12328644862,0.00495256204158068,3.60078477859497
3000.13234308098,0.00711204949766397,3.60094666481018
3001.13537033404,0.00495256204158068,3.60062289237976
3002.13849490936,0.0053124763071537,3.60078477859497
3003.14641835674,0.00639222003519535,3.60078477859497
3004.14848689709,0.00603230576962233,3.60078477859497
3005.14850919273,0.00603230576962233,3.60078477859497
3006.15555921708,0.00675213476642966,3.60094666481018
3007.15580446917,0.00567239103838801,3.60094666481018
3008.15664144058,0.0053124763071537,3.60078477859497
3009.16465159324,0.00639222003519535,3.60062289237976
3010.16971942862,0.00675213476642966,3.60078477859497
3011.17075953814,0.00639222003519535,3.60062289237976
3012.17279551977,0.00639222003519535,3.60078477859497
3013.18108454493,0.00675213476642966,3.60078477859497
3014.18587350781,0.0053124763071537,3.60078477859497
3015.19498782572,0.00387281831353903,3.60078477859497
3016.20196494685,0.00711204949766397,3.60078477859497
3017.20500529418,0.00459264731034636,3.60078477859497
3018.20802122247,0.00459264731034636,3.60078477859497
3019.21222165111,0.0053124763071537,3.60078477859497
3020.21421304145,0.00675213476642966,3.60078477859497
3021.22325764124,0.00567239103838801,3.60078477859497
3022.23325316795,0.00603230576962233,3.60078477859497
3023.23522686334,0.00567239103838801,3.60094666481018
3024.24136807475,0.00459264731034636,3.60078477859497
3025.24831546835,0.00567239103838801,3.60078477859497
3026.25242034423,0.00603230576962233,3.60078477859497
3027.26136974515,0.00639222003519535,3.60078477859497
3028.26762385038,0.00675213476642966,3.60078477859497
3029.27047804678,0.0053124763071537,3.60078477859497
3030.27052476146,0.00567239103838801,3.60094666481018
3031.2805510774,0.00783187802881002,3.60078477859497
3032.28860936034,0.0053124763071537,3.60078477859497
3033.2896268203,0.00567239103838801,3.60078477859497
3034.29474243207,0.00603230576962233,3.60078477859497
3035.29772792504,0.00567239103838801,3.60078477859497
3036.29873370633,0.00639222003519535,3.60094666481018
3037.30405564128,0.00603230576962233,3.60062289237976
3038.31283056994,0.00639222003519535,3.60078477859497
3039.31788283376,0.00459264731034636,3.60078477859497
3040.32090619393,0.00387281831353903,3.60078477859497
3041.32094122994,0.00351290358230472,3.60078477859497
3042.32699396657,0.00423273257911205,3.60078477859497
3043.33302794655,0.00603230576962233,3.60078477859497
3044.34007513971,0.00459264731034636,3.60062289237976
3045.34810192562,0.00423273257911205,3.60078477859497
3046.35414015239,0.00639222003519535,3.60078477859497
3047.35421447121,0.00567239103838801,3.60078477859497
3048.35822308653,0.0053124763071537,3.60094666481018
3049.36624421006,0.00567239103838801,3.60078477859497
3050.37429435332,0.00603230576962233,3.60078477859497
3051.37932786048,0.00675213476642966,3.60078477859497
3052.38441339082,0.00639222003519535,3.60078477859497
3053.39440608635,0.0053124763071537,3.60078477859497
3054.39842496474,0.00567239103838801,3.60094666481018
3055.40148937721,0.00603230576962233,3.60078477859497
3056.40950342276,0.00567239103838801,3.60078477859497
3057.41455993337,0.00711204949766397,3.60094666481018
3058.41958459306,0.00675213476642966,3.60078477859497
3059.45327968207,0.00459264731034636,3.60062289237976
3060.45371568579,0.00675213476642966,3.60094666481018
3061.45878033608,0.00567239103838801,3.60078477859497
3062.46775875673,0.0053124763071537,3.60094666481018
3063.47424643537,0.00567239103838801,3.60094666481018
3064.4838346242,0.0053124763071537,3.60078477859497
3065.49387084932,0.00423273257911205,3.60078477859497
3066.50096688055,0.00603230576962233,3.60078477859497
3067.51096700796,0.00603230576962233,3.60078477859497
3068.51198411402,0.00495256204158068,3.60078477859497
3069.51609359059,0.00639222003519535,3.60062289237976
3070.52216012929,0.00603230576962233,3.60094666481018
3071.53111519259,0.00675213476642966,3.60078477859497
3072.53921417393,0.00567239103838801,3.60078477859497
3073.54417194669,0.00567239103838801,3.60078477859497
3074.55250343975,0.00675213476642966,3.60078477859497
3075.55426196447,0.00423273257911205,3.60078477859497
3076.5626447729,0.00567239103838801,3.60078477859497
3077.57343338754,0.00567239103838801,3.60062289237976
3078.57936225948,0.00603230576962233,3.60062289237976
3079.5834090959,0.00459264731034636,3.60078477859497
3080.58446725427,0.00567239103838801,3.60078477859497
3081.59388203253,0.00459264731034636,3.60078477859497
3082.62428515194,0.00603230576962233,3.60078477859497
3083.6373932214,0.00639222003519535,3.60094666481018
3084.64111694793,0.00603230576962233,3.60078477859497
3085.65589471344,0.00567239103838801,3.60078477859497
3086.66973358459,0.00567239103838801,3.60078477859497
3087.68369738213,0.00675213476642966,3.60078477859497
3088.69776062531,0.00351290358230472,3.60078477859497
3089.704353412,0.00567239103838801,3.60078477859497
3090.70685830996,0.00495256204158068,3.60078477859497
3091.71582859093,0.00459264731034636,3.60062289237976
3092.72192910394,0.00495256204158068,3.60094666481018
3093.72591967041,0.00639222003519535,3.60094666481018
3094.73501381607,0.00459264731034636,3.60078477859497
3095.74301087446,0.0053124763071537,3.60078477859497
3096.75109959272,0.00567239103838801,3.60094666481018
3097.75616211962,0.00639222003519535,3.60078477859497
3098.76214018353,0.00603230576962233,3.60094666481018
3099.76223715189,0.0053124763071537,3.60078477859497
3100.76363009882,0.00567239103838801,3.60094666481018
3101.77165546915,0.0053124763071537,3.60078477859497
3102.78563979283,0.00603230576962233,3.60078477859497
3103.79959792798,0.00567239103838801,3.60078477859497
3104.81360242391,0.00603230576962233,3.60094666481018
3105.82755489668,0.00495256204158068,3.60094666481018
3106.84191860022,0.00495256204158068,3.60078477859497
3107.85551398877,0.00459264731034636,3.60078477859497
3108.86953617966,0.0053124763071537,3.60062289237976
3109.88348617513,0.00459264731034636,3.60078477859497
3110.89751367451,0.00495256204158068,3.60078477859497
3111.91164946702,0.00675213476642966,3.60078477859497
3112.92545684114,0.00603230576962233,3.60078477859497
3113.93941568409,0.00567239103838801,3.60078477859497
3114.95343929058,0.0053124763071537,3.60078477859497
3115.96740167252,0.00459264731034636,3.60062289237976
3116.98141430813,0.00567239103838801,3.60078477859497
3117.99535581002,0.00639222003519535,3.60078477859497
3119.00937304632,0.00567239103838801,3.60078477859497
3120.02330180785,0.00495256204158068,3.60078477859497
3121.03735655746,0.0053124763071537,3.60062289237976
3122.05129310476,0.00495256204158068,3.60062289237976
3123.05340022011,0.00351290358230472,3.60078477859497
3124.06367568103,0.00603230576962233,3.60078477859497
3125.07766000472,0.00603230576962233,3.60078477859497
3126.09163406533,0.00459264731034636,3.60078477859497
3127.10563148328,0.00423273257911205,3.60094666481018
3128.11959068013,0.00639222003519535,3.60078477859497
3129.13360296184,0.00567239103838801,3.60062289237976
3130.14756463598,0.00639222003519535,3.60078477859497
3131.16152100164,0.00495256204158068,3.60078477859497
3132.17553753014,0.00567239103838801,3.60078477859497
3133.18953919488,0.00495256204158068,3.60078477859497
3134.20349166765,0.00423273257911205,3.60094666481018
3135.21749757918,0.00495256204158068,3.60078477859497
3136.23144899024,0.00495256204158068,3.60094666481018
3137.2455653183,0.00495256204158068,3.60078477859497
3138.25943993326,0.00459264731034636,3.60062289237976
3139.27344867598,0.00495256204158068,3.60078477859497
3140.28740928842,0.00639222003519535,3.60062289237976
3141.30136105339,0.0053124763071537,3.60078477859497
3142.31536271813,0.00567239103838801,3.60094666481018
3143.32936296728,0.0053124763071537,3.60094666481018
3144.34336604761,0.00603230576962233,3.60078477859497
3145.35732418276,0.00567239103838801,3.60078477859497
3146.37129328879,0.00567239103838801,3.60078477859497
3147.38529920032,0.00459264731034636,3.60062289237976
3148.39926582905,0.00603230576962233,3.60062289237976
3149.41326466259,0.00603230576962233,3.60078477859497
3150.42724863238,0.0053124763071537,3.60078477859497
3151.44119154987,0.00315298908390105,3.60078477859497
3152.4551981692,0.00459264731034636,3.60078477859497
3153.46921009701,0.0053124763071537,3.60078477859497
3154.48317814134,0.0053124763071537,3.60078477859497
3155.49716211112,0.00459264731034636,3.60078477859497
3156.51114254192,0.00639222003519535,3.60078477859497
3157.52512474221,0.00567239103838801,3.60078477859497
3158.53912676085,0.00639222003519535,3.60078477859497
3159.55311639302,0.0053124763071537,3.60078477859497
3160.56707275867,0.00639222003519535,3.60078477859497
3161.58106203695,0.00567239103838801,3.60078477859497
3162.59505556201,0.00675213476642966,3.60078477859497
3163.60902785312,0.00423273257911205,3.60078477859497
3164.62300793002,0.00495256204158068,3.60062289237976
3165.63701313375,0.00459264731034636,3.60078477859497
3166.65096808381,0.00459264731034636,3.60062289237976
3167.66495806988,0.0053124763071537,3.60078477859497
3168.67894310136,0.00783187802881002,3.60078477859497
3169.69293061014,0.00387281831353903,3.60078477859497
3170.70691210263,0.00351290358230472,3.60094666481018
3171.72090916668,0.00387281831353903,3.60078477859497
3172.73487685711,0.00603230576962233,3.60078477859497
3173.74887852185,0.00603230576962233,3.60078477859497
3174.76284231939,0.00567239103838801,3.60094666481018
3175.77682912036,0.0053124763071537,3.60078477859497
3176.79080848946,0.0053124763071537,3.60078477859497
3177.80480555351,0.00603230576962233,3.60078477859497
3178.81878102972,0.00351290358230472,3.60078477859497
3179.83277313919,0.00423273257911205,3.60078477859497
3180.84714993699,0.00387281831353903,3.60062289237976
3181.86071630582,0.00495256204158068,3.60078477859497
3182.8747016912,0.00567239103838801,3.60094666481018
3183.88869875525,0.00387281831353903,3.60078477859497
3184.90265476701,0.00639222003519535,3.60078477859497
3185.9166383829,0.0053124763071537,3.60078477859497
3186.93062978456,0.0053124763071537,3.60094666481018
3187.94461092316,0.00495256204158068,3.60078477859497
3188.95858958445,0.00567239103838801,3.60078477859497
3189.97259938888,0.00387281831353903,3.60078477859497
3190.98655398503,0.00495256204158068,3.60078477859497
3192.00054326331,0.0053124763071537,3.60078477859497
3193.0145222785,0.0053124763071537,3.60078477859497
3194.02852005035,0.00495256204158068,3.60094666481018
3195.04247429261,0.00459264731034636,3.60078477859497
3196.05648126584,0.00387281831353903,3.60078477859497
3197.07045744985,0.00639222003519535,3.60078477859497
3198.08443965014,0.00567239103838801,3.60062289237976
3199.09843069791,0.0053124763071537,3.60078477859497
3200.11241785278,0.00315298908390105,3.60078477859497
3201.1263904978,0.00639222003519535,3.60078477859497
3202.14039782492,0.0053124763071537,3.60078477859497
3203.15434852819,0.00639222003519535,3.60078477859497
3204.1683225888,0.0053124763071537,3.60078477859497
3205.18229558772,0.00567239103838801,3.60094666481018
3206.19630326874,0.00567239103838801,3.60078477859497
3207.21028476123,0.00387281831353903,3.60094666481018
3208.22428748767,0.00387281831353903,3.60078477859497
3209.23836771802,0.00711204949766397,3.60078477859497
3210.25235522679,0.00459264731034636,3.60078477859497
3211.26623833533,0.00135341635905206,3.60078477859497
3212.2802276136,0.00387281831353903,3.60094666481018
3213.29418574875,0.0053124763071537,3.60078477859497
3214.30820050776,0.00603230576962233,3.60078477859497
3215.32212749979,0.00459264731034636,3.60078477859497
3216.33613659641,0.00495256204158068,3.60078477859497
3217.35012658248,0.0053124763071537,3.60078477859497
3218.36411692245,0.00567239103838801,3.60078477859497
3219.37809664545,0.00387281831353903,3.60062289237976
3220.39209937189,0.00387281831353903,3.60094666481018
3221.40606210773,0.00639222003519535,3.60078477859497
3222.4200113954,0.00459264731034636,3.60078477859497
3223.4340307551,0.00423273257911205,3.60078477859497
3224.44802392626,0.00387281831353903,3.60094666481018
3225.46196188916,0.00639222003519535,3.60078477859497
3226.47598408005,0.00495256204158068,3.60094666481018
3227.48995460167,0.00459264731034636,3.60078477859497
3228.50393538636,0.00495256204158068,3.60078477859497
3229.51795793115,0.00495256204158068,3.60078477859497
3230.5319150046,0.0053124763071537,3.60078477859497
3231.54590038998,0.00459264731034636,3.60078477859497
3232.55988117468,0.00423273257911205,3.60078477859497
3233.57382267657,0.00387281831353903,3.60094666481018
3234.58784522136,0.0053124763071537,3.60078477859497
3235.60181008059,0.00423273257911205,3.60078477859497
3236.61580820634,0.00315298908390105,3.60078477859497
3237.62979394562,0.0053124763071537,3.60078477859497
3238.64380127275,0.0053124763071537,3.60078477859497
3239.65777533336,0.00567239103838801,3.60078477859497
3240.67174479328,0.00423273257911205,3.60078477859497
3241.68573513325,0.00495256204158068,3.60078477859497
3242.69970494707,0.0053124763071537,3.60078477859497
3243.71371545929,0.00495256204158068,3.60062289237976
3244.72768244192,0.00423273257911205,3.60062289237976
3245.74164270047,0.00459264731034636,3.60094666481018
3246.75564294961,0.00495256204158068,3.60078477859497
3247.76963470518,0.00459264731034636,3.60062289237976
3248.7836013339,0.00315298908390105,3.60062289237976
3249.79760618374,0.0053124763071537,3.60078477859497
3250.81160183219,0.00603230576962233,3.60094666481018
3251.82555430496,0.00315298908390105,3.60078477859497
3252.83994207364,0.00279307458549738,3.60078477859497
3253.85353781609,0.00567239103838801,3.60078477859497
3254.86752674046,0.00459264731034636,3.60078477859497
3255.88145868708,0.00495256204158068,3.60078477859497
3256.89548795595,0.00495256204158068,3.60078477859497
3257.90945670808,0.00567239103838801,3.60078477859497
3258.92343572327,0.00495256204158068,3.60078477859497
3259.93743915751,0.00423273257911205,3.60094666481018
3260.95135411697,0.00423273257911205,3.60078477859497
3261.96540143469,0.00459264731034636,3.60078477859497
3262.97937407971,0.00423273257911205,3.60094666481018
3263.99334955592,0.00459264731034636,3.60094666481018
3265.00735865254,0.00495256204158068,3.60062289237976
3266.02134262232,0.00459264731034636,3.60078477859497
3267.03531774463,0.00567239103838801,3.60078477859497
3268.04929463643,0.00387281831353903,3.60078477859497
3269.06327400553,0.00279307458549738,3.60078477859497
3270.07726894619,0.00675213476642966,3.60094666481018
3271.09124689969,0.00459264731034636,3.60062289237976
3272.10524573324,0.0053124763071537,3.60078477859497
3273.1192003294,0.00351290358230472,3.60078477859497
3274.13319137717,0.0053124763071537,3.60078477859497
3275.147196227,0.00459264731034636,3.60078477859497
3276.1611755961,0.00279307458549738,3.60078477859497
3277.17514116313,0.00387281831353903,3.60078477859497
3278.18912690241,0.00459264731034636,3.60094666481018
3279.203108041,0.00459264731034636,3.60078477859497
3280.21710475115,0.00423273257911205,3.60062289237976
3281.23108058126,0.00423273257911205,3.60094666481018
3282.24516895129,0.00603230576962233,3.60094666481018
3283.25904639744,0.00459264731034636,3.60078477859497
3284.27302647433,0.00459264731034636,3.60078477859497
3285.28700088884,0.00495256204158068,3.60078477859497
3286.30099866069,0.00387281831353903,3.60078477859497
3287.31497024401,0.0053124763071537,3.60078477859497
3288.32894961311,0.0053124763071537,3.60078477859497
3289.34291482624,0.00495256204158068,3.60078477859497
3290.35692852355,0.00459264731034636,3.60078477859497
3291.37090293806,0.00459264731034636,3.60078477859497
3292.38488124546,0.00387281831353903,3.60078477859497
3293.39886238405,0.00387281831353903,3.60078477859497
3294.41285272402,0.0053124763071537,3.60078477859497
3295.42681333646,0.00603230576962233,3.60094666481018
3296.44083871245,0.00351290358230472,3.60078477859497
3297.45476995126,0.000633587245829403,3.60078477859497
3298.46879426555,0.00459264731034636,3.60078477859497
3299.48272904336,0.00567239103838801,3.60094666481018
3300.49677317599,0.0053124763071537,3.60078477859497
3301.51071184669,0.00351290358230472,3.60078477859497
3302.52472377451,0.00423273257911205,3.60078477859497
3303.53867766287,0.00495256204158068,3.60078477859497
3304.5526835744,0.00459264731034636,3.60078477859497
3305.56664878753,0.00315298908390105,3.60078477859497
3306.58067204012,0.0053124763071537,3.60078477859497
3307.59461071082,0.0053124763071537,3.60078477859497
3308.60863113221,0.0053124763071537,3.60094666481018
3309.62254644557,0.00207324558869004,3.60078477859497
3310.63661358165,0.00639222003519535,3.60078477859497
3311.65056003812,0.00423273257911205,3.60078477859497
3312.66455108589,0.00459264731034636,3.60078477859497
3313.67851452953,0.00279307458549738,3.60078477859497
3314.6925455679,0.00423273257911205,3.60078477859497
3315.70643469272,0.00423273257911205,3.60078477859497
3316.72049368912,0.00459264731034636,3.60078477859497
3317.73438529123,0.00639222003519535,3.60078477859497
3318.7484977264,0.00495256204158068,3.60078477859497
3319.76236101658,0.00495256204158068,3.60078477859497
3320.77644230863,0.00567239103838801,3.60078477859497
3321.79037496304,0.00315298908390105,3.60078477859497
3322.80437910508,0.00567239103838801,3.60078477859497
3323.81838006202,0.00603230576962233,3.60094666481018
3324.83235306093,0.00567239103838801,3.60078477859497
3325.84679214499,0.00243316008709371,3.60078477859497
3326.86030790624,0.0053124763071537,3.60078477859497
3327.87429081432,0.0053124763071537,3.60094666481018
3328.88829141737,0.00423273257911205,3.60078477859497
3329.90220000664,0.00387281831353903,3.60078477859497
3330.91625475625,0.00567239103838801,3.60078477859497
3331.93022421617,0.00351290358230472,3.60078477859497
3332.94423543619,0.00171333085745573,3.60078477859497
3333.95816348991,0.00423273257911205,3.60094666481018
3334.97218143402,0.00567239103838801,3.60094666481018
3335.98615549463,0.00495256204158068,3.60078477859497
3337.00016069836,0.00351290358230472,3.60062289237976
3338.01411529452,0.00279307458549738,3.60094666481018
3339.02812474504,0.00387281831353903,3.60078477859497
3340.04205279876,0.00495256204158068,3.60078477859497
3341.06033912014,0.00387281831353903,3.60078477859497
3342.07006072894,0.0053124763071537,3.60078477859497
3343.08406628657,0.00639222003519535,3.60078477859497
3344.09799469419,0.00387281831353903,3.60078477859497
3345.11203847293,0.00315298908390105,3.60094666481018
3346.12596971174,0.00603230576962233,3.60078477859497
3347.1400057047,0.00639222003519535,3.60094666481018
3348.1539426059,0.00315298908390105,3.60078477859497
3349.16795807271,0.00423273257911205,3.60078477859497
3350.18187090877,0.00459264731034636,3.60078477859497
3351.19592707398,0.0053124763071537,3.60078477859497
3352.20990078069,0.00423273257911205,3.60078477859497
3353.22389324405,0.00387281831353903,3.60078477859497
3354.24165437914,0.00603230576962233,3.60094666481018
3355.25185269005,0.00207324558869004,3.60078477859497
3356.26581967267,0.00387281831353903,3.60078477859497
3357.27984681815,0.00423273257911205,3.60078477859497
3358.29376071591,0.0053124763071537,3.60078477859497
3359.30778042951,0.00495256204158068,3.60078477859497
3360.32171733071,0.00459264731034636,3.60078477859497
3361.33575650876,0.00495256204158068,3.60078477859497
3362.34970119574,0.00387281831353903,3.60078477859497
3363.36372551003,0.00495256204158068,3.60078477859497
3364.37766913531,0.00351290358230472,3.60078477859497
3365.39170017368,0.00207324558869004,3.60078477859497
3366.40566644851,0.00387281831353903,3.60094666481018
3367.41965749628,0.00207324558869004,3.60094666481018
3368.43361280024,0.00387281831353903,3.60078477859497
3369.44762720535,0.00207324558869004,3.60062289237976
3370.46159418797,0.00567239103838801,3.60078477859497
3371.47559089813,0.00567239103838801,3.60078477859497
3372.48956035805,0.00603230576962233,3.60078477859497
3373.50354963632,0.00459264731034636,3.60094666481018
3374.51753396001,0.00423273257911205,3.60078477859497
3375.53154765732,0.00279307458549738,3.60062289237976
3376.54548668192,0.00423273257911205,3.60094666481018
3377.55949436294,0.00387281831353903,3.60062289237976
3378.57345992997,0.00495256204158068,3.60078477859497
3379.58745487063,0.00603230576962233,3.60078477859497
3380.60143813262,0.00459264731034636,3.60078477859497
3381.61542705699,0.00459264731034636,3.60078477859497
3382.62938731554,0.0053124763071537,3.60078477859497
3383.64341056812,0.00423273257911205,3.60078477859497
3384.6573580863,0.00495256204158068,3.60094666481018
3385.67136081274,0.00387281831353903,3.60078477859497
3386.68532425638,0.0053124763071537,3.60094666481018
3387.69933866148,0.00603230576962233,3.60078477859497
3388.71330352072,0.00387281831353903,3.60078477859497
3389.72728005862,0.00207324558869004,3.60062289237976
3390.74128313896,0.00567239103838801,3.60078477859497
3391.75525295278,0.0053124763071537,3.60094666481018
3392.76923019848,0.00459264731034636,3.60078477859497
3393.78323823341,0.00423273257911205,3.60078477859497
3394.79718504379,0.00495256204158068,3.60078477859497
3395.81119237091,0.00459264731034636,3.60078477859497
3396.82516572373,0.00351290358230472,3.60078477859497
3397.83937725064,0.00315298908390105,3.60078477859497
3398.85311950733,0.0053124763071537,3.60094666481018
3399.86712435717,0.00567239103838801,3.60078477859497
3400.88109098589,0.00459264731034636,3.60078477859497
3401.89509760522,0.00459264731034636,3.60078477859497
3402.90906635735,0.00495256204158068,3.60094666481018
3403.92301139823,0.00243316008709371,3.60094666481018
3404.93702084875,0.00351290358230472,3.60078477859497
3405.95102782198,0.00351290358230472,3.60078477859497
3406.96500152869,0.00351290358230472,3.60062289237976
3407.97898762187,0.00387281831353903,3.60078477859497
3408.99296699097,0.00315298908390105,3.60062289237976
3410.00694954516,0.00315298908390105,3.60078477859497
3411.0209490865,0.0053124763071537,3.60078477859497
3412.03493624138,0.00495256204158068,3.60078477859497
3413.04890924029,0.00459264731034636,3.60078477859497
3414.06285144998,0.00459264731034636,3.60078477859497
3415.07688178055,0.00243316008709371,3.60094666481018
3416.09085973405,0.00459264731034636,3.60062289237976
3417.10483379466,0.00423273257911205,3.60078477859497
3418.11883192041,0.00459264731034636,3.60078477859497
3419.13281022781,0.00495256204158068,3.60094666481018
3420.14678499622,0.00315298908390105,3.60078477859497
3421.1607710894,0.00387281831353903,3.60078477859497
3422.1747508124,0.00351290358230472,3.60078477859497
3423.18874504526,0.00603230576962233,3.60078477859497
3424.20269681023,0.00459264731034636,3.60078477859497
3425.21669635157,0.00459264731034636,3.60078477859497
3426.23067430507,0.00459264731034636,3.60062289237976
3427.24475418152,0.00423273257911205,3.60078477859497
3428.25866383249,0.0053124763071537,3.60094666481018
3429.27263116902,0.00459264731034636,3.60078477859497
3430.28662894087,0.00495256204158068,3.60078477859497
3431.30059627739,0.00423273257911205,3.60078477859497
3432.31458307837,0.00387281831353903,3.60078477859497
3433.32859642178,0.00351290358230472,3.60078477859497
3434.34250855005,0.00387281831353903,3.60078477859497
3435.35653888062,0.0053124763071537,3.60094666481018
3436.37051966531,0.00387281831353903,3.60078477859497
3437.38450611239,0.00423273257911205,3.60078477859497
3438.39848760488,0.00387281831353903,3.60078477859497
3439.41246874348,0.00495256204158068,3.60062289237976
3440.42644174239,0.00351290358230472,3.60094666481018
3441.44042535828,0.00351290358230472,3.60078477859497
3442.45441923724,0.00351290358230472,3.60078477859497
3443.46839754464,0.00279307458549738,3.60094666481018
3444.48234010822,0.00423273257911205,3.60078477859497
3445.49639450393,0.00387281831353903,3.60078477859497
3446.51034910009,0.00315298908390105,3.60094666481018
3447.52433306988,0.00495256204158068,3.60094666481018
3448.53832871834,0.00423273257911205,3.60078477859497
3449.55230561014,0.00423273257911205,3.60062289237976
3450.56629524231,0.00387281831353903,3.60094666481018
3451.580276027,0.00423273257911205,3.60078477859497
3452.59425999679,0.0053124763071537,3.60094666481018
3453.6082322879,0.00423273257911205,3.60094666481018
3454.62239886963,0.00315298908390105,3.60078477859497
3455.63620305867,0.0053124763071537,3.60094666481018
3456.65018065827,0.0053124763071537,3.60094666481018
3457.66418409251,0.00567239103838801,3.60078477859497
3458.67815567582,0.00315298908390105,3.60078477859497
3459.69213929171,0.00387281831353903,3.60078477859497
3460.7061207842,0.00387281831353903,3.60078477859497
3461.72009307531,0.00423273257911205,3.60078477859497
3462.734115974,0.00387281831353903,3.60094666481018
3463.74808720342,0.00351290358230472,3.60078477859497
3464.76205489385,0.00315298908390105,3.60078477859497
3465.77602399987,0.00351290358230472,3.60078477859497
3466.79001610933,0.00207324558869004,3.60078477859497
3467.80399972522,0.00387281831353903,3.60078477859497
3468.81799112689,0.00423273257911205,3.60078477859497
3469.83227768042,0.00495256204158068,3.60078477859497
3470.8463833915,0.00387281831353903,3.60078477859497
3471.85992427959,0.00459264731034636,3.60078477859497
3472.87394363929,0.00387281831353903,3.60078477859497
3473.88790602123,0.00351290358230472,3.60078477859497
3474.90189211441,0.00207324558869004,3.60094666481018
3475.91586440552,0.00387281831353903,3.60078477859497
3476.92984660581,0.00171333085745573,3.60078477859497
3477.948126557,0.00207324558869004,3.60062289237976
3478.95782516236,0.00351290358230472,3.60078477859497
3479.97179639177,0.0053124763071537,3.60094666481018
3480.98579345583,0.00459264731034636,3.60078477859497
3481.99977282492,0.00351290358230472,3.60078477859497
3483.01375184012,0.00495256204158068,3.60078477859497
3484.0277386411,0.00423273257911205,3.60062289237976
3485.04174596823,0.00351290358230472,3.60078477859497
3486.05569065521,0.00423273257911205,3.60078477859497
3487.06968347247,0.00243316008709371,3.60094666481018
3488.08368407552,0.00459264731034636,3.60078477859497
3489.09764645746,0.00207324558869004,3.60078477859497
3490.11162865775,0.00243316008709371,3.60078477859497
3491.12562819909,0.00279307458549738,3.60094666481018
3492.13961535397,0.00495256204158068,3.60078477859497
3493.15358693729,0.00459264731034636,3.60078477859497
3494.16757267657,0.00387281831353903,3.60094666481018
3495.18156726333,0.00351290358230472,3.60078477859497
3496.19553141476,0.00315298908390105,3.60062289237976
3497.20951255336,0.00387281831353903,3.60078477859497
3498.22349263025,0.00495256204158068,3.60078477859497
3499.23758807826,0.00279307458549738,3.60094666481018
3500.25148888175,0.00459264731034636,3.60094666481018
3501.26545480268,0.00495256204158068,3.60094666481018
3502.279384272,0.0053124763071537,3.60078477859497
3503.29342734294,0.000993501860648394,3.60094666481018
3504.30739574117,0.0053124763071537,3.60078477859497
3505.32139811371,0.00459264731034636,3.60078477859497
3506.3353799601,0.00495256204158068,3.60094666481018
3507.34933915694,0.00459264731034636,3.60094666481018
3508.36348910542,0.00279307458549738,3.60078477859497
3509.37733045386,0.00387281831353903,3.60094666481018
3510.39130982295,0.00351290358230472,3.60078477859497
3511.40527999067,0.00423273257911205,3.60078477859497
3512.41926360656,0.00387281831353903,3.60078477859497
3513.43326987199,0.00423273257911205,3.60094666481018
3514.44724003971,0.00567239103838801,3.60094666481018
3515.46121551592,0.00135341635905206,3.60078477859497
3516.4752001935,0.00495256204158068,3.60078477859497
3517.48916859172,0.00351290358230472,3.60078477859497
3518.50313663605,0.00423273257911205,3.60078477859497
3519.51709937189,0.00279307458549738,3.60078477859497
3520.53114492012,0.00387281831353903,3.60094666481018
3521.54508889931,0.00423273257911205,3.60094666481018
3522.55908985625,0.00459264731034636,3.60094666481018
3523.57305542328,0.00207324558869004,3.60062289237976
3524.58707549078,0.00459264731034636,3.60094666481018
3525.60101770047,0.00495256204158068,3.60078477859497
3526.61502892048,0.00315298908390105,3.60078477859497
3527.62900227329,0.000633587245829403,3.60078477859497
3528.64296819422,0.00495256204158068,3.60094666481018
3529.65695994979,0.00495256204158068,3.60078477859497
3530.67095842944,0.00387281831353903,3.60094666481018
3531.68490134693,0.00207324558869004,3.60078477859497
3532.69893557039,0.00387281831353903,3.60078477859497
3533.71284769865,0.00423273257911205,3.60078477859497
3534.72690598725,0.00315298908390105,3.60078477859497
3535.74086801529,0.00315298908390105,3.60078477859497
3536.75485446237,0.00387281831353903,3.60078477859497
3537.76883135418,0.00423273257911205,3.60094666481018
3538.78281426226,0.00423273257911205,3.60078477859497
3539.79679292356,0.00351290358230472,3.60078477859497
3540.81079317271,0.00387281831353903,3.60094666481018
3541.82476192483,0.00459264731034636,3.60078477859497
3542.83911961209,0.00387281831353903,3.60078477859497
3543.85272349422,0.00351290358230472,3.60078477859497
3544.86673648373,0.00351290358230472,3.60078477859497
3545.88069143379,0.00351290358230472,3.60078477859497
3546.89469769922,0.00207324558869004,3.60094666481018
3547.90864875639,0.00279307458549738,3.60078477859497
3548.92262883328,0.00459264731034636,3.60094666481018
3549.93661386476,0.00459264731034636,3.60078477859497
3550.95063782515,0.00495256204158068,3.60078477859497
3551.96458923622,0.00387281831353903,3.60094666481018
3552.97860257963,0.00459264731034636,3.60078477859497
3553.99258513382,0.00351290358230472,3.60078477859497
3555.00656839581,0.00351290358230472,3.60078477859497
3556.02054104082,0.00387281831353903,3.60078477859497
3557.03453704318,0.0053124763071537,3.60094666481018
3558.04848031456,0.00387281831353903,3.60094666481018
3559.06245614467,0.00207324558869004,3.60078477859497
3560.07645603991,0.00315298908390105,3.60078477859497
3561.09045947415,0.0053124763071537,3.60094666481018
3562.10440805402,0.00495256204158068,3.60094666481018
3563.1184348456,0.00423273257911205,3.60078477859497
3564.13239085736,0.00279307458549738,3.60078477859497
3565.14639712279,0.00351290358230472,3.60062289237976
3566.1603711834,0.00387281831353903,3.60078477859497
3567.17436081557,0.00315298908390105,3.60078477859497
3568.18832461311,0.00459264731034636,3.60078477859497
3569.20285748042,0.00459264731034636,3.60094666481018
3570.21630104626,0.00495256204158068,3.60094666481018
3571.23038481559,0.00279307458549738,3.60094666481018
3572.24437975625,0.00459264731034636,3.60078477859497
3573.25825295561,0.00459264731034636,3.60094666481018
3574.27221569145,0.00423273257911205,3.60078477859497
3575.28623575895,0.00207324558869004,3.60078477859497
3576.30020557277,0.00387281831353903,3.60094666481018
3577.31419272764,0.00423273257911205,3.60078477859497
3578.32816077197,0.00351290358230472,3.60078477859497
3579.3421666835,0.00351290358230472,3.60094666481018
3580.35613118883,0.0053124763071537,3.60078477859497
3581.37014417835,0.00171333085745573,3.60078477859497
3582.38409735891,0.00279307458549738,3.60078477859497
3583.39809619246,0.00279307458549738,3.60094666481018
3584.41207308426,0.00387281831353903,3.60094666481018
3585.42606236253,0.00495256204158068,3.60078477859497
3586.44004066993,0.00603230576962233,3.60094666481018
3587.45402605531,0.00243316008709371,3.60078477859497
3588.46797498909,0.00495256204158068,3.60094666481018
3589.48202407631,0.00423273257911205,3.60078477859497
3590.49597442568,0.00243316008709371,3.60078477859497
3591.50997396703,0.00387281831353903,3.60094666481018
3592.52390803704,0.00207324558869004,3.60078477859497
3593.53793589031,0.00351290358230472,3.60078477859497
3594.55189898005,0.00387281831353903,3.60078477859497
3595.56591232346,0.00279307458549738,3.60094666481018
3596.5798750593,0.00423273257911205,3.60078477859497
3597.59385088941,0.00423273257911205,3.60078477859497
3598.6078306124,0.00423273257911205,3.60094666481018
3599.6218485565,0.00387281831353903,3.60078477859497
3600.63580279876,0.00459264731034636,3.60094666481018
3601.64979136924,0.00495256204158068,3.60094666481018
3602.66376684545,0.00387281831353903,3.60078477859497
3603.67775895491,0.00315298908390105,3.60078477859497
3604.6917397396,0.00459264731034636,3.60078477859497
3605.70574069655,0.00423273257911205,3.60078477859497
3606.71971015647,0.00387281831353903,3.60078477859497
3607.73369271066,0.00459264731034636,3.60078477859497
3608.74767420315,0.00423273257911205,3.60078477859497
3609.7616716211,0.00243316008709371,3.60078477859497
3610.77562621726,0.00279307458549738,3.60078477859497
3611.78963106709,0.00315298908390105,3.60094666481018
3612.80351452953,0.00135341635905206,3.60062289237976
3613.8175827273,0.00171333085745573,3.60078477859497
3614.83181230308,0.00351290358230472,3.60094666481018
3615.84558959578,0.00243316008709371,3.60078477859497
3616.85956188689,0.00387281831353903,3.60078477859497
3617.873537717,0.0053124763071537,3.60078477859497
3618.88750576132,0.00495256204158068,3.60078477859497
3619.90152547492,0.00279307458549738,3.60062289237976
3620.91549776604,0.00459264731034636,3.60094666481018
3621.92947855073,0.00315298908390105,3.60062289237976
3622.94339988037,0.00315298908390105,3.60078477859497
3623.95746064626,0.00279307458549738,3.60078477859497
3624.97141064173,0.00495256204158068,3.60078477859497
3625.98541336817,0.0053124763071537,3.60078477859497
3626.99939202947,0.00351290358230472,3.60078477859497
3628.0133604277,0.00351290358230472,3.60078477859497
3629.02736350803,0.00387281831353903,3.60078477859497
3630.0413563253,0.00351290358230472,3.60078477859497
3631.05532189233,0.00315298908390105,3.60078477859497
3632.06930338482,0.00279307458549738,3.60078477859497
3633.08324488671,0.00171333085745573,3.60078477859497
3634.09727627898,0.00315298908390105,3.60078477859497
3635.11126555725,0.00207324558869004,3.60078477859497
3636.12524315685,0.00207324558869004,3.60078477859497
3637.1392412826,0.0053124763071537,3.60078477859497
3638.15321074252,0.00423273257911205,3.60062289237976
3639.16718904992,0.00315298908390105,3.60078477859497
3640.18116806512,0.00495256204158068,3.60094666481018
3641.1951545122,0.00423273257911205,3.60094666481018
3642.20914449827,0.00387281831353903,3.60094666481018
3643.2230693669,0.00279307458549738,3.60078477859497
3644.2373318553,0.00315298908390105,3.60094666481018
3645.25110242391,0.00495256204158068,3.60078477859497
3646.26507790012,0.00495256204158068,3.60094666481018
3647.27905691532,0.00351290358230472,3.60078477859497
3648.29306034956,0.000993501860648394,3.60078477859497
3649.30701140672,0.00495256204158068,3.60078477859497
3650.32101377926,0.00495256204158068,3.60094666481018
3651.33498536258,0.00279307458549738,3.60078477859497
3652.34918591863,0.00351290358230472,3.60078477859497
3653.36291224985,0.00315298908390105,3.60078477859497
3654.37688170977,0.00351290358230472,3.60078477859497
3655.39093362819,0.00279307458549738,3.60078477859497
3656.40491512068,0.00207324558869004,3.60078477859497
3657.41888953519,0.00459264731034636,3.60078477859497
3658.43286713479,0.0053124763071537,3.60094666481018
3659.44685818256,0.00387281831353903,3.60094666481018
3660.46084887643,0.00243316008709371,3.60078477859497
3661.47482116754,0.00351290358230472,3.60078477859497
3662.4890164151,0.00315298908390105,3.60078477859497
3663.50275053211,0.00279307458549738,3.60078477859497
3664.51675927484,0.00243316008709371,3.60078477859497
3665.53076270907,0.00495256204158068,3.60078477859497
3666.54475694193,0.00315298908390105,3.60062289237976
3667.55872923305,0.00351290358230472,3.60078477859497
3668.57290006157,0.00423273257911205,3.60078477859497
3669.58669292583,0.00423273257911205,3.60078477859497
3670.6006822041,0.00243316008709371,3.60062289237976
3671.61465520301,0.00279307458549738,3.60062289237976
3672.62865899115,0.00315298908390105,3.60094666481018
3673.64263517515,0.00459264731034636,3.60094666481018
3674.65660782017,0.00387281831353903,3.60078477859497
3675.67060594592,0.00459264731034636,3.60078477859497
3676.6845927469,0.00207324558869004,3.60078477859497
3677.69856397631,0.00459264731034636,3.60094666481018
3678.71253379013,0.00423273257911205,3.60078477859497
3679.7267258526,0.00423273257911205,3.60078477859497
3680.74052650264,0.00279307458549738,3.60078477859497
3681.75451047243,0.00243316008709371,3.60078477859497
3682.76846825368,0.00315298908390105,3.60078477859497
3683.78245540856,0.00315298908390105,3.60078477859497
3684.79644964142,0.00207324558869004,3.60094666481018
3685.8104332573,0.00495256204158068,3.60094666481018
3686.82440130163,0.00387281831353903,3.60078477859497
3687.83873280035,0.00387281831353903,3.60078477859497
3688.8523695951,0.00207324558869004,3.60078477859497
3689.86654325481,0.00387281831353903,3.60094666481018
3690.88034142756,0.00351290358230472,3.60078477859497
3691.89432398175,0.00243316008709371,3.60078477859497
3692.90831219832,0.00207324558869004,3.60078477859497
3693.92229616811,0.00279307458549738,3.60078477859497
3694.93626987482,0.00243316008709371,3.60062289237976
3695.95024959782,0.00207324558869004,3.60078477859497
3696.96423781439,0.00315298908390105,3.60062289237976
3697.97824231033,0.00423273257911205,3.60078477859497
3698.99240216797,0.00387281831353903,3.60094666481018
3700.00618087627,0.00351290358230472,3.60078477859497
3701.02017015454,0.00387281831353903,3.60078477859497
3702.03417004979,0.00387281831353903,3.60078477859497
3703.04815968196,0.00423273257911205,3.60094666481018
3704.06231635452,0.00243316008709371,3.60078477859497
3705.07612939103,0.00315298908390105,3.60078477859497
3706.09009177297,0.00207324558869004,3.60078477859497
3707.10403504435,0.00243316008709371,3.60078477859497
3708.11805865084,0.00171333085745573,3.60078477859497
3709.1320532376,0.00207324558869004,3.60078477859497
3710.14601455784,0.00387281831353903,3.60078477859497
3711.15999781983,0.00459264731034636,3.60094666481018
3712.17399594558,0.00243316008709371,3.60062289237976
3713.18797673027,0.00243316008709371,3.60078477859497
3714.2019444207,0.00423273257911205,3.60078477859497
3715.21593440677,0.00315298908390105,3.60078477859497
3716.23006842978,0.00243316008709371,3.60078477859497
3717.2440775264,0.00243316008709371,3.60078477859497
3718.2578955175,0.00459264731034636,3.60078477859497
3719.27187984119,0.0053124763071537,3.60078477859497
3720.2858542557,0.00207324558869004,3.60094666481018
3721.29984955025,0.000633587245829403,3.60078477859497
3722.31381547118,0.00459264731034636,3.60078477859497
3723.32780510336,0.00387281831353903,3.60078477859497
3724.34178164126,0.00351290358230472,3.60078477859497
3725.35576171815,0.00351290358230472,3.60078477859497
3726.36976409069,0.00279307458549738,3.60078477859497
3727.38371267057,0.00279307458549738,3.60078477859497
3728.39772495228,0.00315298908390105,3.60078477859497
3729.4116972434,0.00243316008709371,3.60078477859497
3730.42570421663,0.00387281831353903,3.60062289237976
3731.4396913715,0.00387281831353903,3.60062289237976
3732.45365587684,0.00423273257911205,3.60078477859497
3733.46763666153,0.00387281831353903,3.60078477859497
3734.48161390723,0.00387281831353903,3.60078477859497
3735.49560743229,0.00243316008709371,3.60062289237976
3736.50978958559,0.00279307458549738,3.60094666481018
3737.52354281315,0.00279307458549738,3.60062289237976
3738.53757137422,0.00459264731034636,3.60078477859497
3739.55156383759,0.00351290358230472,3.60094666481018
3740.56551170966,0.00351290358230472,3.60078477859497
3741.57949957234,0.00351290358230472,3.60062289237976
3742.59349734419,0.00279307458549738,3.60078477859497
3743.6074710509,0.00243316008709371,3.60078477859497
3744.62145254339,0.00243316008709371,3.60094666481018
3745.6354255423,0.00351290358230472,3.60078477859497
3746.64941269718,0.00207324558869004,3.60078477859497
3747.66332730274,0.00207324558869004,3.60078477859497
3748.67739727001,0.00135341635905206,3.60062289237976
3749.69133629461,0.00171333085745573,3.60078477859497
3750.70536556348,0.00495256204158068,3.60078477859497
3751.71923557775,0.00423273257911205,3.60078477859497
3752.73332925626,0.00351290358230472,3.60078477859497
3753.74726297237,0.00243316008709371,3.60078477859497
3754.76128693276,0.00351290358230472,3.60078477859497
3755.77523303534,0.00351290358230472,3.60062289237976
3756.78927115169,0.00207324558869004,3.60078477859497
3757.80317301688,0.00207324558869004,3.60094666481018
3758.81723059768,0.0053124763071537,3.60094666481018
3759.8315235214,0.00279307458549738,3.60078477859497
3760.84519181317,0.00207324558869004,3.60094666481018
3761.85916091919,0.00351290358230472,3.60078477859497
3762.87314630457,0.00459264731034636,3.60078477859497
3763.8871118716,0.00387281831353903,3.60078477859497
3764.90110398107,0.00315298908390105,3.60078477859497
3765.91508582746,0.00135341635905206,3.60078477859497
3766.9290871383,0.00315298908390105,3.60078477859497
3767.94301625372,0.00135341635905206,3.60062289237976
3768.95705401618,0.00279307458549738,3.60078477859497
3769.9710241839,0.00279307458549738,3.60062289237976
3770.98500496859,0.00279307458549738,3.60062289237976
3771.99897513631,0.00207324558869004,3.60094666481018
3773.01300122009,0.00207324558869004,3.60078477859497
3774.02694484538,0.00279307458549738,3.60078477859497
3775.04093801654,0.00495256204158068,3.60078477859497
3776.05490853816,0.00387281831353903,3.60094666481018
3777.06891338799,0.00351290358230472,3.60062289237976
3778.08286302956,0.00207324558869004,3.60078477859497
3779.09689371403,0.00315298908390105,3.60078477859497
3780.11085574207,0.00315298908390105,3.60078477859497
3781.12485917631,0.00243316008709371,3.60078477859497
3782.13885871766,0.00351290358230472,3.60078477859497
3783.15282216129,0.00459264731034636,3.60078477859497
3784.16678135814,0.0053124763071537,3.60094666481018
3785.18071011966,0.00135341635905206,3.60078477859497
3786.19473018716,0.00207324558869004,3.60078477859497
3787.20875237805,0.00387281831353903,3.60078477859497
3788.22270485081,0.00387281831353903,3.60078477859497
3789.2368098541,0.00351290358230472,3.60078477859497
3790.25067208259,0.00351290358230472,3.60062289237976
3791.26468790329,0.00387281831353903,3.60078477859497
3792.27863542147,0.00243316008709371,3.60078477859497
3793.29265018048,0.00351290358230472,3.60078477859497
3794.30660973122,0.00423273257911205,3.60078477859497
3795.32061705835,0.00351290358230472,3.60062289237976
3796.33456988501,0.00423273257911205,3.60078477859497
3797.34858393622,0.00315298908390105,3.60078477859497
3798.36256224362,0.00351290358230472,3.60078477859497
3799.37655541479,0.00351290358230472,3.60094666481018
3800.39050399466,0.00279307458549738,3.60078477859497
3801.40451910757,0.00279307458549738,3.60078477859497
3802.41846450235,0.00423273257911205,3.60078477859497
3803.43249270952,0.00351290358230472,3.60078477859497
3804.44644341279,0.000993501860648394,3.60078477859497
3805.46046171079,0.00207324558869004,3.60078477859497
3806.47439896589,0.00495256204158068,3.60078477859497
3807.48840700082,0.00459264731034636,3.60078477859497
3808.51875915876,0.00351290358230472,3.60078477859497
3809.53199144681,0.00387281831353903,3.60078477859497
3810.54591843884,0.00423273257911205,3.60078477859497
3811.55990134693,0.00315298908390105,3.60078477859497
3812.57389593369,0.00243316008709371,3.60094666481018
3813.58790007572,0.00351290358230472,3.60078477859497
3814.60187767532,0.00387281831353903,3.60078477859497
3815.6158662458,0.00495256204158068,3.60078477859497
3816.62985233898,0.00207324558869004,3.60078477859497
3817.64383913996,0.000633587245829403,3.60078477859497
3818.65778842763,0.0053124763071537,3.60078477859497
3819.67180354054,0.00387281831353903,3.60078477859497
3820.68573796445,0.00387281831353903,3.60094666481018
3821.69977749639,0.00243316008709371,3.60078477859497
3822.71371687489,0.00351290358230472,3.60078477859497
3823.72774366647,0.00351290358230472,3.60078477859497
3824.74167313579,0.00279307458549738,3.60078477859497
3825.75572045352,0.00243316008709371,3.60062289237976
3826.7696658483,0.00387281831353903,3.60078477859497
3827.78366008116,0.00423273257911205,3.60078477859497
3828.79763024888,0.00387281831353903,3.60062289237976
3829.81162872853,0.00387281831353903,3.60078477859497
3830.82595137977,0.00207324558869004,3.60078477859497
3831.84044567209,0.00387281831353903,3.60078477859497
3832.85354595577,0.00387281831353903,3.60094666481018
3833.86756566937,0.00351290358230472,3.60078477859497
3834.88150186277,0.00279307458549738,3.60078477859497
3835.89558173922,0.00279307458549738,3.60078477859497
3836.90948254271,0.00315298908390105,3.60078477859497
3837.92350721089,0.00207324558869004,3.60094666481018
3838.93744942058,0.00387281831353903,3.60078477859497
3839.9514634718,0.00351290358230472,3.60078477859497
3840.96544354869,0.00351290358230472,3.60078477859497
3841.97943707375,0.00279307458549738,3.60062289237976
3842.9933959167,0.00459264731034636,3.60094666481018
3844.00741032181,0.00315298908390105,3.60078477859497
3845.02136668746,0.00243316008709371,3.60078477859497
3846.03537896918,0.00171333085745573,3.60078477859497
3847.04932613346,0.00351290358230472,3.60078477859497
3848.06332178191,0.000993501860648394,3.60078477859497
3849.07726859229,0.00315298908390105,3.60078477859497
3850.09129998456,0.00207324558869004,3.60078477859497
3851.10524927223,0.00459264731034636,3.60078477859497
3852.119278895,0.00279307458549738,3.60078477859497
3853.13322358199,0.00279307458549738,3.60078477859497
3854.14724081829,0.00243316008709371,3.60062289237976
3855.16115825504,0.00459264731034636,3.60078477859497
3856.17520592667,0.00315298908390105,3.60062289237976
3857.18917432489,0.00315298908390105,3.60078477859497
3857.89116260092,0.00135341635905206,3.60078477859497
3858.90773618559,0,3.60078477859497
3859.92170033703,0,3.60062289237976
3860.9356482091,0,3.60062289237976
3861.9496686305,0,3.60046076774597
3862.96365366198,0,3.60046076774597
3863.97764364805,0,3.60046076774597
3864.99162160155,0,3.60062289237976
3866.00563565276,0,3.60046076774597
3867.01957857025,0,3.60046076774597
3867.9087770029,0,3.60046076774597
