Time,Current,Voltage,Simulated_V,Residual_mV
0.0,0.0,2.86671233177185,2.866695558444716,-0.016773327134345095
1.00302406797128,0.0,2.86655020713806,2.8666955584441762,0.1453513061160372
2.01300756211638,0.0,2.86671233177185,2.866695558443869,-0.01677332798122322
3.02210312337207,0.0,2.86671233177185,2.866695558443592,-0.016773328258334885
4.03309098321669,0.0,2.86655020713806,2.866695558443316,0.1453513052558364
5.040122604810771,0.0,2.86671233177185,2.8666955584430402,-0.016773328809893684
6.051132406400759,0.0,2.86671233177185,2.8666955584428226,-0.016773329027497397
7.061198005141449,0.0,2.86655020713806,2.8666955584426193,0.14535130455906042
8.068234935222309,0.0,2.86671233177185,2.866695558442416,-0.016773329434283113
9.07328189055742,0.0,2.86687421798706,2.8666955584422134,-0.17865954484674873
10.08231410387082,0.0,2.86671233177185,2.86669555844201,-0.01677332984018065
11.08234878598442,0.0,2.86655020713806,2.8666955584418132,0.1453513037530385
12.09239421247542,0.0,2.86655020713806,2.866695558441616,0.1453513035558629
13.10144058175352,0.0,2.86655020713806,2.866695558441419,0.1453513033586873
14.10444695476882,0.0,2.86671233177185,2.866695558441223,-0.01677333062710673
15.104539676338021,0.0,2.86671233177185,2.8666955584410276,-0.016773330822505983
16.11559760820822,0.0,2.86671233177185,2.866695558440905,-0.016773330945074605
17.11657260028082,0.0,2.86655020713806,2.866695558440796,0.14535130273563013
18.126631121039118,0.0,2.86655020713806,2.8666955584406857,0.145351302625496
19.135662980453418,0.0,2.86655020713806,2.8666955584405756,0.14535130251536188
20.13866298328462,0.0,2.86655020713806,2.866695558440467,0.1453513024070041
21.14773447940022,0.0,2.86671233177185,2.866695558440344,-0.016773331505959277
22.15586389606122,0.0,2.86655020713806,2.866695558440221,0.1453513021609787
23.16186956410952,0.0,2.86671233177185,2.8666955584400977,-0.01677333175242879
24.17086497191452,0.0,2.86655020713806,2.8666955584399743,0.1453513019140651
25.181943076034518,0.0,2.86655020713806,2.866695558439851,0.1453513017906083
26.18495051074722,0.0,2.86655020713806,2.866695558439772,0.1453513017120045
27.18795617596432,0.0,2.86687421798706,2.866695558439697,-0.1786595473629582
28.19403085434082,0.0,2.86671233177185,2.8666955584396216,-0.01677333222849242
29.20619401315942,0.0,2.86671233177185,2.8666955584395444,-0.016773332305763944
30.21415320434422,0.0,2.86671233177185,2.8666955584394684,-0.0167733323817032
31.21814978709432,0.0,2.86671233177185,2.866695558439259,-0.016773332591313306
32.22517574630242,0.0,2.86671233177185,2.866695558439045,-0.016773332804920216
33.232237449321616,0.0,2.86671233177185,2.8666955584388307,-0.016773333019415304
34.23531849505112,0.0,2.86687421798706,2.866695558438618,-0.17865954844209497
35.23930127573552,0.0,2.86671233177185,2.866695558438404,-0.016773333446185035
36.24034527813642,0.0,2.86671233177185,2.866695558438475,-0.01677333337513076
37.25137242078322,0.0,2.86671233177185,2.866695558438548,-0.01677333330230013
38.25442480068402,0.0,2.86671233177185,2.8666955584386193,-0.016773333230801768
39.25843837059182,0.0,2.86655020713806,2.8666955584386917,0.14535130063153545
40.26948922447962,0.0,2.86671233177185,2.866695558438761,-0.01677333308913731
41.27556531845262,0.0,2.86655020713806,2.8666955584387397,0.1453513006794971
42.28158726586032,0.0,2.86671233177185,2.866695558438719,-0.016773333131325785
43.28262560587532,0.0,2.86671233177185,2.8666955584386975,-0.016773333152642067
44.28564011857032,0.0,2.86687421798706,2.8666955584386766,-0.1786595483834752
45.291704887771516,0.0,2.86671233177185,2.866695558438648,-0.01677333320193597
46.30193965029102,0.0,2.86671233177185,2.866695558438483,-0.016773333367137155
47.31375598797312,0.0,2.86671233177185,2.8666955584383187,-0.016773333531450163
48.31584293107742,0.0,2.86671233177185,2.8666955584381557,-0.016773333694430903
49.32584801306882,0.0,2.86687421798706,2.866695558437992,-0.17865954906826076
50.33489615184252,0.0,2.86655020713806,2.866695558437831,0.14535129977089056
51.33496056148222,0.0,2.86655020713806,2.866695558437719,0.14535129965898008
52.33992470442342,0.0,2.86671233177185,2.866695558437623,-0.016773334227337955
53.35100563973632,0.0,2.86671233177185,2.866695558437543,-0.016773334307274013
54.36100682883742,0.0,2.86671233177185,2.8666955584374794,-0.01677333437077877
55.36110769008632,0.0,2.86687421798706,2.866695558437434,-0.1786595496260368
56.370075847659116,0.0,2.86687421798706,2.8666955584374083,-0.17865954965179398
57.37521375506782,0.0,2.86671233177185,2.8666955584373826,-0.016773334467590217
58.38221246404382,0.0,2.86655020713806,2.866695558437356,0.1453512992957151
59.04428799744062,0.0,2.86671233177185,2.866695558437338,-0.01677333451199914
60.04884208065382,10.0019388198853,3.0062735080719,3.0604668292095543,54.19332113765441
61.05386497084882,10.001579284668,3.02699708938599,3.122786269853961,95.78918046797114
62.05787217057252,10.0012197494507,3.04415893554688,3.164831429979757,120.6724944328772
63.06399214803621,10.001579284668,3.0600254535675,3.1995565164424775,139.53106287497752
64.06600831131672,10.0012197494507,3.07411122322083,3.231484755102167,157.37353188133696
65.06602388287803,10.0012197494507,3.0870635509491,3.261274959051404,174.21140810230406
66.06805774111453,10.001579284668,3.09936809539795,3.2879245234088965,188.5564280109464
67.07110339693203,10.0012197494507,3.11053967475891,3.3103163716960853,199.77669693717547
68.07813784971903,10.001579284668,3.12171101570129,3.3282389033158624,206.52788761457242
69.08718740408932,10.001579284668,3.13207268714905,3.3420425463288455,209.96985917979538
70.09318210126493,10.001579284668,3.14194893836975,3.352437762213404,210.48882384365396
71.09731351957933,10.0012197494507,3.15133929252625,3.3602514151581433,208.91212263189328
72.10433664759452,10.001579284668,3.16040587425232,3.3662160309973688,205.810156745049
73.10531270136453,10.0019388198853,3.16898679733276,3.3708047094553026,201.8179121225425
74.11541050492502,10.0012197494507,3.17724394798279,3.3744615912117433,197.21764322895342
75.11941451955663,10.001579284668,3.18517732620239,3.3774435609924245,192.26623479003456
76.12146925784123,10.0008592605591,3.192786693573,3.3799444545424953,187.15776096949543
77.12848176888282,10.0012197494507,3.20023441314697,3.3821564649716946,181.92205182472466
78.13047740601452,10.0012197494507,3.20719623565674,3.3841412779582862,176.94504230154618
79.13858488093013,10.001579284668,3.2141580581665,3.386005347510352,171.84728934385208
80.14566534060263,10.001579284668,3.22095799446106,3.38777877334834,166.82077888727997
81.15574261801423,10.0012197494507,3.22727227210999,3.389508197540352,162.23592543036202
82.16721850474383,10.0012197494507,3.2334246635437,3.391228792866094,157.80412932239418
83.17569261914673,10.0012197494507,3.23941516876221,3.392949861678622,153.53469291641187
84.18475491388523,10.001579284668,3.24556756019592,3.3946966986757823,149.1291384798621
85.19579196570743,10.001579284668,3.25139594078064,3.3964741100848936,145.07816930425355
86.20283349647683,10.0012197494507,3.25673890113831,3.3982769719305383,141.53807079222824
87.20890109687093,10.0012197494507,3.2622435092926,3.400126662956232,137.88315366363202
88.20890817485322,10.0019388198853,3.26774835586548,3.4020186807212514,134.2703248557715
89.22230007141283,10.001579284668,3.27276730537415,3.4039671429589644,131.19983758481447
90.23321502803893,10.001579284668,3.2776243686676,3.405958927123595,128.33455845599497
91.23801920857842,10.001579284668,3.28264355659485,3.4079791254169933,125.33556882214336
92.24406062043772,10.001579284668,3.2873387336731,3.4100375913317875,122.69885765868737
93.25406251733703,10.0012197494507,3.29187202453613,3.4121293863204802,120.2573617843501
94.26520892398693,10.001579284668,3.29656720161438,3.4142581996797015,117.69099806532157
95.27419831550692,10.001579284668,3.30093860626221,3.4163947896594795,115.45618339726937
96.27521400597823,10.0012197494507,3.30514812469482,3.418519244534455,113.37111983963499
97.28540346941062,10.0012197494507,3.30935764312744,3.420670468019788,111.31282489234806
98.29335275142003,10.0019388198853,3.31356716156006,3.422821641163523,109.25447960346312
99.30234037344462,10.001579284668,3.31745290756226,3.4249463343109605,107.49342674870066
100.30839346397462,10.001579284668,3.32150030136108,3.427049930037019,105.5496286759392
101.31143274960763,10.001579284668,3.32538604736328,3.429118662378942,103.73261501566189
102.31945245754262,10.001579284668,3.32910990715027,3.4311629540990056,102.05304694873574
103.32144986416962,10.0012197494507,3.33250975608826,3.433150181606296,100.64042551803621
104.32351698892363,10.001579284668,3.33590984344482,3.435099412409252,99.18956896443198
105.32661856080162,10.001579284668,3.33930993080139,3.436997889975268,97.68795917387818
106.33159048952362,10.0019388198853,3.34238600730896,3.438847073182357,96.46106587339709
107.33780035736363,10.001579284668,3.34513831138611,3.44063153308943,95.49322170331997
108.34983540470063,10.001579284668,3.34805274009705,3.442366968613774,94.314228516724
109.35511274836263,10.0012197494507,3.35031938552856,3.4440232132817683,93.70382775320829
110.35975732039962,10.001579284668,3.35274791717529,3.445621463238247,92.87354606295706
111.36882881651462,10.001579284668,3.3548526763916,3.4471562472378428,92.30357084624296
112.36884828096663,10.001579284668,3.35663366317749,3.4486097188936364,91.97605571614665
113.37890043154063,10.001579284668,3.35857629776001,3.4500111776435403,91.43487988353004
114.37891812649663,10.0012197494507,3.36019539833069,3.4513286068614133,91.1332085307235
115.38190609675763,10.0012197494507,3.36165261268616,3.4525882918905713,90.93567920441137
116.38777976043463,10.001579284668,3.36310982704163,3.453793584394994,90.68375735336387
117.40340015974563,10.0019388198853,3.36440491676331,3.454947320733094,90.54240396978398
118.41576681055763,10.001579284668,3.36553835868835,3.456024816647761,90.48645795941113
119.42289044592263,10.0012197494507,3.36667156219482,3.45703740846808,90.36584627325972
120.43397704362162,10.001579284668,3.36764311790466,3.458007563590204,90.36444568554414
121.43696678337862,10.001579284668,3.36845254898071,3.4589103608032663,90.45781182255652
122.44404582745463,10.001579284668,3.36958575248718,3.459764308400716,90.17855591353596
123.44610056573863,10.001579284668,3.37039542198181,3.4605643470129177,90.16892503110752
124.45211578906363,10.001579284668,3.37120485305786,3.4613195269035346,90.11467384567462
125.45524461117363,10.0012197494507,3.37201452255249,3.4620228622653815,90.00833971289168
126.45620721677763,10.001579284668,3.37266206741333,3.462690656337829,90.02858892449872
127.46026360847863,10.001579284668,3.37347149848938,3.463317528505576,89.8460300161963
128.47561327496462,10.001579284668,3.37395715713501,3.463911184511452,89.95402737644164
129.4882796783296,10.001579284668,3.37476682662964,3.464466278283191,89.69945165355098
130.50226046302362,10.001579284668,3.37557625770569,3.464987163877776,89.41090617208624
131.5162235527606,10.001579284668,3.37622404098511,3.465475106233236,89.25106524812598
132.53022203241062,10.001579284668,3.37687158584595,3.4659319879341477,89.06040208819776
133.54419821641562,10.0012197494507,3.37735724449158,3.466356500003131,88.9992555115513
134.5581945726696,10.001579284668,3.37800478935242,3.466761763072319,88.756973719899
135.5734653196516,10.001579284668,3.37881445884705,3.4671377242023866,88.32326535533674
136.5861586193506,10.001579284668,3.37930011749268,3.4674884873444554,88.18836985177558
137.6001294948686,10.0012197494507,3.37994766235352,3.467814113482576,87.86645112905589
138.6141279745176,10.0019388198853,3.38075733184814,3.4681326704309603,87.3753385828202
139.62810274292661,10.0019388198853,3.38140487670898,3.4684224930701952,87.0176163612153
140.64207043335261,10.001579284668,3.38205242156982,3.468687524496913,86.63510292709287
141.65604378616462,10.001579284668,3.38253808021545,3.4689401159276234,86.4020357121733
142.6712950686946,10.0012197494507,3.38318586349487,3.469173244016139,85.98738052126897
143.68401101793762,10.0019388198853,3.38383340835571,3.4694069278260375,85.57351947032777
144.6980190528626,10.001579284668,3.38464283943176,3.469609757322294,84.96691789053389
145.7120051460426,10.001579284668,3.38512873649597,3.4698056436683773,84.6769071724074
146.7259717747716,10.001579284668,3.38593816757202,3.4699893088004226,84.0511412284024
147.7399447736846,10.0012197494507,3.38642382621765,3.4701578920161027,83.73406579845266
148.7783573379526,10.001579284668,3.38723349571228,3.4703269300979054,83.09343438562556
149.78350975522562,10.0012197494507,3.38771915435791,3.4704732579326865,82.75410357477631
150.7975259298306,10.001579284668,3.38852858543396,3.470620650245758,82.09206481179798
151.81147840259462,10.0012197494507,3.3891761302948,3.470751739260805,81.57560896600513
152.8267611821466,10.0019388198853,3.38982391357422,3.470885619030158,81.06170545593771
153.8394689917086,10.001579284668,3.39030957221985,3.4710011339836497,80.69156176379977
154.8534366821346,10.0012197494507,3.39095711708069,3.4711072073068325,80.15009022614272
155.86742277531562,10.001579284668,3.39176678657532,3.4712179006948154,79.45111411949534
156.8814028522106,10.001579284668,3.39241433143616,3.471318195099245,78.90386366308499
157.89537868231662,10.001579284668,3.39289999008179,3.471412180256991,78.51219017520083
158.90938176265462,10.001579284668,3.39370965957642,3.471500512668025,77.79085309160516
159.9246040254566,10.0012197494507,3.39435720443726,3.471580427782194,77.22322334493414
160.9373302377736,10.0019388198853,3.39516663551331,3.471667540843974,76.50090533066401
161.9513209316426,10.001579284668,3.39565229415894,3.4717395651179537,76.0872709590137
162.9653109177126,10.001579284668,3.39630007743835,3.4718093427449603,75.50926530661029
163.9792924102046,10.0019388198853,3.3971095085144,3.4718812859525907,74.77177743819085
164.9936525747536,10.001579284668,3.39759516716003,3.4719411257041632,74.34595854413305
166.00724088532363,10.001579284668,3.39824295043945,3.472000510357447,73.75755991799693
167.0225335740516,10.001579284668,3.39872860908508,3.472058690712913,73.33008162783328
168.0352141333816,10.001579284668,3.39953804016113,3.4721133573387974,72.5753171776673
169.0492023499566,10.001579284668,3.40018582344055,3.472164919070189,71.97909562963912
170.0631718098786,10.001579284668,3.40067148208618,3.472214766618994,71.54328453281434
171.07717099732662,10.001579284668,3.40131902694702,3.472262009689949,70.94298274292888
172.09135102722362,10.0012197494507,3.40196657180786,3.4723023077155304,70.3357359076704
173.1051375213006,10.001579284668,3.40277624130249,3.4723505604802045,69.57431917771473
174.1203803102526,10.001579284668,3.40342378616333,3.472392180649612,68.96839448628178
175.1331160778456,10.001579284668,3.40390944480896,3.4724319027537507,68.52245794479073
176.1470876611616,10.001579284668,3.40455722808838,3.472470619131465,67.91339104308535
177.1610751699386,10.0019388198853,3.40536665916443,3.4725114183406545,67.14475917622443
178.1753157165846,10.0008592605591,3.40569043159485,3.472533715056471,66.84328346162083
179.1892331533366,10.0012197494507,3.40633797645569,3.472571872407701,66.23389595201124
180.2030175240186,10.001579284668,3.40714764595032,3.4726109779600525,65.46333200973243
181.2183356934826,10.0012197494507,3.40763330459595,3.4726393540206693,65.00604942471932
182.24871545554862,10.0012197494507,3.40828084945679,3.4726708396495427,64.38999019275249
183.26057956961262,10.001579284668,3.40892863273621,3.4727083286421436,63.77969590593358
184.2758283748486,10.001579284668,3.40957617759705,3.4727396363152883,63.16345871823836
185.2885517559726,10.001579284668,3.41022372245789,3.4727703709672832,62.546648509393066
186.3025045826356,10.001579284668,3.41070938110352,3.4728013188360873,62.091937732567274
187.3165285430216,10.001579284668,3.41119527816772,3.4728322499554496,61.63697178772942
188.33066539722662,10.0019388198853,3.41200470924377,3.4728671801530475,60.86247090927755
189.3444196864836,10.001579284668,3.4124903678894,3.4728954704523147,60.40510256291487
190.3584514326506,10.001579284668,3.41330003738403,3.472927394973546,59.627357589516095
191.3737543844526,10.001579284668,3.41362380981445,3.472959810661401,59.33600084695101
192.38639813827461,10.001579284668,3.41427135467529,3.4729932724022077,58.721917726917816
193.40049854086962,10.001579284668,3.41491889953613,3.4730279615169724,58.1090619808422
194.4143674934416,10.001579284668,3.41556668281555,3.473064011774291,57.49732895874082
195.4283818985516,10.001579284668,3.41605234146118,3.473101353490433,57.04901202925328
196.44235418966562,10.001579284668,3.41669988632202,3.473140044908841,56.44015858682083
197.4563378055526,10.001579284668,3.41734743118286,3.473180513687727,55.83308250486718
198.47160147455162,10.001579284668,3.41799521446228,3.4732229818628233,55.22776740054347
199.48430432952662,10.001579284668,3.41848087310791,3.473266440643559,54.78556753564901
200.49828122132962,10.0012197494507,3.41880464553833,3.473307693106926,54.503047568596145
201.5122857172646,10.0012197494507,3.41961407661438,3.4733559055416645,53.74182892728463
202.5262233262656,10.001579284668,3.4202618598938,3.473410802103711,53.14894220991073
203.54023419238362,10.001579284668,3.42074751853943,3.473464121425838,52.71660288640811
204.5541997594156,10.001579284668,3.42139506340027,3.473519631158761,52.12456775849095
205.56951332819062,10.0019388198853,3.42204284667969,3.473580771165974,51.53792448628369
206.5821793776576,10.001579284668,3.42236661911011,3.4736351476428036,51.26852853269348
207.5961651169386,10.0012197494507,3.42301416397095,3.473689990243033,50.67582627208323
208.61014590163163,10.001579284668,3.42366170883179,3.473759174377644,50.09746554585392
209.6241295175186,10.0012197494507,3.42398548126221,3.4738233423600557,49.837861097845604
210.6381212730846,10.001579284668,3.42463326454163,3.473895077312518,49.26181277088793
211.6521211683306,10.0019388198853,3.42544269561768,3.4739717361068374,48.52904048915762
212.66734909351862,10.001579284668,3.42592835426331,3.474040891029607,48.1125367662969
213.6800600881736,10.001579284668,3.42641425132751,3.474116540783629,47.70228945611876
214.6940571522266,10.001579284668,3.42689990997314,3.4741960384049566,47.29612843181652
215.70804678439762,10.001579284668,3.42754745483398,3.474277666922486,46.73021208850603
216.72202049110862,10.001579284668,3.42803311347961,3.4743614241315397,46.32831065192988
217.7360072920876,10.001579284668,3.42851901054382,3.474447909243244,45.92889869942374
218.7499686123296,10.001579284668,3.42900466918945,3.474538246291009,45.533577101558805
219.76543364992762,10.001579284668,3.4298141002655,3.4746324386285785,44.818338363078695
220.7779485844706,10.001579284668,3.43013787269592,3.4747289861877038,44.591113491783574
221.7919399861376,10.0019388198853,3.43062376976013,3.4748315821602977,44.20781240016769
222.80590413757162,10.0012197494507,3.43110942840576,3.474926192646986,43.81676424122594
223.81990934130462,10.001579284668,3.4317569732666,3.4750357780293184,43.278804762718615
224.8338812785206,10.001579284668,3.43224263191223,3.475146077933659,42.90344602142903
225.84787975816963,10.0019388198853,3.43272829055786,3.475263999926514,42.535709368654025
226.86312360881863,10.0012197494507,3.43321418762207,3.475374942626068,42.16075500399796
227.87583637296862,10.0019388198853,3.4336998462677,3.4755036470577823,41.80380079008206
228.8898175115616,10.001579284668,3.43402361869812,3.47562714970588,41.60353100775982
229.90380395864062,10.001579284668,3.43450927734375,3.47575836778501,41.24909044125991
230.91780173049162,10.0019388198853,3.43515706062317,3.4758987961739862,40.741735550816394
231.93176977481662,10.0012197494507,3.4356427192688,3.4760340626645747,40.39134339577455
232.9457417120326,10.001579284668,3.43612837791443,3.476185044792466,40.05666687803577
233.96098874777363,10.0019388198853,3.43661403656006,3.4763456123693257,39.731575809265784
234.97371035940162,10.001579284668,3.43677592277527,3.4765022351507655,39.726312375495624
235.98817138519962,10.001579284668,3.43726181983948,3.4766712409827227,39.409421143242525
237.0020789127756,10.0012197494507,3.43774747848511,3.4768437869061324,39.0963084210223
238.01566297655663,10.001579284668,3.43839502334595,3.4770341387042367,38.63911535828679
239.02964694634161,10.001579284668,3.43871879577637,3.477230292454566,38.51149667819609
240.0436266693376,10.001579284668,3.439204454422,3.4774368490478054,38.232394625805185
241.0589267899466,10.001579284668,3.439528465271,3.477655149506779,38.12668423577881
242.0716069953786,10.0012197494507,3.43969035148621,3.4778812840205324,38.19093253432237
243.08558211768562,10.001579284668,3.44033789634705,3.478130688983688,37.792792636638154
244.0995692725636,10.0012197494507,3.44082355499268,3.4783882108697566,37.5646558770768
245.11354616436662,10.0019388198853,3.4411473274231,3.4786744025138296,37.5270750907295
246.12753756603362,10.001579284668,3.4416332244873,3.478968050103524,37.33482561622425
247.14151728902962,10.0012197494507,3.44195699691772,3.479280484006488,37.32348708876776
248.1567632630736,10.001579284668,3.44244265556335,3.4796278198966544,37.18516433330432
249.1694749655266,10.0019388198853,3.44276642799377,3.480000978815924,37.23455082215388
250.1834663671936,10.001579284668,3.44309020042419,3.4803898741858075,37.29967376161758
251.19747086312762,10.001579284668,3.44341397285461,3.4808137959750804,37.39982312047063
252.2114428003426,10.001579284668,3.44373798370361,3.4812717565825757,37.533772878965536
253.22541792265062,10.001579284668,3.44406175613403,3.4817621092491335,37.70035311510345
254.23940684702362,10.001579284668,3.44438552856445,3.482288390626681,37.90286206223081
255.2546301715236,10.001579284668,3.44470930099487,3.482853964500554,38.14466350568413
256.26737974118265,10.0012197494507,3.44503307342529,3.483450673282614,38.41759985732418
257.28135521738864,10.001579284668,3.44535684585571,3.4840955934283313,38.73874757262152
258.29533352478865,10.001579284668,3.44584250450134,3.484776532255784,38.934027754443875
259.30928741314966,10.001579284668,3.44600462913513,3.4854931968034335,39.488567668303446
260.32329969486466,10.001579284668,3.44632840156555,3.486246965426165,39.91856386061521
261.33728543414566,10.001579284668,3.44665217399597,3.487035433364287,40.383259368316885
262.35201896226465,10.0012197494507,3.44681406021118,3.4878516260682684,41.03756585708851
263.36525868220264,10.001579284668,3.44729971885681,3.488704490055423,41.40477119861296
264.37923203501464,10.001579284668,3.44746160507202,3.489581295252083,42.119690180062896
265.39329740159764,10.0019388198853,3.44778537750244,3.4904852311637384,42.69985366129836
266.3934612568896,10.0019388198853,3.44794726371765,3.4913902345156673,43.442970798017285
267.40557557763066,10.0019388198853,3.44843316078186,3.492319559174442,43.88639839258212
268.41958184305963,10.0012197494507,3.44859504699707,3.4932519592085267,44.65691221145684
269.43354882568764,10.001579284668,3.44891881942749,3.4942031342866935,45.284314859203704
270.4339699656396,10.001579284668,3.44924259185791,3.495139897687536,45.8973058296257
271.44591618429865,10.0012197494507,3.44940447807312,3.4960787538385625,46.67427576544236
272.45987431944764,10.0019388198853,3.44989013671875,3.4970260957219335,47.13595900318346
273.47388058487763,10.001579284668,3.44989013671875,3.49794856883931,48.058432120559935
274.48784509021164,10.001579284668,3.45005202293396,3.498858962890158,48.806939956198114
275.50184675495365,10.001579284668,3.45021390914917,3.4997520681860763,49.53815903690639
276.51582364675664,10.001579284668,3.45053791999817,3.5006203787531316,50.082458754961756
277.5310943937386,10.001579284668,3.45086169242859,3.501465718954582,50.60402652599194
278.54378273884964,10.0019388198853,3.45118546485901,3.502286208842103,51.10074398309283
279.55778298799464,10.001579284668,3.45118546485901,3.5030677697995714,51.88230494056123
280.57174253874064,10.001579284668,3.45134735107422,3.5038217059259487,52.47435485172858
281.58574809637264,10.001579284668,3.45150923728943,3.504544377100166,53.03513981073582
282.59971083221063,10.0019388198853,3.45183300971985,3.505235730249336,53.402720529486025
283.61371037355764,10.001579284668,3.45215678215027,3.5058854459516002,53.72866380133034
284.6289177725976,10.001579284668,3.45231866836548,3.506504348151935,54.185679786455054
285.64170981015064,10.001579284668,3.45248079299927,3.5070890379705633,54.60824497129346
286.65563963337064,10.001579284668,3.45248079299927,3.507640341743664,55.1595487443941
287.66964589880064,10.0019388198853,3.4529664516449,3.508162330957191,55.19587931229086
288.68358173830563,10.001579284668,3.4529664516449,3.508644668431828,55.67821678692786
289.69760852988463,10.001579284668,3.45329022407532,3.5090989276826345,55.80870360731449
290.71158259049463,10.0012197494507,3.45345211029053,3.509519130254041,56.06701996351093
291.72686537004665,10.0012197494507,3.45345211029053,3.5099148575496115,56.46274725908151
292.73952858832064,10.001579284668,3.45393776893616,3.5102879206190973,56.350151682937444
293.75353839274163,10.001579284668,3.45409965515137,3.510630977965189,56.531322813819344
294.76752554761964,10.001579284668,3.45409965515137,3.510949742237658,56.85008708628825
295.78157711213663,10.0012197494507,3.45426154136658,3.5112424838315857,56.980942465005846
296.79547543833564,10.001579284668,3.45458555221558,3.511520688587785,56.93513637220482
297.80948418105964,10.0012197494507,3.45474743843079,3.5117713362439567,57.02389781316653
298.82468237872166,10.001579284668,3.45474743843079,3.5120112037492923,57.263765318502195
299.83746556879663,10.001579284668,3.45507121086121,3.512231018288424,57.159807427213934
300.8513982232096,10.001579284668,3.45523309707642,3.512433036694846,57.19993961842596
301.86542006020164,10.001579284668,3.45539498329163,3.5126210033812053,57.226020089575336
302.87937288686464,10.001579284668,3.45555686950684,3.5127960109507628,57.23914144392283
303.89338481468064,10.0019388198853,3.45588064193726,3.512962158332872,57.08151639561221
304.90736029088663,10.0012197494507,3.45571875572205,3.513101777832328,57.38302211027823
305.92264342433765,10.001579284668,3.45604252815247,3.5132467820100874,57.20425385761763
306.93533318504564,10.001579284668,3.45620441436768,3.5133760980127082,57.17168364502845
307.94931927822563,10.001579284668,3.45636630058289,3.5134961861389336,57.12988555604337
308.96327422828364,10.001579284668,3.45669007301331,3.513608220182771,56.918147169461086
309.9772847405026,10.001579284668,3.45669007301331,3.51371255993989,57.02248692657985
310.99162579449967,10.001579284668,3.4570140838623,3.513809680941809,56.79559707950909
312.0052438325956,10.001579284668,3.45717597007751,3.5139003027338607,56.72433265635046
313.02051634907366,10.0012197494507,3.45717597007751,3.5139811734534883,56.80520337597805
314.03320398638664,10.001579284668,3.45749974250793,3.5140635406107235,56.56379810279333
315.04717167681264,10.0019388198853,3.45766162872314,3.5141425785857083,56.48094986256824
316.06118041953664,10.001579284668,3.45782351493835,3.514209883394448,56.3863684560979
317.07513360009864,10.001579284668,3.45782351493835,3.51427375451546,56.45023957711004
318.0893461887146,10.001579284668,3.45814728736877,3.514333787834228,56.18650046545781
319.10313055939764,10.001579284668,3.45830917358398,3.5143908956834693,56.08172209948936
320.11837122495365,10.0012197494507,3.45830917358398,3.5144402715254954,56.13109794151549
321.13107337213063,10.001579284668,3.4586329460144,3.514494796262578,55.86185024817824
322.1450973325166,10.001579284668,3.45879483222961,3.51454541962644,55.75058739683003
323.15904378899563,10.001579284668,3.45911884307861,3.5145906143582115,55.47177127960134
324.17304120694763,10.001579284668,3.45911884307861,3.51463252622083,55.513683142220046
325.1870340242106,10.0019388198853,3.45944261550903,3.5146773110788905,55.23469556986038
326.2010130394086,10.001579284668,3.45944261550903,3.514710538420787,55.26792291175697
327.21625122767165,10.001579284668,3.45976638793945,3.5147473723703087,54.98098443085864
328.2289983200366,10.0019388198853,3.45992827415466,3.514786977368448,54.85870321378794
329.24294902330564,10.0012197494507,3.46009016036987,3.5148098383476527,54.719677977782766
330.2569478568536,10.001579284668,3.46025204658508,3.514845277806498,54.59323122141812
331.2709219174636,10.001579284668,3.46025204658508,3.514875015014523,54.622968429443034
332.2849200432136,10.0012197494507,3.46025204658508,3.514898161620826,54.646115035746234
333.2988813634556,10.001579284668,3.4605758190155,3.51493008531999,54.354266304490025
334.31414290906065,10.0012197494507,3.46089959144592,3.5149506740090666,54.051082563146394
335.3268719525706,10.001579284668,3.46106147766113,3.5149802078143733,53.91873015324311
336.34084212029063,10.001579284668,3.46122360229492,3.5150046936014356,53.781091306515535
337.3548441389306,10.001579284668,3.46138548851013,3.5150259813179376,53.64049280780758
338.36881289105463,10.001579284668,3.46170926094055,3.515047523064687,53.338262124137174
339.38272678881464,10.0019388198853,3.46170926094055,3.515073941213046,53.36468027249586
340.39700201757466,10.001579284668,3.46203303337097,3.5150894867935945,53.05645342262455
341.41144959520665,10.001579284668,3.46219491958618,3.5151075803085785,52.91266072239864
342.42474487730664,10.001579284668,3.46235680580139,3.5151258703620973,52.76906456070751
343.43873026268864,10.0012197494507,3.4625186920166,3.515139340354611,52.62064833801139
344.45284906803766,10.001579284668,3.46268057823181,3.5151605777817974,52.47999954998717
345.4666999717546,10.001579284668,3.46284246444702,3.5151779199908497,52.33545554382957
346.4806772174566,10.001579284668,3.46300435066223,3.515193882876225,52.189532213994916
347.4946555248566,10.001579284668,3.46316623687744,3.515208769520518,52.04253264307779
348.50993441151866,10.0012197494507,3.46349024772644,3.5152190552240303,51.728807497590346
349.5226206332346,10.001579284668,3.46365213394165,3.515237686066937,51.58555212528704
350.5366127426996,10.001579284668,3.46381402015686,3.5152529825440646,51.43896238720469
351.5505800792266,10.001579284668,3.46413779258728,3.515267116755964,51.12932416868432
352.5645884680516,10.001579284668,3.46413779258728,3.515280578643186,51.142786055906164
353.5785508499906,10.001579284668,3.46413779258728,3.515293388777451,51.15559619017107
354.5925383587676,10.0012197494507,3.46462345123291,3.515302380169124,50.67892893621373
355.60778928739865,10.001579284668,3.46478533744812,3.51531834846838,50.53301102025998
356.6205137302196,10.001579284668,3.46494722366333,3.5153307512742247,50.383527610894596
357.6345125637686,10.001579284668,3.46510910987854,3.515343076953683,50.23396707514305
358.64860022599566,10.001579284668,3.46527099609375,3.515354881611374,50.083885517624
359.66246422397967,10.001579284668,3.46543288230896,3.515366102964327,49.933220655367094
360.67644960936167,10.001579284668,3.46543288230896,3.5153773356210096,49.94445331204966
361.6904282706606,10.001579284668,3.46575689315796,3.515388455985204,49.631562827244124
362.70574290113365,10.001579284668,3.46591877937317,3.5153992319036718,49.48045253050193
363.7183905478456,10.001579284668,3.46624255180359,3.5154092952273777,49.166743423787466
364.7323837190086,10.0012197494507,3.46624255180359,3.5154152188884984,49.1726670849082
365.7463514094346,10.0019388198853,3.46656632423401,3.515432855039362,48.86653080535197
366.7603406877066,10.001579284668,3.4664044380188,3.5154405371037494,49.036099084949214
367.77433916735663,10.001579284668,3.46672821044922,3.5154516659419475,48.72345549272738
368.7883174747556,10.0019388198853,3.46705198287964,3.5154652461973868,48.413263317746754
369.80358751393965,10.001579284668,3.46721386909485,3.5154707751256327,48.2569060307827
370.8162762129496,10.001579284668,3.46737575531006,3.51548031792064,48.104562610580274
371.8302573515426,10.001579284668,3.46753764152527,3.5154897366169386,47.95209509166875
372.84424769151167,10.0012197494507,3.46786165237427,3.51549561043236,47.63395805809001
373.85823661588563,10.0012197494507,3.46786165237427,3.5155051736798364,47.643521305566594
374.8722120920916,10.001579284668,3.46802353858948,3.515518259548494,47.49472095901375
375.8862027859606,10.0012197494507,3.4683473110199,3.515523557133633,47.17624611373283
376.90145442239066,10.0012197494507,3.4683473110199,3.515532115657427,47.184804637526945
377.91416364754963,10.001579284668,3.46867108345032,3.515545172397882,46.874088947562065
378.92815186412463,10.001579284668,3.46867108345032,3.5155556815040527,46.88459805373269
379.94213087932167,10.0019388198853,3.46915674209595,3.515569994018878,46.41325192292811
380.9561063555286,10.001579284668,3.46915674209595,3.515575482445451,46.41874034950089
381.9700882019196,10.0019388198853,3.46931862831116,3.5155874629856094,46.268834674449536
382.98444730477064,10.001579284668,3.46948051452637,3.5155920837025607,46.111569176190855
383.9997488409766,10.001579284668,3.46964240074158,3.5155999566752056,45.95755593362583
385.0120510821486,10.0019388198853,3.46996641159058,3.5156121954917827,45.64578390120255
386.0260276200526,10.001579284668,3.47012829780579,3.515617647186303,45.489349380512856
387.04000840474566,10.001579284668,3.47012829780579,3.5156263199906856,45.49802218489552
388.05399379012766,10.001579284668,3.47061395645142,3.5156348822584693,45.02092580704931
389.0679869612906,10.001579284668,3.47061395645142,3.515643563549166,45.02960709774584
390.08195854460666,10.001579284668,3.47061395645142,3.515652283893658,45.03832744223813
391.09721619732164,10.0012197494507,3.47077584266663,3.515657319374036,44.881476707406165
392.1116198914626,10.001579284668,3.47093772888184,3.51566948110045,44.73175221861014
393.1239214248366,10.0012197494507,3.47126150131226,3.515673924893903,44.41242358164299
394.13789690104267,10.0012197494507,3.47142338752747,3.5156813881124367,44.25800058496687
395.15188511761767,10.001579284668,3.47158527374268,3.5156935301611174,44.108256418437634
396.1658524541446,10.001579284668,3.47174715995789,3.51570333902349,43.956179065599784
397.1798488103996,10.001579284668,3.4719090461731,3.5157131118684273,43.80406569532713
398.19510610921463,10.0019388198853,3.47207117080688,3.515726645717243,43.65547491036325
399.2078167499706,10.001579284668,3.47223305702209,3.515731603087639,43.49854606554926
400.2217957651686,10.001579284668,3.4723949432373,3.5157383585473148,43.343415310014954
401.2357761959626,10.001579284668,3.47255682945251,3.5157459391739683,43.18910972145807
402.24975627285767,10.001579284668,3.47288060188293,3.515754310622315,42.873708739384675
403.2637434277356,10.0012197494507,3.47288060188293,3.5157594239103545,42.87882202742432
404.2777284592186,10.001579284668,3.47320437431335,3.515772207502404,42.56783318905377
405.29297797225263,10.0012197494507,3.47304248809814,3.515777269118674,42.73478102053385
406.30568578181567,10.001579284668,3.47336626052856,3.5157892827347537,42.42302220619365
407.31967824517966,10.001579284668,3.47352814674377,3.515797896820672,42.269750076902035
408.3335578147256,10.001579284668,3.47385191917419,3.515806572716447,41.95465354225725
409.34758885309367,10.0019388198853,3.47385191917419,3.515818756416275,41.96683724208494
410.3615703455856,10.001579284668,3.47385191917419,3.51582370479532,41.97178562113013
411.37554865298563,10.001579284668,3.47417593002319,3.515832305571138,41.65637554794799
412.39055822241767,10.001579284668,3.4743378162384,3.515840942842977,41.503126604576664
413.40348651113067,10.0012197494507,3.47449970245361,3.51584551242707,41.34580997346005
414.4175214423896,10.0012197494507,3.47466158866882,3.5158531091996053,41.19152053078512
415.4314494961146,10.001579284668,3.47482347488403,3.5158657309613615,41.04225607733136
416.4454656707196,10.0019388198853,3.47514724731445,3.515880166239635,40.73291892518505
417.4593816918746,10.0012197494507,3.47514724731445,3.5158825738811395,40.73532656668944
418.4733876034056,10.001579284668,3.47530913352966,3.51589422781024,40.58509428057988
419.4882163303876,10.001579284668,3.47547101974487,3.515902430887434,40.431411142563874
420.5013449260026,10.001579284668,3.47579479217529,3.515910629497431,40.115837322141076
421.5153706558846,10.001579284668,3.47563290596008,3.515919300130469,40.28639417038926
422.52929623231563,10.001579284668,3.4759566783905,3.515928484227681,39.971805837180966
423.54333187137166,10.001579284668,3.4759566783905,3.5159376644719265,39.980986081426636
424.55740219254267,10.001579284668,3.47628045082092,3.5159467886063807,39.66633778546047
425.5712573430486,10.001579284668,3.47644257545471,3.515955557800109,39.51298234539902
426.58613844710067,10.001579284668,3.47660446166992,3.5159642812995093,39.35981962958923
427.59929181565366,10.001579284668,3.47660446166992,3.5159731365811,39.3686749111799
428.6132457040146,10.0012197494507,3.47676634788513,3.5159791469024433,39.21279901731323
429.6271981767786,10.0019388198853,3.47709012031555,3.5159962672997747,38.90614698422468
430.64116763669966,10.001579284668,3.47709012031555,3.5160014898079046,38.91136949235463
431.6551958438756,10.001579284668,3.47725200653076,3.516009844834808,38.75783830404789
432.6691578719156,10.0012197494507,3.47725200653076,3.516014488760989,38.76248223022927
433.6832136832226,10.0012197494507,3.47741389274597,3.5160234961259906,38.60960338002073
434.6971215646976,10.001579284668,3.47773766517639,3.516037592128761,38.299926952371166
435.7111635739386,10.001579284668,3.4778995513916,3.516047917749713,38.14836635811325
436.7250746405056,10.001579284668,3.47806143760681,3.5160571134959224,37.995675889112235
437.7390547174006,10.001579284668,3.47822332382202,3.5160665256665995,37.84320184457934
438.75309743443967,10.001579284668,3.47822332382202,3.516075958847367,37.85263502534697
439.76709556018966,10.001579284668,3.47854733467102,3.516085562814256,37.538228143235926
440.7818230720246,10.0012197494507,3.47838521003723,3.516091805577446,37.70659554021583
441.79505040549367,10.0012197494507,3.47854733467102,3.51610191809827,37.55458342725015
442.8090764892746,10.001579284668,3.47887110710144,3.516116009977582,37.24490287614213
443.82304948818665,10.0019388198853,3.47903299331665,3.516130045160314,37.09705184366419
444.83701717861265,10.001579284668,3.47919487953186,3.516136352562508,36.9414730306481
445.85098203784565,10.0019388198853,3.47935676574707,3.5161493595975735,36.79259385050359
446.8649200007466,10.0012197494507,3.47919487953186,3.5161516017715146,36.95672223965474
447.8797214774966,10.001579284668,3.47951865196228,3.5161663377733197,36.647685811039835
448.89296898321567,10.0019388198853,3.47968053817749,3.5161822682202404,36.501730042750594
449.90685421514667,10.0019388198853,3.4798424243927,3.516195138050157,36.352713657456626
450.92089126979965,10.0012197494507,3.4798424243927,3.5161998002935673,36.35737590086707
451.93488691825667,10.001579284668,3.48016619682312,3.516214669890913,36.04847306779302
452.9488482384986,10.001579284668,3.48032808303833,3.516229040211538,35.90095717320807
453.96286193580966,10.0019388198853,3.48032808303833,3.516251446320774,35.92336328244406
454.97766305866065,10.001579284668,3.48048996925354,3.5162772884371263,35.78731918358624
455.9914711405846,10.001579284668,3.48065185546875,3.5163402274517157,35.688371982965705
457.00500282729564,10.001579284668,3.48081398010254,3.5163881589736725,35.57417887113257
458.01899529066065,10.001579284668,3.48081398010254,3.5164142297528733,35.60024965033337
459.03282142143865,10.001579284668,3.48097586631775,3.5164388560089703,35.462989691220415
460.04673213410666,10.001579284668,3.48113775253296,3.516462583490215,35.32483095725514
461.0606605417306,10.0012197494507,3.48113775253296,3.5164810893969154,35.34333686395552
462.07555474004965,10.001579284668,3.48146152496338,3.5165089383171164,35.04741335373662
463.08869076754667,10.0019388198853,3.48162341117859,3.5165366097553155,34.91319857672526
464.10262129856466,10.001579284668,3.4817852973938,3.5165546240007313,34.7693266069311
465.11660597614866,10.0012197494507,3.4817852973938,3.516573453100067,34.78815570626681
466.13059525442065,10.0019388198853,3.48227095603943,3.516608671450884,34.337715411453914
467.14470910518367,10.001579284668,3.48227095603943,3.5166359388758335,34.364982836403435
468.15858902862766,10.001579284668,3.48243284225464,3.5166875079407234,34.25466568608337
469.17341634001366,10.001579284668,3.48259472846985,3.516770840088812,34.176111618962054
470.18664579687766,10.001579284668,3.48259472846985,3.5168125480274983,34.217819557648355
471.2005317366076,10.001579284668,3.48291873931885,3.516846736350104,33.927997031254264
472.21452773896266,10.001579284668,3.48291873931885,3.51688058360277,33.96184428392024
473.2285205562266,10.001579284668,3.48308062553406,3.516913410005711,33.83278447165105
474.24252434436266,10.001579284668,3.48324251174927,3.5169456107748966,33.70309902562685
475.25650159006466,10.0012197494507,3.48324251174927,3.51697390271673,33.73139096746014
476.27123334868867,10.0019388198853,3.48356628417969,3.5170133746758845,33.44709049619432
477.28443767871465,10.0019388198853,3.4837281703949,3.517046851280203,33.31868088530277
478.29849596731566,10.0012197494507,3.4837281703949,3.5170730825753695,33.34491218046942
479.31238119924666,10.0019388198853,3.48389005661011,3.5171181311157866,33.22807450567655
480.32646921537366,10.0012197494507,3.48389005661011,3.5171640798694286,33.2740232593185
481.34032259638366,10.0012197494507,3.48405194282532,3.517261209489321,33.20926666400092
482.35436708291866,10.001579284668,3.48437571525574,3.5173228575131397,32.9471422573997
483.36912290668266,10.0019388198853,3.48437571525574,3.517372408176544,32.996692920804094
484.38238598396265,10.001579284668,3.48453760147095,3.5174103392828213,32.87273781187139
485.3967709214496,10.0019388198853,3.48469948768616,3.5174558713821673,32.75638369600742
486.41035003064366,10.0012197494507,3.48486137390137,3.5174869861211637,32.62561221979388
487.42445220273464,10.0012197494507,3.48486137390137,3.5175273552948334,32.665981393463554
488.43827585621966,10.001579284668,3.48518538475037,3.517572894531618,32.38750978124783
489.45229698541266,10.001579284668,3.48518538475037,3.5176143188250735,32.428934074703264
490.46709598486865,10.001579284668,3.48534727096558,3.5176574634466675,32.310192481087356
491.48050026789764,10.0012197494507,3.48550915718079,3.517704257023554,32.19509984276403
492.49416820576965,10.0019388198853,3.48550915718079,3.5178042981602626,32.29514097947251
493.5084430806306,10.001579284668,3.485671043396,3.5178959438819577,32.224900485957605
494.52223205200164,10.0012197494507,3.485671043396,3.5179478314934567,32.2767880974566
495.53625884358064,10.001579284668,3.48599481582642,3.518005082004942,32.01026617852199
496.55018406611265,10.001579284668,3.48599481582642,3.518056160978067,32.06134515164693
497.5654682612616,10.001579284668,3.48615670204163,3.518106538019273,31.949835977643115
498.57810352150466,10.001579284668,3.48631858825684,3.518155938495804,31.837350238963946
499.59212111170666,10.001579284668,3.48648047447205,3.5182055323628116,31.725057890761743
500.60605588951466,10.001579284668,3.48664236068726,3.5182557480677703,31.61338738051045
501.62002393383966,10.001579284668,3.48664236068726,3.5183088327028154,31.666472015555502
502.63399622495365,10.001579284668,3.48680424690247,3.518371107703442,31.56686080097204
503.64798656492366,10.0019388198853,3.48712801933289,3.5184810946689984,31.353075336108205
504.66282661667765,10.0019388198853,3.48745203018188,3.518594420898853,31.142390716973
505.67596229027566,10.001579284668,3.48729014396667,3.518652859358469,31.362715391799245
506.68999049745065,10.001579284668,3.48729014396667,3.5187147481523677,31.424604185697813
507.70387466768466,10.001579284668,3.48745203018188,3.518775465811011,31.32343562913098
508.71785297508467,10.0012197494507,3.48761391639709,3.518830884103488,31.216967706398258
509.73184260725566,10.001579284668,3.4877758026123,3.518894051820097,31.118249207797266
510.74586939883466,10.001579284668,3.4877758026123,3.5189548362738297,31.179033661529854
511.76071865196565,10.001579284668,3.48809957504272,3.519016810046704,30.91723500398391
512.7738829913916,10.001579284668,3.48826146125793,3.519085873040535,30.824411782604866
513.7878375875506,10.0012197494507,3.48826146125793,3.5191858518173054,30.924390559375237
514.8017950149026,10.001579284668,3.48842334747314,3.519335946544008,30.912599070867852
515.8158087122135,10.001579284668,3.48858523368835,3.5194126808553134,30.827447166963395
516.8297357042405,10.001579284668,3.48874711990356,3.519485901051416,30.73878114785611
517.8437426774695,10.0012197494507,3.48874711990356,3.519552320189477,30.805200285917156
518.8585721122496,10.001579284668,3.48907089233398,3.5196282382417365,30.557345907756606
519.8717074319486,10.0019388198853,3.48923277854919,3.519703983226617,30.471204677426922
520.8857441327026,10.001579284668,3.48923277854919,3.5197710733954923,30.53829484630244
521.8997079302386,10.0012197494507,3.4893946647644,3.5198409337953045,30.446269030904638
522.9136515555235,10.001579284668,3.48955678939819,3.5199449991415093,30.38820974331946
523.9276436649895,10.001579284668,3.4897186756134,3.5201200841790907,30.401408565690513
524.9416824891385,10.001579284668,3.4897186756134,3.5202231614295165,30.50448581611631
525.9564425596916,10.0019388198853,3.49004244804382,3.5203148928804078,30.272444836587642
526.9695690319115,10.001579284668,3.49020433425903,3.520393527747282,30.18919348825211
527.9840541228496,10.0012197494507,3.49020433425903,3.520471149750674,30.266815491644117
528.9976597744776,10.001579284668,3.49036622047424,3.520559260647987,30.193040173747132
530.0115938444866,10.0012197494507,3.49052810668945,3.520639476483469,30.111369794019183
531.0256001099166,10.001579284668,3.49068999290466,3.520740089295748,30.050096391088132
532.0395324104315,10.0019388198853,3.49085187911987,3.5209066729722274,30.05479385235743
533.0543073447476,10.001579284668,3.49101376533508,3.521076370123604,30.062604788524183
534.0674734536695,10.001579284668,3.49117565155029,3.521176945639387,30.00129408909702
535.0815108622215,10.0019388198853,3.4913375377655,3.521280412889279,29.942875123779356
536.0955004943926,10.001579284668,3.4913375377655,3.5213726310286964,30.035093263196533
537.1094791556916,10.0012197494507,3.49149942398071,3.521464087124801,29.964663144091297
538.1234861289196,10.001579284668,3.4916615486145,3.5215713787058136,29.909830091313427
539.1374516959515,10.0019388198853,3.49182343482971,3.5217026351095155,29.879200279805396
540.1522213217805,10.0008592605591,3.49182343482971,3.521929179769967,30.105744940256862
541.1653991093735,10.001579284668,3.49198532104492,3.522077538594189,30.09221754926905
542.1794096215926,10.001579284668,3.49230909347534,3.5221935066334984,29.884413158158374
543.1933192725636,10.001579284668,3.49230909347534,3.5223075371884347,29.99844371309468
544.2073711909795,10.001579284668,3.49247097969055,3.522421915460193,29.950935769643028
545.2221758528216,10.001579284668,3.49263286590576,3.5225443158761927,29.911449970432713
546.2352591493495,10.001579284668,3.49279475212097,3.522727693804717,29.93294168374705
547.2492824019375,10.0019388198853,3.49295663833618,3.5230102432059374,30.0536048697575
548.2632380597936,10.001579284668,3.49311852455139,3.5231409922947226,30.022467743332726
549.2772368933425,10.0012197494507,3.4932804107666,3.5232697513940923,29.989340627492478
550.2912845649686,10.0019388198853,3.49344229698181,3.523416009735005,29.973712753194715
551.3052087258036,10.001579284668,3.49344229698181,3.5235601345484993,30.117837566689065
552.3200098486545,10.001579284668,3.49360418319702,3.523863187262436,30.25900406541604
553.3332014383126,10.001579284668,3.49376606941223,3.524109094657597,30.343025245366917
554.3471507259845,10.001579284668,3.49392819404602,3.524269761396992,30.341567350971932
555.3611506212305,10.001579284668,3.49409008026123,3.524430901618672,30.34082135744187
556.3751122953715,10.001579284668,3.49425196647644,3.5246155220059725,30.363555529532515
557.3891748307616,10.001579284668,3.49441385269165,3.5250665847265457,30.652732034895713
558.4031400438936,10.001579284668,3.49457573890686,3.5252805969602514,30.704858053391515
559.4170521721576,10.001579284668,3.49473762512207,3.5254755626968466,30.73793757477672
560.4310467589166,10.001579284668,3.49473762512207,3.5257024994187853,30.96487429671546
561.4451043397196,10.0019388198853,3.49489951133728,3.526291564983807,31.392053646527085
562.4590267310585,10.001579284668,3.4952232837677,3.5265341988880277,31.310915120327465
563.4738112206505,10.001579284668,3.49538516998291,3.5268013447104725,31.416174727562307
564.4869649431035,10.001579284668,3.49554705619812,3.5275794606421265,32.032404444006346
565.5010104913356,10.001579284668,3.49570894241333,3.5278962135473924,32.18727113406228
566.5150567473656,10.0019388198853,3.49570894241333,3.5288074365091324,33.098494095802344
567.5290297462786,10.0012197494507,3.49587082862854,3.5293889504738503,33.51812184531022
568.5430183167526,10.001579284668,3.49603295326233,3.530996111621965,34.96315835963504
569.5569803447926,10.001579284668,3.49619483947754,3.5337582910914773,37.563451613937374
570.5722553385646,10.001579284668,3.49635672569275,,
571.5849808430826,10.0019388198853,3.49651861190796,,
572.5989457023156,10.0019388198853,3.49668049812317,,
573.6129225941186,10.0019388198853,3.49684238433838,,
574.6269097489966,10.0012197494507,3.49684238433838,,
575.6409216768126,10.001579284668,3.49700427055359,,
576.6548861821466,10.001579284668,3.4971661567688,,
577.6701073832515,10.001579284668,3.49732804298401,,
578.6828565990115,10.0012197494507,3.49748992919922,,
579.6968246433366,10.001579284668,3.49781370162964,,
580.7108234768846,10.0019388198853,3.49797558784485,,
581.7247908134116,10.0019388198853,3.49797558784485,,
582.7387822150786,10.001579284668,3.49813771247864,,
583.7527552139916,10.0012197494507,3.49829959869385,,
584.7680330389555,10.0019388198853,3.49862337112427,,
585.7807486342996,10.001579284668,3.49862337112427,,
586.7947234027076,10.0019388198853,3.49878525733948,,
587.8086879080416,10.0012197494507,3.49894714355469,,
588.8226892188836,10.001579284668,3.4991090297699,,
589.8388896588516,10.0012197494507,3.49927091598511,,
590.8506610513456,10.0019388198853,3.49959468841553,,
591.8658889765336,10.0019388198853,3.49959468841553,,
592.8786102342626,10.001579284668,3.49975657463074,,
593.8925910189566,10.0012197494507,3.49991846084595,,
594.9065859596146,10.001579284668,3.50024223327637,,
595.9205628514176,10.001579284668,3.50040435791016,,
596.9345482367996,10.001579284668,3.50056624412537,,
597.9485265441996,10.001579284668,3.50056624412537,,
598.9637856125106,10.001579284668,3.50072813034058,,
599.9765001461566,10.001579284668,3.50121378898621,,
600.9911006082066,10.0019388198853,3.50121378898621,,
602.0044645467356,10.001579284668,3.50137567520142,,
603.0184531172106,10.0019388198853,3.50169944763184,,
604.0324289473156,10.0019388198853,3.50169944763184,,
605.0464132710006,10.001579284668,3.50186133384705,,
606.0617197617936,10.001579284668,3.50186133384705,,
607.0743971360316,10.001579284668,3.50218510627747,,
608.0883697810456,10.0019388198853,3.50250911712646,,
609.1023477345466,10.001579284668,3.50267100334167,,
610.1163263958446,10.001579284668,3.50267100334167,,
611.1303227520996,10.001579284668,3.50283288955688,,
612.1442943354156,10.001579284668,3.5031566619873,,
613.1595799461605,10.0019388198853,3.5031566619873,,
614.1722721841626,10.0019388198853,3.50348043441772,,
615.1862522610576,10.0012197494507,3.50364232063293,,
616.2002344613476,10.001579284668,3.50380420684814,,
617.2142276325096,10.001579284668,3.50396609306335,,
618.2284094319026,10.001579284668,3.50412797927856,,
619.2421870785016,10.001579284668,3.50445175170898,,
620.2574217277736,10.001579284668,3.50445175170898,,
621.2701539563756,10.001579284668,3.50461363792419,,
622.2841439424466,10.001579284668,3.50461363792419,,
623.2917085361136,10.001579284668,3.50493764877319,,
624.2977655195335,10.0019388198853,3.50526142120361,,
625.3104963325396,10.001579284668,3.50542330741882,,
626.3244590683776,10.0019388198853,3.50558519363403,,
627.3384579019266,10.0019388198853,3.50574707984924,,
628.3524386866196,10.0019388198853,3.50607085227966,,
629.3664254875986,10.001579284668,3.50607085227966,,
630.3805099647336,10.001579284668,3.50639462471008,,
631.3957513380885,10.001579284668,3.50639462471008,,
632.3967029728196,10.001579284668,3.50688052177429,,
633.4067335355476,10.0019388198853,3.50688052177429,,
634.4207383853806,10.001579284668,3.5070424079895,,
635.4359719729556,10.0019388198853,3.50720429420471,,
636.4487194192186,10.001579284668,3.50736618041992,,
637.4626651678996,10.001579284668,3.50752806663513,,
638.4766724950276,10.001579284668,3.50785183906555,,
639.4906150586156,10.001579284668,3.50785183906555,,
640.5046344183136,10.001579284668,3.50817561149597,,
641.5185989236476,10.001579284668,3.50833749771118,,
642.5338710862255,10.0012197494507,3.50849938392639,,
643.5465661554196,10.001579284668,3.5086612701416,,
644.5605678201616,10.001579284668,3.50898504257202,,
645.5745326793946,10.001579284668,3.50914716720581,,
646.5885325746406,10.0019388198853,3.50947093963623,,
647.6024977877726,10.0019388198853,3.50963282585144,,
648.6165036993036,10.001579284668,3.50979471206665,,
649.6317121600406,10.001579284668,3.50995659828186,,
650.6446616827016,10.001579284668,3.51028037071228,,
651.6584304818226,10.001579284668,3.51044225692749,,
652.6724431174366,10.0019388198853,3.51076602935791,,
653.6863924051086,10.001579284668,3.51076602935791,,
654.7003954854466,10.001579284668,3.51108980178833,,
655.7143408802276,10.001579284668,3.51108980178833,,
656.7291409413816,10.001579284668,3.51141381263733,,
657.7423282842506,10.001579284668,3.51157569885254,,
658.7563384425706,10.001579284668,3.51189947128296,,
659.7702969316196,10.0012197494507,3.51189947128296,,
660.7843191225096,10.0019388198853,3.51222324371338,,
661.7982577932086,10.001579284668,3.51222324371338,,
662.8122736139146,10.001579284668,3.51270890235901,,
663.8274767661646,10.001579284668,3.51287078857422,,
664.8402433229816,10.001579284668,3.51303267478943,,
665.8541897794606,10.001579284668,3.51335644721985,,
666.8682102008546,10.0019388198853,3.51351857185364,,
667.8821587807286,10.001579284668,3.51368045806885,,
668.8961692929475,10.001579284668,3.51400423049927,,
669.9101118565366,10.001579284668,3.51400423049927,,
670.9253974672815,10.0019388198853,3.5144898891449,,
671.9381038612476,10.001579284668,3.51465177536011,,
672.9520966785105,10.001579284668,3.51481366157532,,
673.9660537519636,10.001579284668,3.51497554779053,,
674.9805929894666,10.001579284668,3.51529932022095,,
675.9940305390126,10.001579284668,3.51562333106995,,
677.0080399895346,10.001579284668,3.51562333106995,,
678.0232916259646,10.0019388198853,3.51594710350037,,
679.0359948348386,10.0019388198853,3.51627087593079,,
680.0499604018696,10.001579284668,3.51627087593079,,
681.0639694984926,10.0019388198853,3.51675653457642,,
682.0779099386866,10.0019388198853,3.51708030700684,,
683.0919303600816,10.001579284668,3.51708030700684,,
684.1058835406436,10.0019388198853,3.51724219322205,,
685.1211815378576,10.0019388198853,3.51772785186768,,
686.1338635127846,10.0012197494507,3.51772785186768,,
687.1478775639946,10.001579284668,3.51805186271667,,
688.1618349913466,10.001579284668,3.51837563514709,,
689.1758359482895,10.001579284668,3.51869940757751,,
690.1898050543126,10.0019388198853,3.51869940757751,,
691.2037915013916,10.0012197494507,3.51902318000793,,
692.2191362132896,10.0012197494507,3.51902318000793,,
693.2317661650455,10.001579284668,3.51934695243835,,
694.2457235923976,10.001579284668,3.51983261108398,,
695.2597295039286,10.001579284668,3.51983261108398,,
696.2737198438975,10.001579284668,3.52031850814819,,
697.2877133689595,10.001579284668,3.5204803943634,,
698.3016661956226,10.0019388198853,3.52080416679382,,
699.3169217249426,10.001579284668,3.52096605300903,,
700.3296397975796,10.001579284668,3.52128982543945,,
701.3436311992466,10.0012197494507,3.52145171165466,,
702.3576031364626,10.001579284668,3.52177548408508,,
703.3716002005156,10.001579284668,3.52209949493408,,
704.3857706751365,10.0019388198853,3.5224232673645,,
705.3994980680606,10.001579284668,3.5224232673645,,
706.4148233155066,10.001579284668,3.52290892601013,,
707.4275293555736,10.0019388198853,3.52307081222534,,
708.4415080168726,10.001579284668,3.52339458465576,,
709.4554891554656,10.0019388198853,3.52371835708618,,
710.4694773720396,10.001579284668,3.52388024330139,,
711.4834595723296,10.001579284668,3.52420401573181,,
712.4974329251415,10.001579284668,3.52452802658081,,
713.5127224287776,10.001579284668,3.52468991279602,,
714.5254231603576,10.0019388198853,3.52501368522644,,
715.5394057145465,10.001579284668,3.52517557144165,,
716.5533677425866,10.001579284668,3.52566123008728,,
717.5673648066396,10.001579284668,3.52582311630249,,
718.5813487764256,10.0019388198853,3.52614688873291,,
719.5953210675395,10.001579284668,3.52647089958191,,
720.6106020775956,10.0019388198853,3.52679467201233,,
721.6232854681195,10.001579284668,3.52695655822754,,
722.6372917335495,10.001579284668,3.52728033065796,,
723.6691115111306,10.001579284668,3.52760410308838,,
724.6808259258665,10.0019388198853,3.52776598930359,,
725.6948459933626,10.0019388198853,3.52825164794922,,
726.7087917420425,10.001579284668,3.52841353416443,,
727.7227990691706,10.001579284668,3.52889943122864,,
728.7367526036315,10.001579284668,3.52906131744385,,
729.7507592229606,10.001579284668,3.52938508987427,,
730.7659967034256,10.001579284668,3.52970886230469,,
731.7787883870795,10.0019388198853,3.53003263473511,,
732.7926870671776,10.0012197494507,3.53019452095032,,
733.8067035956816,10.001579284668,3.53068017959595,,
734.8206691627125,10.0019388198853,3.53116607666016,,
735.8346655189675,10.001579284668,3.53148984909058,,
736.8486402873756,10.0019388198853,3.53165173530579,,
737.8638965244946,10.001579284668,3.531813621521,,
738.8765884085966,10.0019388198853,3.53229928016663,,
739.8906134306795,10.0019388198853,3.53262305259705,,
740.9045690885356,10.001579284668,3.53294682502747,,
741.9185601363035,10.0019388198853,3.53343272209167,,
742.9325288884265,10.001579284668,3.53375649452209,,
743.9465266602786,10.001579284668,3.53408026695251,,
744.9617814817996,10.001579284668,3.53440403938293,,
745.9745069863186,10.001579284668,3.53472781181335,,
746.9889106804586,10.001579284668,3.53521370887756,,
748.0024590004296,10.0019388198853,3.53553748130798,,
749.0164394312236,10.0019388198853,3.53602313995361,,
750.0304389725706,10.0019388198853,3.53618502616882,,
751.0444031240056,10.001579284668,3.53650879859924,,
752.0597089069996,10.0019388198853,3.53699445724487,,
753.0723728330715,10.0012197494507,3.53699445724487,,
754.0863635269405,10.001579284668,3.53764224052429,,
755.1005396639475,10.001579284668,3.53796601295471,,
756.1143403139896,10.001579284668,3.53828978538513,,
757.1155294150286,10.0019388198853,3.53877544403076,,
758.1266959939286,10.001579284668,3.53909921646118,,
759.1406905806875,10.001579284668,3.5394229888916,,
760.1546685341885,10.0019388198853,3.53990888595581,,
761.1686525039736,10.0019388198853,3.54055643081665,,
762.1826396588516,10.0019388198853,3.54088020324707,,
763.1978689996366,10.001579284668,3.54120397567749,,
764.2105906112646,10.0019388198853,3.54152774810791,,
765.2245671491686,10.001579284668,3.54185175895691,,
766.2387680591136,10.001579284668,3.54233741760254,,
767.2525386277306,10.001579284668,3.54266119003296,,
768.2665328605906,10.001579284668,3.54314684867859,,
769.2805246161566,10.001579284668,3.54363250732422,,
770.2957822688716,10.001579284668,3.54411840438843,,
771.3084741529735,10.0019388198853,3.54460406303406,,
772.3224574149616,10.0019388198853,3.54492783546448,,
773.3364399691505,10.0019388198853,3.54541349411011,,
774.3504250006326,10.001579284668,3.54573726654053,,
775.3646301573676,10.0019388198853,3.54638504981995,,
776.3787036636306,10.001579284668,3.54687070846558,,
777.3936732424626,10.001579284668,3.54703259468079,,
778.4063668960596,10.0019388198853,3.54784202575684,,
779.4203444956615,10.0019388198853,3.54832792282104,,
780.4343210335655,10.001579284668,3.54865169525146,,
781.4483308379865,10.0019388198853,3.54913735389709,,
782.4622971128156,10.0012197494507,3.54946112632751,,
783.4764817434016,10.0019388198853,3.55010867118835,,
784.4915535990796,10.001579284668,3.55059456825256,,
785.5042313272165,10.001579284668,3.55108022689819,,
786.5182354692516,10.0019388198853,3.55156588554382,,
787.5322056369716,10.0019388198853,3.55221343040466,,
788.5462009315296,10.0019388198853,3.55286121368408,,
789.5601838396176,10.001579284668,3.5531849861145,,
790.5678259371916,10.0019388198853,3.55367064476013,,
791.5725600457056,10.0019388198853,3.55431818962097,,
792.5864916384215,10.0019388198853,3.55480408668518,,
793.6005046279346,10.0019388198853,3.55561351776123,,
794.6144648864796,10.0019388198853,3.55609917640686,,
795.6297437731406,10.001579284668,3.55642294883728,,
796.6424232707736,10.001579284668,3.55723261833191,,
797.6564461694626,10.001579284668,3.55771827697754,,
798.6703905025466,10.0019388198853,3.55836582183838,,
799.6844190636216,10.0019388198853,3.55885148048401,,
800.6983860462486,10.0019388198853,3.55933737754822,,
801.7123947889726,10.0022993087769,3.56014680862427,,
802.7276113893896,10.0019388198853,3.56079435348511,,
803.7403372478076,10.001579284668,3.56128001213074,,
804.7542826425886,10.0019388198853,3.56208968162537,,
805.7683172199486,10.001579284668,3.56273722648621,,
806.7822912805586,10.0019388198853,3.56338477134705,,
807.7962901141076,10.0022993087769,3.56403255462646,,
808.8102185217306,10.0019388198853,3.5646800994873,,
809.8255044863746,10.0019388198853,3.56532764434814,,
810.8382140654336,10.0022993087769,3.56597542762756,,
811.8522146684776,10.0019388198853,3.5666229724884,,
812.8661742192236,10.0019388198853,3.56727051734924,,
813.8801903938286,10.001579284668,3.56808018684387,,
814.8941382659045,10.0019388198853,3.56888961791992,,
815.9081523171146,10.001579284668,3.56953716278076,,
816.9233784728076,10.0019388198853,3.57034683227539,,
817.9361114092076,10.0019388198853,3.57131814956665,,
818.9500405246296,10.0019388198853,3.57196569442749,,
819.9640811182746,10.0019388198853,3.57277536392212,,
820.9784809195246,10.001579284668,3.57358479499817,,
821.9920483500476,10.001579284668,3.57423233985901,,
823.0060082546926,10.0019388198853,3.57536578178406,,
824.0445322971835,10.001579284668,3.5760133266449,,
825.0495912850886,10.0019388198853,3.57698488235474,,
826.0635724236806,10.0019388198853,3.577956199646,,
827.0788559110316,10.001579284668,3.57892775535583,,
828.0914536579676,10.001579284668,3.57989907264709,,
829.1055388429016,10.001579284668,3.58070850372314,,
830.1195083028226,10.0019388198853,3.58168005943298,,
831.1334958115996,10.0019388198853,3.58281326293945,,
832.1474734112015,10.0019388198853,3.58362293243408,,
833.1614612738766,10.001579284668,3.58459424972534,,
834.1767819206345,10.0019388198853,3.58572769165039,,
835.1896189033756,10.0019388198853,3.58686089515686,,
836.2034025662596,10.001579284668,3.58799433708191,,
837.2173599936116,10.0019388198853,3.58912754058838,,
838.2313705058306,10.001579284668,3.59009909629822,,
839.2453558912126,10.001579284668,3.5913941860199,,
840.2593338447136,10.0019388198853,3.59268951416016,,
841.2745497373315,10.001579284668,3.59382271766663,,
842.2873148785516,10.001579284668,3.59495615959167,,
843.3012471790656,10.001579284668,3.59641337394714,,
844.3154848945196,10.001579284668,3.59754657745361,,
845.3292303362996,10.001579284668,3.59900379180908,,
846.0312412618725,10.0019388198853,3.60013699531555,,
847.0457294990246,9.94399261474609,3.60110855102539,,
848.0596582605476,9.82378196716309,3.60094666481018,,
849.0749693520296,9.72264575958252,3.60110855102539,,
850.0876442489736,9.63446617126465,3.60078477859497,,
851.1018586070855,9.5502462387085,3.60110855102539,,
852.1156185587296,9.47070503234863,3.60078477859497,,
853.1296418113166,9.3944034576416,3.60094666481018,,
854.1435772969226,9.32350063323975,3.60094666481018,,
855.1575814389586,9.251877784729,3.60110855102539,,
856.1728136109366,9.18133449554443,3.60110855102539,,
857.1855893691296,9.10971069335938,3.60094666481018,,
858.1995273320296,9.04204750061035,3.60110855102539,,
859.2135389059466,8.97402286529541,3.60094666481018,,
860.2276807147396,8.90312004089355,3.60110855102539,,
861.2414870271666,8.83365631103516,3.60094666481018,,
862.2554288829576,8.76815223693848,3.6012704372406,,
863.2707141398026,8.69868850708008,3.60110855102539,,
864.2834053161076,8.63030529022217,3.60094666481018,,
865.2974183056206,8.56120109558105,3.60094666481018,,
866.3115763937726,8.49497699737549,3.60110855102539,,
867.3254874603396,8.4251537322998,3.60094666481018,,
868.3393666759856,8.35496997833252,3.60094666481018,,
869.3533428599906,8.28694629669189,3.60094666481018,,
870.3686196232576,8.22036266326904,3.60110855102539,,
871.3813309718116,8.15053844451904,3.60094666481018,,
872.3956454833746,8.08035564422607,3.60094666481018,,
873.4092854632156,8.01125144958496,3.60094666481018,,
874.4232584621286,7.94070863723755,3.60110855102539,,
875.4372502176946,7.87124490737915,3.60094666481018,,
876.4512182620206,7.80034208297729,3.60094666481018,,
877.4665212138216,7.72907876968384,3.60094666481018,,
878.4791989419596,7.66177463531494,3.60094666481018,,
879.4931917592226,7.59159135818481,3.60110855102539,,
880.5071537872626,7.52068853378296,3.60110855102539,,
881.5211667767766,7.44798564910889,3.60110855102539,,
882.5351199573386,7.37780237197876,3.60110855102539,,
883.5491237454746,7.30581951141357,3.60094666481018,,
884.5643743202066,7.23383665084839,3.60094666481018,,
885.5771125650936,7.16041374206543,3.60094666481018,,
886.5910551286826,7.09490919113159,3.60094666481018,,
887.6050238808056,7.02292633056641,3.60094666481018,,
888.6190418249066,6.95166349411011,3.60078477859497,,
889.6330392428586,6.87860059738159,3.60110855102539,,
890.6470083488806,6.80661773681641,3.60110855102539,,
891.6622670632926,6.73391532897949,3.60094666481018,,
892.6749635480836,6.66229200363159,3.60094666481018,,
893.6889514107596,6.59030914306641,3.60110855102539,,
894.7029332571506,6.52408504486084,3.60110855102539,,
895.7169278439096,6.44994258880615,3.60078477859497,,
896.7309001350236,6.37831974029541,3.60110855102539,,
897.7448855204066,6.30417728424072,3.60094666481018,,
898.7601336178445,6.23831272125244,3.60094666481018,,
899.7728633691526,6.16704988479614,3.60094666481018,,
900.7868158419166,6.09614658355713,3.60110855102539,,
901.8007775160576,6.02704286575317,3.60110855102539,,
902.8150385888525,5.95506000518799,3.60110855102539,,
903.8287426244356,5.88379669189453,3.60094666481018,,
904.8427368572956,5.81397342681885,3.60094666481018,,
905.8580836925876,5.74451017379761,3.60094666481018,,
906.8707196606296,5.68152475357056,3.60094666481018,,
907.8847216792706,5.61314105987549,3.60110855102539,,
908.8987052951566,5.54439735412598,3.60094666481018,,
909.9130428101615,5.47565364837646,3.60094666481018,,
910.9270179324695,5.4072699546814,3.60094666481018,,
911.9406586201096,5.34140586853027,3.60094666481018,,
912.9559371528716,5.27410173416138,3.60094666481018,,
913.9686396539475,5.20715761184692,3.60110855102539,,
914.9825924806106,5.14453220367432,3.60110855102539,,
915.9965760964966,5.07902812957764,3.60094666481018,,
917.0105689137606,5.01532316207886,3.60110855102539,,
918.0245599615286,4.95017862319946,3.60094666481018,,
919.0385471164066,4.88683366775513,3.60094666481018,,
920.0525271933016,4.8227686882019,3.60094666481018,,
921.0664669256965,4.75798416137695,3.60094666481018,,
922.0804901782845,4.69391918182373,3.60110855102539,,
923.0944656544916,4.63669300079346,3.6012704372406,,
924.1084651958386,4.57478761672974,3.60110855102539,,
925.1224406720446,4.51108264923096,3.60094666481018,,
926.1364157943526,4.45097684860229,3.60094666481018,,
927.1516624761936,4.39267110824585,3.60110855102539,,
928.1643982437865,4.33256530761719,3.60094666481018,,
929.1783691193056,4.27389907836914,3.60094666481018,,
930.1923541507886,4.21667289733887,3.60110855102539,,
931.2063335198856,4.15944623947144,3.60078477859497,,
932.2203358924246,4.10401964187622,3.60110855102539,,
933.2342986282636,4.0482325553894,3.60110855102539,,
934.2495831773106,3.99172616004944,3.60094666481018,,
935.2622775387066,3.93881869316101,3.60094666481018,,
936.2762462908306,3.88303184509277,3.60110855102539,,
937.2902238904315,3.82724523544312,3.60110855102539,,
938.3042436040286,3.77361798286438,3.60094666481018,,
939.3182880905625,3.72394967079163,3.60110855102539,,
940.3321687218056,3.67176198959351,3.60094666481018,,
941.3473899229116,3.62029433250427,3.60110855102539,,
942.3601593109206,3.5684666633606,3.60094666481018,,
943.3741308942366,3.51987814903259,3.60094666481018,,
944.3881198186106,3.47056984901428,3.60110855102539,,
945.4021098046805,3.41982197761536,3.60094666481018,,
946.4160743100146,3.37591218948364,3.60094666481018,,
947.4300646499836,3.32804369926453,3.60094666481018,,
948.4453403515536,3.27909517288208,3.60110855102539,,
949.4580421448316,3.23122668266296,3.60094666481018,,
950.4720392088846,3.18515753746033,3.60110855102539,,
951.4859930972445,3.14124798774719,3.60110855102539,,
952.4999820216176,3.09625864028931,3.60110855102539,,
953.5139787317715,3.05270910263062,3.60094666481018,,
954.5279648249516,3.00771975517273,3.60110855102539,,
955.5432260166576,2.96309041976929,3.60110855102539,,
956.5559260404395,2.92098021507263,3.60094666481018,,
957.5699156726106,2.88066983222961,3.60094666481018,,
958.5838823013396,2.84215903282166,3.60110855102539,,
959.5978393747926,2.80292820930481,3.60094666481018,,
960.6118608578846,2.7633376121521,3.60094666481018,,
961.6258320873015,2.72374701499939,3.60110855102539,,
962.6410918634106,2.68271684646606,3.60110855102539,,
963.6538000268725,2.64384603500366,3.60110855102539,,
964.6677864739515,2.60605502128601,3.60094666481018,,
965.6817679664435,2.57078337669373,3.60094666481018,,
966.6957554752206,2.53695154190063,3.60094666481018,,
967.7097419222996,2.50239968299866,3.60110855102539,,
968.7237418175456,2.46640825271606,3.60110855102539,,
969.7389768207166,2.43077659606934,3.60094666481018,,
970.7516881692706,2.3965847492218,3.60094666481018,,
971.7657294707136,2.36311268806458,3.60094666481018,,
972.7796695570075,2.33108043670654,3.60094666481018,,
973.7936351240386,2.29688835144043,3.60110855102539,,
974.8076261718065,2.26737546920776,3.60110855102539,,
975.8216161578775,2.23534297943115,3.60110855102539,,
976.8368465603596,2.20439052581787,3.60110855102539,,
977.8495667563916,2.17451739311218,3.60094666481018,,
978.8635478949845,2.1435649394989,3.60110855102539,,
979.8775424817436,2.11369204521179,3.60110855102539,,
980.8915250359325,2.08381915092468,3.60110855102539,,
981.9054916646605,2.05502581596375,3.60094666481018,,
982.9198865113236,2.0291121006012,3.6012704372406,,
983.9347683231736,1.99995899200439,3.60110855102539,,
984.9474598533776,1.9715256690979,3.60110855102539,,
985.9614339139875,1.9430924654007,3.60110855102539,,
986.9754154064785,1.91645872592926,3.60094666481018,,
987.9893395673136,1.89018499851227,3.60094666481018,,
989.0033794531596,1.86535096168518,3.60110855102539,,
990.0173740399185,1.8390771150589,3.60110855102539,,
991.0326649591506,1.81532275676727,3.60094666481018,,
992.0453409177926,1.79156839847565,3.60094666481018,,
993.0593213485865,1.76745414733887,3.60110855102539,,
994.0734189199895,1.74298000335693,3.60110855102539,,
995.0872981356356,1.72030532360077,3.60110855102539,,
996.1012792742285,1.69727075099945,3.60110855102539,,
997.1152558121325,1.67315649986267,3.60110855102539,,
998.1305120492506,1.64940214157104,3.60110855102539,,
999.1432216283116,1.62852716445923,3.60094666481018,,
1000.1571992279116,1.60909175872803,3.60110855102539,,
1001.1711973536616,1.58857655525208,3.60110855102539,,
1002.1853710133715,1.56482219696045,3.60110855102539,,
1003.1991521989615,1.54538691043854,3.60094666481018,,
1004.2131478474216,1.52415192127228,3.60110855102539,,
1005.2283998377516,1.50507640838623,3.60094666481018,,
1006.2412361126916,1.48312163352966,3.60110855102539,,
1007.2550746299415,1.462606549263,3.60110855102539,,
1008.2690600153215,1.44533061981201,3.60110855102539,,
1009.2830634495616,1.42625510692596,3.60110855102539,,
1010.2970297243916,1.40933918952942,3.60110855102539,,
1011.3111234029016,1.39206326007843,3.60094666481018,,
1012.3264794395716,1.37478733062744,3.60110855102539,,
1013.3389795103516,1.35391235351562,3.60094666481018,,
1014.3529702042216,1.33663642406464,3.60094666481018,,
1015.3669616058816,1.32008039951324,3.60110855102539,,
1016.3809300041116,1.30352425575256,3.60110855102539,,
1017.3949100810016,1.28660833835602,3.60110855102539,,
1018.4088890962016,1.26969230175018,3.60110855102539,,
1019.4241386092416,1.25565564632416,3.60094666481018,,
1020.4368697761416,1.24125909805298,3.60110855102539,,
1021.4508463140415,1.22398316860199,3.60110855102539,,
1022.4648235597516,1.20706713199615,3.6012704372406,,
1023.4787947891615,1.19375038146973,3.60110855102539,,
1024.4930250727416,1.17719423770905,3.60094666481018,,
1025.5067545890618,1.16387748718262,3.60110855102539,,
1026.5220373686118,1.14804124832153,3.60094666481018,,
1027.5347048336716,1.13760364055634,3.60110855102539,,
1028.5487234855716,1.12356698513031,3.60110855102539,,
1029.5629261650117,1.10953032970428,3.60094666481018,,
1030.5766970875318,1.09405398368835,3.60110855102539,,
1031.5906591155717,1.08001732826233,3.60094666481018,,
1032.6046607803116,1.06778025627136,3.60110855102539,,
1033.6198791502218,1.05410349369049,3.60110855102539,,
1034.6326386290516,1.04078662395477,3.60110855102539,,
1035.6466084428816,1.02639007568359,3.60110855102539,,
1036.6605941821617,1.01343309879303,3.60094666481018,,
1037.6745392230416,1.00191593170166,3.60094666481018,,
1038.6885610600316,0.990758538246155,3.60110855102539,,
1039.7025223802716,0.982840418815613,3.60110855102539,,
1040.7178076371217,0.9709632396698,3.60110855102539,,
1041.7306969969318,0.958726108074188,3.60094666481018,,
1042.7444884455917,0.947928726673126,3.60110855102539,,
1043.7584600289117,0.936411440372467,3.6012704372406,,
1044.7724698333318,0.926333844661713,3.60110855102539,,
1045.7864237216918,0.913016974925995,3.60110855102539,,
1046.8004285715217,0.903659224510193,3.60094666481018,,
1047.8156476492318,0.896460890769958,3.60110855102539,,
1048.8283954494018,0.884583711624146,3.60110855102539,,
1049.8423539384517,0.871626794338226,3.6012704372406,,
1050.8563725903516,0.861909091472626,3.60094666481018,,
1051.8703084298518,0.852911233901978,3.60094666481018,,
1052.8843277895517,0.843913376331329,3.60110855102539,,
1053.8983029118617,0.833115935325623,3.60110855102539,,
1054.8988744589317,0.824118077754974,3.60110855102539,,
1055.9110347865617,0.818359434604645,3.60110855102539,,
1056.9247575788017,0.807561993598938,3.60094666481018,,
1057.9384888646116,0.796764612197876,3.60110855102539,,
1058.9525450298217,0.787406802177429,3.60110855102539,,
1059.9665583732317,0.780568420886993,3.60094666481018,,
1060.9672435219218,0.769411087036133,3.60110855102539,,
1061.9692572079116,0.761852860450745,3.60110855102539,,
1062.9712418741717,0.755734324455261,3.60110855102539,,
1064.0110148266517,0.748176097869873,3.60110855102539,,
1065.0213458497317,0.737018764019012,3.60094666481018,,
1066.0313969386118,0.730900228023529,3.60110855102539,,
1067.0314786893016,0.722262263298035,3.60094666481018,,
1068.0424435457016,0.713264405727386,3.60094666481018,,
1069.0474565267216,0.706426024436951,3.60110855102539,,
1070.0525317939916,0.698867797851562,3.60110855102539,,
1071.0837853329817,0.692029476165771,3.60110855102539,,
1072.0856864790517,0.683391511440277,3.60094666481018,,
1073.1047849989018,0.675473392009735,3.60110855102539,,
1074.1056913345417,0.668994903564453,3.60094666481018,,
1075.1127257873318,0.662156522274017,3.60110855102539,,
1076.1143884053918,0.65567809343338,3.60094666481018,,
1077.1189646749017,0.647759974002838,3.60094666481018,,
1078.1355766995416,0.640921592712402,3.60094666481018,,
1079.1389107831417,0.633723318576813,3.60110855102539,,
1080.1399544316416,0.628684461116791,3.60110855102539,,
1081.1419681176317,0.624005615711212,3.60094666481018,,
1082.1450321762018,0.617167234420776,3.60110855102539,,
1083.1522531338217,0.608889162540436,3.60110855102539,,
1084.1541238445618,0.604210317134857,3.60094666481018,,
1085.1563321750716,0.597011983394623,3.60094666481018,,
1086.1582191651717,0.592333137989044,3.60094666481018,,
1087.1593176680317,0.586934387683868,3.60094666481018,,
1088.1643009215318,0.579736113548279,3.60094666481018,,
1089.1752445439818,0.574697315692902,3.60110855102539,,
1090.1874738819417,0.564979612827301,3.60094666481018,,
1091.1953580465117,0.563180029392242,3.60094666481018,,
1092.2051214154017,0.554182171821594,3.60094666481018,,
1093.2164737913417,0.549143373966217,3.60110855102539,,
1094.2165024571716,0.542664885520935,3.60094666481018,,
1095.2185246367317,0.537266194820404,3.60094666481018,,
1096.2305890577018,0.532227396965027,3.60110855102539,,
1097.2378404506417,0.530787706375122,3.60094666481018,,
1098.2406592571317,0.526108860969543,3.60110855102539,,
1099.2456732998417,0.516391158103943,3.60094666481018,,
1100.2477213140417,0.512791991233826,3.60094666481018,,
1101.2479088805817,0.508832931518555,3.60094666481018,,
1102.2588068500518,0.50595360994339,3.60094666481018,,
1103.2678553427218,0.4987553358078,3.60094666481018,,
1104.2708992290418,0.495876014232635,3.60110855102539,,
1105.2779149251717,0.489397555589676,3.60110855102539,,
1106.2859537436616,0.486158311367035,3.60078477859497,,
1107.2883698129517,0.481479436159134,3.60110855102539,,
1108.2910697093216,0.477160453796387,3.60094666481018,,
1109.3030537951918,0.47284147143364,3.60078477859497,,
1110.3121245835116,0.465283274650574,3.60094666481018,,
1111.3141372078017,0.462763875722885,3.60094666481018,,
1112.3171800324217,0.461324214935303,3.60110855102539,,
1113.3242519985117,0.454485833644867,3.60110855102539,,
1114.3343409546017,0.450166881084442,3.60110855102539,,
1115.3482399885918,0.446927636861801,3.60094666481018,,
1116.3622586404917,0.44296857714653,3.60110855102539,,
1117.3764620277318,0.439369440078735,3.60094666481018,,
1118.3902651550718,0.4325310587883,3.60094666481018,,
1119.4042586801318,0.429651737213135,3.60094666481018,,
1120.4195209335317,0.42677241563797,3.60094666481018,,
1121.4322064474518,0.423893094062805,3.60094666481018,,
1122.4461879399416,0.422453433275223,3.60094666481018,,
1123.4601761565218,0.418134480714798,3.60110855102539,,
1124.4743452155417,0.412015914916992,3.60110855102539,,
1125.4881341869118,0.408416777849197,3.60094666481018,,
1126.5021117865117,0.404457718133926,3.60078477859497,,
1127.5173910270717,0.400858581066132,3.60094666481018,,
1128.5300899891618,0.396899521350861,3.60110855102539,,
1129.5440732511518,0.394740015268326,3.60094666481018,,
1130.5580579287316,0.393300354480743,3.60094666481018,,
1131.5720312815417,0.388261556625366,3.60094666481018,,
1132.5862360843817,0.384302496910095,3.60094666481018,,
1133.5999786949617,0.3807033598423,3.60094666481018,,
1134.6153241146617,0.377464115619659,3.60094666481018,,
1135.6279222155017,0.372785240411758,3.60094666481018,,
1136.6419567928617,0.368466258049011,3.60110855102539,,
1137.6559067883318,0.365227043628693,3.60094666481018,,
1138.6699187161416,0.364867120981216,3.60110855102539,,
1139.6838793285917,0.357308924198151,3.60094666481018,,
1140.6978640061716,0.355509340763092,3.60094666481018,,
1141.7131145809017,0.352630019187927,3.60110855102539,,
1142.7258464556016,0.351550281047821,3.60094666481018,,
1143.7398403345617,0.349030882120132,3.60094666481018,,
1144.7538182880717,0.346151560544968,3.60110855102539,,
1145.7677757154217,0.341472685337067,3.6012704372406,,
1146.7817904744318,0.338593363761902,3.60094666481018,,
1147.7957171125518,0.336793780326843,3.60094666481018,,
1148.8110462528916,0.333554565906525,3.60110855102539,,
1149.8237133640516,0.329955399036407,3.60110855102539,,
1150.8377259996716,0.330315321683884,3.60110855102539,,
1151.8516586540818,0.328875660896301,3.60110855102539,,
1152.8656833222717,0.3241967856884,3.60110855102539,,
1153.8796626913618,0.319157958030701,3.60094666481018,,
1154.8936346285816,0.317718297243118,3.60094666481018,,
1155.9093049276717,0.315558820962906,3.60094666481018,,
1156.9220534356316,0.311239838600159,3.60094666481018,,
1157.9297503875616,0.309800177812576,3.60094666481018,,
1158.9339455077218,0.308360546827316,3.60110855102539,,
1159.9492438588318,0.30152216553688,3.60094666481018,,
1160.9619661782617,0.299002766609192,3.60094666481018,,
1161.9759098035518,0.298642843961716,3.60094666481018,,
1162.9899281015516,0.299722582101822,3.60094666481018,,
1164.0038646488517,0.297563105821609,3.60110855102539,,
1165.0178815312518,0.292884200811386,3.60094666481018,,
1166.0320534214718,0.290004879236221,3.60094666481018,,
1167.0466489289317,0.288925141096115,3.60110855102539,,
1168.0598302555218,0.288925141096115,3.60094666481018,,
1169.0738216571917,0.283526420593262,3.60094666481018,,
1170.0877989028918,0.280287206172943,3.60110855102539,,
1171.1017849960717,0.280287206172943,3.60094666481018,,
1172.1157735665417,0.279207468032837,3.60094666481018,,
1173.1297547051317,0.276688039302826,3.60094666481018,,
1174.1449939550916,0.271649241447449,3.60110855102539,,
1175.1577145050317,0.270929425954819,3.60094666481018,,
1176.1717041372017,0.26912984251976,3.60110855102539,,
1177.1858806281016,0.266610443592072,3.60094666481018,,
1178.1996586286018,0.264450967311859,3.60094666481018,,
1179.2136992222518,0.25941213965416,3.60094666481018,,
1180.2278251055816,0.260491907596588,3.60094666481018,,
1181.2429058087316,0.259772062301636,3.60094666481018,,
1182.2555899070517,0.255093187093735,3.60094666481018,,
1183.2696032504716,0.255813002586365,3.60110855102539,,
1184.2835532459417,0.255093187093735,3.60110855102539,,
1185.2975588035717,0.250054389238358,3.60110855102539,,
1186.3116500047918,0.247534975409508,3.60094666481018,,
1187.3255157722717,0.246815145015717,3.60094666481018,,
1188.3408137694817,0.243215993046761,3.60078477859497,,
1189.3534168249016,0.241776347160339,3.60094666481018,,
1190.3674563568518,0.241416424512863,3.60094666481018,,
1191.3945816626217,0.239616855978966,3.60078477859497,,
1192.3954257120217,0.237817287445068,3.60094666481018,,
1193.4094259611618,0.237097457051277,3.60078477859497,,
1194.4233925898916,0.233858212828636,3.60078477859497,,
1195.4387907405617,0.232418566942215,3.60094666481018,,
1196.4513761010317,0.230978906154633,3.60094666481018,,
1197.4653565318217,0.22953924536705,3.60094666481018,,
1198.4793213910516,0.226659923791885,3.60094666481018,,
1199.4933103154317,0.226659923791885,3.60094666481018,,
1200.5072992398018,0.225580185651779,3.60110855102539,,
1201.5211901341218,0.221981033682823,3.60094666481018,,
1202.5360719459718,0.221621125936508,3.60094666481018,,
1203.5492699058118,0.218741804361343,3.60094666481018,,
1204.5632584762816,0.21910172700882,3.60094666481018,,
1205.5772311213018,0.216582328081131,3.60078477859497,,
1206.5912044741117,0.214422836899757,3.60094666481018,,
1207.6051916289916,0.214062914252281,3.60094666481018,,
1208.6191628584018,0.214422836899757,3.60094666481018,,
1209.6345882593016,0.212263345718384,3.60094666481018,,
1210.6471311518717,0.209384024143219,3.60094666481018,,
1211.6611218457417,0.209024116396904,3.60078477859497,,
1212.6751058155317,0.206504717469215,3.60094666481018,,
1213.6890929704116,0.203265488147736,3.60094666481018,,
1214.7030574757416,0.202545657753944,3.60094666481018,,
1215.7170853290218,0.203265488147736,3.60078477859497,,
1216.7324675542218,0.202545657753944,3.60094666481018,,
1217.7450228332616,0.200386166572571,3.60094666481018,,
1218.7590252058017,0.199306428432465,3.60094666481018,,
1219.7729921884318,0.1964271068573,3.60110855102539,,
1220.7869588171618,0.192468047142029,3.60094666481018,,
1221.8009739300717,0.192468047142029,3.60094666481018,,
1222.8149543608617,0.192108124494553,3.60110855102539,,
1223.8302746537217,0.187069326639175,3.60094666481018,,
1224.8429077905716,0.185989588499069,3.60110855102539,,
1225.8569048546217,0.186349496245384,3.60078477859497,,
1226.8708654670618,0.185989588499069,3.60094666481018,,
1227.8848586382317,0.18670941889286,3.60094666481018,,
1228.8988489782016,0.18670941889286,3.60094666481018,,
1229.9131914477916,0.185629665851593,3.60110855102539,,
1230.9281790754817,0.180950775742531,3.60094666481018,,
1231.9407881471916,0.180590867996216,3.60078477859497,,
1232.9547657467917,0.179511114954948,3.60094666481018,,
1233.9687776746016,0.177711546421051,3.60094666481018,,
1234.9826621987418,0.178431376814842,3.60094666481018,,
1235.9967176561418,0.18023094534874,3.60078477859497,,
1237.0107161357917,0.176271885633469,3.60078477859497,,
1238.0261146403616,0.174832239747047,3.60094666481018,,
1239.0386670882117,0.172312825918198,3.60094666481018,,
1240.0526584898716,0.172312825918198,3.60094666481018,,
1241.0666343199816,0.1705132573843,3.60094666481018,,
1242.0806175819716,0.168713688850403,3.60094666481018,,
1243.0946086297317,0.165114536881447,3.60078477859497,,
1244.1085986158016,0.169073596596718,3.60094666481018,,
1245.1239429738016,0.164394706487656,3.60078477859497,,
1246.1365573540018,0.161515399813652,3.60078477859497,,
1247.1505342458017,0.159715816378593,3.60094666481018,,
1248.1645157382916,0.163674876093864,3.60094666481018,,
1249.1785064321616,0.163674876093864,3.60078477859497,,
1250.1924755381817,0.161515399813652,3.60094666481018,,
1251.2064687093516,0.158995985984802,3.60094666481018,,
1252.2218297006018,0.158276170492172,3.60094666481018,,
1253.2346040432017,0.157916247844696,3.60094666481018,,
1254.2484273427917,0.157196417450905,3.60094666481018,,
1255.2624010495017,0.154677018523216,3.60078477859497,,
1256.2763531683618,0.157556340098381,3.60078477859497,,
1257.2903696968717,0.15683650970459,3.60094666481018,,
1258.3043653453217,0.155036926269531,3.60094666481018,,
1259.3198717891216,0.151797696948051,3.60094666481018,,
1260.3323162977417,0.15107786655426,3.60094666481018,,
1261.3463151312917,0.149998128414154,3.60078477859497,,
1262.3602881302018,0.149278298020363,3.60094666481018,,
1263.3742568823218,0.14783863723278,3.60094666481018,,
1264.3882610243618,0.148558467626572,3.60094666481018,,
1265.4021894319817,0.148198559880257,3.60094666481018,,
1266.4175196340118,0.147118806838989,3.60094666481018,,
1267.4302009011417,0.145679160952568,3.60078477859497,,
1268.4441707149617,0.146039068698883,3.60094666481018,,
1269.4581706102117,0.146039068698883,3.60094666481018,,
1270.4721429013216,0.142439916729927,3.60094666481018,,
1271.4861286406117,0.139560610055923,3.60094666481018,,
1272.5001260585616,0.141720086336136,3.60078477859497,,
1273.5154173316917,0.140280440449715,3.60094666481018,,
1274.5280805499617,0.140280440449715,3.60094666481018,,
1275.5420634580516,0.138120949268341,3.60062289237976,,
1276.5560541519217,0.138480857014656,3.60078477859497,,
1277.5700547549618,0.137041211128235,3.60094666481018,,
1278.5840128901118,0.13416188955307,3.60110855102539,,
1279.5980145548517,0.132002398371696,3.60094666481018,,
1280.6132789316516,0.136681288480759,3.60094666481018,,
1281.6259633838717,0.133442059159279,3.60094666481018,,
1282.6399551394418,0.129842907190323,3.60078477859497,,
1283.6539451255117,0.128043338656425,3.60094666481018,,
1284.6679184783218,0.131642490625381,3.60094666481018,,
1285.6819006786118,0.131282567977905,3.60094666481018,,
1286.6958789860116,0.129482999444008,3.60078477859497,,
1287.7111716747418,0.128763169050217,3.60094666481018,,
1288.7238663900316,0.128043338656425,3.60094666481018,,
1289.7378277102816,0.128043338656425,3.60078477859497,,
1290.7518046020816,0.127323508262634,3.60094666481018,,
1291.7658059129217,0.125523939728737,3.60078477859497,,
1292.7797902366117,0.127323508262634,3.60094666481018,,
1293.7937929630416,0.127323508262634,3.60094666481018,,
1294.8090686646117,0.123724363744259,3.60094666481018,,
1295.8217106489417,0.121564880013466,3.60094666481018,,
1296.8357154987716,0.121564880013466,3.60078477859497,,
1297.8497153940216,0.12120496481657,3.60094666481018,,
1298.8636816688518,0.120125219225883,3.60094666481018,,
1299.8776667003317,0.118685558438301,3.60078477859497,,
1300.8916492545218,0.12120496481657,3.60094666481018,,
1301.9088020370216,0.120125219225883,3.60078477859497,,
1302.9199848952817,0.119405388832092,3.60094666481018,,
1303.9336188588318,0.118325650691986,3.60094666481018,,
1304.9475784095816,0.117605820298195,3.60078477859497,,
1305.9615545935817,0.118325650691986,3.60094666481018,,
1306.9755421023617,0.118325650691986,3.60078477859497,,
1307.9895317345317,0.115806244313717,3.60078477859497,,
1309.0047975269317,0.116885989904404,3.60078477859497,,
1310.0177116596817,0.11472649872303,3.60078477859497,,
1311.0314747964117,0.114006675779819,3.60078477859497,,
1312.0454584123017,0.114366583526134,3.60110855102539,,
1313.0594795414918,0.112567014992237,3.60078477859497,,
1314.0734256440717,0.112207099795341,3.60094666481018,,
1315.0874071365618,0.111127354204655,3.60094666481018,,
1316.1026973480016,0.111847184598446,3.60078477859497,,
1317.1153828619117,0.112926930189133,3.60094666481018,,
1318.1293654161018,0.110047616064548,3.60094666481018,,
1319.1435008547116,0.105368725955486,3.60078477859497,,
1320.1573298166818,0.104288980364799,3.60094666481018,,
1321.1713187410617,0.109687700867653,3.60094666481018,,
1322.1853037725416,0.10824804008007,3.60094666481018,,
1323.2005433764018,0.107168294489384,3.60078477859497,,
1324.2132770206017,0.106088548898697,3.60078477859497,,
1325.2272132140017,0.106808379292488,3.60078477859497,,
1326.2412191255316,0.103929065167904,3.60078477859497,,
1327.2551896471516,0.103209234774113,3.60094666481018,,
1328.2691810488218,0.102129489183426,3.60094666481018,,
1329.2831611257118,0.105368725955486,3.60094666481018,,
1330.2984368272816,0.104648895561695,3.60094666481018,,
1331.3112030302018,0.103929065167904,3.60094666481018,,
1332.3133862338716,0.103929065167904,3.60094666481018,,
1333.3234996089916,0.104288980364799,3.60110855102539,,
1334.3387784956517,0.0992501750588417,3.60078477859497,,
1335.3514541003917,0.0999700054526329,3.60094666481018,,
1336.3654677977017,0.100329920649529,3.60094666481018,,
1337.3794376115218,0.102129489183426,3.60078477859497,,
1338.3934215813117,0.102129489183426,3.60094666481018,,
1339.4074246616517,0.0981704294681549,3.60094666481018,,
1340.4213845662916,0.0938514545559883,3.60094666481018,,
1341.4366270013418,0.0981704294681549,3.60078477859497,,
1342.4493691391217,0.0967307761311531,3.60110855102539,,
1343.4633407224417,0.0963708609342575,3.60078477859497,,
1344.4773193837416,0.0952911153435707,3.60094666481018,,
1345.4912442523716,0.0945712849497795,3.60094666481018,,
1346.5052583035817,0.0952911153435707,3.60078477859497,,
1347.5192429811616,0.0938514545559883,3.60078477859497,,
1348.5345484102618,0.0909721404314041,3.60094666481018,,
1349.5472307390917,0.0934915393590927,3.60094666481018,,
1350.5612221407516,0.0934915393590927,3.60094666481018,,
1351.5752071722418,0.0934915393590927,3.60094666481018,,
1352.5891932654217,0.0927717164158821,3.60094666481018,,
1353.6031797125017,0.0942113697528839,3.60094666481018,,
1354.6171686368716,0.0931316316127777,3.60110855102539,,
1355.6324064712317,0.0902523100376129,3.60094666481018,,
1356.6451298523616,0.0880928263068199,3.60078477859497,,
1357.6591070980617,0.0920518860220909,3.60094666481018,,
1358.6731013309218,0.0916919708251953,3.60078477859497,,
1359.6870651284516,0.0906122252345085,3.60078477859497,,
1360.7012547136317,0.0898923948407173,3.60094666481018,,
1361.7150627955516,0.0880928263068199,3.60094666481018,,
1362.7303105390918,0.0870130807161331,3.60094666481018,,
1363.7430126862716,0.0859333351254463,3.60078477859497,,
1364.7570012567417,0.0877329111099243,3.60078477859497,,
1365.7709650542818,0.0844936817884445,3.60078477859497,,
1366.7849706119116,0.0823341906070709,3.60078477859497,,
1367.7989414874316,0.0826941058039665,3.60078477859497,,
1368.8129435060716,0.0819742754101753,3.60094666481018,,
1369.8281753241517,0.0866531655192375,3.60094666481018,,
1370.8408912733917,0.0848535969853401,3.60094666481018,,
1371.8549070940917,0.0852135047316551,3.60094666481018,,
1372.8688708916318,0.0841337665915489,3.60094666481018,,
1373.8828346891717,0.0837738513946533,3.60078477859497,,
1374.8968370617117,0.0834139361977577,3.60078477859497,,
1375.9111837780918,0.0823341906070709,3.60094666481018,,
1376.9260836387916,0.0808945298194885,3.60078477859497,,
1377.9387702144118,0.0837738513946533,3.60094666481018,,
1378.9527421516218,0.0812544450163841,3.60094666481018,,
1379.9667282448017,0.0816143602132797,3.60078477859497,,
1380.9807359258316,0.0816143602132797,3.60094666481018,,
1381.9947174183217,0.0805346220731735,3.60094666481018,,
1383.0087109433816,0.0805346220731735,3.60094666481018,,
1384.0239636415117,0.0801747068762779,3.60078477859497,,
1385.0368579559117,0.0776553004980087,3.60094666481018,,
1386.0506235699418,0.0801747068762779,3.60078477859497,,
1387.0646330204618,0.0808945298194885,3.60094666481018,,
1388.0786063732717,0.0808945298194885,3.60094666481018,,
1389.0925974210418,0.0794548764824867,3.60078477859497,,
1390.1065859915118,0.0790949612855911,3.60078477859497,,
1391.1218457676216,0.0769354701042175,3.60094666481018,,
1392.1347365430317,0.0762156471610069,3.60062289237976,,
1393.1485350696817,0.0765755623579025,3.60094666481018,,
1394.1625116075818,0.0769354701042175,3.60094666481018,,
1395.1764849603917,0.0772953853011131,3.60078477859497,,
1396.1904717613718,0.0772953853011131,3.60110855102539,,
1397.2044755495117,0.0783751308917999,3.60094666481018,,
1398.2197165689718,0.0747759863734245,3.60094666481018,,
1399.2324180083417,0.0729764103889465,3.60094666481018,,
1400.2464164879916,0.0736962407827377,3.60094666481018,,
1401.2604004577818,0.0747759863734245,3.60078477859497,,
1402.2743805346718,0.0733363255858421,3.60110855102539,,
1403.2883715824416,0.0693772658705711,3.60078477859497,,
1404.3023796173718,0.0682975202798843,3.60078477859497,,
1405.3177696283517,0.0711768418550491,3.60078477859497,,
1406.3303181833116,0.0736962407827377,3.60094666481018,,
1407.3442996758017,0.0718966722488403,3.60078477859497,,
1408.3582786910017,0.0726164951920509,3.60078477859497,,
1409.3722598295917,0.0729764103889465,3.60094666481018,,
1410.3862395525916,0.0718966722488403,3.60078477859497,,
1411.4001789310917,0.0697371810674667,3.60094666481018,,
1412.4149269690718,0.0693772658705711,3.60094666481018,,
1413.4282098647018,0.0711768418550491,3.60094666481018,,
1414.4421818019216,0.0722565874457359,3.60094666481018,,
1415.4561884212417,0.0722565874457359,3.60078477859497,,
1416.4701419557116,0.0697371810674667,3.60078477859497,,
1417.4841347729716,0.0693772658705711,3.60094666481018,,
1418.4981084796816,0.0682975202798843,3.60094666481018,,
1419.5134446980016,0.0682975202798843,3.60078477859497,,
1420.5260686334716,0.0679376125335693,3.60110855102539,,
1421.5400791456916,0.0679376125335693,3.60078477859497,,
1422.5540457744216,0.0654182061553001,3.60078477859497,,
1423.5680389455817,0.0639785528182983,3.60078477859497,,
1424.5820115906017,0.0632587224245071,3.60078477859497,,
1425.5959888363018,0.0679376125335693,3.60094666481018,,
1426.6112762165417,0.0668578669428825,3.60078477859497,,
1427.6239794254118,0.0690173506736755,3.60078477859497,,
1428.6379757816717,0.0682975202798843,3.60094666481018,,
1429.6519240076418,0.0661380365490913,3.60094666481018,,
1430.6659203639017,0.0650582909584045,3.60094666481018,,
1431.6798915933116,0.0643384605646133,3.60094666481018,,
1432.6938967970516,0.0625388920307159,3.60078477859497,,
1433.7091671901317,0.0650582909584045,3.60094666481018,,
1434.7218367785918,0.0661380365490913,3.60094666481018,,
1435.7358225178716,0.0668578669428825,3.60078477859497,,
1436.7498503711417,0.0654182061553001,3.60094666481018,,
1437.7637985971216,0.0654182061553001,3.60078477859497,,
1438.7777829208017,0.0650582909584045,3.60094666481018,,
1439.7917704295817,0.0628988072276115,3.60110855102539,,
1440.8070422382616,0.0621789768338203,3.60078477859497,,
1441.8197337684617,0.0618190616369247,3.60094666481018,,
1442.8337304786216,0.0632587224245071,3.60094666481018,,
1443.8476733961018,0.0632587224245071,3.60078477859497,,
1444.8616708140617,0.0625388920307159,3.60062289237976,,
1445.8698147405817,0.0625388920307159,3.60094666481018,,
1446.8752495693518,0.0628988072276115,3.60094666481018,,
1447.8893283841016,0.0603794045746326,3.60078477859497,,
1448.9031987522717,0.0582199171185493,3.60094666481018,,
1449.9175571473218,0.0636186376214027,3.60078477859497,,
1450.9312222540018,0.0621789768338203,3.60094666481018,,
1451.9453453061417,0.0578600019216537,3.60110855102539,,
1452.9591615277418,0.056060429662466,3.60078477859497,,
1453.9731005523417,0.0607393197715282,3.60094666481018,,
1454.9872016627316,0.0610992312431335,3.60094666481018,,
1456.0010539820516,0.0592996589839458,3.60094666481018,,
1457.0150825431217,0.0589397437870502,3.60094666481018,,
1458.0290707597017,0.0578600019216537,3.60078477859497,,
1459.0432345102317,0.0589397437870502,3.60078477859497,,
1460.0569990625718,0.0582199171185493,3.60094666481018,,
1461.0710152371717,0.0575000867247581,3.60078477859497,,
1462.0849949601718,0.0596595741808414,3.60094666481018,,
1463.0989870696317,0.0603794045746326,3.60094666481018,,
1464.1117461945717,0.0585798323154449,3.60078477859497,,
1465.1257393657318,0.0578600019216537,3.60078477859497,,
1466.1397024554717,0.0585798323154449,3.60078477859497,,
1467.1549112701016,0.0571401715278625,3.60094666481018,,
1468.1676495149918,0.0567802563309669,3.60094666481018,,
1469.1828901805518,0.0553405992686749,3.60078477859497,,
1470.1968320363417,0.0553405992686749,3.60094666481018,,
1471.2108531655317,0.0571401715278625,3.60094666481018,,
1472.2247950213216,0.0553405992686749,3.60094666481018,,
1473.2376139552116,0.0542608574032784,3.60078477859497,,
1474.2527912728217,0.0553405992686749,3.60094666481018,,
1475.2667872751817,0.054620772600174,3.60078477859497,,
1476.2795492313116,0.0542608574032784,3.60094666481018,,
1477.2935505421517,0.0539009422063828,3.60078477859497,,
1478.3089780664418,0.0553405992686749,3.60094666481018,,
1479.3146032929417,0.054620772600174,3.60094666481018,,
1480.3200713882218,0.054620772600174,3.60078477859497,,
1481.3338681453718,0.0539009422063828,3.60078477859497,,
1482.3478170791518,0.0542608574032784,3.60094666481018,,
1483.3618169743918,0.0535410270094872,3.60078477859497,,
1484.3771546083117,0.0535410270094872,3.60078477859497,,
1485.3898001316218,0.0539009422063828,3.60078477859497,,
1486.4037741922416,0.0553405992686749,3.60094666481018,,
1487.4177624088118,0.0542608574032784,3.60094666481018,,
1488.4317485019917,0.0521013699471951,3.60078477859497,,
1489.4457006208618,0.0524612851440907,3.60094666481018,,
1490.4599075470917,0.0521013699471951,3.60078477859497,,
1491.4751036213518,0.052821196615696,3.60078477859497,,
1492.4876762414517,0.0513815395534039,3.60094666481018,,
1493.5016825068817,0.0492220520973206,3.60078477859497,,
1494.5156448888217,0.0535410270094872,3.60078477859497,,
1495.5296398294818,0.0499418824911118,3.60094666481018,,
1496.5436128283916,0.0459828227758408,3.60078477859497,,
1497.5576198016217,0.048862136900425,3.60078477859497,,
1498.5731697750116,0.0513815395534039,3.60094666481018,,
1499.5855817249117,0.0517414547502995,3.60094666481018,,
1500.5995497692318,0.0524612851440907,3.60078477859497,,
1501.6135348007217,0.0513815395534039,3.60094666481018,,
1502.6275198322016,0.0513815395534039,3.60094666481018,,
1503.6415009707916,0.0495819672942162,3.60078477859497,,
1504.6554838788818,0.0495819672942162,3.60078477859497,,
1505.6708561949117,0.0477823950350285,3.60078477859497,,
1506.6834493411618,0.0513815395534039,3.60078477859497,,
1507.6974368499316,0.0506617091596127,3.60078477859497,,
1508.7114282516018,0.0485022217035294,3.60078477859497,,
1509.7254083284918,0.0481423102319241,3.60078477859497,,
1510.7393724799317,0.0485022217035294,3.60078477859497,,
1511.7533783914616,0.0481423102319241,3.60094666481018,,
1512.7919006644618,0.0481423102319241,3.60094666481018,,
1513.7981384903317,0.0467026494443417,3.60078477859497,,
1514.8121249374117,0.0481423102319241,3.60094666481018,,
1515.8263123991817,0.0477823950350285,3.60078477859497,,
1516.8400659806416,0.0470625646412373,3.60078477859497,,
1517.8540959573118,0.0456229075789452,3.60078477859497,,
1518.8680491378816,0.0470625646412373,3.60078477859497,,
1519.8820702670716,0.0459828227758408,3.60094666481018,,
1520.8960089377717,0.0463427342474461,3.60078477859497,,
1521.9103765342018,0.0459828227758408,3.60094666481018,,
1522.9241693984618,0.0467026494443417,3.60078477859497,,
1523.9379827888718,0.0467026494443417,3.60094666481018,,
1524.9519388006217,0.0456229075789452,3.60078477859497,,
1525.9659988587216,0.0456229075789452,3.60078477859497,,
1526.9799035551016,0.0463427342474461,3.60094666481018,,
1527.9939094666317,0.0452629923820496,3.60078477859497,,
1529.0078693712817,0.0452629923820496,3.60078477859497,,
1530.0220462160917,0.0456229075789452,3.60078477859497,,
1531.0358412037417,0.0459828227758408,3.60094666481018,,
1532.0498651641317,0.0456229075789452,3.60094666481018,,
1533.0638551502018,0.0459828227758408,3.60094666481018,,
1534.0777924053018,0.0438233353197575,3.60094666481018,,
1535.0917738977917,0.0452629923820496,3.60078477859497,,
1536.1058081212516,0.0474224798381329,3.60078477859497,,
1537.1199294039018,0.0456229075789452,3.60078477859497,,
1538.1337842005016,0.0427435897290707,3.60078477859497,,
1539.1477041145517,0.0445431619882584,3.60094666481018,,
1540.1617217047517,0.044903077185154,3.60078477859497,,
1541.1756621449417,0.0452629923820496,3.60094666481018,,
1542.1896921216116,0.0438233353197575,3.60094666481018,,
1543.2036686595218,0.0441832467913628,3.60078477859497,,
1544.2178196696916,0.0423836745321751,3.60078477859497,,
1545.2316550018418,0.0420237630605698,3.60078477859497,,
1546.2620446730916,0.0423836745321751,3.60078477859497,,
1547.2752189216917,0.0387845300137997,3.60094666481018,,
1548.2879585821718,0.040944017469883,3.60078477859497,,
1549.3020511989816,0.0395043604075909,3.60094666481018,,
1550.3160578183117,0.040944017469883,3.60094666481018,,
1551.3299027057517,0.0438233353197575,3.60078477859497,,
1552.3439036626917,0.0427435897290707,3.60094666481018,,
1553.3578695836218,0.0427435897290707,3.60078477859497,,
1554.3731509475717,0.0441832467913628,3.60078477859497,,
1555.3858208899317,0.0423836745321751,3.60078477859497,,
1556.3998264475617,0.0423836745321751,3.60094666481018,,
1557.4137654721617,0.0420237630605698,3.60094666481018,,
1558.4278580889818,0.0405841022729874,3.60094666481018,,
1559.4417588924716,0.0445431619882584,3.60094666481018,,
1560.4557644501017,0.0438233353197575,3.60094666481018,,
1561.4709994532716,0.0423836745321751,3.60094666481018,,
1562.4837309740717,0.040944017469883,3.60078477859497,,
1563.4977022034916,0.0413039326667786,3.60078477859497,,
1564.5117059916317,0.0402241870760918,3.60094666481018,,
1565.5256648345817,0.0395043604075909,3.60078477859497,,
1566.5396668532217,0.036984957754612,3.60078477859497,,
1567.5536310046516,0.0423836745321751,3.60094666481018,,
1568.5689035211317,0.0416638478636742,3.60078477859497,,
1569.5815929279418,0.0402241870760918,3.60094666481018,,
1570.5956037940616,0.0387845300137997,3.60094666481018,,
1571.6095435264517,0.0395043604075909,3.60078477859497,,
1572.6235706719317,0.0395043604075909,3.60094666481018,,
1573.6375344694718,0.0384246148169041,3.60078477859497,,
1574.6515325952216,0.0380646996200085,3.60078477859497,,
1575.6667541502218,0.0398642756044865,3.60094666481018,,
1576.6794977035918,0.0387845300137997,3.60094666481018,,
1577.6934717642016,0.0391444452106953,3.60078477859497,,
1578.7074790913316,0.0387845300137997,3.60094666481018,,
1579.7302369280717,0.0395043604075909,3.60094666481018,,
1580.7354176572817,0.0377047881484032,3.60078477859497,,
1581.7493995036716,0.0377047881484032,3.60094666481018,,
1582.7646713123518,0.0387845300137997,3.60078477859497,,
1583.7773667354418,0.0395043604075909,3.60094666481018,,
1584.7913722930716,0.0387845300137997,3.60078477859497,,
1585.8053424607917,0.0391444452106953,3.60094666481018,,
1586.8054627864917,0.0373448729515076,3.60078477859497,,
1587.8189105991116,0.0380646996200085,3.60078477859497,,
1588.8329143872518,0.0384246148169041,3.60094666481018,,
1589.8469447178218,0.0380646996200085,3.60078477859497,,
1590.8608671091617,0.0373448729515076,3.60078477859497,,
1591.8748422314618,0.0391444452106953,3.60078477859497,,
1592.8888962732817,0.0391444452106953,3.60078477859497,,
1593.9033565912716,0.0395043604075909,3.60094666481018,,
1594.9168376704117,0.0373448729515076,3.60094666481018,,
1595.9308163317116,0.0384246148169041,3.60078477859497,,
1596.9448356914118,0.0377047881484032,3.60078477859497,,
1597.9588759311516,0.036984957754612,3.60094666481018,,
1598.9727229419816,0.0362651273608208,3.60078477859497,,
1599.9867185904418,0.036984957754612,3.60094666481018,,
1601.0009134841016,0.0373448729515076,3.60078477859497,,
1602.0146925462916,0.0366250425577164,3.60078477859497,,
1603.0287388023216,0.0337457247078419,3.60078477859497,,
1604.0414554593617,0.0366250425577164,3.60078477859497,,
1605.0554454454316,0.0362651273608208,3.60094666481018,,
1606.0694018110917,0.0341056399047375,3.60078477859497,,
1607.0833999368417,0.0344655551016331,3.60078477859497,,
1608.0973934619017,0.0366250425577164,3.60078477859497,,
1609.1113692920117,0.0373448729515076,3.60094666481018,,
1610.1253532617916,0.0348254702985287,3.60094666481018,,
1611.1393365237816,0.0337457247078419,3.60078477859497,,
1612.1533314644416,0.0362651273608208,3.60078477859497,,
1613.1547123788016,0.0351853854954243,3.60078477859497,,
1614.1656945762618,0.0348254702985287,3.60078477859497,,
1615.1796661595718,0.0341056399047375,3.60094666481018,,
1616.1936501293617,0.0359052121639252,3.60094666481018,,
1617.2076277289616,0.0366250425577164,3.60078477859497,,
1618.2216095753517,0.0377047881484032,3.60078477859497,,
1619.2369415468818,0.0366250425577164,3.60078477859497,,
1620.2495934403817,0.0341056399047375,3.60078477859497,,
1621.2635660854016,0.033025898039341,3.60094666481018,,
1622.2775468700918,0.033025898039341,3.60094666481018,,
1623.2915301320818,0.0333858132362366,3.60094666481018,,
1624.3057275030317,0.0366250425577164,3.60094666481018,,
1625.3195047957317,0.0337457247078419,3.60094666481018,,
1626.3348463225418,0.0319461524486542,3.60094666481018,,
1627.3474638878317,0.0312263239175081,3.60094666481018,,
1628.3614478576117,0.0341056399047375,3.60078477859497,,
1629.3754116551518,0.0348254702985287,3.60094666481018,,
1630.3894186283717,0.0333858132362366,3.60078477859497,,
1631.4034011825618,0.033025898039341,3.60094666481018,,
1632.4173812594618,0.0276271793991327,3.60078477859497,,
1633.4327139387917,0.0323060676455498,3.60078477859497,,
1634.4455590612117,0.0305064953863621,3.60078477859497,,
1635.4596300901817,0.0308664105832577,3.60094666481018,,
1636.4733150152117,0.0348254702985287,3.60094666481018,,
1637.4874048008317,0.0337457247078419,3.60094666481018,,
1638.5012829547818,0.0337457247078419,3.60078477859497,,
1639.5152364892417,0.0355453006923199,3.60094666481018,,
1640.5292516021516,0.0341056399047375,3.60078477859497,,
1641.5432012437218,0.0323060676455498,3.60094666481018,,
1642.5571951226816,0.0308664105832577,3.60078477859497,,
1643.5711759073718,0.0326659828424454,3.60094666481018,,
1644.5865315901417,0.0319461524486542,3.60078477859497,,
1645.5993752969716,0.0319461524486542,3.60078477859497,,
1646.6131557747617,0.0323060676455498,3.60094666481018,,
1647.6271124943116,0.0305064953863621,3.60078477859497,,
1648.6411070810716,0.0319461524486542,3.60078477859497,,
1649.6550641545216,0.0315862372517586,3.60078477859497,,
1650.6690774979418,0.0337457247078419,3.60094666481018,,
1651.6843970830016,0.0337457247078419,3.60094666481018,,
1652.6970627785618,0.0333858132362366,3.60094666481018,,
1653.7110102967417,0.0333858132362366,3.60078477859497,,
1654.7250155004717,0.0319461524486542,3.60078477859497,,
1655.7389516938817,0.0319461524486542,3.60094666481018,,
1656.7531607435017,0.0308664105832577,3.60078477859497,,
1657.7669419290917,0.0312263239175081,3.60078477859497,,
1658.7823004430618,0.0312263239175081,3.60094666481018,,
1659.7951059287816,0.0323060676455498,3.60078477859497,,
1660.8089285205617,0.0341056399047375,3.60078477859497,,
1661.8229047045718,0.0341056399047375,3.60094666481018,,
1662.8368815963718,0.0308664105832577,3.60094666481018,,
1663.8508248677617,0.0308664105832577,3.60094666481018,,
1664.8648435196617,0.0319461524486542,3.60078477859497,,
1665.8801425785716,0.0308664105832577,3.60078477859497,,
1666.8930170746216,0.029786666855216,3.60094666481018,,
1667.9071840102517,0.0283470079302788,3.60094666481018,,
1668.9207730286116,0.0308664105832577,3.60078477859497,,
1669.9597256429417,0.0315862372517586,3.60078477859497,,
1670.9643564129117,0.0287069231271744,3.60094666481018,,
1671.9783340125116,0.0305064953863621,3.60094666481018,,
1672.9923211673918,0.0312263239175081,3.60094666481018,,
1674.0063221243317,0.0305064953863621,3.60078477859497,,
1675.0202908764618,0.0323060676455498,3.60078477859497,,
1676.0356217862916,0.0315862372517586,3.60094666481018,,
1677.0484308110017,0.029786666855216,3.60094666481018,,
1678.0622392468217,0.0290668364614248,3.60062289237976,,
1679.0762218010118,0.0287069231271744,3.60078477859497,,
1680.0901933843318,0.0294267516583204,3.60078477859497,,
1681.1041837243017,0.033025898039341,3.60094666481018,,
1682.1181369048618,0.0312263239175081,3.60078477859497,,
1683.1335021429018,0.0269073490053415,3.60094666481018,,
1684.1460853799817,0.0294267516583204,3.60094666481018,,
1685.1601096942618,0.0290668364614248,3.60078477859497,,
1686.1740809236817,0.0276271793991327,3.60078477859497,,
1687.1880762182418,0.0294267516583204,3.60094666481018,,
1688.2020400157717,0.0294267516583204,3.60078477859497,,
1689.2160696385417,0.0301465801894665,3.60078477859497,,
1690.2313556031918,0.0287069231271744,3.60078477859497,,
1691.2440050194018,0.0265474356710911,3.60078477859497,,
1692.2579858040917,0.0283470079302788,3.60094666481018,,
1693.2719874688316,0.0283470079302788,3.60078477859497,,
1694.2859519741717,0.0287069231271744,3.60078477859497,,
1695.3000286655217,0.0294267516583204,3.60078477859497,,
1696.3138983258916,0.0301465801894665,3.60078477859497,,
1697.3292717036218,0.0308664105832577,3.60078477859497,,
1698.3418797136317,0.0276271793991327,3.60094666481018,,
1699.3558767776817,0.0269073490053415,3.60078477859497,,
1700.3698288965518,0.0301465801894665,3.60094666481018,,
1701.3838443633517,0.0305064953863621,3.60078477859497,,
1702.3978152388718,0.0308664105832577,3.60094666481018,,
1703.4117616953517,0.0261875204741955,3.60094666481018,,
1704.4271262256018,0.0279870927333832,3.60078477859497,,
1705.4397908594717,0.0290668364614248,3.60078477859497,,
1706.4538130503618,0.0276271793991327,3.60094666481018,,
1707.4677425196817,0.0265474356710911,3.60094666481018,,
1708.4817158724918,0.0283470079302788,3.60094666481018,,
1709.4957062124618,0.0272672642022371,3.60078477859497,,
1710.5096544384417,0.0276271793991327,3.60078477859497,,
1711.5250210920817,0.0261875204741955,3.60078477859497,,
1712.5376276864918,0.0279870927333832,3.60078477859497,,
1713.5516590787618,0.0272672642022371,3.60094666481018,,
1714.5655945643716,0.0269073490053415,3.60078477859497,,
1715.5798160004617,0.0276271793991327,3.60094666481018,,
1716.5935862151816,0.0276271793991327,3.60094666481018,,
1717.6075928345117,0.0283470079302788,3.60078477859497,,
1718.6229003870017,0.0272672642022371,3.60110855102539,,
1719.6355533422018,0.0251077767461538,3.60078477859497,,
1720.6495298801017,0.0279870927333832,3.60078477859497,,
1721.6635474703016,0.0283470079302788,3.60078477859497,,
1722.6774627836617,0.029786666855216,3.60078477859497,,
1723.6916909438416,0.0254676919430494,3.60094666481018,,
1724.7054211679517,0.0261875204741955,3.60094666481018,,
1725.7207987924717,0.0258276052772999,3.60078477859497,,
1726.7334025556918,0.0261875204741955,3.60094666481018,,
1727.7474020970417,0.0265474356710911,3.60094666481018,,
1728.7613694335716,0.0265474356710911,3.60094666481018,,
1729.7753912705616,0.0269073490053415,3.60094666481018,,
1730.7893469284118,0.0251077767461538,3.60078477859497,,
1731.8033411612716,0.0251077767461538,3.60094666481018,,
1732.8186582690416,0.0276271793991327,3.60094666481018,,
1733.8313069774517,0.0276271793991327,3.60078477859497,,
1734.8454862995518,0.0269073490053415,3.60094666481018,,
1735.8592710241317,0.0254676919430494,3.60078477859497,,
1736.8732167728117,0.0254676919430494,3.60094666481018,,
1737.8874314848217,0.0251077767461538,3.60094666481018,,
1738.9015410887916,0.0258276052772999,3.60094666481018,,
1739.9166486882816,0.0240280330181122,3.60078477859497,,
1740.9291738859017,0.0279870927333832,3.60094666481018,,
1741.9431741350518,0.0240280330181122,3.60110855102539,,
1742.9571234227217,0.0204288884997368,3.60078477859497,,
1743.9711498604017,0.0233082044869661,3.60078477859497,,
1744.9850920700917,0.0258276052772999,3.60078477859497,,
1745.9991057674017,0.0272672642022371,3.60078477859497,,
1747.0144688820517,0.0251077767461538,3.60094666481018,,
1748.0270850317418,0.0247478634119034,3.60078477859497,,
1749.0412632921416,0.0247478634119034,3.60078477859497,,
1750.0550434160416,0.0251077767461538,3.60078477859497,,
1751.0690157071517,0.0269073490053415,3.60078477859497,,
1752.0830003847318,0.0240280330181122,3.60078477859497,,
1753.0969751531418,0.0254676919430494,3.60078477859497,,
1754.1123846285816,0.0258276052772999,3.60078477859497,,
1755.1249473395017,0.0269073490053415,3.60078477859497,,
1756.1389454652517,0.0251077767461538,3.60094666481018,,
1757.1528866132417,0.0247478634119034,3.60094666481018,,
1758.1669201289117,0.0254676919430494,3.60078477859497,,
1759.1810683078818,0.0247478634119034,3.60078477859497,,
1760.1948905457716,0.0240280330181122,3.60094666481018,,
1761.2102165010217,0.0247478634119034,3.60062289237976,,
1762.2228347741018,0.0251077767461538,3.60094666481018,,
1763.2368120198016,0.0233082044869661,3.60094666481018,,
1764.2508243015218,0.0229482892900705,3.60078477859497,,
1765.2647778359817,0.0251077767461538,3.60094666481018,,
1766.2787823319218,0.0240280330181122,3.60078477859497,,
1767.2927478989518,0.0240280330181122,3.60094666481018,,
1768.3086075340616,0.0254676919430494,3.60078477859497,,
1769.3207229165016,0.0261875204741955,3.60078477859497,,
1770.3347171493617,0.0233082044869661,3.60094666481018,,
1771.3503184381218,0.0233082044869661,3.60078477859497,,
1772.3626879201217,0.0229482892900705,3.60094666481018,,
1773.3765904931117,0.0251077767461538,3.60078477859497,,
1774.3906417037317,0.0254676919430494,3.60094666481018,,
1775.4059704901717,0.0265474356710911,3.60094666481018,,
1776.4186241531618,0.0240280330181122,3.60094666481018,,
1777.4325755642317,0.0240280330181122,3.60078477859497,,
1778.4465712126917,0.0225883759558201,3.60078477859497,,
1779.4605551824718,0.0233082044869661,3.60078477859497,,
1780.4745508309318,0.0236681196838617,3.60078477859497,,
1781.4885128589717,0.0222284607589245,3.60078477859497,,
1782.5038504928916,0.0236681196838617,3.60078477859497,,
1783.5164807985418,0.0236681196838617,3.60078477859497,,
1784.5304782164917,0.0225883759558201,3.60078477859497,,
1785.5444494459116,0.0247478634119034,3.60078477859497,,
1786.5584829615716,0.0218685455620289,3.60094666481018,,
1787.5724223400716,0.0233082044869661,3.60094666481018,,
1788.5864091410517,0.0229482892900705,3.60078477859497,,
1789.6017446515716,0.0225883759558201,3.60078477859497,,
1790.6143799118117,0.0225883759558201,3.60094666481018,,
1791.6283532646216,0.0236681196838617,3.60078477859497,,
1792.6423326337217,0.0218685455620289,3.60078477859497,,
1793.6563109411218,0.0240280330181122,3.60094666481018,,
1794.6703172065518,0.0243879482150078,3.60078477859497,,
1795.6842795884918,0.0247478634119034,3.60078477859497,,
1796.6996649987916,0.0243879482150078,3.60094666481018,,
1797.7122429273718,0.0229482892900705,3.60078477859497,,
1798.7262325595416,0.0225883759558201,3.60078477859497,,
1799.7402292697018,0.0229482892900705,3.60078477859497,,
1800.7541736027817,0.0222284607589245,3.60078477859497,,
1801.7681788065117,0.0225883759558201,3.60094666481018,,
1802.7821811790518,0.0229482892900705,3.60094666481018,,
1803.7977014249118,0.0211487170308828,3.60078477859497,,
1804.8101477030316,0.0215086322277784,3.60078477859497,,
1805.8241189324517,0.0225883759558201,3.60094666481018,,
1806.8381152887016,0.0225883759558201,3.60078477859497,,
1807.8520812096317,0.0229482892900705,3.60078477859497,,
1808.8660680106118,0.0204288884997368,3.60094666481018,,
1809.8800576427816,0.0225883759558201,3.60078477859497,,
1810.8953942150017,0.0215086322277784,3.60078477859497,,
1811.9083649716117,0.0197090581059456,3.60094666481018,,
1812.9220024741517,0.0186293143779039,3.60078477859497,,
1813.9359931680217,0.0186293143779039,3.60078477859497,,
1814.9499828001917,0.0204288884997368,3.60078477859497,,
1815.9639596920017,0.0215086322277784,3.60094666481018,,
1816.9779426000916,0.0193491447716951,3.60094666481018,,
1817.9932965133617,0.0222284607589245,3.60078477859497,,
1819.0059392054916,0.0218685455620289,3.60062289237976,,
1820.0198817690716,0.0211487170308828,3.60094666481018,,
1821.0338752941418,0.0197090581059456,3.60094666481018,,
1822.0478578483217,0.0243879482150078,3.60078477859497,,
1823.0618365096218,0.0207888018339872,3.60094666481018,,
1824.0758222489017,0.0204288884997368,3.60078477859497,,
1825.0911641296118,0.0211487170308828,3.60078477859497,,
1826.1037954969618,0.0233082044869661,3.60078477859497,,
1827.1354121364518,0.0247478634119034,3.60094666481018,,
1828.1489346217818,0.0175495706498623,3.60094666481018,,
1829.1625374422217,0.0197090581059456,3.60078477859497,,
1830.1765168113218,0.0207888018339872,3.60078477859497,,
1831.1905365249117,0.0222284607589245,3.60078477859497,,
1832.2044819196917,0.0225883759558201,3.60078477859497,,
1833.2185207438417,0.0207888018339872,3.60078477859497,,
1834.2324746322017,0.0207888018339872,3.60078477859497,,
1835.2466171487918,0.0200689733028412,3.60078477859497,,
1836.2604103669516,0.0200689733028412,3.60078477859497,,
1837.2746091535016,0.0236681196838617,3.60094666481018,,
1838.2884069723516,0.0215086322277784,3.60078477859497,,
1839.3025222387116,0.0211487170308828,3.60094666481018,,
1840.3163788048116,0.0215086322277784,3.60078477859497,,
1841.3291336829618,0.0204288884997368,3.60078477859497,,
1842.3431275619216,0.0189892295747995,3.60078477859497,,
1843.3571072849218,0.0200689733028412,3.60078477859497,,
1844.3710962092916,0.0197090581059456,3.60078477859497,,
1845.3850759322918,0.0157499983906746,3.60078477859497,,
1846.3990591942718,0.0197090581059456,3.60078477859497,,
1847.4129999883717,0.0197090581059456,3.60094666481018,,
1848.4282328681418,0.0207888018339872,3.60094666481018,,
1849.4423927257917,0.0222284607589245,3.60094666481018,,
1850.4561958531317,0.0197090581059456,3.60078477859497,,
1851.4702127355317,0.0193491447716951,3.60078477859497,,
1852.4841744096716,0.0200689733028412,3.60062289237976,,
1853.4981445773917,0.0215086322277784,3.60094666481018,,
1854.5121416414418,0.0197090581059456,3.60094666481018,,
1855.5263457364817,0.0218685455620289,3.60078477859497,,
1856.5404804672917,0.0186293143779039,3.60078477859497,,
1857.5542655457716,0.0207888018339872,3.60094666481018,,
1858.5683270194618,0.0197090581059456,3.60078477859497,,
1859.5822727681516,0.0204288884997368,3.60078477859497,,
1860.5885569548018,0.0211487170308828,3.60094666481018,,
1861.5934379314517,0.0175495706498623,3.60078477859497,,
1862.6073387349418,0.0207888018339872,3.60094666481018,,
1863.6211761904917,0.0197090581059456,3.60094666481018,,
1864.6352992426316,0.0168297421187162,3.60094666481018,,
1865.6492842741118,0.0200689733028412,3.60094666481018,,
1866.6631227913617,0.0168297421187162,3.60094666481018,,
1867.6771159625216,0.0164698269218206,3.60078477859497,,
1868.6910861302417,0.0171896573156118,3.60078477859497,,
1869.7050916878818,0.0204288884997368,3.60094666481018,,
1870.7190554854117,0.0193491447716951,3.60094666481018,,
1871.7330398091017,0.0215086322277784,3.60078477859497,,
1872.7470276717718,0.0197090581059456,3.60094666481018,,
1873.7609957161017,0.0189892295747995,3.60094666481018,,
1874.7763528144617,0.0182694010436535,3.60078477859497,,
1875.7889735648416,0.0186293143779039,3.60078477859497,,
1876.8029593041217,0.0193491447716951,3.60094666481018,,
1877.8168799259718,0.0197090581059456,3.60094666481018,,
1878.8309329060817,0.0218685455620289,3.60094666481018,,
1879.8449041355018,0.0197090581059456,3.60094666481018,,
1880.8588881052817,0.0179094858467579,3.60078477859497,,
1881.8742338788818,0.0186293143779039,3.60078477859497,,
1882.8868542753617,0.0197090581059456,3.60078477859497,,
1883.9012367355517,0.0189892295747995,3.60078477859497,,
1884.9148268156216,0.0161099135875702,3.60094666481018,,
1885.9288033535217,0.0193491447716951,3.60078477859497,,
1886.9427915701017,0.0189892295747995,3.60078477859497,,
1887.9567822639717,0.0153900841251016,3.60078477859497,,
1888.9720951249417,0.0121508529409766,3.60078477859497,,
1889.9847300312917,0.0179094858467579,3.60094666481018,,
1890.9987143549718,0.0186293143779039,3.60094666481018,,
1892.0127085878316,0.0193491447716951,3.60078477859497,,
1893.0268925106218,0.0197090581059456,3.60094666481018,,
1894.0406029163917,0.0168297421187162,3.60078477859497,,
1895.0546682829718,0.0164698269218206,3.60078477859497,,
1896.0699825595416,0.0175495706498623,3.60078477859497,,
1897.0826461317217,0.0171896573156118,3.60078477859497,,
1898.0965936498917,0.0182694010436535,3.60094666481018,,
1899.1105776196816,0.0193491447716951,3.60078477859497,,
1900.1245807000216,0.0193491447716951,3.60078477859497,,
1901.1385869654516,0.0193491447716951,3.60094666481018,,
1902.1525394382118,0.0200689733028412,3.60094666481018,,
1903.1678650395518,0.0189892295747995,3.60078477859497,,
1904.1804992381017,0.0175495706498623,3.60094666481018,,
1905.1944945326618,0.0175495706498623,3.60094666481018,,
1906.2084696549716,0.0189892295747995,3.60094666481018,,
1907.2224507935616,0.0193491447716951,3.60094666481018,,
1908.2364287470616,0.0193491447716951,3.60094666481018,,
1909.2506169166418,0.0193491447716951,3.60078477859497,,
1910.2657443344717,0.0182694010436535,3.60094666481018,,
1911.2783930428816,0.0168297421187162,3.60078477859497,,
1912.2923826750616,0.0161099135875702,3.60078477859497,,
1913.3064331778817,0.0164698269218206,3.60078477859497,,
1914.3203187637116,0.0193491447716951,3.60078477859497,,
1915.3343232596417,0.0153900841251016,3.60078477859497,,
1916.3482690083217,0.0143103403970599,3.60094666481018,,
1917.3636476945317,0.0125107672065496,3.60094666481018,,
1918.3762535811518,0.0179094858467579,3.60078477859497,,
1919.3902630316718,0.0182694010436535,3.60094666481018,,
1920.4041981633818,0.0175495706498623,3.60094666481018,,
1921.4182384031217,0.0168297421187162,3.60094666481018,,
1922.4321887524918,0.0168297421187162,3.60094666481018,,
1923.4461483032417,0.0179094858467579,3.60094666481018,,
1924.4615046938118,0.0171896573156118,3.60078477859497,,
1925.4741392462518,0.0150301698595285,3.60078477859497,,
1926.4881037515918,0.0175495706498623,3.60094666481018,,
1927.5021539005118,0.0164698269218206,3.60078477859497,,
1928.5160681521718,0.0175495706498623,3.60094666481018,,
1929.5300836189817,0.0161099135875702,3.60078477859497,,
1930.5440527250016,0.0175495706498623,3.60094666481018,,
1931.5594076999716,0.0179094858467579,3.60094666481018,,
1932.5720153560817,0.0168297421187162,3.60078477859497,,
1933.5860212676116,0.0179094858467579,3.60078477859497,,
1934.5999797566617,0.0193491447716951,3.60094666481018,,
1935.6139916844818,0.0186293143779039,3.60078477859497,,
1936.6279544203217,0.0164698269218206,3.60094666481018,,
1937.6419405135016,0.0168297421187162,3.60094666481018,,
1938.6572523127818,0.0168297421187162,3.60094666481018,,
1939.6699300409116,0.0175495706498623,3.60110855102539,,
1940.6838588024416,0.0164698269218206,3.60078477859497,,
1941.6979029350716,0.0157499983906746,3.60094666481018,,
1942.7118348816916,0.0150301698595285,3.60094666481018,,
1943.7258489329017,0.0193491447716951,3.60110855102539,,
1944.7397890191917,0.0153900841251016,3.60094666481018,,
1945.7551737216918,0.0125107672065496,3.60094666481018,,
1946.7677796083117,0.0175495706498623,3.60078477859497,,
1947.7817897666316,0.0179094858467579,3.60094666481018,,
1948.7957652428317,0.0161099135875702,3.60078477859497,,
1949.8097463814318,0.0164698269218206,3.60078477859497,,
1950.8257850895018,0.0157499983906746,3.60078477859497,,
1951.8377252918717,0.0175495706498623,3.60094666481018,,
1952.8530197500918,0.0157499983906746,3.60094666481018,,
1953.8656886307517,0.0150301698595285,3.60078477859497,,
1954.8796166844818,0.0153900841251016,3.60094666481018,,
1955.8939683554518,0.0164698269218206,3.60078477859497,,
1956.9079363997716,0.0157499983906746,3.60094666481018,,
1957.9216181397117,0.0164698269218206,3.60094666481018,,
1958.9355840606418,0.0168297421187162,3.60094666481018,,
1959.9509397434117,0.0157499983906746,3.60078477859497,,
1960.9635558931018,0.0182694010436535,3.60094666481018,,
1961.9775451713817,0.0168297421187162,3.60094666481018,,
1962.9915100306116,0.0179094858467579,3.60094666481018,,
1964.0055329293018,0.0161099135875702,3.60078477859497,,
1965.0194808013716,0.0164698269218206,3.60094666481018,,
1966.0334736186417,0.0168297421187162,3.60094666481018,,
1967.0488328404017,0.0168297421187162,3.60094666481018,,
1968.0614443894017,0.0168297421187162,3.60094666481018,,
1969.0753972160617,0.0153900841251016,3.60078477859497,,
1970.0894130367717,0.0125107672065496,3.60078477859497,,
1971.1035736022118,0.0153900841251016,3.60094666481018,,
1972.1173795607417,0.0179094858467579,3.60078477859497,,
1973.1313401731918,0.0143103403970599,3.60094666481018,,
1974.1467475252316,0.011071109212935,3.60078477859497,,
1975.1593102361517,0.0153900841251016,3.60094666481018,,
1976.1733172093816,0.0164698269218206,3.60094666481018,,
1977.1872845459118,0.0146702546626329,3.60094666481018,,
1978.2013024900116,0.0153900841251016,3.60078477859497,,
1979.2152662875417,0.0125107672065496,3.60094666481018,,
1980.2292407020518,0.0153900841251016,3.60078477859497,,
1981.2445917841417,0.0153900841251016,3.60078477859497,,
1982.2572157196116,0.0135905109345913,3.60062289237976,,
1983.2711582832017,0.0164698269218206,3.60078477859497,,
1984.2851847208817,0.0175495706498623,3.60078477859497,,
1985.2992207138318,0.0175495706498623,3.60078477859497,,
1986.3131466441616,0.0153900841251016,3.60094666481018,,
1987.3270962857316,0.0161099135875702,3.60078477859497,,
1988.3424551536018,0.0143103403970599,3.60078477859497,,
1989.3550921833316,0.0139504261314869,3.60094666481018,,
1990.3690733219316,0.0128706824034452,3.60078477859497,,
1991.3830463208417,0.0153900841251016,3.60094666481018,,
1992.3970547096617,0.0139504261314869,3.60094666481018,,
1993.4110107214217,0.0150301698595285,3.60078477859497,,
1994.4250067237717,0.0143103403970599,3.60094666481018,,
1995.4403245393416,0.0153900841251016,3.60078477859497,,
1996.4529803257317,0.0153900841251016,3.60094666481018,,
1997.4669600487316,0.0143103403970599,3.60078477859497,,
1998.4809496809016,0.0139504261314869,3.60078477859497,,
1999.4951261718118,0.0161099135875702,3.60094666481018,,
2000.5089091268917,0.0146702546626329,3.60078477859497,,
2001.5228821258017,0.0150301698595285,3.60078477859497,,
2002.5382293150017,0.0146702546626329,3.60094666481018,,
2003.5508631596417,0.0150301698595285,3.60078477859497,,
2004.5648531457116,0.0153900841251016,3.60094666481018,,
2005.5788084496717,0.0150301698595285,3.60078477859497,,
2006.5930330708618,0.0143103403970599,3.60078477859497,,
2007.6244840855618,0.0161099135875702,3.60078477859497,,
2008.6375981713118,0.0153900841251016,3.60094666481018,,
2009.6515301179218,0.0150301698595285,3.60094666481018,,
2010.6655544322116,0.0143103403970599,3.60110855102539,,
2011.6795380480917,0.0146702546626329,3.60078477859497,,
2012.6937046298217,0.0139504261314869,3.60094666481018,,
2013.7074631658718,0.0146702546626329,3.60094666481018,,
2014.7214938503416,0.0139504261314869,3.60094666481018,,
2015.7355309049917,0.0168297421187162,3.60078477859497,,
2016.7494366630717,0.0161099135875702,3.60094666481018,,
2017.7634008145117,0.0168297421187162,3.60094666481018,,
2018.7774392847616,0.0139504261314869,3.60078477859497,,
2019.7915471192416,0.0146702546626329,3.60078477859497,,
2020.8054539390116,0.0139504261314869,3.60094666481018,,
2021.8193550964118,0.0135905109345913,3.60078477859497,,
2022.8333783489918,0.0161099135875702,3.60078477859497,,
2023.8472993247317,0.0146702546626329,3.60094666481018,,
2024.8613101908518,0.0128706824034452,3.60094666481018,,
2025.8753100861018,0.011071109212935,3.60094666481018,,
2026.8894674664516,0.0132305966690183,3.60094666481018,,
2027.9036361715816,0.0153900841251016,3.60094666481018,,
2028.9172662422518,0.0150301698595285,3.60078477859497,,
2029.9312434879516,0.0150301698595285,3.60094666481018,,
2030.9452193180516,0.0153900841251016,3.60078477859497,,
2031.9592531876117,0.0135905109345913,3.60078477859497,,
2032.9732130922616,0.0153900841251016,3.60078477859497,,
2033.9873219884316,0.0146702546626329,3.60094666481018,,
2035.0011796162316,0.0157499983906746,3.60078477859497,,
2036.0151324429016,0.0164698269218206,3.60078477859497,,
2037.0291744521417,0.0135905109345913,3.60094666481018,,
2038.0430894116016,0.0132305966690183,3.60078477859497,,
2039.0570882451416,0.0135905109345913,3.60078477859497,,
2040.0710619518618,0.0135905109345913,3.60094666481018,,
2041.0846339830716,0.0139504261314869,3.60094666481018,,
2042.0990054723918,0.0135905109345913,3.60094666481018,,
2043.1130209391918,0.0153900841251016,3.60094666481018,,
2044.1270257890317,0.0153900841251016,3.60078477859497,,
2045.1409683526217,0.0146702546626329,3.60078477859497,,
2046.1549498451118,0.0157499983906746,3.60094666481018,,
2047.1689638963219,0.0161099135875702,3.60078477859497,,
2048.1830957959414,0.0153900841251016,3.60094666481018,,
2049.1969106019415,0.0135905109345913,3.60094666481018,,
2050.2108814774615,0.0132305966690183,3.60078477859497,,
2051.2249602922116,0.0153900841251016,3.60094666481018,,
2052.2388465858417,0.0157499983906746,3.60078477859497,,
2053.2529020432517,0.0146702546626329,3.60094666481018,,
2054.2668385905513,0.0153900841251016,3.60078477859497,,
2055.2809814610414,0.0143103403970599,3.60094666481018,,
2056.2949827718817,0.0150301698595285,3.60094666481018,,
2057.3087851914215,0.0125107672065496,3.60094666481018,,
2058.3228353403415,0.011071109212935,3.60078477859497,,
2059.3368833658715,0.0135905109345913,3.60094666481018,,
2060.3507912473415,0.0164698269218206,3.60094666481018,,
2061.3647415967116,0.0153900841251016,3.60094666481018,,
2062.3788742041315,0.0132305966690183,3.60094666481018,,
2063.3920619008913,0.0139504261314869,3.60094666481018,,
2064.4066613012515,0.0135905109345913,3.60094666481018,,
2065.4206870311314,0.0125107672065496,3.60094666481018,,
2066.4346118997614,0.0135905109345913,3.60094666481018,,
2067.4486585096915,0.011071109212935,3.60094666481018,,
2068.4626244306214,0.0096314512193203,3.60078477859497,,
2069.4767542068416,0.011071109212935,3.60062289237976,,
2070.4905371619316,0.0125107672065496,3.60078477859497,,
2071.5045664308013,0.0143103403970599,3.60078477859497,,
2072.5185387219217,0.0132305966690183,3.60078477859497,,
2073.5325241073015,0.0161099135875702,3.60094666481018,,
2074.5459733355215,0.0143103403970599,3.60078477859497,,
2075.5604849688916,0.0139504261314869,3.60094666481018,,
2076.5746405797513,0.0125107672065496,3.60094666481018,,
2077.5885067011313,0.0121508529409766,3.60078477859497,,
2078.6024329853517,0.0125107672065496,3.60078477859497,,
2079.6164357117914,0.0146702546626329,3.60078477859497,,
2080.6303772136816,0.0143103403970599,3.60078477859497,,
2081.6443615373714,0.0143103403970599,3.60110855102539,,
2082.6583646177114,0.0132305966690183,3.60094666481018,,
2083.6725389852213,0.0135905109345913,3.60078477859497,,
2084.6863109694314,0.0135905109345913,3.60078477859497,,
2085.7003784594117,0.0139504261314869,3.60078477859497,,
2086.7143210230015,0.0103512806817889,3.60078477859497,,
2087.7282950836116,0.0135905109345913,3.60078477859497,,
2088.7422776378016,0.011431023478508,3.60094666481018,,
2089.7562591302913,0.0099913654848933,3.60078477859497,,
2090.7704136794514,0.0092715369537472,3.60078477859497,,
2091.7842206996816,0.0143103403970599,3.60094666481018,,
2092.7982768648812,0.0139504261314869,3.60094666481018,,
2093.8122477404013,0.0150301698595285,3.60094666481018,,
2094.8261478360914,0.0125107672065496,3.60094666481018,,
2095.8401480852413,0.0128706824034452,3.60078477859497,,
2096.8541430259015,0.0117909386754036,3.60094666481018,,
2097.8682883736815,0.0135905109345913,3.60078477859497,,
2098.8821049491817,0.0125107672065496,3.60094666481018,,
2099.8965132440117,0.0128706824034452,3.60094666481018,,
2100.9101012006813,0.0139504261314869,3.60094666481018,,
2101.9240405791816,0.0146702546626329,3.60078477859497,,
2102.9380563998916,0.0121508529409766,3.60078477859497,,
2103.9520414313715,0.0135905109345913,3.60078477859497,,
2104.9661991656217,0.0125107672065496,3.60078477859497,,
2105.9799821207116,0.0121508529409766,3.60094666481018,,
2106.9939579508114,0.0121508529409766,3.60094666481018,,
2108.0082445043513,0.0135905109345913,3.60094666481018,,
2109.0219227052917,0.0132305966690183,3.60094666481018,,
2110.0354165248013,0.0135905109345913,3.60094666481018,,
2111.0499504538216,0.0135905109345913,3.60078477859497,,
2112.0640586421914,0.0135905109345913,3.60094666481018,,
2113.0778546915417,0.0132305966690183,3.60094666481018,,
2114.0918499861014,0.0135905109345913,3.60094666481018,,
2115.1058498813513,0.0125107672065496,3.60094666481018,,
2116.1198204029715,0.0132305966690183,3.60094666481018,,
2117.1337987103716,0.0153900841251016,3.60078477859497,,
2118.1478364728214,0.0143103403970599,3.60078477859497,,
2119.1619372293117,0.0143103403970599,3.60078477859497,,
2120.1757392949517,0.0121508529409766,3.60078477859497,,
2121.1897335278113,0.0103512806817889,3.60078477859497,,
2122.2032599060417,0.0117909386754036,3.60078477859497,,
2123.2124927801515,0.0117909386754036,3.60094666481018,,
2124.2155019843613,0.0153900841251016,3.60110855102539,,
2125.2175446900715,0.0150301698595285,3.60094666481018,,
2126.2266211407814,0.0125107672065496,3.60094666481018,,
2127.2275933016613,0.0128706824034452,3.60078477859497,,
2128.2486552538217,0.0143103403970599,3.60094666481018,,
2129.2596887666514,0.0117909386754036,3.60094666481018,,
2130.2668088630217,0.0139504261314869,3.60094666481018,,
2131.2756234283816,0.0117909386754036,3.60094666481018,,
2132.2788527578414,0.0139504261314869,3.60094666481018,,
2133.2809577498015,0.0132305966690183,3.60078477859497,,
2134.2909766338616,0.0117909386754036,3.60078477859497,,
2135.3009325238713,0.0121508529409766,3.60094666481018,,
2136.3039629620316,0.0125107672065496,3.60094666481018,,
2137.3150424817413,0.0128706824034452,3.60094666481018,,
2138.3220482687016,0.011431023478508,3.60078477859497,,
2139.3320926334914,0.0125107672065496,3.60094666481018,,
2140.3389915429216,0.0125107672065496,3.60078477859497,,
2141.3441528076714,0.0132305966690183,3.60094666481018,,
2142.3473831988313,0.0135905109345913,3.60094666481018,,
2143.3613519509513,0.0128706824034452,3.60094666481018,,
2144.3643027618014,0.0128706824034452,3.60110855102539,,
2145.3753893595017,0.0135905109345913,3.60094666481018,,
2146.3763569196913,0.0128706824034452,3.60078477859497,,
2147.3824004549515,0.011071109212935,3.60078477859497,,
2148.3854790233813,0.0117909386754036,3.60078477859497,,
2149.3954979074415,0.0117909386754036,3.60094666481018,,
2150.4055351942516,0.0128706824034452,3.60078477859497,,
2151.4076469102915,0.0125107672065496,3.60078477859497,,
2152.4126245014013,0.011431023478508,3.60094666481018,,
2153.4206286377716,0.0125107672065496,3.60110855102539,,
2154.4297291536213,0.011431023478508,3.60078477859497,,
2155.4307342271213,0.0125107672065496,3.60094666481018,,
2156.4387539350514,0.0121508529409766,3.60094666481018,,
2157.4387988802414,0.0132305966690183,3.60094666481018,,
2158.4488411216416,0.0139504261314869,3.60094666481018,,
2159.4529130849014,0.0121508529409766,3.60078477859497,,
2160.4589704222217,0.0121508529409766,3.60078477859497,,
2161.4609752607316,0.0117909386754036,3.60078477859497,,
2162.4710868663515,0.0121508529409766,3.60078477859497,,
2163.4820499532616,0.0121508529409766,3.60094666481018,,
2164.4841429126514,0.0125107672065496,3.60078477859497,,
2165.4891442150015,0.0121508529409766,3.60094666481018,,
2166.4911536542013,0.011431023478508,3.60094666481018,,
2167.4952539293913,0.011431023478508,3.60094666481018,,
2168.5066678837716,0.011431023478508,3.60094666481018,,
2169.5162893391216,0.011431023478508,3.60094666481018,,
2170.5233032657616,0.011431023478508,3.60078477859497,,
2171.5314103867713,0.0103512806817889,3.60094666481018,,
2172.5423787821614,0.011071109212935,3.60078477859497,,
2173.5474646664015,0.011071109212935,3.60094666481018,,
2174.5474667898015,0.011071109212935,3.60094666481018,,
2175.5575256644615,0.0107111949473619,3.60094666481018,,
2176.5688164619514,0.011071109212935,3.60094666481018,,
2177.5725359416915,0.0103512806817889,3.60094666481018,,
2178.5836285556716,0.011431023478508,3.60094666481018,,
2179.5915229833213,0.0099913654848933,3.60094666481018,,
2180.5947172767615,0.0121508529409766,3.60094666481018,,
2181.5957333211313,0.011431023478508,3.60094666481018,,
2182.5988295845314,0.0117909386754036,3.60094666481018,,
2183.6067862984214,0.0107111949473619,3.60078477859497,,
2184.6193182201214,0.0096314512193203,3.60078477859497,,
2185.6332699850814,0.011071109212935,3.60078477859497,,
2186.6486423011115,0.0099913654848933,3.60078477859497,,
2187.6677135707314,0.0117909386754036,3.60078477859497,,
2188.6780088500013,0.0135905109345913,3.60094666481018,,
2189.6840375214915,0.011431023478508,3.60078477859497,,
2190.6911002862116,0.011071109212935,3.60094666481018,,
2191.6930955694415,0.0117909386754036,3.60094666481018,,
2192.7002054027416,0.011431023478508,3.60094666481018,,
2193.7002698123815,0.0107111949473619,3.60094666481018,,
2194.7062638017615,0.007471963763237,3.60094666481018,,
2195.7143220847015,0.0103512806817889,3.60094666481018,,
2196.7225682880717,0.0107111949473619,3.60078477859497,,
2197.7379342339113,0.0096314512193203,3.60094666481018,,
2198.7505454290113,0.0085517074912786,3.60078477859497,,
2199.7645141811413,0.00783187802881,3.60094666481018,,
2200.7785062906014,0.007471963763237,3.60094666481018,,
2201.7939185972314,0.011071109212935,3.60110855102539,,
2202.8064862627416,0.0117909386754036,3.60078477859497,,
2203.8204674013414,0.0121508529409766,3.60094666481018,,
2204.8359933095817,0.0117909386754036,3.60094666481018,,
2205.8484176459515,0.011071109212935,3.60094666481018,,
2206.8624051547313,0.0089116217568516,3.60078477859497,,
2207.8764008031817,0.0099913654848933,3.60078477859497,,
2208.8907634450316,0.0107111949473619,3.60110855102539,,
2209.9043496322015,0.011071109212935,3.60094666481018,,
2210.9183466962613,0.0125107672065496,3.60078477859497,,
2211.9506845821516,0.0139504261314869,3.60094666481018,,
2212.9619074310117,0.0096314512193203,3.60094666481018,,
2213.9758800760214,0.0099913654848933,3.60078477859497,,
2214.9912467296613,0.0099913654848933,3.60110855102539,,
2216.0038717268317,0.0099913654848933,3.60094666481018,,
2217.0178362321712,0.0107111949473619,3.60094666481018,,
2218.0318219714513,0.0096314512193203,3.60078477859497,,
2219.0457935547615,0.0117909386754036,3.60094666481018,,
2220.0598019435915,0.011071109212935,3.60094666481018,,
2221.0737820204813,0.0107111949473619,3.60094666481018,,
2222.0891267323814,0.0107111949473619,3.60094666481018,,
2223.1017255410216,0.011071109212935,3.60078477859497,,
2224.1157204816714,0.011431023478508,3.60094666481018,,
2225.1297203769213,0.0107111949473619,3.60094666481018,,
2226.1436877134515,0.0107111949473619,3.60078477859497,,
2227.1576684981414,0.0117909386754036,3.60094666481018,,
2228.1716648543916,0.0132305966690183,3.60094666481018,,
2229.1870223066617,0.011431023478508,3.60094666481018,,
2230.1997789543016,0.0107111949473619,3.60094666481018,,
2231.2136079162715,0.0107111949473619,3.60078477859497,,
2232.2275841002815,0.0099913654848933,3.60094666481018,,
2233.2416172620415,0.0096314512193203,3.60078477859497,,
2234.2556072481116,0.0092715369537472,3.60094666481018,,
2235.2695331784416,0.011431023478508,3.60094666481018,,
2236.2848987703915,0.0121508529409766,3.60078477859497,,
2237.2977392921216,0.0121508529409766,3.60078477859497,,
2238.3114903962814,0.0099913654848933,3.60078477859497,,
2239.3254637491013,0.011431023478508,3.60094666481018,,
2240.3394703684316,0.0099913654848933,3.60078477859497,,
2241.3534433673417,0.00783187802881,3.60078477859497,,
2242.3674237981313,0.0107111949473619,3.60094666481018,,
2243.3827642632414,0.0132305966690183,3.60094666481018,,
2244.3953874909116,0.0107111949473619,3.60094666481018,,
2245.3958963978516,0.0121508529409766,3.60094666481018,,
2246.4077601580116,0.0089116217568516,3.60078477859497,,
2247.4231176102817,0.0107111949473619,3.60094666481018,,
2248.4357238507914,0.0096314512193203,3.60094666481018,,
2249.4497064049815,0.0096314512193203,3.60078477859497,,
2250.4636818811914,0.011071109212935,3.60078477859497,,
2251.4776676204715,0.0107111949473619,3.60078477859497,,
2252.4916653923215,0.0103512806817889,3.60078477859497,,
2253.5056440536214,0.0107111949473619,3.60078477859497,,
2254.5209923045113,0.0092715369537472,3.60094666481018,,
2255.5335967755314,0.011431023478508,3.60094666481018,,
2256.5475977324713,0.0107111949473619,3.60110855102539,,
2257.5615668384917,0.0103512806817889,3.60078477859497,,
2258.5755600096613,0.0096314512193203,3.60094666481018,,
2259.5895563659114,0.011431023478508,3.60094666481018,,
2260.6035159166613,0.0099913654848933,3.60094666481018,,
2261.6188800930113,0.0121508529409766,3.60078477859497,,
2262.6315065057715,0.0089116217568516,3.60078477859497,,
2263.6454741962016,0.0107111949473619,3.60078477859497,,
2264.6594461334116,0.0107111949473619,3.60078477859497,,
2265.6734403662713,0.0107111949473619,3.60078477859497,,
2266.6874041638116,0.0121508529409766,3.60094666481018,,
2267.7014160916315,0.0099913654848933,3.60094666481018,,
2268.7167303682013,0.0089116217568516,3.60094666481018,,
2269.7295687665414,0.0103512806817889,3.60094666481018,,
2270.7433280103814,0.0081917932257056,3.60078477859497,,
2271.7573314446213,0.0067521347664296,3.60094666481018,,
2272.7712991350413,0.0063922200351953,3.60094666481018,,
2273.7853007997915,0.0092715369537472,3.60078477859497,,
2274.7992564576416,0.0092715369537472,3.60094666481018,,
2275.8146206339916,0.0117909386754036,3.60094666481018,,
2276.8271999781714,0.0125107672065496,3.60078477859497,,
2277.8414327390415,0.0107111949473619,3.60094666481018,,
2278.8552659478014,0.0117909386754036,3.60094666481018,,
2279.8692028490013,0.0103512806817889,3.60094666481018,,
2280.8831574451615,0.0096314512193203,3.60078477859497,,
2281.8975728179716,0.0096314512193203,3.60094666481018,,
2282.9124677240916,0.0096314512193203,3.60094666481018,,
2283.9251316501613,0.0121508529409766,3.60094666481018,,
2284.9390894314115,0.0103512806817889,3.60078477859497,,
2285.9530744629014,0.0103512806817889,3.60078477859497,,
2286.9672201645812,0.0099913654848933,3.60094666481018,,
2287.9810636364214,0.0103512806817889,3.60094666481018,,
2288.9950150474815,0.0096314512193203,3.60094666481018,,
2290.0104135520514,0.0081917932257056,3.60094666481018,,
2291.0229730778815,0.0092715369537472,3.60094666481018,,
2292.0369828823013,0.0089116217568516,3.60078477859497,,
2293.0509572968112,0.005672391038388,3.60078477859497,,
2294.0649508218717,0.005672391038388,3.60094666481018,,
2295.0789064797314,0.00783187802881,3.60094666481018,,
2296.0929499045615,0.0107111949473619,3.60078477859497,,
2297.1083508864212,0.0107111949473619,3.60094666481018,,
2298.1208888244114,0.011071109212935,3.60078477859497,,
2299.1348427127714,0.011071109212935,3.60110855102539,,
2300.1488557022813,0.0096314512193203,3.60094666481018,,
2301.1627904800916,0.0081917932257056,3.60078477859497,,
2302.1768158560712,0.0081917932257056,3.60078477859497,,
2303.1908065499415,0.0089116217568516,3.60078477859497,,
2304.2061632944115,0.0099913654848933,3.60078477859497,,
2305.2187511321713,0.0099913654848933,3.60094666481018,,
2306.2327400565414,0.0099913654848933,3.60094666481018,,
2307.2467084547716,0.0089116217568516,3.60078477859497,,
2308.2607281683613,0.0096314512193203,3.60078477859497,,
2309.2746813489216,0.0121508529409766,3.60094666481018,,
2310.2887849366116,0.0103512806817889,3.60078477859497,,
2311.3040029526314,0.00783187802881,3.60094666481018,,
2312.3128076088115,0.0103512806817889,3.60094666481018,,
2313.3150237250916,0.0099913654848933,3.60094666481018,,
2314.3290161884515,0.0099913654848933,3.60094666481018,,
2315.3443708095315,0.0107111949473619,3.60110855102539,,
2316.3570067775713,0.0096314512193203,3.60078477859497,,
2317.3709535879516,0.0089116217568516,3.60094666481018,,
2318.3849495903014,0.0092715369537472,3.60094666481018,,
2319.3989675344014,0.00783187802881,3.60094666481018,,
2320.4129192993714,0.0060323057696223,3.60078477859497,,
2321.4268908826816,0.0053124763071537,3.60094666481018,,
2322.4422869099517,0.0096314512193203,3.60094666481018,,
2323.4548482052815,0.0085517074912786,3.60094666481018,,
2324.4688512856214,0.0117909386754036,3.60094666481018,,
2325.4828225150413,0.0099913654848933,3.60110855102539,,
2326.4968524917113,0.0089116217568516,3.60078477859497,,
2327.5107893929116,0.0089116217568516,3.60078477859497,,
2328.5247825640713,0.0099913654848933,3.60094666481018,,
2329.5401428475316,0.0117909386754036,3.60062289237976,,
2330.5527522731413,0.0085517074912786,3.60078477859497,,
2331.5667302266415,0.0089116217568516,3.60094666481018,,
2332.5807173815215,0.0107111949473619,3.60094666481018,,
2333.5946914421315,0.0117909386754036,3.60094666481018,,
2334.6087012465514,0.0099913654848933,3.60094666481018,,
2335.6226498264214,0.0049525620415806,3.60094666481018,,
2336.6380334672212,0.0099913654848933,3.60094666481018,,
2337.6506365226514,0.0107111949473619,3.60094666481018,,
2338.6646095215615,0.0092715369537472,3.60094666481018,,
2339.6785895984513,0.0103512806817889,3.60094666481018,,
2340.6925940943916,0.0096314512193203,3.60094666481018,,
2341.7065702783916,0.00783187802881,3.60094666481018,,
2342.7205507091917,0.00783187802881,3.60078477859497,,
2343.7358993139815,0.0089116217568516,3.60094666481018,,
2344.7485151097717,0.0099913654848933,3.60078477859497,,
2345.7514627355313,0.0096314512193203,3.60094666481018,,
2346.7608881307615,0.0117909386754036,3.60078477859497,,
2347.7762512454215,0.0092715369537472,3.60094666481018,,
2348.7888698724014,0.0099913654848933,3.60094666481018,,
2349.8028368550313,0.0092715369537472,3.60110855102539,,
2350.8168275489015,0.0099913654848933,3.60078477859497,,
2351.8308115186815,0.0081917932257056,3.60094666481018,,
2352.8447912416814,0.0125107672065496,3.60094666481018,,
2353.8587730880713,0.0103512806817889,3.60078477859497,,
2354.8741383261213,0.0067521347664296,3.60078477859497,,
2355.8873019577413,0.0049525620415806,3.60078477859497,,
2356.9010888057214,0.0103512806817889,3.60094666481018,,
2357.9147047204215,0.0103512806817889,3.60094666481018,,
2358.9287003688814,0.0099913654848933,3.60094666481018,,
2359.9426701827015,0.0092715369537472,3.60094666481018,,
2360.9566679545514,0.0103512806817889,3.60094666481018,,
2361.9720126664515,0.0099913654848933,3.60078477859497,,
2362.9846196147614,0.0081917932257056,3.60094666481018,,
2363.9987677937415,0.007471963763237,3.60094666481018,,
2365.0126013564013,0.0089116217568516,3.60094666481018,,
2366.0265778943017,0.0089116217568516,3.60094666481018,,
2367.0405544322116,0.0089116217568516,3.60094666481018,,
2368.0545323857114,0.0085517074912786,3.60110855102539,,
2369.0699011627516,0.0085517074912786,3.60110855102539,,
2370.0825215592313,0.0089116217568516,3.60094666481018,,
2371.0964945581413,0.0081917932257056,3.60094666481018,,
2372.1104746350316,0.0099913654848933,3.60078477859497,,
2373.1244614360116,0.0099913654848933,3.60094666481018,,
2374.1384432824016,0.0099913654848933,3.60094666481018,,
2375.1524290216817,0.0092715369537472,3.60094666481018,,
2376.1677900129416,0.0089116217568516,3.60094666481018,,
2377.1803898832713,0.0089116217568516,3.60078477859497,,
2378.1943922558116,0.0085517074912786,3.60078477859497,,
2379.2083808262914,0.0071120494976639,3.60094666481018,,
2380.2223446238213,0.007471963763237,3.60094666481018,,
2381.2363466424613,0.0049525620415806,3.60094666481018,,
2382.2502378906815,0.0063922200351953,3.60094666481018,,
2383.2656530285017,0.0081917932257056,3.60094666481018,,
2384.2782911199415,0.00783187802881,3.60094666481018,,
2385.2924357599213,0.0096314512193203,3.60094666481018,,
2386.3062434879516,0.0089116217568516,3.60094666481018,,
2387.3204957132716,0.0089116217568516,3.60094666481018,,
2388.3342068268316,0.0099913654848933,3.60094666481018,,
2389.3481992901916,0.0096314512193203,3.60094666481018,,
2390.3635514339717,0.0081917932257056,3.60094666481018,,
2391.3761651063714,0.0085517074912786,3.60078477859497,,
2392.3903263796115,0.0071120494976639,3.60094666481018,,
2393.4040537725414,0.0096314512193203,3.60094666481018,,
2394.4181279866016,0.0045926473103463,3.60094666481018,,
2395.4320857678513,0.0053124763071537,3.60110855102539,,
2396.4460683220414,0.0081917932257056,3.60094666481018,,
2397.4614126800416,0.011071109212935,3.60094666481018,,
2398.4740716515216,0.0096314512193203,3.60094666481018,,
2399.4879986435517,0.00783187802881,3.60094666481018,,
2400.5020165876513,0.0071120494976639,3.60094666481018,,
2401.5159856936716,0.0092715369537472,3.60110855102539,,
2402.5299693095617,0.0096314512193203,3.60110855102539,,
2403.5439412467813,0.00783187802881,3.60094666481018,,
2404.5593146245014,0.00783187802881,3.60094666481018,,
2405.5718989232714,0.0085517074912786,3.60094666481018,,
2406.5858736916816,0.0103512806817889,3.60094666481018,,
2407.5998357197213,0.0103512806817889,3.60094666481018,,
2408.6138635730013,0.0107111949473619,3.60094666481018,,
2409.6278369258116,0.0081917932257056,3.60094666481018,,
2410.6418300969713,0.007471963763237,3.60094666481018,,
2411.6571617146014,0.0081917932257056,3.60078477859497,,
2412.6697877734714,0.0067521347664296,3.60094666481018,,
2413.6837597106814,0.0053124763071537,3.60110855102539,,
2414.6977751774916,0.0049525620415806,3.60094666481018,,
2415.7117361438313,0.0045926473103463,3.60094666481018,,
2416.7257406397716,0.0071120494976639,3.60094666481018,,
2417.7397125769817,0.0099913654848933,3.60094666481018,,
2418.7550824157215,0.0096314512193203,3.60094666481018,,
2419.7676500812313,0.0089116217568516,3.60094666481018,,
2420.7816662558316,0.0107111949473619,3.60110855102539,,
2421.7956541185113,0.0096314512193203,3.60094666481018,,
2422.8096359649016,0.0081917932257056,3.60094666481018,,
2423.8235785284915,0.0067521347664296,3.60094666481018,,
2424.8376085051614,0.0071120494976639,3.60078477859497,,
2425.8529185349516,0.00783187802881,3.60078477859497,,
2426.8655739674414,0.0081917932257056,3.60094666481018,,
2427.8795444890616,0.0092715369537472,3.60094666481018,,
2428.8939156244815,0.0096314512193203,3.60094666481018,,
2429.9075071201414,0.011071109212935,3.60110855102539,,
2430.9215066614915,0.00783187802881,3.60094666481018,,
2431.9354594881515,0.0067521347664296,3.60078477859497,,
2432.9508300346815,0.0085517074912786,3.60094666481018,,
2433.9634083171713,0.011071109212935,3.60110855102539,,
2434.9774361704513,0.0099913654848933,3.60094666481018,,
2435.9913974906913,0.004232732579112,3.60094666481018,,
2437.0054387921314,0.004232732579112,3.60094666481018,,
2438.0193381800314,0.0092715369537472,3.60094666481018,,
2439.0333678028014,0.0096314512193203,3.60094666481018,,
2440.0487082679115,0.00783187802881,3.60110855102539,,
2441.0613428203515,0.0071120494976639,3.60094666481018,,
2442.0753161731614,0.0081917932257056,3.60110855102539,,
2443.0893411952516,0.00783187802881,3.60094666481018,,
2444.1032759730615,0.0081917932257056,3.60094666481018,,
2445.1172794072913,0.007471963763237,3.60094666481018,,
2446.1312332956513,0.0092715369537472,3.60094666481018,,
2447.1466133974614,0.0099913654848933,3.60110855102539,,
2448.1591743388913,0.0107111949473619,3.60094666481018,,
2449.1732064389616,0.0053124763071537,3.60094666481018,,
2450.1871889931513,0.0081917932257056,3.60094666481018,,
2451.2011743785315,0.0063922200351953,3.60078477859497,,
2452.2151190655113,0.007471963763237,3.60094666481018,,
2453.2291200224513,0.0024331600870937,3.60094666481018,,
2454.2444491627916,0.00783187802881,3.60078477859497,,
2455.2571201668516,0.00783187802881,3.60094666481018,,
2456.2710637921314,0.007471963763237,3.60078477859497,,
2457.2851709188117,0.0099913654848933,3.60110855102539,,
2458.2991428560313,0.0092715369537472,3.60094666481018,,
2459.3130259645613,0.007471963763237,3.60094666481018,,
2460.3269901160015,0.00783187802881,3.60078477859497,,
2461.3423765879916,0.0071120494976639,3.60078477859497,,
2462.3549431918013,0.0081917932257056,3.60078477859497,,
2463.3689551196217,0.007471963763237,3.60094666481018,,
2464.3829199788515,0.0081917932257056,3.60078477859497,,
2465.3969389846516,0.00783187802881,3.60094666481018,,
2466.4108808404417,0.0092715369537472,3.60094666481018,,
2467.4249193106916,0.0081917932257056,3.60094666481018,,
2468.4404038127414,0.00783187802881,3.60094666481018,,
2469.4776488638213,0.005672391038388,3.60078477859497,,
2470.4824059757716,0.00783187802881,3.60094666481018,,
2471.4977910321713,0.0060323057696223,3.60078477859497,,
2472.5103990421817,0.0063922200351953,3.60094666481018,,
2473.5244045998115,0.0103512806817889,3.60094666481018,,
2474.5383758292314,0.0081917932257056,3.60094666481018,,
2475.5523551983315,0.0045926473103463,3.60094666481018,,
2476.5663285511414,0.0035129035823047,3.60110855102539,,
2477.5803351704712,0.0085517074912786,3.60094666481018,,
2478.5956674959016,0.0085517074912786,3.60094666481018,,
2479.6083062951316,0.0089116217568516,3.60094666481018,,
2480.6222311637616,0.00783187802881,3.60078477859497,,
2481.6362653872216,0.0081917932257056,3.60094666481018,,
2482.6502139671015,0.0081917932257056,3.60094666481018,,
2483.6642428820714,0.007471963763237,3.60094666481018,,
2484.6781879229616,0.0063922200351953,3.60094666481018,,
2485.6935715637514,0.0092715369537472,3.60110855102539,,
2486.7061792198715,0.0071120494976639,3.60094666481018,,
2487.7201568194714,0.007471963763237,3.60094666481018,,
2488.7341330034715,0.00783187802881,3.60078477859497,,
2489.7481523631714,0.0089116217568516,3.60078477859497,,
2490.7620956345613,0.0089116217568516,3.60110855102539,,
2491.7760965915013,0.0081917932257056,3.60094666481018,,
2492.7914140531716,0.007471963763237,3.60094666481018,,
2493.8040620537813,0.0085517074912786,3.60094666481018,,
2494.8180028478714,0.0096314512193203,3.60110855102539,,
2495.8320253926613,0.0096314512193203,3.60094666481018,,
2496.8459884824015,0.007471963763237,3.60094666481018,,
2497.8600025336114,0.00783187802881,3.60094666481018,,
2498.8739560680715,0.00783187802881,3.60094666481018,,
2499.8896713123513,0.00783187802881,3.60094666481018,,
2500.9019268388315,0.0081917932257056,3.60094666481018,,
2501.9159341659615,0.0081917932257056,3.60094666481018,,
2502.9298593884914,0.0071120494976639,3.60094666481018,,
2503.9439176770916,0.007471963763237,3.60078477859497,,
2504.9578697959614,0.007471963763237,3.60094666481018,,
2505.9718813698814,0.0096314512193203,3.60094666481018,,
2506.9871882145717,0.0089116217568516,3.60110855102539,,
2507.9998277216014,0.00783187802881,3.60094666481018,,
2509.0137731163813,0.0092715369537472,3.60094666481018,,
2510.0277935377817,0.0081917932257056,3.60094666481018,,
2511.0417460105414,0.00783187802881,3.60094666481018,,
2512.0557717404213,0.007471963763237,3.60094666481018,,
2513.0697015636415,0.00783187802881,3.60094666481018,,
2514.0851113929816,0.00783187802881,3.60078477859497,,
2515.0977045392315,0.007471963763237,3.60094666481018,,
2516.1117019571816,0.0060323057696223,3.60078477859497,,
2517.1256738943916,0.007471963763237,3.60094666481018,,
2518.1396557407816,0.0092715369537472,3.60094666481018,,
2519.1536280319015,0.00783187802881,3.60078477859497,,
2520.1676300505414,0.0081917932257056,3.60078477859497,,
2521.1829613142713,0.0099913654848933,3.60094666481018,,
2522.1956103765815,0.00783187802881,3.60094666481018,,
2523.2095292289314,0.0085517074912786,3.60094666481018,,
2524.2235634523913,0.0085517074912786,3.60110855102539,,
2525.2375276038215,0.00783187802881,3.60094666481018,,
2526.2515359926515,0.0067521347664296,3.60110855102539,,
2527.2654651080716,0.0085517074912786,3.60094666481018,,
2528.2808618431413,0.0089116217568516,3.60094666481018,,
2529.2936570657816,0.0063922200351953,3.60078477859497,,
2530.3074747029814,0.0089116217568516,3.60094666481018,,
2531.3214225750617,0.0103512806817889,3.60094666481018,,
2532.3354253015013,0.0049525620415806,3.60094666481018,,
2533.3493894529315,0.0027930745854973,3.60094666481018,,
2534.3634119977214,0.0081917932257056,3.60094666481018,,
2535.3787354756714,0.0096314512193203,3.60078477859497,,
2536.3913604728414,0.007471963763237,3.60094666481018,,
2537.4053309944616,0.0060323057696223,3.60094666481018,,
2538.4193333670014,0.00783187802881,3.60110855102539,,
2539.4333056581113,0.0096314512193203,3.60094666481018,,
2540.4472652088616,0.0060323057696223,3.60094666481018,,
2541.4612647502113,0.00783187802881,3.60094666481018,,
2542.4766314038516,0.0099913654848933,3.60094666481018,,
2543.4892344592713,0.0089116217568516,3.60094666481018,,
2544.5032315233316,0.0035129035823047,3.60094666481018,,
2545.5171946130613,0.0060323057696223,3.60094666481018,,
2546.5312044174816,0.00783187802881,3.60078477859497,,
2547.5451639682315,0.0089116217568516,3.60094666481018,,
2548.5591525387013,0.007471963763237,3.60094666481018,,
2549.5745068058814,0.0081917932257056,3.60094666481018,,
2550.5873303404514,0.0092715369537472,3.60078477859497,,
2551.6011086948515,0.00783187802881,3.60110855102539,,
2552.6150898334413,0.0067521347664296,3.60094666481018,,
2553.6290769883217,0.0049525620415806,3.60094666481018,,
2554.6430581269115,0.007471963763237,3.60110855102539,,
2555.6570328953217,0.0049525620415806,3.60094666481018,,
2556.6725892388913,0.005672391038388,3.60078477859497,,
2557.6850004809917,0.0063922200351953,3.60094666481018,,
2558.6989940060616,0.007471963763237,3.60094666481018,,
2559.7307720235412,0.0067521347664296,3.60078477859497,,
2560.7425678350714,0.00783187802881,3.60094666481018,,
2561.7565326943113,0.0071120494976639,3.60078477859497,,
2562.7705219725813,0.0081917932257056,3.60094666481018,,
2563.7844988643815,0.0071120494976639,3.60078477859497,,
2564.7985065454113,0.0067521347664296,3.60094666481018,,
2565.8124551252813,0.0081917932257056,3.60094666481018,,
2566.8278366426916,0.0085517074912786,3.60094666481018,,
2567.8404011231114,0.005672391038388,3.60078477859497,,
2568.8544268529913,0.0060323057696223,3.60078477859497,,
2569.8683595074017,0.0092715369537472,3.60078477859497,,
2570.8827140095714,0.0081917932257056,3.60094666481018,,
2571.8966558653615,0.0089116217568516,3.60094666481018,,
2572.9103726413114,0.0092715369537472,3.60094666481018,,
2573.9256830249915,0.0027930745854973,3.60094666481018,,
2574.9383158079413,0.00783187802881,3.60094666481018,,
2575.9522891607517,0.00783187802881,3.60078477859497,,
2576.9663074587515,0.0071120494976639,3.60094666481018,,
2577.9804082152514,0.0063922200351953,3.60094666481018,,
2578.9942729210316,0.00783187802881,3.60094666481018,,
2580.0082183158115,0.00783187802881,3.60094666481018,,
2581.0236090345916,0.0063922200351953,3.60094666481018,,
2582.0362021808414,0.00783187802881,3.60094666481018,,
2583.0501953520115,0.0085517074912786,3.60094666481018,,
2584.0641563183513,0.0089116217568516,3.60094666481018,,
2585.0781735546516,0.0024331600870937,3.60078477859497,,
2586.0921345209913,0.0067521347664296,3.60094666481018,,
2587.1061443254116,0.00783187802881,3.60078477859497,,
2588.1200982137816,0.0092715369537472,3.60094666481018,,
2589.1340938622316,0.0053124763071537,3.60094666481018,,
2590.1480611987613,0.005672391038388,3.60094666481018,,
2591.1620614479016,0.007471963763237,3.60094666481018,,
2592.1760309078213,0.00783187802881,3.60094666481018,,
2593.1899695785214,0.0060323057696223,3.60094666481018,,
2594.2039415157415,0.0085517074912786,3.60110855102539,,
2595.2193584230613,0.00783187802881,3.60110855102539,,
2596.2319784656415,0.0049525620415806,3.60094666481018,,
2597.2459670361113,0.0071120494976639,3.60094666481018,,
2598.2599255251616,0.0096314512193203,3.60094666481018,,
2599.2742028773214,0.0067521347664296,3.60094666481018,,
2600.2880371477713,0.007471963763237,3.60078477859497,,
2601.3019004379616,0.00783187802881,3.60110855102539,,
2602.3172447959614,0.0067521347664296,3.60094666481018,,
2603.3298782867114,0.0067521347664296,3.60078477859497,,
2604.3438268665814,0.0063922200351953,3.60094666481018,,
2605.3578207455416,0.0060323057696223,3.60094666481018,,
2606.3718036536316,0.007471963763237,3.60078477859497,,
2607.3857964708914,0.00783187802881,3.60094666481018,,
2608.3997730088013,0.005672391038388,3.60094666481018,,
2609.4150770223014,0.0071120494976639,3.60094666481018,,
2610.4277395327713,0.0081917932257056,3.60078477859497,,
2611.4417298727417,0.00783187802881,3.60110855102539,,
2612.4557000404616,0.0092715369537472,3.60094666481018,,
2613.4696981662114,0.0049525620415806,3.60110855102539,,
2614.4836655027416,0.0071120494976639,3.60094666481018,,
2615.4976544271117,0.0081917932257056,3.60094666481018,,
2616.5129917071313,0.00783187802881,3.60094666481018,,
2617.5256216588814,0.0063922200351953,3.60078477859497,,
2618.5396042130715,0.00783187802881,3.60094666481018,,
2619.5535927835513,0.0092715369537472,3.60078477859497,,
2620.5675721526413,0.0060323057696223,3.60110855102539,,
2621.5815685089015,0.0063922200351953,3.60094666481018,,
2622.5955315986416,0.0099913654848933,3.60094666481018,,
2623.6109024990715,0.0053124763071537,3.60094666481018,,
2624.6235190026614,0.0024331600870937,3.60094666481018,,
2625.6374944788613,0.0060323057696223,3.60094666481018,,
2626.6514048376316,0.0089116217568516,3.60094666481018,,
2627.6654592333416,0.0067521347664296,3.60110855102539,,
2628.6794453265215,0.0071120494976639,3.60094666481018,,
2629.6934349587013,0.0092715369537472,3.60094666481018,,
2630.7087757777012,0.0063922200351953,3.60094666481018,,
2631.7213954663916,0.0067521347664296,3.60094666481018,,
2632.7353804978716,0.0060323057696223,3.60078477859497,,
2633.7493623442615,0.0060323057696223,3.60094666481018,,
2634.7633349892712,0.0071120494976639,3.60078477859497,,
2635.7773182512615,0.0024331600870937,3.60094666481018,,
2636.7913096529314,0.0071120494976639,3.60094666481018,,
2637.8066759526714,0.0071120494976639,3.60094666481018,,
2638.8192690989213,0.0060323057696223,3.60110855102539,,
2639.8332718253614,0.0071120494976639,3.60078477859497,,
2640.8472331456014,0.007471963763237,3.60094666481018,,
2641.8612252550715,0.007471963763237,3.60094666481018,,
2642.8752184262316,0.0085517074912786,3.60094666481018,,
2643.8895194896213,0.0071120494976639,3.60094666481018,,
2644.9045520625014,0.0063922200351953,3.60094666481018,,
2645.9171558257217,0.0060323057696223,3.60094666481018,,
2646.0419335770716,0.0071120494976639,3.60110855102539,,
2646.0425014149814,0.0079601788893342,3.60078477859497,,
2647.0595637171114,0.0,3.60078477859497,,
2648.0748939191517,0.0,3.60062289237976,,
2649.0874760945217,0.0,3.60062289237976,,
2650.1014887301317,0.0,3.60062289237976,,
2651.1155169373114,0.0,3.60046076774597,,
2652.1294828582413,0.0,3.60046076774597,,
2653.1434728443114,0.0,3.60046076774597,,
2654.1574688466717,0.0,3.60013699531555,,
2655.1728199287513,0.0,3.60029888153076,,
2656.0463533708016,0.0,3.60013699531555,,
2657.0594969538515,0.0265474356710911,3.60078477859497,,
2658.0734894172115,0.0164698269218206,3.60110855102539,,
2659.0874549842515,0.0121508529409766,3.60094666481018,,
2660.1014393079313,0.011071109212935,3.60110855102539,,
2661.1154165536313,0.0096314512193203,3.60094666481018,,
2662.1294093709016,0.0060323057696223,3.60094666481018,,
2663.1447091376112,0.00783187802881,3.60094666481018,,
2664.1573730636815,0.0060323057696223,3.60078477859497,,
2665.1713623419514,0.00783187802881,3.60078477859497,,
2666.1790044395216,0.0071120494976639,3.60094666481018,,
2667.1850999979515,0.005672391038388,3.60078477859497,,
2668.1989317911116,0.0053124763071537,3.60094666481018,,
2669.2129702613615,0.0092715369537472,3.60094666481018,,
2670.2269807735815,0.00783187802881,3.60078477859497,,
2671.2408603431313,0.0081917932257056,3.60110855102539,,
2672.2549218168215,0.0053124763071537,3.60110855102539,,
2673.2689029554112,0.0063922200351953,3.60078477859497,,
2674.2830320238413,0.0071120494976639,3.60078477859497,,
2675.2967746344216,0.0089116217568516,3.60094666481018,,
2676.3109235212014,0.0049525620415806,3.60094666481018,,
2677.3247967205616,0.0060323057696223,3.60062289237976,,
2678.3387406997513,0.00783187802881,3.60094666481018,,
2679.3531167897513,0.0067521347664296,3.60094666481018,,
2680.3670356421017,0.003872818313539,3.60094666481018,,
2681.3810903917115,0.0092715369537472,3.60094666481018,,
2682.3949211231816,0.0081917932257056,3.60110855102539,,
2683.4089981684315,0.0017133308574557,3.60094666481018,,
2684.4229545340913,0.00207324558869,3.60094666481018,,
2685.4356205835516,0.00783187802881,3.60094666481018,,
2686.4494399902514,0.0085517074912786,3.60094666481018,,
2687.4646636686516,0.005672391038388,3.60094666481018,,
2688.4789608391516,0.007471963763237,3.60094666481018,,
2689.4925657829813,0.0063922200351953,3.60094666481018,,
2690.5066881273215,0.0089116217568516,3.60094666481018,,
2691.5205687585712,0.0060323057696223,3.60078477859497,,
2692.5345169845414,0.0067521347664296,3.60110855102539,,
2693.5488240642217,0.00783187802881,3.60094666481018,,
2694.5625769378817,0.0089116217568516,3.60094666481018,,
2695.5766355803817,0.0060323057696223,3.60094666481018,,
2696.5904631267613,0.0053124763071537,3.60078477859497,,
2697.6045380486216,0.0063922200351953,3.60094666481018,,
2698.6184873362913,0.0067521347664296,3.60078477859497,,
2699.6318636612914,0.0049525620415806,3.60078477859497,,
2700.6464152852614,0.0063922200351953,3.60094666481018,,
2701.6604265052815,0.005672391038388,3.60094666481018,,
2702.6745492035216,0.0049525620415806,3.60094666481018,,
2703.6882978303915,0.0063922200351953,3.60094666481018,,
2704.7023830153216,0.00783187802881,3.60110855102539,,
2705.7163372575815,0.0071120494976639,3.60094666481018,,
2706.7302720353914,0.007471963763237,3.60094666481018,,
2707.7445281536016,0.0081917932257056,3.60094666481018,,
2708.7583369433214,0.0053124763071537,3.60110855102539,,
2709.7724246055514,0.0060323057696223,3.60094666481018,,
2710.7862160542113,0.005672391038388,3.60094666481018,,
2711.8002644336416,0.0071120494976639,3.60094666481018,,
2712.8142611437916,0.0063922200351953,3.60094666481018,,
2713.8281534537014,0.0053124763071537,3.60078477859497,,
2714.8422400542313,0.0053124763071537,3.60094666481018,,
2715.8562657841117,0.0067521347664296,3.60094666481018,,
2716.8704305963515,0.00783187802881,3.60094666481018,,
2717.8841548041814,0.0099913654848933,3.60110855102539,,
2718.8976001395113,0.0035129035823047,3.60078477859497,,
2719.9121464549917,0.005672391038388,3.60094666481018,,
2720.9260617683512,0.0089116217568516,3.60094666481018,,
2721.9400988230013,0.0063922200351953,3.60094666481018,,
2722.9684755160615,0.0071120494976639,3.60094666481018,,
2723.9823738422615,0.00783187802881,3.60110855102539,,
2724.9963882473717,0.0081917932257056,3.60094666481018,,
2726.0103159471914,0.0053124763071537,3.60094666481018,,
2727.0256121749117,0.0063922200351953,3.60094666481018,,
2728.0383362638313,0.0060323057696223,3.60094666481018,,
2729.0523212953117,0.007471963763237,3.60094666481018,,
2730.0662882779416,0.0063922200351953,3.60094666481018,,
2731.0802658775415,0.0060323057696223,3.60094666481018,,
2732.0942498473314,0.0053124763071537,3.60094666481018,,
2733.1082313398215,0.0053124763071537,3.60094666481018,,
2734.1234907620315,0.003872818313539,3.60110855102539,,
2735.1362261757313,0.0027930745854973,3.60094666481018,,
2736.1501588301417,0.0053124763071537,3.60078477859497,,
2737.1641686345615,0.005672391038388,3.60078477859497,,
2738.1781377405814,0.005672391038388,3.60094666481018,,
2739.1921517917913,0.0067521347664296,3.60094666481018,,
2740.2060844462117,0.0092715369537472,3.60094666481018,,
2741.2213980149813,0.0071120494976639,3.60094666481018,,
2742.2340573403617,0.0067521347664296,3.60110855102539,,
2743.2480862553416,0.005672391038388,3.60094666481018,,
2744.2620879200813,0.003152989083901,3.60094666481018,,
2745.2760403928414,0.0067521347664296,3.60094666481018,,
2746.2900034825816,0.0027930745854973,3.60094666481018,,
2747.3040019622313,0.0009935018606483,3.60094666481018,,
2748.3192482901713,0.003872818313539,3.60094666481018,,
2749.3319667167116,0.007471963763237,3.60094666481018,,
2750.3463130791915,0.0089116217568516,3.60110855102539,,
2751.3598932500813,0.005672391038388,3.60094666481018,,
2752.3738733269815,0.005672391038388,3.60094666481018,,
2753.3879057809413,0.00783187802881,3.60094666481018,,
2754.4018532991213,0.0071120494976639,3.60094666481018,,
2755.4171449261516,0.007471963763237,3.60094666481018,,
2756.4297755857015,0.0049525620415806,3.60094666481018,,
2757.4438289197215,0.0063922200351953,3.60094666481018,,
2758.4578047498217,0.0081917932257056,3.60110855102539,,
2759.4718329570014,0.0081917932257056,3.6012704372406,,
2760.4857617185216,0.00207324558869,3.60094666481018,,
2761.4997616137716,0.0035129035823047,3.60094666481018,,
2762.5150730591513,0.0071120494976639,3.60078477859497,,
2763.5277330923313,0.007471963763237,3.60110855102539,,
2764.5417149387213,0.0053124763071537,3.60094666481018,,
2765.5556964312113,0.0071120494976639,3.60110855102539,,
2766.5696704918214,0.00783187802881,3.60110855102539,,
2767.5836594162015,0.005672391038388,3.60094666481018,,
2768.5976409086916,0.0063922200351953,3.60094666481018,,
2769.6129704029213,0.0096314512193203,3.60094666481018,,
2770.6256042475716,0.00207324558869,3.60094666481018,,
2771.6396076818114,0.0060323057696223,3.60078477859497,,
2772.6535704176513,0.0053124763071537,3.60094666481018,,
2773.6675696050916,0.0049525620415806,3.60094666481018,,
2774.6815472046915,0.0067521347664296,3.60110855102539,,
2775.6955276354915,0.0067521347664296,3.60110855102539,,
2776.7108259866013,0.0053124763071537,3.60094666481018,,
2777.7235054842313,0.0063922200351953,3.60094666481018,,
2778.7375630650413,0.0049525620415806,3.60094666481018,,
2779.7515983501917,0.003872818313539,3.60078477859497,,
2780.7518680213216,0.0060323057696223,3.60094666481018,,
2781.7650776598416,0.0063922200351953,3.60094666481018,,
2782.7792934335516,0.004232732579112,3.60078477859497,,
2783.7930891290016,0.005672391038388,3.60094666481018,,
2784.8069740070314,0.0049525620415806,3.60094666481018,,
2785.8210036298015,0.007471963763237,3.60094666481018,,
2786.8350559021214,0.0063922200351953,3.60094666481018,,
2787.8492090356813,0.0081917932257056,3.60094666481018,,
2788.8629127173713,0.00783187802881,3.60094666481018,,
2789.8770113504715,0.005672391038388,3.60110855102539,,
2790.8909811642916,0.0053124763071537,3.60094666481018,,
2791.9048660423214,0.005672391038388,3.60110855102539,,
2792.9189232692215,0.0049525620415806,3.60094666481018,,
2793.9329256417614,0.0067521347664296,3.60110855102539,,
2794.9470826682214,0.0053124763071537,3.60094666481018,,
2795.9608281100013,0.0053124763071537,3.60094666481018,,
2796.9748902914916,0.0060323057696223,3.60094666481018,,
2797.9888721378816,0.0071120494976639,3.60094666481018,,
2799.0027442755413,0.0067521347664296,3.60094666481018,,
2800.0167494792713,0.0071120494976639,3.60110855102539,,
2801.0308067061815,0.0060323057696223,3.60094666481018,,
2802.0449166640515,0.0063922200351953,3.60094666481018,,
2803.0586967879412,0.0060323057696223,3.60110855102539,,
2804.0727628623213,0.0045926473103463,3.60094666481018,,
2805.0867468321117,0.0045926473103463,3.60078477859497,,
2806.1006363108313,0.0063922200351953,3.60094666481018,,
2807.1146485925515,0.0071120494976639,3.60078477859497,,
2808.1286902478914,0.0067521347664296,3.60094666481018,,
2809.1427987901616,0.0063922200351953,3.60094666481018,,
2810.1565668814815,0.0067521347664296,3.60110855102539,,
2811.1706517125212,0.0060323057696223,3.60078477859497,,
2812.1846356823116,0.0053124763071537,3.60094666481018,,
2813.2063587180214,0.005672391038388,3.60094666481018,,
2814.2125307186616,0.0081917932257056,3.60094666481018,,
2815.2265752051917,0.0060323057696223,3.60094666481018,,
2816.2406858708614,0.0017133308574557,3.60094666481018,,
2817.2544518387913,0.00207324558869,3.60094666481018,,
2818.2685249911515,0.005672391038388,3.60094666481018,,
2819.2825114382313,0.0063922200351953,3.60078477859497,,
2820.2964440926517,0.0067521347664296,3.60094666481018,,
2821.3104061206914,0.0063922200351953,3.60094666481018,,
2822.3244647631914,0.0067521347664296,3.60094666481018,,
2823.3388903990713,0.0049525620415806,3.60094666481018,,
2824.3523835107817,0.0049525620415806,3.60094666481018,,
2825.3664163186413,0.0049525620415806,3.60094666481018,,
2826.3803907331517,0.0067521347664296,3.60094666481018,,
2827.3943329428416,0.0085517074912786,3.60094666481018,,
2828.4082963864817,0.0060323057696223,3.60078477859497,,
2829.4223437042115,0.0063922200351953,3.60094666481018,,
2830.4364589705715,0.0063922200351953,3.60094666481018,,
2831.4502369710613,0.004232732579112,3.60094666481018,,
2832.4643002142516,0.003152989083901,3.60094666481018,,
2833.4782827684417,0.003872818313539,3.60078477859497,,
2834.4921081914213,0.0049525620415806,3.60110855102539,,
2835.5061781586915,0.0067521347664296,3.60110855102539,,
2836.5202226452316,0.003872818313539,3.60094666481018,,
2837.5343481746613,0.0045926473103463,3.60094666481018,,
2838.5481265290614,0.0067521347664296,3.60110855102539,,
2839.5621710155915,0.007471963763237,3.60078477859497,,
2840.5761694952416,0.0067521347664296,3.60110855102539,,
2841.5900342010214,0.0071120494976639,3.60094666481018,,
2842.6042612995116,0.005672391038388,3.60094666481018,,
2843.6182976463615,0.003872818313539,3.6012704372406,,
2844.6322253461913,0.0053124763071537,3.60094666481018,,
2845.6460415677916,0.004232732579112,3.60094666481018,,
2846.6594334643514,0.0060323057696223,3.60110855102539,,
2847.6740367575917,0.0049525620415806,3.60094666481018,,
2848.6879506553514,0.005672391038388,3.60110855102539,,
2849.7019962035815,0.003872818313539,3.60094666481018,,
2850.7159854818615,0.005672391038388,3.60078477859497,,
2851.7300975631215,0.005672391038388,3.60078477859497,,
2852.7443112134415,0.0071120494976639,3.6012704372406,,
2853.7581748575217,0.0045926473103463,3.60094666481018,,
2854.7721414862513,0.0060323057696223,3.60110855102539,,
2855.7858865741314,0.0053124763071537,3.60094666481018,,
2856.7998645276316,0.0045926473103463,3.60078477859497,,
2857.8140470348217,0.003872818313539,3.60094666481018,,
2858.8279906601115,0.0009935018606483,3.60094666481018,,
2859.8419555193414,0.0049525620415806,3.60094666481018,,
2860.8558209329217,0.0063922200351953,3.60094666481018,,
2861.8698250749617,0.004232732579112,3.60078477859497,,
2862.8836515596313,0.005672391038388,3.60110855102539,,
2863.8977218808113,0.0060323057696223,3.60094666481018,,
2864.9117139902714,0.0049525620415806,3.60094666481018,,
2865.9258557990615,0.0063922200351953,3.60110855102539,,
2866.9396015947414,0.0060323057696223,3.60110855102539,,
2867.9537087214217,0.0049525620415806,3.60094666481018,,
2868.9676597785915,0.0063922200351953,3.60094666481018,,
2869.9817892009114,0.00207324558869,3.60094666481018,,
2870.9957675083115,0.00783187802881,3.60110855102539,,
2872.0096399998715,0.0024331600870937,3.60094666481018,,
2873.0237191685214,-0.0008060709806159,3.60094666481018,,
2874.0375318511315,0.003152989083901,3.60094666481018,,
2875.0514984798615,0.0063922200351953,3.60094666481018,,
2876.0655663237417,0.007471963763237,3.60094666481018,,
2877.0794274905315,0.0053124763071537,3.60094666481018,,
2878.0935063052816,0.0024331600870937,3.60094666481018,,
2879.1075019537416,0.0049525620415806,3.60078477859497,,
2880.1216242980813,0.0045926473103463,3.60094666481018,,
2881.1353846036213,0.0060323057696223,3.60094666481018,,
2882.1494559864914,0.0063922200351953,3.60110855102539,,
2883.1634350016916,0.0060323057696223,3.60094666481018,,
2884.1773439448616,0.005672391038388,3.60078477859497,,
2885.1913717981315,0.0060323057696223,3.60094666481018,,
2886.2053536445314,0.0045926473103463,3.60078477859497,,
2887.2195025313013,0.0035129035823047,3.60094666481018,,
2888.2332752233115,0.0045926473103463,3.60094666481018,,
2889.2472726412616,0.0045926473103463,3.60094666481018,,
2890.2613277447713,-0.0011659855954349,3.60094666481018,,
2891.2751800640913,0.005672391038388,3.60094666481018,,
2892.2892602944316,0.0060323057696223,3.60094666481018,,
2893.3032159522913,0.004232732579112,3.60094666481018,,
2894.3173988133813,0.0045926473103463,3.60094666481018,,
2895.3311205439213,0.0063922200351953,3.60110855102539,,
2896.3455267153513,0.0053124763071537,3.60094666481018,,
2897.3591918220313,0.0071120494976639,3.60078477859497,,
2898.3731103204814,0.0045926473103463,3.60094666481018,,
2899.3871172937115,0.0060323057696223,3.60078477859497,,
2900.4011154194613,0.0060323057696223,3.60094666481018,,
2901.4152483807716,0.0035129035823047,3.60094666481018,,
2902.4290653101716,0.005672391038388,3.60110855102539,,
2903.4508389534712,0.0071120494976639,3.60094666481018,,
2904.4570679318613,-0.0004461564240045,3.60094666481018,,
2905.4709400695215,0.005672391038388,3.60094666481018,,
2906.4849654455015,0.0071120494976639,3.60094666481018,,
2907.4989603861613,0.007471963763237,3.60094666481018,,
2908.5131386465614,0.0053124763071537,3.60078477859497,,
2909.5269088612813,0.005672391038388,3.60110855102539,,
2910.5409894455315,0.0027930745854973,3.60110855102539,,
2911.5549008659914,0.0071120494976639,3.60110855102539,,
2912.5688763422013,0.005672391038388,3.60094666481018,,
2913.5828489872115,0.0053124763071537,3.60094666481018,,
2914.5968725937014,0.00783187802881,3.60110855102539,,
2915.6110023699216,0.0060323057696223,3.60094666481018,,
2916.6248313318915,0.00207324558869,3.60110855102539,,
2917.6388432597114,0.0035129035823047,3.60094666481018,,
2918.6528049338513,0.0063922200351953,3.60094666481018,,
2919.6667241401015,0.00783187802881,3.60110855102539,,
2920.6807388991115,0.003872818313539,3.60094666481018,,
2921.6947264078813,0.005672391038388,3.60094666481018,,
2922.7089032526915,0.0049525620415806,3.60078477859497,,
2923.7226713440114,0.0071120494976639,3.60110855102539,,
2924.7369101211616,0.0053124763071537,3.60094666481018,,
2925.7506732579013,0.0045926473103463,3.60094666481018,,
2926.7640495829014,0.007471963763237,3.60094666481018,,
2927.7786443825617,0.0049525620415806,3.60094666481018,,
2928.7926449856013,0.0017133308574557,3.60094666481018,,
2929.8067949340816,0.0045926473103463,3.60110855102539,,
2930.8205778891615,0.0053124763071537,3.60094666481018,,
2931.8345597355515,0.0071120494976639,3.60110855102539,,
2932.8485681243815,0.0049525620415806,3.60094666481018,,
2933.8624947625117,0.0053124763071537,3.60094666481018,,
2934.8765279242716,0.0053124763071537,3.60078477859497,,
2935.8904743807516,0.0071120494976639,3.60110855102539,,
2936.9040269475113,0.0049525620415806,3.60094666481018,,
2937.9184288721513,0.0045926473103463,3.60094666481018,,
2938.9324220433214,0.0071120494976639,3.60094666481018,,
2939.9464736078316,0.00783187802881,3.60110855102539,,
2940.9604126324316,0.0035129035823047,3.60110855102539,,
2941.9738820329017,-0.0004461564240045,3.60094666481018,,
2942.9884272866916,0.0053124763071537,3.60078477859497,,
2944.0025446764416,0.0053124763071537,3.60094666481018,,
2945.0163534661615,0.0063922200351953,3.60094666481018,,
2946.0303190331915,0.005672391038388,3.60078477859497,,
2947.0443394545914,0.005672391038388,3.60094666481018,,
2948.0582781252915,0.0035129035823047,3.60094666481018,,
2949.0722850985117,0.0035129035823047,3.60078477859497,,
2950.0863341857416,0.0049525620415806,3.60078477859497,,
2951.1004296337414,0.0060323057696223,3.60094666481018,,
2952.1142147122314,0.0063922200351953,3.60110855102539,,
2953.1282262861414,0.0067521347664296,3.60094666481018,,
2954.1424211798017,0.0060323057696223,3.60110855102539,,
2955.1563941787113,0.0053124763071537,3.60094666481018,,
2956.1703498365714,0.0060323057696223,3.60110855102539,,
2957.1842039253816,0.0045926473103463,3.60094666481018,,
2958.1983269775214,0.0053124763071537,3.60094666481018,,
2959.2121074553115,0.0081917932257056,3.60094666481018,,
2960.2261045193613,0.0071120494976639,3.60110855102539,,
2961.2401033529113,0.0017133308574557,3.60094666481018,,
2962.2540413158113,-0.0015259000938385,3.60094666481018,,
2963.2682500115416,0.0067521347664296,3.60094666481018,,
2964.2819950994217,0.0063922200351953,3.60094666481018,,
2965.2962193667113,0.0067521347664296,3.60094666481018,,
2966.3099846268415,0.003152989083901,3.60094666481018,,
2967.3239788597016,0.0045926473103463,3.60094666481018,,
2968.3386111726713,0.0060323057696223,3.60110855102539,,
2969.3521517068616,0.0063922200351953,3.60094666481018,,
2970.3659668667615,0.0049525620415806,3.60094666481018,,
2971.3799306643014,0.0071120494976639,3.60110855102539,,
2972.3940774276816,0.007471963763237,3.60110855102539,,
2973.4078848018016,0.0009935018606483,3.60094666481018,,
2974.4218648787014,0.0045926473103463,3.60094666481018,,
2975.4359366154713,0.0071120494976639,3.60094666481018,,
2976.4498409579514,0.0045926473103463,3.60110855102539,,
2977.4640202800515,0.005672391038388,3.60094666481018,,
2978.4780166363016,0.0053124763071537,3.60094666481018,,
2979.4921506593214,0.0049525620415806,3.60094666481018,,
2980.5057669279213,0.0045926473103463,3.60094666481018,,
2981.5199759775414,0.003872818313539,3.60094666481018,,
2982.5340027691213,0.004232732579112,3.60094666481018,,
2983.5477160060814,0.00783187802881,3.60094666481018,,
2984.5616925439813,0.0045926473103463,3.60110855102539,,
2985.5756991633116,0.0049525620415806,3.60094666481018,,
2986.5898406182114,0.005672391038388,3.60094666481018,,
2987.6036465767415,0.0060323057696223,3.60094666481018,,
2988.6176386862016,0.0067521347664296,3.60094666481018,,
2989.6317090073717,0.00783187802881,3.60110855102539,,
2990.6455988399916,-8.62418673932552e-05,3.60094666481018,,
2991.6595704233114,0.0049525620415806,3.60110855102539,,
2992.6735607632813,0.0053124763071537,3.60094666481018,,
2993.6877538874414,0.0060323057696223,3.60094666481018,,
2994.7015262255513,0.003872818313539,3.60094666481018,,
2995.7155201045216,0.0049525620415806,3.60094666481018,,
2996.7297574660715,0.0049525620415806,3.60078477859497,,
2997.7437322344813,0.0053124763071537,3.60094666481018,,
2998.7574783840614,0.003152989083901,3.60078477859497,,
2999.7717026513415,0.0067521347664296,3.60094666481018,,
3000.7862047294416,0.00783187802881,3.60094666481018,,
3001.7996571427516,0.0045926473103463,3.60094666481018,,
3002.8138184159916,0.000273672689218,3.60110855102539,,
3003.8276657807214,0.0060323057696223,3.60094666481018,,
3004.8415814479713,0.005672391038388,3.60094666481018,,
3005.8557310425513,0.0067521347664296,3.60094666481018,,
3006.8693809315614,0.0027930745854973,3.60094666481018,,
3007.8838720387917,0.0053124763071537,3.60110855102539,,
3008.8975176810113,0.0053124763071537,3.60094666481018,,
3009.9113204544515,0.0060323057696223,3.60110855102539,,
3010.9254987148515,0.0053124763071537,3.60094666481018,,
3011.9392285850713,0.005672391038388,3.60110855102539,,
3012.9532327271113,0.0081917932257056,3.60094666481018,,
3013.9672524407015,0.0024331600870937,3.60078477859497,,
3014.9816207449317,-0.0008060709806159,3.60110855102539,,
3015.9953757419917,0.0049525620415806,3.60094666481018,,
3017.0101860662116,0.0060323057696223,3.60094666481018,,
3018.0233790714715,0.003872818313539,3.60094666481018,,
3019.0359407207015,0.0049525620415806,3.60094666481018,,
3020.0513186991116,0.0049525620415806,3.60094666481018,,
3021.0651306739214,0.005672391038388,3.60110855102539,,
3022.0793050414413,0.004232732579112,3.60110855102539,,
3023.0930710093617,0.004232732579112,3.60094666481018,,
3024.1070567486513,0.00783187802881,3.60110855102539,,
3025.1212449182217,0.0024331600870937,3.60094666481018,,
3026.1352157937413,0.0027930745854973,3.60094666481018,,
3027.1489973332314,0.003872818313539,3.60094666481018,,
3028.1629905043915,0.00783187802881,3.60094666481018,,
3029.1771868136516,0.0053124763071537,3.60094666481018,,
3030.1909605673613,0.003872818313539,3.60094666481018,,
3031.2049385208616,0.0045926473103463,3.60094666481018,,
3032.2189472635814,0.005672391038388,3.60094666481018,,
3033.2328944278615,0.0049525620415806,3.60094666481018,,
3034.2469038783815,0.005672391038388,3.60110855102539,,
3035.2608821857816,0.0035129035823047,3.60094666481018,,
3036.2750133776017,0.005672391038388,3.60094666481018,,
3037.2888150893414,0.0063922200351953,3.60110855102539,,
3038.3028227703717,0.0060323057696223,3.60094666481018,,
3039.3168375293812,0.0071120494976639,3.60110855102539,,
3040.3307846936514,0.0060323057696223,3.60110855102539,,
3041.3451498127915,0.0027930745854973,3.60094666481018,,
3042.3587689125816,0.0035129035823047,3.60094666481018,,
3043.3729078901815,0.003152989083901,3.60078477859497,,
3044.3867188033014,0.003152989083901,3.60094666481018,,
3045.4007024191915,0.0017133308574557,3.60094666481018,,
3046.4147253178717,0.0006335872458294,3.60094666481018,,
3047.4287032713714,0.000273672689218,3.60094666481018,,
3048.4426422959714,0.0060323057696223,3.60094666481018,,
3049.4566485614014,0.0049525620415806,3.60094666481018,,
3050.4710055408614,0.0049525620415806,3.60094666481018,,
3051.4846005755116,0.0053124763071537,3.60094666481018,,
3052.4985810063113,0.0049525620415806,3.60078477859497,,
3053.5126017816015,0.0053124763071537,3.60094666481018,,
3054.5265846896914,0.0035129035823047,3.60094666481018,,
3055.5405431787412,0.00207324558869,3.60078477859497,,
3056.5545278563213,0.0045926473103463,3.60110855102539,,
3057.5686739119014,0.0053124763071537,3.60094666481018,,
3058.5824706690614,0.0049525620415806,3.60110855102539,,
3059.5964698565012,0.004232732579112,3.60094666481018,,
3060.6104984175813,0.0063922200351953,3.60094666481018,,
3061.6244618612113,0.0049525620415806,3.60094666481018,,
3062.6384217658615,0.0045926473103463,3.60094666481018,,
3063.6524255540016,0.003872818313539,3.60094666481018,,
3064.6665482522417,0.0053124763071537,3.60110855102539,,
3065.6803588114517,0.0067521347664296,3.60094666481018,,
3066.6943509209214,0.0067521347664296,3.60094666481018,,
3067.7083423225813,0.00207324558869,3.60110855102539,,
3068.7222880712716,0.0045926473103463,3.60094666481018,,
3069.7365080917616,0.0045926473103463,3.60078477859497,,
3070.7503133424916,0.004232732579112,3.60110855102539,,
3071.7644742618413,0.0049525620415806,3.60094666481018,,
3072.7783301201416,0.0060323057696223,3.60094666481018,,
3073.8066728388817,0.0035129035823047,3.60110855102539,,
3074.8218795301214,0.0045926473103463,3.60094666481018,,
3075.8346407784516,0.004232732579112,3.60078477859497,,
3076.8485628158915,0.0067521347664296,3.60094666481018,,
3077.8625598799413,0.0049525620415806,3.60094666481018,,
3078.8765526972115,0.0045926473103463,3.60110855102539,,
3079.8905129557515,0.0053124763071537,3.60110855102539,,
3080.9044976333416,0.005672391038388,3.60094666481018,,
3081.9197482080713,0.004232732579112,3.60078477859497,,
3082.9324461084616,0.0035129035823047,3.60094666481018,,
3083.9464534355816,0.0049525620415806,3.60110855102539,,
3084.9604306812917,0.003152989083901,3.60062289237976,,
3085.9744185439613,0.003872818313539,3.60094666481018,,
3086.9883975591615,0.0045926473103463,3.60094666481018,,
3088.0023942693115,0.004232732579112,3.60110855102539,,
3089.0176388277614,0.0045926473103463,3.60094666481018,,
3090.0303476990216,0.0049525620415806,3.60094666481018,,
3091.0443369772916,0.004232732579112,3.60094666481018,,
3092.0583205931816,0.0060323057696223,3.60078477859497,,
3093.0723024395716,0.0045926473103463,3.60078477859497,,
3094.0862906561415,0.0045926473103463,3.60094666481018,,
3095.1002671940514,0.003152989083901,3.60094666481018,,
3096.1155227233717,0.0045926473103463,3.60094666481018,,
3097.1282386726116,0.001353416359052,3.60094666481018,,
3098.1422413990513,-0.0011659855954349,3.60078477859497,,
3099.1562076738815,0.00207324558869,3.60094666481018,,
3100.1701838578815,0.0053124763071537,3.60094666481018,,
3101.1841777368513,0.0067521347664296,3.60094666481018,,
3102.1981436577817,0.0045926473103463,3.60094666481018,,
3103.2134236061315,0.0045926473103463,3.60110855102539,,
3104.2261253994116,0.0035129035823047,3.60110855102539,,
3105.2400998139215,0.0045926473103463,3.60094666481018,,
3106.2540876766016,0.005672391038388,3.60094666481018,,
3107.2680369642717,0.004232732579112,3.60078477859497,,
3108.2821037464514,0.0045926473103463,3.60094666481018,,
3109.2960406476514,0.005672391038388,3.60094666481018,,
3110.3115155944315,0.0071120494976639,3.60094666481018,,
3111.3239972624515,0.0063922200351953,3.6012704372406,,
3112.3383556575013,0.0024331600870937,3.60110855102539,,
3113.3519765267915,0.0035129035823047,3.60094666481018,,
3114.3659580192816,0.003872818313539,3.60094666481018,,
3115.3799154466415,0.0035129035823047,3.60094666481018,,
3116.3939160496816,0.0053124763071537,3.60094666481018,,
3117.4091959980415,0.0053124763071537,3.60110855102539,,
3118.4218988530115,0.003152989083901,3.60094666481018,,
3119.4358693746317,0.0024331600870937,3.60094666481018,,
3120.4498473281315,0.004232732579112,3.60094666481018,,
3121.4638419148914,0.0049525620415806,3.60094666481018,,
3122.4777713842113,0.0045926473103463,3.60078477859497,,
3123.4918187019416,0.0045926473103463,3.60094666481018,,
3124.5057998405314,0.0060323057696223,3.60094666481018,,
3125.5197689465613,0.005672391038388,3.60110855102539,,
3126.5337582248317,0.0053124763071537,3.60094666481018,,
3127.5477485648016,0.003872818313539,3.60110855102539,,
3128.5617233332114,0.004232732579112,3.60094666481018,,
3129.5756988094113,0.0049525620415806,3.60094666481018,,
3130.5896841948015,0.0053124763071537,3.60094666481018,,
3131.6049347695316,0.005672391038388,3.60110855102539,,
3132.6176447024914,0.0063922200351953,3.60094666481018,,
3133.6316527374115,0.0053124763071537,3.60110855102539,,
3134.6456218434314,0.0045926473103463,3.60110855102539,,
3135.6595856409713,0.00207324558869,3.60094666481018,,
3136.6735816433315,0.003152989083901,3.60094666481018,,
3137.6875390706814,0.0067521347664296,3.60094666481018,,
3138.7022736604913,0.0045926473103463,3.60110855102539,,
3139.7154949776814,0.0009935018606483,3.60078477859497,,
3140.7297234917514,0.0045926473103463,3.60094666481018,,
3141.7473604082516,0.004232732579112,3.60094666481018,,
3142.7574812152516,0.0045926473103463,3.60110855102539,,
3143.7714740325114,0.0049525620415806,3.60094666481018,,
3144.7854576484015,0.0053124763071537,3.60094666481018,,
3145.8006901742815,0.003872818313539,3.60094666481018,,
3146.8134089547116,0.004232732579112,3.60078477859497,,
3147.8273805380313,0.0035129035823047,3.60094666481018,,
3148.8414044984115,0.003872818313539,3.60094666481018,,
3149.8553445847115,0.0045926473103463,3.60094666481018,,
3150.8693512040413,0.0049525620415806,3.60094666481018,,
3151.8832888130414,0.003872818313539,3.60094666481018,,
3152.8985935343417,0.0060323057696223,3.60094666481018,,
3153.9112783404616,0.004232732579112,3.60094666481018,,
3154.9252732811115,0.003872818313539,3.60094666481018,,
3155.9392583126014,0.003872818313539,3.60094666481018,,
3156.9534751480014,0.0049525620415806,3.60078477859497,,
3157.9674555788015,0.0063922200351953,3.60094666481018,,
3158.9812615373316,0.005672391038388,3.60094666481018,,
3159.9965782911913,0.0049525620415806,3.60094666481018,,
3161.0092047039616,0.0009935018606483,3.60094666481018,,
3162.0231808879616,0.003872818313539,3.60094666481018,,
3163.0371974164714,0.0049525620415806,3.60078477859497,,
3164.0511449346413,0.004232732579112,3.60094666481018,,
3165.0651742035216,0.0067521347664296,3.60094666481018,,
3166.0790622666414,0.0053124763071537,3.60094666481018,,
3167.0944894370314,0.0027930745854973,3.60110855102539,,
3168.1070709046116,0.0024331600870937,3.60094666481018,,
3169.1210877870117,0.0045926473103463,3.60094666481018,,
3170.1350494611615,0.0045926473103463,3.60094666481018,,
3171.1490528953914,0.0045926473103463,3.60094666481018,,
3172.1630283716013,0.0049525620415806,3.60094666481018,,
3173.1770208349617,0.0053124763071537,3.60078477859497,,
3174.1923758099415,0.003872818313539,3.60094666481018,,
3175.2049855894415,0.004232732579112,3.60110855102539,,
3176.2189826534914,0.004232732579112,3.60094666481018,,
3177.2329471588314,0.003152989083901,3.60094666481018,,
3178.2469265279315,0.0071120494976639,3.60094666481018,,
3179.2609303160616,0.0045926473103463,3.60094666481018,,
3180.2748587236915,-8.62418673932552e-05,3.60110855102539,,
3181.2896697557117,0.0009935018606483,3.60094666481018,,
3182.3028429426213,0.003872818313539,3.60094666481018,,
3183.3168566399313,0.0035129035823047,3.60094666481018,,
3184.3312097264916,0.0035129035823047,3.60094666481018,,
3185.3448351964716,0.005672391038388,3.60094666481018,,
3186.3587526332217,0.004232732579112,3.60094666481018,,
3187.3727468660813,0.004232732579112,3.60094666481018,,
3188.3881121041313,0.003152989083901,3.60094666481018,,
3189.4007466565813,0.0063922200351953,3.60094666481018,,
3190.4147143470013,0.0049525620415806,3.60110855102539,,
3191.4287273365117,0.0024331600870937,3.60094666481018,,
3192.4426840560714,0.0045926473103463,3.60094666481018,,
3193.4566768733316,0.0045926473103463,3.60110855102539,,
3194.4706293461013,0.0045926473103463,3.60094666481018,,
3195.4860197109815,0.003872818313539,3.60094666481018,,
3196.4985912693814,0.005672391038388,3.60094666481018,,
3197.5395066082215,0.0067521347664296,3.60094666481018,,
3198.5435010675715,0.0053124763071537,3.60094666481018,,
3199.5561536688715,0.0049525620415806,3.60094666481018,,
3200.5700615503515,0.003872818313539,3.60094666481018,,
3201.5841024978913,0.0035129035823047,3.60094666481018,,
3202.5980624025415,0.003152989083901,3.60094666481018,,
3203.6121040578814,0.0027930745854973,3.60094666481018,,
3204.6260540533513,0.0017133308574557,3.60094666481018,,
3205.6414791003513,-0.0018858145922422,3.60094666481018,,
3206.6539795250314,0.0035129035823047,3.60094666481018,,
3207.6680448916113,0.0024331600870937,3.60078477859497,,
3208.6819938253816,0.003872818313539,3.60094666481018,,
3209.6959788568715,0.0063922200351953,3.60110855102539,,
3210.7099284984415,0.003152989083901,3.60094666481018,,
3211.7239506893316,0.003872818313539,3.60110855102539,,
3212.7394677501015,0.003872818313539,3.60110855102539,,
3213.7519062424317,0.003872818313539,3.60094666481018,,
3214.7658548223017,0.004232732579112,3.60094666481018,,
3215.7798826755816,0.0045926473103463,3.60094666481018,,
3216.7937898492514,0.003152989083901,3.60094666481018,,
3217.8078615860213,0.0049525620415806,3.60094666481018,,
3218.8218264452516,0.0049525620415806,3.60094666481018,,
3219.8372337973015,0.0060323057696223,3.60094666481018,,
3220.8497710274814,0.0060323057696223,3.60110855102539,,
3221.8637429647015,0.003872818313539,3.60110855102539,,
3222.8777732952713,0.003152989083901,3.60110855102539,,
3223.8917629274415,0.003152989083901,3.60094666481018,,
3224.9056562990513,-8.62418673932552e-05,3.60094666481018,,
3225.9197244968313,0.0045926473103463,3.60094666481018,,
3226.9344067095712,0.005672391038388,3.60110855102539,,
3227.9476938520015,0.0024331600870937,3.60110855102539,,
3228.9616378311816,0.0006335872458294,3.60110855102539,,
3229.9756529440915,0.0045926473103463,3.60094666481018,,
3231.0148012646214,0.004232732579112,3.60094666481018,,
3232.0192221724215,0.004232732579112,3.60094666481018,,
3233.0331820770616,0.0049525620415806,3.60094666481018,,
3234.0471752482313,0.004232732579112,3.60094666481018,,
3235.0611493088413,0.003872818313539,3.60094666481018,,
3236.0751566359613,0.00207324558869,3.60078477859497,,
3237.0905105492416,0.0067521347664296,3.60110855102539,,
3238.1031139585616,0.0017133308574557,3.60094666481018,,
3239.1170636001316,-0.0015259000938385,3.60094666481018,,
3240.1310964080017,0.0024331600870937,3.60110855102539,,
3241.1450878096616,0.0053124763071537,3.60094666481018,,
3242.1590487760113,0.0060323057696223,3.60094666481018,,
3243.1729962941813,0.0045926473103463,3.60110855102539,,
3244.1883700258113,0.004232732579112,3.60094666481018,,
3245.2009964385716,0.0035129035823047,3.60094666481018,,
3246.2149772232715,0.0045926473103463,3.60094666481018,,
3247.2289318194316,0.0053124763071537,3.60110855102539,,
3248.2429426855415,0.003152989083901,3.60094666481018,,
3249.2568990512013,0.0060323057696223,3.60094666481018,,
3250.2709233654814,0.0067521347664296,3.60094666481018,,
3251.2862383498514,0.0060323057696223,3.60094666481018,,
3252.2988803341814,0.0006335872458294,3.60094666481018,,
3253.3128423622215,0.0049525620415806,3.60094666481018,,
3254.3268436730614,0.004232732579112,3.60094666481018,,
3255.3411426130715,0.0045926473103463,3.60110855102539,,
3256.3548201062113,0.0049525620415806,3.60094666481018,,
3257.3687715172814,0.004232732579112,3.60094666481018,,
3258.3841427716116,0.004232732579112,3.60094666481018,,
3259.3967284859814,0.0027930745854973,3.60110855102539,,
3260.4107520924713,0.0035129035823047,3.60094666481018,,
3261.4247017340413,0.0053124763071537,3.60094666481018,,
3262.4387175547413,0.0045926473103463,3.60094666481018,,
3263.4526997550315,0.0053124763071537,3.60078477859497,,
3264.4666529355914,0.0053124763071537,3.60110855102539,,
3265.4820319757114,0.005672391038388,3.60094666481018,,
3266.4946530799916,0.0035129035823047,3.60094666481018,,
3267.5086476667416,0.003872818313539,3.60094666481018,,
3268.5226065096913,0.004232732579112,3.60094666481018,,
3269.5365841092917,0.0049525620415806,3.60110855102539,,
3270.5505893130317,0.0067521347664296,3.60110855102539,,
3271.5647134268615,0.0067521347664296,3.60110855102539,,
3272.5799296733817,0.0024331600870937,3.60110855102539,,
3273.5925865214713,0.00207324558869,3.60094666481018,,
3274.6065145752013,0.0049525620415806,3.60094666481018,,
3275.6204688174516,0.0049525620415806,3.60110855102539,,
3276.6344895927514,0.004232732579112,3.60094666481018,,
3277.6484264939513,0.0045926473103463,3.60110855102539,,
3278.6624561167214,0.004232732579112,3.60110855102539,,
3279.6777905655513,0.0024331600870937,3.60094666481018,,
3280.6905949895713,0.003152989083901,3.60094666481018,,
3281.7043981169013,0.0049525620415806,3.60094666481018,,
3282.7183870412814,0.004232732579112,3.60094666481018,,
3283.7324612553416,0.005672391038388,3.60094666481018,,
3284.7463507340613,0.0024331600870937,3.60094666481018,,
3285.7602844501716,0.0049525620415806,3.60094666481018,,
3286.7756741072617,0.004232732579112,3.60110855102539,,
3287.7882792860714,0.003872818313539,3.60110855102539,,
3288.8022802430214,0.001353416359052,3.60110855102539,,
3289.8162174981217,0.0063922200351953,3.60110855102539,,
3290.8302793257117,0.00207324558869,3.60110855102539,,
3291.8441875610915,0.0009935018606483,3.60094666481018,,
3292.8582341710116,0.003152989083901,3.60094666481018,,
3293.8735445547013,0.0049525620415806,3.60094666481018,,
3294.8861801688413,0.0045926473103463,3.60094666481018,,
3295.9001531677513,0.003872818313539,3.60094666481018,,
3296.9141555402916,0.0045926473103463,3.60094666481018,,
3297.9281005811713,0.0049525620415806,3.60110855102539,,
3298.9420739339917,0.004232732579112,3.60110855102539,,
3299.9560596732713,0.0027930745854973,3.60110855102539,,
3300.9714532232415,0.0024331600870937,3.60110855102539,,
3301.9840637105513,0.0035129035823047,3.60094666481018,,
3302.9980660830915,0.004232732579112,3.60094666481018,,
3304.0119859971314,0.0045926473103463,3.60110855102539,,
3305.0260251751815,0.003872818313539,3.60094666481018,,
3306.0400523206613,0.0053124763071537,3.60094666481018,,
3307.0539768353915,0.0060323057696223,3.60110855102539,,
3308.0693257940816,0.0027930745854973,3.60094666481018,,
3309.0819514990517,0.0035129035823047,3.60094666481018,,
3310.0959085725017,0.0045926473103463,3.60078477859497,,
3311.1099258088016,0.0063922200351953,3.60078477859497,,
3312.1238942070313,0.0063922200351953,3.60094666481018,,
3313.1378792385117,0.0024331600870937,3.60094666481018,,
3314.1520429890516,0.0035129035823047,3.60094666481018,,
3315.1672372938215,0.0035129035823047,3.60094666481018,,
3316.1798155763013,0.003872818313539,3.60094666481018,,
3317.1938105169615,0.004232732579112,3.60094666481018,,
3318.2077895321613,0.004232732579112,3.60110855102539,,
3319.2217809338313,0.003872818313539,3.60094666481018,,
3320.2357539327413,0.00207324558869,3.60094666481018,,
3321.2497697534513,0.0024331600870937,3.60110855102539,,
3322.2650942930914,0.0045926473103463,3.60094666481018,,
3323.2777189363615,0.004232732579112,3.60094666481018,,
3324.2916763637213,0.0049525620415806,3.60110855102539,,
3325.3056723660716,0.0045926473103463,3.60094666481018,,
3326.3196520890715,0.005672391038388,3.60094666481018,,
3327.3340044678416,0.0053124763071537,3.60110855102539,,
3328.3476164896515,0.0035129035823047,3.60094666481018,,
3329.3629859744815,0.0024331600870937,3.60094666481018,,
3330.3755876143114,0.0049525620415806,3.60094666481018,,
3331.3895839705715,0.000273672689218,3.60094666481018,,
3332.4035477681014,-0.0033254728186875,3.60110855102539,,
3333.4175504945415,0.0024331600870937,3.60094666481018,,
3334.4315100452914,0.003872818313539,3.60094666481018,,
3335.4455198497117,0.0049525620415806,3.60110855102539,,
3336.4607990902714,0.0063922200351953,3.60094666481018,,
3337.4734732794113,0.0045926473103463,3.60110855102539,,
3338.4875308602213,0.0027930745854973,3.60094666481018,,
3339.5014380338916,0.0035129035823047,3.60094666481018,,
3340.5154074938214,0.0035129035823047,3.60094666481018,,
3341.5294194216312,0.0024331600870937,3.60110855102539,,
3342.5433934822413,0.0053124763071537,3.60110855102539,,
3343.5573827605112,0.0049525620415806,3.60094666481018,,
3344.5713416034614,0.0053124763071537,3.60094666481018,,
3345.5853146023715,0.0024331600870937,3.60094666481018,,
3346.5993141437216,0.003872818313539,3.60094666481018,,
3347.6133080226814,0.004232732579112,3.60094666481018,,
3348.6272983626513,0.003872818313539,3.60094666481018,,
3349.6412720693615,0.0035129035823047,3.60094666481018,,
3350.6565633424916,0.0071120494976639,3.60110855102539,,
3351.6692446096213,0.003152989083901,3.60094666481018,,
3352.6832200858316,0.0009935018606483,3.60094666481018,,
3353.6972150264914,0.000273672689218,3.60094666481018,,
3354.7111887332017,0.004232732579112,3.60110855102539,,
3355.7253563766317,0.0053124763071537,3.60110855102539,,
3356.7394426232613,0.005672391038388,3.60094666481018,,
3357.7545134172415,0.0027930745854973,3.60094666481018,,
3358.7673249192417,0.003152989083901,3.60110855102539,,
3359.7813131358216,0.003872818313539,3.60094666481018,,
3360.7952843652315,0.0027930745854973,3.60094666481018,,
3361.8092934618617,0.005672391038388,3.60110855102539,,
3362.8232452268217,0.0053124763071537,3.60094666481018,,
3363.8372500766613,0.0045926473103463,3.60110855102539,,
3364.8523389194916,0.0053124763071537,3.60078477859497,,
3365.8650046150615,0.0053124763071537,3.60110855102539,,
3366.8789924777316,0.0035129035823047,3.60094666481018,,
3367.8929930807813,0.003152989083901,3.60094666481018,,
3368.9068860984917,0.0045926473103463,3.60078477859497,,
3369.9209394325017,0.0027930745854973,3.60078477859497,,
3370.9349853346316,0.0045926473103463,3.60094666481018,,
3371.9502015811513,0.004232732579112,3.60110855102539,,
3372.9628909879616,0.0024331600870937,3.60094666481018,,
3373.9768799123317,0.0027930745854973,3.60094666481018,,
3374.9908511417516,0.0045926473103463,3.60094666481018,,
3376.0048439590114,0.004232732579112,3.60094666481018,,
3377.0190243428115,0.004232732579112,3.60094666481018,,
3378.0328094212914,0.003872818313539,3.60094666481018,,
3379.0482847219614,0.003872818313539,3.60094666481018,,
3380.0609684663914,0.0049525620415806,3.60110855102539,,
3381.0747531909715,0.0024331600870937,3.60094666481018,,
3382.0889505619216,0.0024331600870937,3.60094666481018,,
3383.1027190071413,0.001353416359052,3.60110855102539,,
3384.1167008535413,-0.0029655583202838,3.60094666481018,,
3385.1306915474015,0.00207324558869,3.60110855102539,,
3386.1459566320013,0.00207324558869,3.60094666481018,,
3387.1586531167914,0.007471963763237,3.60110855102539,,
3388.1812485138416,0.005672391038388,3.60110855102539,,
3389.1866270726514,0.0035129035823047,3.60094666481018,,
3390.2006121041313,0.0024331600870937,3.60094666481018,,
3391.2145879342415,0.003872818313539,3.60094666481018,,
3392.2285655338414,0.004232732579112,3.60094666481018,,
3393.2438645927514,0.003152989083901,3.60094666481018,,
3394.2565391357916,0.003872818313539,3.60094666481018,,
3395.2705121347117,0.0067521347664296,3.60094666481018,,
3396.2845063675713,0.00207324558869,3.60110855102539,,
3397.2985179414814,-0.0029655583202838,3.60094666481018,,
3398.3124767844315,0.0024331600870937,3.60110855102539,,
3399.3267870492014,0.0045926473103463,3.60094666481018,,
3400.3417513195513,0.0049525620415806,3.60110855102539,,
3401.3544152456216,0.0024331600870937,3.60110855102539,,
3402.3685995223113,0.001353416359052,3.60094666481018,,
3403.3826709051814,0.0045926473103463,3.60110855102539,,
3404.3963685705717,0.0053124763071537,3.60110855102539,,
3405.4103447545813,0.0049525620415806,3.60094666481018,,
3406.4243350945517,0.0024331600870937,3.60094666481018,,
3407.4396231825913,0.0045926473103463,3.60094666481018,,
3408.4523051575216,0.005672391038388,3.60110855102539,,
3409.4662940818916,0.0049525620415806,3.60110855102539,,
3410.4802451390615,0.0027930745854973,3.60094666481018,,
3411.4942506966913,0.0035129035823047,3.60110855102539,,
3412.5082516536313,0.003872818313539,3.60094666481018,,
3413.5222384546114,0.0035129035823047,3.60094666481018,,
3414.5375088476917,0.0027930745854973,3.60110855102539,,
3415.5501826829413,0.0053124763071537,3.60094666481018,,
3416.5641616981416,0.003152989083901,3.60078477859497,,
3417.5781488530115,0.0024331600870937,3.60094666481018,,
3418.5921406085813,0.0024331600870937,3.60094666481018,,
3419.6061320102513,0.0049525620415806,3.60094666481018,,
3420.6201043013616,0.0045926473103463,3.60110855102539,,
3421.6348268586116,0.0027930745854973,3.60094666481018,,
3422.6480655168516,0.003152989083901,3.60110855102539,,
3423.6620477171414,0.0049525620415806,3.60094666481018,,
3424.6760394727116,0.004232732579112,3.60110855102539,,
3425.6900128255215,0.0024331600870937,3.60094666481018,,
3426.7040006881916,0.004232732579112,3.60094666481018,,
3427.7179935054614,0.0053124763071537,3.60110855102539,,
3428.7336139047716,0.005672391038388,3.60110855102539,,
3429.7459724159016,0.005672391038388,3.60094666481018,,
3430.7601372281415,0.0006335872458294,3.60094666481018,,
3431.7739159364314,0.0027930745854973,3.60094666481018,,
3432.7879572378815,0.003872818313539,3.60094666481018,,
3433.8018927234816,0.0024331600870937,3.60094666481018,,
3434.8158689074917,-0.0015259000938385,3.60094666481018,,
3435.8312394540217,0.0024331600870937,3.60094666481018,,
3436.8438329541714,0.0035129035823047,3.60094666481018,,
3437.8578229402415,0.003872818313539,3.60110855102539,,
3438.8718097412216,0.0060323057696223,3.60094666481018,,
3439.8857997272917,0.0049525620415806,3.60094666481018,,
3440.8997596319314,0.0027930745854973,3.60094666481018,,
3441.9137439556216,0.003152989083901,3.60078477859497,,
3442.9290026700314,0.003872818313539,3.60094666481018,,
3443.9417118951915,0.004232732579112,3.60078477859497,,
3444.9557089592413,0.0049525620415806,3.60094666481018,,
3445.9696794808615,0.003872818313539,3.60110855102539,,
3446.9837954550217,0.0035129035823047,3.60094666481018,,
3447.9976484821314,0.0053124763071537,3.60094666481018,,
3449.0116395299015,0.003872818313539,3.60094666481018,,
3450.0269166470616,0.0053124763071537,3.60094666481018,,
3451.0395926057013,0.00207324558869,3.60094666481018,,
3452.0535953321414,0.00207324558869,3.60094666481018,,
3453.0675757629415,0.0035129035823047,3.60110855102539,,
3454.0815491157514,0.0024331600870937,3.60094666481018,,
3455.0955146827814,-0.0029655583202838,3.60094666481018,,
3456.1095064383517,0.0024331600870937,3.60094666481018,,
3457.1235127037817,0.0024331600870937,3.60094666481018,,
3458.1374980891615,0.003152989083901,3.60110855102539,,
3459.1514268506817,0.0071120494976639,3.60110855102539,,
3460.1654532883613,0.0049525620415806,3.60094666481018,,
3461.1794269950715,0.0024331600870937,3.60110855102539,,
3462.1934215818314,0.0027930745854973,3.60110855102539,,
3463.2073620220312,0.003152989083901,3.60094666481018,,
3464.2226706362117,0.0035129035823047,3.60094666481018,,
3465.2353480104516,0.003152989083901,3.60094666481018,,
3466.2493422433113,0.0049525620415806,3.60094666481018,,
3467.2632961316713,0.0060323057696223,3.60094666481018,,
3468.2773229232516,0.0045926473103463,3.60094666481018,,
3469.2912821201016,0.004232732579112,3.60110855102539,,
3470.3052905089216,0.003152989083901,3.60094666481018,,
3471.3205290510814,0.003872818313539,3.60094666481018,,
3472.3336081008215,0.0045926473103463,3.60094666481018,,
3473.3472208304315,0.004232732579112,3.60078477859497,,
3474.3612168327913,0.000273672689218,3.60094666481018,,
3475.3751647048616,0.0035129035823047,3.60094666481018,,
3476.3891847723617,0.003152989083901,3.60110855102539,,
3477.4031482160017,0.0009935018606483,3.60094666481018,,
3478.4348214793413,-0.0033254728186875,3.60094666481018,,
3479.4467415094714,0.0053124763071537,3.60094666481018,,
3480.4607127388813,0.0053124763071537,3.60094666481018,,
3481.4760025964215,0.0053124763071537,3.60094666481018,,
3482.4886778472614,0.0024331600870937,3.60094666481018,,
3483.5026639404414,0.0027930745854973,3.60094666481018,,
3484.5166472024316,0.003152989083901,3.60094666481018,,
3485.5306340034113,0.003872818313539,3.60094666481018,,
3486.5446215121815,0.0049525620415806,3.60110855102539,,
3487.5586068975713,0.0063922200351953,3.60094666481018,,
3488.5738847225316,0.004232732579112,3.60110855102539,,
3489.5865670513613,0.003872818313539,3.60078477859497,,
3490.6005442970613,0.003872818313539,3.60094666481018,,
3491.6145332214314,0.004232732579112,3.60110855102539,,
3492.6285469187414,0.0027930745854973,3.60110855102539,,
3493.6425004532016,0.0024331600870937,3.60094666481018,,
3494.6564844229915,0.00207324558869,3.60110855102539,,
3495.6717576472715,0.0024331600870937,3.60078477859497,,
3496.6844665185313,0.0035129035823047,3.60094666481018,,
3497.6984335011516,0.003152989083901,3.60110855102539,,
3498.7124111007615,0.00207324558869,3.60110855102539,,
3499.7265245976214,0.003152989083901,3.60110855102539,,
3500.7403744396415,0.0045926473103463,3.60094666481018,,
3501.7543587633213,0.003872818313539,3.60094666481018,,
3502.7696656080116,0.0049525620415806,3.60110855102539,,
3503.7822966214717,0.0045926473103463,3.60094666481018,,
3504.7963205818514,0.0024331600870937,3.60094666481018,,
3505.8102461582816,0.0035129035823047,3.60110855102539,,
3506.8242800278513,0.0027930745854973,3.60094666481018,,
3507.8382703678217,0.0071120494976639,3.60094666481018,,
3508.8522490291116,0.0049525620415806,3.60110855102539,,
3509.8674858017816,-8.62418673932552e-05,3.60110855102539,,
3510.8802148452914,-0.0033254728186875,3.60094666481018,,
3511.8941460841115,0.004232732579112,3.60094666481018,,
3512.9081190830216,0.0049525620415806,3.60110855102539,,
3513.9221642773514,0.0045926473103463,3.60094666481018,,
3514.9361652343014,0.003872818313539,3.60110855102539,,
3515.9500996582115,0.003152989083901,3.60094666481018,,
3516.9654372921214,0.0027930745854973,3.60094666481018,,
3517.9780583964016,0.00207324558869,3.60094666481018,,
3518.9920841262815,0.001353416359052,3.60078477859497,,
3520.0060436770314,0.0049525620415806,3.60094666481018,,
3521.0200485268615,0.0053124763071537,3.60094666481018,,
3522.0340063081117,0.003872818313539,3.60094666481018,,
3523.0480249600114,0.0024331600870937,3.60094666481018,,
3524.0632589014813,0.0035129035823047,3.60094666481018,,
3525.0759727273316,0.003152989083901,3.60094666481018,,
3526.0899528042314,0.003152989083901,3.60078477859497,,
3527.1039530533717,0.003152989083901,3.60094666481018,,
3528.1179200360016,0.0063922200351953,3.60094666481018,,
3529.1319309021214,0.0067521347664296,3.60110855102539,,
3530.1460776655013,0.0045926473103463,3.60110855102539,,
3531.1611725246216,0.0017133308574557,3.60094666481018,,
3532.1738470676614,0.0035129035823047,3.60094666481018,,
3533.1878476707116,0.003152989083901,3.60110855102539,,
3534.2018040363614,0.003152989083901,3.60094666481018,,
3535.2158124251914,0.0027930745854973,3.60094666481018,,
3536.2297574660715,-0.0004461564240045,3.60094666481018,,
3537.2437867349413,0.0024331600870937,3.60094666481018,,
3538.2590634982116,0.00207324558869,3.60094666481018,,
3539.2717369795614,0.003872818313539,3.60110855102539,,
3540.2857078550815,0.0063922200351953,3.60094666481018,,
3541.2997250913813,0.0045926473103463,3.60094666481018,,
3542.3136924279115,0.0035129035823047,3.60110855102539,,
3543.3280242805213,0.0006335872458294,3.60094666481018,,
3544.3416398413315,0.0024331600870937,3.60094666481018,,
3545.3564253926215,0.0024331600870937,3.60094666481018,,
3546.3695762838815,0.0024331600870937,3.60094666481018,,
3547.3836144002316,0.00207324558869,3.60110855102539,,
3548.3975743048713,0.0045926473103463,3.60094666481018,,
3549.4115724306216,0.0035129035823047,3.60078477859497,,
3550.4255394132515,0.004232732579112,3.60094666481018,,
3551.4395428474913,0.004232732579112,3.60094666481018,,
3552.4548277504314,0.0060323057696223,3.60094666481018,,
3553.4675178650414,0.003872818313539,3.60094666481018,,
3554.4814788313815,0.0027930745854973,3.60110855102539,,
3555.4954797883315,0.003872818313539,3.60094666481018,,
3556.0583602298816,0.0024331600870937,3.60094666481018,,
3557.0754179812916,0.0,3.60078477859497,,
3558.0894079673617,0.0,3.60094666481018,,
3559.1033749499816,0.0,3.60094666481018,,
3560.1173341468316,0.0,3.60078477859497,,
3561.1313481980415,0.0,3.60078477859497,,
3562.1466925560417,0.0,3.60078477859497,,
3563.1593179071115,0.0,3.60062289237976,,
3564.1732523310216,0.0,3.60062289237976,,
3565.1876510705715,0.0,3.60078477859497,,
3566.0778007840513,0.0,3.60078477859497,,
