Time,X-averaged positive electrode hysteresis state,Minimum negative surface potential [V],Minimum negative particle surface stoichiometry,Maximum negative particle surface stoichiometry
0.0,1.0,0.5032923150968938,0.07386536793970387,0.07386536793970387
1.0080246625218,1.0,0.5032923150971376,0.07386536793966089,0.07386536793966236
2.00807031550815,1.0,0.5032923150973756,0.0738653679396141,0.07386536793961622
3.0081028742270903,1.0,0.5032923150975794,0.0738653679395708,0.07386536793957327
4.015331617630411,1.0,0.5032923150977949,0.07386536793952628,0.07386536793952918
5.016170712441401,1.0,0.5032923150980091,0.07386536793948209,0.07386536793948538
6.02223335824784,1.0,0.5032923150981786,0.07386536793944655,0.07386536793945012
7.02726721931554,1.0,0.5032923150983347,0.07386536793941369,0.07386536793941738
8.03630190992277,1.0,0.5032923150984914,0.07386536793938066,0.07386536793938457
9.04343899345429,1.0,0.5032923150986478,0.07386536793934773,0.07386536793935178
10.05335737016149,1.0,0.5032923150988046,0.07386536793931468,0.07386536793931892
11.06241223301849,1.0,0.5032923150989188,0.0738653679392905,0.07386536793929471
12.06744113949859,1.0,0.5032923150990227,0.07386536793926837,0.07386536793927269
13.075465802020389,1.0,0.503292315099127,0.07386536793924621,0.07386536793925054
14.08453163575009,1.0,0.5032923150992313,0.073865367939224,0.07386536793922838
15.089581068378989,1.0,0.5032923150993353,0.07386536793920191,0.07386536793920628
16.09762802654529,1.0,0.5032923150994287,0.07386536793918223,0.07386536793918667
17.10463699859569,1.0,0.5032923150995202,0.073865367939163,0.0738653679391675
18.110724063441392,1.0,0.5032923150996116,0.07386536793914378,0.07386536793914832
19.115746599737292,1.0,0.503292315099703,0.07386536793912461,0.07386536793912919
20.116749195941193,1.0,0.5032923150997939,0.07386536793910549,0.07386536793911014
21.116817498471192,1.0,0.503292315099821,0.07386536793909916,0.07386536793910371
22.11984404373629,1.0,0.5032923150998391,0.07386536793909469,0.07386536793909906
23.124887813979292,1.0,0.5032923150998571,0.07386536793909017,0.07386536793909443
24.133920027292692,1.0,0.5032923150998753,0.07386536793908566,0.07386536793908975
25.14198078752459,1.0,0.5032923150998934,0.07386536793908115,0.0738653679390851
26.143035760798192,1.0,0.5032923150999227,0.07386536793907496,0.07386536793907889
27.14806148218609,1.0,0.5032923150999533,0.07386536793906857,0.07386536793907246
28.15710183517929,1.0,0.5032923150999841,0.07386536793906215,0.07386536793906599
29.16315492570949,1.0,0.5032923151000148,0.07386536793905575,0.07386536793905957
30.172147148422493,1.0,0.5032923151000456,0.07386536793904934,0.07386536793905314
31.17619929333419,1.0,0.5032923151000205,0.073865367939054,0.07386536793905761
32.18326099635339,1.0,0.5032923150999911,0.07386536793905951,0.0738653679390629
33.190285893864186,1.0,0.5032923150999616,0.07386536793906501,0.07386536793906821
34.19831728046929,1.0,0.5032923150999322,0.0738653679390705,0.07386536793907354
35.20736612704129,1.0,0.5032923150999027,0.07386536793907603,0.07386536793907884
36.21539822144459,1.0,0.5032923151000364,0.07386536793904956,0.07386536793905271
37.21846228001629,1.0,0.5032923151001754,0.07386536793902206,0.07386536793902557
38.22348517021129,1.0,0.5032923151003146,0.0738653679389945,0.07386536793899837
39.22570376378789,1.0,0.5032923151004535,0.073865367938967,0.07386536793897124
40.23061623745779,1.0,0.5032923151005927,0.07386536793893943,0.07386536793894403
41.23460149543609,1.0,0.50329231510057,0.07386536793894279,0.07386536793894714
42.24064715408489,1.0,0.5032923151005453,0.07386536793894656,0.07386536793895065
43.241682309007686,1.0,0.5032923151005206,0.0738653679389503,0.07386536793895414
44.24273515888659,1.0,0.5032923151004961,0.07386536793895401,0.07386536793895761
45.25075132782949,1.0,0.503292315100472,0.07386536793895766,0.07386536793896098
46.25780205997599,1.0,0.5032923151005344,0.0738653679389453,0.07386536793894873
47.259800882199684,1.0,0.5032923151005966,0.07386536793893299,0.07386536793893654
48.259879093904985,1.0,0.5032923151006586,0.0738653679389207,0.07386536793892437
49.26890316753869,1.0,0.5032923151007211,0.07386536793890833,0.07386536793891212
50.27695861928379,1.0,0.5032923151007846,0.07386536793889574,0.07386536793889964
51.283991656474385,1.0,0.5032923151008777,0.07386536793887669,0.07386536793888071
52.293050766120786,1.0,0.5032923151009708,0.07386536793885758,0.07386536793886173
53.30105844148489,1.0,0.5032923151010639,0.07386536793883851,0.0738653679388428
54.304118961065384,1.0,0.5032923151011565,0.07386536793881951,0.07386536793882394
55.30613689384159,1.0,0.503292315101257,0.07386536793879893,0.07386536793880352
56.309135834975386,1.0,0.5032923151014778,0.0738653679387542,0.07386536793875928
57.315203081470386,1.0,0.5032923151016991,0.07386536793870932,0.07386536793871487
58.31626407102899,1.0,0.5032923151019194,0.07386536793866467,0.0738653679386707
59.044301091707986,1.0,0.5032923151020796,0.07386536793863221,0.07386536793863858
60.04882786012069,1.0,0.4906442237762954,0.07561107124565751,0.07570621879126772
61.05583010808789,1.0,0.4763845824462693,0.0788593918621465,0.07901282393332026
62.065013082425985,1.0,0.464671721224853,0.08174448832428868,0.08193319578576923
63.06697368354489,1.0,0.4548488021542923,0.084310799679283,0.0845309808338761
64.07512044126268,1.0,0.4462853450047983,0.08665156994509042,0.08689975361120543
65.08321623750739,1.0,0.43871721332001073,0.08879386459371327,0.08906634849633528
66.09105191789969,1.0,0.4319077796526581,0.09077148756834838,0.09106488488817449
67.10027594453558,1.0,0.4256812660352732,0.09261466963922291,0.09292593235768903
68.10917403008288,1.0,0.4199259103797258,0.09434108955416368,0.09466749972612079
69.11822889293988,1.0,0.4145470832008561,0.09596893295962114,0.09630813599379098
70.12618949972119,1.0,0.4094807288834818,0.09751023899836844,0.0978602023725248
71.12723420992029,1.0,0.40470448288961774,0.09896754934455758,0.09932644122912092
72.13726831163939,1.0,0.4000988230084532,0.1003729160137159,0.10073936378081509
73.14327893427529,1.0,0.3956930817083225,0.10171576530269894,0.10208851153283388
74.14544585858059,1.0,0.39145975997630317,0.10300294469053796,0.10338093786163159
75.1524052847544,1.0,0.3873423030848559,0.10425074098016865,0.10463316150388005
76.15743383733529,1.0,0.3833526566901112,0.10545511515168465,0.10584126669535825
77.16106944298409,1.0,0.37947515974610624,0.10662070129701058,0.10701002816612562
78.16751642323369,1.0,0.3756832873894418,0.10775559463860496,0.10814767046241024
79.17577572087139,1.0,0.37197276485831976,0.10886132647400254,0.10925582212137268
80.17957730520689,1.0,0.36835832578020705,0.10993382349151583,0.11033049416690958
81.18863252196309,1.0,0.36480126713394145,0.11098548497464127,0.11138415692581304
82.19167782388149,1.0,0.36133549017341815,0.11200638570487008,0.11240694748738171
83.1977160506487,1.0,0.3579272467188006,0.11300758473616057,0.1134099798961144
84.20175651688959,1.0,0.3545882504612226,0.11398571642088323,0.11438995182940224
85.20496673579738,1.0,0.3513135225803837,0.11494341156919384,0.11534952123995912
86.20682293667619,1.0,0.3481038716134959,0.11588109228789534,0.11628912685428618
87.2088713047766,1.0,0.3449529812313315,0.11680107553367909,0.11721112270100975
88.21589726398479,1.0,0.341842322982499,0.11770908250874197,0.11812130354236597
89.2220161797511,1.0,0.3387903611618856,0.118600839260732,0.11901538486641913
90.22599471364609,1.0,0.3357999013092149,0.11947597933305254,0.1198930078095841
91.22901807381919,1.0,0.332866701413397,0.1203363132403676,0.12075600593123481
92.23203895669839,1.0,0.32998734372150823,0.12118338059290076,0.1216059367434083
93.23307340382298,1.0,0.32716688042629266,0.12201622403978657,0.12244184942032331
94.24312095370868,1.0,0.324374368121528,0.12284447356648868,0.12327342105058106
95.24416035542099,1.0,0.3216596366066019,0.12365386395368975,0.12408633623073163
96.24926216511949,1.0,0.31898653922448966,0.12445555800439341,0.12489181096372116
97.25731584736899,1.0,0.31635822158556975,0.12524903700672055,0.125689333011228
98.26550047229259,1.0,0.31378162897686546,0.12603253659191382,0.12647713750405695
99.26833237304209,1.0,0.31126932010842867,0.1268024882310275,0.12725164492220642
100.27539867675009,1.0,0.3087992578605791,0.12756630375649064,0.12802029360819528
101.27946108473608,1.0,0.3063882691356214,0.12831873425269308,0.12877780983790857
102.28648775174308,1.0,0.30402131271259714,0.12906471779325268,0.12952917931308341
103.2996343962131,1.0,0.30169135549179243,0.1298068599374166,0.13027703102673324
104.30452528203608,1.0,0.2994307781277922,0.13053496895428787,0.1310110930503661
105.30857494965409,1.0,0.297222047775294,0.13125475851378476,0.13173712149967873
106.31060102211009,1.0,0.2950674245115608,0.13196559869915328,0.13245447896576715
107.31064525950009,1.0,0.29296548872502765,0.1326678780991874,0.13316356393047746
108.31808032609008,1.0,0.2908955113283298,0.13336856309001058,0.13387142495250332
109.32471027218409,1.0,0.28887550416292646,0.13406201620115502,0.1345723574788349
110.32877268017009,1.0,0.28690800458793997,0.1347471727084914,0.13526528343182745
111.33180878071109,1.0,0.28499006356886736,0.1354251201107986,0.1359512961973117
112.33184877131208,1.0,0.2831236581667457,0.13609479394342594,0.13662932659869031
113.33487460877909,1.0,0.2812954368946326,0.13676078436527858,0.13730404961382503
114.3349482197951,1.0,0.2795169430779254,0.1374193138300056,0.137971619306081
115.33998491205608,1.0,0.2777734484090754,0.13807556431174223,0.13863728027495242
116.34798621723608,1.0,0.2760682788193858,0.13872826612004546,0.1392997588960381
117.3530324647731,1.0,0.27441084385629105,0.13937372237454443,0.13995530922320507
118.35512117737309,1.0,0.27280001942090065,0.14001210589006485,0.14060410147789815
119.36111268945609,1.0,0.27122392871603135,0.14064792768836476,0.14125072278954573
120.36211280836609,1.0,0.2696957811633546,0.14127571112606963,0.1418896049828077
121.36280963573209,1.0,0.268207259484072,0.14189856543045132,0.1425239110557289
122.36818288605409,1.0,0.2667504026344165,0.14251964027335873,0.1431568518510564
123.38091971534509,1.0,0.2653223815589473,0.14314040810435202,0.1437899258474613
124.38390803950509,1.0,0.263943701663989,0.14375092303810322,0.14441302052987115
125.3929579477741,1.0,0.26259317189779185,0.144360925574047,0.14503606694791646
126.39798756205309,1.0,0.2612836795313386,0.1449642764324055,0.14565278792782826
127.40099499676508,1.0,0.26001129244656535,0.14556228385624742,0.146264518895742
128.4060851277931,1.0,0.2587711811035091,0.14615721384596028,0.14687356668216847
129.4141649985771,1.0,0.25755923234775,0.14675005823295684,0.147480983855173
130.4198525113181,1.0,0.2563826276078224,0.14733776218345726,0.14808363524881027
131.4282116085071,1.0,0.25523463722058404,0.14792323876716965,0.14868449687047763
132.4292520719171,1.0,0.254125316339591,0.14850075766599044,0.14927769017850878
133.42932639073211,1.0,0.25304673671165256,0.14907412231922695,0.14986711974297748
134.4761136237501,1.0,0.2519477334926604,0.14967072180430102,0.1504809933945965
135.4957762587981,1.0,0.25090802039803245,0.15024812825354916,0.15107564132310158
136.5085750204341,1.0,0.24990415248212758,0.15081777481633205,0.15166280618609856
137.5238146242941,1.0,0.24892405643843238,0.15138544557315783,0.15224848753283038
138.5365369437201,1.0,0.2479722624794986,0.151948763846867,0.15283024089779262
139.5505078192381,1.0,0.24704614225243915,0.15250947894024605,0.15340983561901142
140.5644960358131,1.0,0.24614499335614926,0.15306677165472704,0.1539864259457378
141.57847752830511,1.0,0.24526850471417502,0.1536208625470046,0.15456025867180545
142.5924799008451,1.0,0.2444156426159317,0.15417187419692716,0.1551314582438741
143.6064327275081,1.0,0.2435865966318341,0.15471962161566052,0.15569981804125793
144.6204517333061,1.0,0.24277814070216902,0.15526472009535724,0.15626601493090558
145.6344155308421,1.0,0.24199190502589651,0.15580718810902608,0.1568300591181784
146.64840445521511,1.0,0.24122861384398064,0.1563462287569267,0.15739105926538716
147.6624001036711,1.0,0.2404839062907874,0.1568825790440295,0.1579498441376868
148.6763805344651,1.0,0.23976010750243765,0.15741628167868102,0.1585064478579553
149.6903330072291,1.0,0.23905559294969736,0.15794706162669925,0.15906056069791763
150.7043389187601,1.0,0.23836976627358186,0.1584751783621389,0.1596124662449334
151.7183271353351,1.0,0.23770213682074837,0.15900063879698537,0.16016216809474307
152.7323043810371,1.0,0.23705219044947684,0.15952348939048983,0.16070971171594153
153.7462678246741,1.0,0.2364193950752945,0.1600437725329076,0.16125513798102634
154.7602563951481,1.0,0.23580325928859883,0.1605615438576667,0.16179850178353708
155.7742364720431,1.0,0.23520320589658314,0.16107682920154628,0.1623398254752741
156.7882416757761,1.0,0.23461876856452435,0.16158968059640066,0.1628791597000497
157.8022058272111,1.0,0.23404952778271956,0.1621001077526354,0.16341650903394772
158.8162078458511,1.0,0.23349494786043434,0.1626081886630665,0.16395195099760138
159.83034788514811,1.0,0.23295452426740454,0.16311401167835288,0.16448557161612598
160.8441718925321,1.0,0.23242801558839665,0.16361739056243557,0.165017169148447
161.8581477226381,1.0,0.2319147684127007,0.16411861974802125,0.16554704693273173
162.87213523141511,1.0,0.2314144159180601,0.16461767949445436,0.16607517759839424
163.8861036296391,1.0,0.2309265220326098,0.16511460130588465,0.1666015880603302
164.9000957391041,1.0,0.23045062273012276,0.1656094553822065,0.1671263460107431
165.9140761698981,1.0,0.2299864798652499,0.16610221002381678,0.16764940593016764
166.9279709571061,1.0,0.2295341984284048,0.1665927046007588,0.16817057644461955
167.9420480023601,1.0,0.2290930440128573,0.16708117602464564,0.16869010715427554
168.9560266636591,1.0,0.22866261617548014,0.16756754407759245,0.16920789986747012
169.9699784286241,1.0,0.228242446128918,0.16805187912696334,0.16972401798060416
170.9839907103391,1.0,0.22783215874983365,0.16853424785881554,0.1702385225682694
171.9979640631511,1.0,0.2274315832904491,0.16901473726295607,0.17075149468432954
173.0119674973881,1.0,0.22704028841497667,0.16949340440685698,0.1712629844457551
174.0259500515771,1.0,0.2266581419724595,0.16997020563265444,0.171772928518672
175.0399258816831,1.0,0.2262851072719048,0.17044508006244288,0.17228124171680448
176.0539041890831,1.0,0.2259208584247552,0.17091808015359494,0.1727879682516636
177.0679175324951,1.0,0.2255646764374372,0.17138930511664607,0.17329319431983647
178.0818823917281,1.0,0.22521629890758063,0.17185873413898436,0.17379688190644074
179.0958575140361,1.0,0.22487557815215675,0.17232642677966048,0.17429907890688834
180.1098499774001,1.0,0.22454244344533753,0.17279242657437485,0.17479981580915177
181.1237989111731,1.0,0.22421656546333807,0.173256753207789,0.1752990975246468
182.1378161474751,1.0,0.2238974728884236,0.17371959283752347,0.17579710973346982
183.1520046709521,1.0,0.22358489305172854,0.17418103401373344,0.17629393144883365
184.1659780237641,1.0,0.2232792081384773,0.17464073910601818,0.176789171806025
185.1797673490341,1.0,0.22298028414054827,0.17509871916324962,0.17728282301637846
186.1937378706531,1.0,0.22268752206891734,0.17555519783618406,0.17777510154322707
187.2077384736971,1.0,0.2224002918451874,0.1760101839445921,0.17826598806447608
188.2217220895831,1.0,0.22211859241011234,0.1764636765014273,0.17875546313607762
189.2356911956061,1.0,0.22184252844354524,0.17691576216833918,0.179243605057966
190.2496779965841,1.0,0.22157211277865257,0.17736632840335004,0.17973026083777507
191.2636665670581,1.0,0.22130778387034009,0.17781508957307854,0.18021508377691947
192.2777425506151,1.0,0.2210485538768814,0.17826223180434198,0.18069825726808117
193.2916345066291,1.0,0.2207932329011055,0.178707917567404,0.18117994531912418
194.3056121062311,1.0,0.2205415459589704,0.17915283845154903,0.1816609022468538
195.3196013845031,1.0,0.22029593632571365,0.1795964997044314,0.18214054537772967
196.3335796919021,1.0,0.22005436378056759,0.1800387591052619,0.18261868894055036
197.3475700318721,1.0,0.21981684843714758,0.18047963673282344,0.18309532813639134
198.3615589562451,1.0,0.21958400979230908,0.18091903974378484,0.18357032966958672
199.3755287700661,1.0,0.21935464452141878,0.18135724087264982,0.18404397648139684
200.3895120320531,1.0,0.219128784497225,0.1817944270791598,0.18451645145736728
201.4035087422071,1.0,0.2189069414762885,0.18223046071575677,0.18498757712344077
202.4178692606551,1.0,0.2186885284645787,0.18266548560195814,0.18545748461533454
203.4314094409461,1.0,0.21847369561082283,0.18309901512000779,0.18592561166773197
204.4454309240381,1.0,0.21826213017905546,0.18353161032914025,0.18639255368664628
205.4594283419901,1.0,0.21805409768118764,0.183962863500321,0.18685781656138406
206.4733995714071,1.0,0.2178492310704999,0.18439294722815733,0.18732160260726463
207.4873987588551,1.0,0.21764576706225042,0.1848225177937221,0.1877846162366603
208.5013756506581,1.0,0.2174465451179126,0.18525088386084537,0.18824604553278526
209.5153642211321,1.0,0.21725011527792326,0.18567814765698035,0.18870598301213562
210.5293322654571,1.0,0.21705613928370449,0.18610436620661117,0.18916446663287365
211.5433095111591,1.0,0.21686441506031456,0.18652978931413955,0.1896217438660127
212.5573189616811,1.0,0.2166749479677207,0.18695442840189364,0.19007782367949547
213.5712788663271,1.0,0.2164882144604552,0.18737802692951971,0.19053237766875739
214.5852249689061,1.0,0.2163040122417898,0.18780066615633997,0.1909855038590573
215.5992475136961,1.0,0.21612198214741377,0.18822233676140399,0.1914371405683601
216.6132353763721,1.0,0.2159422202588755,0.1886429932259562,0.1918872372618754
217.6272327943241,1.0,0.21576464075051535,0.18906262630679832,0.1923357489804146
218.6411958840611,1.0,0.21558870559978976,0.1894815038398914,0.19278296583364327
219.6551841006361,1.0,0.21541420434975994,0.18989974656348285,0.1932290131776799
220.6691539144571,1.0,0.21524230325260002,0.19031688629267643,0.1936733260853806
221.6831502707121,1.0,0.21507235606500374,0.19073310232602833,0.19411610578397626
222.6971434418741,1.0,0.21490373945048918,0.1911484797426458,0.19455742755392516
223.7111121939981,1.0,0.21473700593111242,0.19156287949653383,0.19499711222856542
224.7251131509411,1.0,0.21457164799465214,0.1919765875284557,0.19543547712608264
225.7390482826481,1.0,0.214407527515813,0.1923896440011239,0.19587255792423636
226.7530637494551,1.0,0.2142453332545571,0.19280168217557941,0.19630791288780158
227.7670470114421,1.0,0.21408408821910854,0.1932132281202191,0.19674214049002658
228.7810292117321,1.0,0.21392390332045466,0.19362422765710727,0.1971751687731473
229.7950191978031,1.0,0.2137650947053832,0.19403450218981763,0.19760677830861564
230.8089918428161,1.0,0.21360763250240355,0.19444406104826753,0.19803697111031265
231.8230731348601,1.0,0.21345124735571755,0.19485298949114643,0.19846582675277558
232.8369657986721,1.0,0.2132960096013808,0.19526116466825919,0.1988932177789274
233.8509593237341,1.0,0.21314179592201396,0.1956687147431666,0.1993192722358561
234.8649379850331,1.0,0.21298853943151175,0.19607560547635983,0.19974394759062164
235.8789049676611,1.0,0.21283626263298588,0.19648183645279205,0.20016724555890933
236.8928988466221,1.0,0.21268481722425264,0.19688745115149547,0.20058920170554895
237.9068895404901,1.0,0.21253427127019558,0.19729242501701277,0.20100979477537861
238.9208625394031,1.0,0.21238449646145466,0.1976967878426392,0.20142904770125783
239.9348550027671,1.0,0.212235533411531,0.19810054187450274,0.20184696562668364
240.9488343718641,1.0,0.21208726857575183,0.19850369475015162,0.20226355647624067
241.9628087863741,1.0,0.21193967903993952,0.19890625353612665,0.20267882756100006
242.9768023114351,1.0,0.21179273138773316,0.19930825137601244,0.20309281794711367
243.9907399204361,1.0,0.2116463071708113,0.1997097205507367,0.20350557148742163
245.00476635811611,1.0,0.21150036313174908,0.2001107290787539,0.203917159926769
246.0187482045071,1.0,0.211354861562194,0.20051125147008134,0.20432756180728856
247.0327335898891,1.0,0.2112097385861388,0.2009113340695205,0.20473682945555377
248.0467288844461,1.0,0.21106537736797507,0.20131069806772378,0.20514465677774968
249.0607032989561,1.0,0.21092160571284793,0.201709442366976,0.20555115679770938
250.07467842126312,1.0,0.2107783764565386,0.2021075798112562,0.20595634724771017
251.0886606215531,1.0,0.21063526188968382,0.2025052435833933,0.20636039641688558
252.1026399906501,1.0,0.21049234750997506,0.202902385455322,0.2067632506273217
253.1182752537241,1.0,0.2103494182456784,0.20329963903144327,0.20716555716478305
254.1306135926071,1.0,0.21020748263141747,0.20369497397659614,0.20756526372682302
255.14460322477808,1.0,0.21006573697069839,0.20409034382637387,0.2079643549140079
256.15857126910305,1.0,0.209924180159758,0.20448515488555424,0.20836224853270283
257.17257293384506,1.0,0.20978267371820172,0.20487945786022108,0.20875900938045677
258.18655017954705,1.0,0.20964122091935808,0.20527323642608397,0.20915463072865098
259.20055396768305,1.0,0.20949985452170106,0.20566660273720622,0.20954924761397692
260.21452059641206,1.0,0.20935850455090968,0.2060595453838322,0.20994285976949606
261.22848757904006,1.0,0.2092173151542273,0.20645198763268144,0.2103353897625398
262.24248004240405,1.0,0.20907644219087926,0.20684384121873697,0.21072674774850977
263.25647639865906,1.0,0.20893586278677317,0.2072351141754787,0.2111169543097682
264.27046072234305,1.0,0.2087951655428758,0.20762583940495777,0.21150606628606047
265.28444221483505,1.0,0.20865441678254826,0.20801598775015095,0.21189406067659827
266.29836637567007,1.0,0.20851353026170638,0.2084056301937217,0.21228104106819135
267.31240343032306,1.0,0.20837246486525898,0.20879493041262745,0.21266719038109552
268.32639377029307,1.0,0.2082312684125871,0.2091837610708657,0.21305236596281513
269.34037915567507,1.0,0.20809010615127888,0.20957209960228373,0.21343658332293058
270.35434330710905,1.0,0.207948918134867,0.20995995383513305,0.2138198364850748
271.3683290463901,1.0,0.20780762038539083,0.21034733500982106,0.21420215351722738
272.3815963704601,1.0,0.20766619296877512,0.21073394966233328,0.21458327675039326
273.39629450866806,1.0,0.20752440803218455,0.21112062392816705,0.21496400163678844
274.41023424106305,1.0,0.207382597086067,0.211506519644916,0.21534354991455384
275.4245982985031,1.0,0.20724059048872956,0.2118920877607823,0.21572235741826512
276.43822341458105,1.0,0.20709850815671,0.21227688695264807,0.2160999980032249
277.45218968941106,1.0,0.20695607706136476,0.21266132803572999,0.21647691681719144
278.4661825066741,1.0,0.20681340522412156,0.2130452912001222,0.21685297425521685
279.48020965215306,1.0,0.20667049762344242,0.21342878026942647,0.2172282134784316
280.49415115404406,1.0,0.20652737172317018,0.213811749990409,0.21760259372015556
281.50816378965806,1.0,0.2063840084286733,0.21419424398910278,0.21797615304393814
282.5221212170091,1.0,0.20624045371024172,0.21457612049843908,0.21834878660324045
283.53613349872506,1.0,0.206096678371157,0.21495746653917552,0.21872056307140655
284.55008774098405,1.0,0.20595261713885143,0.21533824960928885,0.21909147498673384
285.56410851627805,1.0,0.20580816851667894,0.21571852674406505,0.21946160288259614
286.5780362161031,1.0,0.20566333615637256,0.2160982469696433,0.21983090288596413
287.5920569913971,1.0,0.2055179555303333,0.2164776510288353,0.2201996511811075
288.60599283090306,1.0,0.20537201046336626,0.21685667506293116,0.22056779812434898
289.62004793441105,1.0,0.20522560444346225,0.217235355487308,0.22093537859672907
290.63393918262705,1.0,0.2050790368735286,0.21761348964291571,0.22130218193207496
291.64798508475906,1.0,0.20493222236300088,0.21799123468181056,0.22166837855805976
292.6619456972021,1.0,0.20478508615237023,0.2183683745943973,0.22203376736524907
293.67597744336905,1.0,0.20463766272812906,0.21874494983226206,0.22239839407240125
294.68992389984805,1.0,0.20448978815469881,0.21912098011308476,0.22276229907020234
295.70393901275605,1.0,0.20434125052737506,0.21949659592868662,0.22312562988234436
296.7179261676331,1.0,0.20419215195125845,0.21987171319842033,0.22348830629939748
297.73189279636205,1.0,0.20404281742502822,0.22024623635030002,0.22385021874707653
298.74585340880606,1.0,0.2038931750959893,0.22062018832176952,0.2242114026746546
299.75982711551706,1.0,0.2037427528674731,0.22099381912436947,0.22457215856388718
300.77380294562306,1.0,0.2035915785762984,0.22136711958036723,0.224932484166983
301.78782159752205,1.0,0.20344004878704458,0.2217399579353796,0.2252922289080267
302.8017758397811,1.0,0.20328815524468583,0.22211232287428206,0.22565139553108338
303.81588969054405,1.0,0.20313579974140314,0.22248430388536494,0.22601008756701144
304.82974448715106,1.0,0.20298307691592102,0.2228557399782323,0.22636815860261458
305.8437712787291,1.0,0.20282994384571681,0.22322664073134002,0.22672559437102052
306.85772233589705,1.0,0.20267645480414903,0.2235968373511487,0.22708222531068809
307.87174275729205,1.0,0.2025222264459523,0.22396664446826378,0.22743841720225533
308.88569204496406,1.0,0.2023670273668913,0.2243361663466115,0.22779431120215896
309.8997000798891,1.0,0.20221128728033713,0.2247052692988637,0.2281497348989084
310.9136355654951,1.0,0.20205520274616692,0.2250738322424242,0.22850455167668696
311.9276595258811,1.0,0.20189865558218464,0.22544191171950068,0.22885884354543337
312.94161376814105,1.0,0.20174166957353598,0.22580945108463052,0.22921255578838762
313.9556394980221,1.0,0.20158391381187168,0.2261766588132245,0.2295659320483221
314.9695714446371,1.0,0.20142549792062578,0.22654343341047506,0.22991886236705547
315.98359080433505,1.0,0.20126644952344055,0.22690982229129336,0.23027139451865908
316.9975418615021,1.0,0.20110691789093285,0.2272757299791052,0.23062344280958924
318.0115665296861,1.0,0.20094680983147253,0.22764122992945207,0.23097507441115894
319.02551157056905,1.0,0.20078629973809642,0.22800610637755603,0.2313260836391673
320.0395305763671,1.0,0.20062531498500874,0.22837046624195903,0.23167657274295508
321.0535039291791,1.0,0.20046385156847457,0.2287342601674633,0.23202650271908068
322.06745604804405,1.0,0.2003018931293239,0.22909748714398911,0.23237587901839507
323.08145028090405,1.0,0.20013940194239555,0.22946019245060115,0.23272474586974248
324.0954664555091,1.0,0.19997613805899056,0.22982247365962247,0.23307323180841358
325.10943237644005,1.0,0.19981222296174705,0.23018425763822897,0.23342125082037835
326.12344147306305,1.0,0.19964767592793808,0.23054559066572006,0.23376885542541595
327.13738332885305,1.0,0.19948256896379782,0.23090645376370986,0.234116039949731
328.15138888648505,1.0,0.19931684603496438,0.23126688047017488,0.23446282858090697
329.16542806453305,1.0,0.19915042251916953,0.2316269715895358,0.2348093419484969
330.17936319624005,1.0,0.19898329286365735,0.2319867134661423,0.23515557435850545
331.19332487038105,1.0,0.19881547116410056,0.2323461081456975,0.23550151839582617
332.2073314897101,1.0,0.1986471321201359,0.23270500831866114,0.23584702332693042
333.2212935177501,1.0,0.19847824258655541,0.23306342381707096,0.23619210102690474
334.2352912896011,1.0,0.19830879056420367,0.23342138255407,0.23653677859035338
335.24925190204505,1.0,0.19813899214381836,0.23377868969279886,0.23688086121814994
336.2632641837601,1.0,0.1979687308513739,0.23413546077225691,0.23722446374884013
337.27717525032705,1.0,0.19779790565422034,0.23449170657202878,0.23756760850167588
338.2912215063571,1.0,0.1976260977188911,0.23484770309117844,0.23791059700635958
339.30519344357305,1.0,0.1974533566923401,0.23520336950298565,0.23825335005851356
340.3192152805641,1.0,0.19728026493590603,0.23555853975501145,0.238595678232494
341.3331567824551,1.0,0.19710707142430528,0.23591309957096784,0.23893746316089096
342.34715243091205,1.0,0.19693344692762244,0.2362671574877752,0.23927882209660467
343.36109641009705,1.0,0.1967588167275589,0.23662075946334077,0.23961981681901767
344.3751270945661,1.0,0.19658342347409352,0.23697390908342936,0.23996044575508757
345.3890915999001,1.0,0.19640774927963728,0.23732650984161277,0.24030061024112775
346.40309043344905,1.0,0.1962315200818102,0.23767868150179608,0.24064043968719376
347.4173957436341,1.0,0.19605436631817574,0.23803067070216724,0.24098019399390994
348.4310718211861,1.0,0.1958765606457905,0.23838208016988013,0.24131948040570397
349.4450034139021,1.0,0.19569799576294758,0.23873315784996568,0.24165853053296754
350.4590358678671,1.0,0.19551892688935743,0.2390838560774365,0.24199729751783144
351.4729947108151,1.0,0.1953395463845467,0.23943409858369274,0.24233570456166614
352.5067779207081,1.0,0.1951558673311463,0.23979091631817523,0.24268057411775265
353.5165713710261,1.0,0.1949757134629973,0.2401391784475699,0.24301728030445546
354.5305652499871,1.0,0.19479438582808717,0.24048831289681355,0.24335489406905836
355.5445202000451,1.0,0.19461254862972707,0.2408369528445528,0.24369210872519254
356.55852221868605,1.0,0.19443022679093824,0.24118510926268624,0.24402893711200302
357.5724980487911,1.0,0.19424735341478097,0.24153280759884121,0.2443654106097479
358.5865057298181,1.0,0.19406382389984742,0.24188013107229836,0.24470162078165897
359.6004436927181,1.0,0.1938796976753954,0.24222701732752547,0.24503750246434206
360.6144740232881,1.0,0.1936949452870117,0.24257352180311342,0.2453731093408401
361.62838756714905,1.0,0.1935096215684797,0.2429196259036582,0.24570843054605185
362.64243488487705,1.0,0.19332367730918693,0.24326540439721875,0.24604353707012314
363.65638169525505,1.0,0.19313715173414442,0.24361076565292566,0.2463783385363111
364.67038796068505,1.0,0.19295014240528863,0.24395570584252343,0.2467128249286531
365.6843361866591,1.0,0.19276268981535813,0.24430017634610762,0.24704694816927164
366.6983509456681,1.0,0.19257472524812333,0.24464424047006125,0.24738077191923766
367.7123430551331,1.0,0.19238621911744871,0.24498790117234867,0.2477143043415457
368.7263287944141,1.0,0.1921971442707726,0.24533118140904805,0.24804757047679407
369.7402805593801,1.0,0.19200753169582463,0.2456740532404831,0.24838054024468195
370.7542843475161,1.0,0.19181736649685646,0.24601655221466984,0.24871324939789255
371.76825911592505,1.0,0.19162666514107227,0.24635865788877995,0.2490456793963145
372.7822540565831,1.0,0.19143541736456626,0.2467003813648059,0.2493778399868044
373.7962040520531,1.0,0.19124363588617943,0.24704171906884992,0.24970972956608783
374.8102237656491,1.0,0.19105129981110108,0.24738274534559804,0.250041424065033
375.8243482333851,1.0,0.19085840180869423,0.2477234478990811,0.2503729091170659
376.8381998449001,1.0,0.19066502124774007,0.24806370106975778,0.2507040623278746
377.85213886949805,1.0,0.1904711235834664,0.24840363097201404,0.2510350059115778
378.8661610603881,1.0,0.19027670437915378,0.24874323532406023,0.2513657377485078
379.88010397787605,1.0,0.19008180312031397,0.24908246097410702,0.25169620595312675
380.8940808696791,1.0,0.18988640641560642,0.2494213470866734,0.2520264485484357
381.9081048300651,1.0,0.18969053309824815,0.24975988406569155,0.25235645437313353
382.9220887998501,1.0,0.18949424186330818,0.2500980051352933,0.25268615386377347
383.9360536590831,1.0,0.18929752247932918,0.2504357354717095,0.2530155733199866
384.9500546160261,1.0,0.18910037825145393,0.25077308810562643,0.2533447245967656
385.9640244298471,1.0,0.1889028362762173,0.2511100353153387,0.253673579791124
386.9780306952771,1.0,0.18870486856156907,0.25144660452535234,0.2540021669514193
387.9919707815721,1.0,0.18850646012461963,0.25178277388195475,0.25433046751292737
389.0059961575541,1.0,0.1883076209763385,0.2521185790792217,0.2546585135932469
390.0199213800861,1.0,0.18810839323692755,0.2524539563261336,0.25498624263390124
391.0339499411611,1.0,0.18790874266852076,0.2527889705416041,0.25531371783532
392.0478627772231,1.0,0.18770872233498828,0.2531235609531316,0.2556408801119923
393.0619454848631,1.0,0.18750828651443904,0.25345783579333503,0.255967835715638
394.0758756619821,1.0,0.18730750195323523,0.25379167730205654,0.2562944688730735
395.0898836969081,1.0,0.18710632981568281,0.25412516232611104,0.2566208546553575
396.1038602348121,1.0,0.18690479851653977,0.2544582558228504,0.2569469586672555
397.1178682697381,1.0,0.18670281169499092,0.2547910552014468,0.25727288353300093
398.1318193269051,1.0,0.1865003227627609,0.2551235917473754,0.2575986655325426
399.1458312547211,1.0,0.18629735779027867,0.2554558692059056,0.25792430476848033
400.15999358966207,1.0,0.1860938870575215,0.255787933168631,0.25824984733006057
401.1737822071341,1.0,0.18589000422917204,0.25611962844015745,0.25857514240003954
402.1877612223321,1.0,0.1856858833763116,0.2564509977441428,0.2589002109861288
403.2017289127581,1.0,0.18548162745440866,0.2567819346189109,0.2592249436878404
404.2157373015831,1.0,0.1852770599315035,0.2571125407572894,0.25954945243542094
405.2297134855881,1.0,0.18507219551138512,0.2574427923856735,0.2598737138949888
406.2436871922991,1.0,0.18486700417721197,0.25777271556452314,0.2601977550804702
407.2576969967201,1.0,0.18466132944983493,0.258102424056096,0.2605216965556522
408.2716569013651,1.0,0.18445529296233173,0.258431818961571,0.26084543498882196
409.2856918326241,1.0,0.1842488693158567,0.25876094085346835,0.26116901025968425
410.2996237792391,1.0,0.18404215690641376,0.25908974213209945,0.26149237378485063
411.3136233205861,1.0,0.18383517940590832,0.25941828768602326,0.26181558769618113
412.3276076442701,1.0,0.18362789823257775,0.2597465415894059,0.2621386182545181
413.3415855977711,1.0,0.18342031158759525,0.2600745067155705,0.2624614682841525
414.3555352393421,1.0,0.18321268963096432,0.2604019921837949,0.26278392924254385
415.3695553068381,1.0,0.18300496471654756,0.2607290626676775,0.26310606849147977
416.3835268901541,1.0,0.18279709840221103,0.2610557232474383,0.26342789589246923
417.3975310321891,1.0,0.18258906232221797,0.26138200855884386,0.2637494465169274
418.4114937680281,1.0,0.18238068906625624,0.2617080271065681,0.26407084201610126
419.42584119220805,1.0,0.1821720001281416,0.2620338366147943,0.2643921305689089
420.4394517984231,1.0,0.18196322636656911,0.26235907702769157,0.26471295706401715
421.4534520475681,1.0,0.18175416822012336,0.2626841510087358,0.26503371890453786
422.4674243386831,1.0,0.1815449086805905,0.2630089207217135,0.2653542801134747
423.4814256495251,1.0,0.1813354278306005,0.26333339406081263,0.26567464842481586
424.4954036030261,1.0,0.18112569198592904,0.2636576209348338,0.2659948780209855
425.5093493517061,1.0,0.18091564766691065,0.26398168142814826,0.26631505406112765
426.5233630490181,1.0,0.18070531816417837,0.2643055415418277,0.2666351381487717
427.5373477266021,1.0,0.1804947770658159,0.26462914141258614,0.2669550676371598
428.5513554076281,1.0,0.18028460188997641,0.26495218000194254,0.2672745066438754
429.5653167278701,1.0,0.18007447237787685,0.265274815900665,0.2675936337143395
430.5792876033881,1.0,0.1798641614473916,0.2655971479796144,0.2679125583059577
431.5932878525331,1.0,0.17965368734627193,0.26591917410719756,0.26823127710686584
432.6072251076351,1.0,0.1794429172117589,0.266240981101182,0.2685498854742876
433.6212611005911,1.0,0.1792316936959645,0.2665627073734687,0.26886852794321137
434.6352323300081,1.0,0.17902030310959374,0.2668841613851049,0.26918700064739576
435.6492230238771,1.0,0.17880919017398708,0.2672051491280521,0.2695050864490364
436.6631677108601,1.0,0.17859814173960317,0.2675257587217176,0.2698228849892342
437.67717786918007,1.0,0.17838698429790267,0.26784611030318084,0.2701405263163634
438.6911703325451,1.0,0.17817579452557283,0.26816614418656887,0.27045794690270575
439.7051521789361,1.0,0.1779645273842099,0.2684858963401454,0.2707751833240451
440.7191308402341,1.0,0.17775319638722803,0.2688053574560776,0.27109222603439553
441.7331109171301,1.0,0.1775418468678109,0.2691245501575362,0.2714090968854
442.7471037343931,1.0,0.17733046152779885,0.26944347117183265,0.27172579282579107
443.7610884119771,1.0,0.1771190443574799,0.26976211376418396,0.27204230717321415
444.7750829987361,1.0,0.17690759159355593,0.2700804836056835,0.27235864556113265
445.7890542281531,1.0,0.17669635064531192,0.27039844544811326,0.27267465973654287
446.8030282887631,1.0,0.17648519679159524,0.2707160694133466,0.2729904262501419
447.8176195494371,1.0,0.1762739856417401,0.2710335562202706,0.27330614567669126
448.8310004751241,1.0,0.1760630975779142,0.27135033428470573,0.2736212495355574
449.8449897533961,1.0,0.17585184601416398,0.2716672103318738,0.27393656161869145
450.8589595672171,1.0,0.17564048075728422,0.2719838960106394,0.2742517868411059
451.8729509688841,1.0,0.17542903544528188,0.2723003715523334,0.2745669026148655
452.8869512180291,1.0,0.17521757550449127,0.27261662044609863,0.2748818900732712
453.9009185545561,1.0,0.17500641108486215,0.27293256953122985,0.27519666468731546
454.9149127874161,1.0,0.17479533475473458,0.2732482763484564,0.27551129131209356
455.9288790622451,1.0,0.17458435793262395,0.273563723819281,0.275825752927396
456.94286834051707,1.0,0.1743734783951711,0.27387890379589747,0.27614003753838695
457.9568494791101,1.0,0.1741626994207008,0.2741938157593269,0.2764541461056101
458.9708316794001,1.0,0.17395201836866395,0.2745084646516511,0.2767680838921541
459.98482378886507,1.0,0.17374148379458423,0.2748228539596336,0.2770818533174339
460.9987985572741,1.0,0.1735310814033456,0.27513697494200834,0.2773954460765638
462.0127754490771,1.0,0.1733208044414795,0.27545083359450023,0.2777088682102472
463.02675941886207,1.0,0.17311065188322433,0.2757644314471349,0.27802212124762476
464.0407706388801,1.0,0.1729006199017332,0.27607777458951693,0.2783352112620145
465.0547464689861,1.0,0.17269100385799716,0.27639073335081477,0.27864799715366323
466.06871557500807,1.0,0.17248161048184255,0.2767033897796002,0.2789605685521391
467.0827119312631,1.0,0.17227243276399898,0.27701575434270476,0.27927293592409186
468.09668386847807,1.0,0.17206348136426816,0.27732781112199933,0.2795850833516168
469.1106735006501,1.0,0.17185473634187198,0.27763958194327426,0.27989703340419536
470.1246496846551,1.0,0.17164603249929444,0.27795119229043846,0.2802089228510224
471.13863117714607,1.0,0.17143748490164373,0.27826255433179437,0.28052065604020243
472.1526123157391,1.0,0.17122909471466669,0.27857366632676855,0.2808322312297645
473.1666001784151,1.0,0.1710208604852019,0.27888453044468825,0.2811436505931359
474.1806039665511,1.0,0.17081298083648813,0.27919513636611853,0.2814548998604997
475.1945748420691,1.0,0.170605444571636,0.279505470526244,0.28176596585238284
476.20855244167007,1.0,0.17039817636960633,0.279815549467209,0.28207686646270586
477.2225066839301,1.0,0.17019118237274414,0.2801253639963083,0.2823875924721773
478.23652568972807,1.0,0.16998432118224596,0.28043503752038984,0.28269827552091603
479.2505160296981,1.0,0.16977739301962472,0.28074471259716693,0.2830090725270288
480.26469110500705,1.0,0.16957054258569038,0.281054307210668,0.2833198893072608
481.2783972639851,1.0,0.16936390315026698,0.28136362187985686,0.28363052555083035
482.29244635120807,1.0,0.16915748199388328,0.2816728643859863,0.2839411837814309
483.30643562948006,1.0,0.1689515713522872,0.28198186323635094,0.28425168432515857
484.32043552472607,1.0,0.1687459671636178,0.28229068378901123,0.2845620995524897
485.3344102931351,1.0,0.1685410090504151,0.2825990271632993,0.2848721058876145
486.34837727576206,1.0,0.1683366130084086,0.2829069683783414,0.2851817843392468
487.36236620013506,1.0,0.16813263833690162,0.28321461248118046,0.2854912467110561
488.37632079629407,1.0,0.16792887293665898,0.2835220912984108,0.28580063420412427
489.3902569896991,1.0,0.16772543728736794,0.2838293272336627,0.28610986399793964
490.40432164848306,1.0,0.16752218892102708,0.28413639622491715,0.2864190242088254
491.41862341967806,1.0,0.16731912045360953,0.28444332708564596,0.28672814242712374
492.43228321787007,1.0,0.16711647924957715,0.28474983824237016,0.28703693199501246
493.4462611713711,1.0,0.16691423413891357,0.28505618777840214,0.2873456491230512
494.46025788152406,1.0,0.16671236068860262,0.2853623020721199,0.2876542216250914
495.47428184191006,1.0,0.16651099943731149,0.2856681588568261,0.28796262199508527
496.4882208665081,1.0,0.16631017358396308,0.28597372414839267,0.28827081592445886
497.50220412849507,1.0,0.16610981091267232,0.2862790479288054,0.2885788553567453
498.51618915997807,1.0,0.16590983090772435,0.28658414883806443,0.28888676160321497
499.53014198664107,1.0,0.165710239278299,0.2868890170079789,0.28919452472808
500.54415780734706,1.0,0.16551104616852638,0.28719366756623266,0.28950215899268783
501.5581354069491,1.0,0.1653123635492211,0.2874980306285286,0.2898095908347735
502.57215264325106,1.0,0.16511414745931483,0.2878021397435143,0.2901168549379517
503.58610405431807,1.0,0.16491633318083881,0.2881060162345176,0.29042397807452003
504.60008979359907,1.0,0.16471882587080305,0.2884097369870093,0.2907310425823395
505.6140744711831,1.0,0.16452163780745552,0.28871328934390317,0.2910380356456133
506.62807259693307,1.0,0.164325114195125,0.28901653708781594,0.29134480528904644
507.6420247157981,1.0,0.16412934058020986,0.2893194378700022,0.2916513062194752
508.65600939338105,1.0,0.16393433188116435,0.2896220086466546,0.29195755497330106
509.67000468793907,1.0,0.16373926720199444,0.2899245300149516,0.2922638645472162
510.68394583593107,1.0,0.16354433181954,0.29022692261134997,0.29257014859096786
511.69795882544406,1.0,0.1633497176605605,0.2905292050622656,0.2928764229404412
512.711968629865,1.0,0.16315592044534585,0.2908312867652589,0.2931825869629214
513.7259402131821,1.0,0.16296276691775893,0.2911332058161881,0.2934886842611128
514.7399224134721,1.0,0.16276976637432636,0.29143504737698367,0.2937948091600625
515.7539081527531,1.0,0.16257703922034547,0.29173679794570956,0.29410094623905214
516.7678970771261,1.0,0.16238496466780522,0.29203832498934795,0.2944069482806078
517.7818555661751,1.0,0.16219354488570192,0.2923396110428918,0.29471279671046174
518.795851214631,1.0,0.16200302266829172,0.29264054695444397,0.2950183679599713
519.8099399385561,1.0,0.16181346628804688,0.29294110794973627,0.29532363300528636
520.8239136452671,1.0,0.161624166275244,0.29324141028674855,0.29562873094605224
521.8377624255891,1.0,0.16143512390681622,0.293541425873017,0.2959336313476733
522.8517892171681,1.0,0.16124632782318007,0.29384144394621664,0.29623864731095334
523.8657746025501,1.0,0.16105779336906223,0.29414140820861645,0.29654372283223324
524.8797536177481,1.0,0.16087051839902544,0.2944410148619693,0.2968485130631743
525.8937361719371,1.0,0.1606842690770013,0.2947403276002652,0.29715308977004967
526.907720141722,1.0,0.16049779910585021,0.2950395413310254,0.2974576758562912
527.9216970335251,1.0,0.16031193904367494,0.29533851673489986,0.29776211413668535
528.9356739253291,1.0,0.16012735876984704,0.29563714326946877,0.2980662799871018
529.9496770056671,1.0,0.15994304407845966,0.2959354972523053,0.2983702601229719
530.9636567286631,1.0,0.15975933287527042,0.2962335406295523,0.2986740137702913
531.9776343282641,1.0,0.15957623295102447,0.2965313490244907,0.29897762518667875
532.9915719372651,1.0,0.1593934255967473,0.29682910499205073,0.29928129945978355
534.0055930664581,1.0,0.15921126925758228,0.2971266938722646,0.29958490444429947
535.0195894227131,1.0,0.1590296209469533,0.2974241888654493,0.2998885230583085
536.0335673762131,1.0,0.15884836596670662,0.2977216556843313,0.3001922271914642
537.0475474531081,1.0,0.15866762976091178,0.2980190255700533,0.30049594030718346
538.061541332069,1.0,0.15848824371431483,0.2983159311002796,0.30079925079094594
539.0755083146971,1.0,0.1583095616981298,0.29861251968017527,0.3011023267898376
540.0894961773731,1.0,0.15813109323646687,0.29890890136214776,0.30140529225811274
541.1034794393601,1.0,0.15795321016508285,0.2992051250495503,0.30170820249271757
542.1174945522681,1.0,0.1577757939570705,0.29950126817545325,0.30201114223277686
543.1314495023261,1.0,0.1575991198123853,0.29979720475979993,0.3023139726982621
544.1454348877081,1.0,0.157423529889838,0.30009280297788854,0.30261654361987855
545.1594110717131,1.0,0.1572485514549215,0.30038808277377826,0.30291888076352563
546.1733175375911,1.0,0.15707395717595213,0.3006831995820622,0.30322115942394035
547.1873475142621,1.0,0.15689917170362705,0.30097849825023615,0.3035237604944205
548.2013559030871,1.0,0.15672573545993745,0.301273484473844,0.3038261342568251
549.2153168694301,1.0,0.15655334393640172,0.30156818000367736,0.30412830546291636
550.2293390603201,1.0,0.15638137456726273,0.30186264419221404,0.30443033689658006
551.2432812700091,1.0,0.15621003941262424,0.30215686105134404,0.30473221668802664
552.257296382917,1.0,0.15603933094246814,0.3024509000395551,0.30503401902208443
553.271251686874,1.0,0.15586927886918897,0.3027447327312804,0.3053357159603087
554.285266445883,1.0,0.15569983659958372,0.30303840696051043,0.3056373577240823
555.2992164413531,1.0,0.15553091108486622,0.3033319695654693,0.30593900004300134
556.3132481875201,1.0,0.1553625349299535,0.3036254214832785,0.3062406400816389
557.327199598586,1.0,0.155194993692034,0.3039186158631814,0.3065421181573255
558.3411945392451,1.0,0.15502837098935185,0.3042115482969191,0.3068434262291893
559.3551654147631,1.0,0.15486255206329583,0.3045042483906654,0.3071445991072747
560.3691660178071,1.0,0.1546969272374379,0.3047969786971385,0.3074459310877897
561.3831064580011,1.0,0.15453178286850125,0.3050896015751395,0.307747269612392
562.3971300644871,1.0,0.1543676255121672,0.3053819337920066,0.3080484057709954
563.4114774886681,1.0,0.15420451096607776,0.3056740046280149,0.30834936620383346
564.425106143738,1.0,0.15404215558338907,0.30596563264693294,0.3086499759885115
565.439043752739,1.0,0.15388022226986312,0.3062571465666392,0.3089505776561494
566.45308186909,1.0,0.15371895283671064,0.30654849681702295,0.3092511212932594
567.4672116453121,1.0,0.15355837068108918,0.30683968873131406,0.30955161331812375
568.481023620126,1.0,0.15339851080001926,0.3071306117723812,0.30985194117972864
569.4949877715611,1.0,0.15323929940164957,0.30742140018453,0.31015224332400204
570.5092063764621,1.0,0.15308075112170494,0.3077120838751662,0.31045255166525487
571.523176190283,1.0,0.1529229368347599,0.30800251803592743,0.31075271628064666
572.5371580366741,1.0,0.15276581523064675,0.30829277740300975,0.31105281435089693
573.5508889685891,1.0,0.1526094267638121,0.3085827861419067,0.3113527677245487
574.56493097783,1.0,0.15245368460624525,0.3088727023528448,0.31165274118060815
575.5788760187131,1.0,0.15229865177553822,0.30916241109411086,0.3119526149925833
576.5928939628141,1.0,0.15214430227349807,0.3094519609085415,0.3122524394024462
577.6068648383321,1.0,0.15199065924860455,0.30974131725444887,0.3125521801829409
578.6208555322,1.0,0.15183771757168954,0.3100304989394403,0.31285185840269814
579.6348051737721,1.0,0.15168548172932925,0.31031948887589217,0.3131514548735398
580.648836919938,1.0,0.15153393327306414,0.3106083221543194,0.31345100598098347
581.6628053181621,1.0,0.15138309396039207,0.31089695733953104,0.31375046875553925
582.676789995746,1.0,0.15123295846546783,0.31118541768486596,0.31404986984776606
583.6907594556681,1.0,0.15108353473164723,0.3114736945163133,0.3143492015191418
584.7047207759101,1.0,0.15093481656593505,0.3117617894043279,0.314648463419913
585.718744382396,1.0,0.15078679369535114,0.31204972234450373,0.3149476763302852
586.7327382613571,1.0,0.15063947958560306,0.3123374672007936,0.31524681309605973
587.746684717836,1.0,0.1504927876953345,0.3126250957855736,0.3155459579764765
588.760690275468,1.0,0.15034668323766273,0.3129126550406492,0.31584516188171463
589.7746261149731,1.0,0.1502012374945347,0.3132000629421933,0.3161443338094584
590.788658215039,1.0,0.15005642668232808,0.3134873665329733,0.31644352273293425
591.8026322756491,1.0,0.1499122728728331,0.3137745220880483,0.3167426831254675
592.8168147828401,1.0,0.14976893158934548,0.3140615056680068,0.3170417873118
593.8189300378741,1.0,0.1496281227846633,0.31434484782568256,0.3173372171693574
594.829000945102,1.0,0.14948694272756857,0.3146302551199937,0.3176349231407618
595.842961911444,1.0,0.14934597284398987,0.31491657552014224,0.31793370572088125
596.856968884673,1.0,0.14920575196097427,0.315202722465661,0.31823243178026167
597.870942591384,1.0,0.14906626752034693,0.3154886000085964,0.3185309982595787
598.88493823984,1.0,0.14892751537194865,0.3157742345248348,0.3188294331241221
599.898874433245,1.0,0.14878951480131647,0.3160596286974387,0.31912774015608114
600.9128881305561,1.0,0.1486522471876668,0.31634482107048517,0.3194259596467808
601.926867853552,1.0,0.1485156648209597,0.3166298181381157,0.3197241033123669
602.940913755684,1.0,0.14837967697454243,0.3169146945901295,0.32002225531878215
603.954842871106,1.0,0.1482443817523602,0.3171993546899115,0.320320309739231
604.9688374578651,1.0,0.14810975478313232,0.3174838496202527,0.3206183201550578
605.9828111645761,1.0,0.14797581538711682,0.3177681581868099,0.3209162654429287
606.9968110598221,1.0,0.14784263817469068,0.31805232509638803,0.32121420350597685
608.010774503458,1.0,0.14771017778011747,0.3183363119068033,0.3215120867210614
609.024765197327,1.0,0.14757842587193423,0.3186201364617246,0.32180993380317585
610.03873819624,1.0,0.14744738830011592,0.31890378617821263,0.3221077315496093
611.0527257050171,1.0,0.14731700556365673,0.319187274433022,0.32240549910647326
612.066717460583,1.0,0.14718729614851112,0.31947059699895475,0.3227032304568738
613.080701076469,1.0,0.14705827272185315,0.3197537495411072,0.3230009200231636
614.094685400154,1.0,0.14692993415036298,0.32003673453196113,0.3232985704032557
615.108671139435,1.0,0.1468022959189542,0.3203195517556466,0.32359618370632826
616.122630690181,1.0,0.14667537122407862,0.32060219326064554,0.32389375302195855
617.136638371208,1.0,0.14654913844646963,0.32088468008503906,0.3241912986527576
618.150601460945,1.0,0.14642360913259456,0.3211669863971542,0.3244887933907471
619.1645918009151,1.0,0.14629873993326478,0.3214491554227943,0.3247862853460833
620.1785761245991,1.0,0.14617438472211572,0.3217312792026958,0.32508388269019906
621.1925646950731,1.0,0.146050650020918,0.3220132879201764,0.3253815038332021
622.206544418069,1.0,0.14592753742330844,0.3222951779342727,0.3256791449315707
623.220537943131,1.0,0.1458050441838388,0.3225769555407876,0.3259768126339616
624.2345162505311,1.0,0.1456835979360018,0.32285838258581234,0.32627425331313054
625.248492434536,1.0,0.14556299335640793,0.3231395732350093,0.32657158855231544
626.2624339364271,1.0,0.14544319550027796,0.323420539505765,0.3268688312162588
627.2764656825931,1.0,0.14532418967344987,0.32370131599790813,0.32716601792106154
628.2904478828831,1.0,0.14520567173649548,0.32398192065938425,0.32746316643315165
629.304390092573,1.0,0.1450875702255673,0.3242623685785454,0.3277602924333828
630.3184101600681,1.0,0.14497004326616678,0.3245426619708884,0.328057398972327
631.3324001461391,1.0,0.14485313259923155,0.32482277101233936,0.3283544554850297
632.346372791153,1.0,0.14473709483032599,0.3251026994532495,0.3286514751163419
633.360362777223,1.0,0.14462177283152883,0.32538245673866517,0.3289484624422332
634.374350639899,1.0,0.1445071688327074,0.32566203749443307,0.3292454117609229
635.388325762207,1.0,0.14439317410280342,0.3259414590998961,0.3295423483873403
636.402304423505,1.0,0.14427984227357624,0.32622071579718515,0.3298392627447073
637.416632737134,1.0,0.1441671356777855,0.3264999026976612,0.33013625599660945
638.4302790871601,1.0,0.14405514581763593,0.3267787389838626,0.3304330347931949
639.444274381717,1.0,0.14394376534418185,0.327057507403694,0.3307298983571735
640.4582102212221,1.0,0.1438330421012726,0.32733609524782914,0.33102672608347367
641.4722278114241,1.0,0.1437228998859518,0.32761461218065985,0.3313236442319751
642.4862149663021,1.0,0.14361335252366314,0.32789302552216776,0.3316206177303929
643.500192565903,1.0,0.14350441404823167,0.3281713219835057,0.33191762989039914
644.5141949384431,1.0,0.14339608078522892,0.328449510983829,0.332214690768275
645.528164752264,1.0,0.1432883588528125,0.3287275767956577,0.3325117835677314
646.5421381050751,1.0,0.14318146489304154,0.32900531142312284,0.3328086768688532
647.5561188897691,1.0,0.14307531842543972,0.3292827950652545,0.33310545969721816
648.570111353133,1.0,0.14296987437592223,0.3295600730006303,0.3334021822952528
649.5840924917261,1.0,0.14286513513696197,0.32983713893881167,0.33369883793147276
650.5980753998141,1.0,0.14276109934603998,0.33011399646070244,0.33399543043770463
651.6120250413851,1.0,0.14265753501648273,0.3303907416048567,0.3342920716035641
652.626032368512,1.0,0.14255454671372972,0.3306673481587539,0.3345887290619006
653.6400241240781,1.0,0.14245217053694878,0.33094378329799573,0.3348853665516525
654.6540105711581,1.0,0.1423504054310854,0.33122004982567227,0.33518198707569985
655.668005865715,1.0,0.1422492710013357,0.3314961627099402,0.3354786145166488
656.681982403619,1.0,0.14214876863409454,0.3317721137188605,0.3357752395244879
657.6959557564311,1.0,0.14204888948924857,0.3320479032492095,0.3360718598215067
658.709957421172,1.0,0.14194963048740938,0.3323235398618582,0.336368484621471
659.7239463455461,1.0,0.14185101589479646,0.33259898642912317,0.3366650787300331
660.7379179288621,1.0,0.14175305705442723,0.332874227690902,0.33696162828468745
661.751883495893,1.0,0.14165573822271194,0.333149285498425,0.337258153359794
662.765845877833,1.0,0.14155905911921302,0.33342416062218333,0.337554654783619
663.7798581595481,1.0,0.14146288916872643,0.3336989459433826,0.33785123701390035
664.7938488534161,1.0,0.1413670151523086,0.33397375964954856,0.33814803499133345
665.807936869543,1.0,0.14127161085643303,0.33424851830565677,0.3384449525075997
666.8220301941561,1.0,0.14117668501036054,0.3345231969689846,0.33874196263556516
667.8357919152951,1.0,0.14108239766843186,0.3347976528495222,0.33903891276047127
668.8497734077871,1.0,0.14098939868048996,0.33507175434943764,0.33933567084207045
669.86376233216,1.0,0.14089722548146386,0.3353456371973162,0.3396323766201855
670.877748779239,1.0,0.14080561337960948,0.335619326448324,0.33992905420571434
671.891718946959,1.0,0.1407143657420271,0.335892839043058,0.34022571968354526
672.905707517433,1.0,0.14062363345623552,0.3361661682551141,0.3405223675386329
673.919685470934,1.0,0.1405333333688918,0.33643934491797517,0.34081903162407645
674.9336998760431,1.0,0.14044348806966034,0.3367123696412949,0.34111571249613765
675.947666858671,1.0,0.1403541646470228,0.3369852189923122,0.3414123862192352
676.9616536596491,1.0,0.14026552295712144,0.3372579166612805,0.3417090833328694
677.9756266585621,1.0,0.14017747667027866,0.33753045059529724,0.3420057881489677
678.9896060276591,1.0,0.1400900554414415,0.3378028277966676,0.3423025123083155
680.003593536436,1.0,0.14000326850533423,0.338075049208405,0.34259925804141106
681.017587061498,1.0,0.1399171023503752,0.3383471136615504,0.34289602269772296
682.0315512129321,1.0,0.13983144558659835,0.33861901084607393,0.34319280009083003
683.0341421083821,1.0,0.1397472991407546,0.3388877019149991,0.3434862677532525
684.043904415578,1.0,0.13966302283735202,0.33915820916997785,0.34378191246245826
685.0579365156441,1.0,0.13957872104430546,0.33942984688057265,0.3440789926321015
686.0718521828991,1.0,0.1394948477407607,0.33970138408982087,0.3443761605448225
687.085880036176,1.0,0.13941167658787101,0.33997274312295034,0.3446733330474161
688.099848788299,1.0,0.13932937435255588,0.3402438056492607,0.3449703815894875
689.1138426672601,1.0,0.13924791714226087,0.34051459195537986,0.3452673288841983
690.127787708142,1.0,0.13916653915341107,0.3407853270348071,0.3455644232481044
691.1418084834361,1.0,0.13908537561983073,0.34105597935787524,0.34586163096268063
692.155757771108,1.0,0.13900488151694707,0.3413264352898301,0.34615882371011636
693.169776069108,1.0,0.13892525713949885,0.34159669960724176,0.3464560050560325
694.1837147398061,1.0,0.1388462532954328,0.34186676987540765,0.3467531747826957
695.19773976189,1.0,0.1387676374992294,0.3421367166712314,0.34705041279670074
696.2117166536931,1.0,0.1386895071632813,0.3424064613269089,0.34734763087640097
697.225705578066,1.0,0.1386119311675483,0.34267594711580074,0.34764476406026157
698.2396640671151,1.0,0.13853487777291904,0.34294518955845055,0.3479418311279121
699.253668563049,1.0,0.1384583392159073,0.34321430522076035,0.348238965286804
700.2676362534751,1.0,0.13838231758170247,0.34348326029249143,0.34853612955837515
701.2816403955111,1.0,0.13830678446624417,0.34375207284649584,0.3488333459297192
702.295593222174,1.0,0.13823174533157115,0.34402073546085754,0.3491306079766702
703.3096210754501,1.0,0.13815722532155242,0.3442892469274588,0.34942791760774394
704.323556914955,1.0,0.1380832236721743,0.34455757601029685,0.3497252389227227
705.337579459745,1.0,0.13800972733568925,0.34482577000701825,0.35002262432795733
706.351557413245,1.0,0.1379367458603447,0.34509379418177166,0.35032003532011935
707.365508470413,1.0,0.13786423482172977,0.3453616580248423,0.3506174878774358
708.3795108429521,1.0,0.1377922057755001,0.34562938028590023,0.35091500065573084
709.39351817008,1.0,0.13772066817350323,0.3458969480307112,0.3512125585241957
710.4078054314101,1.0,0.13764960282337096,0.3461644337529128,0.35151024219328925
711.421788693397,1.0,0.13757901438812617,0.3464317107307438,0.35180791777146075
712.4354145172741,1.0,0.13750889721761306,0.34669877172012425,0.3521055787253675
713.449444847845,1.0,0.1374392185210033,0.34696580249836,0.35240342823875526
714.4634019212971,1.0,0.1373700113562225,0.34723267718597056,0.3527013260130105
715.477449592924,1.0,0.13730125572718413,0.34749945054981624,0.3529993373910734
716.4913712764641,1.0,0.13723294964787552,0.34776608758342054,0.35329743116778595
717.5055746637041,1.0,0.1371650796495996,0.3480326771415635,0.35359570014663544
718.5195051947221,1.0,0.13709768284919135,0.34829907345319006,0.3538939812372617
719.5333348644921,1.0,0.1370307552056769,0.3485653132679109,0.3541923154031082
720.5473184803781,1.0,0.13696441166142453,0.3488313168772239,0.3544906124638947
721.5615034648631,1.0,0.13689860021326639,0.3490971513503016,0.35478894803322
722.5754672623991,1.0,0.13683336518131828,0.3493626871072899,0.35508717660113615
723.5892774677171,1.0,0.13676871881457242,0.3496279231630492,0.3553852968698952
724.603234895069,1.0,0.13670434412170432,0.3498931540249919,0.3556836473124728
725.6172542547661,1.0,0.13664027801220713,0.35015832773902233,0.355982169192605
726.6311784156011,1.0,0.1365765499088407,0.35042338245722365,0.35628079279930175
727.6452158241531,1.0,0.13651311461562732,0.3506883903859045,0.3565796005628648
728.6591629884301,1.0,0.13645018772971068,0.3509531713041178,0.3568783885043527
729.673140941931,1.0,0.13638790765259493,0.35121766485359307,0.357177088239375
730.6871288046061,1.0,0.13632616885343296,0.35148192933984224,0.357475767155772
731.7011375473301,1.0,0.13626499677369888,0.35174594948045695,0.3577744086425039
732.715108776748,1.0,0.1362041782727528,0.35200980169447493,0.3580730980209611
733.7291058408001,1.0,0.1361437354164709,0.35227348443428913,0.35837183421687696
734.7430696383361,1.0,0.13608368916588878,0.3525369681099638,0.35867058433345805
735.7570720108761,1.0,0.1360240324725948,0.3528002933236173,0.3589693959601366
736.77104465589,1.0,0.13596477347374927,0.3530634735768027,0.3592682865005542
737.7850505674211,1.0,0.13590588648981522,0.3533265212936807,0.3595672700760651
738.799000562891,1.0,0.13584737541948905,0.35358941938140387,0.35986632830580223
739.8129916106581,1.0,0.1357893351360555,0.35385215202089954,0.3601654464438002
740.826904092822,1.0,0.13573173687031415,0.35411471012051793,0.3604646144107155
741.8409740600931,1.0,0.13567457780972986,0.3543771553698119,0.36076390383152
742.854936442033,1.0,0.13561780383658847,0.3546394759046099,0.36106330420454497
743.8689444769581,1.0,0.13556139591331873,0.3549017267475174,0.3613628800451308
744.882848465543,1.0,0.13550536890955717,0.3551638725697014,0.36166259235651016
745.8969053385471,1.0,0.13544974081070527,0.35542591532016443,0.3619624434679695
746.9108500255301,1.0,0.1353946008516683,0.35568764167537803,0.36226218788316283
747.9248831872931,1.0,0.13533991248830032,0.3559491481437546,0.3625619383349242
748.9388530011141,1.0,0.1352856843760435,0.35621037994707744,0.3628616329447267
749.9528475878731,1.0,0.13523159736671278,0.3564716820055083,0.3631616676010305
750.9668004145361,1.0,0.1351778261397828,0.35673286567434004,0.36346182551764133
751.9807744751461,1.0,0.13512436734507677,0.3569939471834488,0.36376212533840935
752.994778971081,1.0,0.135071362677569,0.3572548599020621,0.36406249531227985
754.0087781585281,1.0,0.13501882028128273,0.3575155915889248,0.36436292157404493
755.022714351933,1.0,0.13496669587638957,0.35777615034746235,0.3646634117702231
756.0367425591081,1.0,0.13491504453737313,0.35803648547203626,0.36496390614560753
757.0507021098541,1.0,0.13486400209029117,0.3582963723775625,0.3652641430518889
758.0647140376701,1.0,0.1348134725925112,0.3585559711398255,0.36556430899182296
759.0786576629561,1.0,0.13476346204550424,0.3588152508705583,0.36586436824409446
760.0926664056801,1.0,0.13471338952934472,0.35907462013781166,0.3661647846543478
761.1066358656021,1.0,0.13466355754392234,0.3593338583796628,0.3664653076037988
762.1206400076371,1.0,0.13461397009393694,0.3595929795253779,0.366765953367565
763.1344976354371,1.0,0.13456468779590708,0.3598519794642987,0.36706673257587186
764.1486022848221,1.0,0.13451570423787976,0.3601109690347712,0.3673677777545429
765.1625636050641,1.0,0.13446701529543142,0.3603698297866433,0.3676689444365161
766.1765737633841,1.0,0.13441872176087286,0.36062860654047324,0.36797029726585834
767.190547823994,1.0,0.1343708088464919,0.36088727834657536,0.36827180970461576
768.2045586901131,1.0,0.13432325576704546,0.3611458644728906,0.3685735022354775
769.2185143479691,1.0,0.1342760668277709,0.36140434145728334,0.3688753474775372
770.2325142432151,1.0,0.13422923739465403,0.3616627346519241,0.36917737503210263
771.2464660081811,1.0,0.13418288759213398,0.3619207457563267,0.3694792369800095
772.260495630952,1.0,0.1341369523461833,0.3621785475280837,0.3697811349120092
773.2744530583041,1.0,0.13409142663608967,0.3624361298513515,0.37008305684607723
774.2884384436861,1.0,0.13404630593847291,0.3626935181819345,0.3703850326015172
775.3024025951211,1.0,0.13400134657425145,0.3629507847433203,0.3706871429460558
776.3164212470201,1.0,0.13395664655365577,0.36320791382286033,0.37098937111608127
777.3303786743721,1.0,0.13391224001235322,0.36346486607286094,0.3712916713502257
778.3443771540211,1.0,0.13386812246242416,0.3637216674166451,0.3715940741385081
779.3583494451361,1.0,0.1338243999506529,0.3639782841783904,0.37189654871074046
780.3723380156101,1.0,0.13378103159803817,0.3642347334100337,0.37219911179273085
781.386301459246,1.0,0.1337380048422306,0.36449100695442216,0.37250175251773204
782.4003017083911,1.0,0.1336953027678447,0.3647471257032062,0.37280449630798423
783.414601356191,1.0,0.1336528622401275,0.365003175057828,0.37310744695832787
784.4282742486511,1.0,0.13361075659102095,0.3652589085610773,0.37341031094476873
785.4421998250821,1.0,0.13356894911978281,0.3655145481687202,0.37371335096949426
786.456249974002,1.0,0.1335274401860229,0.3657700637617271,0.37401653582160327
787.4702219112181,1.0,0.13348623687141503,0.3660254047851114,0.3743198065881701
788.4842065888021,1.0,0.13344533787750393,0.3662805930767217,0.3746231871168552
789.498176048723,1.0,0.13340474433085733,0.3665356216009658,0.374926669042329
790.512170281583,1.0,0.1333645286902854,0.3667903765917366,0.37523012305395065
791.5261408032021,1.0,0.13332465106549524,0.36704491578090953,0.37553361441339717
792.540141052347,1.0,0.1332851092587934,0.3672992527470679,0.3758371593047663
793.5541087427731,1.0,0.1332459056976738,0.3675533718681203,0.376140739082243
794.5681107614141,1.0,0.13320702077146715,0.3678073065582212,0.37644439369558774
795.5820773901421,1.0,0.1331681840571176,0.36806130645732965,0.37674842185406054
796.5960758697921,1.0,0.13312958183010953,0.3683152037048808,0.37705262271647294
797.610053469393,1.0,0.13309121610170024,0.3685689850956586,0.37735698046611305
798.6240438093631,1.0,0.13305308559696047,0.36882265904561545,0.37766150519259506
799.6380256557541,1.0,0.13301521431167268,0.3690762081949384,0.37796617896956297
800.6519986546671,1.0,0.13297776432787334,0.3693295482830432,0.3782709209814479
801.6659861634431,1.0,0.13294061672275884,0.3695827464613437,0.37857579703841754
802.6799789807071,1.0,0.13290377184230381,0.36983580042793984,0.37888080437769195
803.693924729387,1.0,0.1328672315709913,0.3700886971205009,0.3791859272363248
804.7079476280761,1.0,0.13283095191592495,0.3703414045820104,0.37949113375604554
805.7219117795111,1.0,0.1327949604544255,0.3705939250914745,0.37979642281315895
806.7358946875991,1.0,0.1327592553810884,0.370846279493348,0.38010181942313853
807.749878303485,1.0,0.13272383733972823,0.37109846329081525,0.38040731815287093
808.7638849228141,1.0,0.13268864950580758,0.3713504840666406,0.3807129266202929
809.7778469508551,1.0,0.13265371142102303,0.37160232439904123,0.3810186241746555
810.7918319823381,1.0,0.13261903158562413,0.37185400068699354,0.3813244310182783
811.8059107970871,1.0,0.13258460762358748,0.37210553046908385,0.381630368515269
812.8199039682501,1.0,0.13255040607791568,0.3723569242229864,0.3819364490063695
813.8337803527031,1.0,0.1325164241075779,0.37260817958053866,0.38224266946995894
814.8477406112471,1.0,0.13248267261658506,0.3728593217506897,0.38254906085646073
815.8617599709451,1.0,0.1324491524788936,0.3731103445692309,0.38285561571095755
816.8757269535731,1.0,0.13241588722560882,0.3733612197966899,0.3831623047797392
817.8897112772571,1.0,0.1323828985454094,0.37361196391422075,0.38346915451773517
818.9037132958981,1.0,0.13235017727971649,0.3738625772984646,0.38377616298721234
819.9176119759961,1.0,0.13231773344734307,0.37411302985407063,0.3840832949009699
820.9316670795041,1.0,0.13228553901622783,0.3743633906015463,0.38439063491731856
821.945643971307,1.0,0.13225353538371518,0.3746136155248428,0.38469812609944115
822.9596484672411,1.0,0.13222175215844723,0.37486372530224576,0.3850057971563874
823.973612618676,1.0,0.13219018458867524,0.3751137055249569,0.385313631150089
824.9875990657561,1.0,0.13215884225699825,0.3753635553608404,0.3856216285949672
826.0015356130591,1.0,0.1321278680326582,0.3756131101580934,0.38592959355787404
827.015573375511,1.0,0.13209719685292126,0.3758624636487247,0.3862376401705172
828.0295484978191,1.0,0.1320668479793897,0.37611155646785654,0.3865456968496618
829.0435367143931,1.0,0.13203683340995254,0.37636038817855955,0.3868537647921743
830.057531301152,1.0,0.1320068706163104,0.3766091502240942,0.3871620459868232
831.0714975759821,1.0,0.13197707113473336,0.3768577463066924,0.3874704349088362
832.0854726982891,1.0,0.1319474149983126,0.3771061901664751,0.3877789462588556
833.0994711779391,1.0,0.13191787799289478,0.3773544934949364,0.3880875916050057
834.113462933505,1.0,0.13188871476996483,0.37760254733091525,0.3883962571566699
835.1274465493921,1.0,0.13185989410584342,0.37785036242629993,0.38870495263428845
836.1414114086241,1.0,0.13183139180554226,0.37809794461086155,0.38901368222860633
837.1553670664811,1.0,0.13180321101317377,0.3783452984674571,0.38932245170758434
838.169394565858,1.0,0.13177499585432226,0.3785926843585275,0.3896315659738521
839.1833771200471,1.0,0.13174688643074806,0.37883998696212434,0.3899408886605738
840.1973494111611,1.0,0.13171884706035056,0.37908724244294506,0.3902504628137201
841.2113457674161,1.0,0.13169093640115537,0.37933442851832166,0.3905602691823463
842.22531841243,1.0,0.1316633929510923,0.37958139302511784,0.39087014628575956
843.239299904921,1.0,0.13163610241571083,0.379828220282198,0.39118018846778396
844.25329059879,1.0,0.13160908687007306,0.38007490293724633,0.3914903908611446
845.267269967887,1.0,0.1315822790692445,0.38032142925724033,0.3918007288093873
846.281259953958,1.0,0.1315557132958053,0.380567797043381,0.3921112059538808
847.295163588643,1.0,0.13152940151442524,0.3808139754173954,0.39242178572747277
848.3092140914631,1.0,0.1315032800379262,0.3810600306345956,0.3927325447365455
849.323199476845,1.0,0.131477300207643,0.38130591994049906,0.39304342248877383
850.3371898168151,1.0,0.1314514737909252,0.3815516508913365,0.39335443142503573
851.3511649391221,1.0,0.13142578146626735,0.3817972329162858,0.3936655809112663
852.3651499706051,1.0,0.1314001918199107,0.38204276498342815,0.39397698797087444
853.3791314630971,1.0,0.13137469035617588,0.3822882222747613,0.3942886212170932
854.393114725084,1.0,0.13134925654076227,0.38253362446502315,0.3946005026979614
855.407435252932,1.0,0.1313241627295216,0.38277888385333947,0.3949125516345933
856.4210915121331,1.0,0.1312994484341821,0.3830237548148625,0.3952244563197925
857.4350623876511,1.0,0.13127509449466046,0.3832684765975509,0.39553652116499105
858.449060513401,1.0,0.13125102807520708,0.3835129882263955,0.39584866083398496
859.4629984763011,1.0,0.131227100403864,0.3837573095893047,0.396160885853944
860.477019959394,1.0,0.13120341483572434,0.38400145087349913,0.3964732197601535
861.490990834912,1.0,0.1311798674425743,0.38424543085377,0.39678567970029194
862.5049783436881,1.0,0.13115630009968426,0.3844893404002195,0.3970983718604255
863.518977885035,1.0,0.13113282368982934,0.38473312555839306,0.39741123435242226
864.532955130737,1.0,0.1311095533039981,0.38497670204981516,0.3977241685665861
865.5469369771281,1.0,0.13108669266386025,0.3852199404172783,0.39803702544526665
866.560925193703,1.0,0.13106410435110502,0.38546293246406454,0.3983499113272075
867.5749020855061,1.0,0.13104163906476082,0.3857058103996857,0.3986629753918492
868.5888864091911,1.0,0.13101896932255583,0.38594887684433693,0.3989765613031175
869.6028848888401,1.0,0.13099630536581508,0.38619194163396603,0.399290453806324
870.616850455871,1.0,0.13097382434574326,0.38643487536245147,0.39960450791817603
871.6308323022621,1.0,0.13095199704332486,0.38667737329469914,0.3999183894387415
872.6448159181491,1.0,0.1309305317538877,0.3869196278390555,0.4002323101279343
873.658804134724,1.0,0.13090913077108465,0.38716174265087183,0.4005463856467064
874.6727810265271,1.0,0.13088761139863983,0.38740377725449376,0.40086068164411504
875.686781275672,1.0,0.13086615339589563,0.3876456834405109,0.40117514576794533
876.7007107449931,1.0,0.13084499437226313,0.38788742723182806,0.4014897342515444
877.714738598269,1.0,0.13082402546879823,0.3881290541091304,0.4018045060967933
878.728717967366,1.0,0.1308032177283789,0.38837052404487216,0.40211940983635114
879.74270653784,1.0,0.1307825579891991,0.38861184890737865,0.4024344611748876
880.756685199139,1.0,0.13076205507303076,0.38885302991679105,0.40274966110922006
881.7706656299331,1.0,0.1307416880671295,0.3890940925711387,0.4030650409039307
882.784649599719,1.0,0.13072146665507414,0.3893350266114489,0.40338058812060296
883.7986385240921,1.0,0.13070139081046434,0.38957583237245663,0.40369630320185357
884.8128082909151,1.0,0.13068145709095644,0.38981655158906464,0.40401224095775556
885.8266064636631,1.0,0.13066169093478097,0.3900570326226514,0.404328203982999
886.8405907873481,1.0,0.13064212074272907,0.3902973525497688,0.4046442981339122
887.854562724563,1.0,0.13062271771262787,0.3905375102049241,0.4049605180099348
888.868513781731,1.0,0.13060348199879293,0.39077750358426816,0.4052768609558614
889.8825402194101,1.0,0.13058441178851893,0.3910173554589897,0.40559335701450494
890.896534098371,1.0,0.13056548415941846,0.3912570506493979,0.40590998262157313
891.9104954186131,1.0,0.13054665840288088,0.3914966060616765,0.40622675425697624
892.9244839890871,1.0,0.13052797165120347,0.39173601995284696,0.4065436751045665
893.938476452452,1.0,0.13050942434126506,0.39197528680116667,0.4068607378705181
894.9524582988421,1.0,0.13049101673708333,0.39221440318428547,0.407177938016378
895.9664284665621,1.0,0.13047276898044805,0.3924533438280211,0.40749524208657956
896.9804134980451,1.0,0.1304547001313736,0.3926920906914698,0.40781262623996023
897.9944048997121,1.0,0.1304367883397469,0.3929306691350898,0.408130124032608
899.008382499313,1.0,0.13041903396017557,0.3931690744144915,0.4084477291470241
900.037234832783,1.0,0.13040117977189375,0.39341080335186884,0.40877010754033893
901.0519630524151,1.0,0.13038361188232894,0.3936491881161185,0.40908834787533205
902.0659332201351,1.0,0.1303660442149901,0.39388743604793536,0.4094067159274451
903.0799196672141,1.0,0.13034855091565795,0.3941256203434738,0.409725323827394
904.0939025753031,1.0,0.13033113232764576,0.39436373634615424,0.41004416535241667
905.107890084079,1.0,0.1303137883112443,0.39460178596733003,0.4103632430623597
906.1218606056981,1.0,0.13029677481804078,0.3948395606769111,0.4106823121220203
907.135857315852,1.0,0.1302801268450863,0.3950770421625141,0.4110013528525641
908.1498412856381,1.0,0.13026370723763,0.39531433100067065,0.41132048134583366
909.163813222853,1.0,0.1302474674161205,0.39555139302082476,0.41163964804992
910.1777964848401,1.0,0.13023133230364312,0.3957881808517297,0.41195878375045397
911.1917801007271,1.0,0.1302153565391273,0.39602473044447706,0.4122779408153237
912.2057771647801,1.0,0.13019949215843826,0.39626109973888873,0.4125971896290972
913.2197537026841,1.0,0.13018347867743113,0.3964975807911205,0.41291688161992834
914.2337281171931,1.0,0.130167468630842,0.3967340022586681,0.41323681055537753
915.2477089018861,1.0,0.13015146188458365,0.39697036612154973,0.41355697911682904
916.2617052581411,1.0,0.13013569292688032,0.39720652847417404,0.41387720662358063
917.2756874584311,1.0,0.1301200490306505,0.3974425528480279,0.414197572255365
918.28963391491,1.0,0.13010452189770033,0.3976784456792959,0.41451808347641295
919.303672031261,1.0,0.13008906428144437,0.3979143573318187,0.41483893082798073
920.317628043016,1.0,0.13007370179016653,0.39815018619794895,0.4151599831920711
921.3316056426171,1.0,0.1300584765134975,0.3983859137857022,0.415481223171917
922.3456012910731,1.0,0.1300436211771568,0.39862131221882247,0.41580238215062015
923.359592338841,1.0,0.13002900972546688,0.3988564995759091,0.4161235982753992
924.3735649838551,1.0,0.13001457505544067,0.399091471735229,0.41644486173972084
925.387555323825,1.0,0.13000013458981335,0.39932623455245597,0.41676616928357096
926.401534692922,1.0,0.129985796991726,0.3995607828808712,0.417087520562733
927.4159642216981,1.0,0.12997147231087613,0.3997953381756276,0.41740919539281973
928.429497677905,1.0,0.12995705548560033,0.4000297599838299,0.4177309653315381
929.443454397459,1.0,0.12994261174431657,0.40026423789360593,0.41805311464425654
930.457458539494,1.0,0.12992832248515274,0.40049860119130837,0.4183754274783394
931.4714368468931,1.0,0.12991443291646257,0.4007327167613604,0.4186977465631388
932.485451252003,1.0,0.12990093996118274,0.40096659996287104,0.4190200928120028
933.499420711925,1.0,0.12988752662212866,0.40120031560309627,0.4193425325863944
934.5134075129031,1.0,0.12987393782672163,0.4014339416610123,0.41966515552966893
935.5273790962191,1.0,0.1298602513610361,0.4016674340930496,0.4199879089700675
936.5413726212811,1.0,0.12984677504713604,0.4019008114454107,0.4203108186742117
937.5553569449661,1.0,0.12983341138111648,0.4021340758185458,0.4206338834595382
938.569327466585,1.0,0.12982018656166505,0.4023672123122332,0.42095708565813506
939.583318160454,1.0,0.1298071253316878,0.4026002203567748,0.4212804261045068
940.597264263033,1.0,0.12979419378973703,0.40283310836886227,0.4216039114774035
941.611280437639,1.0,0.12978124444315925,0.40306595968040493,0.4219276466477323
942.6252608684331,1.0,0.12976828356893655,0.4032987546137773,0.42225160306303094
943.6392551012931,1.0,0.12975537899324704,0.40353146610829044,0.4225757515338699
944.6532266846091,1.0,0.12974281608184934,0.4037639312758982,0.4228998987741454
945.667217024579,1.0,0.12973052903905816,0.4039961929030559,0.42322409742630224
946.6811967475751,1.0,0.12971837205974385,0.40422828739103656,0.42354838396880173
947.6951824868561,1.0,0.12970620560482315,0.40446025914208505,0.4238728067741753
948.7091689339351,1.0,0.12969407057926496,0.40469208053557565,0.4241973328705137
949.7231433484451,1.0,0.1296819455741434,0.4049237752908578,0.4245219869211645
950.7371368735061,1.0,0.1296697963932028,0.40515535684029697,0.42484678412253546
951.751067758424,1.0,0.1296576151965136,0.40538681752270755,0.4251717096814425
952.765105166977,1.0,0.12964560613019052,0.4056182402644901,0.42549687441854095
953.779083120477,1.0,0.12963372419027105,0.4058495945309035,0.42582223107456085
954.7930677980611,1.0,0.12962200488625977,0.4060808716299707,0.4261477724518777
955.8071363497361,1.0,0.12961049927904117,0.40631191280416407,0.42647331561656904
956.8208955935811,1.0,0.12959924202894516,0.40654266343498474,0.4267987749063109
957.83507491568,1.0,0.12958813898865443,0.4067733295571004,0.42712443122807153
958.848967225594,1.0,0.12957691027205434,0.4070039133733123,0.4274502490597412
959.8629837540981,1.0,0.1295656107315283,0.4072344596936597,0.4277763027604717
960.876915346814,1.0,0.12955433928948865,0.4074648704875055,0.42810246307912836
961.8909446156871,1.0,0.12954328847789007,0.40769508987229225,0.4284286701879375
962.9048680687231,1.0,0.12953239095054006,0.40792510072958077,0.428754892548424
963.9189235261301,1.0,0.12952157088484606,0.40815501723391573,0.42908127448671834
964.9328675053151,1.0,0.12951084420316758,0.40838477855807437,0.4294077290959039
965.946871647351,1.0,0.12950020429008782,0.40861442225026084,0.4297343082474748
966.960819873325,1.0,0.1294896020700159,0.40884392570607797,0.4300609776973999
967.974849496097,1.0,0.1294790353461451,0.4090733251254044,0.4303877856003576
968.988800553265,1.0,0.12946846883171528,0.409302663872141,0.43071477749431863
970.0028365462201,1.0,0.1294578692934144,0.4095320384862899,0.4310420782583913
971.0167667233401,1.0,0.12944724301900526,0.4097614022523869,0.4313696208538197
972.030779005055,1.0,0.12943695992760257,0.4099904752865304,0.4316970799387654
973.044724399837,1.0,0.1294269851295512,0.41021927184336227,0.43202446453423066
974.058710846916,1.0,0.12941717761486116,0.4104478838375033,0.43235188873640856
975.0727125116571,1.0,0.12940731238975073,0.4106764358985493,0.43267949897973945
976.0867042672231,1.0,0.12939752972114904,0.410904843776877,0.4330071940884746
977.100658863382,1.0,0.1293877553393184,0.4111331376758709,0.4333349986018501
978.114682823768,1.0,0.12937800931870677,0.4113613312878209,0.4336629375210135
979.128641666716,1.0,0.12936828388375166,0.41158942762659284,0.4339910069777353
980.1426486399441,1.0,0.129358535638418,0.41181755385769614,0.4343193624474996
981.1566000510111,1.0,0.12934878845829584,0.4120456316657689,0.43464790608898085
982.1706141022221,1.0,0.1293392766014582,0.41227351217144714,0.4349764664076323
983.1845885167311,1.0,0.12933003730533818,0.41250114534640503,0.43530497793772366
984.1985930126651,1.0,0.12932097586163283,0.4127286072154468,0.4356335345826409
985.212541946438,1.0,0.12931181167875686,0.41295597864918304,0.43596221850925404
986.2265372409951,1.0,0.1293026762653718,0.4131832353997939,0.43629101101779644
987.2404752038951,1.0,0.12929358375622615,0.4134103627701568,0.4366198847760177
988.2545342002941,1.0,0.1292845446974065,0.4136374085590179,0.4369489034336347
989.2684810106721,1.0,0.12927555252930228,0.41386431495844345,0.4372779872046023
990.282432421739,1.0,0.12926665389083417,0.41409111450061986,0.43760717412264366
991.29638206331,1.0,0.12925783428777374,0.41431780381366234,0.43793646207553144
992.3104580468661,1.0,0.12924908930648518,0.4145444110759637,0.438265892677041
993.3244321074761,1.0,0.12924042091816804,0.4147708852750433,0.43859539177717494
994.3384146616651,1.0,0.1292318281684151,0.4149972510880121,0.43892499524263595
995.3523749202101,1.0,0.12922327929809113,0.41522350804096075,0.43925468976682963
996.3663833090351,1.0,0.12921479415373327,0.41544966776121045,0.4395845003569814
997.3803357817981,1.0,0.12920637413713368,0.41567570693772116,0.4399143932251703
998.3945359839461,1.0,0.1291980167451235,0.4159016932311301,0.44024446719198007
999.4086222305721,1.0,0.1291897249025093,0.41612754606594493,0.4405746038827322
1000.4223138796921,1.0,0.12918149932407902,0.4163532038553619,0.44090469656353554
1001.436249365292,1.0,0.1291733358618776,0.4165788081741036,0.44123496356602765
1002.450270848392,1.0,0.1291652358179856,0.41680432384984445,0.4415653535239802
1003.4642396005121,1.0,0.12915720030372665,0.4170297200244367,0.44189582124134946
1004.478241973052,1.0,0.12914923466939188,0.41725500433594026,0.44222637844567925
1005.492199046502,1.0,0.1291413897883584,0.417480063011826,0.44255686276641226
1006.5062060197321,1.0,0.1291336288432444,0.4177049862796891,0.4428874033376298
1007.5201715867621,1.0,0.1291259525339414,0.41792975388453535,0.44321797039639926
1008.5341725437021,1.0,0.1291183602783079,0.4181543828512029,0.44354858897897803
1009.5481543901021,1.0,0.1291108302812792,0.41837888390528905,0.4438792662712101
1010.5621468534621,1.0,0.12910324388638358,0.41860338525092444,0.4442101450682845
1011.576120914072,1.0,0.12909565731213327,0.41882782295594334,0.4445411529628041
1012.590102052662,1.0,0.12908805653454997,0.41905221686680966,0.4448723138169812
1013.6041706043421,1.0,0.12908042711394657,0.41927659896301817,0.4452036694377384
1014.6180501738821,1.0,0.1290728177303431,0.41950088502996075,0.4455351022671338
1015.6320139714221,1.0,0.12906541956479414,0.4197250220227616,0.44586657060528107
1016.6460443019921,1.0,0.12905811827710909,0.419949082288551,0.44619815546644837
1017.6600038527321,1.0,0.12905092798723847,0.4201730330634944,0.44652980841308115
1018.6740210890421,1.0,0.12904386091482214,0.4203969002993424,0.44686156792646137
1019.687969668912,1.0,0.12903679306378057,0.42062066415943467,0.4471933965865767
1020.7019819506321,1.0,0.12902974982653329,0.4208443504292312,0.44752533346066947
1021.715923098622,1.0,0.1290227487555917,0.42106792667743187,0.4478573306852649
1022.729937149832,1.0,0.12901578308914619,0.42129142367540373,0.44818943290743557
1023.743914041632,1.0,0.1290088711376887,0.42151481077933295,0.4485215931193563
1024.7579220765622,1.0,0.12900200577207246,0.42173810225589464,0.44885383150401037
1025.771838451612,1.0,0.12899518234161267,0.42196127001674905,0.4491861051992917
1026.7858684282821,1.0,0.12898839750593288,0.42218435736855187,0.44951847757920294
1027.7998371804122,1.0,0.12898168089738235,0.42240733535225,0.4498509009522913
1028.813948907772,1.0,0.12897502811023728,0.42263024657994896,0.4501834378885191
1029.827794503002,1.0,0.12896844064585283,0.422852999570538,0.45051595068158257
1030.841812801002,1.0,0.1289619188534764,0.42307569081965846,0.45084858164798575
1031.8557670432622,1.0,0.12895545113820422,0.42329827058316905,0.45118125310377605
1032.8697733086922,1.0,0.12894904075808536,0.42352076430259433,0.45151400145629095
1033.883722242472,1.0,0.12894269111794937,0.42374314811578173,0.45184678926747607
1034.897750449642,1.0,0.1289364018218321,0.42396545241635175,0.4521796600385512
1035.911704338002,1.0,0.1289301453901853,0.4241876463664407,0.45251256611450336
1036.9256695511322,1.0,0.1289239234922371,0.42440974903358414,0.4528455340256966
1037.939675108772,1.0,0.12891773540963467,0.4246317672862055,0.45317857211238505
1038.953681374202,1.0,0.12891157702028905,0.42485369327657063,0.4535116667084898
1039.967640571042,1.0,0.12890545511018478,0.42507552514949404,0.45384481093340906
1040.981658161242,1.0,0.1288993663723541,0.4252972880234244,0.45417804026479963
1041.995603202132,1.0,0.12889331007186955,0.42551895613153623,0.45451131349909213
1043.009603805172,1.0,0.128887285750835,0.4257405616579009,0.4548446761660623
1044.023571849502,1.0,0.1288813394546936,0.42596205199602966,0.45517805849016074
1045.037580946122,1.0,0.12887546594799199,0.4261834495987856,0.4555114906512826
1046.0515564223322,1.0,0.12886966715617865,0.4264047401733078,0.4558449489464993
1047.0655322524321,1.0,0.12886394987794964,0.4266259286381402,0.45617844007861647
1048.079464906842,1.0,0.1288582378165894,0.42684702304022154,0.45651196702021113
1049.093510808982,1.0,0.12885254505290972,0.4270680530683932,0.45684557468782266
1050.107506811332,1.0,0.12884687555615548,0.4272889815986172,0.45717920597139994
1051.121479456352,1.0,0.12884122258649627,0.42750981518152736,0.457512868670326
1052.1354379453921,1.0,0.1288356450941015,0.42773056086826095,0.4578465702581942
1053.1494399640321,1.0,0.1288301291760241,0.4279512315141951,0.4581803282183479
1054.163410485652,1.0,0.12882467202009906,0.42817181176797586,0.4585141172032296
1055.1774043646121,1.0,0.128819277316607,0.4283923150122354,0.45884795520738075
1056.191375594032,1.0,0.12881389179424216,0.42861272908065134,0.4591818233704148
1057.205385044552,1.0,0.12880852589598574,0.42883306907739294,0.4595157421039537
1058.219334686122,1.0,0.12880318094134924,0.4290533149521038,0.45984967886029615
1059.233307685042,1.0,0.12879785128576618,0.42927348564563733,0.46018366038156205
1060.2473249213422,1.0,0.1287925937165594,0.4294935837966199,0.46051768959657274
1061.2613173847021,1.0,0.12878739538257217,0.4297135956507496,0.4608517435535863
1062.2752702113721,1.0,0.1287822548359261,0.42993351869833935,0.4611858165103696
1063.2892775385021,1.0,0.12877717623714624,0.4301533737899605,0.46151993831348104
1064.303274956452,1.0,0.12877208866343798,0.43037316351364713,0.4618540992066332
1065.3172493709621,1.0,0.12876702087039082,0.43059287774040045,0.46218829043169213
1066.331210337302,1.0,0.12876198047905227,0.4308125168071938,0.46252251388903587
1067.345219787822,1.0,0.12875696718297389,0.4310320941257532,0.46285678999480634
1068.359162705312,1.0,0.12875203168926438,0.431251561036613,0.46319104131015565
1069.3731760487221,1.0,0.1287471513107078,0.4314709576170422,0.4635253303420238
1070.387207087092,1.0,0.12874232130341431,0.4316902748180193,0.4638596436535779
1071.401498949112,1.0,0.12873754053010897,0.4319095651897486,0.46419406140889763
1072.415467347332,1.0,0.12873284378494992,0.4321285997046421,0.46452824876163973
1073.4291101583722,1.0,0.1287282166193717,0.432347424171572,0.4648622689396994
1074.443089527462,1.0,0.1287236530111442,0.4325661911497751,0.46519635345114196
1075.4570798674322,1.0,0.12871915445910195,0.43278483032660914,0.4655303949980164
1076.471045434472,1.0,0.12871446689553265,0.433003534584179,0.4658645936916269
1077.485045329712,1.0,0.1287097064394987,0.4332222248340666,0.4661988720036129
1078.499013374042,1.0,0.1287048958315835,0.43344086910561674,0.46653318942284866
1079.513011853692,1.0,0.12870003477638534,0.4336594808298352,0.466867566485747
1080.5269823753122,1.0,0.12869541774792287,0.4338780846767705,0.4672020247127055
1081.5411885937422,1.0,0.12869090619094453,0.4340967200823643,0.46753663204996787
1082.555152745172,1.0,0.12868647794521956,0.43431528097824484,0.46787122750693516
1083.569134945462,1.0,0.12868208641965548,0.4345338157275565,0.46820588624009485
1084.582923209032,1.0,0.12867762859567536,0.43475226100659425,0.46854051389190643
1085.597114917602,1.0,0.12867317655591393,0.43497075820821435,0.4688753251836155
1086.611091455512,1.0,0.12866873301803883,0.4351891740482689,0.4692101159080166
1087.624862378022,1.0,0.12866439250581116,0.4354074598630417,0.4695448192044888
1088.6388544874922,1.0,0.12866014854122418,0.435625710046578,0.46987957942756503
1089.6528430579622,1.0,0.1286559733741322,0.4358438916138486,0.47021434363582915
1090.666816410772,1.0,0.1286518567568364,0.4360619953678682,0.4705490977098786
1091.680811705332,1.0,0.1286477091212115,0.4362799712232487,0.47088376476268634
1092.6947896588322,1.0,0.1286435848666803,0.43649784596317587,0.471218385907805
1093.708748501782,1.0,0.12863948399918287,0.43671561921268826,0.4715529605634551
1094.722758660102,1.0,0.12863544552699657,0.4369332919177496,0.4718874819181843
1095.736745107182,1.0,0.12863149333104587,0.43715083946154276,0.4722219071858231
1096.750717752192,1.0,0.12862760066860748,0.4373682736088658,0.47255626005728407
1097.7646942901022,1.0,0.1286237674708784,0.4375855981558095,0.4728905463683975
1098.7786754286922,1.0,0.12861980061830086,0.4378029433570157,0.47322489811655755
1099.792676739532,1.0,0.12861579074187673,0.43802025144803747,0.4735592585559106
1100.806743875612,1.0,0.12861174857416474,0.438237524851494,0.47389363529072365
1101.820643263512,1.0,0.12860775048904938,0.4384547086371935,0.47422794184252226
1102.8346176780221,1.0,0.12860394407206782,0.4386718451828456,0.4745622396314011
1103.8486073101922,1.0,0.12860021920953213,0.438888928829504,0.474896522775924
1104.8625852636922,1.0,0.1285965760006725,0.4391059538186763,0.47523078240904343
1105.876569941272,1.0,0.1285927978123571,0.43932298797637676,0.47556508990689406
1106.8905570961522,1.0,0.1285889091391088,0.43954002317200097,0.4758994364874018
1107.9045318645622,1.0,0.12858496771134653,0.43975703921097653,0.4762337998569421
1108.918523266222,1.0,0.1285810142019453,0.4399740347720994,0.4765681791252953
1109.932516437392,1.0,0.12857732682637332,0.4401909553057896,0.4769024980563965
1110.9464501535022,1.0,0.12857373395346702,0.44040781945334556,0.4772367805362186
1111.960475529482,1.0,0.12857023505224288,0.440624659533745,0.4775710763848421
1112.9744471128022,1.0,0.12856673968479784,0.4408413303836747,0.4779051860045289
1113.988450900932,1.0,0.12856328388251131,0.4410578959446166,0.4782391983118734
1115.0024281466422,1.0,0.12855987443113437,0.44127435192742687,0.47857310493507627
1116.0164269801821,1.0,0.12855647158204817,0.44149072041698134,0.47890691901912913
1117.030392901112,1.0,0.12855307122756326,0.4417069910654003,0.47924062233065595
1118.0443705007222,1.0,0.12854968723586704,0.4419231692046284,0.47957423050602943
1119.0583442074321,1.0,0.1285463086982085,0.44213928533606306,0.47990776978363914
1120.0723412714822,1.0,0.12854292295014427,0.44235538406527114,0.4802412851030521
1121.086330195852,1.0,0.12853954015665536,0.44257142763695034,0.48057473731896466
1122.100278067932,1.0,0.12853616746999674,0.4427874145387038,0.48090811825556384
1123.1142783170721,1.0,0.12853283642687222,0.4430033895256528,0.4812414705835086
1124.1282867059022,1.0,0.12852952804365966,0.4432193282421162,0.4815747725750337
1125.142250857332,1.0,0.12852624249003722,0.4434352195361311,0.48190800701675296
1126.156244382392,1.0,0.1285229795269838,0.4436510790816519,0.4822411981017429
1127.170221982002,1.0,0.1285197187579486,0.443866931771446,0.48257436742753157
1128.184200997192,1.0,0.12851640856649174,0.44408286798160584,0.4829076122629445
1129.198194876152,1.0,0.12851309243151218,0.4442988174048588,0.4832408597318326
1130.212182384932,1.0,0.12850977042237882,0.44451477551915486,0.4835741028556638
1131.226158568942,1.0,0.12850644255547794,0.4447307412690065,0.48390734000618985
1132.240144662122,1.0,0.1285031670019122,0.44494665672390254,0.4842404932414664
1133.254075900932,1.0,0.12850003931228016,0.44516240585599903,0.4845734022672179
1134.2681097704922,1.0,0.12849696940068567,0.44537811825648643,0.48490624943563765
1135.2820940941822,1.0,0.12849395773239375,0.4455937615486872,0.4852389847886645
1136.296066385292,1.0,0.12849100419069315,0.4458093437158602,0.4855716206448557
1137.3100804365022,1.0,0.12848810851986447,0.44602479880812324,0.48590406205309733
1138.324033970972,1.0,0.12848527090324766,0.4462400234981347,0.48623615676098586
1139.338011570572,1.0,0.12848249121789926,0.44645512479162347,0.4865680620421664
1140.352005095632,1.0,0.12847976948956433,0.4466701009542698,0.48689977522060807
1141.3659851725222,1.0,0.128477105797299,0.4468849457581167,0.48723128668643334
1142.3799776358921,1.0,0.12847415430814113,0.44710013011247435,0.48756311291157584
1143.393944618522,1.0,0.128471123105628,0.44731536602889604,0.4878949359354621
1144.408284610822,1.0,0.12846801788404325,0.4475307288008024,0.48822687599056547
1145.421927067952,1.0,0.12846484195565072,0.44774599110923746,0.4885585827463614
1146.4359032519621,1.0,0.1284617429302963,0.44796130949969853,0.488890308485778
1147.4498875756422,1.0,0.12845878709258293,0.448176587812109,0.48922190978450647
1148.463861636252,1.0,0.1284558710599282,0.44839186496263966,0.48955343905868987
1149.4778466677321,1.0,0.12845299477130817,0.4486071454594764,0.48988490325091255
1150.491752071912,1.0,0.12845022408761342,0.4488222379443582,0.49021603590028706
1151.505823100882,1.0,0.12844754180286855,0.449037237840892,0.4905469768095467
1152.5198152103521,1.0,0.12844493570106322,0.44925212706095957,0.49087769261786746
1153.533788917062,1.0,0.12844239387710832,0.4494669313876205,0.4912082174258921
1154.5477651010622,1.0,0.12843968886790802,0.4496819060183485,0.49153883573851953
1155.561726067412,1.0,0.1284369565985546,0.4498968973644296,0.49186937586473767
1156.575748612202,1.0,0.12843419686023722,0.45011192171039727,0.4921998628342056
1157.5897347053822,1.0,0.12843144939841303,0.4503268954249813,0.49253017573293717
1158.6037052270021,1.0,0.1284287983338585,0.4505416889412959,0.4928601316918752
1159.617694505272,1.0,0.1284261805580811,0.4507564098457945,0.4931898838845558
1160.631669273682,1.0,0.12842359615717314,0.45097105109352764,0.49351942149129713
1161.6456581980522,1.0,0.12842102010003825,0.4511857050042454,0.4938488431893537
1162.659648538022,1.0,0.12841844371363917,0.4514003989665381,0.4941781760068369
1163.673616582342,1.0,0.1284158808574866,0.45161508027033387,0.4945073628378459
1164.6876005521322,1.0,0.1284133314348478,0.45182975700803346,0.49483641609225465
1165.7015933693922,1.0,0.12841079811015482,0.4520443889560114,0.49516524807946866
1166.716047317212,1.0,0.12840827887574818,0.45225908482517563,0.49549403400040753
1167.729550691992,1.0,0.1284057768398053,0.4524735515280731,0.49582232893464573
1168.7435304149922,1.0,0.12840328748311497,0.4526880945609154,0.49615059594361605
1169.757509076292,1.0,0.1284008016763171,0.45290264976965083,0.4964786879060253
1170.771508971532,1.0,0.12839832569528223,0.4531171992327385,0.49680660738694143
1171.785500727102,1.0,0.1283958596119261,0.4533317367348981,0.4971343448836994
1172.799583434742,1.0,0.12839340318646233,0.45354628324042506,0.49746193240227876
1173.8134676049722,1.0,0.12839095550427382,0.45376078414190324,0.497789275542517
1174.827438480492,1.0,0.1283885075835073,0.45397533388034994,0.4981164617405723
1175.841424219772,1.0,0.12838606583286688,0.4541898916217217,0.4984434713116685
1176.855406420062,1.0,0.1283836302967716,0.4544044534721074,0.4987702983178944
1177.869387558652,1.0,0.12838120096922898,0.45461901995567666,0.49909694355896544
1178.883372944042,1.0,0.12837878946809275,0.45483357991758244,0.4994233784720106
1179.897356913822,1.0,0.12837643232533627,0.4550480936076588,0.4997495061826542
1180.9113398219122,1.0,0.12837410003270103,0.4552625922512983,0.5000754036076097
1181.925332993072,1.0,0.12837179256447695,0.4554770782439465,0.5004010743835622
1182.939301391302,1.0,0.1283695099998594,0.4556915441748944,0.5007265072627074
1183.953287484482,1.0,0.12836723580154769,0.4559060101000612,0.5010517071445695
1184.967257652202,1.0,0.12836493667563384,0.4561204913827297,0.5013766455217178
1185.981249407762,1.0,0.12836264212308204,0.45633497603175527,0.5017013501284201
1186.9952213449822,1.0,0.12836035223760206,0.45654945528869073,0.5020258077047897
1188.009234334492,1.0,0.12835806688187298,0.4567639420290894,0.50235003772106
1189.023152832942,1.0,0.12835580430503782,0.4569783927670587,0.5026739489934756
1190.037194488282,1.0,0.12835358775984357,0.457192833937098,0.5029975477246524
1191.051156870222,1.0,0.12835139383763908,0.4574072424237911,0.5033208329198334
1192.0651794150122,1.0,0.1283492222360898,0.4576216477122278,0.5036438490441176
1193.079102160252,1.0,0.12834707329645015,0.4578360159808345,0.5039665451585027
1194.0931321369221,1.0,0.12834488551846343,0.4580504793873464,0.5042890579051338
1195.107069745922,1.0,0.1283426085064701,0.458265069288442,0.5046113826900692
1196.1210547774022,1.0,0.12834030317471415,0.4584797266408258,0.5049334930217282
1197.135041932282,1.0,0.1283379696241167,0.4586944418590372,0.505255374493231
1198.149048197712,1.0,0.1283356078146979,0.45890921854196615,0.5055770324897915
1199.1630286285022,1.0,0.12833332239065015,0.4591239637003618,0.5058983059142259
1200.1770232152621,1.0,0.12833116266779454,0.459338646355059,0.5062191380433391
1201.1909710873422,1.0,0.12832904905085935,0.459553317272837,0.5065396216168578
1202.205015573872,1.0,0.12832698124446545,0.45976800679890245,0.5068598019128969
1203.218927348242,1.0,0.12832495971379115,0.45998266638122237,0.5071796065403649
1204.232954847622,1.0,0.1283229425199709,0.4601973048193836,0.5074990107021492
1205.2468924566222,1.0,0.12832092190499156,0.4604118699577086,0.5078179292841638
1206.2609291573722,1.0,0.12831892146549176,0.46062642712309915,0.5081364814007902
1207.274843762932,1.0,0.12831694163712445,0.46084092951621947,0.5084545975813195
1208.288881525382,1.0,0.1283149594013039,0.4610554650433182,0.5087723849391579
1209.302885313522,1.0,0.12831282979427208,0.4612702326211175,0.5090899886059594
1210.316846633762,1.0,0.12831065425825916,0.46148506836229014,0.5094072702217695
1211.330825648962,1.0,0.1283084326658674,0.4616999850111737,0.5097242486236401
1212.3448181123222,1.0,0.1283061650242813,0.46191498167119804,0.5100409224697613
1213.358795711922,1.0,0.1283039769637001,0.46212998938909916,0.5103571413387531
1214.3727793278122,1.0,0.12830185286911516,0.46234502039730635,0.5106729293025447
1215.386728615482,1.0,0.12829975152241374,0.4625600868440306,0.5109883203815075
1216.4010997509022,1.0,0.12829767199120087,0.46277528551219865,0.5113034562487184
1217.414711772712,1.0,0.12829561177514037,0.4629903644931325,0.5116179476910189
1218.428678047542,1.0,0.1282935555092938,0.46320555641768096,0.5119320803649082
1219.4426556471421,1.0,0.1282915142365512,0.4634207913644706,0.5122457952124879
1220.456685269922,1.0,0.1282894878763885,0.463636077976276,0.5125591047859668
1221.470628187402,1.0,0.12828747670525972,0.4638513867978454,0.5128719662433614
1222.484654271192,1.0,0.12828550268827005,0.46406666212415265,0.5131842301740036
1223.4986389487722,1.0,0.12828355750180329,0.46428191276600417,0.5134959357199568
1224.512614424982,1.0,0.12828163749040866,0.46449716034075156,0.5138071253243321
1225.5265729140222,1.0,0.12827974266785447,0.46471240319566154,0.5141177966175431
1226.540583072342,1.0,0.12827787290713036,0.46492765590505114,0.5144279706092211
1227.554572350622,1.0,0.1282757726782631,0.46514329052129266,0.5147379790172598
1228.5685467651322,1.0,0.1282735778939346,0.46535910233104233,0.5150476355364442
1229.582450753712,1.0,0.12827131139146358,0.4655750450768514,0.5153568918103847
1230.595853975042,1.0,0.12826897419356706,0.4657910269807088,0.5156656168983679
1231.6104880575122,1.0,0.12826656222898197,0.46600741725412353,0.5159743379178653
1232.624493615142,1.0,0.12826453784355404,0.466223466311946,0.5162819426319156
1233.638429100752,1.0,0.12826261223229213,0.46643951489104607,0.5165889439975477
1234.6524629703122,1.0,0.12826077417166243,0.4666556072976782,0.5168954060031551
1235.666396332522,1.0,0.12825902402190423,0.4668717011476838,0.5172012685414621
1236.680413214922,1.0,0.12825711816818397,0.46708789706437726,0.5175065706773188
1237.694388691132,1.0,0.12825513728333654,0.46730414811426185,0.5178112802048437
1238.708396018262,1.0,0.12825312444624262,0.46752045901185096,0.5181154220713534
1239.7223499066222,1.0,0.12825106958772867,0.467736855816274,0.5184190041778107
1240.736311226862,1.0,0.12824893304138382,0.46795352242916993,0.5187221740287501
1241.7503235085821,1.0,0.12824674069301975,0.46817035586995404,0.5190248596815884
1242.764328004512,1.0,0.12824449266609403,0.4683873435862407,0.5193270435681938
1243.7782723375922,1.0,0.12824236046371507,0.4686042692898996,0.5196284067433721
1244.792293820692,1.0,0.12824037664499918,0.46882112305651924,0.5199289318553755
1245.806317073272,1.0,0.12823846537974032,0.46903797968613903,0.5202287309927469
1246.820253620582,1.0,0.12823662507484568,0.4692548212838672,0.520527778052259
1247.834195476372,1.0,0.128234802506765,0.4694716986284611,0.5208260991485977
1248.8482187289621,1.0,0.12823302813858692,0.46968861006052653,0.5211237172159048
1249.862153152862,1.0,0.12823130226764554,0.4699055191666571,0.5214205823006139
1250.876174282062,1.0,0.12822929020955023,0.4701227782023277,0.5217170332976636
1251.890117553442,1.0,0.12822706090223082,0.47034028733688954,0.5220129630968401
1252.904151069112,1.0,0.12822467442244118,0.47055802574387806,0.5223083687771803
1253.918123006322,1.0,0.1282224165876241,0.4707758235920447,0.522603012823659
1254.9321119306921,1.0,0.12822042055056906,0.4709936336499915,0.5228968278456781
1255.946076789932,1.0,0.12821852944412065,0.4712115225518136,0.5231899082096363
1256.9600763312721,1.0,0.12821657150346902,0.47142953062457643,0.5234822607354954
1257.974025265052,1.0,0.12821451063213551,0.4716476453805381,0.5237738587062262
1258.988052410532,1.0,0.12821241181918214,0.4718658847474905,0.5240647411916699
1260.001978340852,1.0,0.12821034527055986,0.4720842210770522,0.5243548068426129
1261.016014333812,1.0,0.1282082785881037,0.4723026948442866,0.5246441389363599
1262.029967160472,1.0,0.1282062092896856,0.4725212716778981,0.5249326713957617
1263.043988997472,1.0,0.12820413286904106,0.47273999496477653,0.525220431619303
1264.057948902112,1.0,0.1282020522129317,0.47295882985578247,0.5255073923767047
1265.071947027862,1.0,0.12819996179727552,0.4731778136533307,0.5257935310516116
1266.085925689162,1.0,0.12819786229182747,0.47339693227762825,0.5260788366258742
1267.0999347857821,1.0,0.12819575450347542,0.4736161938283987,0.5263633318536652
1268.1138784110722,1.0,0.12819363863200364,0.473835577560457,0.5266469898693993
1269.127888569392,1.0,0.12819151440193577,0.4740551120353775,0.5269298476009588
1270.1418428116522,1.0,0.12818938418311035,0.47427479217314666,0.5272117914227609
1271.155847661482,1.0,0.12818724672265386,0.47449463061732094,0.527492889652386
1272.169819952602,1.0,0.1281851019441159,0.4747146067905526,0.527773128669657
1273.183820201742,1.0,0.12818294971954056,0.4749347338206554,0.5280525252058157
1274.197792138962,1.0,0.128180790168365,0.47515499949203915,0.5283310637567497
1275.211778586042,1.0,0.12817854546879542,0.4753755835861357,0.5286087990730594
1276.2257211496221,1.0,0.12817626154166287,0.47559637296248325,0.5288856898837834
1277.239752187992,1.0,0.12817394196894005,0.4758173879410045,0.529161770132459
1278.2537283720021,1.0,0.12817158707672613,0.4760385972923961,0.5294370007547572
1279.267711280092,1.0,0.1281691998078586,0.4762600105203939,0.5297113921443208
1280.281689587492,1.0,0.1281670790567379,0.47648124561765814,0.529984322774507
1281.295670372182,1.0,0.1281650252956699,0.4767025574913017,0.5302562074135114
1282.3096532802722,1.0,0.12816303852582714,0.47692394606460364,0.5305270459593207
1283.323651759922,1.0,0.12816111872261352,0.47714541427577145,0.5307968419765889
1284.337629713422,1.0,0.1281592330933462,0.47736698305517977,0.5310656096831898
1285.351614037102,1.0,0.12815695491811507,0.47758903241964157,0.5313336654465315
1286.365585620422,1.0,0.12815458215225004,0.4778112969466371,0.531600788320149
1287.379659126682,1.0,0.12815211451494704,0.4780338017993387,0.5318670083885546
1288.3935503749021,1.0,0.12814955270897446,0.47825648459773795,0.5321322511574852
1289.407855685082,1.0,0.12814716628726336,0.47847945950476467,0.5323965372717339
1290.4215232690622,1.0,0.12814480824781993,0.4787025045443715,0.5326596674605208
1291.4355086544422,1.0,0.12814246639339583,0.4789258304894231,0.5329218951927216
1292.449446971242,1.0,0.12814012762511082,0.4791493566656952,0.5331830843670488
1293.4634918116722,1.0,0.12813776992074724,0.4793731163338756,0.5334432102267873
1294.477463041092,1.0,0.1281354107359921,0.47959707024133474,0.5337022770156493
1295.491434624402,1.0,0.12813304989893198,0.47982123470175025,0.5339603037441831
1296.5054132857022,1.0,0.12813065381519256,0.48004562419651253,0.5342172552821619
1297.519420966732,1.0,0.128128230554581,0.48027024044995076,0.534473146042394
1298.533396089042,1.0,0.12812578662300197,0.48049506736014025,0.5347279674650506
1299.547387844602,1.0,0.12812332263186488,0.48072012052942603,0.5349817206821547
1300.5613512882421,1.0,0.12812084149381953,0.4809454080393751,0.535234351215222
1301.575354368582,1.0,0.12811834120454052,0.48117093315004983,0.5354859043303696
1302.589331968182,1.0,0.12811582192419282,0.4813966813834275,0.5357363638505435
1303.603296473512,1.0,0.12811329251797307,0.4816226745071967,0.53598570011308
1304.6174938444722,1.0,0.12811075361381524,0.4818489700838424,0.5362339686479168
1305.631273260562,1.0,0.12810820318338972,0.48207541500118023,0.5364810239364624
1306.6452582920522,1.0,0.12810563966189062,0.4823021484680425,0.5367270182901298
1307.6592550022021,1.0,0.12810306353558007,0.4825291271969398,0.5369719043024098
1308.6732414492822,1.0,0.12810046470149677,0.4827563754349374,0.5372156306928871
1309.687209493602,1.0,0.12809784506332694,0.4829838859448527,0.5374582040715951
1310.701363688872,1.0,0.12809520736100652,0.4832116952937616,0.5376996879057586
1311.715179202672,1.0,0.12809255296353278,0.48343968553062244,0.5379399574815085
1312.7291713121422,1.0,0.1280898805260091,0.48366797247106386,0.5381791351889961
1313.743141125962,1.0,0.1280872318939309,0.4838964688595207,0.5384170329140917
1314.7570897058322,1.0,0.12808459328295652,0.48412518910533664,0.5386536979852683
1315.7711094194322,1.0,0.12808195525815494,0.48435416352591043,0.5388891832322507
1316.7850820644421,1.0,0.1280793181270631,0.4845833654386129,0.5391234611623864
1317.799173973462,1.0,0.128076681457167,0.4848128324672775,0.5393565700789708
1318.813064867772,1.0,0.1280739024397457,0.4850427070699909,0.5395886112715557
1319.827057331142,1.0,0.1280710460819071,0.48527295929076103,0.5398195740632897
1320.841020066982,1.0,0.12806813263150132,0.4855035295934771,0.5400494042355768
1321.855012176442,1.0,0.12806516191874118,0.4857344314172888,0.5402781151851868
1322.869001100822,1.0,0.12806213403679956,0.48596565736065744,0.5405056995247258
1323.882977992622,1.0,0.12805919332449517,0.4861971817360033,0.5407320157235705
1324.896984965852,1.0,0.12805625822453218,0.4864290275207042,0.5409571519097329
1325.910899217512,1.0,0.1280533194632232,0.4866611681863524,0.5411810902399821
1326.924930609772,1.0,0.128050376432155,0.48689365179334493,0.5414038770230283
1327.938914225662,1.0,0.12804742960956422,0.4871264405641525,0.5416254759051373
1328.952888640172,1.0,0.12804435112764184,0.48735970703284615,0.5418460299850114
1329.9668442980221,1.0,0.1280412248241572,0.48759334159702405,0.5420654489548836
1330.980849855662,1.0,0.12803805107521973,0.48782735933756877,0.5422837469983638
1331.994844088522,1.0,0.12803483006975835,0.48806174614594916,0.5425009108702696
1333.008830181702,1.0,0.1280315732258327,0.4882964910439921,0.5427169226062313
1334.0228191060721,1.0,0.1280284761723667,0.4885313961634415,0.5429314647061004
1335.036791751082,1.0,0.12802540402013035,0.4887665952883212,0.5431447537455828
1336.0507856300421,1.0,0.12802235665564737,0.4890020971223286,0.5433567976064404
1337.064727839732,1.0,0.12801933429689558,0.48923788472015783,0.5435675810995967
1338.078742952642,1.0,0.1280163121171256,0.48947400358956955,0.5437771492938794
1339.092731523122,1.0,0.12801311325768383,0.48971055033259725,0.543985620714616
1340.106724340382,1.0,0.12800986626210578,0.4899474451748343,0.5441929006801705
1341.120689907412,1.0,0.12800657123288836,0.49018468074595617,0.5443989827925114
1342.1346675070122,1.0,0.12800322804345968,0.49042226622906976,0.5446038750624611
1343.148661739872,1.0,0.12799982933895288,0.49066033822049127,0.5448077097558386
1344.1626517259422,1.0,0.1279963758087117,0.4908988803703397,0.5450104715475592
1345.1766286177522,1.0,0.12799287008392074,0.49113784257784354,0.5452121121471972
1346.1906097563422,1.0,0.12798931210530862,0.4913772289241976,0.5454126350178516
1347.2046160217722,1.0,0.1279857550925618,0.49161698140559495,0.5456119580553187
1348.218556108062,1.0,0.12798235614963657,0.4918568932206459,0.5458098098465791
1349.2325584806022,1.0,0.1279789932751255,0.4920971383618252,0.5460064120607971
1350.2465647460322,1.0,0.12797566666623778,0.4923377030253243,0.5462017532527175
1351.2605260662722,1.0,0.12797237648099158,0.49257857560536156,0.5463958240906512
1352.274518175742,1.0,0.12796886194463195,0.49282003099005106,0.546588977476311
1353.2884986065321,1.0,0.12796521586191734,0.49306196770834637,0.5467810849400458
1354.302456033892,1.0,0.12796148504341107,0.493304336920819,0.5469720836528983
1355.316326402052,1.0,0.1279576697386138,0.49354712324472005,0.5471619617285239
1356.330433174832,1.0,0.12795390457088618,0.4937904038555196,0.5473507744713144
1357.344376446222,1.0,0.12795014653680695,0.4940340829886729,0.5475384489519485
1358.358417747662,1.0,0.1279463717189204,0.4942782235192563,0.5477250345351475
1359.372401717452,1.0,0.12794256526891395,0.49452281372295936,0.5479105316985127
1360.386376485862,1.0,0.12793866910208518,0.4947679614685779,0.5480950587097038
1361.4006598543021,1.0,0.12793472018388422,0.4950136802649178,0.5482786007846512
1362.414548271322,1.0,0.12793072126003868,0.49525979960724803,0.5484610307434588
1363.428547104872,1.0,0.12792674440915686,0.49550632289759217,0.5486422893719102
1364.4423081182122,1.0,0.12792280454648688,0.4957531436084012,0.5488222870830204
1365.456303058872,1.0,0.12791886735683383,0.49600042882169376,0.5490011736971324
1366.470266502502,1.0,0.12791493174730503,0.49624811781080014,0.5491789093791298
1367.4728595213521,1.0,0.12791097882583136,0.49649354866997103,0.5493537429015144
1368.482635630612,1.0,0.1279069723797626,0.4967411932007048,0.5495287891404327
1369.4965973047522,1.0,0.12790292387551805,0.4969903239774591,0.5497035108636044
1370.510544115132,1.0,0.12789882597942032,0.4972399298309161,0.5498771839338005
1371.5246024037322,1.0,0.12789465059132388,0.4974900627083439,0.5500498369216318
1372.538535765942,1.0,0.1278904225404235,0.49774064631842235,0.5502214234748458
1373.5525561873421,1.0,0.12788614094572906,0.4979917330243163,0.5503919795260228
1374.566517153682,1.0,0.1278818083841017,0.4982433245459565,0.5505615438764783
1375.580520234022,1.0,0.12787742447909023,0.49849544716144617,0.5507301353577635
1376.5945017265121,1.0,0.12787298963871643,0.4987480876470209,0.5508977476939222
1377.608637165122,1.0,0.1278685169693193,0.4990012859532619,0.5510644099602224
1378.6224848837421,1.0,0.12786406778076095,0.49925488883429714,0.5512300075989426
1379.636451158572,1.0,0.12785962526466174,0.4995090186855783,0.5513946344297481
1380.650402569642,1.0,0.12785520219635,0.4997636397064759,0.5515582704643126
1381.664395386902,1.0,0.12785072624789104,0.5000187894609955,0.5517209548926638
1382.6783885580621,1.0,0.12784616333306,0.5002744694638854,0.5518826985072598
1383.6923990702821,1.0,0.12784153280915522,0.5005306793517267,0.5520435033844197
1384.7063363253922,1.0,0.12783682516651107,0.5007874033177256,0.552203367427783
1385.7203624091721,1.0,0.1278320669785272,0.5010447499385142,0.5523623916240428
1386.7343290378922,1.0,0.12782723722975164,0.5013026696409189,0.5525205448751637
1387.748328225342,1.0,0.12782233052775296,0.5015612009966605,0.5526778622045426
1388.7622672499422,1.0,0.12781740595460347,0.5018202738314189,0.5528342804436928
1389.776287671332,1.0,0.12781255320368787,0.5020798470168473,0.5529897379066185
1390.790232358322,1.0,0.12780774547571366,0.502339917446385,0.5531442558109695
1391.804355764362,1.0,0.12780300360926813,0.5026005394631912,0.5532978639470001
1392.818194281602,1.0,0.12779811444270545,0.502861641807852,0.5534505766508089
1393.832227797272,1.0,0.127793144627193,0.5031233346986139,0.5536024393612166
1394.8461905331021,1.0,0.12778812323519473,0.5033855431829841,0.5537534012118791
1395.8601812269721,1.0,0.12778305852155342,0.5036482989463488,0.5539034921472652
1396.874156703182,1.0,0.12777797670695734,0.5039116092155057,0.5540527509481752
1397.888165092002,1.0,0.12777285976124017,0.5041754739143902,0.5542011537681674
1398.902100223712,1.0,0.1277677082222482,0.5044398653829981,0.5543486851203946
1399.916116044422,1.0,0.12776241777716837,0.5047049574209896,0.5544955416347462
1400.930092936222,1.0,0.1277569817219528,0.5049707282479916,0.554641718263668
1401.9441048640422,1.0,0.1277514383187434,0.5052371473419733,0.5547871606134935
1402.9580449503321,1.0,0.1277458045741077,0.5055041848905326,0.5549318528013455
1403.9720147641522,1.0,0.12774032125976115,0.5057718426591913,0.5550758006441379
1404.9860146594021,1.0,0.1277348460753439,0.5060401355053196,0.5552190092700278
1406.000021278732,1.0,0.12772937914742763,0.5063090572829735,0.5553614753397431
1407.013993215942,1.0,0.12772383130369058,0.5065785926969808,0.5555032085557994
1408.027987802702,1.0,0.1277181284927496,0.5068487534391968,0.5556442297215652
1409.041956200932,1.0,0.12771234328794226,0.5071195299622525,0.5557845195217859
1410.055970252142,1.0,0.12770647527699966,0.5073909414690908,0.5559240878752946
1411.0698565457722,1.0,0.12770065660812702,0.5076629586555611,0.5560629695707746
1412.0839236818422,1.0,0.1276948331014397,0.5079356574974586,0.556201183418605
1413.097878278002,1.0,0.12768899359105204,0.5082089574793771,0.556338683622496
1414.1118817122422,1.0,0.12768308979748455,0.5084829253384648,0.5564755287487603
1415.125815428352,1.0,0.12767700195021553,0.508757588295306,0.5566117959702587
1416.1398648694721,1.0,0.12767081369319694,0.5090329549224608,0.5567474446194157
1417.153807079162,1.0,0.12766452638577203,0.5093089646842244,0.5568824448635458
1418.167820422572,1.0,0.12765824536842185,0.5095856966766206,0.557016874625337
1419.181778557722,1.0,0.1276519712083085,0.5098631163745823,0.5571507170320636
1420.195794378432,1.0,0.12764566796695084,0.5101412445448121,0.5572839690590152
1421.2097539291822,1.0,0.12763933874471953,0.5104200358349614,0.5574166036467623
1422.223761610202,1.0,0.1276330080332321,0.5106993707621574,0.5575485074523191
1423.237730008432,1.0,0.12762666130725833,0.5109793140736575,0.557679745224364
1424.252047705082,1.0,0.12762029612709647,0.5112599733356219,0.5578103669537591
1425.265683084242,1.0,0.12761384230530287,0.5115411007521171,0.5579403194770923
1426.279681209992,1.0,0.12760724061329975,0.5118230119051029,0.5580697915166636
1427.297267165002,1.0,0.12760052542166622,0.512106579596175,0.558199133589856
1428.307671445202,1.0,0.12759376827654786,0.5123887992340236,0.5583269799295872
1429.321614008792,1.0,0.12758685673101827,0.5126728951873584,0.5584549785121897
1430.335629829502,1.0,0.1275798320083764,0.512957797632634,0.5585825623292578
1431.3495610683121,1.0,0.12757269821028883,0.5132434451751076,0.5587096905024349
1432.3635967073722,1.0,0.12756555070229747,0.5135298239102246,0.558836313227536
1433.377541748252,1.0,0.12755860200655225,0.5138167321163645,0.5589622456825052
1434.391558276762,1.0,0.12755169773945255,0.5141043221029479,0.559087624493163
1435.405875973412,1.0,0.12754483636190692,0.5143926593754674,0.5592124777483937
1436.419518430552,1.0,0.12753773466028895,0.5146815166124776,0.5593368111465865
1437.433459224642,1.0,0.1275304062518954,0.5149711673113743,0.5594607355530549
1438.447505126772,1.0,0.12752293688620353,0.5152615419420974,0.5595841904752276
1439.461451583252,1.0,0.12751540594160327,0.5155526088373628,0.5597071954985077
1440.475450770702,1.0,0.127507879209831,0.5158444347485892,0.559829807347743
1441.489398996672,1.0,0.12750029807462865,0.5161369693203147,0.5599519795531974
1442.503423664862,1.0,0.12749264535143803,0.5164302631737112,0.5600737617332595
1443.5173902935921,1.0,0.1274849137275194,0.5167242845297106,0.5601951553131471
1444.531387357642,1.0,0.12747711098995237,0.5170190518019117,0.5603161530333165
1445.545338414812,1.0,0.12746918897120033,0.517314634702184,0.5604368630258745
1446.559349280922,1.0,0.127461137075875,0.5176110825123181,0.5605573213666616
1447.573303169282,1.0,0.1274529738385216,0.5179083278870612,0.5606774718405916
1448.587339516142,1.0,0.12744469813233936,0.5182064117335017,0.5607973309590893
1449.601290573312,1.0,0.12743631132681502,0.5185052847373482,0.5609168788955758
1450.6152802054821,1.0,0.1274279934543659,0.5188047541179912,0.5610359431188303
1451.6292613440721,1.0,0.12741970452343154,0.5191048571282714,0.561154559823062
1452.643258762022,1.0,0.1274113905976551,0.5194056691427683,0.5612727874477406
1453.657221143962,1.0,0.12740305209846944,0.5197071749187488,0.5613906200205687
1454.671213961232,1.0,0.1273946884876284,0.5200093939195862,0.5615080651526326
1455.6851568787122,1.0,0.12738610469142733,0.5203123952434977,0.5616252990194464
1456.699192517772,1.0,0.1273773709488549,0.520616187585708,0.5617422703864471
1457.7131630393922,1.0,0.12736852800442872,0.5209207049624548,0.5618589237106074
1458.727170012622,1.0,0.12735957497700898,0.5212259778455567,0.5619752706902154
1459.741118238592,1.0,0.12735053839209248,0.5215320084739923,0.5620913909273477
1460.7551241501221,1.0,0.12734142068932708,0.5218388361753922,0.5622073100120965
1461.769084054772,1.0,0.12733221069607367,0.5221464150125987,0.5623229734272285
1462.783095274792,1.0,0.1273229075276074,0.5224547745137577,0.5624383922724234
1463.797175859032,1.0,0.12731351247585956,0.5227639225077069,0.5625536038391968
1464.811051181792,1.0,0.12730402945924404,0.5230737771458251,0.5626686094204381
1465.825035505472,1.0,0.12729445413794493,0.5233844322489175,0.5627834108636103
1466.8389819619522,1.0,0.12728478788927086,0.52369584290162,0.5628979915177926
1467.852989642982,1.0,0.12727501042870434,0.5240080619508167,0.5630124078828072
1468.866990953822,1.0,0.12726506983481706,0.5243211295027307,0.5631267754854403
1469.880956874752,1.0,0.12725500641198756,0.5246349902247417,0.5632409973051314
1470.8949578316922,1.0,0.12724481946131602,0.5249496659159092,0.5633550812753352
1471.908917028542,1.0,0.12723450975554393,0.5252651327360421,0.5634690187572297
1472.922927894662,1.0,0.12722413715864347,0.525581324569374,0.5635827628668894
1473.9369104488521,1.0,0.12721380423466014,0.5258980572329292,0.5636962086252129
1474.9508802626722,1.0,0.12720341580936453,0.5262154842826229,0.5638094474383695
1475.964861755162,1.0,0.1271929716326636,0.5265336133618306,0.5639224820337678
1476.9788528029321,1.0,0.12718247172468128,0.5268524438262918,0.5640353121682451
1477.9927996133122,1.0,0.12717179607394583,0.5271720401204147,0.5641480788693441
1479.006829589982,1.0,0.12716081314034114,0.5274925303334213,0.5642609550311266
1480.0207923258222,1.0,0.12714966531043578,0.527813771922367,0.5643737522906648
1481.034748691472,1.0,0.12713835193303408,0.5281357840880279,0.5644864774272285
1482.048763450482,1.0,0.12712687227278033,0.5284585874574663,0.5645991376353156
1483.062762284032,1.0,0.12711548650576718,0.528781925926723,0.5647116210854429
1484.076745899912,1.0,0.12710403983085933,0.5291059384593358,0.5648239896782065
1485.090721376122,1.0,0.1270925261975042,0.5294306326479481,0.5649362465870795
1486.104695436732,1.0,0.1270809455302981,0.5297560106360626,0.5650483925580482
1487.118702409962,1.0,0.12706898627071847,0.5300823382796188,0.5651608514241717
1488.132659837312,1.0,0.1270568271390241,0.5304094434706108,0.5652733741024253
1489.146620095862,1.0,0.12704447301543187,0.5307373385518269,0.565385958983496
1490.1606359165621,1.0,0.12703192324062434,0.5310660406435896,0.565498611927701
1491.174632272822,1.0,0.12701928712354096,0.5313953960237142,0.565611255551391
1492.188587222872,1.0,0.1270065021898868,0.531725472450591,0.5657239273969741
1493.202601981882,1.0,0.12699356577165138,0.5320563045504243,0.565836639596559
1494.2165763963922,1.0,0.12698048214869626,0.532387852241445,0.5659494282220136
1495.230557181092,1.0,0.12696725512332016,0.5327201198981758,0.5660623675110125
1496.2445209786222,1.0,0.1269538814730384,0.5330531085742165,0.5661753994457303
1497.258528659652,1.0,0.12694036038915585,0.5333868382885839,0.5662885308155059
1498.2725020124622,1.0,0.12692676289826937,0.5337210543375024,0.5664016370476999
1499.2864987226121,1.0,0.12691307231925575,0.5340558277756069,0.5665147509113047
1500.300439516712,1.0,0.1268992757726809,0.5343911780582632,0.5666278866614657
1501.3144057915422,1.0,0.12688537215579557,0.5347271320797985,0.5667410533791885
1502.328431521422,1.0,0.12687136098933027,0.5350637011716115,0.566854254859811
1503.342416552902,1.0,0.12685708776321977,0.5354007880030277,0.5669676242652968
1504.3563385903421,1.0,0.126842626064442,0.5357384151951825,0.5670810912689623
1505.370389447062,1.0,0.12682799349412976,0.5360766550453835,0.5671946584992229
1506.384356075792,1.0,0.12681319311536715,0.5364154365286253,0.567308302101803
1507.398688636212,1.0,0.12679816930993215,0.5367549334056524,0.5674222125786532
1508.412342418112,1.0,0.12678288694839945,0.5370948196712129,0.5675364174536252
1509.4263260340022,1.0,0.12676738336531188,0.5374354084678743,0.5676508803674023
1510.4402894776422,1.0,0.1267516638131211,0.5377765825025759,0.5677655619109327
1511.454244781592,1.0,0.1267357281143438,0.5381183457991865,0.5678804634358733
1512.468268034182,1.0,0.12671959934988797,0.5384606149220666,0.5679956687408487
1513.482253065662,1.0,0.12670326421589442,0.5388034213633368,0.5681111194249044
1514.4962391588422,1.0,0.12668672184597343,0.5391467794736091,0.568226819189332
1515.5102181740422,1.0,0.12666997237476152,0.5394906864917005,0.5683427671031469
1516.524190465162,1.0,0.12665309432948577,0.5398349057142415,0.5684588774975468
1517.5381857597122,1.0,0.12663611734085622,0.5401793563844436,0.5685751208990187
1518.5522097201022,1.0,0.12661898990878384,0.5405241954383335,0.5686915540607329
1519.566153699282,1.0,0.12660171387976135,0.540869385899575,0.568808164493366
1520.580141208062,1.0,0.12658426822767765,0.5412149730315313,0.568924987665325
1521.594136856522,1.0,0.12656645547448972,0.5415609786552886,0.569042242117126
1522.608110917132,1.0,0.12654835546084214,0.5419073790633266,0.5691598352702357
1523.6220924096222,1.0,0.1265299428657586,0.5422541884013186,0.569277798364133
1524.6360671780321,1.0,0.12651119313731077,0.5426014060680944,0.5693961576331165
1525.650041238642,1.0,0.126492211559391,0.5429489592520595,0.5695148938603124
1526.664033348102,1.0,0.12647300948579468,0.5432968364421151,0.5696340237270003
1527.678011301602,1.0,0.12645354110604845,0.5436450439614713,0.5697535792658794
1528.692016151442,1.0,0.12643380456012104,0.5439935857284594,0.5698735844917657
1529.706000475122,1.0,0.12641383449869198,0.5443423470933451,0.5699939689767521
1530.7199571946721,1.0,0.12639363762117659,0.5446912961385784,0.5701147326505769
1531.733942933962,1.0,0.12637320906490163,0.5450404489253124,0.5702359078618009
1532.747936105122,1.0,0.12635255499584638,0.5453897705895159,0.5703574947811972
1533.761919721012,1.0,0.1263316689551903,0.5457392001981862,0.5704794705115172
1534.775898028402,1.0,0.12631055513672737,0.5460887085401878,0.5706018355256951
1535.789886598882,1.0,0.12628921923443126,0.5464382741514461,0.5707245949538652
1536.804063443682,1.0,0.12626766077998197,0.5467879256729125,0.5708477686753726
1537.817859139142,1.0,0.1262456464085562,0.5471376525479833,0.5709715101450336
1538.8318378004421,1.0,0.12622316479516082,0.5474876188302098,0.5710958885534518
1539.845822831922,1.0,0.12620021921549243,0.5478377342700019,0.571220884098495
1540.859808925102,1.0,0.12617676884237425,0.5481880031821427,0.5713465342946099
1541.873781570112,1.0,0.126153309859207,0.5485380970738616,0.5714725295128084
1542.887759877512,1.0,0.12612975543048105,0.5488880566024822,0.5715989395810638
1543.901752340882,1.0,0.1261060907666109,0.549237874658906,0.5717257867469127
1544.915733479472,1.0,0.12608215019796556,0.5495875676979426,0.5718531580712752
1545.929711432972,1.0,0.12605739975699204,0.5499373239061199,0.5719813269100293
1546.9436985878522,1.0,0.12603219632825222,0.5502870352874722,0.5721101106257284
1547.957679018642,1.0,0.1260065806846322,0.5506366699582373,0.572239497106039
1548.971677144392,1.0,0.12598090632923625,0.5509860048838022,0.5723694009690881
1549.9856575751921,1.0,0.12595497630407299,0.5513351571872162,0.5724998671311232
1550.9996334052921,1.0,0.1259287874954589,0.5516840486170707,0.572630857690195
1552.013571368192,1.0,0.12590233172972107,0.5520323990359577,0.5727622398544122
1553.027600283172,1.0,0.12587561080316853,0.5523804064318742,0.5728941038609111
1554.041581421762,1.0,0.1258484779438075,0.5527280767115713,0.5730265563390203
1555.055578839712,1.0,0.12582070871679948,0.5530755111412371,0.5731597902042043
1556.069542637252,1.0,0.12579245387004434,0.5534226394605103,0.5732936751070411
1557.083529438232,1.0,0.1257638245817689,0.5537694201970847,0.5734282272864656
1558.097529333472,1.0,0.1257348914691457,0.5541158119639336,0.5735634509372923
1559.111512241562,1.0,0.1257055914353706,0.5544618390113715,0.573699337067851
1560.125484178772,1.0,0.1256759527344822,0.5548072874238686,0.5738358307383853
1561.1394451451222,1.0,0.12564596354674623,0.5551522471532698,0.5739729551297188
1562.153444686462,1.0,0.12561554342396727,0.5554967555902209,0.5741107838121576
1563.167400344322,1.0,0.12558457152645078,0.5558408129703556,0.5742494093708481
1564.181414395532,1.0,0.12555311904268668,0.5561844369640369,0.5743887832452952
1565.195412875182,1.0,0.1255211784409613,0.5565276060082545,0.5745289359447542
1566.209374549322,1.0,0.12548872199878863,0.5568703231981255,0.5746699823878785
1567.223362058102,1.0,0.12545576548187434,0.5572126033110767,0.5748118576015878
1568.237360537752,1.0,0.12542234741127647,0.5575543734952162,0.5749545116545979
1569.251343091942,1.0,0.1253887395923687,0.5578951420728213,0.5750975998703809
1570.265314675252,1.0,0.1253547896224811,0.5582351819636228,0.575241314498459
1571.279297583342,1.0,0.12532049366152803,0.5585745025881221,0.5753856619125575
1572.2932942934922,1.0,0.12528559562913674,0.5589132656119149,0.5755309083973783
1573.307257029332,1.0,0.12525023032585436,0.5592513714244935,0.5756769087823228
1574.3212133949921,1.0,0.1252143989135647,0.5595887927907109,0.5758236545828771
1575.3352405404721,1.0,0.12517810934210422,0.5599253688035338,0.5759710935624919
1576.349212831582,1.0,0.12514136036155554,0.5602611575243767,0.5761192414271125
1577.363198216962,1.0,0.12510409149826132,0.5605961927411994,0.5762681724182791
1578.377181478952,1.0,0.12506619921468898,0.560930489568702,0.5764179997337312
1579.391558276762,1.0,0.1250277342527882,0.5612641652649458,0.5765687092939854
1580.405524197692,1.0,0.12498872713003191,0.5615969552404431,0.5767201815634616
1581.4191422357821,1.0,0.12494917604897891,0.5619288810125601,0.576872425028119
1582.4331056794222,1.0,0.12490909708822856,0.5622601021529232,0.5770255230032175
1583.447097434992,1.0,0.12486853889989696,0.5625904576880044,0.5771794104879749
1584.461083174272,1.0,0.1248274592565319,0.5629200045783561,0.5773341033309858
1585.475028569052,1.0,0.124785859584652,0.5632487317225817,0.5774895962398713
1586.4890709321921,1.0,0.12474370625312808,0.5635766361241581,0.5776459182247535
1587.5030364992222,1.0,0.12470097060522081,0.5639036006963666,0.5778030526391023
1588.517020115112,1.0,0.1246576811179503,0.5642297111357459,0.5779610049635574
1589.530996299112,1.0,0.12461383887046668,0.5645549592338464,0.5781197712416809
1590.5449862851822,1.0,0.12456944397541922,0.5648792935230392,0.5782793223957978
1591.558964946482,1.0,0.12452449927638351,0.5652026077842256,0.5784395998680956
1592.5729400687921,1.0,0.12447900298545315,0.5655249863564101,0.5786006503893727
1593.586938548442,1.0,0.1244329538796341,0.5658464377634894,0.5787624782542772
1594.6009221643221,1.0,0.12438629440124441,0.5661669932178066,0.5789251338790713
1595.6149064880121,1.0,0.12433889313679712,0.5664867532145701,0.5790887443246507
1596.628838080722,1.0,0.12429085461022565,0.5668056264200497,0.5792532037078537
1597.6428623950121,1.0,0.12424217189236231,0.5671236585264063,0.5794185356717684
1598.6568375173222,1.0,0.12419285168374782,0.567440787045301,0.5795847043296893
1599.670829272882,1.0,0.12414289060593389,0.5677569805548766,0.5797516832450336
1600.6847799761522,1.0,0.12409229167749622,0.5680722595299273,0.5799194903409134
1601.6987996897521,1.0,0.12404104937954176,0.5683866581561517,0.5800881438670367
1602.7127702113721,1.0,0.12398916434627717,0.5687001461465071,0.5802576255255086
1603.726755242852,1.0,0.12393661262902968,0.569012768123445,0.5804279511294563
1604.740720455982,1.0,0.12388341061180629,0.5693244959796844,0.5805991112363302
1605.754728137012,1.0,0.12382955500466888,0.5696353488344106,0.5807711163882932
1606.768669285002,1.0,0.1237750419526455,0.5699452929884887,0.5809439424273279
1607.782661040572,1.0,0.1237198128707386,0.5702543625634235,0.5811175787950645
1608.796748702792,1.0,0.12366390053453694,0.5705625723291246,0.581292054067772
1609.810668970742,1.0,0.12360731953298933,0.5708698423550408,0.5814673228571723
1610.8246426774522,1.0,0.12355005491334371,0.5711762392704742,0.5816434186554734
1611.8386351408121,1.0,0.12349208291173197,0.5714817483464847,0.5818202930556203
1612.8525869057821,1.0,0.12343341577383123,0.5717863531276237,0.5819979502716315
1613.8665995413921,1.0,0.12337404381857649,0.5720900834872555,0.5821764018585586
1614.8805523680621,1.0,0.12331396437989449,0.5723929131793692,0.5823556285460102
1615.894577390142,1.0,0.1232530733288183,0.5726950445588844,0.582535775433358
1616.908504736072,1.0,0.12319140880744926,0.5729963703913118,0.5827167621852939
1617.9224865824622,1.0,0.1231289448065649,0.5732969583591806,0.5828986276645929
1618.936476214632,1.0,0.12306567036150144,0.5735968109056031,0.5830813700411827
1619.950496636022,1.0,0.12300168140178448,0.5738957296322458,0.5832648063731334
1620.9644749434221,1.0,0.12293692676803752,0.5741937931120552,0.5834490030705298
1621.978470237982,1.0,0.1228714013153302,0.5744910104637342,0.5836339557684246
1622.9923168949122,1.0,0.12280511449761207,0.574787325022452,0.5838196190417241
1624.0064360541621,1.0,0.12273821651485746,0.5750828715845984,0.5840059937649961
1625.0204058679822,1.0,0.12267067536453352,0.5753775122132234,0.584193007404257
1626.0343993930421,1.0,0.12260250070163377,0.5756712915948452,0.5843806689998506
1627.048339479332,1.0,0.1225337200974846,0.5759641818012177,0.5845689410502647
1628.062366624812,1.0,0.12246400540184109,0.576256355934886,0.5847580375345047
1629.076308126702,1.0,0.1223934777957959,0.5765477233794528,0.5849478492266599
1630.090337395582,1.0,0.12232211379955665,0.5768383420368873,0.5851384063012707
1631.104288098842,1.0,0.12224989942880601,0.57712817807938,0.5853296840510438
1632.1182894096921,1.0,0.12217695567138567,0.5774172041699678,0.5855215503591232
1633.1322432980521,1.0,0.12210324049547851,0.5777054161153494,0.5857140559218046
1634.1462559336621,1.0,0.12202873388526217,0.5779928501757343,0.5859072351072498
1635.160233179362,1.0,0.12195344273045527,0.5782794796393593,0.586101070004311
1636.174234490212,1.0,0.12187717432862803,0.5785656835691053,0.5862957691392622
1637.188165729022,1.0,0.1218000082445993,0.5788512961104431,0.5864912385487545
1638.2022034914721,1.0,0.12172195676809762,0.5791363173864383,0.5866874853270124
1639.216161980522,1.0,0.12164303416474007,0.579420695149033,0.5868844735472325
1640.230161167972,1.0,0.12156317256451352,0.5797044784440866,0.5870822055932574
1641.244075419632,1.0,0.12148239953311486,0.5799876275325621,0.5872806631946808
1642.2581199061722,1.0,0.12140070894695376,0.580270199557319,0.5874798924665716
1643.272070255532,1.0,0.12131811883281828,0.5805521319624408,0.5876798493664045
1644.286095985422,1.0,0.1212348107189047,0.5808334069828415,0.587880321828646
1645.300072169422,1.0,0.12115075447184358,0.581114003357921,0.5880813359126896
1646.314059678202,1.0,0.12106589677810471,0.5813939540271411,0.5882829643725805
1647.3280128587621,1.0,0.12098024148549652,0.581673246408296,0.5884851981095223
1648.341981964782,1.0,0.12089372456192485,0.5819520142744173,0.5886881016648676
1649.355989291912,1.0,0.12080635007746517,0.5822302516002207,0.5888916740449055
1650.369998742432,1.0,0.12071813979806431,0.5825079109429465,0.5890958909851074
1651.383962186072,1.0,0.12062909796489386,0.5827849791609664,0.58930074275044
1652.398286606812,1.0,0.12053914392307016,0.5830614973111475,0.5895061418888391
1653.4119301256421,1.0,0.12044836965726805,0.5833371803685348,0.5897118740303304
1654.4259282513922,1.0,0.12035670006035874,0.5836123372717881,0.5899182147776975
1655.4399008964022,1.0,0.12026416907335516,0.5838868645777893,0.5901250870473375
1656.453903622842,1.0,0.12017073106755391,0.5841609829546752,0.5903326093419727
1657.467832030472,1.0,0.12007638939627148,0.5844346962846462,0.5905407769705128
1658.481852451862,1.0,0.11998114766484955,0.5847079525803806,0.5907495736112548
1659.495778736092,1.0,0.11988502336028839,0.5849807016797949,0.5909589609320017
1660.509835609092,1.0,0.11978793162331228,0.5852530018978138,0.5911689485398455
1661.523779588282,1.0,0.11968987576031057,0.5855247871762744,0.5913794744409961
1662.537798947982,1.0,0.11959087372360082,0.5857961092087487,0.591590598637493
1663.551772300792,1.0,0.11949093732383752,0.5860669354944994,0.591802295881153
1664.565779981812,1.0,0.11939018247524963,0.5863372656087215,0.5920144495544579
1665.579729623392,1.0,0.11928868027969394,0.586607064001442,0.592226973639829
1666.593731995932,1.0,0.11918633520043338,0.5868763750823813,0.5924399823292235
1667.6076965012621,1.0,0.11908315636328681,0.587145174778352,0.5926534566013455
1668.621691088022,1.0,0.118979097850095,0.5874135952452392,0.5928674949083793
1669.6356453302822,1.0,0.11887413882265989,0.5876816999927574,0.5930821429419874
1670.6496275305722,1.0,0.11876830408252821,0.587949413891581,0.5932973464382434
1671.663613623752,1.0,0.11866159610038186,0.5882167305692126,0.5935131003155518
1672.677636522442,1.0,0.11855397891627716,0.5884835991697642,0.5937293034236976
1673.691579086032,1.0,0.11844543308237689,0.5887499303126974,0.5939458242580935
1674.7056023386122,1.0,0.1183359730933024,0.5890158244991399,0.5941628030216117
1675.719543486602,1.0,0.11822561652390352,0.5892812390427988,0.5943802048790695
1676.733565323602,1.0,0.1181143994566315,0.5895463157765194,0.5945980932155003
1677.747535491322,1.0,0.1180024068268239,0.5898111500209523,0.5948164769091103
1678.761528662482,1.0,0.11788956714426992,0.5900756445933893,0.5950353385230822
1679.7754839664422,1.0,0.11777588720137463,0.5903397836236578,0.5952546649086171
1680.7895949860022,1.0,0.11766132444696233,0.5906035564798923,0.5954744658249603
1681.803511714962,1.0,0.11754588291057723,0.590866767359433,0.5956946100775223
1682.8174641877222,1.0,0.11742956609478421,0.5911295629784743,0.5959151933774661
1683.831425507962,1.0,0.11731237702755694,0.5913919363380375,0.5961362099020026
1684.8454222181222,1.0,0.11719434888618256,0.5916539998430326,0.5963576375103486
1685.859400879422,1.0,0.11707556952679836,0.5919159771302975,0.5965794016626141
1686.873396173972,1.0,0.1169559714614702,0.5921776927182812,0.5968015587855001
1687.8873635105022,1.0,0.11683555996330336,0.5924391351022836,0.5970240991029432
1688.901354558272,1.0,0.11671432955737499,0.592700184903195,0.5972470463398581
1689.915325433792,1.0,0.11659228743072171,0.5929604373150484,0.5974704275816947
1690.929334530412,1.0,0.11646942510278468,0.5932201967757871,0.5976942286835357
1691.943293019462,1.0,0.11634575335142634,0.5934794405393171,0.5979184300325415
1692.957269911262,1.0,0.11622123516138964,0.5937384926140372,0.5981430683146016
1693.9712545888422,1.0,0.11609575768188202,0.593998571083454,0.5983682266604446
1694.9852672244622,1.0,0.11596939851908294,0.5942588237485186,0.5985938495499913
1695.999228544702,1.0,0.11584216758183559,0.5945192302574418,0.5988199193286724
1697.013245427102,1.0,0.1157140780439893,0.5947793625836969,0.5990464273355054
1698.016638257962,1.0,0.1155866380436301,0.5950339874755162,0.5992708031506446
1699.0255929673622,1.0,0.1154576981862599,0.5952889270689202,0.5994967852256863
1700.039587200222,1.0,0.11532731268859267,0.595544032046948,0.5997242622940084
1701.053554536752,1.0,0.11519616412369811,0.595798394553288,0.5999520952431165
1702.0675310746522,1.0,0.11506460777662347,0.5960556665778136,0.6001802412514459
1703.0815330933021,1.0,0.1149324094917401,0.5963135040837274,0.6004087368241352
1704.095525556662,1.0,0.11479957382174968,0.5965718981753358,0.60063757407425
1705.1094932470921,1.0,0.11466601478707518,0.5968298609646245,0.6008667220818331
1706.123489603342,1.0,0.11453164566192114,0.5970865151197943,0.601096168054937
1707.1374505696822,1.0,0.11439655090429732,0.5973426937610097,0.6013259212052715
1708.151456127322,1.0,0.11426074155056395,0.5975984738179325,0.6015560007865932
1709.165434080822,1.0,0.1141243172164361,0.5978540722276443,0.6017863950954738
1710.179405664132,1.0,0.11398722032036104,0.5981093512246581,0.6020171060982408
1711.193410160072,1.0,0.11384944552455181,0.5983643206863964,0.6022481427454854
1712.2073782043922,1.0,0.11371106996571095,0.5986194810764265,0.6024794389442741
1713.221358989092,1.0,0.11357205366909513,0.598874590186145,0.6027110306254249
1714.235355345342,1.0,0.11343239477868959,0.599129637702578,0.6029429195181273
1715.2492911848522,1.0,0.11329215609819977,0.5993838313961926,0.6031751428695608
1716.263314437432,1.0,0.11315131591389545,0.599637226507571,0.603407733288078
1717.2772860207522,1.0,0.11300987872564962,0.5998900068881635,0.6036406434289695
1718.291326968292,1.0,0.11286795708691513,0.600142916045846,0.6038737878358419
1719.305266700692,1.0,0.11272569378486073,0.6003965665856121,0.60410702325337
1720.319239345702,1.0,0.11258296688205534,0.6006504235483499,0.6043404707800897
1721.333236409762,1.0,0.11243972634433406,0.6009043231891007,0.6045741655474686
1722.347218610052,1.0,0.11229572853767851,0.6011574688968784,0.6048082789452277
1723.361197271342,1.0,0.11215101825013787,0.601410009950818,0.6050427799938796
1724.375177702142,1.0,0.11200553801496121,0.6016617686091648,0.6052777109871378
1725.389490798102,1.0,0.1118597894214586,0.6019137087539962,0.6055129549380435
1726.403451764452,1.0,0.11171370848143515,0.6021652961810645,0.6057484350531298
1727.417208884902,1.0,0.11156732664543563,0.6024165820045403,0.6059841754871144
1728.431119597572,1.0,0.11142062612938368,0.6026676800417171,0.6062200593941377
1729.4450971971721,1.0,0.11127368297765267,0.6029185940085197,0.6064560894588851
1730.4590836442521,1.0,0.11112632522552411,0.6031693855992107,0.6066923406758109
1731.4730502729722,1.0,0.11097811070671566,0.6034201814483232,0.6069290490122774
1732.487057246202,1.0,0.11082908006593653,0.6036710227135268,0.607166183822525
1733.501026352232,1.0,0.11067986563083436,0.6039217091977678,0.6074035851957006
1734.5150135071021,1.0,0.11053061930728647,0.6041722252694471,0.6076412466608799
1735.5290031392722,1.0,0.11038120161210946,0.6044225621988525,0.6078791627263758
1736.5429779076821,1.0,0.11023136631905249,0.6046726891106982,0.6081173051223597
1737.5569141010922,1.0,0.11008117356525884,0.6049226663635835,0.6083557322860805
1738.570950447942,1.0,0.10993039819710003,0.6051726755218405,0.6085946249804821
1739.5849379567221,1.0,0.1097792924998481,0.6054225458308014,0.6088338055829532
1740.598914494622,1.0,0.10962878644643802,0.6056718255287152,0.6090727669440286
1741.612893509822,1.0,0.10947846196705777,0.6059207177315901,0.6093117355140648
1742.6268679243321,1.0,0.10932704273164938,0.6061696804454213,0.609551213331355
1743.640859326002,1.0,0.10917519333736657,0.6064185024438775,0.609790964634113
1744.6548468347721,1.0,0.10902387012564374,0.606666952463516,0.6100307188928553
1745.668824788272,1.0,0.10887197391929733,0.6069153200683615,0.610271048249286
1746.682813712652,1.0,0.10871960547845891,0.6071637728126907,0.6105117175837582
1747.696800159732,1.0,0.10856735116944576,0.6074120161409587,0.6107526619737195
1748.7107402460222,1.0,0.10841503853660318,0.6076601091860719,0.6109937821386774
1749.724764560312,1.0,0.1082626401466965,0.6079080863865237,0.6112351094253616
1750.738741452112,1.0,0.10811014774811366,0.6081558788517716,0.61147667327799
1751.752723652402,1.0,0.10795760559784731,0.608403560616722,0.6117184118382205
1752.766698066912,1.0,0.1078050019054287,0.6086510970013508,0.6119603707375997
1753.780703270642,1.0,0.10765233553078213,0.6088985144567216,0.6122025384558474
1754.7949130280622,1.0,0.10749940853516861,0.6091459959871866,0.6124452131205247
1755.8086659017322,1.0,0.10734640228429342,0.6093933134106712,0.6126881144885299
1756.8226364233421,1.0,0.1071934309086364,0.6096405311568401,0.6129312943060329
1757.8366373802921,1.0,0.10704139475899574,0.6098871989661807,0.6131742643878535
1758.850606840212,1.0,0.10688962711238194,0.610133587000527,0.6134173214972226
1759.864563559762,1.0,0.10673744300513142,0.6103799203434638,0.6136607084506561
1760.8785871662521,1.0,0.1065849691035576,0.6106261668343096,0.6139045752077338
1761.892557687872,1.0,0.10643221775600335,0.6108724201005923,0.6141489169364199
1762.906541303762,1.0,0.10627986259913232,0.6111184975774483,0.61439331446694
1763.920533413222,1.0,0.10612807026301446,0.6113643235609127,0.6146377886313662
1764.934513490122,1.0,0.1059767689223431,0.611609746158408,0.6148822047543957
1765.948485073432,1.0,0.10582563999224796,0.6118549937252361,0.6151266815894876
1766.9624697510221,1.0,0.10567389054103038,0.6121004686463358,0.6153719356701852
1767.976456551992,1.0,0.10552247134403567,0.6123458224060571,0.6156173489319692
1768.9904468919622,1.0,0.10537137890636762,0.6125910455681756,0.6158629390267033
1770.004428384462,1.0,0.10522058976076312,0.6128360841429381,0.6161087944689341
1771.018370594142,1.0,0.10507044339239241,0.6130807324100503,0.6163546057416696
1772.032387830452,1.0,0.10492042800309662,0.6133253222293675,0.6166006552898565
1773.046363660552,1.0,0.10477020963991675,0.6135700450119383,0.6168471923811336
1774.0603639097021,1.0,0.1046205073534154,0.6138145500185607,0.6170939868911963
1775.074365574442,1.0,0.10447113294732066,0.6140589356789222,0.6173409592134994
1776.0883336187621,1.0,0.10432205984552506,0.614303211012695,0.6175880907860497
1777.102302016992,1.0,0.10417338237327131,0.6145473864989199,0.6178355089698789
1778.1162654606321,1.0,0.10402502790836825,0.614791479397198,0.6180831593180819
1779.130283050832,1.0,0.10387704071283041,0.6150354680753856,0.6183310401446531
1780.1442468483622,1.0,0.10372959512382827,0.6152792190498738,0.6185790766722552
1781.1582371883321,1.0,0.10358258867074893,0.6155228131771402,0.6188273162429094
1782.1721995702721,1.0,0.10343607904337972,0.6157662012129486,0.6190757062960446
1783.1862122058922,1.0,0.10329010921355156,0.6160093625290117,0.6193242232599921
1784.200148045392,1.0,0.10314465816063148,0.616252295195049,0.6195728669388361
1785.214172005782,1.0,0.1029993405781237,0.6164952989156758,0.6198219543193009
1786.228132264322,1.0,0.10285408480793728,0.6167384045211841,0.6200715195569617
1787.2421512701221,1.0,0.10270900950126274,0.616981543384525,0.6203214886460413
1788.2560853401321,1.0,0.10256494387951796,0.6172244998395721,0.620571881831361
1789.270115316802,1.0,0.10242168376444444,0.6174671264232673,0.6208222412069101
1790.2840508024121,1.0,0.1022791472409759,0.617709414447335,0.6210725465526299
1791.2980779478921,1.0,0.10213710225734318,0.6179515623729942,0.621323008019796
1792.312010248402,1.0,0.10199500514238892,0.6181939466770365,0.6215741485033156
1793.325975815432,1.0,0.10185414643778036,0.6184357980511631,0.6218251138266448
1794.3400026070121,1.0,0.10171395589587753,0.6186774971757866,0.6220762229617848
1795.354005333452,1.0,0.10157401022552913,0.6189192561145491,0.6223277601189892
1796.3679786862622,1.0,0.10143439202950441,0.6191609663457895,0.6225796318093035
1797.381965487242,1.0,0.10129562876132807,0.6194024309043564,0.6228316269325723
1798.3963040639421,1.0,0.1011571348448128,0.6196441388094974,0.6230842477533318
1799.409940504792,1.0,0.10101949539386404,0.619885496350248,0.6233368984299702
1800.423861834432,1.0,0.10088361071038625,0.6201263353105101,0.6235893640497228
1801.437925431522,1.0,0.10074776574078806,0.620367092557064,0.6238420900050834
1802.451844283872,1.0,0.10061276908866484,0.620607610113242,0.624095230173316
1803.466071028452,1.0,0.10047792605078054,0.6208481469339263,0.624348466346418
1804.479845136062,1.0,0.1003444656171879,0.6210882110049966,0.6246017195313592
1805.493848216402,1.0,0.1002112084172,0.6213283704058131,0.6248553649404375
1806.507818030222,1.0,0.10007834051905574,0.6215685288753889,0.6251093677458839
1807.521799168812,1.0,0.09994633734046329,0.6218085330849653,0.6253636664380786
1808.535763320242,1.0,0.09981496730965747,0.6220485984471248,0.6256184821792943
1809.549778079252,1.0,0.09968416332899875,0.6222886757627111,0.6258736700646671
1810.563726659132,1.0,0.09955397210374928,0.6225286956152468,0.6261291245654724
1811.5776809013921,1.0,0.09942536635101579,0.622768314791047,0.6263845269765395
1812.591701676682,1.0,0.09929786941437828,0.623007637646916,0.6266399497118464
1813.605698032932,1.0,0.09917078592315859,0.6232467198088987,0.6268955395059816
1814.619668908452,1.0,0.09904406457402891,0.6234857839161356,0.627151536707041
1815.633680836272,1.0,0.09891755914517626,0.6237249807411448,0.6274081214742252
1816.647634370732,1.0,0.0987925896654509,0.6239638993085592,0.6276648283142678
1817.6616349737722,1.0,0.0986686747628289,0.6242026165248002,0.6279217404718882
1818.675612219482,1.0,0.09854549983615851,0.6244410617873876,0.6281787758891728
1819.689609991332,1.0,0.09842299869077005,0.6246793581465617,0.6284360749706991
1820.7035649413822,1.0,0.09830125165971039,0.6249174890873184,0.6286936212432596
1821.717577930902,1.0,0.09818033100068768,0.6251554885514674,0.6289514543260265
1822.731495367652,1.0,0.09806041311737242,0.6253932107482889,0.629209414094313
1823.7455405619821,1.0,0.0979414351236004,0.625630729010941,0.6294675803446096
1824.759491973052,1.0,0.09782333131685444,0.6258680430503288,0.6297259569363499
1825.773513810042,1.0,0.09770527723014368,0.6261056443619171,0.6299851145935592
1826.7875823617221,1.0,0.09758773704410414,0.626343281586309,0.6302447613715315
1827.8014651163521,1.0,0.09747149528126267,0.6265807469479244,0.6305046782492849
1828.815432098982,1.0,0.09735623914759954,0.626818138189481,0.6307649692505926
1829.829434471522,1.0,0.09724193304581576,0.6270553317055481,0.6310254998959025
1830.843382697492,1.0,0.09712861639047313,0.6272922822408477,0.6312862181759896
1831.857408427382,1.0,0.0970163109069164,0.6275288648099567,0.6315469822957653
1832.8713637313322,1.0,0.09690501867893708,0.6277651061173589,0.6318078232631175
1833.8853229281822,1.0,0.09679473145030103,0.6280010235105619,0.632068760187292
1834.899280355532,1.0,0.09668504948755396,0.6282368851073,0.6323301093125203
1835.9133467838121,1.0,0.09657592157345408,0.6284727431352702,0.632591930466734
1836.927306334562,1.0,0.0964675521840965,0.6287084347485957,0.6328540362154056
1837.941294905032,1.0,0.09636037049459469,0.6289438941019004,0.6331163707362806
1838.955262595462,1.0,0.09625417835743437,0.6291791542774932,0.633378962798838
1839.969268506992,1.0,0.09614883083358429,0.6294142891943159,0.6336419031693464
1840.983241859802,1.0,0.09604416816283141,0.6296493549483708,0.6339052643628155
1841.997239277752,1.0,0.09594029365505034,0.6298843173038289,0.6341690017272873
1843.011180071852,1.0,0.09583732955681729,0.6301191176656127,0.6344330707153139
1844.0251958925521,1.0,0.09573523774812374,0.6303537951869997,0.6346975107388538
1845.039114037102,1.0,0.09563403382526164,0.6305883053596412,0.6349622723809942
1846.053176572492,1.0,0.095533732080152,0.630822672916048,0.635227394622734
1847.0671414317321,1.0,0.09543433638856066,0.6310568582810302,0.6354928269157224
1848.0811374340822,1.0,0.09533571616303073,0.6312909540628757,0.6357586835348958
1849.095108309602,1.0,0.09523777973731841,0.631524999061103,0.6360250161472003
1850.109108558742,1.0,0.09514053065270588,0.6317589997943045,0.6362918338400381
1851.123070940682,1.0,0.09504460747852811,0.6319925726688094,0.6365587045874314
1852.137074021022,1.0,0.09494992756521237,0.6322257767772445,0.636825699982884
1853.151022954792,1.0,0.09485627237895883,0.6324586824961059,0.6370928974968064
1854.1650398372021,1.0,0.09476308398350759,0.6326915622771793,0.6373605989980874
1855.1789770923021,1.0,0.09467051662280446,0.6329243108460565,0.6376286895496185
1856.192972386862,1.0,0.09457894287023558,0.6331568968965221,0.6378971523282287
1857.206957772242,1.0,0.09448825858944708,0.6333893457588848,0.6381660161856554
1858.220961914272,1.0,0.09439842268103196,0.633621623211835,0.6384352530562848
1859.234915094842,1.0,0.09430946479146605,0.6338537181625749,0.6387048560391488
1860.248941178622,1.0,0.09422130862453246,0.6340856988844087,0.6389749071032604
1861.262903560562,1.0,0.09413395054642361,0.6343175418212563,0.6392453847701225
1862.276905579202,1.0,0.09404736176954302,0.6345492811009972,0.6395163344485065
1863.2908661916422,1.0,0.09396152603815315,0.6347809108391084,0.6397877546077428
1864.304874226572,1.0,0.09387664395575164,0.6350123113705859,0.6400595077713036
1865.3188344851121,1.0,0.09379277030126908,0.6352434274355383,0.6403315336677812
1866.332830133572,1.0,0.09370986760246447,0.6354742955141965,0.6406038805332485
1867.346815165052,1.0,0.09362797277411751,0.6357048806206056,0.6408765120025005
1868.360798780942,1.0,0.09354672471917103,0.6359353136159457,0.6411495772781886
1869.3747760266422,1.0,0.0934662493364868,0.6361655328844108,0.6414230109047399
1870.389099031782,1.0,0.09338650725608044,0.6363956112615794,0.6416969034974961
1871.4027425506122,1.0,0.09330759626551703,0.6366253574871015,0.6419710325524967
1872.416733598382,1.0,0.09322944996319506,0.6368550420507769,0.6422457257127239
1873.430696688122,1.0,0.09315206520988714,0.6370845718842694,0.6425208750943479
1874.444708615932,1.0,0.09307544054907844,0.6373139702005931,0.642796513921075
1875.458675952462,1.0,0.09299967202256819,0.6375431797912459,0.6430725865552609
1876.4726723087222,1.0,0.09292472124994568,0.6377722415807413,0.6433491441576883
1877.486640353042,1.0,0.09285060202157176,0.6380011458892605,0.6436261808566762
1878.500633878102,1.0,0.09277740862251353,0.6382297453560551,0.6439035255169124
1879.514605815322,1.0,0.09270516885969933,0.6384580053740437,0.6441811422678902
1880.528605710562,1.0,0.09263389483401285,0.6386859292228471,0.6444590410534314
1881.5425780016822,1.0,0.09256343812775512,0.6389135815519149,0.6447372974443745
1882.5565665721522,1.0,0.09249346900400854,0.639141156713833,0.6450161359172834
1883.5705307235921,1.0,0.09242408976605603,0.6393685676521951,0.6452954603770186
1884.5845348656221,1.0,0.09235523763745912,0.6395958511122384,0.6455753178683482
1885.598517773712,1.0,0.09228737607563686,0.6398228610594636,0.6458555744789667
1886.612504928592,1.0,0.09222026765046618,0.640049669694754,0.6461362935961102
1887.626475804112,1.0,0.09215391370701262,0.6402762724304206,0.646417469528968
1888.640464374582,1.0,0.0920883145245893,0.6405026783729915,0.6466991397086612
1889.654439496892,1.0,0.09202347093649088,0.64072887984923,0.64698128220244
1890.6684323141521,1.0,0.09195938091262318,0.6409548837792152,0.6472639051947652
1891.682376293342,1.0,0.0918960039675578,0.6411806621553502,0.6475470034207624
1892.696408747302,1.0,0.0918333496012761,0.6414062508688251,0.6478306098737547
1893.7103778533221,1.0,0.09177142971177635,0.6416316168717242,0.6481146813679204
1894.7243611153121,1.0,0.0917102112979539,0.6418567456439164,0.6483992362117001
1895.738347208492,1.0,0.09164970426808447,0.6420816450291228,0.6486842723386537
1896.752297911762,1.0,0.0915899136335634,0.6423063096735333,0.6489697793117322
1897.766312316872,1.0,0.09153083358106653,0.6425307615237543,0.6492557850532042
1898.7802920398722,1.0,0.09147246987345464,0.642754978792781,0.6495422618342288
1899.794375455302,1.0,0.09141470644622661,0.6429790005600153,0.6498292941887217
1900.808264226232,1.0,0.09135762532646624,0.6432027558298207,0.6501167702799255
1901.8222457187221,1.0,0.09130121468312427,0.6434263077050139,0.6504047696451573
1902.8362491529522,1.0,0.09124547856849773,0.6436496405428394,0.6506932722652518
1903.8502019796222,1.0,0.09119042288719127,0.6438727360382965,0.6509822558853147
1904.864195858582,1.0,0.09113614677965601,0.6440954893546319,0.651271661403279
1905.8781745198821,1.0,0.09108258337464621,0.6443179720497748,0.6515615299924327
1906.892166983242,1.0,0.09102973113770482,0.6445401904916629,0.6518518699477364
1907.906109900732,1.0,0.09097759333306862,0.6447621308116056,0.6521426631058439
1908.920126075332,1.0,0.09092611029392186,0.6449838486748265,0.6524339843438097
1909.934123139392,1.0,0.09087467707606035,0.6452056527628729,0.6527262599596565
1910.948098969492,1.0,0.09082372240490919,0.645427311385271,0.6530191709616322
1911.962080815882,1.0,0.09077324490033051,0.64564883050219,0.6533127252071766
1912.976066201272,1.0,0.09072367610080444,0.6458700177554482,0.6536067260291409
1913.9900416774722,1.0,0.09067501991475654,0.6460908687653502,0.6539011680434805
1915.0040302479522,1.0,0.09062713940023566,0.6463114489395821,0.654196119635943
1916.018017048922,1.0,0.0905797605538538,0.646531777460722,0.6544916078686251
1917.032011635682,1.0,0.09053282924976133,0.6467518607840989,0.6547876416623968
1918.045986757992,1.0,0.09048645031850415,0.6469716845461899,0.6550842012220528
1919.059925782592,1.0,0.09044045683957776,0.6471914444527054,0.6553815328864021
1920.073938418202,1.0,0.09039490074957146,0.6474110966439705,0.6556795836027598
1921.087959193502,1.0,0.0903498828970926,0.6476305573459515,0.6559782564006454
1922.101912020162,1.0,0.09030592564550988,0.6478494722190056,0.6562771619753155
1923.115902006232,1.0,0.09026275693582832,0.6480680380923909,0.6565765203297175
1924.1298760668421,1.0,0.0902202205936339,0.6482862373462706,0.6568762968996654
1925.1438614522222,1.0,0.09017810271371098,0.6485040675680588,0.6571764743543533
1926.157851792192,1.0,0.09013654500877229,0.6487215328841421,0.6574770676926472
1927.171835054182,1.0,0.09009512163657876,0.648938998408613,0.6577785211860904
1928.185831764332,1.0,0.0900539908569556,0.6491563313295935,0.6580806738224666
1929.1998143185222,1.0,0.09001337023667627,0.6493734611522752,0.6583834541157616
1930.213742726152,1.0,0.08997347059054218,0.6495903228601787,0.6586867969137029
1931.2277723489221,1.0,0.08993414883627875,0.6498069858895822,0.6589907830513744
1932.2417534875121,1.0,0.08989541250532022,0.6500233856750951,0.6592953465806378
1933.255730733212,1.0,0.0898572591254246,0.6502395457681212,0.6596005099391209
1934.2696708195122,1.0,0.08981958001852382,0.6504554490852649,0.6599062576684172
1935.2837107053522,1.0,0.08978229455296281,0.6506711178845449,0.660212627401777
1936.297714493492,1.0,0.08974546469835597,0.650886528422951,0.6605195809395674
1937.3116644889622,1.0,0.08970902976982757,0.651101742424264,0.6608271927041566
1938.3256728777922,1.0,0.08967276399511624,0.6513170205798062,0.6611357857642588
1939.3396331363322,1.0,0.08963681086070671,0.6515321910661759,0.6614451456596373
1940.3536153366222,1.0,0.08960116786992992,0.6517472687569966,0.6617552937390377
1941.367575949062,1.0,0.08956687453902376,0.6519616914140762,0.662065610044168
1942.3815868151821,1.0,0.08953349818715646,0.6521757034563741,0.6623763680600093
1943.395943440742,1.0,0.08950031829205181,0.6523894989539686,0.66268779329326
1944.409550507962,1.0,0.08946712656886001,0.6526028827812628,0.6629995842949782
1945.423535185552,1.0,0.08943443821436399,0.6528160018399671,0.6633119783597391
1946.4375272950122,1.0,0.08940245688716172,0.6530287444740389,0.6636248172400877
1947.451501355622,1.0,0.0893707915761673,0.6532412210995423,0.6639382276009028
1948.4654959423822,1.0,0.08933941154389426,0.6534534501677425,0.6642522330335416
1949.4794707107922,1.0,0.08930820185825906,0.653665628264908,0.6645670766258058
1950.493438755122,1.0,0.0892772727636029,0.6538776675413023,0.6648826528624197
1951.507445728342,1.0,0.08924728958061395,0.6540892313942626,0.6651985715827133
1952.521386522442,1.0,0.08921789896482465,0.6543004447101869,0.665514970988747
1953.535403050942,1.0,0.08918865432277225,0.6545114488375475,0.665832024583377
1954.549385605132,1.0,0.08915973071578744,0.6547221879835858,0.6661496591197844
1955.563368867122,1.0,0.08913113793752114,0.6549326812031322,0.6664678978622625
1956.577362392182,1.0,0.08910292632104787,0.6551429305918114,0.6667867453636409
1957.591335037192,1.0,0.08907512664441278,0.655352932543112,0.6671061955813157
1958.605350504002,1.0,0.08904771983705168,0.6555626985924075,0.6674262664253993
1959.619296960482,1.0,0.08902070890629822,0.6557722056148347,0.6677469225729057
1960.6332685437922,1.0,0.08899402500109778,0.655981468001348,0.6680681841496907
1961.6472758709222,1.0,0.08896770561254223,0.6561904908093243,0.6683900600396461
1962.661262671902,1.0,0.08894175226867594,0.6563992624385097,0.6687125324031814
1963.6752505345821,1.0,0.08891617971124646,0.6566077547320567,0.6690355633454645
1964.6892380433521,1.0,0.0888910171481248,0.6568159052447123,0.6693590671337906
1965.6912453591622,1.0,0.08886653292704862,0.6570213070315191,0.6696792767954702
1966.701584168022,1.0,0.0888422286455487,0.657228125373398,0.6700026804127053
1967.7155200075222,1.0,0.08881804489778354,0.6574355195420131,0.6703279230184185
1968.729517071572,1.0,0.08879405487980542,0.6576427745349072,0.6706538844299764
1969.743504580352,1.0,0.08877032863016447,0.6578498251738523,0.6709804846173811
1970.757531018032,1.0,0.08874686711499404,0.6580566805591868,0.6713077381700425
1971.771458717862,1.0,0.08872388043198445,0.6582632342688883,0.6716354961041159
1972.7855732764222,1.0,0.08870124329358764,0.6584695894590369,0.6719639108393606
1973.799427011332,1.0,0.08867896565429942,0.6586756550597089,0.6722928373313594
1974.8134297377721,1.0,0.08865700192291551,0.6588815083988593,0.6726223932576493
1975.8274370648921,1.0,0.08863529094206786,0.6590871095266464,0.6729525050757333
1976.841614263602,1.0,0.08861387894190326,0.6592925000606883,0.6732832473897236
1977.855379169832,1.0,0.08859277810497479,0.659497562189329,0.6736144301387236
1978.8693670325022,1.0,0.08857196208526717,0.6597024212422585,0.6739462340113747
1979.883349586692,1.0,0.08855143580081325,0.6599070310569601,0.6742785847738506
1980.897377793872,1.0,0.0885312025698227,0.660111402977187,0.6746115080266166
1981.9113217730521,1.0,0.0885112633845652,0.6603155116004653,0.674944960400523
1982.9253230839022,1.0,0.08849157001138007,0.660519407261335,0.675278968468631
1983.9392568000121,1.0,0.08847215138603033,0.6607230521059974,0.6756135027186358
1984.953294208562,1.0,0.08845300424266568,0.6609264805241819,0.6759486196938047
1985.967227216872,1.0,0.08843413251022406,0.6611296507701773,0.6762842506235272
1986.981249407762,1.0,0.08841552842948773,0.6613326022726101,0.6766204554061876
1987.9952068351122,1.0,0.08839715738548046,0.6615353099277717,0.6769571454008882
1989.0092318572022,1.0,0.08837904370994715,0.6617377961154043,0.6772943914100319
1990.023188576752,1.0,0.08836118983016968,0.6619400336990251,0.677632148236132
1991.037192364892,1.0,0.08834359370655591,0.6621420456972328,0.6779704542934449
1992.051158285822,1.0,0.0883262510771442,0.6623438176636238,0.6783092716431053
1993.0651447329021,1.0,0.08830913309146322,0.662545373245761,0.6786485731663671
1994.079118439612,1.0,0.08829226139523542,0.6627466967269247,0.678988383030968
1995.0931239972422,1.0,0.08827563525345494,0.6629477969541813,0.6793287161951408
1996.1070945188621,1.0,0.08825925576167375,0.6631486606634219,0.6796695502070462
1997.1210441604321,1.0,0.08824310280263349,0.6633493039069472,0.6800108863808411
1998.135036269892,1.0,0.08822711591067312,0.6635497788066513,0.6803527358769937
1999.1490662465721,1.0,0.08821134365048985,0.6637500521570959,0.6806951055031109
2000.1630243817121,1.0,0.08819578771768156,0.6639501023010429,0.6810379581924353
2001.177023569162,1.0,0.08818044637045193,0.6641499515215472,0.6813813320949939
2002.190994798582,1.0,0.08816532310823244,0.6643495907033367,0.6817251917628474
2003.204994693832,1.0,0.08815042303065561,0.6645490418828581,0.6820695270848015
2004.218939734712,1.0,0.08813574437800288,0.6647482831837143,0.6824143243693279
2005.232962279502,1.0,0.08812128610842757,0.6649473421957282,0.6827596243663999
2006.2469207685522,1.0,0.08810705111156167,0.6651461927137576,0.6831053746059453
2007.260915709202,1.0,0.08809303782164306,0.6653448273938598,0.6834515670546606
2008.274810496412,1.0,0.08807924727371799,0.6655431730204376,0.6837980869916646
2009.2889101912122,1.0,0.08806567710908833,0.6657413159833065,0.6841450678451492
2010.302852047002,1.0,0.08805233277580236,0.6659391788159177,0.684492370423723
2011.316840263572,1.0,0.08803921212795639,0.666136794833939,0.6848400495065832
2012.330797337032,1.0,0.08802626188896974,0.6663341850759161,0.6851881097174439
2013.344818466222,1.0,0.08801341799121096,0.6665314108900011,0.6855366221788537
2014.358963106212,1.0,0.08800071553755937,0.6667284497681373,0.6858855625960165
2015.3727885291921,1.0,0.08798814760629575,0.6669252193073073,0.6862347743983619
2016.387287776092,1.0,0.08797568951762894,0.6671219156916424,0.6865845957063793
2017.4009719933222,1.0,0.08796341882023878,0.6673182842872033,0.6869345480333297
2018.414903232142,1.0,0.08795136526723583,0.6675145579487781,0.6872850236485175
2019.428682648232,1.0,0.08793948773320075,0.667710648793968,0.6876358623664695
2020.442895236852,1.0,0.08792778148378287,0.6679066796112706,0.6879872705749194
2021.456887700212,1.0,0.08791625616183715,0.6681025337819716,0.6883390258140023
2022.4706158009421,1.0,0.08790491085192992,0.6682981412789838,0.6886910336964467
2023.484857409282,1.0,0.08789373737756369,0.668493628005095,0.6890435290730865
2024.4988282848021,1.0,0.08788274759810694,0.6686888761209322,0.6893962706912015
2025.5126137171821,1.0,0.08787194192920948,0.6688838993948246,0.6897492773147957
2026.5267739287222,1.0,0.087861315913256,0.6690788027626228,0.6901027334275035
2027.540796473512,1.0,0.08785081259166233,0.6692734723882138,0.6904563967673215
2028.5547340825121,1.0,0.08784043284005365,0.6694679212858627,0.6908102966929063
2029.568750257122,1.0,0.08783020131946875,0.6696621867629671,0.6911645152413181
2030.582722902132,1.0,0.08782011926958405,0.669856245418209,0.6915190097770587
2031.596734476052,1.0,0.08781018586949053,0.6700501130342199,0.691873809126431
2032.610476732742,1.0,0.08780036688740439,0.6702437858342181,0.6922288015289955
2033.6246787043822,1.0,0.08779066328825451,0.6704373912184299,0.692584243176419
2034.638649933802,1.0,0.08778109297092626,0.6706307806670412,0.6929398933371703
2035.652444567552,1.0,0.08777165534538404,0.6708239646107093,0.6932957708287779
2036.666403410502,1.0,0.08776234723660294,0.6710170079947579,0.6936519952804096
2037.680425601392,1.0,0.08775318640305532,0.6712099300538159,0.6940084799189296
2038.718549383982,1.0,0.08774395474196128,0.671407284995858,0.6943737032772377
2039.723978550362,1.0,0.08773515209293127,0.6715982694921965,0.6947276910166682
2040.737918636662,1.0,0.08772641272071106,0.6717907162432301,0.6950849410301451
2041.751950382822,1.0,0.08771781094885901,0.6719830252976744,0.6954424902764763
2042.765908517972,1.0,0.08770919768386015,0.6721752993428487,0.6958003395163704
2043.7799140756122,1.0,0.08770064762205647,0.672367493890908,0.6961585017524556
2044.7939769649022,1.0,0.0876921769569011,0.6725595963187768,0.6965169741504516
2045.807878122292,1.0,0.08768378750593925,0.6727515651433146,0.6968756792263725
2046.8218397964322,1.0,0.08767547741823213,0.6729434424597934,0.6972346955655057
2047.8358308442023,1.0,0.08766761263398846,0.6731348817787203,0.6975934501926849
2048.849787563752,1.0,0.08765997313134141,0.6733260764580739,0.6979522594669205
2049.863812231932,1.0,0.0876525433420275,0.673517059564342,0.6983111823432963
2050.8777792145625,1.0,0.08764532418976358,0.673707807431966,0.6986701743538585
2051.8917858338923,1.0,0.08763830395612474,0.6738983459384188,0.6990292771860781
2052.9057340598624,1.0,0.08763091357281551,0.6740890476941989,0.699388830085607
2053.9197626209425,1.0,0.08762353475879447,0.6742796761131915,0.6997486310388044
2054.933691736362,1.0,0.08761616882193461,0.6744701974006992,0.7001086162490577
2055.9477164045525,1.0,0.08760882283491009,0.6746606470638811,0.7004688517597901
2056.9616533057524,1.0,0.08760178552579054,0.6748509522697651,0.7008291645378205
2057.975679389532,1.0,0.08759488012982093,0.675041169684484,0.7011896833736336
2058.989642833172,1.0,0.08758810768609925,0.6752312708240686,0.7015503542962231
2060.0036494524925,1.0,0.08758142496390368,0.6754212701779573,0.7019111803912467
2061.017641561962,1.0,0.08757481001826103,0.6756111541219929,0.7022721229949878
2062.0316106679825,1.0,0.08756828928568382,0.6758009243931054,0.702633200515505
2063.045605962542,1.0,0.0875618624298681,0.6759905896267613,0.702994426671977
2064.0595828543424,1.0,0.08755552933977931,0.676180130439223,0.7033557120656188
2065.0735551454623,1.0,0.08754929015215944,0.6763695557400203,0.7037171037259768
2066.0875653037824,1.0,0.08754314461031447,0.6765588734571507,0.7040786167944146
2067.1014958348023,1.0,0.08753708042034093,0.6767480765610036,0.7044401841984776
2068.115527227062,1.0,0.0875310910636739,0.6769372049650086,0.7048018597643981
2069.1294591736823,1.0,0.08752518500468792,0.6771262129644431,0.7051635861496542
2070.1435036602124,1.0,0.08751936101018916,0.6773151400737573,0.7055254389830505
2071.157435606832,1.0,0.08751362037288583,0.6775039443582236,0.7058873379468382
2072.1714390410725,1.0,0.08750800143945639,0.6776926157580841,0.7062492492772878
2073.185419471862,1.0,0.08750250531915994,0.6778811360320547,0.7066111377920596
2074.199420428802,1.0,0.08749711380026755,0.6780695335032415,0.7069730644026639
2075.2133941355123,1.0,0.08749182713576839,0.6782577992962369,0.7073350120560062
2076.2273802286923,1.0,0.08748664511670187,0.6784459407732215,0.7076969949001107
2077.2413111136125,1.0,0.08748141394739925,0.6786340955947391,0.7080590843508063
2078.2555527219624,1.0,0.0874761577041795,0.6788223063567527,0.7084213950284576
2079.2693186898923,1.0,0.08747093185295807,0.6790103770643297,0.708783614145072
2080.2833362800925,1.0,0.08746573263551949,0.6791984426541481,0.7091460015260234
2081.2972586714322,1.0,0.08746056183659826,0.679386438790761,0.7095084332432693
2082.3112702453423,1.0,0.08745550650486364,0.6795744399375678,0.7098709703655767
2083.325218117422,1.0,0.08745053929993306,0.6797624048832668,0.7102335597809537
2084.3392650812525,1.0,0.08744563901971127,0.6799503544631041,0.7105962608309035
2085.3531591606625,1.0,0.08744080687648405,0.6801382419769816,0.7109589833833373
2086.367221696052,1.0,0.0874360551539582,0.6803261097976867,0.7113218040574234
2087.381507187882,1.0,0.08743140766439594,0.6805139381270873,0.7116846757003756
2088.3955099143222,1.0,0.08742684575697626,0.6807016593799311,0.7120474755627814
2089.4091513097624,1.0,0.08742236970486368,0.6808892590635723,0.7124101755066737
2090.4231469582123,1.0,0.08741797634728986,0.6810768696152959,0.7127730315811543
2091.437110755752,1.0,0.08741360207896165,0.6812643950595444,0.7131358063359379
2092.4511145438923,1.0,0.08740927928808934,0.6814518609525342,0.7134985751813627
2093.465088250602,1.0,0.08740501386810214,0.6816392564378321,0.7138613215522397
2094.479084606852,1.0,0.08740080559655071,0.6818265912615183,0.7142240643130612
2095.4930721156325,1.0,0.08739676002278625,0.682013744733554,0.7145866107064011
2096.507045822342,1.0,0.08739295972321222,0.6822006259805046,0.7149488168261013
2097.5210014802024,1.0,0.08738930882460592,0.682387338706775,0.7153108462364156
2098.535030749072,1.0,0.08738580700920703,0.6825738997772985,0.7156727316501893
2099.5489789750422,1.0,0.08738243957370202,0.6827602908035177,0.7160344279894764
2100.5629399413924,1.0,0.08737858538476455,0.6829469390700427,0.7163963807919316
2101.576956469892,1.0,0.08737464329254438,0.6831335889142196,0.7167583404880462
2102.5909609658224,1.0,0.08737061355417601,0.6833202278933433,0.717120282948619
2103.6049205165723,1.0,0.0873665063343272,0.6835068542190496,0.7174822007917004
2104.6189094409424,1.0,0.08736266505970587,0.683693627914083,0.7178442701814505
2105.6329061511024,1.0,0.08735887975610693,0.6838804555707909,0.7182063919654472
2106.6468795039123,1.0,0.08735515053849953,0.6840673314498777,0.7185685550206082
2107.660837992962,1.0,0.08735168287089405,0.6842539954430964,0.7189304183832873
2108.6748332875222,1.0,0.08734843680251277,0.6844405077126539,0.7192920670778555
2109.688825750882,1.0,0.08734537398192951,0.6846269099702964,0.7196535513856571
2110.7028136135523,1.0,0.0873422667411637,0.6848132731529915,0.7200149545117147
2111.7167487452625,1.0,0.08733900316158515,0.6849996234958471,0.7203763005751224
2112.730785799922,1.0,0.0873357110529738,0.6851859492585611,0.7207375974385127
2113.7447570293325,1.0,0.08733248072203424,0.6853721695444545,0.7210987084811881
2114.758753385592,1.0,0.08732950304737912,0.6855581944248176,0.7214595024384208
2115.772727446202,1.0,0.08732664856547771,0.6857440874934034,0.7218200733913891
2116.7868030758523,1.0,0.08732374806652679,0.6859300247087551,0.7221806462049193
2117.8006783986125,1.0,0.08732056938321535,0.6861161622125077,0.7225413630991064
2118.8299819534623,1.0,0.08731722271286815,0.6863052244083645,0.722907612038943
2119.844222500102,1.0,0.08731401474735395,0.6864915354358775,0.7232684286766626
2120.8582478760923,1.0,0.08731105213484192,0.6866777659822353,0.723629010632379
2121.8722109658224,1.0,0.08730820206830374,0.6868639921028419,0.7239894855405522
2122.8862267865325,1.0,0.08730528799299049,0.6870503286359778,0.7243500131647537
2123.9001689962224,1.0,0.08730236343506749,0.6872367240922077,0.7247105127249339
2124.914171722662,1.0,0.08729949560698017,0.6874231278842227,0.7250709328797765
2125.9281482605625,1.0,0.08729684966470402,0.6876093178916589,0.7254309704574039
2126.942115597092,1.0,0.08729433672768923,0.6877954083004495,0.7257907782043342
2127.9561023980723,1.0,0.087291816903092,0.6879814961968566,0.7261504915751638
2128.9701118485923,1.0,0.08728925437363261,0.6881676056819126,0.7265101437792771
2129.9840462725024,1.0,0.08728669768104545,0.6883536872483834,0.7268696553726992
2130.998067047792,1.0,0.08728414561397865,0.6885397746712085,0.7272290433503783
2132.0120234134524,1.0,0.08728159892130948,0.6887258383744794,0.7275882727377605
2133.0260448965423,1.0,0.0872790693598818,0.6889119323965223,0.7279474186613665
2134.0399924147123,1.0,0.08727657447031013,0.6890980742889166,0.7283064734692959
2135.0540004496424,1.0,0.08727410311765431,0.6892842616728362,0.7286654586422855
2136.0679660166725,1.0,0.08727165555354209,0.6894704756396408,0.7290243377186603
2137.081999886232,1.0,0.08726923151149522,0.6896567365335454,0.7293831499005999
2138.0959498817024,1.0,0.08726686471677368,0.6898429841756483,0.7297417922730375
2139.1099419911725,1.0,0.08726457362034823,0.690029223597898,0.7301002818315836
2140.1239107432925,1.0,0.087262330939415,0.6902154692733341,0.7304586357738299
2141.1378865734023,1.0,0.08726013660549287,0.6904017267920631,0.730816864859214
2142.1518786828624,1.0,0.08725799060034035,0.6905879978446497,0.7311749723340991
2143.1658722079324,1.0,0.08725581951703935,0.6907742986195949,0.7315329603221451
2144.1798579472124,1.0,0.08725360380754872,0.6909606324669356,0.7318908275413797
2145.1938571346523,1.0,0.08725138931392402,0.6911469914676212,0.7322485768758129
2146.2078152698023,1.0,0.08724917615513901,0.6913333656042981,0.7326061891021332
2147.221819765742,1.0,0.08724696414040771,0.6915197709444126,0.7329636950490389
2148.2357924107523,1.0,0.087244890011094,0.6917061501942978,0.7333209885863226
2149.249771425952,1.0,0.08724295840731797,0.6918925088958481,0.7336780804726865
2150.2637387624823,1.0,0.08724110522288561,0.6920788638874338,0.7340350012451464
2151.2777478591024,1.0,0.08723933036361782,0.6922652249903857,0.7343917697069389
2152.291688299292,1.0,0.08723763401966167,0.692451571911709,0.7347483470158139
2153.305705535602,1.0,0.08723585416119854,0.6926379087064181,0.7351047243983462
2154.3197011840525,1.0,0.08723401556593302,0.6928242207431152,0.7354608763746706
2155.333675244662,1.0,0.08723217395840942,0.6930105158332419,0.7358168235967749
2156.3476496591725,1.0,0.08723032929887234,0.69319679800851,0.7361725737733197
2157.361655570702,1.0,0.08722850555496854,0.6933830831186171,0.7365281452851495
2158.375615829252,1.0,0.08722676904429585,0.6935693848918307,0.7368835316426654
2159.390091364912,1.0,0.0872250668807414,0.6937557844914074,0.7372389131801647
2160.4035713823523,1.0,0.08722340157422159,0.6939420043217783,0.7375937607816555
2161.4175744626923,1.0,0.08722177060486486,0.6941283234093504,0.7379486062742142
2162.4315417992125,1.0,0.08722011039671196,0.694314694534371,0.73830330136158
2163.4455024116623,1.0,0.0872184450793902,0.6945011022414406,0.7386578384419136
2164.459505845892,1.0,0.08721678535085077,0.6946875463729643,0.7390122269109937
2165.4735082184325,1.0,0.08721513128327212,0.694874018861882,0.7393664514216899
2166.4874822790425,1.0,0.08721347213613137,0.6950605697907539,0.7397205652579386
2167.5014772197023,1.0,0.08721179387465133,0.6952472794963938,0.7400746668522874
2168.5154537576122,1.0,0.0872101098803025,0.6954340727170932,0.7404286649484251
2169.5294168473424,1.0,0.08720842014512788,0.6956209503614813,0.740782561280658
2170.5434255900723,1.0,0.08720672457036274,0.695807923326293,0.741136376472027
2171.5574081442624,1.0,0.08720517178059016,0.6959948684596746,0.7414899398124888
2172.571398838132,1.0,0.0872037136736902,0.6961818276496418,0.7418433103972328
2173.5853679441525,1.0,0.08720236258792319,0.6963687863135551,0.7421964658100941
2174.5993423586624,1.0,0.08720113612710166,0.6965557363536377,0.7425493981219145
2175.6133595949623,1.0,0.08719989885874212,0.6967427308703685,0.7429021809877758
2176.627293311072,1.0,0.08719852912528006,0.69692978748998,0.7432548241614441
2177.6413123168722,1.0,0.08719710873054592,0.6971168993726564,0.7436073362689116
2178.6552923937625,1.0,0.08719561717027341,0.6973040453753154,0.7439596763221892
2179.6692806103424,1.0,0.08719405607081022,0.6974912298308861,0.7443118542074939
2180.683244761772,1.0,0.08719276133857053,0.697678350888749,0.7446637225491892
2181.6972418258324,1.0,0.08719157039347378,0.6978654596982605,0.7450153583810989
2182.7114268103123,1.0,0.08719050540631294,0.6980525748514126,0.7453668008918855
2183.725207995902,1.0,0.08718956245111174,0.6982395913581987,0.7457178489204886
2184.7391965663824,1.0,0.08718835725721115,0.6984268265381732,0.7460689764814895
2185.753181951762,1.0,0.08718705368973471,0.6986141568386383,0.746419999789389
2186.767165567642,1.0,0.08718561828039177,0.6988016019987331,0.7467709428824011
2187.781242612902,1.0,0.08718405379421666,0.698989181891199,0.747121839945101
2188.7951296143324,1.0,0.08718284075760135,0.6991766204936521,0.7474723016866142
2189.8091132302125,1.0,0.08718177333445946,0.6993640716874461,0.7478225562012166
2190.8230745504525,1.0,0.08718089255634921,0.6995514977755636,0.7481725403596171
2191.8371066505224,1.0,0.08718000848712609,0.6997389856131541,0.7485223717768882
2192.851054522592,1.0,0.08717887870668091,0.6999265956821669,0.748872107040699
2193.8650678660124,1.0,0.08717761552168062,0.7001143134848153,0.7492217424037491
2194.879018923172,1.0,0.08717625854476521,0.7003020945823867,0.7495712077926115
2195.8930074936525,1.0,0.0871751083650814,0.7004898224380414,0.7499203752154701
2196.9069928790323,1.0,0.08717405290328466,0.7006775350026204,0.7502692837454377
2197.920975787122,1.0,0.08717312214780581,0.700865217914683,0.7506179158688616
2198.9349516172224,1.0,0.0871720958951985,0.7010530972941043,0.750966586192289
2199.9489345253123,1.0,0.08717105811367833,0.7012411091629032,0.7513152097582962
2200.962926280882,1.0,0.08716999393013262,0.7014292826551233,0.7516638292923139
2201.9769049421825,1.0,0.08716902127011286,0.701617411405075,0.7520121337293236
2202.9908977594423,1.0,0.08716815475015266,0.7018054779022993,0.7523600977170509
2204.0048420925323,1.0,0.08716739105476584,0.7019934793058358,0.7527077119388546
2205.0188547281423,1.0,0.0871666242111187,0.7021815189630727,0.7530551503723228
2206.0328252497625,1.0,0.08716574159387239,0.702369664236416,0.7534025190033825
2207.046818420922,1.0,0.08716477572319971,0.7025578841585953,0.7537497734732985
2208.0608243324523,1.0,0.08716372446174105,0.7027462183188468,0.7540969461840651
2209.074795561872,1.0,0.08716265570777783,0.7029347197056264,0.7544440430838456
2210.0887908564323,1.0,0.08716153330256078,0.7031233537655328,0.7547910618857026
2211.1027550078625,1.0,0.08716038483650196,0.7033120890897961,0.7551379575018299
2212.1167488868223,1.0,0.08715959704887964,0.7035006400109406,0.7554843826921394
2213.1307155155523,1.0,0.08715895647665792,0.7036891598686513,0.7558305211517584
2214.1447185958923,1.0,0.08715846308159703,0.7038776605062199,0.75617639462285
2215.1586530198024,1.0,0.08715761084457026,0.7040664017200646,0.7565223344473743
2216.1726603469324,1.0,0.08715654433449041,0.7042553299973178,0.7568682839421859
2217.1866570570824,1.0,0.08715533244926342,0.7044443918002502,0.7572141646708896
2218.2006523516425,1.0,0.08715454560886035,0.704633313141426,0.7575596490057782
2219.2146303051422,1.0,0.08715395936091533,0.7048221995406606,0.7579048616826268
2220.2288000719623,1.0,0.08715344321947883,0.7050111281260951,0.758249914726071
2221.2425823192525,1.0,0.0871527346410692,0.7052000535475573,0.7585946734279895
2222.256569120232,1.0,0.0871519784224611,0.705389051562218,0.7589393047515103
2223.2705488432225,1.0,0.08715113460719183,0.7055782119843458,0.7592839008494446
2224.2845423682825,1.0,0.08715021671491816,0.7057674950758401,0.7596284134040491
2225.2985273997724,1.0,0.08714930213039025,0.7059568849254286,0.7599728108743743
2226.3124597002825,1.0,0.08714843470627799,0.7061463688548817,0.7603170674435068
2227.3264932159423,1.0,0.08714762162730831,0.7063359380697102,0.7606611940192333
2228.3404757701323,1.0,0.0871470344741711,0.7065253934314021,0.7610049319190624
2229.354463278912,1.0,0.08714659284414955,0.7067148253933766,0.7613483971502192
2230.3684369856223,1.0,0.08714602106885673,0.7069043477543785,0.7616917402717689
2231.382694873322,1.0,0.08714523807883788,0.7070940506500423,0.7620351081551634
2232.396413418772,1.0,0.08714440756404875,0.7072837300398929,0.7623781601715254
2233.410394203462,1.0,0.08714383600843788,0.7074734376367651,0.7627210445517466
2234.424382420042,1.0,0.0871434393595468,0.707663155229054,0.7630637134846312
2235.4383578962425,1.0,0.0871428631309132,0.7078529392738347,0.7634062235436289
2236.4523450511224,1.0,0.08714216470537056,0.7080427784753284,0.763748564306685
2237.4662762899425,1.0,0.08714143457637129,0.708232713611152,0.7640907764318892
2238.480313344592,1.0,0.08714068423140499,0.7084228040756331,0.7644329478895189
2239.494308639152,1.0,0.0871399145056089,0.7086130256919704,0.7647750342293803
2240.5082802224724,1.0,0.08713916983725305,0.7088033711975626,0.7651170339447207
2241.5222418966123,1.0,0.08713846655425168,0.7089938523329532,0.7654589623474313
2242.5362393145624,1.0,0.08713797263704734,0.7091842644402839,0.7658005876170698
2243.5502282389325,1.0,0.08713771590906925,0.7093745984920314,0.7661418955569403
2244.5642061924323,1.0,0.08713746697385806,0.7095648993076539,0.7664829344905666
2245.578200071392,1.0,0.08713694038383088,0.7097552372847503,0.7668237850338752
2246.5921780248923,1.0,0.08713614799148228,0.7099456344238858,0.7671644674996353
2247.6061496082125,1.0,0.08713557124366587,0.7101360929020313,0.7675049877414808
2248.6200836782223,1.0,0.08713504935286903,0.7103266483437705,0.7678453806821949
2249.634145859712,1.0,0.0871343004501105,0.7105174701973735,0.7681858708972948
2250.648112488442,1.0,0.08713334835699353,0.7107085510544957,0.7685264226992095
2251.662078055472,1.0,0.08713257150808618,0.7108996985729302,0.7688668275892055
2252.676072642232,1.0,0.08713234558258046,0.7110907100591269,0.7692068574489798
2253.6900838622523,1.0,0.08713248065576194,0.711281628658708,0.7695465607698971
2254.7040448285925,1.0,0.08713210021335825,0.7114725976086366,0.7698860886703274
2255.718029506172,1.0,0.08713138171923368,0.7116635718866621,0.7702253992644005
2256.732013122062,1.0,0.08713078388124743,0.7118546576801771,0.770564609861094
2257.7459967379523,1.0,0.08713021730077,0.7120458369830319,0.7709036991606157
2258.7599672595725,1.0,0.08712985366728192,0.7122369758151175,0.7712425118780825
2259.7739126543524,1.0,0.08712962612584745,0.7124281357643101,0.7715811183603707
2260.788047739062,1.0,0.08712909140535147,0.7126195673376309,0.771919838190586
2261.8019198767224,1.0,0.0871283542960708,0.7128111359870605,0.7722584633208004
2262.8159049082024,1.0,0.0871276675518284,0.7130027752720471,0.7725969592825396
2263.8298814461123,1.0,0.08712696840115075,0.7131945663855844,0.7729354114542588
2264.8438824030522,1.0,0.08712624903697375,0.7133866627866349,0.7732740101864248
2265.8578564636623,1.0,0.08712586098208967,0.7135787029935734,0.7736123284767512
2266.8718457419322,1.0,0.08712601137936161,0.7137704534771072,0.7739500971851777
2267.8858187408523,1.0,0.0871257860319716,0.7139623373722911,0.7742878001132512
2268.899808373022,1.0,0.08712492748640767,0.7141544564694301,0.7746255574956773
2269.9138033136824,1.0,0.08712449013344796,0.7143465103148344,0.7749630212936136
2270.927774896992,1.0,0.08712446128770435,0.7145384834359847,0.7753001696420919
2271.941754266092,1.0,0.08712422947673147,0.7147304622452846,0.7756371018866348
2272.955730803992,1.0,0.08712373102166514,0.7149226102350775,0.7759740099936555
2273.9697285758425,1.0,0.08712282241877951,0.7151150683403503,0.7763110619944374
2274.9837097144423,1.0,0.08712240516512447,0.7153074116209263,0.7766477602916351
2275.9976674956924,1.0,0.08712213942859003,0.7154997979127286,0.776984289837631
2277.0116588973524,1.0,0.08712175095308994,0.7156923813949272,0.7773208409871605
2278.025634727462,1.0,0.08712135610531693,0.7158849998477348,0.7776572165469351
2279.0396523176623,1.0,0.08712095762070168,0.7160776645477719,0.7779934365507505
2280.053616115202,1.0,0.08712055767142136,0.7162704075198548,0.7783295309953395
2281.0676071629723,1.0,0.08712015489353414,0.7164632327835524,0.7786655125882983
2282.081614843992,1.0,0.08711976064390507,0.7166561289080752,0.7790013668442838
2283.0955754564425,1.0,0.08711955949613835,0.7168489306944407,0.7793368945143446
2284.1095555333322,1.0,0.08711945130965053,0.7170417338432179,0.7796722142785837
2285.1235133145824,1.0,0.08711943608850789,0.7172345304139494,0.7800073123279825
2286.1375401061623,1.0,0.08711920279646589,0.717427404659239,0.7803422896442969
2287.151457896812,1.0,0.08711886229522404,0.7176202988864084,0.7806770622011823
2288.1654981365623,1.0,0.08711844326438328,0.7178132509438828,0.7810116998665377
2289.1793879691822,1.0,0.08711808219857191,0.7180062445189734,0.7813461563927543
2290.193456520852,1.0,0.08711778311244338,0.7181993433418519,0.7816805416705903
2291.2074086397224,1.0,0.08711750447985622,0.7183924803497551,0.7820147449997126
2292.2214184441423,1.0,0.08711716515208702,0.7185857239049684,0.7823488690207051
2293.2353702091023,1.0,0.08711671009299102,0.7187790758589055,0.7826829063226725
2294.249383198622,1.0,0.08711619242950729,0.7189725358712145,0.7830168665308566
2295.263332840192,1.0,0.08711570437725,0.7191660531906308,0.7833506806774224
2296.277362462962,1.0,0.08711543059973371,0.7193596010801642,0.7836843399349467
2297.2913503256323,1.0,0.08711524575645622,0.7195531930197097,0.7840178422524431
2298.3053144770724,1.0,0.0871151073727336,0.7197468566826151,0.7843512225321423
2299.3192736739225,1.0,0.08711474932223842,0.7199407475173016,0.7846846683935569
2300.3332587054024,1.0,0.08711432443472726,0.7201347841920972,0.7850180857492346
2301.3472242724324,1.0,0.08711383272855207,0.7203289580398744,0.7853514597036376
2302.3612531874023,1.0,0.08711358825224773,0.7205229879081924,0.7856844785931455
2303.3751879652123,1.0,0.08711343539302174,0.7207169908496175,0.7860172586410834
2304.3896454520223,1.0,0.08711336949521241,0.7209110892533929,0.7863500071540834
2305.403168645152,1.0,0.0871131609893528,0.7211051564851468,0.7866824207765061
2306.417181280772,1.0,0.08711285185224758,0.7212994371170609,0.7870149344423091
2307.4311532179822,1.0,0.08711248535022363,0.7214938010514977,0.7873473414725264
2308.445153113232,1.0,0.08711218252735432,0.7216881762666014,0.7876795683287983
2309.459123280952,1.0,0.08711198094563291,0.7218825252887462,0.7880115663257508
2310.4731160982124,1.0,0.0871118252558129,0.7220768970917485,0.7883433965166654
2311.487058661802,1.0,0.0871116371283941,0.7222713513096974,0.7886751217069226
2312.501031660712,1.0,0.08711132177574392,0.7224659924667288,0.7890068731331402
2313.515032617662,1.0,0.08711095276623317,0.7226607509661876,0.7893385685959452
2314.5290618865324,1.0,0.08711058359160659,0.722855583101587,0.7896701588198294
2315.5429966643424,1.0,0.08711039561289889,0.7230503168739901,0.7900014362745731
2316.5570192091322,1.0,0.08711027696256321,0.7232450788164513,0.7903325637503064
2317.5709815910623,1.0,0.0871102146462163,0.7234398441069513,0.7906634969715426
2318.5850023663625,1.0,0.08710999188314344,0.7236346953174999,0.7909943418917496
2319.5989392675624,1.0,0.08710972619495774,0.7238295726982067,0.7913250156450089
2320.612951549282,1.0,0.08710941754046833,0.7240245068570756,0.7916555701706026
2321.6269379963624,1.0,0.0871092088916369,0.7242195529938348,0.7919860630587146
2322.640890115222,1.0,0.08710904968300093,0.7244146830596396,0.7923164595027861
2323.654885763682,1.0,0.08710892648208278,0.7246099050298437,0.792646776365698
2324.6688870745224,1.0,0.08710869580094398,0.7248052234761403,0.7929770222456148
2325.6828678592124,1.0,0.08710835271999266,0.7250006337591198,0.7933071893340432
2326.6968539523923,1.0,0.08710794133532128,0.725196137211481,0.7936372796088125
2327.710789084102,1.0,0.08710762205718907,0.725391655227613,0.7939671995983104
2328.7250285690525,1.0,0.08710750494608262,0.7255872098070265,0.7942970132462026
2329.7389516681924,1.0,0.087107484265538,0.7257827259607665,0.7946265682845832
2330.7527901854323,1.0,0.08710745229530005,0.7259783135968025,0.7949560167066506
2331.7667511517825,1.0,0.08710719147180594,0.7261741444615201,0.7952855804911001
2332.7808508465723,1.0,0.08710684916078795,0.7263701324496746,0.7956151600981886
2333.7829108933524,1.0,0.08710647566294,0.726563885226912,0.7959407565042159
2334.793110619852,1.0,0.08710637352244341,0.7267590519122055,0.7962686389695938
2335.807103791012,1.0,0.08710636871378229,0.7269549359031636,0.7965975571197761
2336.821095192682,1.0,0.08710638633927154,0.7271508241179356,0.7969263010330516
2337.8350614675123,1.0,0.08710620112191905,0.7273467722495623,0.7972549296058743
2338.8490496840923,1.0,0.08710594389336547,0.7275427544265632,0.797583419492791
2339.8630301148823,1.0,0.08710571470311625,0.7277387853302737,0.7979117853851104
2340.8770169158624,1.0,0.0871056557656338,0.7279348967346841,0.7982400664465459
2341.890989560872,1.0,0.08710567045375889,0.7281310649402701,0.7985682325386891
2342.9049901639223,1.0,0.08710557532989055,0.7283273671915397,0.7988963827331066
2343.918969179112,1.0,0.0871052562726389,0.7285238368851574,0.7992245541535197
2344.9329460709223,1.0,0.08710481741485335,0.7287204385637955,0.7995527045956179
2345.946837319132,1.0,0.08710453840624358,0.7289170012840708,0.799880631705425
2346.960937721732,1.0,0.08710445708816468,0.7291135612237598,0.8002084070332556
2347.9749025809624,1.0,0.08710448365042261,0.7293101012955132,0.8005359754907664
2348.9888946904325,1.0,0.08710441921345746,0.7295067040981855,0.800863447312289
2350.0028630886522,1.0,0.08710430213034479,0.7297033499074009,0.8011907949280628
2351.0168520130323,1.0,0.08710412697374478,0.7299000790244619,0.8015180706885101
2352.030836336712,1.0,0.08710375918678578,0.7300970354718798,0.8018454430754495
2353.0448149980125,1.0,0.08710326800174242,0.7302941424354619,0.8021728208899207
2354.0588010911924,1.0,0.08710301030168828,0.7304912210321217,0.8025000027211816
2355.072782229782,1.0,0.08710307608459794,0.7306882231048749,0.8028269327176121
2356.0867708002625,1.0,0.08710331006463617,0.7308852167894405,0.8031536892110743
2357.100755477842,1.0,0.08710326391029805,0.7310822584473322,0.8034803328611166
2358.1147387398323,1.0,0.0871031458074417,0.7312793213662017,0.8038068346041014
2359.1287174011322,1.0,0.0871030203902337,0.7314764392164125,0.8041332332684868
2360.1426900461424,1.0,0.08710288954614752,0.7316736127230945,0.8044595295638259
2361.156699142762,1.0,0.08710267894283792,0.731870912016819,0.8047858112192543
2362.1706544467224,1.0,0.08710230571146249,0.7320684117399592,0.8051121592645515
2363.184665666742,1.0,0.08710188287803235,0.7322660484409597,0.8054385094149935
2364.1986294642725,1.0,0.08710198701320469,0.7324635184812304,0.8057645044816272
2365.2126063560822,1.0,0.08710237006532298,0.7326609556199338,0.8060903032978411
2366.2265719231123,1.0,0.08710237777672568,0.7328584507521451,0.8064160071471513
2367.2405530617025,1.0,0.08710205330583165,0.7330560028069856,0.8067416174692984
2368.2545887007623,1.0,0.08710163218841721,0.7332537732052802,0.807067327937169
2369.272921029022,1.0,0.08710114116694608,0.7334526268812953,0.8073945442378365
2370.2825315134924,1.0,0.08710107981843972,0.7336496556590656,0.807718662550713
2371.2965133598823,1.0,0.08710142759141475,0.7338474260074476,0.8080439002044083
2372.310493082882,1.0,0.08710142294195052,0.7340452541850685,0.8083690496707587
2373.3244837767525,1.0,0.08710125683706983,0.7342431136670488,0.8086940812277729
2374.3384592529524,1.0,0.08710107794397744,0.734441080060517,0.8090190784835928
2375.3524662261825,1.0,0.0871008473830097,0.7346391464198225,0.8093440389716462
2376.3664183450524,1.0,0.08710059337586398,0.734837356117658,0.8096690085295873
2377.380725424732,1.0,0.08710034019379005,0.735035733201472,0.809994053526393
2378.3944128270523,1.0,0.08710018414297539,0.7352339902801235,0.8103187533897913
2379.4083107993524,1.0,0.08710008751521592,0.7354323275164578,0.8106434164331888
2380.4223708574523,1.0,0.08710005034791417,0.7356307354475596,0.8109680270738424
2381.436339963472,1.0,0.0871000331988422,0.7358291234852724,0.8112924556627223
2382.4503363197223,1.0,0.08710002163561513,0.7360274997336262,0.8116167222486579
2383.464318166112,1.0,0.08710003796005841,0.7362258792426105,0.8119408409638673
2384.4782901033323,1.0,0.08710005953509249,0.7364242813093422,0.8122648349538458
2385.492285751792,1.0,0.08709997632081494,0.7366228019469627,0.8125888203014434
2386.5062806924425,1.0,0.08709985588490218,0.7368213814625374,0.8129127245194715
2387.520246967272,1.0,0.0870996982322922,0.7370200143782393,0.8132365386807123
2388.5342348299523,1.0,0.08709954827149505,0.737218732910463,0.8135603099574414
2389.5481873027124,1.0,0.08709939535831844,0.7374175205852477,0.8138840127761924
2390.5621992305323,1.0,0.08709923157801629,0.737616392064743,0.8142076719398239
2391.5761948789923,1.0,0.08709910037794368,0.7378152866811718,0.8145312113237297
2392.590178848772,1.0,0.08709905368476696,0.738014150557988,0.8148545702964437
2393.6041536171824,1.0,0.08709904908238916,0.7382130289224734,0.8151778003778251
2394.6181266160925,1.0,0.08709908337410124,0.7384119245640081,0.8155009055284554
2395.632111293682,1.0,0.08709906338982666,0.7386108789512098,0.8158239363679675
2396.6461016336525,1.0,0.08709901021124049,0.7388098821184348,0.8161468804926724
2397.6600891424223,1.0,0.08709890684541413,0.7390089394811369,0.8164697436482232
2398.6740833752824,1.0,0.08709882517552239,0.7392079968479595,0.8167924636306666
2399.688073007452,1.0,0.08709879606178607,0.7394070250775991,0.8171150056072344
2400.701981950632,1.0,0.08709880010601273,0.7396060180273275,0.8174373558395355
2401.7160133428924,1.0,0.08709881633263637,0.7398050561994143,0.8177596279250074
2402.7299930658924,1.0,0.08709874522450618,0.7400042807214794,0.8180819763343493
2403.7439855292523,1.0,0.08709861948735877,0.7402036528212755,0.8184043606517356
2404.7579716224323,1.0,0.08709842374313562,0.7404031997777917,0.8187268123635302
2405.7719442674525,1.0,0.08709829112054814,0.7406026729938862,0.8190490340050048
2406.7862460386423,1.0,0.08709819727465924,0.7408021876333302,0.8193711919528414
2407.7999260090824,1.0,0.08709814623383566,0.7410015514626775,0.8196929784808042
2408.8138958229124,1.0,0.08709810735015745,0.7412010292117253,0.8200147894839227
2409.8278882862724,1.0,0.08709804211275049,0.7414006731959146,0.820336670455578
2410.841859869592,1.0,0.08709797364318246,0.7416004289281566,0.8206585523949012
2411.8558300373124,1.0,0.08709789693799758,0.7418003004940659,0.8209804428754517
2412.8698256857624,1.0,0.08709780144763657,0.7420001490306481,0.8213021714773845
2413.8838170874324,1.0,0.08709769441285647,0.7422000481766506,0.8216238271402194
2414.8978021189123,1.0,0.08709757583406269,0.7423999975126543,0.8219454091914985
2415.9117772412224,1.0,0.08709744844004653,0.7426000307007125,0.8222669611928303
2416.925755194722,1.0,0.08709731191285457,0.7428001462675857,0.8225884820018168
2417.939758275062,1.0,0.087097165581458,0.7430003402076392,0.8229099677517164
2418.9537199492024,1.0,0.08709704434850495,0.743200556305901,0.8232313476825447
2419.967715243762,1.0,0.0870970058538589,0.7434007382048206,0.8235525635167373
2420.9817151390025,1.0,0.08709700724216812,0.7436009330881268,0.8238736670606843
2421.995671858562,1.0,0.08709704851109139,0.7438011315226011,0.8241946431915266
2423.009633532702,1.0,0.08709690276558102,0.7440015732143188,0.8245157832208061
2424.0236468761123,1.0,0.08709669087267854,0.7442021447657419,0.8248369548680217
2425.037646063562,1.0,0.08709641426721172,0.7444028317177765,0.8251581355514628
2426.0515263409025,1.0,0.0870962454299302,0.744603445788002,0.8254790968525486
2427.0655980776723,1.0,0.08709623622701988,0.744803997955715,0.8257998782364445
2428.0796146061725,1.0,0.08709630399680736,0.7450045197575922,0.8261204952545292
2429.0935401826023,1.0,0.08709641590463091,0.7452050171017777,0.8264409516798645
2430.1075588345025,1.0,0.0870964445665992,0.7454055767424658,0.8267613640781158
2431.1215364341024,1.0,0.08709647038838987,0.7456061403652858,0.8270816531982552
2432.1355246506823,1.0,0.08709649337144675,0.745806718189818,0.8274018353662292
2433.149493756702,1.0,0.08709641943014167,0.7460074303563682,0.8277220509210488
2434.163488343462,1.0,0.08709627693036238,0.7462082476930637,0.8280422687977923
2435.1774804529223,1.0,0.08709607896911105,0.7464091471258728,0.8283624593274526
2436.1914339873924,1.0,0.08709589541488849,0.7466100798465647,0.8286825639983356
2437.2054211422624,1.0,0.08709583294930633,0.7468109965473054,0.829002533644456
2438.2194167907223,1.0,0.08709587259064394,0.7470119035707625,0.8293223731358749
2439.2334135008723,1.0,0.08709603205223714,0.7472127873651523,0.8296420665893597
2440.2473928699724,1.0,0.08709609883930848,0.7474137458455453,0.8299617251796292
2441.2613520668224,1.0,0.08709616067004723,0.7476147318114796,0.8302812947925006
2442.2753540854624,1.0,0.08709620422618423,0.747815760991655,0.8306007993364654
2443.2893380552423,1.0,0.08709618039178621,0.7480168444838872,0.8309202466314914
2444.3033464440723,1.0,0.08709606046612406,0.7482180025112771,0.831239663971743
2445.317304933122,1.0,0.087095831110423,0.7484192235853605,0.8315590320241978
2446.3312729774425,1.0,0.08709553844249313,0.7486205016567632,0.8318783493696997
2447.345255531632,1.0,0.08709536858933434,0.74882176611086,0.8321975356658313
2448.359245517702,1.0,0.08709525468401044,0.7490230410841143,0.8325166183723223
2449.3780145574824,1.0,0.08709522354908407,0.7492252633106256,0.8328370865796694
2450.387543645152,1.0,0.0870952210897144,0.749425717473152,0.8331546127663008
2451.401169469032,1.0,0.08709528403114591,0.7496270309046308,0.8334733684953431
2452.415143529642,1.0,0.08709542720775701,0.7498284606696367,0.8337921769302753
2453.4291030803925,1.0,0.08709556566438363,0.7500299266918825,0.8341109130797753
2454.4430990827423,1.0,0.08709561437312759,0.7502314310482378,0.8344295820352458
2455.4571315367125,1.0,0.08709559827146542,0.7504329801457683,0.8347481926238184
2456.471117275992,1.0,0.08709549634511474,0.7506345651470023,0.8350667280809265
2457.4851026613724,1.0,0.08709531540318398,0.7508362578274055,0.8353852787413936
2458.4990745985824,1.0,0.08709503235758301,0.7510380591773113,0.835703844899542
2459.5130617534624,1.0,0.08709463698496392,0.7512400038935384,0.836022470701744
2460.527064126002,1.0,0.08709445731287725,0.751441876021564,0.8363409062551354
2461.5410027967023,1.0,0.0870945414810576,0.7516436378376498,0.8366591022763366
2462.555026403192,1.0,0.0870948994529036,0.7518453281319388,0.8369771173567732
2463.568960119302,1.0,0.08709532510019151,0.7520469909939735,0.8372949856995364
2464.5829946966624,1.0,0.08709534368233111,0.7522488531663647,0.8376129801970004
2465.5969648643822,1.0,0.08709512922253976,0.7524508051245179,0.8379309625873766
2466.6109481263625,1.0,0.08709478341903493,0.752652842727092,0.8382489362972747
2467.6249324500523,1.0,0.08709469227700699,0.752854870713929,0.8385667957937167
2468.6388831533222,1.0,0.08709471396001352,0.7530569253855647,0.8388845786107655
2469.6529000357223,1.0,0.08709474042804714,0.7532590278001725,0.8392023174139106
2470.6668394142225,1.0,0.08709470784308433,0.7534611484361642,0.8395199664798192
2471.680870098692,1.0,0.08709464577652476,0.7536633157231176,0.8398375735687733
2472.6948130161722,1.0,0.08709456924149526,0.7538655401251597,0.8401551360827604
2473.7088373304623,1.0,0.08709446175236982,0.7540678503839949,0.8404727018746461
2474.7227462736323,1.0,0.08709434563066118,0.7542701957645951,0.8407901965754733
2475.736788282872,1.0,0.08709432758153608,0.7544725564341401,0.8411076182932873
2476.7507690675725,1.0,0.08709439716829666,0.7546749053658232,0.8414249202721561
2477.7647597614323,1.0,0.08709440775850702,0.7548773350221802,0.84174221605776
2478.7788435307725,1.0,0.08709421160235026,0.7550799408780614,0.8420596236382581
2479.792721330822,1.0,0.08709381439139406,0.7552826602322525,0.8423770465660546
2480.806691144642,1.0,0.08709380512434356,0.7554852375809886,0.8426942150843826
2481.8206977639725,1.0,0.0870939910231771,0.7556877650106335,0.8430112306177372
2482.8346328956823,1.0,0.08709423188587762,0.7558902825136019,0.8433281302341463
2483.848646946892,1.0,0.08709411045202335,0.7560929895026233,0.8436451556744574
2484.8626036664423,1.0,0.08709384735584334,0.7562957691974124,0.8439621613862681
2485.876586574532,1.0,0.08709382082676541,0.7564984916736215,0.84427900522231
2486.8905659436323,1.0,0.08709399749422206,0.7567011639250392,0.8445956927363096
2487.9045856572225,1.0,0.08709418016515119,0.7569038415029881,0.8449122905603041
2488.9185657341222,1.0,0.0870941245648914,0.7571065508160035,0.8452288210488729
2489.9325574896925,1.0,0.08709396608992727,0.7573092786223862,0.8455452739909421
2490.946529426902,1.0,0.087093756324425,0.757512238431987,0.8458618991722399
2491.9605328611424,1.0,0.08709347550587909,0.7577153563485234,0.8461786132043143
2492.9745486818424,1.0,0.08709336045102109,0.7579184564827347,0.8464952139447168
2493.9884767355725,1.0,0.08709358308156925,0.7581213967393254,0.8468115311019537
2495.0026595966624,1.0,0.08709395472852431,0.7583243442175135,0.8471277833259201
2496.0166690471824,1.0,0.08709394036695998,0.7585272986520887,0.8474439306177408
2497.0305514479223,1.0,0.08709378059220457,0.7587302309037529,0.8477599454050282
2498.0446228307924,1.0,0.08709369632777056,0.7589332366215338,0.8480759638083892
2499.0585958297024,1.0,0.08709371997741153,0.7591362630277281,0.848391901778942
2500.072417713692,1.0,0.08709364316516617,0.7593393940315525,0.8487078552544457
2501.0862976371322,1.0,0.08709333355383013,0.7595427623211319,0.8490239971719228
2502.100361942022,1.0,0.08709301342296923,0.7597462727771777,0.849340228050148
2503.114342372812,1.0,0.08709299591939033,0.7599497270745008,0.8496563017836147
2504.1283288198924,1.0,0.08709311703354507,0.7601531858091203,0.8499722929092732
2505.1422904940323,1.0,0.08709329187250427,0.7603564853970223,0.850288006925734
2506.1563112693325,1.0,0.08709355171580706,0.7605597109409099,0.8506035500943641
2507.1702640959925,1.0,0.08709341280438687,0.7607631585436804,0.8509192527273126
2508.184210198572,1.0,0.08709305568747554,0.7609667204644743,0.8512349958509747
2509.198237697952,1.0,0.08709290810448654,0.7611702658133294,0.8515506369960419
2510.212239716592,1.0,0.08709318034917725,0.7613737001001037,0.8518660593706013
2511.2261812184825,1.0,0.08709342629312407,0.7615771364486551,0.8521813887254422
2512.2401832371224,1.0,0.08709319189223559,0.7617807189381223,0.8524967988620836
2513.2541626062225,1.0,0.0870929935522337,0.7619843033063312,0.8528121196992051
2514.2681561312825,1.0,0.0870932082449375,0.7621878109974055,0.8531272659411344
2515.282107542352,1.0,0.08709318116031221,0.7623914327632014,0.8534424498847282
2516.296113807782,1.0,0.08709285299434531,0.7625952143254014,0.8537577321295148
2517.310087868392,1.0,0.08709291301625413,0.7627988960051758,0.8540728124410719
2518.3240852863423,1.0,0.08709314694621052,0.7630025691637695,0.8543877998459604
2519.338028911622,1.0,0.087092802702078,0.7632064932220818,0.8547029828877865
2520.3520620733925,1.0,0.0870926856540683,0.7634103903278537,0.8550180561892067
2521.3660279943224,1.0,0.08709377100206218,0.7636138407650367,0.85533252716163
2522.3803478143723,1.0,0.08709347193854101,0.7638175646987212,0.855647247637933
2523.393980008432,1.0,0.08709308302860098,0.7640212113563024,0.8559617347162026
2524.408012108492,1.0,0.08709301244684467,0.7642250602189037,0.8562763980855572
2525.4219426395125,1.0,0.08709256593086422,0.764429161116805,0.856591259520053
2526.435961645312,1.0,0.08709294045270963,0.7646330742831811,0.8569058308007861
2527.4499296896424,1.0,0.0870929652537568,0.7648370451232774,0.85722038139775
2528.463898087862,1.0,0.08709278095646186,0.765041088597868,0.8575349328307328
2529.4778314500722,1.0,0.08709269592018108,0.7652451888667277,0.8578494652362678
2530.4918886769724,1.0,0.087092442354244,0.7654494712662916,0.8581641368841592
2531.5058563674024,1.0,0.08709283362766843,0.7656535098408814,0.8584784407735292
2532.5198477690724,1.0,0.08709299601356972,0.7658575205053458,0.8587926306969602
2533.533820414082,1.0,0.08709279046891377,0.7660616349526348,0.8591068545684276
2534.5478617155222,1.0,0.08709248055057969,0.7662659064242752,0.8594211820527888
2535.5617894153525,1.0,0.08709269428675664,0.7664700277111678,0.8597352481400937
2536.576003773462,1.0,0.08709284027182475,0.7666742034937676,0.8600493154090608
2537.589951291642,1.0,0.08709272855643092,0.7668784262187115,0.8603633325249939
2538.6039625116523,1.0,0.08709219076039337,0.7670829645880292,0.8606776379921429
2539.6179075525424,1.0,0.08709233843692711,0.7672873742453864,0.8609917146223638
2540.6319201881524,1.0,0.08709275966768865,0.7674916456302718,0.8613055583495188
2541.6458701836223,1.0,0.08709312318184093,0.7676957131786626,0.8616190804333755
2542.6598888355225,1.0,0.08709284370380554,0.7678999739446992,0.8619327446086072
2543.6738823605824,1.0,0.08709258358599242,0.7681043069418877,0.8622464071413666
2544.6876695624624,1.0,0.08709256196124304,0.768308723561299,0.8625600704714094
2545.7016117721523,1.0,0.08709206536358285,0.7685134640086216,0.8628740423121738
2546.7156240538625,1.0,0.08709237110179391,0.7687179986520061,0.8631877094323916
2547.729597052782,1.0,0.08709270624463475,0.7689224553055783,0.8635012075425488
2548.7435512950424,1.0,0.0870925230001932,0.7691269832829217,0.8638147084013409
2549.757573132032,1.0,0.08709204558981576,0.7693317977029673,0.8641284682623126
2550.771556747912,1.0,0.08709245455394178,0.7695363208518996,0.8644418140171922
2551.785648656932,1.0,0.08709287496162786,0.7697407363615482,0.8647549647314079
2552.7995303498724,1.0,0.08709290830850605,0.7699451466475551,0.8650680123136322
2553.813486007732,1.0,0.08709233876937407,0.7701498348760627,0.8653813048824833
2554.8274940426522,1.0,0.08709130215521385,0.7703550707438711,0.8656951570835152
2555.8414635025724,1.0,0.0870918864458661,0.7705601089485046,0.8660087163946303
2556.8554563198422,1.0,0.08709218229115995,0.7707650523972495,0.8663221023318118
2557.8694204712724,1.0,0.08709218893974159,0.7709699050035536,0.8666353102624303
2558.8834239055122,1.0,0.08709213816388568,0.7711748675049416,0.8669485749213803
2559.8973742548824,1.0,0.08709216232343474,0.7713796693965632,0.8672615726468242
2560.9113890138924,1.0,0.08709195178019885,0.7715847334763196,0.8675748061366951
2561.9253577660124,1.0,0.08709217367453229,0.7717894975358764,0.8678876098990125
2562.9393527066723,1.0,0.08709246686915878,0.7719943122501307,0.8682004024515392
2563.953323936082,1.0,0.08709239580104917,0.772199113995503,0.8685130959053385
2564.9673287859223,1.0,0.08709175759423139,0.7724041817995037,0.8688260207037817
2565.9813049699223,1.0,0.08709222901677142,0.7726091954663119,0.8691388103057294
2566.9952885858124,1.0,0.08709240577641487,0.7728140810560917,0.8694513810561937
2568.0092576918323,1.0,0.08709273629767539,0.7730187836964121,0.8697636637585827
2569.023246262312,1.0,0.08709235563832936,0.773223594812285,0.8700759913507302
2570.037245095852,1.0,0.08709231734359192,0.7734285882994881,0.8703884515415997
2571.0511841204525,1.0,0.08709221458699393,0.7736336483170381,0.8707009111627322
2572.065194278772,1.0,0.08709211834855486,0.7738388084611652,0.8710134210243233
2573.0791839109424,1.0,0.08709184713163348,0.7740441253905764,0.8713260415768619
2574.093169650232,1.0,0.08709204442937095,0.7742494369224621,0.8716385909161186
2575.1071667142824,1.0,0.08709236398857892,0.7744545625210535,0.8719508583726681
2576.1211354664024,1.0,0.08709260130604389,0.7746595084585665,0.8722628427642509
2577.1351275758725,1.0,0.08709233014714479,0.7748647372945917,0.8725750838329216
2578.149096327992,1.0,0.08709154261306588,0.7750702839119817,0.8728876187937837
2579.1630806516723,1.0,0.08709162454249716,0.7752756165285773,0.8731998424235619
2580.1770770079324,1.0,0.08709199852046287,0.7754808946380447,0.8735119363712913
2581.191065932302,1.0,0.08709209990984702,0.7756862003443208,0.8738239925335307
2582.204998232822,1.0,0.08709210720692354,0.775891521269929,0.8741359927351602
2583.2190080372425,1.0,0.08709205757725134,0.7760968854817265,0.8744479793719967
2584.233005455192,1.0,0.08709203145885203,0.7763022736931274,0.8747599237800501
2585.2469943795622,1.0,0.08709200510885524,0.7765076864398011,0.8750718268083608
2586.2609277417723,1.0,0.0870920292533091,0.7767130764225669,0.8753836303127621
2587.274961257442,1.0,0.0870921495102699,0.7769184412289111,0.8756953429062577
2588.2889275322723,1.0,0.08709232927727922,0.7771237741925285,0.8760069446245282
2589.302913625452,1.0,0.0870923865045138,0.7773292067973092,0.8763185945731824
2590.3168972413323,1.0,0.08709221783229522,0.7775347991623158,0.8766303610324605
2591.3309173088323,1.0,0.08709192385955634,0.7777404962675731,0.876942182836557
2592.344861995812,1.0,0.08709173321808193,0.7779461748072056,0.8772539136703442
2593.359011590382,1.0,0.0870917161038543,0.7781518607257634,0.8775656053082384
2594.3734322716823,1.0,0.08709177678004089,0.7783576096132158,0.8778773249518187
2595.3871925772323,1.0,0.08709173233784578,0.7785633570650551,0.8781889325383021
2596.4008007061525,1.0,0.0870915653862106,0.7787692179805026,0.8785005981528634
2597.4147921078124,1.0,0.08709133242348843,0.7789752625837123,0.8788124412045158
2598.4287672301225,1.0,0.08709125209007215,0.7791813009581143,0.8791242182223975
2599.4427533233024,1.0,0.08709130766524842,0.7793873469607846,0.8794359468112884
2600.4567372930924,1.0,0.08709145105578467,0.7795934218664139,0.8797476494855974
2601.470726925262,1.0,0.08709152156820521,0.7797993801020066,0.8800591547929698
2602.484716203532,1.0,0.08709155488164831,0.780005253118485,0.8803704994836264
2603.4986959265325,1.0,0.08709157406067089,0.7802110601699194,0.8806817056864399
2604.512721302512,1.0,0.08709161762600266,0.7804168861407145,0.880992864370258
2605.5266564342223,1.0,0.08709167224243536,0.7806226779524739,0.8813039082239895
2606.5406464202924,1.0,0.08709173492030062,0.7808284593232456,0.8816148760042514
2607.5546208348023,1.0,0.0870917257409616,0.7810342923623658,0.8819258336007406
2608.5686005577923,1.0,0.08709168090277822,0.7812401467007742,0.8822367477867719
2609.582606115422,1.0,0.08709160594358079,0.7814460257577285,0.8825476241885247
2610.5965787604423,1.0,0.08709162050443532,0.7816519430795793,0.8828584798678156
2611.6105634380224,1.0,0.08709166453949753,0.7818578950072086,0.8831693110016837
2612.624535021342,1.0,0.08709172604192839,0.7820638762456653,0.8834801100968882
2613.6384885558023,1.0,0.08709167928713667,0.782269883783126,0.8837908778267523
2614.652505792102,1.0,0.08709158984929788,0.7824759352764517,0.8841016381025871
2615.6669763731825,1.0,0.08709148431052756,0.7826821086845592,0.8844125093039692
2616.6805041670023,1.0,0.08709151575271647,0.782888113122279,0.8847230578202991
2617.694460532652,1.0,0.08709160072801408,0.7830942311924116,0.8850337070316391
2618.708433531562,1.0,0.08709166770826644,0.7833003989951698,0.8853443542599606
2619.7224263488324,1.0,0.08709145475138265,0.7835066897696527,0.8856550867184868
2620.7366060248323,1.0,0.08709111213886252,0.7837130958562548,0.8859659061037631
2621.7505885790224,1.0,0.08709075520235966,0.7839195330603017,0.8862766901971942
2622.764565470822,1.0,0.0870906684487269,0.7841260254055171,0.8865874864628466
2623.7785713823523,1.0,0.08709067796042616,0.7843325890842451,0.8868983123832931
2624.7925327025923,1.0,0.08709077316167445,0.7845391336921356,0.8872090573669951
2625.806524458162,1.0,0.0870909360313309,0.7847455459451572,0.8875195943256737
2626.820312721732,1.0,0.08709117843004183,0.7849518632432118,0.8878299508798229
2627.8345019530025,1.0,0.08709130112794689,0.7851582345336686,0.8881403363788618
2628.8484636271523,1.0,0.0870912965188297,0.7853645328906398,0.8884505593584624
2629.8624656457923,1.0,0.08709122999598845,0.7855708128037521,0.8887607028555807
2630.876454216262,1.0,0.08709129391027935,0.7857771343195341,0.8890708291019257
2631.8904204910923,1.0,0.08709139651723428,0.78598346177794,0.8893808978634917
2632.9044150778523,1.0,0.08709145819750919,0.7861898182054078,0.8896909404411972
2633.918405417822,1.0,0.08709138699872987,0.7863962116753043,0.8900009651536717
2634.932361429572,1.0,0.08709124461514646,0.7866026262019225,0.8903109505445487
2635.9463524773423,1.0,0.08709122850687624,0.786809077410267,0.8906209226206238
2636.9601471111023,1.0,0.08709130793565198,0.7870155179355055,0.8909308098878331
2637.974126834092,1.0,0.08709138785182594,0.787222049211553,0.8912407567639796
2638.9883026172024,1.0,0.08709110538351521,0.7874288054814578,0.8915509235888528
2640.0020746014225,1.0,0.08709064320728016,0.7876355980583045,0.8918610479492495
2641.0160748505623,1.0,0.08709038433147628,0.7878423999724117,0.8921711458921966
2642.0300581125525,1.0,0.08709059669027254,0.7880490522751589,0.8924810185002781
2643.044041728432,1.0,0.08709106562038296,0.7882556458055318,0.8927907703756676
2644.0580295911122,1.0,0.08709120838805319,0.78846226410945,0.8931004915868428
2645.0719721547025,1.0,0.08709120749921456,0.7886688711741748,0.8934101391678587
2646.0860031930724,1.0,0.08709119239279893,0.7888755137606641,0.8937197759744492
2647.099970529592,1.0,0.08709118788909691,0.789082167887603,0.8940293633825193
2648.1139591000724,1.0,0.0870911713460278,0.789288848089187,0.8943389249092052
2649.1279409464623,1.0,0.08709114667154072,0.7894955543197257,0.8946484591757303
2650.1419065134924,1.0,0.08709111619273761,0.7897022811489339,0.8949579594587854
2651.155899330752,1.0,0.0870910971218748,0.7899090360915225,0.8952674396270968
2652.169915151462,1.0,0.08709108178248327,0.7901158188900205,0.8955768981226683
2653.1838686859223,1.0,0.08709107017563636,0.7903226121504114,0.8958863089183605
2654.1978611492823,1.0,0.08709106230004657,0.7905294365144686,0.8961957029012544
2655.2118299014123,1.0,0.08709105003606958,0.790736274813627,0.89650505762776
2656.225780958582,1.0,0.0870910363333967,0.790943129869419,0.8968143761448765
2657.2398013799725,1.0,0.08709102260761796,0.7911500202106633,0.8971236855897734
2658.2537842880624,1.0,0.08709100886017902,0.7913569240321607,0.8974329533598816
2659.2677778131224,1.0,0.08709102570520603,0.7915637967012101,0.8977421294207065
2660.2817232079024,1.0,0.08709111376564949,0.7917705539755497,0.898051109987765
2661.2957326584224,1.0,0.08709123461532482,0.7919772870958671,0.8983600104953416
2662.309723352292,1.0,0.08709138824655918,0.7921839791761339,0.8986688057093951
2663.323700951892,1.0,0.08709157465866603,0.7923906313723243,0.8989774973590083
2664.337676074202,1.0,0.08709158496725561,0.792597459657931,0.8992863389705789
2665.351641641232,1.0,0.0870915378200727,0.792804341145014,0.8995951862225628
2666.365619240832,1.0,0.08709144193070696,0.7930112713181829,0.8999040352482139
2667.3799050865723,1.0,0.08709129724805025,0.7932183106499162,0.9002129762707914
2668.3936246937124,1.0,0.08709111495889015,0.793425374906982,0.9005218604798452
2669.407605832302,1.0,0.087090900818358,0.7936326833700268,0.9008310027098045
2670.421591571592,1.0,0.08709064658708142,0.7938401128819196,0.9011402365526808
2671.4355758952724,1.0,0.08709035226638005,0.7940476622124788,0.9014495601741128
2672.449749554982,1.0,0.08709017323781146,0.7942551778838632,0.9017588091369283
2673.4634571295624,1.0,0.08709019578650277,0.7944624190186704,0.9020676601492661
2674.4775235578422,1.0,0.08709030974932021,0.7946696907384827,0.902376522359812
2675.491491602162,1.0,0.08709051511009673,0.7948768995689991,0.9026852564662743
2676.505491497412,1.0,0.08709061764887578,0.7950842068059377,0.9029940589630766
2677.5194609573323,1.0,0.08709051640794344,0.7952916697114373,0.9033029923915521
2678.5334474044125,1.0,0.08709034490311737,0.7954992054094296,0.9036119633938554
2679.547435267092,1.0,0.0870901122480417,0.7957068034768868,0.903920958775284
2680.561420298572,1.0,0.08709018508757566,0.7959141718415766,0.9042296372378624
2681.5754024988623,1.0,0.0870903564000079,0.7961214749280289,0.9045381907615877
2682.5893432929524,1.0,0.08709062617237698,0.7963287048540295,0.9048466076162521
2683.603371500132,1.0,0.08709068686621672,0.796536144358851,0.9051552243559875
2684.6173409600524,1.0,0.08709064106487434,0.7967436780167104,0.9054638973063615
2685.6313291766223,1.0,0.08709052030748668,0.7969512953939348,0.9057726195663006
2686.6453234094824,1.0,0.08709046399795495,0.7971588134323728,0.906081174552302
2687.6593141033522,1.0,0.08709046961536404,0.7973662334403101,0.9063895632037201
2688.673263744922,1.0,0.08709049878239605,0.7975735974223332,0.9066978326724501
2689.6872229417722,1.0,0.08709052237524122,0.7977809899634023,0.9070060821907181
2690.701248671652,1.0,0.08709054951990108,0.7979883994616274,0.9073143028080806
2691.7152383038224,1.0,0.08709058195134375,0.7981957985305289,0.9076224560587329
2692.7292137800323,1.0,0.08709060276629221,0.7984031927559526,0.9079305488702163
2693.7431973959224,1.0,0.08709062030588635,0.7986105861565409,0.908238587891554
2694.7571905670825,1.0,0.0870906270035205,0.7988179954946978,0.9085465937092432
2695.771259472652,1.0,0.08709059048203378,0.7990255047944098,0.9088546726740611
2696.7852331793624,1.0,0.08709052849617717,0.7992330404377982,0.9091627255737518
2697.7991516778125,1.0,0.08709045576444027,0.799440601287547,0.9094707538787847
2698.813087163422,1.0,0.08709040857002186,0.7996481791569514,0.9097787531898289
2699.8271111238023,1.0,0.08709038518576197,0.799855789776829,0.910086746470889
2700.841000248632,1.0,0.08709037348286464,0.8000633882385588,0.9103946676158464
2701.8550836640625,1.0,0.08709035591550869,0.8002710446088837,0.9107026206116793
2702.869011717792,1.0,0.08709034331456016,0.8004786801958094,0.9110104911690731
2703.883043463962,1.0,0.08709034007253547,0.8006863426430219,0.9113183513892067
2704.8969874431423,1.0,0.08709034834027027,0.800893988346264,0.9116261380858236
2705.911003617752,1.0,0.08709036815954134,0.8011016466161855,0.9119338961696759
2706.9249486586323,1.0,0.08709037587057011,0.8013093157379158,0.9122416139172704
2707.9389867749824,1.0,0.08709036964613533,0.8015170292547841,0.9125493411779022
2708.9529350009525,1.0,0.08709034584765399,0.80172475190015,0.9128570250783563
2709.966938789092,1.0,0.08709029874853556,0.8019325183298192,0.9131647154410368
2710.9809188659924,1.0,0.08709022262744838,0.8021403171613436,0.9134723938943196
2711.9949265470123,1.0,0.08709013374863969,0.8023481972883756,0.9137801247865397
2713.0088439837623,1.0,0.08709001930508774,0.802556128588871,0.914087864129334
2714.0228679441525,1.0,0.08708987540755214,0.8027641591073673,0.9143956809694687
2715.036814046732,1.0,0.08708969906705981,0.8029722600090912,0.9147035303310194
2716.0508365915225,1.0,0.08708949005721563,0.8031804682335187,0.9150114656799182
2717.064785879192,1.0,0.08708943829363683,0.8033885072118129,0.9153191526446738
2718.0788020537925,1.0,0.08708945400610836,0.8035965292827633,0.9156267796170559
2719.0927842540823,1.0,0.08708955249792377,0.8038044985475099,0.9159342985122744
2720.1067611458925,1.0,0.08708974906839043,0.8040124056823386,0.9162417005478884
2721.1207316675122,1.0,0.0870900342449187,0.8042202497425549,0.9165489842721413
2722.1347322705524,1.0,0.08709009252803467,0.8044282163302889,0.9168563615861618
2723.148674834142,1.0,0.08709009072148749,0.8046361836218568,0.9171636883024872
2724.1627097654023,1.0,0.08709001021626966,0.8048441870776769,0.9174710149045642
2725.176660822572,1.0,0.08708983242146033,0.8050521951561572,0.9177782928740741
2726.1906695652924,1.0,0.08708971450899859,0.8052602080359307,0.9180855325049991
2727.204613190582,1.0,0.08708969783839285,0.8054681937209542,0.918392688696274
2728.2186371509624,1.0,0.08708972713588477,0.8056761936384224,0.9186998182277035
2729.2325828996422,1.0,0.08708981563366121,0.8058841738141211,0.9190068711817552
2730.2466029671423,1.0,0.08708987626762867,0.8060922054133355,0.9193139417265768
2731.2605380988425,1.0,0.08708988156389055,0.8063002710803885,0.9196209999750203
2732.2745638287324,1.0,0.08708985983549307,0.8065083991726939,0.9199280896942966
2733.2885626622724,1.0,0.08708980259703453,0.806716573076239,0.9202351842060559
2734.3025338916923,1.0,0.08708975215534694,0.8069247325582569,0.9205422128189826
2735.3164948580325,1.0,0.08708972052984562,0.8071328613914475,0.920849157641796
2736.3305064319525,1.0,0.08708969262949443,0.8073409883547776,0.9211560563229263
2737.344469521692,1.0,0.08708967141012389,0.8075490853871125,0.9214628698977139
2738.358457738262,1.0,0.08708965671730719,0.8077572072323712,0.9217696679423015
2739.3727818051025,1.0,0.08708965030924481,0.8079654281831542,0.9220765571448676
2740.3864408955023,1.0,0.08708965552346014,0.8081735292145336,0.9223832187948368
2741.4003381600023,1.0,0.08708967461771602,0.8083816985583896,0.9226899297017531
2742.414395033002,1.0,0.08708970007487518,0.8085898916687858,0.9229966305862451
2743.428362723432,1.0,0.08708973056630268,0.8087980488464582,0.9233032354509288
2744.442373235652,1.0,0.08708976950068803,0.809006203674729,0.9236097923470562
2745.456301643272,1.0,0.08708981697687875,0.8092143264489876,0.9239162584638066
2746.470322772462,1.0,0.08708983580345428,0.8094225093531013,0.9242227545275298
2747.4842525956924,1.0,0.08708981310157207,0.8096307315464969,0.9245292452439511
2748.498304160202,1.0,0.08708975308947371,0.8098390260547169,0.924835781910295
2749.512260525862,1.0,0.08708964774584485,0.810047357423333,0.9251423098096402
2750.5262597133024,1.0,0.08708955336554954,0.8102557084875097,0.9254488170607532
2751.540232358322,1.0,0.08708948314913204,0.810464056078435,0.9257552722884334
2752.5542007565423,1.0,0.08708942236328217,0.8106724195688323,0.9260616998056871
2753.568189327022,1.0,0.08708937686108033,0.8108808012918671,0.9263681039382825
2754.582216826392,1.0,0.08708930670167168,0.811089278974869,0.9266745813627668
2755.5961409872325,1.0,0.08708920974501129,0.8112978226831986,0.9269810880947833
2756.6101607008222,1.0,0.08708910098273451,0.8115064468825343,0.9272876517231349
2757.624113881392,1.0,0.08708898043172007,0.8117151182279957,0.9275942232464253
2758.6381385495724,1.0,0.08708894682426446,0.811923717391912,0.9279006710698372
2759.6520754507724,1.0,0.08708899568502006,0.812132218315552,0.9282069549294434
2760.6660891480824,1.0,0.08708909318845602,0.8123407054545602,0.9285131839205325
2761.6800922284224,1.0,0.08708923933092871,0.8125491608334006,0.9288193316369824
2762.6940694741324,1.0,0.08708931089638344,0.8127576366597616,0.9291254538685237
2763.707997173952,1.0,0.08708931535319893,0.8129661247046008,0.9294315398019938
2764.722037767602,1.0,0.08708929376279333,0.8131746399282576,0.9297376183479236
2765.736007581422,1.0,0.08708924612745464,0.8133831445625164,0.9300436340635758
2766.7500046454725,1.0,0.08708921365965232,0.8135916746928898,0.9303496343998905
2767.7639691508025,1.0,0.08708919325139233,0.8138002168176393,0.9306555999603372
2768.7780844171625,1.0,0.08708917153895357,0.8140088034796276,0.9309615802664303
2769.791905593352,1.0,0.08708914853213635,0.8142173431774854,0.9312674411035479
2770.8059345083325,1.0,0.08708912716793836,0.8144259420167077,0.9315733377799537
2771.8198696400323,1.0,0.087089107187342,0.8146345377133377,0.9318791789805367
2772.8339035095923,1.0,0.08708908765732892,0.8148431689660778,0.9321850215453301
2773.847842888092,1.0,0.08708906858162356,0.8150517960193566,0.9324908071944167
2774.861825796182,1.0,0.08708904912125821,0.8152604468215711,0.9327965773420681
2775.8758812535925,1.0,0.08708902908488392,0.8154691272442594,0.933102340685936
2776.889823109382,1.0,0.08708900853322525,0.8156777990095403,0.9334080411130272
2777.9038046018723,1.0,0.0870889872934746,0.8158864935614074,0.9337137247842628
2778.9179998494324,1.0,0.08708895390333452,0.8160952656761084,0.9340194668662979
2779.9317976682823,1.0,0.08708890582637024,0.8163039934693805,0.934325087880991
2780.9457596963225,1.0,0.08708884357556998,0.8165127912840205,0.934630755679803
2781.9597213704624,1.0,0.08708876472049541,0.8167216289716849,0.9349364251752721
2782.9737375450622,1.0,0.08708871062342856,0.8169304663910026,0.935242051788474
2783.9876953263124,1.0,0.08708868744482669,0.817139273200391,0.9355475931417248
2785.001699114452,1.0,0.08708869025219615,0.8173480777690796,0.9358530889527545
2786.015609119322,1.0,0.0870887253205485,0.8175568440665465,0.9361584885747597
2787.029675193702,1.0,0.08708875143768083,0.8177656631375485,0.9364639136257674
2788.0436358061424,1.0,0.08708876629270532,0.8179744823452302,0.9367692867158941
2789.0576275617123,1.0,0.08708877860853571,0.8181833201655895,0.9370746376298736
2790.071638427832,1.0,0.08708878530464326,0.8183921761041432,0.9373799650215664
2791.0855983324723,1.0,0.08708877968294854,0.8186010309937328,0.9376852407838822
2792.0995550520324,1.0,0.08708875806658306,0.8188098955474908,0.937990480048698
2793.1135648564523,1.0,0.08708871753926414,0.8190187836484684,0.9382957024590621
2794.1275449333425,1.0,0.08708865431779281,0.8192276789100263,0.9386008835543641
2795.1415331499225,1.0,0.08708860046460715,0.8194365897668504,0.9389060365815142
2796.155490931172,1.0,0.08708855757975349,0.819645508937536,0.9392111506075504
2797.169427832372,1.0,0.08708852042107663,0.8198544390637177,0.9395162289214208
2798.183465948722,1.0,0.08708849212497663,0.8200634059709666,0.9398213089906273
2799.1974718602523,1.0,0.0870884686365318,0.8202723790708321,0.9401263471488318
2800.2114275181125,1.0,0.08708845212078382,0.8204813547979423,0.9404313381283445
2801.2254348452425,1.0,0.08708844597057919,0.8206903549564702,0.9407363134716277
2802.2393940420925,1.0,0.0870884519490309,0.8208993589219628,0.9410412430823374
2803.2534657788524,1.0,0.0870884382933273,0.8211084174769443,0.9413461961400768
2804.267384985102,1.0,0.08708840272346145,0.8213174780574328,0.9416510953810919
2805.281383818652,1.0,0.08708834800591464,0.8215265879404454,0.9419560099082428
2806.2953426615923,1.0,0.08708826955604228,0.8217357257622695,0.942260907639337
2807.309317076102,1.0,0.0870882597511619,0.8219448016541875,0.9425656852422579
2808.3233198025423,1.0,0.08708832431636228,0.8221538104160507,0.9428703372492075
2809.3372906780623,1.0,0.08708845623191376,0.8223627455666896,0.943174852573008
2810.351283495322,1.0,0.08708866911517867,0.8225716018546789,0.9434792279972487
2811.3652200426322,1.0,0.08708868579184519,0.8227806177204158,0.9437837353432424
2812.3795833922723,1.0,0.08708856194215893,0.8229898434490033,0.9440884626751721
2813.393230803992,1.0,0.0870883633740464,0.8231989826826662,0.9443929963217437
2814.407200617812,1.0,0.08708808992766563,0.8234082496196766,0.9446976482226329
2815.4212029903524,1.0,0.08708794752255689,0.8236175242073654,0.9450022655988235
2816.4351696190824,1.0,0.08708788738046529,0.8238268066302312,0.9453068435018258
2817.449151819372,1.0,0.08708786321482208,0.8240361210267901,0.9456114121170418
2818.4631478217325,1.0,0.08708786716182546,0.824245443274,0.9459159425232819
2819.4771498403725,1.0,0.08708787909445477,0.8244547109647128,0.9462203597325005
2820.4911047904325,1.0,0.08708791286697136,0.824663954999663,0.9465246978238997
2821.5050887602124,1.0,0.0870879684813264,0.8248731910811264,0.9468289796370817
2822.519074145592,1.0,0.08708798140442671,0.8250824517484223,0.9471332388353263
2823.5330701479525,1.0,0.08708796750015144,0.8252917295010543,0.9474374678663819
2824.5470399617725,1.0,0.08708793835229348,0.8255010098795925,0.9477416481588752
2825.5610313634425,1.0,0.08708790001353829,0.8257103050662072,0.9480457958112591
2826.5750217034124,1.0,0.08708786538760524,0.8259196153337384,0.948349907792057
2827.588952588322,1.0,0.08708782525806683,0.8261289250925546,0.9486539639026841
2828.6029712402224,1.0,0.08708777961886563,0.8263382647347775,0.9489580082902804
2829.6169499015223,1.0,0.08708776730107509,0.8265475778678437,0.9492619662562058
2830.630939179792,1.0,0.08708778976925641,0.8267568738054115,0.9495658515996278
2831.6449319970625,1.0,0.08708785033295885,0.8269661485277595,0.9498696590964385
2832.6589046420722,1.0,0.08708791425390716,0.8271754202268126,0.9501734080530044
2833.6729278946623,1.0,0.08708788533649484,0.8273847687168615,0.9504771948825211
2834.6868750589424,1.0,0.08708779536815629,0.8275941453405268,0.9507809552212851
2835.7008586748225,1.0,0.08708762698092391,0.8278035845128798,0.951084735397526
2836.714865648052,1.0,0.08708756671291054,0.828012978541223,0.951388410356687
2837.7287795458124,1.0,0.08708759154850065,0.8282223177844732,0.9516919615598397
2838.742807752992,1.0,0.0870877053298148,0.8284316441620733,0.9519954498022645
2839.7567995085524,1.0,0.08708783546137976,0.8286409685154588,0.9522988779073812
2840.770855319862,1.0,0.08708780410507866,0.8288504127925983,0.9526023919840526
2841.7847681559224,1.0,0.08708767941927077,0.829059897002895,0.952905887002245
2842.7987340768523,1.0,0.0870874330673018,0.8292694787047504,0.9532094409736037
2843.812702121182,1.0,0.08708729575191725,0.8294790520932217,0.953512932757719
2844.8267122795023,1.0,0.08708721617414308,0.8296886524579126,0.9538164047553808
2845.8406884635024,1.0,0.08708719749494721,0.8298982674788767,0.9541198383055886
2846.854675972282,1.0,0.08708707207929618,0.8301080295878073,0.9544233895042296
2847.8686592342724,1.0,0.08708680878852959,0.8303179665015656,0.9547270898887934
2848.8826088758424,1.0,0.08708641422767675,0.8305280775979536,0.955030937455527
2849.896622219252,1.0,0.08708615470504949,0.8307381625068524,0.9553347077054506
2850.9106182216124,1.0,0.0870862171204428,0.8309480511457339,0.9556382002051397
2851.924591928322,1.0,0.08708657211836265,0.8311577721596362,0.9559414482116599
2852.938590761862,1.0,0.08708698508556352,0.8313673988481206,0.9562445319596314
2853.9525672997725,1.0,0.08708709712376692,0.8315770344144241,0.9565475573514245
2854.9665456071725,1.0,0.08708702730984753,0.8317866063729472,0.9568504438460137
2855.9805263918624,1.0,0.08708702634475712,0.8319961046851624,0.9571531779028262
2856.9945149623422,1.0,0.08708717533390954,0.8322055254859856,0.9574557527500178
2858.008530075242,1.0,0.08708737281122374,0.8324149099660146,0.9577582154288404
2859.0224701615425,1.0,0.08708731106539247,0.8326244233282204,0.9580607546968457
2860.036358578562,1.0,0.08708702558285807,0.8328340685636939,0.9583633726996549
2861.0504490719823,1.0,0.08708679744782048,0.8330437728594948,0.9586660030446688
2862.0644249020925,1.0,0.08708673794225393,0.8332534331666223,0.9589685088637804
2863.0784378916023,1.0,0.08708679387826772,0.8334631128201138,0.9592709726341311
2864.092391072162,1.0,0.0870867504151946,0.8336728583560181,0.9595734435240807
2865.1063916752123,1.0,0.08708667448357169,0.8338826742865667,0.9598759337710423
2866.120355472742,1.0,0.08708661623296199,0.8340924969642932,0.9601783638212668
2867.134348997802,1.0,0.08708655832296044,0.83430234584483,0.9604807608078746
2868.1483347370922,1.0,0.08708651393076669,0.8345122115091486,0.9607831104500423
2869.1623010119224,1.0,0.08708649016924734,0.8347220864446102,0.9610854029151059
2870.176306923452,1.0,0.08708647602066551,0.834931982024373,0.9613876535644479
2871.1902484253424,1.0,0.08708645569852665,0.8351418787166786,0.9616898318779786
2872.204260353152,1.0,0.08708643007151919,0.8353518009088435,0.9619919732036322
2873.218242199542,1.0,0.08708639413914566,0.8355617262194326,0.9622940446328448
2874.232225107632,1.0,0.08708634618571459,0.8357716600503877,0.9625960531755074
2875.246228895772,1.0,0.08708631479325983,0.8359816103412367,0.9628980087917162
2876.2602004790924,1.0,0.08708628392011147,0.8361915627469096,0.9631998904107499
2877.274203205522,1.0,0.08708625389615768,0.8364015296686907,0.9635017150499047
2878.288148246412,1.0,0.08708622505578366,0.8366114919973183,0.9638034544286342
2879.302148141652,1.0,0.08708617745216124,0.8368214865717417,0.9641051567783977
2880.3161253873523,1.0,0.0870861042363163,0.8370315016756416,0.9644068030690082
2881.330113603932,1.0,0.0870860098231151,0.8372415406854635,0.9647083981190001
2882.344048381742,1.0,0.08708589073159459,0.8374515922274129,0.9650099240559321
2883.3580227962525,1.0,0.08708576172004091,0.8376616732440605,0.9653114049149617
2884.3724024252524,1.0,0.08708572618410101,0.8378718362265325,0.9656129217792832
2885.386061869542,1.0,0.08708573677632446,0.8380818603298085,0.965914153287721
2886.4000320372625,1.0,0.08708580437527504,0.8382919577205069,0.9662154032410124
2887.4140163609522,1.0,0.0870859398847863,0.8385020655282074,0.9665165808937055
2888.427981220182,1.0,0.08708601941483106,0.8387121654848991,0.9668176591437188
2889.441976868632,1.0,0.08708603094606027,0.8389222648986423,0.9671186478426071
2890.4559502214524,1.0,0.08708600233164827,0.8391323525874941,0.9674195304579083
2891.469935606832,1.0,0.08708592169278671,0.8393424325699103,0.9677203121242931
2892.483920638312,1.0,0.0870858001319477,0.8395525195542374,0.9680210057103671
2893.4978752344723,1.0,0.0870857142231796,0.8397626738260574,0.9683216731526629
2894.5118981331625,1.0,0.08708561258513192,0.8399728668294522,0.9686222925781589
2895.5258874114324,1.0,0.08708549522721395,0.8401830774384557,0.9689228337670538
2896.539867488332,1.0,0.08708536214759548,0.8403933107138375,0.9692233039613525
2897.553844026232,1.0,0.08708527120032732,0.8406035534100044,0.969523676867387
2898.5678371973922,1.0,0.08708520695475706,0.8408138135553143,0.9698239659192736
2899.581813735302,1.0,0.08708515558505749,0.8410240876980232,0.9701241679511589
2900.5957973511822,1.0,0.08708511708984534,0.8412343807550156,0.9704242899842449
2901.6097710578924,1.0,0.08708507778418298,0.8414446946023828,0.9707243277444093
2902.6237539659824,1.0,0.0870850074909677,0.8416550451090188,0.9710242885479304
2903.6377411208623,1.0,0.08708493112564591,0.8418654214181064,0.9713241695558279
2904.6517250906522,1.0,0.0870848486887679,0.84207582198776,0.9716239685700375
2905.665728170982,1.0,0.08708476017837793,0.8422862514448862,0.9719236921806754
2906.6796944458124,1.0,0.08708470074592004,0.8424966575899421,0.9722232542636216
2907.693671337622,1.0,0.08708465684096946,0.842707065910657,0.9725226956603794
2908.707649998922,1.0,0.08708462276794363,0.842917481150421,0.9728220250358384
2909.7216428161823,1.0,0.08708459852665804,0.8431279058797603,0.9731212460438682
2910.7356253703724,1.0,0.08708455721924031,0.8433383653088976,0.9734203811584428
2911.7496058011625,1.0,0.08708444488720173,0.8435489218636252,0.9737194923214653
2912.763583046862,1.0,0.08708428490775538,0.8437595490094909,0.974018553425689
2913.7813693087824,1.0,0.08708406648950892,0.8439710502005667,0.9743186995072621
2914.7915637268025,1.0,0.08708378258417734,0.8441810668689353,0.9746165794883327
2915.805541680302,1.0,0.08708363125289283,0.8443917565961048,0.9749152938942668
2916.8195221111023,1.0,0.0870835545675186,0.8446023952536184,0.9752138001977477
2917.8335205907524,1.0,0.0870835513932871,0.8448129881521842,0.9755121028944821
2918.8474893428724,1.0,0.08708363865402591,0.8450235087732285,0.9758101651557038
2919.8614764977524,1.0,0.08708373319276376,0.845234037603875,0.9761080788060921
2920.8754494966624,1.0,0.08708370548049939,0.8454446787238578,0.9764059584872278
2921.8894656712723,1.0,0.08708363760107315,0.8456553707460356,0.9767037328590867
2922.9033689520525,1.0,0.08708351572834384,0.8458660914124837,0.9770013642040389
2923.917404945012,1.0,0.08708336468738473,0.8460768907826127,0.9772989187151329
2924.9313828985123,1.0,0.087083225725602,0.8462877235006229,0.9775963285823631
2925.9453792547624,1.0,0.08708306516833686,0.8464986213515571,0.9778936315095322
2926.959329604132,1.0,0.08708288241435255,0.8467095772957278,0.9781908119309694
2927.9733309149824,1.0,0.08708280030803867,0.8469204742198388,0.9784877287217069
2928.9872851572322,1.0,0.08708281289282783,0.8471313043212132,0.9787843639835475
2930.0013062864323,1.0,0.08708292915921888,0.8473420864856616,0.9790807409237904
2931.0152725612625,1.0,0.08708308837826843,0.8475528324767646,0.9793768593852566
2932.0292958138525,1.0,0.08708302283780213,0.8477637456398623,0.9796729474989238
2933.0432104194024,1.0,0.08708282912096395,0.8479747199209201,0.9799688707502062
2934.0571689084522,1.0,0.08708246808062962,0.8481858092066512,0.9802646924121274
2935.071204193612,1.0,0.08708216912479459,0.8483969468629481,0.980560332449149
2936.0852370014723,1.0,0.08708199445246115,0.8486081024649751,0.9808557456001289
2937.099146298552,1.0,0.08708189625803402,0.8488192760516495,0.9811509188887315
2938.113172736232,1.0,0.08708187155688943,0.8490304542652571,0.9814458375022567
2939.127132994772,1.0,0.08708190734823243,0.849241516330946,0.9817403395120581
2940.1410904221225,1.0,0.08708203860530811,0.8494524841459405,0.9820344480343283
2941.1550811159923,1.0,0.08708220864778904,0.849663388731377,0.9823281891127654
2942.169122063532,1.0,0.08708219756089235,0.8498743773194297,0.9826217153355915
2943.1830766596922,1.0,0.08708205884806523,0.8500853638665722,0.982914913578803
2944.1970684152625,1.0,0.08708177413986601,0.8502963885831349,0.9832078249151865
2945.2110000079724,1.0,0.08708161119447994,0.850507445237887,0.9835004221374251
2946.225059358272,1.0,0.08708146804168615,0.8507185876063493,0.9837927660788954
2947.2390065225522,1.0,0.08708134568886855,0.8509297786943795,0.9840847896785537
2948.253014203582,1.0,0.08708116548654808,0.8511410614642886,0.9843765342888102
2949.2669843713024,1.0,0.08708095913700661,0.8513524307603313,0.9846679778765021
2950.2809867438423,1.0,0.08708076114623187,0.8515638650891455,0.9849590822840256
2951.294931430822,1.0,0.08708067568234867,0.8517752239550507,0.9852496583915823
2952.308958930202,1.0,0.08708069046563222,0.8519865582233791,0.9855397588914986
2953.3228965392022,1.0,0.08708073365397612,0.8521978643204858,0.9858293500895416
2954.3368982039424,1.0,0.08708067065377706,0.8524092448882129,0.9861185321728967
2955.350773526692,1.0,0.08708053376314734,0.8526206293784139,0.9864071994186099
2956.3648339386923,1.0,0.08708035706427907,0.8528320874011102,0.9866954156752672
2957.379189148652,1.0,0.08708017119474352,0.853043646696392,0.9869831877260873
2958.3928333752824,1.0,0.0870799489556675,0.8532551049560415,0.9872702191738073
2959.4067798317624,1.0,0.08707973681058423,0.8534666734621182,0.9875567612247131
2960.420811224032,1.0,0.08707955690196056,0.853678310071117,0.9878427257692195
2961.4347760832625,1.0,0.0870794134097793,0.8538899886970328,0.9881280507536585
2962.448777748002,1.0,0.08707924263443823,0.8541017311086142,0.9884126495807235
2963.4627330519625,1.0,0.0870790569896705,0.8543135190118758,0.9886965324549808
2964.476745333672,1.0,0.08707886535924401,0.8545253742083847,0.9889797414513427
2965.4906967447423,1.0,0.08707864289250042,0.8547372945673206,0.9892620644247174
2966.504705487472,1.0,0.08707840078940672,0.8549492946422494,0.9895436151843772
2967.518585764812,1.0,0.0870781530041852,0.8551613227638047,0.9898243078576024
2968.532665641262,1.0,0.08707805622076178,0.8553733029825138,0.9901037969540982
2969.5466007729624,1.0,0.08707803036618472,0.8555852371920392,0.9903822104117731
2970.5606282723425,1.0,0.08707797825430136,0.8557972468534825,0.9906596300813979
2971.574629937082,1.0,0.08707748951957012,0.8560096108859758,0.9909360938905392
2972.5885983353123,1.0,0.08707679206937398,0.8562221591066357,0.9912115608237997
2973.6025479768823,1.0,0.08707611952647522,0.8564348145959941,0.991485822464599
2974.616568398272,1.0,0.08707595734181248,0.8566474299945198,0.9917584614520598
2975.6304769875424,1.0,0.08707598325329385,0.8568600742757239,0.9920296894662121
2976.644555448392,1.0,0.08707568538266129,0.8570729041906034,0.9922992170943037
2977.6585001353824,1.0,0.08707527104939458,0.8572858164788185,0.9925671111708382
2978.672483397372,1.0,0.08707472464084871,0.8574989569361089,0.9928332035210606
2979.6864723217423,1.0,0.08707404490565922,0.8577123275393641,0.9930974680576693
2980.7004761098824,1.0,0.08707342294015347,0.8579257899172112,0.9933595653640995
2981.7144416769124,1.0,0.08707310528223074,0.8581391797064158,0.9936189725031321
2982.728636924472,1.0,0.08707290632215883,0.8583526557734514,0.9938759850027225
2983.7425794880523,1.0,0.08707251051543581,0.858566224954512,0.9941300681484497
2984.7566338837623,1.0,0.08707205119682654,0.8587799254135461,0.9943814275899617
2985.7706688150224,1.0,0.08707148312011272,0.858993838469979,0.9946291867485569
2986.784364710932,1.0,0.08707082938346324,0.8592078520527344,0.9948735547593215
2987.7983242616724,1.0,0.0870703362350135,0.8594219241008026,0.9951135740518087
2988.8123347738924,1.0,0.08706991615205419,0.8596360699079113,0.9953495845339378
2989.826295740232,1.0,0.08706907265497002,0.8598507777766377,0.9955809892843945
2990.8402906808924,1.0,0.08706795412829182,0.8600659130464267,0.9958079789342378
2991.8544820355623,1.0,0.0870666789759975,0.8602815464788593,0.9960296148786038
2992.8684829925123,1.0,0.08706524884527891,0.8604975769174434,0.9962459329635075
2993.8822305576823,1.0,0.08706434429920457,0.8607136507635629,0.9964550080845026
2994.8964335910223,1.0,0.08706365074178019,0.8609300477729597,0.9966574279607607
2995.910196373862,1.0,0.08706251569142573,0.8611467331740985,0.996851882503522
2996.9242129023623,1.0,0.08706102934115191,0.8613639839265246,0.9970383337550538
2997.938149095762,1.0,0.08705907062502617,0.8615818950722576,0.9972162024636525
2998.1537234985894,1.0,0.08705874991042206,0.8616282523310994,0.997252699702319
