Time,Current,Voltage,Simulated_V,Residual_mV
0.0,0.0,2.94167375564575,2.9418218241314826,0.14806848573245546
1.0080246625218,0.0,2.94167375564575,2.9418218241311624,0.14806848541226714
2.00807031550815,0.0,2.94167375564575,2.9418218241309004,0.1480684851502545
3.0081028742270903,0.0,2.94167375564575,2.941821824130695,0.1480684849446412
4.015331617630411,0.0,2.94151186943054,2.9418218241304634,0.30995469992323166
5.016170712441401,0.0,2.94183564186096,2.9418218241302325,-0.013817730727616606
6.02223335824784,0.0,2.94167375564575,2.941821824130061,0.1480684843109259
7.02726721931554,0.0,2.94167375564575,2.9418218241299057,0.14806848415549467
8.03630190992277,0.0,2.94167375564575,2.9418218241297494,0.14806848399917527
9.04343899345429,0.0,2.94167375564575,2.941821824129594,0.14806848384374405
10.05335737016149,0.0,2.94167375564575,2.9418218241294394,0.148068483689201
11.06241223301849,0.0,2.94151186943054,2.941821824129325,0.3099546987845869
12.06744113949859,0.0,2.94183564186096,2.94182182412922,-0.013817731740140005
13.075465802020389,0.0,2.94167375564575,2.9418218241291156,0.14806848336545997
14.08453163575009,0.0,2.94167375564575,2.9418218241290113,0.148068483261099
15.089581068378989,0.0,2.94167375564575,2.9418218241289074,0.14806848315718213
16.09762802654529,0.0,2.94183564186096,2.9418218241288123,-0.0138177321478139
17.10463699859569,0.0,2.94167375564575,2.941821824128719,0.1480684829688883
18.110724063441392,0.0,2.94167375564575,2.9418218241286267,0.14806848287651775
19.115746599737292,0.0,2.94151186943054,2.941821824128533,0.30995469799277586
20.116749195941193,0.0,2.94183564186096,2.941821824128441,-0.013817732519072479
21.116817498471192,0.0,2.94167375564575,2.9418218241284193,0.1480684826691281
22.11984404373629,0.0,2.94183564186096,2.9418218241284086,-0.013817732551490991
23.124887813979292,0.0,2.94167375564575,2.941821824128398,0.1480684826478118
24.133920027292692,0.0,2.94167375564575,2.9418218241283873,0.14806848263715366
25.14198078752459,0.0,2.94167375564575,2.9418218241283767,0.14806848262649552
26.143035760798192,0.0,2.94167375564575,2.941821824128345,0.1480684825949652
27.14806148218609,0.0,2.94167375564575,2.941821824128312,0.1480684825616585
28.15710183517929,0.0,2.94167375564575,2.9418218241282776,0.14806848252746363
29.16315492570949,0.0,2.94167375564575,2.9418218241282457,0.1480684824954892
30.172147148422493,0.0,2.94167375564575,2.941821824128213,0.1480684824626266
31.17619929333419,0.0,2.94183564186096,2.9418218241282457,-0.013817732714471731
32.18326099635339,0.0,2.94167375564575,2.941821824128284,0.14806848253368088
33.190285893864186,0.0,2.94167375564575,2.941821824128323,0.14806848257276073
34.19831728046929,0.0,2.94183564186096,2.941821824128361,-0.013817732599008536
35.20736612704129,0.0,2.94183564186096,2.9418218241283993,-0.013817732560816864
36.21539822144459,0.0,2.94183564186096,2.941821824128249,-0.013817732710919017
37.21846228001629,0.0,2.94183564186096,2.941821824128093,-0.01381773286723842
38.22348517021129,0.0,2.94183564186096,2.941821824127936,-0.01381773302400191
39.22570376378789,0.0,2.94183564186096,2.94182182412778,-0.013817733180321312
40.23061623745779,0.0,2.94167375564575,2.941821824127624,0.1480684818737643
41.23460149543609,0.0,2.94167375564575,2.9418218241276595,0.14806848190929145
42.24064715408489,0.0,2.94167375564575,2.9418218241276963,0.14806848194615085
43.241682309007686,0.0,2.94183564186096,2.941821824127734,-0.0138177332260625
44.24273515888659,0.0,2.94183564186096,2.9418218241277723,-0.013817733187870829
45.25075132782949,0.0,2.94167375564575,2.9418218241278096,0.1480684820593936
46.25780205997599,0.0,2.94167375564575,2.9418218241277394,0.1480684819892275
47.259800882199684,0.0,2.94183564186096,2.941821824127671,-0.013817733289123169
48.259879093904985,0.0,2.94167375564575,2.9418218241276013,0.14806848185111576
49.26890316753869,0.0,2.94167375564575,2.9418218241275325,0.14806848178228194
50.27695861928379,0.0,2.94167375564575,2.9418218241274605,0.14806848171033948
51.283991656474385,0.0,2.94167375564575,2.9418218241273637,0.14806848161352804
52.293050766120786,0.0,2.94183564186096,2.941821824127267,-0.01381773369324435
53.30105844148489,0.0,2.94183564186096,2.94182182412717,-0.013817733790055797
54.304118961065384,0.0,2.94183564186096,2.941821824127073,-0.013817733887311334
55.30613689384159,0.0,2.94183564186096,2.9418218241269676,-0.013817733992560477
56.309135834975386,0.0,2.94167375564575,2.9418218241267313,0.148068480981145
57.315203081470386,0.0,2.94183564186096,2.9418218241264937,-0.013817734466403664
58.31626407102899,0.0,2.94167375564575,2.9418218241262584,0.14806848050819
59.044301091707986,0.0,2.94183564186096,2.9418218241260865,-0.01381773487363347
60.04882786012069,2.49952030181885,2.97534966468811,2.9871950461089067,11.84538142079683
61.05583010808789,2.50024008750916,2.98036885261536,3.0016350333609796,21.26618074561959
62.065013082425985,2.49988031387329,2.98490214347839,3.0134989501925076,28.596806714117573
63.06697368354489,2.49988031387329,2.98878788948059,3.023465515258834,34.67762577824418
64.07512044126268,2.5006000995636,2.99283528327942,3.0321731770356166,39.337893756196785
65.08321623750739,2.49988031387329,2.99623537063599,3.039857643042185,43.62227240619498
66.09105191789969,2.50024008750916,2.99979734420776,3.04678867719062,46.99133298285973
67.10027594453558,2.49988031387329,3.00303530693054,3.053119685839074,50.0843789085339
68.10917403008288,2.49988031387329,3.00611162185669,3.058976478324946,52.864856468255894
69.11822889293988,2.49988031387329,3.00951147079468,3.0644497689574046,54.938298162724664
70.12618949972119,2.50024008750916,3.01226377487183,3.069608583588485,57.34480871665504
71.12723420992029,2.49952030181885,3.01517820358276,3.074456761442402,59.27855785964198
72.13726831163939,2.49988031387329,3.01809239387512,3.0791430737312226,61.050679856102796
73.14327893427529,2.49988031387329,3.02100658416748,3.08361951889597,62.61293472848983
74.14544585858059,2.49988031387329,3.023597240448,3.087918346631819,64.32110618381914
75.1524052847544,2.49988031387329,3.02634954452515,3.0920971254075704,65.74758088242038
76.15743383733529,2.49988031387329,3.02877807617188,3.096143765484697,67.36568931281717
77.16106944298409,2.49988031387329,3.03153038024902,3.1000742789059,68.54389865688005
78.16751642323369,2.49988031387329,3.03395891189575,3.1039156856728556,69.95677377710541
79.17577572087139,2.49988031387329,3.03638744354248,3.107672527096789,71.28508355430884
80.17957730520689,2.50024008750916,3.03881621360779,3.1113342651810134,72.51805157322354
81.18863252196309,2.49988031387329,3.04108285903931,3.114927438238625,73.84457919931498
82.19167782388149,2.50024008750916,3.04367327690125,3.118434759605719,74.76148270446892
83.1977160506487,2.49988031387329,3.04577803611755,3.121873301109028,76.09526499147768
84.20175651688959,2.50024008750916,3.04804468154907,3.1252494761301404,77.20479458107033
85.20496673579738,2.50024008750916,3.0504732131958,3.128554466556048,78.08125336024796
86.20682293667619,2.49988031387329,3.0524160861969,3.1317878643010784,79.3717781041785
87.2088713047766,2.49952030181885,3.05468273162842,3.1349604925428505,80.27776091443029
88.21589726398479,2.49988031387329,3.05662560462952,3.1381005401132005,81.47493548368034
89.2220161797511,2.49988031387329,3.05889225006104,3.1411757124110244,82.2834623499844
90.22599471364609,2.49988031387329,3.06099700927734,3.144187793486926,83.19078420958581
91.22901807381919,2.49988031387329,3.06293988227844,3.1471412012115034,84.20131893306326
92.23203895669839,2.49988031387329,3.06504464149475,3.150039473849754,84.99483235500405
93.23307340382298,2.49988031387329,3.06682538986206,3.1528776220891888,86.05223222712866
94.24312095370868,2.49988031387329,3.06893014907837,3.155686858538811,86.7567094604409
95.24416035542099,2.49988031387329,3.07087302207947,3.1584171290417355,87.54410696226556
96.24926216511949,2.49988031387329,3.07265400886536,3.1611048640650026,88.45085519964258
97.25731584736899,2.49988031387329,3.07459688186646,3.163746961156588,89.15007929012786
98.26550047229259,2.49988031387329,3.07653975486755,3.1663366282319036,89.79687336435349
99.26833237304209,2.50024008750916,3.07848262786865,3.16886525813923,90.38263027057968
100.27539867675009,2.49988031387329,3.08026361465454,3.171342615372233,91.07900071769271
101.27946108473608,2.49988031387329,3.08204436302185,3.1737641024318246,91.71973940997447
102.28648775174308,2.49988031387329,3.08382534980774,3.176141282702258,92.31593289451779
103.2996343962131,2.49988031387329,3.08560633659363,3.1784808396045237,92.8745030108935
104.30452528203608,2.49988031387329,3.08722543716431,3.1807504214035762,93.52498423926603
105.30857494965409,2.49988031387329,3.08916831016541,3.1829675124537506,93.7992022883405
106.31060102211009,2.49952030181885,3.09094929695129,3.1851261652119134,94.17686826062344
107.31064525950009,2.49988031387329,3.09256815910339,3.1872392111488943,94.6710520455043
108.31808032609008,2.49988031387329,3.09418725967407,3.1893171093095547,95.12984963548465
109.32471027218409,2.49988031387329,3.09596824645996,3.191343857620403,95.3756111604429
110.32877268017009,2.49988031387329,3.09758734703064,3.193317727318696,95.73038028805581
111.33180878071109,2.49952030181885,3.09904432296753,3.1952374383994573,96.1931154319271
112.33184877131208,2.49952030181885,3.10082530975342,3.197109403863438,96.28409411001782
113.33487460877909,2.49988031387329,3.1024444103241,3.198948000059828,96.50358973572804
114.3349482197951,2.49988031387329,3.10390138626099,3.200731833897849,96.83044763685933
115.33998491205608,2.49988031387329,3.10552048683167,3.202480429142675,96.95994231100525
116.34798621723608,2.49988031387329,3.10730147361755,3.2041905974376435,96.88912382009329
117.3530324647731,2.49988031387329,3.10875868797302,3.205852709176182,97.09402120316213
118.35512117737309,2.49988031387329,3.11037755012512,3.207467942901617,97.09039277649723
119.36111268945609,2.49988031387329,3.11167287826538,3.209048400116417,97.37552185103704
120.36211280836609,2.49988031387329,3.11329197883606,3.210580647001778,97.28866816571812
121.36280963573209,2.49988031387329,3.11458706855774,3.212073093799385,97.48602524164474
122.36818288605409,2.49988031387329,3.11620616912842,3.213533833622184,97.32766449376396
123.38091971534509,2.49952030181885,3.11766338348389,3.2149609884774115,97.29760499352169
124.38390803950509,2.49988031387329,3.11928248405457,3.216347725617435,97.065241562865
125.3929579477741,2.49988031387329,3.12073945999146,3.2177019398316484,96.96247984018846
126.39798756205309,2.49988031387329,3.12219667434692,3.2190147448864934,96.81807053957358
127.40099499676508,2.49988031387329,3.12365388870239,3.220290388501169,96.63649979877897
128.4060851277931,2.49952030181885,3.12494897842407,3.2215291462217044,96.58016779763435
129.4141649985771,2.49988031387329,3.12640619277954,3.222748693496257,96.3425007167169
130.4198525113181,2.49988031387329,3.12802529335022,3.2239284657409484,95.9031723907282
131.4282116085071,2.49988031387329,3.1293203830719,3.225079165882191,95.75878281029127
132.4292520719171,2.49988031387329,3.13077759742737,3.2261914801725875,95.41388274521756
133.42932639073211,2.49988031387329,3.13207268714905,3.227272916063407,95.20022891435698
134.4761136237501,2.50024008750916,3.1332061290741,3.2283793177865263,95.17318871242652
135.4957762587981,2.49988031387329,3.13466334342957,3.2294172300897794,94.75388666020956
136.5085750204341,2.49952030181885,3.13612031936646,3.230419171500421,94.29885213396093
137.5238146242941,2.49988031387329,3.13741564750671,3.2314063534766544,93.99070596994451
138.5365369437201,2.50024008750916,3.13887286186218,3.2323651507896565,93.49228892747652
139.5505078192381,2.49988031387329,3.14016795158386,3.233289388407066,93.12143682320607
140.5644960358131,2.49988031387329,3.14146327972412,3.234193117185251,92.72983746113096
141.57847752830511,2.49988031387329,3.14292025566101,3.235071910672731,92.15165501172118
142.5924799008451,2.49988031387329,3.14405369758606,3.2359271871193864,91.87348953332642
143.6064327275081,2.49952030181885,3.14534902572632,3.2367543146234645,91.40528889714439
144.6204517333061,2.50024008750916,3.14680600166321,3.237573969976522,90.76796831331224
145.6344155308421,2.50024008750916,3.14810132980347,3.2383626605955027,90.2613307920328
146.64840445521511,2.49952030181885,3.14907264709473,3.2391193157637335,90.04666866900335
147.6624001036711,2.50024008750916,3.15069174766541,3.239874909377333,89.18316171192275
148.6763805344651,2.49988031387329,3.15198707580566,3.2405967301903895,88.60965438472945
149.6903330072291,2.49988031387329,3.15312027931213,3.2413033718284043,88.18309251627454
150.7043389187601,2.49988031387329,3.15441560745239,3.2419914101272305,87.57580267484056
151.7183271353351,2.49988031387329,3.15571069717407,3.242661233531803,86.95053635773276
152.7323043810371,2.49988031387329,3.15700602531433,3.2433133574097686,86.3073320954384
153.7462678246741,2.49988031387329,3.1581392288208,3.243948315044183,85.8090862233829
154.7602563951481,2.49988031387329,3.15943455696106,3.2445665988523746,85.13204189131463
155.7742364720431,2.49988031387329,3.16056799888611,3.2451687870162194,84.60078813010918
156.7882416757761,2.49988031387329,3.16170120239258,3.245755346790701,84.05414439812108
157.8022058272111,2.49988031387329,3.16283464431763,3.246326698530484,83.49205421285389
158.8162078458511,2.49988031387329,3.1639678478241,3.2468833790093754,82.91553118527561
159.83034788514811,2.50024008750916,3.16526317596436,3.2474294913621455,82.16631539778562
160.8441718925321,2.49988031387329,3.16639637947083,3.2479544837826038,81.55810431177369
161.8581477226381,2.49988031387329,3.16752982139587,3.248469842901684,80.94002150581403
162.87213523141511,2.49988031387329,3.16882491111755,3.248972356762264,80.14744564471377
163.8861036296391,2.49988031387329,3.1699583530426,3.2494624746898912,79.50412164729137
164.9000957391041,2.49988031387329,3.17092967033386,3.2499406785883047,79.01100825444462
165.9140761698981,2.50024008750916,3.17222499847412,3.250410686925248,78.18568845112762
166.9279709571061,2.49988031387329,3.17319631576538,3.2508612491309186,77.66493336553859
167.9420480023601,2.49988031387329,3.17432975769043,3.2513040350630154,76.97427737258522
168.9560266636591,2.49988031387329,3.1754629611969,3.251736193855288,76.27323265838814
169.9699784286241,2.49988031387329,3.17659640312195,3.252158350493461,75.56194737151101
170.9839907103391,2.49988031387329,3.17789149284363,3.252570832973665,74.67934013003497
171.9979640631511,2.49988031387329,3.17902493476868,3.2529735906422252,73.94865587354538
173.0119674973881,2.50024008750916,3.17999625205994,3.2533707346685072,73.37448260856716
174.0259500515771,2.49988031387329,3.18080592155457,3.2537514656217748,72.94554406720488
175.0399258816831,2.49988031387329,3.18210101127625,3.2541263947831176,72.0253835068676
176.0539041890831,2.49988031387329,3.18307256698608,3.254492225395132,71.41965840905185
177.0679175324951,2.49988031387329,3.18420577049255,3.2548502078843238,70.64443739177362
178.0818823917281,2.49988031387329,3.1853392124176,3.2552006050084126,69.8613925908127
179.0958575140361,2.49988031387329,3.18631052970886,3.2555434364934728,69.2329067846127
180.1098499774001,2.49988031387329,3.18744397163391,3.2558786054188276,68.43463378491776
181.1237989111731,2.49988031387329,3.18841528892517,3.256206527921623,67.791238996453
182.1378161474751,2.49988031387329,3.18938684463501,3.2565278688786994,67.14102424368917
183.1520046709521,2.50024008750916,3.19052004814148,3.256846488347635,66.32644020615518
184.1659780237641,2.49988031387329,3.19132971763611,3.2571507637930375,65.8210461569273
185.1797673490341,2.49988031387329,3.19246292114258,3.2574515146925775,64.98859354999765
186.1937378706531,2.50024008750916,3.19375824928284,3.2577495647945565,63.99131551171644
187.2077384736971,2.49988031387329,3.1947295665741,3.258035140719282,63.305574145182234
188.2217220895831,2.50024008750916,3.19553923606873,3.2583225397564184,62.78330368768836
189.2356911956061,2.50024008750916,3.19651055335999,3.2586008420901647,62.09028873017486
190.2496779965841,2.50024008750916,3.19764399528503,3.2588732350241085,61.229239739078345
191.2636665670581,2.49952030181885,3.19845342636108,3.2591311655771893,60.6777392161093
192.2777425506151,2.49952030181885,3.19958662986755,3.259391242983095,59.80461311554475
193.2916345066291,2.49952030181885,3.20055818557739,3.2596490329633294,59.090847385939504
194.3056121062311,2.50024008750916,3.20152950286865,3.2599117242793363,58.382221410686164
195.3196013845031,2.49988031387329,3.20250105857849,3.2601547790933507,57.65372051486084
196.3335796919021,2.49988031387329,3.20347237586975,3.2603980788402125,56.925702970462396
197.3475700318721,2.49988031387329,3.20444393157959,3.2606377304039666,56.193798824376806
198.3615589562451,2.49952030181885,3.20541524887085,3.26086828296634,55.45303409548996
199.3755287700661,2.49988031387329,3.20638680458069,3.2611033412019474,54.71653662125764
200.3895120320531,2.49988031387329,3.20719623565674,3.261331663930996,54.1354282742561
201.4035087422071,2.49988031387329,3.208167552948,3.261555381529674,53.387828581674235
202.4178692606551,2.49988031387329,3.20913910865784,3.2617757483279197,52.6366396700797
203.4314094409461,2.49988031387329,3.2101104259491,3.2619925373831404,51.882111434040645
204.4454309240381,2.49988031387329,3.21108198165894,3.262206047809295,51.12406615035514
205.4594283419901,2.49952030181885,3.21172952651978,3.2624119421215783,50.682415601798425
206.4733995714071,2.49952030181885,3.21286296844482,3.2626183348169366,49.75536637211641
207.4873987588551,2.50024008750916,3.21383428573608,3.262832793615655,48.99850787957494
208.5013756506581,2.49988031387329,3.21464371681213,3.2630299075369256,48.386190724795775
209.5153642211321,2.49988031387329,3.21545338630676,3.2632278427921144,47.77445648535439
210.5293322654571,2.49988031387329,3.21658658981323,3.2634237574484413,46.83716763521106
211.5433095111591,2.49988031387329,3.21723437309265,3.263617800635564,46.38342754291402
212.5573189616811,2.50024008750916,3.21820569038391,3.2638135203270022,45.607829943092426
213.5712788663271,2.49988031387329,3.21917700767517,3.263998689510258,44.82168183508817
214.5852249689061,2.50024008750916,3.2199866771698,3.264188254725834,44.201577556034266
215.5992475136961,2.49988031387329,3.22095799446106,3.2643684820243393,43.410487563279254
216.6132353763721,2.50024008750916,3.2219295501709,3.264553546409615,42.62399623871494
217.6272327943241,2.49988031387329,3.22257709503174,3.2647291156568197,42.152020625079615
218.6411958840611,2.49988031387329,3.22338652610779,3.264907108900147,41.52058279235726
219.6551841006361,2.50024008750916,3.22451996803284,3.2650879348551842,40.567966822344204
220.6691539144571,2.49988031387329,3.22516751289368,3.2652577676910073,40.09025479732742
221.6831502707121,2.49988031387329,3.22597718238831,3.265429018061708,39.45183567339772
222.6971434418741,2.49988031387329,3.22678661346436,3.2655995799541926,38.812966489832675
223.7111121939981,2.49952030181885,3.22759604454041,3.265764325113636,38.16828057322574
224.7251131509411,2.49988031387329,3.22856760025024,3.2659351248475272,37.367524597287094
225.7390482826481,2.49988031387329,3.2295389175415,3.266101416627517,36.56249908601694
226.7530637494551,2.49952030181885,3.23018646240234,3.266261563309525,36.07510090718469
227.7670470114421,2.49988031387329,3.23099613189697,3.2664284287675613,35.43229687059135
228.7810292117321,2.49988031387329,3.23180556297302,3.266590931228758,34.78536825573819
229.7950191978031,2.49988031387329,3.23245334625244,3.266751918614125,34.298572361684876
230.8089918428161,2.49988031387329,3.23326277732849,3.266911336743338,33.64855941484812
231.8230731348601,2.49988031387329,3.23407220840454,3.2670696593353834,32.99745093084327
232.8369657986721,2.49988031387329,3.23488187789917,3.2672267982774845,32.3449203783146
233.8509593237341,2.49988031387329,3.23569130897522,3.2673829160117327,31.691607036512526
234.8649379850331,2.49988031387329,3.23633885383606,3.2675381207793963,31.1992669433363
235.8789049676611,2.49988031387329,3.2373104095459,3.2676923569481473,30.38194740224709
236.8928988466221,2.49952030181885,3.23795795440674,3.2678421468774412,29.884192470701176
237.9068895404901,2.49988031387329,3.23876738548279,3.2679982343511287,29.23084886833882
238.9208625394031,2.49988031387329,3.23957705497742,3.2681499577048796,28.572902727459493
239.9348550027671,2.49988031387329,3.24022459983826,3.2683008728359377,28.076272997677787
240.9488343718641,2.49988031387329,3.24103403091431,3.2684510863442404,27.417055429930226
241.9628087863741,2.49988031387329,3.24184370040894,3.2686006199455773,26.75691953663728
242.9768023114351,2.49988031387329,3.24249124526978,3.2687495357714735,26.258290501693704
243.9907399204361,2.49988031387329,3.24330067634583,3.2688980098612714,25.597333515441356
245.00476635811611,2.49988031387329,3.24394845962524,3.269046095763582,25.097636138341706
246.0187482045071,2.49952030181885,3.24459600448608,3.269190256220678,24.59425173459806
247.0327335898891,2.50024008750916,3.24540543556213,3.2693449787369095,23.939543174779754
248.0467288844461,2.49988031387329,3.24605321884155,3.2694876956115535,23.43447677000343
249.0607032989561,2.50024008750916,3.2468626499176,3.269636762684812,22.774112767212085
250.07467842126312,2.49988031387329,3.24751019477844,3.2697778530016195,22.267658223179332
251.0886606215531,2.49988031387329,3.24815797805786,3.2699228336110475,21.764855553187523
252.1026399906501,2.49988031387329,3.2488055229187,3.270067831506951,21.262308588251067
253.1182752537241,2.50024008750916,3.24961495399475,3.2702165924014057,20.60163840665563
254.1306135926071,2.50024008750916,3.25026273727417,3.270360382658392,20.097645384221874
255.14460322477808,2.49988031387329,3.2507483959198,3.270500138301809,19.751742382009052
256.15857126910305,2.49988031387329,3.25139594078064,3.270643376893987,19.247436113346783
257.17257293384506,2.49988031387329,3.25188159942627,3.2707868001433447,18.90520071707469
258.18655017954705,2.49988031387329,3.25252938270569,3.27093036332839,18.400980622700125
259.20055396768305,2.49988031387329,3.25301504135132,3.271073875790974,18.058834439653726
260.21452059641206,2.50024008750916,3.25366258621216,3.271221085692302,17.558499480141876
261.22848757904006,2.49988031387329,3.25431036949158,3.271360810804179,17.05044131259914
262.24248004240405,2.49952030181885,3.254634141922,3.2714998303191445,16.865688397144307
263.25647639865906,2.49988031387329,3.25511980056763,3.2716453626378654,16.525562070235367
264.27046072234305,2.49988031387329,3.25560545921326,3.271787697388152,16.18223817489195
265.28444221483505,2.49988031387329,3.2562530040741,3.2719302282795417,15.67722420544193
266.29836637567007,2.49952030181885,3.2565770149231,3.2720694885083503,15.492473585250188
267.31240343032306,2.49952030181885,3.25690078735352,3.2722126672060554,15.311879852535348
268.32639377029307,2.49988031387329,3.25754833221436,3.2723597342517654,14.811402037405497
269.34037915567507,2.49988031387329,3.25787210464478,3.2725028899465287,14.630785301748883
270.35434330710905,2.49988031387329,3.25835776329041,3.2726459522876366,14.288188997226392
271.3683290463901,2.49988031387329,3.2586817741394,3.272789117566402,14.10734342700204
272.3815963704601,2.50024008750916,3.25916743278503,3.2729361674435924,13.76873465856221
273.39629450866806,2.49988031387329,3.25949120521545,3.273076443868424,13.585238652973786
274.41023424106305,2.49988031387329,3.25965309143066,3.27322022376276,13.567132332100051
275.4245982985031,2.49988031387329,3.26013875007629,3.2733641114035446,13.225361327254603
276.43822341458105,2.49988031387329,3.2603006362915,3.2735080547971673,13.207418505667423
277.45218968941106,2.50024008750916,3.26062440872192,3.273656068299226,13.031659577306343
278.4661825066741,2.49988031387329,3.26094841957092,3.273797175697964,12.848756127043615
279.48020965215306,2.49988031387329,3.26111030578613,3.2739420591005364,12.831753314406225
280.49415115404406,2.49988031387329,3.26159596443176,3.2740870936981934,12.491129266433365
281.50816378965806,2.49988031387329,3.26159596443176,3.274232315092347,12.636350660586881
282.5221212170091,2.49988031387329,3.26191973686218,3.274377610025391,12.457873163211008
283.53613349872506,2.49952030181885,3.26208162307739,3.27451944023488,12.437817157489928
284.55008774098405,2.49988031387329,3.2622435092926,3.274668770035356,12.425260742756183
285.56410851627805,2.49988031387329,3.26256728172302,3.274815002688105,12.247720965085307
286.5780362161031,2.49952030181885,3.26256728172302,3.2749581542406596,12.390872517639817
287.5920569913971,2.49988031387329,3.26305317878723,3.275109280989684,12.0561022024539
288.60599283090306,2.49988031387329,3.26305317878723,3.275257650256045,12.20447146881476
289.62004793441105,2.49988031387329,3.26337695121765,3.2754065199371785,12.029568719528427
290.63393918262705,2.49988031387329,3.26337695121765,3.275555163416181,12.178212198530769
291.64798508475906,2.49988031387329,3.26353883743286,3.275703684403291,12.164846970430965
292.6619456972021,2.49988031387329,3.26353883743286,3.275852528019285,12.313690586425174
293.67597744336905,2.49952030181885,3.26386260986328,3.2759979490926456,12.135339229365716
294.68992389984805,2.49988031387329,3.26402449607849,3.2761511284758194,12.126632397329473
295.70393901275605,2.49952030181885,3.2641863822937,3.276298106519965,12.111724226265164
296.7179261676331,2.49988031387329,3.26434826850891,3.2764530425593335,12.10477405042365
297.73189279636205,2.49988031387329,3.26451015472412,3.2766042566998093,12.094101975689053
298.74585340880606,2.49952030181885,3.26451015472412,3.276751906867242,12.241752143121953
299.75982711551706,2.50024008750916,3.26467204093933,3.2769116595170185,12.239618577688294
300.77380294562306,2.49988031387329,3.26483392715454,3.277061827138598,12.22789998405771
301.78782159752205,2.49988031387329,3.26483392715454,3.2772156617973667,12.381734642826547
302.8017758397811,2.49988031387329,3.26499581336975,3.2773695916123327,12.373778242582567
303.81588969054405,2.49988031387329,3.26515793800354,3.27752386165198,12.365923648439914
304.82974448715106,2.49988031387329,3.26531982421875,3.277678313595621,12.358489376870896
305.8437712787291,2.50024008750916,3.26548171043396,3.27783663187402,12.354921440060007
306.85772233589705,2.49952030181885,3.26531982421875,3.277984381136711,12.66455691796109
307.87174275729205,2.49988031387329,3.26548171043396,3.2781440421290684,12.662331695108442
308.88569204496406,2.49988031387329,3.26564359664917,3.2783018157776898,12.658219128519832
309.8997000798891,2.50024008750916,3.26580548286438,3.2784635944194265,12.658111555046592
310.9136355654951,2.49988031387329,3.26580548286438,3.278618065150557,12.81258228617732
311.9276595258811,2.50024008750916,3.26596736907959,3.278780111585411,12.812742505821095
312.94161376814105,2.49988031387329,3.26596736907959,3.278935317066075,12.96794798648504
313.9556394980221,2.49988031387329,3.26596736907959,3.2790951669077564,13.127797828166532
314.9695714446371,2.49988031387329,3.2661292552948,3.2792558502550526,13.126594960252813
315.98359080433505,2.50024008750916,3.26645302772522,3.279420832058682,12.967804333461785
316.9975418615021,2.49988031387329,3.26645302772522,3.2795789288889474,13.12590116372725
318.0115665296861,2.50024008750916,3.26661491394043,3.2797447617192597,13.129847778829529
319.02551157056905,2.49988031387329,3.26661491394043,3.279903609550595,13.288695610164769
320.0395305763671,2.50024008750916,3.26693868637085,3.280069986219861,13.131299849010958
321.0535039291791,2.49988031387329,3.26677680015564,3.280229547132873,13.452746977232977
322.06745604804405,2.49988031387329,3.26693868637085,3.280393128974042,13.45444260319173
323.08145028090405,2.49988031387329,3.26710057258606,3.2805572021050686,13.456629519008612
324.0954664555091,2.49988031387329,3.26693868637085,3.2807223358298567,13.783649459006675
325.10943237644005,2.49988031387329,3.26710057258606,3.2808882597294584,13.787687143398397
326.12344147306305,2.49988031387329,3.26726245880127,3.2810548789437592,13.79242014248927
327.13738332885305,2.49988031387329,3.26726245880127,3.2812220020665284,13.95954326525839
328.15138888648505,2.49988031387329,3.26742458343506,3.2813897619112447,13.965178476184725
329.16542806453305,2.49988031387329,3.26742458343506,3.2815583038383482,14.133720403288308
330.17936319624005,2.50024008750916,3.26774835586548,3.281731250019879,13.98289415439935
331.19332487038105,2.50024008750916,3.26774835586548,3.281901367008252,14.153011142772343
332.2073314897101,2.49988031387329,3.26774835586548,3.282068258310131,14.319902444650978
333.2212935177501,2.49988031387329,3.26791024208069,3.28223921224914,14.328970168450361
334.2352912896011,2.50024008750916,3.26791024208069,3.282414246134184,14.504004053494057
335.24925190204505,2.49988031387329,3.2680721282959,3.282582167354859,14.510039058958757
336.2632641837601,2.49988031387329,3.2680721282959,3.2827539769981198,14.681848702219558
337.27717525032705,2.49988031387329,3.2680721282959,3.2829263555235895,14.854227227689254
338.2912215063571,2.50024008750916,3.26839590072632,3.2831038502872656,14.707949560945455
339.30519344357305,2.50024008750916,3.26839590072632,3.283279195859839,14.883295133518715
340.3192152805641,2.50024008750916,3.26855778694153,3.2834544752420665,14.896688300536365
341.3331567824551,2.50024008750916,3.26855778694153,3.283629079712822,15.071292771291933
342.34715243091205,2.49952030181885,3.26855778694153,3.283796649203434,15.23886226190374
343.36109641009705,2.49988031387329,3.26871967315674,3.283976769044509,15.257095887768912
344.3751270945661,2.49988031387329,3.26888155937195,3.2841543575992884,15.272798227338402
345.3890915999001,2.49952030181885,3.26888155937195,3.2843281663391135,15.44660696716349
346.40309043344905,2.49988031387329,3.26904344558716,3.284509653415082,15.466207827921963
347.4173957436341,2.49988031387329,3.26904344558716,3.2846888240408205,15.645378453660541
348.4310718211861,2.49988031387329,3.26920533180237,3.2848688660848673,15.663534282497338
349.4450034139021,2.49988031387329,3.26936721801758,3.2850498444509784,15.682626433398461
350.4590358678671,2.50024008750916,3.26936721801758,3.2852347288442245,15.867510826644615
351.4729947108151,2.49988031387329,3.26952934265137,3.2854122808624155,15.882938211045694
352.5067779207081,2.49988031387329,3.26952934265137,3.285597962916576,16.068620265206057
353.5165713710261,2.50024008750916,3.26969122886658,3.285783819077988,16.092590211408186
354.5305652499871,2.50024008750916,3.26985311508179,3.2859670752741903,16.11396019240008
355.5445202000451,2.49988031387329,3.26985311508179,3.2861471684152526,16.294053333462344
356.55852221868605,2.49988031387329,3.26985311508179,3.286331262438782,16.478147356991713
357.5724980487911,2.49988031387329,3.270015001297,3.286515910088715,16.500908791714952
358.5865057298181,2.49988031387329,3.27017688751221,3.286701333982056,16.524446469845966
359.6004436927181,2.49988031387329,3.270015001297,3.2868874231212666,16.872421824266404
360.6144740232881,2.49988031387329,3.27017688751221,3.287074207276849,16.89731976463893
361.62838756714905,2.49988031387329,3.27017688751221,3.28726157649906,17.084688986849894
362.64243488487705,2.49988031387329,3.27050065994263,3.2874495916304443,16.948931687814195
363.65638169525505,2.50024008750916,3.27066254615784,3.2876418228374766,16.979276679636612
364.67038796068505,2.49952030181885,3.27050065994263,3.2878236432700567,17.322983327426655
365.6843361866591,2.49988031387329,3.27082443237305,3.2880165855640535,17.192153191003534
366.6983509456681,2.49988031387329,3.27082443237305,3.2882063696082175,17.381937235167566
367.7123430551331,2.49988031387329,3.27098631858826,3.288396709908772,17.41039132051192
368.7263287944141,2.50024008750916,3.27114820480347,3.2885912759063927,17.443071102922758
369.7402805593801,2.49988031387329,3.27114820480347,3.2887791957715735,17.63099096810361
370.7542843475161,2.49988031387329,3.27131009101868,3.2889712878667727,17.661196848092864
371.76825911592505,2.50024008750916,3.27131009101868,3.2891675463935126,17.857455374832742
372.7822540565831,2.49988031387329,3.27131009101868,3.2893571799300685,18.04708891138862
373.7962040520531,2.49988031387329,3.27147197723389,3.289550968949346,18.078991715456016
374.8102237656491,2.50024008750916,3.27163410186768,3.2897489347901563,18.11483292247651
375.8243482333851,2.50024008750916,3.27179598808289,3.289943889241923,18.147901159032642
376.8381998449001,2.49988031387329,3.27179598808289,3.290135747112201,18.33975902931062
377.85213886949805,2.49988031387329,3.2719578742981,3.2903317159472167,18.373841649116596
378.8661610603881,2.50024008750916,3.27228164672852,3.290531803667236,18.2501569387159
379.88010397787605,2.49952030181885,3.2719578742981,3.2907215714355136,18.763697137413438
380.8940808696791,2.49988031387329,3.27228164672852,3.2909226207550715,18.640974026551405
381.9081048300651,2.50024008750916,3.27228164672852,3.291124120012243,18.842473283723127
382.9220887998501,2.49988031387329,3.27244353294373,3.2913187942295337,18.875261285803635
383.9360536590831,2.49988031387329,3.27244353294373,3.2915174487308314,19.07391578710138
384.9500546160261,2.49988031387329,3.27260541915894,3.2917164739524165,19.111054793476523
385.9640244298471,2.50024008750916,3.27276730537415,3.2919194317828286,19.152126408678694
386.9780306952771,2.49988031387329,3.27260541915894,3.2921156018734243,19.510182714484348
387.9919707815721,2.49988031387329,3.27292919158936,3.292315874389137,19.386682799777066
389.0059961575541,2.49988031387329,3.27309107780457,3.292516585803693,19.425507999123237
390.0199213800861,2.49988031387329,3.27309107780457,3.292717700344598,19.626622540028116
391.0339499411611,2.49988031387329,3.27325296401978,3.2929192593196306,19.666295299850756
392.0478627772231,2.49988031387329,3.27341485023499,3.293121176230089,19.70632599509914
393.0619454848631,2.49988031387329,3.27341485023499,3.293323457428593,19.90860719360299
394.0758756619821,2.50024008750916,3.2735767364502,3.2935296658191002,19.95292936890003
395.0898836969081,2.50024008750916,3.27373862266541,3.2937326423965723,19.994019731162105
396.1038602348121,2.49988031387329,3.27373862266541,3.2939323557652305,20.19373309982031
397.1178682697381,2.49952030181885,3.27373862266541,3.2941326072088772,20.39398454346708
398.1318193269051,2.49988031387329,3.27373862266541,3.2943407309342922,20.60210826888209
399.1458312547211,2.49988031387329,3.27390074729919,3.294545844850514,20.645097551323932
400.15999358966207,2.49988031387329,3.2740626335144,3.2947515990380802,20.68896552368038
401.1737822071341,2.50024008750916,3.2740626335144,3.294961516348145,20.89888283374508
402.1877612223321,2.49988031387329,3.27422451972961,3.2951642487933417,20.93972906373187
403.2017289127581,2.50024008750916,3.27454829216003,3.295373996803208,20.8257046431779
404.2157373015831,2.49988031387329,3.27454829216003,3.2955767679414483,21.028475781418088
405.2297134855881,2.49988031387329,3.27454829216003,3.2957833405826666,21.23504842263646
406.2436871922991,2.49988031387329,3.27471017837524,3.2959902077039787,21.280029328738514
407.2576969967201,2.49988031387329,3.27487206459045,3.296197901053364,21.325836462914083
408.2716569013651,2.49988031387329,3.27503395080566,3.2964060358706235,21.372085064963464
409.2856918326241,2.49988031387329,3.27503395080566,3.2966146378160963,21.58068701043625
410.2996237792391,2.50024008750916,3.27503395080566,3.296827127719188,21.793176913528
411.3136233205861,2.50024008750916,3.27519583702087,3.297036213342542,21.840376321672128
412.3276076442701,2.49988031387329,3.27551960945129,3.297242002820628,21.72239336933801
413.3415855977711,2.50024008750916,3.2756814956665,3.2974552911797885,21.77379551328862
414.3555352393421,2.50024008750916,3.2756814956665,3.297664810580201,21.98331491370098
415.3695553068381,2.49988031387329,3.2756814956665,3.2978706653348646,22.189169668364706
416.3835268901541,2.49988031387329,3.27584338188171,3.2980801374752464,22.23675559353655
417.3975310321891,2.49988031387329,3.27584338188171,3.2982896859992157,22.44630411750581
418.4114937680281,2.49988031387329,3.27616739273071,3.2984999167976308,22.33252406692099
419.42584119220805,2.49952030181885,3.2760055065155,3.29870694682434,22.701440308840137
420.4394517984231,2.49988031387329,3.27632927894592,3.2989213433928044,22.59206444688422
421.4534520475681,2.49988031387329,3.27632927894592,3.2991323898659184,22.803110919998204
422.4674243386831,2.49988031387329,3.27632927894592,3.299343613473857,23.014334527936775
423.4814256495251,2.49988031387329,3.27649116516113,3.2995550640269395,23.063898865809396
424.4954036030261,2.49988031387329,3.27665305137634,3.2997668348144775,23.113783438137414
425.5093493517061,2.50024008750916,3.27681493759155,3.2999826512636217,23.1677136720716
426.5233630490181,2.49988031387329,3.27681493759155,3.3001916379914777,23.376700399927675
427.5373477266021,2.50024008750916,3.27713871002197,3.3004080532215707,23.269343199600723
428.5513554076281,2.49988031387329,3.27730059623718,3.300616280538097,23.315684300917017
429.5653167278701,2.49988031387329,3.27730059623718,3.3008278019258586,23.52720568867861
430.5792876033881,2.49952030181885,3.27730059623718,3.301036068386626,23.735472149446046
431.5932878525331,2.49952030181885,3.27730059623718,3.3012482181814793,23.947621944299335
432.6072251076351,2.50024008750916,3.2776243686676,3.301468147197503,23.843778529903048
433.6212611005911,2.49988031387329,3.2776243686676,3.3016781708689695,24.053802201369656
434.6352323300081,2.50024008750916,3.27794814109802,3.3018956576940908,23.947516596070972
435.6492230238771,2.49988031387329,3.27794814109802,3.30210513117342,24.156990075400397
436.6631677108601,2.49988031387329,3.27794814109802,3.302317918277669,24.369777179649166
437.67717786918007,2.50024008750916,3.27811002731323,3.3025345512463917,24.424523933161524
438.6911703325451,2.49988031387329,3.27827215194702,3.302744017633595,24.471865686575
439.7051521789361,2.50024008750916,3.27843403816223,3.302960804752901,24.526766590670768
440.7191308402341,2.49988031387329,3.27843403816223,3.303170490418937,24.736452256707064
441.7331109171301,2.49988031387329,3.27859592437744,3.3033837836911366,24.787859313696536
442.7471037343931,2.49988031387329,3.27859592437744,3.303597116680813,25.001192303372832
443.7610884119771,2.50024008750916,3.27875781059265,3.303814083397832,25.056272805181745
444.7750829987361,2.49988031387329,3.27908158302307,3.3040238944311686,24.94231140809866
445.7890542281531,2.49988031387329,3.27891969680786,3.304236949013063,25.3172522052032
446.8030282887631,2.49988031387329,3.27908158302307,3.304449846836084,25.368263813013936
447.8176195494371,2.49988031387329,3.27908158302307,3.3046627433558564,25.581160332786457
448.8310004751241,2.49952030181885,3.27924346923828,3.3048716550861936,25.62818584791371
449.8449897533961,2.49988031387329,3.2795672416687,3.305088466980355,25.521225311655016
450.8589595672171,2.50024008750916,3.27972912788391,3.30530557280335,25.57644491944
451.8729509688841,2.49988031387329,3.27972912788391,3.3055156918042186,25.786563920308758
452.8869512180291,2.49988031387329,3.27989101409912,3.3057294784365516,25.83846433743142
453.9009185545561,2.50024008750916,3.27989101409912,3.3059462704296654,26.055256330545173
454.9149127874161,2.49988031387329,3.28005290031433,3.306155709818836,26.10280950450594
455.9288790622451,2.49988031387329,3.28005290031433,3.30636857828866,26.315677974329876
456.94286834051707,2.49988031387329,3.28021478652954,3.3065813971534603,26.366610623920206
457.9568494791101,2.49988031387329,3.28037691116333,3.3067941184953535,26.417207332023462
458.9708316794001,2.49988031387329,3.28053879737854,3.307006734849432,26.467937470891822
459.98482378886507,2.49988031387329,3.28053879737854,3.3072192178049655,26.68042042642549
460.9987985572741,2.49988031387329,3.28086256980896,3.3074315736354207,26.56900382646077
462.0127754490771,2.49988031387329,3.28086256980896,3.3076438080485437,26.781238239583782
463.02675941886207,2.49988031387329,3.28102445602417,3.307855922079716,26.831466055546205
464.0407706388801,2.49988031387329,3.28102445602417,3.3080679194135585,27.043463389388567
465.0547464689861,2.49988031387329,3.28118634223938,3.308279357135293,27.093014895913203
466.06871557500807,2.49988031387329,3.28134822845459,3.3084905263730695,27.142297918479663
467.0827119312631,2.49988031387329,3.2815101146698,3.3087014341942704,27.191319524470625
468.09668386847807,2.50024008750916,3.28167200088501,3.3089156675871005,27.24366670209033
469.1106735006501,2.49952030181885,3.2815101146698,3.3091188716373923,27.608756967592463
470.1246496846551,2.49988031387329,3.28167200088501,3.3093330855545724,27.661084669562186
471.13863117714607,2.49952030181885,3.28183388710022,3.309540001705505,27.706114605285048
472.1526123157391,2.49988031387329,3.28199577331543,3.3097540193960593,27.758246080629156
473.1666001784151,2.49952030181885,3.28199577331543,3.3099607396119235,27.964966296493365
474.1806039665511,2.49988031387329,3.28248143196106,3.3101741973706944,27.69276540963439
475.1945748420691,2.49988031387329,3.28231954574585,3.3103836210578117,28.064075311961645
476.20855244167007,2.50024008750916,3.28248143196106,3.3105963398483644,28.11490788730442
477.2225066839301,2.49952030181885,3.28264355659485,3.3107979542162704,28.15439762142047
478.23652568972807,2.49952030181885,3.28280544281006,3.311006737329257,28.201294519197173
479.2505160296981,2.49988031387329,3.28280544281006,3.3112195360340553,28.41409322399535
480.26469110500705,2.50024008750916,3.28312921524048,3.3114323929373244,28.30317769684454
481.2783972639851,2.49988031387329,3.28312921524048,3.3116379800702904,28.508764829810573
482.29244635120807,2.50024008750916,3.28329110145569,3.311850482839041,28.559381383351123
483.30643562948006,2.50024008750916,3.28329110145569,3.312058571235844,28.767469780154098
484.32043552472607,2.50024008750916,3.28361487388611,3.312266267127979,28.651393241868828
485.3344102931351,2.49988031387329,3.28377676010132,3.3124694490469264,28.69268894560628
486.34837727576206,2.49988031387329,3.28377676010132,3.3126754410685635,28.89868096724335
487.36236620013506,2.49988031387329,3.28377676010132,3.312880924819192,29.104164717872028
488.37632079629407,2.49988031387329,3.28393864631653,3.313086374207444,29.1477278909138
489.3902569896991,2.49988031387329,3.28410053253174,3.313291523764882,29.19099123314206
490.40432164848306,2.49988031387329,3.28410053253174,3.3134967238197612,29.39619128802118
491.41862341967806,2.50024008750916,3.28426241874695,3.31370555361268,29.443134865729803
492.43228321787007,2.49988031387329,3.28442430496216,3.3139068687365056,29.48256377434566
493.4462611713711,2.49988031387329,3.28474831581116,3.314111287098713,29.36297128755294
494.46025788152406,2.49988031387329,3.28474831581116,3.3143153440750712,29.567028263911332
495.47428184191006,2.50024008750916,3.28474831581116,3.314522312784026,29.77399697286609
496.4882208665081,2.49988031387329,3.28491020202637,3.31472137536001,29.81117333364036
497.50220412849507,2.49988031387329,3.28507208824158,3.3149234680823323,29.85137984075248
498.51618915997807,2.49952030181885,3.28507208824158,3.315121645012983,30.049556771403196
499.53014198664107,2.49988031387329,3.28523397445679,3.3153267026192452,30.092728162455007
500.54415780734706,2.49988031387329,3.28555774688721,3.315527799811255,29.970052924044754
501.5581354069491,2.49988031387329,3.28555774688721,3.315728299496136,30.17055260892576
502.57215264325106,2.49988031387329,3.28571963310242,3.3159283008981646,30.208667795744493
503.58610405431807,2.49952030181885,3.28571963310242,3.316124378569561,30.40474546714078
504.60008979359907,2.49988031387329,3.28588151931763,3.3163275260312455,30.446006713615414
505.6140744711831,2.49988031387329,3.28604340553284,3.3165269321838973,30.483526651057247
506.62807259693307,2.49988031387329,3.28620529174805,3.3167254154835595,30.520123735509497
507.6420247157981,2.49988031387329,3.28636717796326,3.316922801951304,30.55562398804401
508.65600939338105,2.49952030181885,3.28652906417847,3.317115444638925,30.586380460455143
509.67000468793907,2.49988031387329,3.28669095039368,3.3173160738671754,30.625123473495552
510.68394583593107,2.49988031387329,3.28669095039368,3.3175134849532975,30.822534559617587
511.69795882544406,2.49988031387329,3.28685283660889,3.317710745628321,30.857909019430974
512.711968629865,2.49988031387329,3.28685283660889,3.3179066172471194,31.05378063822961
513.7259402131821,2.49988031387329,3.28701496124268,3.3181015407050687,31.086579462388908
514.7399224134721,2.49988031387329,3.2873387336731,3.318296775931073,30.958042257972718
515.7539081527531,2.50024008750916,3.28750061988831,3.3184956181160055,30.99499822769536
516.7678970771261,2.49988031387329,3.28766250610352,3.3186863946962317,31.023888592711657
517.7818555661751,2.50024008750916,3.28766250610352,3.31888352041062,31.221014307099892
518.795851214631,2.49988031387329,3.28782439231873,3.3190720553132382,31.247662994508207
519.8099399385561,2.49988031387329,3.28798627853394,3.3192626428705228,31.276364336582763
520.8239136452671,2.49988031387329,3.28814816474915,3.3194535166344306,31.305351885280608
521.8377624255891,2.49988031387329,3.28814816474915,3.3196447116525145,31.496546903364564
522.8517892171681,2.50024008750916,3.28831005096436,3.3198395644755028,31.52951351114286
523.8657746025501,2.50024008750916,3.28847193717957,3.3200309076741172,31.558970494547367
524.8797536177481,2.49988031387329,3.28863382339478,3.320216326790735,31.582503395955364
525.8937361719371,2.49988031387329,3.28863382339478,3.3204036006219,31.769777227120155
526.907720141722,2.50024008750916,3.2889575958252,3.3205959505287654,31.63835470356524
527.9216970335251,2.49988031387329,3.28911972045898,3.320780461519585,31.660741060604902
528.9356739253291,2.49988031387329,3.28911972045898,3.3209662167016263,31.84649624264635
529.9496770056671,2.49988031387329,3.28928160667419,3.3211523346680174,31.870727993827508
530.9636567286631,2.49952030181885,3.28928160667419,3.321334331349369,32.052724675179164
531.9776343282641,2.49988031387329,3.2894434928894,3.32152290803111,32.079415141710314
532.9915719372651,2.49988031387329,3.28976726531982,3.3217079496577413,31.940684337921077
534.0055930664581,2.49988031387329,3.28960537910461,3.3218922182618624,32.286839157252615
535.0195894227131,2.49988031387329,3.29009103775024,3.3220760188229446,31.98498107270442
536.0335673762131,2.50024008750916,3.29025292396545,3.3222631990172613,32.0102750518112
537.0475474531081,2.50024008750916,3.29041481018066,3.3224463164235933,32.031506242933276
538.061541332069,2.49988031387329,3.29041481018066,3.3226234756257855,32.20866544512546
539.0755083146971,2.49988031387329,3.29057669639587,3.3228035007751173,32.2268043792473
540.0894961773731,2.49988031387329,3.29057669639587,3.322984036772589,32.407340376718885
541.1034794393601,2.49988031387329,3.29073858261108,3.323164010582417,32.42542797133696
542.1174945522681,2.50024008750916,3.29090046882629,3.323347269613262,32.44680078697204
543.1314495023261,2.49988031387329,3.2910623550415,3.3235224033745276,32.460048333027736
544.1454348877081,2.49988031387329,3.29122424125671,3.3236994106061535,32.47516934944361
545.1594110717131,2.49952030181885,3.29122424125671,3.3238723786260254,32.64813736931549
546.1733175375911,2.49988031387329,3.29154825210571,3.324052570147112,32.50431804140241
547.1873475142621,2.50024008750916,3.29171013832092,3.3242340084893063,32.5238701683861
548.2013559030871,2.49952030181885,3.29171013832092,3.3244022238072253,32.69208548630509
549.2153168694301,2.50024008750916,3.29187202453613,3.3245832009400482,32.711176403918074
550.2293390603201,2.49988031387329,3.29187202453613,3.3247533551437676,32.88133060763742
551.2432812700091,2.49988031387329,3.29219579696655,3.3249265775423837,32.73078057583368
552.257296382917,2.49988031387329,3.29235768318176,3.325099218985128,32.74153580336802
553.271251686874,2.49988031387329,3.29251956939697,3.325271228522263,32.75165912529321
554.285266445883,2.49988031387329,3.29284334182739,3.3254426854412356,32.59934361384565
555.2992164413531,2.49988031387329,3.29284334182739,3.3256137987498975,32.77045692250758
556.3132481875201,2.50024008750916,3.2930052280426,3.3257880756936458,32.782847651045884
557.327199598586,2.49988031387329,3.2930052280426,3.3259541037126374,32.948875670037566
558.3411945392451,2.49988031387329,3.29316711425781,3.326122458426408,32.95534416859836
559.3551654147631,2.49988031387329,3.29332900047302,3.326289820643836,32.96082017081625
560.3691660178071,2.50024008750916,3.29332900047302,3.326461221082335,33.132220609315425
561.3831064580011,2.50024008750916,3.29365301132202,3.326628805480255,32.975794158234706
562.3971300644871,2.50024008750916,3.29381489753723,3.3267949630317895,32.98006549455934
563.4114774886681,2.49988031387329,3.29381489753723,3.326955915615911,33.14101807868086
564.425106143738,2.49988031387329,3.29397678375244,3.3271198248504525,33.143041098012475
565.439043752739,2.49988031387329,3.29413866996765,3.327283707402294,33.14503743464403
566.45308186909,2.49988031387329,3.29430055618286,3.3274469395063115,33.146383323451545
567.4672116453121,2.49988031387329,3.29446244239807,3.327609451257607,33.14700885953714
568.481023620126,2.49988031387329,3.29446244239807,3.327771271876401,33.30882947833125
569.4949877715611,2.49988031387329,3.29478621482849,3.327932474945286,33.146260116796
570.5092063764621,2.49988031387329,3.2949481010437,3.328092988229243,33.14488718554331
571.523176190283,2.50024008750916,3.29527187347412,3.3282563523916164,32.98447891749623
572.5371580366741,2.49988031387329,3.29527187347412,3.3284118169342527,33.13994346013249
573.5508889685891,2.49988031387329,3.29543375968933,3.328570139136571,33.13637944724101
574.56493097783,2.49988031387329,3.29559588432312,3.328727830463761,33.13194614064096
575.5788760187131,2.49988031387329,3.29559588432312,3.3288848128839486,33.28892856082844
576.5928939628141,2.49988031387329,3.29591965675354,3.3290411127219293,33.12145596838923
577.6068648383321,2.49988031387329,3.29608154296875,3.3291967062073975,33.1151632386475
578.6208555322,2.50024008750916,3.29608154296875,3.3293551959294496,33.27365296069962
579.6348051737721,2.49952030181885,3.29624342918396,3.329502184330801,33.25875514684107
580.648836919938,2.49988031387329,3.29640531539917,3.329659283667533,33.253968268363025
581.6628053181621,2.49988031387329,3.29656720161438,3.3298120738043466,33.24487218996674
582.676789995746,2.49988031387329,3.29672908782959,3.329964160257559,33.2350724279693
583.6907594556681,2.49988031387329,3.29705286026001,3.330115534981655,33.062674721644925
584.7047207759101,2.49988031387329,3.29705286026001,3.3302662042482147,33.21334398820453
585.718744382396,2.49988031387329,3.29721474647522,3.3304161784657427,33.2014319905225
586.7327382613571,2.49988031387329,3.29721474647522,3.33056544399147,33.35069751624964
587.746684717836,2.49988031387329,3.29753851890564,3.3307141734209864,33.175654515346324
588.760690275468,2.49988031387329,3.29753851890564,3.330862420502106,33.3239015964657
589.7746261149731,2.49988031387329,3.29786252975464,3.3310100626921066,33.147532937466636
590.788658215039,2.49988031387329,3.29786252975464,3.331157124136283,33.29459438164317
591.8026322756491,2.50024008750916,3.29818630218506,3.3313071801597878,33.12087797472785
592.8168147828401,2.50024008750916,3.29834818840027,3.3314526577977355,33.104469397465586
593.8189300378741,2.49988031387329,3.29851007461548,3.331591814578076,33.081739962596224
594.829000945102,2.49988031387329,3.29851007461548,3.3317348877122632,33.22481309678338
595.842961911444,2.49988031387329,3.2988338470459,3.331877689217492,33.043842171591734
596.856968884673,2.50024008750916,3.29899573326111,3.3320232706586124,33.02753739750219
597.870942591384,2.49988031387329,3.29915761947632,3.3321609360621345,33.003316585814346
598.88493823984,2.49988031387329,3.29931950569153,3.332301470426377,32.98196473484705
599.898874433245,2.49988031387329,3.29931950569153,3.3324412270765684,33.12172138503833
600.9128881305561,2.49988031387329,3.29948139190674,3.3325802248700027,33.09883296326266
601.926867853552,2.49988031387329,3.29964327812195,3.3327185820472636,33.07530392531355
602.940913755684,2.50024008750916,3.29980516433716,3.3328600741974066,33.05490986024662
603.954842871106,2.49988031387329,3.29980516433716,3.332993726818798,33.18856248163815
604.9688374578651,2.49988031387329,3.30012917518616,3.333130357839537,33.00118265337693
605.9828111645761,2.49988031387329,3.30029106140137,3.3332663362470707,32.97527484570084
606.9968110598221,2.49988031387329,3.30045294761658,3.3334014448496094,32.94849723302961
608.010774503458,2.49988031387329,3.30061483383179,3.333535823482362,32.920989650572
609.024765197327,2.49988031387329,3.300776720047,3.3336694805974845,32.89276055048429
610.03873819624,2.49988031387329,3.30093860626221,3.333802410260366,32.863803998155916
611.0527257050171,2.49988031387329,3.30110049247742,3.3339347278386886,32.834235361268505
612.066717460583,2.49988031387329,3.30110049247742,3.3340663975341527,32.96590505673258
613.080701076469,2.49988031387329,3.30126237869263,3.3341973954745945,32.93501678196442
614.094685400154,2.49988031387329,3.30142426490784,3.3343277228104022,32.90345790256222
615.108671139435,2.49988031387329,3.30174803733826,3.334457336868509,32.70929953024915
616.122630690181,2.49988031387329,3.30190992355347,3.3345862073800534,32.6762838265835
617.136638371208,2.49988031387329,3.30190992355347,3.3347143776505725,32.80445409710264
618.150601460945,2.49988031387329,3.30207180976868,3.334841835956392,32.77002618771219
619.1645918009151,2.49988031387329,3.30223393440247,3.334968658829068,32.734724426598305
620.1785761245991,2.50024008750916,3.30255770683289,3.3350987342397898,32.54102740689957
621.1925646950731,2.49988031387329,3.30255770683289,3.335221059052947,32.66335222005701
622.206544418069,2.50024008750916,3.3027195930481,3.3353500225916393,32.63042954353912
623.220537943131,2.50024008750916,3.30304336547852,3.335474834443048,32.43146896452798
624.2345162505311,2.49988031387329,3.30320525169373,3.335594608228741,32.389356535011075
625.248492434536,2.49988031387329,3.30320525169373,3.3357169651036136,32.51171340988357
626.2624339364271,2.49988031387329,3.30352902412415,3.3358383841591235,32.30936003497354
627.2764656825931,2.49988031387329,3.30352902412415,3.3359588802784077,32.42985615425775
628.2904478828831,2.49988031387329,3.30385279655457,3.3360790985516346,32.22630199706478
629.304390092573,2.49988031387329,3.30385279655457,3.3361991852236605,32.34638866909067
630.3184101600681,2.50024008750916,3.30401468276978,3.3363223972975944,32.307714527814554
631.3324001461391,2.49988031387329,3.30417656898499,3.336437868462055,32.26129947706502
632.346372791153,2.49952030181885,3.30417656898499,3.336552259798549,32.37569081355929
633.360362777223,2.49988031387329,3.30450057983398,3.3366730945549548,32.17251472097482
634.374350639899,2.49988031387329,3.30466246604919,3.33678957010213,32.127104052940055
635.388325762207,2.50024008750916,3.3048243522644,3.3369090853319725,32.08473306757264
636.402304423505,2.49988031387329,3.3048243522644,3.337020746841953,32.19639457755319
637.416632737134,2.49988031387329,3.30498623847961,3.337135385605077,32.14914712546735
638.4302790871601,2.49988031387329,3.30514812469482,3.33724932190465,32.101197209829735
639.444274381717,2.49988031387329,3.30547189712524,3.3373626616026235,31.89076447738337
640.4582102212221,2.49988031387329,3.30563378334045,3.3374753547073825,31.841571366932442
641.4722278114241,2.49988031387329,3.30579566955566,3.3375875250467817,31.791855491121623
642.4862149663021,2.49988031387329,3.30595755577087,3.3376991573332933,31.741601562423227
643.500192565903,2.49988031387329,3.30595755577087,3.3378102248602173,31.852669089347252
644.5141949384431,2.49988031387329,3.30611944198608,3.3379207313750556,31.80128938897564
645.528164752264,2.50024008750916,3.3064432144165,3.3380342683726245,31.591053956124604
646.5421381050751,2.49988031387329,3.3064432144165,3.338139545010834,31.6963305943343
647.5561188897691,2.50024008750916,3.30692911148071,3.3382511347991763,31.322023318466563
648.570111353133,2.49988031387329,3.30692911148071,3.3383547487849534,31.425637304243637
649.5840924917261,2.49988031387329,3.30692911148071,3.3384611777446263,31.53206626391647
650.5980753998141,2.49988031387329,3.30709099769592,3.3385668253272773,31.475827631357145
651.6120250413851,2.49952030181885,3.30709099769592,3.338668639034137,31.577641338216722
652.626032368512,2.49988031387329,3.30741477012634,3.338777162267389,31.362392141049078
653.6400241240781,2.49988031387329,3.30741477012634,3.33888152007128,31.46674994493992
654.6540105711581,2.49988031387329,3.30773854255676,3.338985313640018,31.246771083258018
655.668005865715,2.49988031387329,3.30806231498718,3.339088432172253,31.026117185072977
656.681982403619,2.49952030181885,3.30790042877197,3.3391872799985256,31.286851226555612
657.6959557564311,2.49988031387329,3.30822420120239,3.339292697925844,31.068496723454242
658.709957421172,2.49988031387329,3.3083860874176,3.339393888731927,31.00780131432712
659.7239463455461,2.49988031387329,3.30854797363281,3.3394944141689495,30.946440536139708
660.7379179288621,2.49988031387329,3.3087100982666,3.339594255314553,30.88415704795322
661.751883495893,2.49988031387329,3.30887198448181,3.3396934380722985,30.821453590488268
662.765845877833,2.49952030181885,3.30887198448181,3.3397883626075324,30.916378125722233
663.7798581595481,2.49988031387329,3.30903387069702,3.3398900648722774,30.8561941752572
664.7938488534161,2.50024008750916,3.30919575691223,3.3399917391831195,30.79598227088942
665.807936869543,2.50024008750916,3.30951952934265,3.340089462101392,30.56993275874209
666.8220301941561,2.50024008750916,3.30968141555786,3.3401868224413973,30.50540688353731
667.8357919152951,2.50024008750916,3.30984330177307,3.3402835278992407,30.4402261261707
668.8497734077871,2.49988031387329,3.30984330177307,3.340374616614155,30.531314841085067
669.86376233216,2.49988031387329,3.31016707420349,3.3404682383851996,30.301164181709694
670.877748779239,2.49988031387329,3.31000518798828,3.3405613304140953,30.55614242581539
671.891718946959,2.49988031387329,3.3103289604187,3.3406542906513845,30.32533023268469
672.905707517433,2.49988031387329,3.31065273284912,3.3407468115571843,30.09407870806413
673.919685470934,2.49988031387329,3.31081461906433,3.340839074989209,30.02445592487879
674.9336998760431,2.49988031387329,3.31081461906433,3.340931027633767,30.11640856943698
675.947666858671,2.49988031387329,3.31097674369812,3.3410225346875797,30.045790989459586
676.9616536596491,2.49988031387329,3.31113862991333,3.3411132491125937,29.974619199263586
677.9756266585621,2.49988031387329,3.31130051612854,3.3412033580325105,29.902841903970412
678.9896060276591,2.49988031387329,3.31130051612854,3.3412927730374657,29.992256908925707
680.003593536436,2.49988031387329,3.31146240234375,3.341381467349642,29.91906500589181
681.017587061498,2.49988031387329,3.31178617477417,3.341469478094208,29.68330332003788
682.0315512129321,2.50024008750916,3.31194806098938,3.3415606208428614,29.612559853481546
683.0341421083821,2.49988031387329,3.31194806098938,3.341643031971825,29.694970982445223
684.043904415578,2.49988031387329,3.31210994720459,3.341729258668534,29.619311463944253
685.0579365156441,2.49988031387329,3.3122718334198,3.3418157386033336,29.54390518353378
686.0718521828991,2.50024008750916,3.31243371963501,3.3419055212088495,29.47180157383933
687.085880036176,2.49988031387329,3.31259560585022,3.3419872201039165,29.391614253696297
688.099848788299,2.49988031387329,3.31259560585022,3.3420712943690494,29.4756885188292
689.1138426672601,2.49988031387329,3.31291937828064,3.3421541962301933,29.234817949553182
690.127787708142,2.50024008750916,3.31308150291443,3.342241219256377,29.15971634194703
691.1418084834361,2.50024008750916,3.31324338912964,3.3423248712201428,29.081482090502764
692.155757771108,2.49988031387329,3.31324338912964,3.3424040373859323,29.160648256292276
693.169776069108,2.49988031387329,3.31340527534485,3.3424853871932427,29.080111848392765
694.1837147398061,2.50024008750916,3.31389093399048,3.3425695810856637,28.678647095183862
695.19773976189,2.49988031387329,3.31372904777527,3.342646423856641,28.917376081371238
696.2117166536931,2.50024008750916,3.31405282020569,3.342730073785843,28.677253580153383
697.225705578066,2.49988031387329,3.31405282020569,3.3428059631845373,28.753142978847457
698.2396640671151,2.49988031387329,3.3142147064209,3.3428849592771193,28.670252856219047
699.253668563049,2.49988031387329,3.31437659263611,3.342963413622901,28.586820986790773
700.2676362534751,2.49988031387329,3.31470036506653,3.343041334980067,28.340969913537073
701.2816403955111,2.50024008750916,3.31470036506653,3.3431224182880466,28.422053221516475
702.295593222174,2.49988031387329,3.31502413749695,3.343195850834478,28.171713337528104
703.3096210754501,2.49952030181885,3.31502413749695,3.343268718209847,28.244580712896816
704.323556914955,2.50024008750916,3.31518602371216,3.3433518526663977,28.165828954237693
705.337579459745,2.49988031387329,3.31518602371216,3.3434236740223278,28.237650310167783
706.351557413245,2.49988031387329,3.31534814834595,3.3434985658092793,28.150417463329358
707.365508470413,2.49988031387329,3.31534814834595,3.3435730116015434,28.22486325559348
708.3795108429521,2.49988031387329,3.31534814834595,3.343646985344248,28.29883699829816
709.39351817008,2.50024008750916,3.31534814834595,3.343724070002184,28.375921656234038
710.4078054314101,2.49988031387329,3.31551003456116,3.3437934920892074,28.283457528047506
711.421788693397,2.49988031387329,3.316157579422,3.3438660635632185,27.708484141218293
712.4354145172741,2.50024008750916,3.31631946563721,3.343941795985218,27.62233034800765
713.449444847845,2.49988031387329,3.31648135185242,3.344009916989289,27.528565136869076
714.4634019212971,2.49952030181885,3.31648135185242,3.344077585655508,27.596233803087955
715.477449592924,2.50024008750916,3.31664323806763,3.3441556196787423,27.512381611112247
716.4913712764641,2.49988031387329,3.31680512428284,3.34422242137576,27.417297092919846
717.5055746637041,2.49988031387329,3.31696701049805,3.3442924031082173,27.32539261016731
718.5195051947221,2.49988031387329,3.31729078292847,3.34436192886847,27.07114593999993
719.5333348644921,2.50024008750916,3.31729078292847,3.3444345890132845,27.143806084814592
720.5473184803781,2.49988031387329,3.31745290756226,3.344499273044845,27.04636548258499
721.5615034648631,2.49988031387329,3.31761479377747,3.3445669019590647,26.95210818159488
722.5754672623991,2.49988031387329,3.31761479377747,3.3446338068920114,27.01901311454158
723.5892774677171,2.49988031387329,3.31793856620789,3.3446999497440744,26.76138353618418
724.603234895069,2.49988031387329,3.31793856620789,3.3447660581407077,26.827491932817527
725.6172542547661,2.50024008750916,3.3181004524231,3.3448356466957976,26.735194272697438
726.6311784156011,2.50024008750916,3.31826233863831,3.3449014605567537,26.639121918443642
727.6452158241531,2.50024008750916,3.31842422485352,3.34496718498243,26.542960128909776
728.6591629884301,2.50024008750916,3.31858611106873,3.3450323331868694,26.446222118139406
729.673140941931,2.49988031387329,3.31874799728394,3.345092974275809,26.344976991869107
730.6871288046061,2.49988031387329,3.31890988349915,3.3451565505484924,26.24666704934242
731.7011375473301,2.49988031387329,3.31890988349915,3.345219403311827,26.309519812677262
732.715108776748,2.49988031387329,3.31907176971436,3.345282005287344,26.210235572984075
733.7291058408001,2.49988031387329,3.31923365592957,3.345344299248563,26.110643318993265
734.7430696383361,2.49988031387329,3.31939554214478,3.345406239107176,26.010696962396107
735.7570720108761,2.49988031387329,3.31955766677856,3.3454678307006254,25.910163922065355
736.77104465589,2.49988031387329,3.31939554214478,3.345529055579056,26.133513434276168
737.7850505674211,2.49988031387329,3.31988143920898,3.3455899627560624,25.708523547082418
738.799000562891,2.49988031387329,3.31988143920898,3.3456505468885602,25.769107679580294
739.8129916106581,2.50024008750916,3.32004332542419,3.3457142005223335,25.670875098143586
740.826904092822,2.49988031387329,3.32004332542419,3.345770194571583,25.726869147393305
741.8409740600931,2.49988031387329,3.3202052116394,3.3458293115689943,25.62409992959447
742.854936442033,2.49988031387329,3.3202052116394,3.3458880678405585,25.68285620115862
743.8689444769581,2.50024008750916,3.32052898406982,3.3459500860992004,25.421102029380194
744.882848465543,2.49988031387329,3.32052898406982,3.3460045477281954,25.475563658375222
745.8969053385471,2.50024008750916,3.32101464271545,3.3460657896569534,25.051146941503344
746.9108500255301,2.50024008750916,3.32085275650024,3.3461228502128817,25.27009371264155
747.9248831872931,2.49952030181885,3.32117652893066,3.3461721869384298,24.995658007769705
748.9388530011141,2.49988031387329,3.32117652893066,3.3462317831966137,25.055254265953675
749.9528475878731,2.49988031387329,3.32133841514587,3.3462879094289213,24.949494283051266
750.9668004145361,2.49952030181885,3.32117652893066,3.3463402015034083,25.163672572748208
751.9807744751461,2.50024008750916,3.32166218757629,3.3464030609975293,24.740873421239318
752.994778971081,2.49988031387329,3.32166218757629,3.3464545855613257,24.79239798503574
754.0087781585281,2.49988031387329,3.32166218757629,3.346509152945259,24.84696536896891
755.022714351933,2.49988031387329,3.32198619842529,3.346563265098695,24.577066673405312
756.0367425591081,2.50024008750916,3.3221480846405,3.346620375395075,24.472290754575354
757.0507021098541,2.49988031387329,3.3221480846405,3.3466693730798194,24.521288439319555
758.0647140376701,2.49988031387329,3.32230997085571,3.3467212751985884,24.411304342878637
759.0786576629561,2.49952030181885,3.32230997085571,3.3467688777338997,24.458906878189968
760.0926664056801,2.49988031387329,3.32263374328613,3.3468242344492896,24.19049116315941
761.1066358656021,2.49988031387329,3.32263374328613,3.3468758942516397,24.242150965509524
762.1206400076371,2.49952030181885,3.32279562950134,3.3469238443235514,24.12821482221128
763.1344976354371,2.49988031387329,3.32295751571655,3.346978858776074,24.021343059523748
764.1486022848221,2.49988031387329,3.32295751571655,3.3470301530118935,24.07263729534348
765.1625636050641,2.49988031387329,3.32311940193176,3.34708131497007,23.96191303831019
766.1765737633841,2.49988031387329,3.32328128814697,3.3471319298100064,23.85064166303641
767.190547823994,2.49988031387329,3.32344317436218,3.347182065958075,23.73889159589515
768.2045586901131,2.49988031387329,3.32360506057739,3.347231793910126,23.626733332736016
769.2185143479691,2.49988031387329,3.3237669467926,3.3472811091648844,23.51416237228454
770.2325142432151,2.50024008750916,3.3237669467926,3.3473336143020536,23.566667509453687
771.2464660081811,2.49988031387329,3.32392907142639,3.3473782533395235,23.44918191313372
772.260495630952,2.49988031387329,3.32425284385681,3.3474259577444214,23.17311388761123
773.2744530583041,2.50024008750916,3.32425284385681,3.347476746810211,23.22390295340071
774.2884384436861,2.49988031387329,3.32425284385681,3.347519832022487,23.26698816567685
775.3024025951211,2.49988031387329,3.32441473007202,3.3475666122687815,23.151882196761342
776.3164212470201,2.49988031387329,3.32457661628723,3.3476132426858465,23.036626398616367
777.3303786743721,2.50024008750916,3.32473850250244,3.3476632438926894,22.92474139024936
778.3443771540211,2.49988031387329,3.32490038871765,3.3477058273675944,22.805438649944332
779.3583494451361,2.50024008750916,3.32506227493286,3.3477551158717103,22.692840938850267
780.3723380156101,2.49988031387329,3.32506227493286,3.3477968207607307,22.73454582787071
781.386301459246,2.49988031387329,3.32522416114807,3.3478417702390595,22.617609090989532
782.4003017083911,2.49988031387329,3.32538604736328,3.347886390486861,22.500343123581068
783.414601356191,2.49988031387329,3.32554793357849,3.347930770292465,22.38283671397534
784.4282742486511,2.49988031387329,3.32554793357849,3.347974817825098,22.426884246608214
785.4421998250821,2.49988031387329,3.32554793357849,3.3480185714681316,22.470637889641765
786.456249974002,2.49988031387329,3.3257098197937,3.3480620300816715,22.35221028797163
787.4702219112181,2.49988031387329,3.32603359222412,3.348105186063827,22.071593839706694
788.4842065888021,2.49988031387329,3.32603359222412,3.348148041143429,22.114448919308582
789.498176048723,2.49988031387329,3.32619571685791,3.3481905941399623,21.994877282052183
790.512170281583,2.50024008750916,3.32619571685791,3.3482362409598374,22.04052410192725
791.5261408032021,2.49988031387329,3.32651948928833,3.3482743012866245,21.754811998294432
792.540141052347,2.49952030181885,3.32651948928833,3.3483119706730387,21.792481384708573
793.5541087427731,2.49988031387329,3.32684326171875,3.348356449210956,21.513187492205876
794.5681107614141,2.49952030181885,3.32668137550354,3.3483933794452527,21.712003941712688
795.5820773901421,2.49988031387329,3.32684326171875,3.348437806007392,21.594544288642048
796.5960758697921,2.49988031387329,3.32684326171875,3.348478483873375,21.63522215462521
797.610053469393,2.49988031387329,3.32700514793396,3.3485190110459397,21.51386311197978
798.6240438093631,2.49988031387329,3.32732892036438,3.3485593888706497,21.23046850626986
799.6380256557541,2.49988031387329,3.32732892036438,3.348599548895445,21.270628531065316
800.6519986546671,2.50024008750916,3.3276526927948,3.3486426164697147,20.989923674914923
801.6659861634431,2.49988031387329,3.3276526927948,3.348678143391321,21.025450596521278
802.6799789807071,2.49988031387329,3.3276526927948,3.3487169225041664,21.06422970936661
803.693924729387,2.49988031387329,3.32797646522522,3.348755354090145,20.77888886492474
804.7079476280761,2.49988031387329,3.32797646522522,3.348793553449797,20.81708822457662
805.7219117795111,2.49988031387329,3.32813835144043,3.348831451918413,20.693100477982895
806.7358946875991,2.50024008750916,3.32830047607422,3.3488726474534647,20.572171379244608
807.749878303485,2.49988031387329,3.32830047607422,3.3489063461679573,20.605870093737266
808.7638849228141,2.49952030181885,3.32846236228943,3.348939829962348,20.477467672917804
809.7778469508551,2.49988031387329,3.32862424850464,3.3489802719889146,20.356023484274566
810.7918319823381,2.49988031387329,3.32862424850464,3.3490168573362014,20.392608831561354
811.8059107970871,2.49988031387329,3.32894802093506,3.349053188634071,20.10516769901116
812.8199039682501,2.49952030181885,3.32878613471985,3.3490857489547343,20.299614234884356
813.8337803527031,2.49988031387329,3.32910990715027,3.3491253462687607,20.015439118490796
814.8477406112471,2.49988031387329,3.32927179336548,3.3491611473735476,19.889354008067794
815.8617599709451,2.49988031387329,3.32943367958069,3.349196751472848,19.7630718921582
816.8757269535731,2.49988031387329,3.32943367958069,3.3492321077998572,19.79842821916744
817.8897112772571,2.49988031387329,3.3295955657959,3.349267162160596,19.67159636469562
818.9037132958981,2.50024008750916,3.32975745201111,3.349305533917962,19.548081906851866
819.9176119759961,2.50024008750916,3.32991933822632,3.3493400089709664,19.420670744646262
820.9316670795041,2.49988031387329,3.32991933822632,3.349370629006645,19.451290780324815
821.945643971307,2.49988031387329,3.33008122444153,3.3494046992575437,19.323474816013597
822.9596484672411,2.50024008750916,3.33024311065674,3.3494421596878103,19.19904903107028
823.973612618676,2.49988031387329,3.33024311065674,3.3494722241521724,19.229113495432326
824.9875990657561,2.50024008750916,3.33056712150574,3.349509257995256,18.942136489516148
826.0015356130591,2.49988031387329,3.33056712150574,3.349538580715767,18.971459210026964
827.015573375511,2.49952030181885,3.33072900772095,3.3495675073243114,18.83849960336148
828.0295484978191,2.49988031387329,3.33072900772095,3.349603201955364,18.874194234414166
829.0435367143931,2.49988031387329,3.33089089393616,3.3496348334635555,18.743939527395614
830.057531301152,2.49988031387329,3.33105278015137,3.3496665575726943,18.613777421324418
831.0714975759821,2.49988031387329,3.33121466636658,3.349698149156035,18.48348278945533
832.0854726982891,2.50024008750916,3.33137655258179,3.349733239656424,18.356687074633893
833.0994711779391,2.49988031387329,3.33137655258179,3.3497610786252814,18.384526043491167
834.113462933505,2.49988031387329,3.331538438797,3.3497920697814787,18.25363098447852
835.1274465493921,2.49988031387329,3.33170032501221,3.349822669249219,18.122344237008647
836.1414114086241,2.49988031387329,3.33170032501221,3.349852920103683,18.152595091472712
837.1553670664811,2.49952030181885,3.33170032501221,3.3498792240345705,18.178899022360362
838.169394565858,2.49988031387329,3.33202409744263,3.3499129686572116,17.888871214581492
839.1833771200471,2.50024008750916,3.33218598365784,3.3499467314049114,17.76074774707137
840.1973494111611,2.49988031387329,3.33218598365784,3.349973384039126,17.787400381286123
841.2113457674161,2.49988031387329,3.33250975608826,3.35000359252356,17.493836435300114
842.22531841243,2.49988031387329,3.33250975608826,3.350033267768459,17.523511680199277
843.239299904921,2.49952030181885,3.33250975608826,3.3500590347002186,17.549278611958652
844.25329059879,2.49988031387329,3.33283376693726,3.350091641842137,17.25787490487729
845.267269967887,2.49952030181885,3.33283376693726,3.350116819928918,17.28305299165811
846.281259953958,2.49988031387329,3.33299565315247,3.3501488920995715,17.153238947101634
847.295163588643,2.49988031387329,3.33315753936768,3.3501770292664133,17.019489898733475
848.3092140914631,2.49988031387329,3.33315753936768,3.350204969426978,17.047430059298208
849.323199476845,2.49916052818298,3.33315753936768,3.3502256319815147,17.068092613834907
850.3371898168151,2.49988031387329,3.3334813117981,3.3502605753972126,16.779263599112415
851.3511649391221,2.49988031387329,3.3334813117981,3.3502882540551266,16.806942257026503
852.3651499706051,2.50024008750916,3.33380508422852,3.3503195719404233,16.514487711903225
853.3791314630971,2.49988031387329,3.33380508422852,3.3503437569443064,16.53867271578635
854.393114725084,2.50024008750916,3.33396697044373,3.350375251729861,16.408281286131032
855.407435252932,2.49988031387329,3.33396697044373,3.350399075933995,16.43210549026497
856.4210915121331,2.49988031387329,3.33412885665894,3.3504259712591833,16.2971146002433
857.4350623876511,2.50024008750916,3.33429074287415,3.3504559608901787,16.16521801602877
858.449060513401,2.49988031387329,3.33445262908936,3.3504782670527082,16.025637963348327
859.4629984763011,2.49988031387329,3.33445262908936,3.3505038315215945,16.051202432234568
860.477019959394,2.49988031387329,3.33461451530457,3.3505289730314654,15.914457726895481
861.490990834912,2.49988031387329,3.33477640151978,3.3505540404039085,15.777638884128642
862.5049783436881,2.50024008750916,3.33510041236877,3.3505831479616157,15.482735592845742
863.518977885035,2.50024008750916,3.33510041236877,3.350608735785701,15.508323416931091
864.532955130737,2.49988031387329,3.33510041236877,3.350630520826328,15.53010845755809
865.5469369771281,2.49988031387329,3.33526229858398,3.3506551947415946,15.392896157614633
866.560925193703,2.49988031387329,3.33542418479919,3.3506794990083537,15.255314209163817
867.5749020855061,2.49952030181885,3.33542418479919,3.350700113970838,15.275929171647995
868.5888864091911,2.49988031387329,3.3355860710144,3.35072845415004,15.142383135640092
869.6028848888401,2.49988031387329,3.33574795722961,3.3507533245712517,15.005367341641929
870.616850455871,2.50024008750916,3.33590984344482,3.3507815953762092,14.87175193138901
871.6308323022621,2.49988031387329,3.33590984344482,3.350801599514635,14.891756069814743
872.6448159181491,2.49988031387329,3.33590984344482,3.350824671375495,14.914827930674779
873.658804134724,2.49952030181885,3.33607172966003,3.3508442162143526,14.772486554322395
874.6727810265271,2.49988031387329,3.33623361587524,3.3508714048598534,14.63778898461321
875.686781275672,2.49988031387329,3.33623361587524,3.350895063239792,14.661447364551883
876.7007107449931,2.49988031387329,3.33655738830566,3.3509182082503863,14.360819944726266
877.714738598269,2.49988031387329,3.33671927452087,3.350941103494074,14.221828973203898
878.728717967366,2.49988031387329,3.33671927452087,3.350963837692489,14.244563171618818
879.74270653784,2.49988031387329,3.33688116073608,3.3509864465704653,14.105285834385306
880.756685199139,2.49988031387329,3.33704328536987,3.3510089029601207,13.965617590250723
881.7706656299331,2.49988031387329,3.33688116073608,3.3510312520421013,14.150091306021295
882.784649599719,2.49988031387329,3.33720517158508,3.351053472740046,13.848301154966158
883.7986385240921,2.50024008750916,3.33736705780029,3.351079162819721,13.71210501943132
884.8128082909151,2.50024008750916,3.3375289440155,3.351101130605268,13.572186589767998
885.8266064636631,2.49988031387329,3.3375289440155,3.351119320707333,13.59037669183305
886.8405907873481,2.49952030181885,3.33769083023071,3.35113722364048,13.446393409770163
887.854562724563,2.49988031387329,3.33769083023071,3.351162134898513,13.471304667802997
888.868513781731,2.49988031387329,3.33801460266113,3.3511832539507194,13.168651289589217
889.8825402194101,2.49988031387329,3.33801460266113,3.3512041829071477,13.189580246017574
890.896534098371,2.49988031387329,3.33817648887634,3.3512249778459844,13.048488969644279
891.9104954186131,2.49988031387329,3.33817648887634,3.3512457338512123,13.069244974872163
892.9244839890871,2.49988031387329,3.33850026130676,3.351266362803225,12.766101496465065
893.938476452452,2.49988031387329,3.33850026130676,3.351286864220956,12.786602914196088
894.9524582988421,2.49988031387329,3.33866214752197,3.3513072378123043,12.645090290334338
895.9664284665621,2.49988031387329,3.33850026130676,3.351327421105927,12.827159799166932
896.9804134980451,2.49988031387329,3.33882403373718,3.3513473540063923,12.523320269212324
897.9944048997121,2.49988031387329,3.33882403373718,3.3513671046266236,12.54307088944362
899.008382499313,2.50024008750916,3.33914804458618,3.351390270312067,12.242225725886957
900.037234832783,2.49952030181885,3.33914804458618,3.3514027410255904,12.254696439410573
901.0519630524151,2.49988031387329,3.33930993080139,3.351425847138697,12.11591633730702
902.0659332201351,2.49988031387329,3.33930993080139,3.351445578689449,12.135647888058987
903.0799196672141,2.50024008750916,3.33963370323181,3.3514689308692076,11.835227637397416
904.0939025753031,2.49988031387329,3.33963370323181,3.3514851100832224,11.851406851412172
905.107890084079,2.50024008750916,3.33979558944702,3.3515085074357214,11.712917988701221
906.1218606056981,2.50024008750916,3.33979558944702,3.3515276476439877,11.732058196967543
907.135857315852,2.49988031387329,3.33979558944702,3.351542436255413,11.746846808392775
908.1498412856381,2.49988031387329,3.34011936187744,3.3515604355429267,11.441073665486634
909.163813222853,2.49988031387329,3.34011936187744,3.3515781755279055,11.458813650465416
910.1777964848401,2.49952030181885,3.34011936187744,3.351592252995742,11.472891118301742
911.1917801007271,2.49988031387329,3.34028124809265,3.351613324858032,11.332076765381949
912.2057771647801,2.49952030181885,3.34044313430786,3.3516271122835812,11.183977975721238
913.2197537026841,2.49952030181885,3.34044313430786,3.351645078665408,11.201944357547955
914.2337281171931,2.49988031387329,3.34044313430786,3.351666835773978,11.223701466117841
915.2477089018861,2.49988031387329,3.34076690673828,3.3516851835214925,10.918276783212555
916.2617052581411,2.49988031387329,3.34092879295349,3.3517031187415274,10.774325788037498
917.2756874584311,2.49988031387329,3.34092879295349,3.351720932023404,10.792139069914164
918.28963391491,2.49988031387329,3.34092879295349,3.351738643242872,10.809850289382084
919.303672031261,2.49988031387329,3.34125256538391,3.35175634179827,10.503776414360289
920.317628043016,2.49988031387329,3.3410906791687,3.351773980477329,10.683301308629378
921.3316056426171,2.50024008750916,3.3414146900177,3.351795041622701,10.380351605000726
922.3456012910731,2.49988031387329,3.3414146900177,3.3518081075094384,10.393417491738166
923.359592338841,2.49988031387329,3.34157657623291,3.351824310187671,10.24773395476064
924.3735649838551,2.49988031387329,3.34173846244812,3.3518402342167666,10.101771768646461
925.387555323825,2.50024008750916,3.34173846244812,3.3518599716567943,10.121509208674162
926.401534692922,2.49988031387329,3.34190034866333,3.3518724352564333,9.972086593103224
927.4159642216981,2.49952030181885,3.34190034866333,3.3518850435121825,9.984694848852449
928.429497677905,2.49988031387329,3.34206223487854,3.3519053015801883,9.843066701648251
929.443454397459,2.49988031387329,3.34222412109375,3.3519222111931177,9.698090099367729
930.457458539494,2.50024008750916,3.34238600730896,3.3519424845362606,9.556477227300686
931.4714368468931,2.49988031387329,3.34238600730896,3.3519546620803875,9.568654771427543
932.485451252003,2.49988031387329,3.34254789352417,3.3519695440718325,9.42165054766253
933.499420711925,2.49952030181885,3.34254789352417,3.351980796285131,9.432902760960982
934.5134075129031,2.49952030181885,3.34270977973938,3.3519963110752293,9.286531335849446
935.5273790962191,2.49988031387329,3.34287166595459,3.3520158769488,9.144210994210145
936.5413726212811,2.49952030181885,3.34287166595459,3.352027846087716,9.156180133126135
937.5553569449661,2.49988031387329,3.34287166595459,3.3520468848955667,9.175218940976837
938.569327466585,2.49988031387329,3.34319543838501,3.3520621212644173,8.866682879407062
939.583318160454,2.49988031387329,3.34319543838501,3.3520770862401306,8.881647855120356
940.597264263033,2.49988031387329,3.34335732460022,3.352091871165805,8.734546565584811
941.611280437639,2.49988031387329,3.34335732460022,3.3521068731883825,8.749548588162348
942.6252608684331,2.49988031387329,3.34351944923401,3.352122075676005,8.602626441994943
943.6392551012931,2.50024008750916,3.34368133544922,3.3521408900746197,8.459554625399601
944.6532266846091,2.50024008750916,3.34368133544922,3.3521553463216818,8.47401087246169
945.667217024579,2.49988031387329,3.34368133544922,3.3521656207006223,8.484285251402213
946.6811967475751,2.49988031387329,3.34384322166443,3.352179305226047,8.33608356161708
947.6951824868561,2.49952030181885,3.34384322166443,3.352189580642329,8.346358977898927
948.7091689339351,2.49988031387329,3.34400510787964,3.3522071352729217,8.202027393281686
949.7231433484451,2.49988031387329,3.34416699409485,3.3522212321251352,8.054238030285266
950.7371368735061,2.50024008750916,3.34432888031006,3.3522391616634377,7.9102813533777905
951.751067758424,2.49988031387329,3.34432888031006,3.352250151884001,7.92127157394118
952.765105166977,2.49988031387329,3.34449076652527,3.352264418458471,7.773651933201009
953.779083120477,2.49988031387329,3.34449076652527,3.3522784912850043,7.787724759734438
954.7930677980611,2.50024008750916,3.34481453895569,3.352295869505913,7.481330550223042
955.8071363497361,2.49988031387329,3.34481453895569,3.3523056319342683,7.4910929785785285
956.8208955935811,2.49988031387329,3.34481453895569,3.3523184785710622,7.503939615372435
957.83507491568,2.49988031387329,3.3449764251709,3.3523310484255187,7.354623254618442
958.848967225594,2.49988031387329,3.3449764251709,3.3523440975128938,7.367672341993536
959.8629837540981,2.50024008750916,3.34530019760132,3.3523610686263647,7.060871025044602
960.876915346814,2.49988031387329,3.34513831138611,3.352370919425159,7.2326080390490155
961.8909446156871,2.49988031387329,3.34530019760132,3.352383945988248,7.083748386927713
962.9048680687231,2.49988031387329,3.34530019760132,3.352396730959614,7.096533358293744
963.9189235261301,2.49988031387329,3.34546208381653,3.35240944054435,6.947356727819987
964.9328675053151,2.49988031387329,3.34562397003174,3.352422035508599,6.7980654768589055
965.946871647351,2.49988031387329,3.34562397003174,3.352434529612307,6.810559580566977
966.960819873325,2.49952030181885,3.34562397003174,3.3524434566162356,6.819486584495493
967.974849496097,2.49988031387329,3.34578609466553,3.352459614810027,6.673520144496958
968.988800553265,2.49988031387329,3.34594798088074,3.352472308854485,6.5243279737452475
970.0028365462201,2.49988031387329,3.34578609466553,3.3524852302470447,6.6991355815146925
971.0167667233401,2.50024008750916,3.34610986709595,3.352501961881973,6.392094786022984
972.030779005055,2.49988031387329,3.34627175331116,3.352510728179865,6.238974868705061
973.044724399837,2.49988031387329,3.34627175331116,3.352522419298308,6.250665987148185
974.058710846916,2.49988031387329,3.34627175331116,3.3525337820119474,6.262028700787514
975.0727125116571,2.49988031387329,3.34627175331116,3.352545383781032,6.27363046987206
976.0867042672231,2.49988031387329,3.34643363952637,3.352556873148924,6.123233622554292
977.100658863382,2.49988031387329,3.34659552574158,3.3525684944540117,5.972968712431914
978.114682823768,2.49988031387329,3.34675741195679,3.352580179658304,5.822767701513687
979.128641666716,2.49988031387329,3.346919298172,3.352591944358163,5.672646186162922
980.1426486399441,2.49988031387329,3.346919298172,3.3526038932939035,5.684595121903335
981.1566000510111,2.50024008750916,3.34708118438721,3.3526195670497523,5.538382662542141
982.1706141022221,2.49988031387329,3.34708118438721,3.352627539450373,5.5463550631627
983.1845885167311,2.49988031387329,3.34724307060242,3.352638504774841,5.395434172420721
984.1985930126651,2.49988031387329,3.34708118438721,3.3526491165119165,5.5679321247064095
985.212541946438,2.50024008750916,3.34740495681763,3.352663695454814,5.258738637183846
986.2265372409951,2.49988031387329,3.34740495681763,3.352671108742766,5.266151925135798
987.2404752038951,2.49988031387329,3.34740495681763,3.3526821283416255,5.2771715239954275
988.2545342002941,2.49988031387329,3.34756684303284,3.352693139952105,5.126296919264917
989.2684810106721,2.49988031387329,3.34772872924805,3.352704154206622,4.975424958571839
990.282432421739,2.49988031387329,3.34772872924805,3.352715025770025,4.986296521975131
991.29638206331,2.49988031387329,3.34789085388184,3.3527257993105404,4.834945428700443
992.3104580468661,2.49988031387329,3.34789085388184,3.3527364863601172,4.845632478277295
993.3244321074761,2.49988031387329,3.34805274009705,3.3527470845099656,4.694344412915719
994.3384146616651,2.49988031387329,3.34821462631226,3.3527575949263078,4.542968614047904
995.3523749202101,2.49952030181885,3.34805274009705,3.352764490423829,4.711750326779285
996.3663833090351,2.49988031387329,3.34837651252747,3.352778525332661,4.402012805191369
997.3803357817981,2.49988031387329,3.34821462631226,3.3527888970043267,4.57427069206684
998.3945359839461,2.49988031387329,3.34853839874268,3.3527992086476024,4.260809904922613
999.4086222305721,2.49988031387329,3.34853839874268,3.352809456287484,4.271057544804169
1000.4223138796921,2.49988031387329,3.34853839874268,3.3528196307495253,4.281232006845492
1001.436249365292,2.49988031387329,3.34870028495789,3.352829742821807,4.12945786391683
1002.450270848392,2.49988031387329,3.34870028495789,3.3528397908985483,4.13950594065815
1003.4642396005121,2.49988031387329,3.34870028495789,3.3528497736018776,4.149488643987453
1004.478241973052,2.49988031387329,3.3488621711731,3.352859674314829,3.997503141728753
1005.492199046502,2.49952030181885,3.3488621711731,3.3528657467146727,4.0035755415726015
1006.5062060197321,2.49988031387329,3.3488621711731,3.352878896487184,4.016725314083924
1007.5201715867621,2.49988031387329,3.34918594360352,3.352888322409282,3.7023788057619633
1008.5341725437021,2.49988031387329,3.34902405738831,3.352897625316515,3.873567928204924
1009.5481543901021,2.49952030181885,3.34918594360352,3.3529032634558815,3.717319852361456
1010.5621468534621,2.50024008750916,3.34934782981873,3.35291994919277,3.572119374040117
1011.576120914072,2.49988031387329,3.34950971603394,3.352925940212383,3.416224178443006
1012.590102052662,2.49988031387329,3.34967160224915,3.352935666758675,3.2640645095249887
1013.6041706043421,2.49988031387329,3.34950971603394,3.3529455685659975,3.4358525320574707
1014.6180501738821,2.49988031387329,3.34967160224915,3.352955515090676,3.283912841526071
1015.6320139714221,2.50024008750916,3.34983348846436,3.3529685797642883,3.135091299928394
1016.6460443019921,2.49988031387329,3.34983348846436,3.352974279847182,3.1407913828220835
1017.6600038527321,2.49952030181885,3.34999537467957,3.3529797704437865,2.9843957642166075
1018.6740210890421,2.49988031387329,3.34999537467957,3.352992218606515,2.996843926945214
1019.687969668912,2.49952030181885,3.34999537467957,3.3529975650267794,3.002190347209499
1020.7019819506321,2.50024008750916,3.35015749931335,3.353013736160048,2.8562368466977794
1021.715923098622,2.49988031387329,3.35015749931335,3.3530190909471753,2.8615916338252667
1022.729937149832,2.49988031387329,3.35015749931335,3.3530280391651033,2.870539851753229
1023.743914041632,2.49988031387329,3.35031938552856,3.353036933217348,2.71754768878818
1024.7579220765622,2.49988031387329,3.35031938552856,3.3530457913397673,2.726405811207311
1025.771838451612,2.49988031387329,3.35064315795898,3.353054626843393,2.411468884413015
1026.7858684282821,2.49988031387329,3.35048127174377,3.35306344623321,2.582174489440092
1027.7998371804122,2.49988031387329,3.35048127174377,3.3530721682944153,2.590896550645372
1028.813948907772,2.49988031387329,3.35064315795898,3.3530808025435728,2.437644584592835
1029.827794503002,2.50024008750916,3.3509669303894,3.353092945775997,2.1260153865969578
1030.841812801002,2.49988031387329,3.35080504417419,3.3530977988653627,2.292754691172849
1031.8557670432622,2.49988031387329,3.35080504417419,3.3531061889600617,2.301144785871845
1032.8697733086922,2.50024008750916,3.3509669303894,3.3531181051905734,2.15117480117355
1033.883722242472,2.49988031387329,3.35112881660461,3.353122745204649,1.9939286000392187
1034.897750449642,2.49988031387329,3.35112881660461,3.353130901363657,2.0020847590473956
1035.911704338002,2.49988031387329,3.35112881660461,3.353139052296315,2.010235691705109
1036.9256695511322,2.49988031387329,3.35129070281982,3.3531471919364417,1.856489116621507
1037.939675108772,2.50024008750916,3.35145258903503,3.3531589190525914,1.706330017561264
1038.953681374202,2.49988031387329,3.35161447525024,3.353163451445221,1.5489761949809555
1039.967640571042,2.49988031387329,3.35145258903503,3.3531715630181043,1.7189739830740791
1040.981658161242,2.49988031387329,3.35145258903503,3.3531796634859536,1.7270744509234603
1041.995603202132,2.50024008750916,3.35161447525024,3.3531913529439836,1.5768776937434836
1043.009603805172,2.49988031387329,3.35161447525024,3.353195837518634,1.5813622683937822
1044.023571849502,2.50024008750916,3.35177636146545,3.3532073826887037,1.431021223253559
1045.037580946122,2.49988031387329,3.35177636146545,3.353211610397462,1.4352489320117456
1046.0515564223322,2.49988031387329,3.35177636146545,3.3532193084138457,1.4429469483956403
1047.0655322524321,2.49988031387329,3.35193824768066,3.3532268594166306,1.2886117359705018
1048.079464906842,2.49988031387329,3.35193824768066,3.3532344731966703,1.2962255160102742
1049.093510808982,2.49988031387329,3.35210013389587,3.3532421091600315,1.1419752641614878
1050.107506811332,2.49988031387329,3.35226225852966,3.3532497570915223,0.98749856186231
1051.121479456352,2.49988031387329,3.35226225852966,3.353257434739876,0.9951762102158312
1052.1354379453921,2.49988031387329,3.35226225852966,3.3532649786297783,1.0027201001183705
1053.1494399640321,2.49952030181885,3.35226225852966,3.3532688259404146,1.0065674107546663
1054.163410485652,2.49988031387329,3.35242414474487,3.353279784732993,0.8556399881229915
1055.1774043646121,2.49988031387329,3.35258603096008,3.3532870433976467,0.701012437566817
1056.191375594032,2.49988031387329,3.35242414474487,3.3532943490148615,0.8702042699915147
1057.205385044552,2.49988031387329,3.35258603096008,3.3533016716373063,0.7156406772264035
1058.219334686122,2.50024008750916,3.35258603096008,3.3533126054483806,0.726574488300713
1059.233307685042,2.49988031387329,3.35258603096008,3.353316371597308,0.7303406372280996
1060.2473249213422,2.49988031387329,3.35274791717529,3.353323606047773,0.5756888724830489
1061.2613173847021,2.49988031387329,3.35274791717529,3.3533307463901636,0.5828292148737368
1062.2752702113721,2.49988031387329,3.3529098033905,3.353337796125342,0.42799273484206424
1063.2892775385021,2.49988031387329,3.3529098033905,3.353344742538521,0.434939148021396
1064.303274956452,2.49988031387329,3.35307168960571,3.3533517800066757,0.2800904009658822
1065.3172493709621,2.49988031387329,3.35307168960571,3.353358830271412,0.28714066570234564
1066.331210337302,2.49988031387329,3.35307168960571,3.3533658724053566,0.2941827996467694
1067.345219787822,2.49988031387329,3.35323357582092,3.3533729068382234,0.13933101730323472
1068.359162705312,2.50024008750916,3.35323357582092,3.3533833869267395,0.14981110581935297
1069.3731760487221,2.49988031387329,3.35323357582092,3.3533865834513983,0.15300763047809696
1070.387207087092,2.49988031387329,3.35339546203613,3.3533933035888066,-0.0021584473235414237
1071.401498949112,2.49988031387329,3.35323357582092,3.353399951183268,0.16637536234798134
1072.415467347332,2.49988031387329,3.35339546203613,3.3534064333413456,0.010971305215434768
1073.4291101583722,2.49988031387329,3.35339546203613,3.3534127901742528,0.017328138122607584
1074.443089527462,2.49988031387329,3.35355734825134,3.3534190341731884,-0.13831407815168006
1075.4570798674322,2.49952030181885,3.35339546203613,3.3534215631535753,0.0261011174451653
1076.471045434472,2.49988031387329,3.35371923446655,3.3534318642917245,-0.28737017482560745
1077.485045329712,2.50024008750916,3.35371923446655,3.3534424208103197,-0.2768136562303347
1078.499013374042,2.49988031387329,3.35371923446655,3.3534459785513935,-0.2732559151565894
1079.513011853692,2.49988031387329,3.35388112068176,3.3534533311631565,-0.42778951860356074
1080.5269823753122,2.49952030181885,3.35388112068176,3.3534564765509094,-0.4246441308506377
1081.5411885937422,2.50024008750916,3.35404300689697,3.3534701898736574,-0.5728170233125773
1082.555152745172,2.50024008750916,3.35404300689697,3.353476538581521,-0.5664683154491534
1083.569134945462,2.49988031387329,3.35404300689697,3.3534792458807527,-0.5637610162172457
1084.582923209032,2.49988031387329,3.35404300689697,3.353485783674239,-0.5572232227311069
1085.597114917602,2.50024008750916,3.35404300689697,3.3534959561762996,-0.5470507206704056
1086.611091455512,2.50024008750916,3.35420489311218,3.3535025639134464,-0.7023291987335867
1087.624862378022,2.49988031387329,3.35420489311218,3.3535053501882692,-0.6995429239107231
1088.6388544874922,2.50024008750916,3.35420489311218,3.3535151235242773,-0.6897695879026777
1089.6528430579622,2.49952030181885,3.35404300689697,3.353513969393659,-0.5290375033109029
1090.666816410772,2.50024008750916,3.35436677932739,3.353527106235609,-0.8396730917810125
1091.680811705332,2.49988031387329,3.35420489311218,3.3535295792159716,-0.6753138962083405
1092.6947896588322,2.50024008750916,3.35436677932739,3.3535392358584186,-0.8275434689712924
1093.708748501782,2.49988031387329,3.35452890396118,3.3535416852075723,-0.9872187536075216
1094.722758660102,2.50024008750916,3.35452890396118,3.3535512115085497,-0.97769245263013
1095.736745107182,2.49988031387329,3.35436677932739,3.353553359088656,-0.8134202387339862
1096.750717752192,2.49988031387329,3.35469079017639,3.353558994012261,-1.1317961641288399
1097.7646942901022,2.49988031387329,3.35452890396118,3.353564518642959,-0.9643853182210727
1098.7786754286922,2.49988031387329,3.35452890396118,3.353570453514194,-0.9584504469857258
1099.792676739532,2.49988031387329,3.35469079017639,3.3535765542671334,-1.1142359092564114
1100.806743875612,2.50024008750916,3.35469079017639,3.3535863895039193,-1.104400672470529
1101.820643263512,2.49988031387329,3.35469079017639,3.353588959083298,-1.1018310930919206
1102.8346176780221,2.49988031387329,3.3548526763916,3.3535946530894694,-1.2580233021304288
1103.8486073101922,2.49988031387329,3.3548526763916,3.353600173991396,-1.2525024002036922
1104.8625852636922,2.49988031387329,3.35501456260681,3.3536055216417293,-1.4090409650808766
1105.876569941272,2.50024008750916,3.3548526763916,3.3536148781290165,-1.2377982625833006
1106.8905570961522,2.49988031387329,3.3548526763916,3.3536173841819545,-1.2352922096452446
1107.9045318645622,2.49988031387329,3.35501456260681,3.35362367732785,-1.3908852789601411
1108.918523266222,2.50024008750916,3.35501456260681,3.35363364686529,-1.3809157415201057
1109.932516437392,2.49988031387329,3.35501456260681,3.3536357432812944,-1.3788193255157566
1110.9464501535022,2.49988031387329,3.35517644882202,3.353641226646834,-1.5352221751863127
1111.960475529482,2.50024008750916,3.35517644882202,3.3536500977691133,-1.5263510529068824
1112.9744471128022,2.49988031387329,3.35517644882202,3.353651803357903,-1.5246454641171248
1113.988450900932,2.50024008750916,3.35501456260681,3.3536606386652044,-1.353923941605828
1115.0024281466422,2.50024008750916,3.35533833503723,3.3536657927501383,-1.6725422870917939
1116.0164269801821,2.49952030181885,3.35533833503723,3.3536637718501243,-1.674563187105793
1117.030392901112,2.49988031387329,3.35533833503723,3.353672583021633,-1.665752015596933
1118.0443705007222,2.49988031387329,3.35517644882202,3.3536777908196087,-1.498658002411446
1119.0583442074321,2.49988031387329,3.35533833503723,3.3536830256472467,-1.6553093899833726
1120.0723412714822,2.49988031387329,3.35533833503723,3.353688322476533,-1.6500125606970784
1121.086330195852,2.49988031387329,3.35533833503723,3.353693653277334,-1.6446817598962937
1122.100278067932,2.49988031387329,3.35533833503723,3.353698998024765,-1.639337012464992
1123.1142783170721,2.49988031387329,3.35550022125244,3.353704267451615,-1.7959538008249787
1124.1282867059022,2.49988031387329,3.35533833503723,3.353709515245685,-1.6288197915450553
1125.142250857332,2.49988031387329,3.35566210746765,3.3537147411370634,-1.947366330586675
1126.156244382392,2.49988031387329,3.35550022125244,3.3537199455056155,-1.7802757468246
1127.170221982002,2.49988031387329,3.35566210746765,3.3537251831186112,-1.9369243490388044
1128.184200997192,2.50024008750916,3.35566210746765,3.353734189847159,-1.9279176204909376
1129.198194876152,2.49988031387329,3.35550022125244,3.3537360560290543,-1.7641652233857386
1130.212182384932,2.49988031387329,3.35566210746765,3.3537415747596437,-1.920532708006295
1131.226158568942,2.50024008750916,3.35566210746765,3.3537507460105256,-1.9113614571244497
1132.240144662122,2.50024008750916,3.35582399368286,3.35375621281862,-2.0677808642401985
1133.254075900932,2.49988031387329,3.35566210746765,3.3537577102781877,-1.9043971894623368
1134.2681097704922,2.49952030181885,3.35566210746765,3.353759083158558,-1.9030243090920607
1135.2820940941822,2.50024008750916,3.35598587989807,3.353771131065425,-2.2147488326451636
1136.296066385292,2.49988031387329,3.35582399368286,3.3537722606186917,-2.051733064168282
1137.3100804365022,2.50024008750916,3.35598587989807,3.3537804607348423,-2.2054191632276954
1138.324033970972,2.49988031387329,3.35598587989807,3.353781337482362,-2.2045424157077775
1139.338011570572,2.49988031387329,3.35582399368286,3.3537856872060785,-2.038306476781493
1140.352005095632,2.49952030181885,3.35598587989807,3.353786312006786,-2.199567891283838
1141.3659851725222,2.49952030181885,3.35598587989807,3.353790412002726,-2.19546789534375
1142.3799776358921,2.50024008750916,3.35614776611328,3.3538025339461908,-2.3452321670891507
1143.393944618522,2.49988031387329,3.35614776611328,3.353804113444227,-2.343652669052787
1144.408284610822,2.49988031387329,3.35614776611328,3.353809526982174,-2.338239131105979
1145.421927067952,2.50024008750916,3.35614776611328,3.353818768734058,-2.3289973792217644
1146.4359032519621,2.49988031387329,3.35614776611328,3.3538206348453596,-2.3271312679202794
1147.4498875756422,2.49988031387329,3.35614776611328,3.353825736567392,-2.3220295458878937
1148.463861636252,2.49988031387329,3.35630965232849,3.3538307615884304,-2.4788907400594695
1149.4778466677321,2.50024008750916,3.35614776611328,3.3538393077499826,-2.3084583632972944
1150.491752071912,2.49988031387329,3.35614776611328,3.353840396600519,-2.307369512760893
1151.505823100882,2.49988031387329,3.35630965232849,3.353844869066153,-2.4647832623370114
1152.5198152103521,2.49988031387329,3.35630965232849,3.353849162569311,-2.4604897591786745
1153.533788917062,2.49988031387329,3.35630965232849,3.3538533094847396,-2.456342843750292
1154.5477651010622,2.49988031387329,3.35630965232849,3.353857931626828,-2.451720701661664
1155.561726067412,2.49988031387329,3.35630965232849,3.353862657430988,-2.446994897501664
1156.575748612202,2.49988031387329,3.35630965232849,3.353867487262262,-2.4421650662280747
1157.5897347053822,2.50024008750916,3.3564715385437,3.3538759100113746,-2.5956285323252004
1158.6037052270021,2.49988031387329,3.35630965232849,3.3538769014764167,-2.4327508520731733
1159.617694505272,2.49988031387329,3.35663366317749,3.3538814280257365,-2.7522351517532684
1160.631669273682,2.49988031387329,3.3564715385437,3.353885891774076,-2.585646769623917
1161.6456581980522,2.49988031387329,3.3564715385437,3.353890358086511,-2.581180457188914
1162.659648538022,2.5006000995636,3.35663366317749,3.3539020475198242,-2.7316156576655537
1163.673616582342,2.49988031387329,3.3564715385437,3.3538993303270233,-2.572208216676586
1164.6876005521322,2.49988031387329,3.3564715385437,3.353903800247815,-2.5677382958848582
1165.7015933693922,2.50024008750916,3.35663366317749,3.3539118486516144,-2.721814525875388
1166.716047317212,2.50024008750916,3.35663366317749,3.3539162848855786,-2.71737829191121
1167.729550691992,2.49988031387329,3.35663366317749,3.353917104026683,-2.71655915080693
1168.7435304149922,2.49988031387329,3.35663366317749,3.353921510148012,-2.712153029477804
1169.757509076292,2.49952030181885,3.35663366317749,3.3539223281014925,-2.711335075997301
1170.771508971532,2.50024008750916,3.35663366317749,3.353933940861612,-2.699722315878006
1171.785500727102,2.49988031387329,3.35663366317749,3.353934754729707,-2.698908447782866
1172.799583434742,2.49988031387329,3.35663366317749,3.3539391634661215,-2.694499711368259
1173.8134676049722,2.49988031387329,3.35663366317749,3.35394357203311,-2.6900911443799025
1174.827438480492,2.49988031387329,3.35663366317749,3.3539480019945005,-2.6856611829892962
1175.841424219772,2.49988031387329,3.35663366317749,3.3539524377567154,-2.6812254207744246
1176.855406420062,2.49988031387329,3.35663366317749,3.353956879239347,-2.676783938142968
1177.869387558652,2.50024008750916,3.35663366317749,3.3539649241895657,-2.6687389879240797
1178.883372944042,2.49988031387329,3.35663366317749,3.3539657464442505,-2.667916733239295
1179.897356913822,2.49988031387329,3.35663366317749,3.3539700356429583,-2.663627534531532
1180.9113398219122,2.49988031387329,3.3567955493927,3.3539742777164174,-2.821271676282766
1181.925332993072,2.49988031387329,3.3567955493927,3.3539784727113617,-2.8170766813384596
1182.939301391302,2.49988031387329,3.3567955493927,3.353982620483856,-2.8129289088441034
1183.953287484482,2.49988031387329,3.3567955493927,3.353986764592301,-2.8087848003992555
1184.967257652202,2.49988031387329,3.3567955493927,3.353990992951264,-2.80455644143629
1185.981249407762,2.50024008750916,3.3567955493927,3.3539988253847692,-2.796724007930962
1186.9952213449822,2.49988031387329,3.3567955493927,3.353999468510834,-2.7960808818661143
1188.009234334492,2.49988031387329,3.3567955493927,3.354003715793317,-2.7918335993830645
1189.023152832942,2.49988031387329,3.3567955493927,3.3540079184218574,-2.7876309708427804
1190.037194488282,2.49988031387329,3.3567955493927,3.354012010484523,-2.7835389081771744
1191.051156870222,2.49988031387329,3.3567955493927,3.3540160582977765,-2.779491094923703
1192.0651794150122,2.49952030181885,3.3567955493927,3.3540164622989543,-2.779087093745858
1193.079102160252,2.49952030181885,3.35695743560791,3.354020422100069,-2.9370135078412574
1194.0931321369221,2.49988031387329,3.35711932182312,3.3540281038896143,-3.091217933505863
1195.107069745922,2.50024008750916,3.35695743560791,3.3540360420184787,-2.9213935894314425
1196.1210547774022,2.49988031387329,3.35711932182312,3.3540368781641483,-3.082443658971812
1197.135041932282,2.49952030181885,3.35695743560791,3.3540378052239115,-2.9196303839986726
1198.149048197712,2.49988031387329,3.35711932182312,3.354046025901815,-3.073295921304897
1199.1630286285022,2.50024008750916,3.35728120803833,3.3540540498878952,-3.227158150434839
1200.1770232152621,2.49988031387329,3.35711932182312,3.354054548403387,-3.0647734197333243
1201.1909710873422,2.49988031387329,3.35744309425354,3.3540585336512563,-3.3845606022837593
1202.205015573872,2.49988031387329,3.35728120803833,3.3540624084503112,-3.2187995880188502
1203.218927348242,2.49988031387329,3.35744309425354,3.3540661719301794,-3.3769223233606205
1204.232954847622,2.49988031387329,3.35728120803833,3.354069930569388,-3.2112774689418977
1205.2468924566222,2.49988031387329,3.35728120803833,3.354073704407463,-3.20750363086697
1206.2609291573722,2.49988031387329,3.35728120803833,3.3540774330880954,-3.203774950234717
1207.274843762932,2.49988031387329,3.35744309425354,3.3540811157995156,-3.361978454024417
1208.288881525382,2.49952030181885,3.35728120803833,3.3540812155844826,-3.1999924538475
1209.302885313522,2.49988031387329,3.35744309425354,3.3540889335861,-3.354160667440098
1210.316846633762,2.49952030181885,3.35728120803833,3.354089589071951,-3.191618966379206
1211.330825648962,2.49988031387329,3.35744309425354,3.354097582771662,-3.345511481878116
1212.3448181123222,2.49988031387329,3.35744309425354,3.354102114311553,-3.340979941987232
1213.358795711922,2.49988031387329,3.35760498046875,3.3541064385592083,-3.498541909541686
1214.3727793278122,2.50024008750916,3.35760498046875,3.35411419613462,-3.4907843341298594
1215.386728615482,2.49988031387329,3.35760498046875,3.3541147071849076,-3.4902732838424377
1216.4010997509022,2.49988031387329,3.35744309425354,3.3541187667384977,-3.3243275150423024
1217.414711772712,2.49988031387329,3.35744309425354,3.3541227827693527,-3.3203114841873216
1218.428678047542,2.49988031387329,3.35760498046875,3.3541267874714387,-3.4781929973113357
1219.4426556471421,2.49988031387329,3.35760498046875,3.354130757548401,-3.474222920349046
1220.456685269922,2.49952030181885,3.35760498046875,3.3541310930357957,-3.4738874329542924
1221.470628187402,2.49988031387329,3.35760498046875,3.354138593758606,-3.466386710143876
1222.484654271192,2.49988031387329,3.35760498046875,3.354142395839108,-3.462584629641885
1223.4986389487722,2.49988031387329,3.35760498046875,3.3541461235785373,-3.458856890212747
1224.512614424982,2.50024008750916,3.35776686668396,3.3541533851710574,-3.6134815129025277
1225.5265729140222,2.49988031387329,3.35792875289917,3.3541533873819303,-3.7753655172396705
1226.540583072342,2.49952030181885,3.35760498046875,3.3541533235401686,-3.4516569285814036
1227.554572350622,2.49988031387329,3.35776686668396,3.3541610972446705,-3.6057694392894746
1228.5685467651322,2.50024008750916,3.35776686668396,3.3541691330834933,-3.5977336004666682
1229.582450753712,2.49988031387329,3.35760498046875,3.3541701754166544,-3.434805052095591
1230.595853975042,2.49988031387329,3.35776686668396,3.3541750153128977,-3.5918513710622157
1231.6104880575122,2.50024008750916,3.35792875289917,3.354183661260772,-3.7450916383980903
1232.624493615142,2.49988031387329,3.35776686668396,3.354184052102589,-3.5828145813709966
1233.638429100752,2.49988031387329,3.35792875289917,3.354187774013631,-3.740978885538926
1234.6524629703122,2.49988031387329,3.35776686668396,3.354191259846882,-3.575606837078027
1235.666396332522,2.49988031387329,3.35776686668396,3.354194508919377,-3.5723577645829785
1236.680413214922,2.49988031387329,3.35792875289917,3.354198179603935,-3.7305732952348514
1237.694388691132,2.49988031387329,3.35776686668396,3.354202053974497,-3.564812709462739
1238.708396018262,2.49988031387329,3.35776686668396,3.354206015455116,-3.5608512288440863
1239.7223499066222,2.49988031387329,3.35776686668396,3.354210091873029,-3.556774810931085
1240.736311226862,2.49988031387329,3.35792875289917,3.354214392234194,-3.714360664976102
1241.7503235085821,2.49952030181885,3.35792875289917,3.3542152451527074,-3.7135077464625077
1242.764328004512,2.50024008750916,3.35792875289917,3.3542270484783123,-3.701704420857599
1243.7782723375922,2.50024008750916,3.35809063911438,3.3542313352935813,-3.8593038207985764
1244.792293820692,2.49988031387329,3.35792875289917,3.354231616057833,-3.697136841336768
1245.806317073272,2.49988031387329,3.35792875289917,3.3542352946861134,-3.693458213056555
1246.820253620582,2.49988031387329,3.35792875289917,3.354238777413092,-3.6899754860777456
1247.834195476372,2.49988031387329,3.35809063911438,3.354242193866557,-3.848445247822685
1248.8482187289621,2.49988031387329,3.35809063911438,3.354245469722217,-3.8451693921630614
1249.862153152862,2.49952030181885,3.35792875289917,3.354245004311154,-3.6837485880161225
1250.876174282062,2.49988031387329,3.35792875289917,3.354252527053177,-3.676225845993031
1251.890117553442,2.49988031387329,3.35809063911438,3.3542570464311723,-3.8335926832075984
1252.904151069112,2.50024008750916,3.35809063911438,3.354265593204936,-3.8250459094437694
1253.918123006322,2.49988031387329,3.35792875289917,3.3542665838598245,-3.6621690393454642
1254.9321119306921,2.50024008750916,3.35809063911438,3.3542740409211818,-3.8165981931981285
1255.946076789932,2.49988031387329,3.35809063911438,3.3542740073953636,-3.81663171901625
1256.9600763312721,2.49988031387329,3.35809063911438,3.354277748123133,-3.812890991246931
1257.974025265052,2.50024008750916,3.35825252532959,3.3542853623758457,-3.9671629537441078
1258.988052410532,2.49988031387329,3.35825252532959,3.3542858781579548,-3.966647171635085
1260.001978340852,2.49988031387329,3.35825252532959,3.3542898933247796,-3.9626320048102848
1261.016014333812,2.49988031387329,3.35809063911438,3.3542939000687917,-3.7967390455881933
1262.029967160472,2.49988031387329,3.35825252532959,3.3542979048006836,-3.954620528906272
1263.043988997472,2.49988031387329,3.35825252532959,3.3543019185885794,-3.950606741010443
1264.057948902112,2.49988031387329,3.35809063911438,3.3543059343814545,-3.784704732925359
1265.071947027862,2.49988031387329,3.35825252532959,3.354309965209027,-3.9425601205627103
1266.085925689162,2.49988031387329,3.35825252532959,3.3543140095334105,-3.9385157961793205
1267.0999347857821,2.49988031387329,3.3584144115448,3.3543180653915545,-4.096346153245278
1268.1138784110722,2.50024008750916,3.3584144115448,3.3543257301356175,-4.088681409182282
1269.127888569392,2.49988031387329,3.3584144115448,3.3543262110860206,-4.088200458779223
1270.1418428116522,2.49988031387329,3.3584144115448,3.3543302906006125,-4.084120944187308
1271.155847661482,2.49988031387329,3.35825252532959,3.354334376415772,-3.9181489138178094
1272.169819952602,2.49988031387329,3.35857629776001,3.3543384694295915,-4.237828330418747
1273.183820201742,2.49952030181885,3.3584144115448,3.3543389697657604,-4.0754417790394015
1274.197792138962,2.49988031387329,3.35857629776001,3.3543466775583624,-4.229620201647855
1275.211778586042,2.49988031387329,3.3584144115448,3.3543510022297798,-4.063409315020028
1276.2257211496221,2.49988031387329,3.3584144115448,3.354355420169367,-4.058991375432974
1277.239752187992,2.49952030181885,3.3584144115448,3.354356321369247,-4.05809017555292
1278.2537283720021,2.49988031387329,3.35857629776001,3.3543645055589377,-4.211792201072484
1279.267711280092,2.50024008750916,3.35857629776001,3.3543727617731824,-4.203535986827767
1280.281689587492,2.49988031387329,3.35857629776001,3.354373062062631,-4.203235697379348
1281.295670372182,2.49952030181885,3.35857629776001,3.354373156830073,-4.20314092993701
1282.3096532802722,2.49952030181885,3.35857629776001,3.354376648577567,-4.199649182443199
1283.323651759922,2.49988031387329,3.35857629776001,3.354383537346106,-4.19276041390404
1284.337629713422,2.49952030181885,3.35857629776001,3.3543831131960884,-4.193184563921815
1285.351614037102,2.49988031387329,3.35857629776001,3.3543909522587168,-4.185345501293458
1286.365585620422,2.49988031387329,3.35873818397522,3.354395433281969,-4.342750693250963
1287.379659126682,2.49988031387329,3.35873818397522,3.3544001569250668,-4.3380270501534035
1288.3935503749021,2.49988031387329,3.35857629776001,3.3544051218354927,-4.171175924517545
1289.407855685082,2.49988031387329,3.35857629776001,3.35440957537739,-4.166722382620058
1290.4215232690622,2.49988031387329,3.35873818397522,3.3544139295891484,-4.3242543860717575
1291.4355086544422,2.49988031387329,3.35873818397522,3.354418216388152,-4.3199675870679854
1292.449446971242,2.49988031387329,3.35890030860901,3.354422471880811,-4.477836728199236
1293.4634918116722,2.49952030181885,3.35873818397522,3.3544231551174355,-4.315028857784675
1294.477463041092,2.49988031387329,3.35890030860901,3.354431019678589,-4.4692889304212
1295.491434624402,2.49988031387329,3.35873818397522,3.354435265515728,-4.302918459492044
1296.5054132857022,2.49988031387329,3.35873818397522,3.3544395828051177,-4.298601170102501
1297.519420966732,2.49988031387329,3.35890030860901,3.354443949863998,-4.456358745012157
1298.533396089042,2.49988031387329,3.35890030860901,3.3544483493788704,-4.451959230139746
1299.547387844602,2.49988031387329,3.35873818397522,3.3544527787507237,-4.285405224496497
1300.5613512882421,2.49988031387329,3.35890030860901,3.3544572269786674,-4.443081630342682
1301.575354368582,2.49988031387329,3.35890030860901,3.3544617014444893,-4.438607164520825
1302.589331968182,2.49988031387329,3.35873818397522,3.3544662018613915,-4.271982113828621
1303.603296473512,2.49988031387329,3.35906219482422,3.3544707009736143,-4.5914938506057545
1304.6174938444722,2.49988031387329,3.35890030860901,3.3544751960503008,-4.425112558709365
1305.631273260562,2.49988031387329,3.35906219482422,3.3544796954453395,-4.582499378880556
1306.6452582920522,2.49988031387329,3.35922408103943,3.354484201924342,-4.739879115088108
1307.6592550022021,2.49988031387329,3.35890030860901,3.354488714627379,-4.411593981631157
1308.6732414492822,2.49988031387329,3.35906219482422,3.3544932576126625,-4.5689372115576
1309.687209493602,2.49988031387329,3.35906219482422,3.3544978263676515,-4.564368456568602
1310.701363688872,2.49988031387329,3.35890030860901,3.354502414036336,-4.397894572674144
1311.715179202672,2.49952030181885,3.35906219482422,3.3545034181199407,-4.558776704279399
1312.7291713121422,2.49988031387329,3.35906219482422,3.354511641315878,-4.550553508341881
1313.743141125962,2.49988031387329,3.35906219482422,3.3545161626827382,-4.546032141481859
1314.7570897058322,2.49988031387329,3.35906219482422,3.3545206222589976,-4.541572565222474
1315.7711094194322,2.49988031387329,3.35906219482422,3.354525047075709,-4.537147748511217
1316.7850820644421,2.49988031387329,3.35906219482422,3.3545294366158296,-4.532758208390497
1317.799173973462,2.49952030181885,3.35906219482422,3.3545301914751326,-4.532003349087432
1318.813064867772,2.50024008750916,3.35922408103943,3.354542101918008,-4.681979121421875
1319.827057331142,2.49988031387329,3.35906219482422,3.354543395411293,-4.518799412926988
1320.841020066982,2.49988031387329,3.35922408103943,3.354548410187562,-4.675670851868041
1321.855012176442,2.49988031387329,3.35922408103943,3.354553548802687,-4.670532236743075
1322.869001100822,2.49988031387329,3.35922408103943,3.3545588110964633,-4.665269942966788
1323.882977992622,2.49988031387329,3.35922408103943,3.3545637865482862,-4.660294491143802
1324.896984965852,2.49988031387329,3.35922408103943,3.3545687069941885,-4.655374045241523
1325.910899217512,2.49988031387329,3.35922408103943,3.354573599230585,-4.650481808845086
1326.924930609772,2.49988031387329,3.35922408103943,3.3545784642690806,-4.64561677034947
1327.938914225662,2.49988031387329,3.35938596725464,3.354583301315598,-4.8026659390418835
1328.952888640172,2.49988031387329,3.35922408103943,3.354588464841409,-4.635616198020998
1329.9668442980221,2.49988031387329,3.35938596725464,3.354593722386329,-4.792244868311091
1330.980849855662,2.49988031387329,3.35922408103943,3.354599072674534,-4.62500836489621
1331.994844088522,2.49988031387329,3.35922408103943,3.354604515388258,-4.619565651172053
1333.008830181702,2.50024008750916,3.35938596725464,3.3546136158836704,-4.772351370969652
1334.0228191060721,2.50024008750916,3.35938596725464,3.3546186240468585,-4.767343207781494
1335.036791751082,2.50024008750916,3.35938596725464,3.3546235200923475,-4.76244716229246
1336.0507856300421,2.49988031387329,3.35938596725464,3.354624706464096,-4.761260790544064
1337.064727839732,2.49988031387329,3.35938596725464,3.3546293782959,-4.756588958739982
1338.078742952642,2.49988031387329,3.35938596725464,3.354634006666897,-4.751960587742854
1339.092731523122,2.49952030181885,3.35938596725464,3.3546354853508396,-4.750481903800452
1340.106724340382,2.50024008750916,3.35954785346985,3.354647853629571,-4.899999840279001
1341.120689907412,2.50024008750916,3.35938596725464,3.354653115505016,-4.732851749623901
1342.1346675070122,2.49988031387329,3.35938596725464,3.354654871299513,-4.731095955126996
1343.148661739872,2.49988031387329,3.35954785346985,3.3546603263138106,-4.887527156039351
1344.1626517259422,2.49988031387329,3.35970973968506,3.3546658818725352,-5.043857812524699
1345.1766286177522,2.49988031387329,3.35954785346985,3.354671534452659,-4.876319017190767
1346.1906097563422,2.49988031387329,3.35970973968506,3.3546772841495818,-5.032455535478153
1347.2046160217722,2.50024008750916,3.35954785346985,3.3546865792073746,-4.861274262475401
1348.218556108062,2.50024008750916,3.35970973968506,3.3546917835068046,-5.0179561782552895
1349.2325584806022,2.49988031387329,3.35970973968506,3.354693238991381,-5.016500693678871
1350.2465647460322,2.49988031387329,3.35970973968506,3.3546981408279986,-5.011598857061372
1351.2605260662722,2.49952030181885,3.35954785346985,3.3546992909328583,-4.8485625369916185
1352.274518175742,2.50024008750916,3.35987162590027,3.354711818183914,-5.159807716355935
1353.2884986065321,2.49988031387329,3.35970973968506,3.354713869009325,-4.995870675735148
1354.302456033892,2.49988031387329,3.35987162590027,3.354719705553348,-5.151920346921912
1355.316326402052,2.49988031387329,3.35987162590027,3.3547257296802795,-5.145896219990398
1356.330433174832,2.49988031387329,3.35987162590027,3.354731551731418,-5.140074168851871
1357.344376446222,2.50024008750916,3.35987162590027,3.3547408953808717,-5.130730519398163
1358.358417747662,2.49988031387329,3.35970973968506,3.3547430350563734,-4.966704628686536
1359.372401717452,2.49988031387329,3.35987162590027,3.3547488056763344,-5.122820223935509
1360.386376485862,2.49988031387329,3.35987162590027,3.354754769651606,-5.116856248664092
1361.4006598543021,2.49988031387329,3.36003351211548,3.354760823397491,-5.272688717989027
1362.414548271322,2.50024008750916,3.36019539833069,3.354770560439975,-5.424837890714684
1363.428547104872,2.49988031387329,3.36003351211548,3.3547729815843756,-5.260530531104202
1364.4423081182122,2.49988031387329,3.35987162590027,3.3547788397397533,-5.09278616051656
1365.456303058872,2.50024008750916,3.36003351211548,3.354788229313327,-5.245282802152751
1366.470266502502,2.49988031387329,3.36019539833069,3.3547903617262143,-5.405036604475555
1367.4728595213521,2.49952030181885,3.35987162590027,3.35479254952605,-5.079076374219671
1368.482635630612,2.49988031387329,3.36019539833069,3.3548019955867416,-5.393402743948172
1369.4965973047522,2.49988031387329,3.36003351211548,3.3548078824732044,-5.2256296422754644
1370.510544115132,2.49988031387329,3.36003351211548,3.354813845949378,-5.2196661661017
1371.5246024037322,2.50024008750916,3.36019539833069,3.354823553528122,-5.3718448025676935
1372.538535765942,2.49952030181885,3.36003351211548,3.3548225507595344,-5.210961355945454
1373.5525561873421,2.49988031387329,3.36003351211548,3.3548324325047294,-5.201079610750448
1374.566517153682,2.49988031387329,3.36019539833069,3.354838790093614,-5.356608237075733
1375.580520234022,2.49988031387329,3.36003351211548,3.354845224004309,-5.188288111170891
1376.5945017265121,2.50024008750916,3.3603572845459,3.354855330909615,-5.501953636285251
1377.608637165122,2.49988031387329,3.36019539833069,3.354858280883762,-5.337117446927664
1378.6224848837421,2.49988031387329,3.36003351211548,3.3548647053774276,-5.168806738052201
1379.636451158572,2.49988031387329,3.3603572845459,3.3548710483427793,-5.486236203120942
1380.650402569642,2.49988031387329,3.3603572845459,3.354877275585085,-5.48000896081513
1381.664395386902,2.49988031387329,3.36019539833069,3.354883582925349,-5.3118154053408695
1382.6783885580621,2.49988031387329,3.36019539833069,3.3548900629024554,-5.3053354282344145
1383.6923990702821,2.49988031387329,3.3603572845459,3.3548966626058285,-5.460621940071686
1384.7063363253922,2.49988031387329,3.3603572845459,3.354903408041397,-5.453876504503352
1385.7203624091721,2.49988031387329,3.36019539833069,3.3549102229923307,-5.285175338359149
1386.7343290378922,2.50024008750916,3.36051917076111,3.354920763659945,-5.598407101165215
1387.748328225342,2.49988031387329,3.3603572845459,3.354924250199361,-5.4330343465394115
1388.7622672499422,2.50024008750916,3.36051917076111,3.354934910935629,-5.584259825481386
1389.776287671332,2.49988031387329,3.36051917076111,3.3549381067052466,-5.5810640558635605
1390.790232358322,2.49988031387329,3.36051917076111,3.3549447044810923,-5.574466280017898
1391.804355764362,2.49988031387329,3.36051917076111,3.3549510467222015,-5.568124038908717
1392.818194281602,2.49988031387329,3.36051917076111,3.3549577280376046,-5.561442723505561
1393.832227797272,2.49988031387329,3.36051917076111,3.3549645603280327,-5.554610433077478
1394.8461905331021,2.49952030181885,3.36051917076111,3.35496786460059,-5.551306160520131
1395.8601812269721,2.49988031387329,3.36051917076111,3.354978415126077,-5.54075563503309
1396.874156703182,2.49988031387329,3.36051917076111,3.3549853316325184,-5.533839128591733
1397.888165092002,2.49988031387329,3.36068105697632,3.3549922690262455,-5.6887879500746585
1398.902100223712,2.49952030181885,3.36051917076111,3.3549956264591123,-5.5235443019978625
1399.916116044422,2.49988031387329,3.36068105697632,3.355006487999425,-5.674568976895333
1400.930092936222,2.50024008750916,3.36051917076111,3.3550176701673813,-5.501500593728892
1401.9441048640422,2.49988031387329,3.36068105697632,3.355021874885295,-5.659182091025006
1402.9580449503321,2.49988031387329,3.36068105697632,3.355029848211282,-5.651208765037996
1403.9720147641522,2.49988031387329,3.36068105697632,3.3550373123171964,-5.643744659123762
1404.9860146594021,2.49988031387329,3.36068105697632,3.3550446686732163,-5.6363883031038675
1406.000021278732,2.49988031387329,3.36068105697632,3.3550519171040127,-5.629139872307398
1407.013993215942,2.49988031387329,3.36068105697632,3.3550593084363944,-5.621748539925697
1408.027987802702,2.49988031387329,3.36068105697632,3.355067050224895,-5.6140067514252046
1409.041956200932,2.49988031387329,3.36068105697632,3.35507493900433,-5.606117971990177
1410.055970252142,2.49988031387329,3.36068105697632,3.3550829753378726,-5.59808163844755
1411.0698565457722,2.49988031387329,3.36068105697632,3.3550907787016446,-5.590278274675509
1412.0839236818422,2.50024008750916,3.36084294319153,3.3551021007224384,-5.740842469091678
1413.097878278002,2.49988031387329,3.36068105697632,3.3551061831006694,-5.574873875650699
1414.1118817122422,2.49988031387329,3.36084294319153,3.355113951028373,-5.728992163156921
1415.125815428352,2.49988031387329,3.36084294319153,3.355122138503351,-5.7208046881789265
1416.1398648694721,2.49988031387329,3.36084294319153,3.355130512968482,-5.712430223048237
1417.153807079162,2.50024008750916,3.36100506782532,3.3551426703211917,-5.862397504128314
1418.167820422572,2.49952030181885,3.36084294319153,3.355143911278569,-5.699031912961061
1419.181778557722,2.50024008750916,3.36116695404053,3.3551594267160856,-6.007527324444428
1420.195794378432,2.49952030181885,3.36100506782532,3.355160527920275,-5.844539905044854
1421.2097539291822,2.50024008750916,3.36100506782532,3.3551759992343375,-5.8290685909825335
1422.223761610202,2.49988031387329,3.36100506782532,3.355180585542822,-5.824482282497989
1423.237730008432,2.49952030181885,3.36100506782532,3.355185118106313,-5.819949719007234
1424.252047705082,2.49988031387329,3.36116695404053,3.355196802643345,-5.970151397185042
1425.265683084242,2.49988031387329,3.36100506782532,3.355205041103056,-5.800026722264207
1426.279681209992,2.49988031387329,3.36116695404053,3.3552135864975097,-5.953367543020338
1427.297267165002,2.50024008750916,3.36116695404053,3.3552259111613334,-5.941042879196612
1428.307671445202,2.49988031387329,3.36116695404053,3.355231128724922,-5.935825315607879
1429.321614008792,2.49952030181885,3.36116695404053,3.355236607417414,-5.9303466231162005
1430.335629829502,2.49988031387329,3.36116695404053,3.3552494835004647,-5.917470540065306
1431.3495610683121,2.50024008750916,3.36132884025574,3.35526254689294,-6.066293362799957
1432.3635967073722,2.50024008750916,3.36132884025574,3.355271934657849,-6.05690559789096
1433.377541748252,2.49988031387329,3.36132884025574,3.355277056832882,-6.051783422857948
1434.391558276762,2.49988031387329,3.36132884025574,3.3552855372313863,-6.04330302435363
1435.405875973412,2.49988031387329,3.36116695404053,3.3552937799054754,-5.873174135054615
1436.419518430552,2.49988031387329,3.36132884025574,3.3553025974816784,-6.026242774061608
1437.433459224642,2.49988031387329,3.36132884025574,3.3553119406296465,-6.016899626093419
1438.447505126772,2.49988031387329,3.36132884025574,3.3553215686919216,-6.007271563818417
1439.461451583252,2.49988031387329,3.36132884025574,3.3553312436711598,-5.9975965845802115
1440.475450770702,2.49988031387329,3.36149072647095,3.355340764167107,-6.149962303843015
1441.489398996672,2.49988031387329,3.36149072647095,3.3553503092236663,-6.140417247283647
1442.503423664862,2.49988031387329,3.36149072647095,3.3553599257314812,-6.1308007394687
1443.5173902935921,2.49988031387329,3.36149072647095,3.355369635855644,-6.1210906153057465
1444.531387357642,2.49988031387329,3.36149072647095,3.355379416627344,-6.111309843606083
1445.545338414812,2.49988031387329,3.36149072647095,3.3553893897687534,-6.10133670219648
1446.559349280922,2.49988031387329,3.36149072647095,3.35539958085382,-6.091145617129978
1447.573303169282,2.49988031387329,3.36165261268616,3.355409944485405,-6.2426682007550305
1448.587339516142,2.49988031387329,3.36149072647095,3.355420482095211,-6.070244375738998
1449.601290573312,2.50024008750916,3.36181449890137,3.3554347896756753,-6.37970922569453
1450.6152802054821,2.50024008750916,3.36181449890137,3.3554451718923226,-6.369327009047243
1451.6292613440721,2.49988031387329,3.36181449890137,3.355451740025627,-6.362758875742891
1452.643258762022,2.49988031387329,3.36181449890137,3.3554618385345045,-6.352660366865326
1453.657221143962,2.49988031387329,3.36165261268616,3.3554718691734133,-6.180743512746556
1454.671213961232,2.49988031387329,3.36165261268616,3.3554818325904905,-6.170780095669404
1455.6851568787122,2.49988031387329,3.36165261268616,3.3554922470045914,-6.160365681568525
1456.699192517772,2.49988031387329,3.36181449890137,3.3555029244285897,-6.31157447278019
1457.7131630393922,2.49988031387329,3.36165261268616,3.3555137587636112,-6.138853922548648
1458.727170012622,2.49988031387329,3.36181449890137,3.355524751088245,-6.2897478131249684
1459.741118238592,2.49988031387329,3.36181449890137,3.355535812543397,-6.278686357972685
1460.7551241501221,2.50024008750916,3.36181449890137,3.3555505302446194,-6.263968656750496
1461.769084054772,2.50024008750916,3.36181449890137,3.3555617489735683,-6.25274992780156
1462.783095274792,2.49988031387329,3.36197638511658,3.3555694698078233,-6.406915308756478
1463.797175859032,2.49988031387329,3.36181449890137,3.3555808732146866,-6.233625686683286
1464.811051181792,2.49988031387329,3.36181449890137,3.3555923443499265,-6.222154551443371
1465.825035505472,2.49988031387329,3.36197638511658,3.355603901355514,-6.372483761065695
1466.8389819619522,2.49988031387329,3.36181449890137,3.3556155425664094,-6.1989563349604815
1467.852989642982,2.49988031387329,3.36197638511658,3.3556273146539075,-6.349070462672302
1468.866990953822,2.49988031387329,3.36197638511658,3.355639340612959,-6.337044503620604
1469.880956874752,2.49988031387329,3.36213827133179,3.3556515258755506,-6.486745456239618
1470.8949578316922,2.49988031387329,3.36197638511658,3.3556638712879345,-6.312513828645283
1471.908917028542,2.49988031387329,3.36197638511658,3.3556763759135344,-6.300009203045409
1472.922927894662,2.50024008750916,3.36213827133179,3.3556924657565417,-6.445805575248542
1473.9369104488521,2.49988031387329,3.36213827133179,3.3557010573732104,-6.437213958579768
1474.9508802626722,2.49988031387329,3.36197638511658,3.3557132142811326,-6.2631708354472515
1475.964861755162,2.49988031387329,3.36213827133179,3.3557253390367703,-6.412932295019935
1476.9788528029321,2.49988031387329,3.36213827133179,3.35573743161372,-6.400839718070372
1477.9927996133122,2.49952030181885,3.36213827133179,3.3557462090680845,-6.3920622637057
1479.006829589982,2.49952030181885,3.36213827133179,3.3557592163793624,-6.379054952427854
1480.0207923258222,2.49952030181885,3.362300157547,3.3557724804678406,-6.527677079159577
1481.034748691472,2.49988031387329,3.362300157547,3.3557896022222837,-6.510555324716449
1482.048763450482,2.49988031387329,3.362300157547,3.355803382285086,-6.496775261914056
1483.062762284032,2.49988031387329,3.362300157547,3.3558166621771104,-6.483495369889791
1484.076745899912,2.49988031387329,3.362300157547,3.3558298941040223,-6.470263442977853
1485.090721376122,2.49988031387329,3.362300157547,3.3558430956076255,-6.457061939374675
1486.104695436732,2.49952030181885,3.362300157547,3.3558526666553483,-6.447490891651864
1487.118702409962,2.49988031387329,3.36246204376221,3.355870228116475,-6.591815645735188
1488.132659837312,2.49988031387329,3.36246204376221,3.355884510049438,-6.577533712772254
1489.146620095862,2.49988031387329,3.36262392997742,3.3558990988098225,-6.724831167597589
1490.1606359165621,2.49988031387329,3.36262392997742,3.3559139951828185,-6.70993479460158
1491.174632272822,2.50024008750916,3.36262392997742,3.3559324243849153,-6.691505592504754
1492.188587222872,2.49988031387329,3.362300157547,3.3559438079428285,-6.3563496041716405
1493.202601981882,2.49952030181885,3.36246204376221,3.3559553452001136,-6.506698562096513
1494.2165763963922,2.50024008750916,3.36262392997742,3.3559778291733946,-6.646100804025501
1495.230557181092,2.50024008750916,3.36262392997742,3.3559932561617365,-6.630673815683608
1496.2445209786222,2.49988031387329,3.36262392997742,3.356005232800779,-6.618697176641319
1497.258528659652,2.50024008750916,3.36262392997742,3.3560245532404425,-6.599376736977636
1498.2725020124622,2.49988031387329,3.36262392997742,3.356036607923301,-6.587322054119049
1499.2864987226121,2.49988031387329,3.36278581619263,3.3560522403685837,-6.733575824046323
1500.300439516712,2.49988031387329,3.36262392997742,3.356067894965681,-6.55603501173907
1501.3144057915422,2.49952030181885,3.36262392997742,3.356079972849728,-6.543957127691957
1502.328431521422,2.49988031387329,3.36262392997742,3.356099274910561,-6.524655066859175
1503.342416552902,2.49988031387329,3.36294770240784,3.3561153798228753,-6.83232258496469
1504.3563385903421,2.49988031387329,3.36278581619263,3.3561317085031575,-6.65410768947261
1505.370389447062,2.50024008750916,3.36278581619263,3.3561518121036955,-6.634004088934553
1506.384356075792,2.49988031387329,3.36278581619263,3.356164893959161,-6.620922233468995
1507.398688636212,2.49952030181885,3.36278581619263,3.356178263929711,-6.607552262919203
1508.412342418112,2.49988031387329,3.36278581619263,3.3561992201782327,-6.586596014397372
1509.4263260340022,2.49988031387329,3.36294770240784,3.356216862470712,-6.730839937127975
1510.4402894776422,2.49988031387329,3.36278581619263,3.356234784966444,-6.551031226186055
1511.454244781592,2.49988031387329,3.36294770240784,3.356252987866363,-6.694714541477076
1512.468268034182,2.49988031387329,3.36294770240784,3.356271288928973,-6.676413478866827
1513.482253065662,2.49988031387329,3.36294770240784,3.3562897994948813,-6.6579029129587575
1514.4962391588422,2.49988031387329,3.36294770240784,3.3563085221208535,-6.639180286986512
1515.5102181740422,2.49988031387329,3.36294770240784,3.3563274566547086,-6.620245753131471
1516.524190465162,2.50024008750916,3.36310982704163,3.356349977726905,-6.759849314724953
1517.5381857597122,2.49988031387329,3.36310982704163,3.3563652070844627,-6.744619957167242
1518.5522097201022,2.49988031387329,3.36294770240784,3.3563840840602834,-6.563618347556588
1519.566153699282,2.50024008750916,3.36310982704163,3.356406606628057,-6.703220413573074
1520.580141208062,2.49952030181885,3.36310982704163,3.3564184338272014,-6.691393214428576
1521.594136856522,2.50024008750916,3.36327171325684,3.35644528018481,-6.826433072030014
1522.608110917132,2.49988031387329,3.36327171325684,3.3564617440392026,-6.809969217637324
1523.6220924096222,2.49988031387329,3.36327171325684,3.3564822849015763,-6.789428355263638
1524.6360671780321,2.49988031387329,3.36310982704163,3.356503370364527,-6.606456677102912
1525.650041238642,2.49952030181885,3.36310982704163,3.356521046003417,-6.588781038213032
1526.664033348102,2.49988031387329,3.36327171325684,3.3565460603775428,-6.7256528792971615
1527.678011301602,2.49988031387329,3.36327171325684,3.3565677477783136,-6.703965478526364
1528.692016151442,2.49988031387329,3.36343359947205,3.3565896982302714,-6.843901241778472
1529.706000475122,2.49988031387329,3.36343359947205,3.3566118342817983,-6.821765190251572
1530.7199571946721,2.49988031387329,3.36343359947205,3.3566341304732092,-6.799468998840652
1531.733942933962,2.49988031387329,3.36343359947205,3.3566565820887093,-6.777017383340578
1532.747936105122,2.49988031387329,3.36343359947205,3.356679164870472,-6.754434601577763
1533.761919721012,2.49988031387329,3.36327171325684,3.3567019420270485,-6.56977122979141
1534.775898028402,2.49988031387329,3.36343359947205,3.356724900077855,-6.708699394194717
1535.789886598882,2.49988031387329,3.36343359947205,3.3567480136642107,-6.685585807839178
1536.804063443682,2.49952030181885,3.36359548568726,3.3567676797039727,-6.8278059832871385
1537.817859139142,2.50024008750916,3.36359548568726,3.356798883413371,-6.7966022738890075
1538.8318378004421,2.49988031387329,3.36343359947205,3.356820043526463,-6.613555945587102
1539.845822831922,2.49988031387329,3.36343359947205,3.3568455516055886,-6.588047866461277
1540.859808925102,2.50024008750916,3.36359548568726,3.356875508521307,-6.719977165952962
1541.873781570112,2.49988031387329,3.36375737190247,3.3568977335987786,-6.8596383036911845
1542.887759877512,2.50024008750916,3.36375737190247,3.3569268452729024,-6.830526629567402
1543.901752340882,2.49952030181885,3.36359548568726,3.3569448806228945,-6.6506050643653225
1544.915733479472,2.49988031387329,3.36375737190247,3.3569738850360906,-6.783486866379196
1545.929711432972,2.49988031387329,3.36375737190247,3.3570009510154066,-6.756420887063186
1546.9436985878522,2.49988031387329,3.36375737190247,3.357028685956747,-6.728685945722734
1547.957679018642,2.50024008750916,3.36375737190247,3.3570605715516,-6.696800350869836
1548.971677144392,2.49988031387329,3.36391925811768,3.3570848013507137,-6.834456766966035
1549.9856575751921,2.49988031387329,3.36375737190247,3.357112734084828,-6.644637817641907
1550.9996334052921,2.50024008750916,3.36391925811768,3.3571443764979327,-6.774881619747042
1552.013571368192,2.49988031387329,3.36391925811768,3.357168955188986,-6.750302928693941
1553.027600283172,2.49952030181885,3.36391925811768,3.3571936549706898,-6.72560314699
1554.041581421762,2.49988031387329,3.36408114433289,3.3572260602381307,-6.855084094759434
1555.055578839712,2.49988031387329,3.36391925811768,3.3572559435020253,-6.663314615654503
1556.069542637252,2.49988031387329,3.36391925811768,3.3572865204323166,-6.63273768536321
1557.083529438232,2.49988031387329,3.36408114433289,3.357317436860012,-6.763707472878355
1558.097529333472,2.49988031387329,3.36408114433289,3.3573484704335965,-6.732673899293662
1559.111512241562,2.49988031387329,3.36408114433289,3.3573798220975553,-6.701322235334928
1560.125484178772,2.49988031387329,3.36408114433289,3.3574114182208983,-6.669726111991903
1561.1394451451222,2.49952030181885,3.36408114433289,3.3574396894062515,-6.641454926638701
1562.153444686462,2.49988031387329,3.36408114433289,3.357475627913051,-6.605516419839308
1563.167400344322,2.49952030181885,3.36408114433289,3.3575051277446493,-6.576016588240918
1564.181414395532,2.49988031387329,3.3642430305481,3.3575424136613665,-6.7006168867336235
1565.195412875182,2.49988031387329,3.3642430305481,3.3575766876567004,-6.666342891399779
1566.209374549322,2.49988031387329,3.3642430305481,3.357611562946829,-6.6314676012710905
1567.223362058102,2.50024008750916,3.3642430305481,3.357650630753843,-6.592399794257187
1568.237360537752,2.50024008750916,3.3642430305481,3.3576865922876507,-6.556438260449493
1569.251343091942,2.49988031387329,3.3642430305481,3.357718714735213,-6.524315812887149
1570.265314675252,2.49988031387329,3.36440491676331,3.357754605033144,-6.65031173016617
1571.279297583342,2.49988031387329,3.36440491676331,3.357790673236228,-6.614243527081953
1572.2932942934922,2.49988031387329,3.36440491676331,3.3578274988560515,-6.577417907258631
1573.307257029332,2.50024008750916,3.36440491676331,3.357868376513922,-6.53654024938799
1574.3212133949921,2.49988031387329,3.36440491676331,3.357902510411548,-6.502406351762247
1575.3352405404721,2.49952030181885,3.36440491676331,3.3579370782623466,-6.467838500963552
1576.349212831582,2.49952030181885,3.36440491676331,3.3579756876367215,-6.429229126588609
1577.363198216962,2.49988031387329,3.36456680297852,3.3580184592772326,-6.548343701287429
1578.377181478952,2.50024008750916,3.36440491676331,3.3580620020498553,-6.342914713454828
1579.391558276762,2.50024008750916,3.36456680297852,3.358102602471593,-6.464200506926865
1580.405524197692,2.49988031387329,3.36456680297852,3.358140228329426,-6.426574649093908
1581.4191422357821,2.49988031387329,3.36456680297852,3.3581820769393302,-6.384726039189825
1582.4331056794222,2.49988031387329,3.36456680297852,3.3582244180585943,-6.342384919925781
1583.447097434992,2.50024008750916,3.36472868919373,3.358270700446588,-6.457988747142096
1584.461083174272,2.50024008750916,3.36472868919373,3.3583138900288927,-6.414799164837337
1585.475028569052,2.49988031387329,3.36456680297852,3.3583539853086903,-6.212817669829729
1586.4890709321921,2.49988031387329,3.36472868919373,3.358398228042217,-6.330461151513145
1587.5030364992222,2.50024008750916,3.36489057540894,3.3584466623986375,-6.443913010302449
1588.517020115112,2.49988031387329,3.36456680297852,3.3584884525390986,-6.078350439421509
1589.530996299112,2.49988031387329,3.36489057540894,3.3585343905407545,-6.356184868185455
1590.5449862851822,2.49988031387329,3.36472868919373,3.358580849358829,-6.147839834901081
1591.558964946482,2.50024008750916,3.36489057540894,3.3586313745697542,-6.259200839185741
1592.5729400687921,2.49988031387329,3.36489057540894,3.3586752158329154,-6.215359576024593
1593.586938548442,2.49988031387329,3.36472868919373,3.3587231676307403,-6.005521562989724
1594.6009221643221,2.49952030181885,3.36489057540894,3.358768155841254,-6.122419567685888
1595.6149064880121,2.49988031387329,3.36489057540894,3.3588212583297463,-6.06931707919367
1596.628838080722,2.49988031387329,3.36489057540894,3.358871456142111,-6.019119266829076
1597.6428623950121,2.49952030181885,3.36489057540894,3.3589187565207235,-5.971818888216518
1598.6568375173222,2.49988031387329,3.36505246162415,3.358973923041627,-6.078538582523052
1599.670829272882,2.49988031387329,3.36505246162415,3.3590260723857015,-6.0263892384484485
1600.6847799761522,2.50024008750916,3.36505246162415,3.3590824631156186,-5.9699985085313045
1601.6987996897521,2.49952030181885,3.36505246162415,3.359128707659054,-5.923753965095813
1602.7127702113721,2.49988031387329,3.36521434783936,3.359186392983524,-6.027954855835738
1603.726755242852,2.49988031387329,3.36521434783936,3.3592411228272097,-5.973225012150252
1604.740720455982,2.49988031387329,3.36521434783936,3.359296496529678,-5.917851309682032
1605.754728137012,2.49988031387329,3.36521434783936,3.3593525175140577,-5.861830325302186
1606.768669285002,2.49988031387329,3.36521434783936,3.359409190923033,-5.805156916327103
1607.782661040572,2.49988031387329,3.36521434783936,3.3594665838162165,-5.747764023143365
1608.796748702792,2.49988031387329,3.36537647247314,3.359524657948938,-5.851814524202137
1609.810668970742,2.50024008750916,3.36537647247314,3.3595869959075473,-5.78947656559281
1610.8246426774522,2.49988031387329,3.36537647247314,3.359642817928327,-5.733654544813227
1611.8386351408121,2.49988031387329,3.36537647247314,3.3597029224174935,-5.673550055646626
1612.8525869057821,2.49988031387329,3.36537647247314,3.359763705630178,-5.612766842962191
1613.8665995413921,2.49988031387329,3.36553835868835,3.3598251747311836,-5.713183957166468
1614.8805523680621,2.49988031387329,3.36553835868835,3.359887338568378,-5.651020119972205
1615.894577390142,2.49988031387329,3.36553835868835,3.359950441271908,-5.587917416442156
1616.908504736072,2.49988031387329,3.36553835868835,3.3600143927909056,-5.523965897444416
1617.9224865824622,2.49988031387329,3.36553835868835,3.360079236796216,-5.459121892134267
1618.936476214632,2.50024008750916,3.36570024490356,3.3601485932690744,-5.551651634485566
1619.950496636022,2.49988031387329,3.36553835868835,3.360211366856954,-5.326991831395844
1620.9644749434221,2.50024008750916,3.36570024490356,3.3602820931042245,-5.418151799335469
1621.978470237982,2.49988031387329,3.36553835868835,3.3603463735133996,-5.191985174950453
1622.9923168949122,2.50024008750916,3.36570024490356,3.360418576363603,-5.281668539956819
1624.0064360541621,2.49988031387329,3.36570024490356,3.3604840059444716,-5.216238959088404
1625.0204058679822,2.49988031387329,3.36570024490356,3.360553520130684,-5.14672477287581
1626.0343993930421,2.49988031387329,3.36570024490356,3.360623481184646,-5.07676371891419
1627.048339479332,2.49988031387329,3.36570024490356,3.3606938296660918,-5.006415237468254
1628.062366624812,2.50024008750916,3.36586213111877,3.360768980372954,-5.093150745815844
1629.076308126702,2.50024008750916,3.36586213111877,3.3608414518656136,-5.020679253156413
1630.090337395582,2.49988031387329,3.36586213111877,3.360911287767325,-4.950843351445133
1631.104288098842,2.49988031387329,3.36570024490356,3.360985738781159,-4.7145061224012075
1632.1182894096921,2.50024008750916,3.36602401733398,3.3610642905606634,-4.959726773316575
1633.1322432980521,2.49988031387329,3.36586213111877,3.3611363553653413,-4.725775753428696
1634.1462559336621,2.49988031387329,3.36586213111877,3.3612127829357137,-4.64934818305629
1635.160233179362,2.49952030181885,3.36586213111877,3.3612863683459078,-4.575762772862202
1636.174234490212,2.49988031387329,3.36602401733398,3.3613683687278795,-4.65564860610046
1637.188165729022,2.50024008750916,3.36602401733398,3.3614514001635434,-4.572617170436555
1638.2022034914721,2.49988031387329,3.36602401733398,3.3615282215413003,-4.495795792679669
1639.216161980522,2.49988031387329,3.36602401733398,3.36160961137482,-4.414405959159762
1640.230161167972,2.49988031387329,3.36618590354919,3.3616919094247977,-4.49399412439222
1641.244075419632,2.49988031387329,3.36602401733398,3.3617751271016103,-4.248890232369629
1642.2581199061722,2.49988031387329,3.36602401733398,3.361859295759373,-4.164721574607011
1643.272070255532,2.50024008750916,3.36618590354919,3.361947994561114,-4.237908988075745
1644.286095985422,2.49988031387329,3.36602401733398,3.362030010135357,-3.994007198623084
1645.300072169422,2.49952030181885,3.36618590354919,3.362112614822985,-4.073288726204716
1646.314059678202,2.49988031387329,3.36618590354919,3.362203123830261,-3.982779718928686
1647.3280128587621,2.49988031387329,3.3663477897644,3.3622907328587086,-4.0570569056912476
1648.341981964782,2.50024008750916,3.3663477897644,3.362382916879218,-3.9648728851817694
1649.355989291912,2.49988031387329,3.3663477897644,3.362468857153712,-3.8789326106880573
1650.369998742432,2.49988031387329,3.3663477897644,3.362559258438919,-3.7885313254810704
1651.383962186072,2.50024008750916,3.36650967597961,3.3626541163878874,-3.855559591722457
1652.398286606812,2.49988031387329,3.36650967597961,3.3627426086982837,-3.767067281326142
1653.4119301256421,2.49988031387329,3.3663477897644,3.362835432378381,-3.5123573860187385
1654.4259282513922,2.49952030181885,3.3663477897644,3.362925509556878,-3.4222802075216663
1655.4399008964022,2.49952030181885,3.36650967597961,3.363020005760621,-3.4896702189888273
1656.453903622842,2.50024008750916,3.36667156219482,3.3631227307924125,-3.548831402407693
1657.467832030472,2.50024008750916,3.36667156219482,3.3632193113091158,-3.4522508857044443
1658.481852451862,2.49988031387329,3.36650967597961,3.36331326583297,-3.1964101466397388
1659.495778736092,2.49988031387329,3.36667156219482,3.363411771925309,-3.2597902695110648
1660.509835609092,2.50024008750916,3.36667156219482,3.3635148232933854,-3.1567389014348635
1661.523779588282,2.49952030181885,3.36667156219482,3.3636079938869754,-3.0635683078448217
1662.537798947982,2.49988031387329,3.36683344841003,3.363712911882305,-3.1205365277253705
1663.551772300792,2.50024008750916,3.36683344841003,3.363818764829994,-3.0146835800359817
1664.565779981812,2.49988031387329,3.36667156219482,3.3639181645428384,-2.7533976519817926
1665.579729623392,2.49988031387329,3.36683344841003,3.364021793250438,-2.8116551595922523
1666.593731995932,2.49988031387329,3.36683344841003,3.364126203122841,-2.7072452871892416
1667.6076965012621,2.49952030181885,3.36667156219482,3.3642277847278432,-2.443777466976993
1668.621691088022,2.50024008750916,3.36699533462524,3.3643411038730706,-2.6542307521695285
1669.6356453302822,2.50024008750916,3.36699533462524,3.364448272976801,-2.5470616484390973
1670.6496275305722,2.49988031387329,3.36699533462524,3.3645527681692875,-2.442566455952644
1671.663613623752,2.50024008750916,3.36699533462524,3.364665380137594,-2.3299544876462797
1672.677636522442,2.49988031387329,3.36699533462524,3.3647716859533676,-2.2236486718725246
1673.691579086032,2.49988031387329,3.36699533462524,3.3648824310502143,-2.112903575025804
1674.7056023386122,2.49988031387329,3.36699533462524,3.364994070077301,-2.00126454793903
1675.719543486602,2.49988031387329,3.36699533462524,3.3651065851099946,-1.8887495152455358
1676.733565323602,2.49988031387329,3.36699533462524,3.365219961528757,-1.7753730964833458
1677.747535491322,2.49988031387329,3.36699533462524,3.365334141770331,-1.661192854909288
1678.761528662482,2.49988031387329,3.36715722084045,3.3654491726487894,-1.7080481916607049
1679.7754839664422,2.49988031387329,3.36715722084045,3.36556504724011,-1.592173600339919
1680.7895949860022,2.49988031387329,3.36699533462524,3.3656818159416706,-1.3135186835695478
1681.803511714962,2.50024008750916,3.36715722084045,3.365803084455888,-1.3541363845619436
1682.8174641877222,2.49988031387329,3.36715722084045,3.3659180459940488,-1.2391748464013475
1683.831425507962,2.49988031387329,3.36699533462524,3.3660374906786403,-0.9578439465998123
1684.8454222181222,2.49988031387329,3.36715722084045,3.3661577494440675,-0.9994713963825674
1685.859400879422,2.50024008750916,3.36715722084045,3.366282246098916,-0.8749747415341957
1686.873396173972,2.49988031387329,3.36731910705566,3.366400321758523,-0.9187852971370702
1687.8873635105022,2.49988031387329,3.36715722084045,3.3665227642683364,-0.6344565721136952
1688.901354558272,2.49952030181885,3.36731910705566,3.366642442458637,-0.6766645970230911
1689.915325433792,2.49988031387329,3.36731910705566,3.3667703306210597,-0.5487764346003843
1690.929334530412,2.50024008750916,3.36748123168945,3.3668991014468532,-0.58213024259679
1691.943293019462,2.49952030181885,3.36731910705566,3.367017950745467,-0.30115631019311806
1692.957269911262,2.49988031387329,3.36748123168945,3.367148487590549,-0.3327440989009389
1693.9712545888422,2.49988031387329,3.36731910705566,3.3672763403500316,-0.042766705628416446
1694.9852672244622,2.49988031387329,3.36748123168945,3.367405092238751,-0.07613945069895323
1695.999228544702,2.49988031387329,3.36748123168945,3.367534733160206,0.05350147075589007
1697.013245427102,2.49988031387329,3.36764311790466,3.3676652566688587,0.022138764198764704
1698.016638257962,2.49988031387329,3.36764311790466,3.3677951641277457,0.15204622308573335
1699.0255929673622,2.49988031387329,3.36764311790466,3.3679266202139106,0.28350230925067166
1700.039587200222,2.50024008750916,3.36780500411987,3.368063167698835,0.25816357896513153
1701.053554536752,2.50024008750916,3.36780500411987,3.36819687653087,0.3918724109999161
1702.0675310746522,2.49988031387329,3.36780500411987,3.368327008214178,0.5220040943081372
1703.0815330933021,2.49988031387329,3.36780500411987,3.368461239478443,0.6562353585728431
1704.095525556662,2.49988031387329,3.36780500411987,3.368595967961056,0.7909638411862652
1705.1094932470921,2.49988031387329,3.36780500411987,3.3687314967784654,0.9264926585954569
1706.123489603342,2.49988031387329,3.36780500411987,3.368868109381808,1.063105261938091
1707.1374505696822,2.49988031387329,3.36796689033508,3.3690055337293425,1.0386433942626283
1708.151456127322,2.49988031387329,3.36780500411987,3.3691437284754815,1.3387243556115536
1709.165434080822,2.49988031387329,3.36796689033508,3.3692824674279835,1.3155770929036414
1710.179405664132,2.50024008750916,3.36812877655029,3.369425482893781,1.2967063434912163
1711.193410160072,2.49988031387329,3.36812877655029,3.369561987091743,1.4332105414531782
1712.2073782043922,2.49988031387329,3.36812877655029,3.369702678588185,1.5739020378950919
1713.221358989092,2.49988031387329,3.36812877655029,3.369844008261244,1.7152317109543347
1714.235355345342,2.49988031387329,3.36812877655029,3.3699859783424952,1.8572017922053874
1715.2492911848522,2.49988031387329,3.36812877655029,3.3701285314005456,1.9997548502557194
1716.263314437432,2.49988031387329,3.36812877655029,3.3702716893564495,2.142912806159636
1717.2772860207522,2.49988031387329,3.3682906627655,3.370415445824174,2.12478305867414
1718.291326968292,2.49988031387329,3.36812877655029,3.370559618788755,2.430842238465125
1719.305266700692,2.49988031387329,3.36812877655029,3.370704001038504,2.575224488214012
1720.319239345702,2.49988031387329,3.3682906627655,3.370848770375772,2.558107610272309
1721.333236409762,2.49952030181885,3.36812877655029,3.370990443497817,2.8616669475272083
1722.347218610052,2.49988031387329,3.3682906627655,3.3711403895119822,2.8497267464824283
1723.361197271342,2.49988031387329,3.36845254898071,3.3712877027630697,2.8351537823598782
1724.375177702142,2.49988031387329,3.36845254898071,3.371436114862818,2.983565882108241
1725.389490798102,2.49988031387329,3.3682906627655,3.3715844167075657,3.29375394206588
1726.403451764452,2.49988031387329,3.36845254898071,3.3717328810381937,3.2803320574839034
1727.417208884902,2.49988031387329,3.36845254898071,3.371881417995069,3.428869014359126
1728.431119597572,2.49988031387329,3.36845254898071,3.372030193835579,3.577644854869
1729.4450971971721,2.49952030181885,3.36845254898071,3.3721754245977555,3.722875617045762
1730.4590836442521,2.49952030181885,3.36845254898071,3.3723247382473374,3.8721892666275792
1731.4730502729722,2.50024008750916,3.36861443519592,3.3724827513988154,3.8683162028951834
1732.487057246202,2.49988031387329,3.36861443519592,3.372631408782635,4.016973586714823
1733.501026352232,2.50024008750916,3.36861443519592,3.372787135278648,4.172700082727854
1734.5150135071021,2.49988031387329,3.36861443519592,3.37293514835622,4.320713160300027
1735.5290031392722,2.49988031387329,3.36861443519592,3.3730866687248793,4.472233528959091
1736.5429779076821,2.49988031387329,3.36877632141113,3.3732388280877665,4.462506676636391
1737.5569141010922,2.49988031387329,3.36861443519592,3.3733914090683,4.776973872379742
1738.570950447942,2.49988031387329,3.36877632141113,3.373544913562529,4.768592151398909
1739.5849379567221,2.50024008750916,3.36893820762634,3.3737024078547537,4.764200228413618
1740.598914494622,2.50024008750916,3.36893820762634,3.3738547181425953,4.91651051625519
1741.612893509822,2.49952030181885,3.36893820762634,3.3739991411040773,5.060933477737173
1742.6268679243321,2.49988031387329,3.36877632141113,3.374156782033635,5.380460622504746
1743.640859326002,2.49988031387329,3.36893820762634,3.374311620766489,5.3734131401488305
1744.6548468347721,2.49952030181885,3.36893820762634,3.374461337147029,5.523129520689007
1745.668824788272,2.49952030181885,3.36893820762634,3.374615674894537,5.677467268196956
1746.682813712652,2.49988031387329,3.36910009384155,3.3747746242196484,5.674530378098286
1747.696800159732,2.49988031387329,3.36910009384155,3.374929338146821,5.829244305270986
1748.7107402460222,2.49988031387329,3.36893820762634,3.3750840886576032,6.145881031263123
1749.724764560312,2.49988031387329,3.36910009384155,3.375238921896367,6.138828054817136
1750.738741452112,2.49988031387329,3.36910009384155,3.3753938561166827,6.293762275132675
1751.752723652402,2.49988031387329,3.36910009384155,3.3755488478139553,6.448753972405186
1752.766698066912,2.50024008750916,3.36926198005676,3.3757075086512938,6.445528594533734
1753.780703270642,2.49988031387329,3.36926198005676,3.3758590487217544,6.597068664994321
1754.7949130280622,2.49988031387329,3.36926198005676,3.3760147218743652,6.752741817605212
1755.8086659017322,2.50024008750916,3.36942386627197,3.376174220329808,6.750354057837971
1756.8226364233421,2.50024008750916,3.36926198005676,3.376329982693656,7.068002636895887
1757.8366373802921,2.49988031387329,3.36926198005676,3.376480083369671,7.218103312911062
1758.850606840212,2.49952030181885,3.36926198005676,3.3766296575220727,7.367677465312639
1759.864563559762,2.49952030181885,3.36926198005676,3.376784060897145,7.522080840384859
1760.8785871662521,2.49988031387329,3.36942386627197,3.3769429348862574,7.519068614287416
1761.892557687872,2.50024008750916,3.36958575248718,3.377102554162764,7.516801675583995
1762.906541303762,2.49988031387329,3.36942386627197,3.3772541528739644,7.830286601994363
1763.920533413222,2.49988031387329,3.36958575248718,3.377408178818928,7.822426331748122
1764.934513490122,2.49988031387329,3.36958575248718,3.3775614565733876,7.9757040862076245
1765.948485073432,2.49952030181885,3.36958575248718,3.3777109601989714,8.125207711791482
1766.9624697510221,2.49988031387329,3.36958575248718,3.377869368570932,8.283616083752054
1767.976456551992,2.49988031387329,3.36958575248718,3.3780236028263637,8.437850339183761
1768.9904468919622,2.49988031387329,3.36974787712097,3.3781772921895423,8.429415068572421
1770.004428384462,2.49988031387329,3.36958575248718,3.3783306060202682,8.744853533088293
1771.018370594142,2.49988031387329,3.36974787712097,3.378482915522173,8.735038401203266
1772.032387830452,2.49952030181885,3.36958575248718,3.3786316350187007,9.045882531520721
1773.046363660552,2.49988031387329,3.36990976333618,3.3787883491815554,8.878585845375486
1774.0603639097021,2.49988031387329,3.36974787712097,3.37894074800402,9.192870883050208
1775.074365574442,2.49988031387329,3.36974787712097,3.379092728378656,9.344851257686138
1776.0883336187621,2.49988031387329,3.36990976333618,3.379244341708954,9.334578372774072
1777.102302016992,2.49988031387329,3.37007164955139,3.3793956322417915,9.323982690401689
1778.1162654606321,2.50024008750916,3.36990976333618,3.3795502568115476,9.640493475367773
1779.130283050832,2.49988031387329,3.36990976333618,3.3796973190561874,9.787555720007557
1780.1442468483622,2.49988031387329,3.36974787712097,3.379847260491584,10.099383370614223
1781.1582371883321,2.49988031387329,3.36974787712097,3.379996687405439,10.248810284469112
1782.1721995702721,2.49988031387329,3.37007164955139,3.380145566892945,10.073917341555383
1783.1862122058922,2.49952030181885,3.36990976333618,3.3802902831932027,10.380519857022819
1784.200148045392,2.49952030181885,3.37007164955139,3.3804380376147027,10.366388063312915
1785.214172005782,2.49988031387329,3.37007164955139,3.3805896477509836,10.517998199593759
1786.228132264322,2.49988031387329,3.37007164955139,3.3807380961987072,10.666446647317418
1787.2421512701221,2.50024008750916,3.37039542198181,3.380890299895382,10.49487791357162
1788.2560853401321,2.50024008750916,3.37039542198181,3.381037131687988,10.641709706177949
1789.270115316802,2.50024008750916,3.37039542198181,3.3811826901409447,10.787268159134555
1790.2840508024121,2.49988031387329,3.3702335357666,3.381323758699397,11.090222932797378
1791.2980779478921,2.49988031387329,3.3702335357666,3.381468072570786,11.234536804186401
1792.312010248402,2.50024008750916,3.37039542198181,3.3816169412814108,11.22151929960058
1793.325975815432,2.49988031387329,3.3702335357666,3.3817566627599596,11.523126993359778
1794.3400026070121,2.49988031387329,3.37039542198181,3.3818992124372422,11.50379045543204
1795.354005333452,2.49988031387329,3.37039542198181,3.3820418856682344,11.646463686424191
1796.3679786862622,2.50024008750916,3.37055730819702,3.382188034816627,11.630726619606957
1797.381965487242,2.49988031387329,3.37055730819702,3.382325889335688,11.768581138667855
1798.3963040639421,2.50024008750916,3.37055730819702,3.3824709834800104,11.913675282990255
1799.409940504792,2.50024008750916,3.37055730819702,3.3826115262569925,12.05421805997231
1800.423861834432,2.49988031387329,3.37055730819702,3.38274552299252,12.188214795499697
1801.437925431522,2.49988031387329,3.37055730819702,3.3828838918756543,12.326583678634151
1802.451844283872,2.49988031387329,3.37055730819702,3.3830215555087007,12.464247311680499
1803.466071028452,2.49988031387329,3.37071919441223,3.383159020547424,12.439826135193677
1804.479845136062,2.49952030181885,3.37055730819702,3.383291190533431,12.733882336410929
1805.493848216402,2.49988031387329,3.37071919441223,3.3834307628205296,12.711568408299456
1806.507818030222,2.49988031387329,3.37071919441223,3.383566666440345,12.847472028115092
1807.521799168812,2.49988031387329,3.37088108062744,3.3837014439568733,12.82036332943326
1808.535763320242,2.49988031387329,3.37071919441223,3.383835813256178,13.11661884394777
1809.549778079252,2.50024008750916,3.37088108062744,3.3839733055725145,13.092224945074449
1810.563726659132,2.50024008750916,3.37088108062744,3.384106591386677,13.225510759236947
1811.5776809013921,2.49988031387329,3.37088108062744,3.3842339633921283,13.352882764688268
1812.591701676682,2.49988031387329,3.37088108062744,3.3843634505879763,13.4823699605362
1813.605698032932,2.49988031387329,3.37088108062744,3.3844929732859925,13.61189265855245
1814.619668908452,2.49952030181885,3.37088108062744,3.3846191113530146,13.738030725574557
1815.633680836272,2.50024008750916,3.37104296684265,3.384756597572767,13.71363073011711
1816.647634370732,2.50024008750916,3.37104296684265,3.3848841871838897,13.84122034123969
1817.6616349737722,2.49988031387329,3.37120485305786,3.3850067237060952,13.801870648235237
1818.675612219482,2.49988031387329,3.37104296684265,3.385132330848109,14.089364005458904
1819.689609991332,2.49988031387329,3.37120485305786,3.3852575182024487,14.052665144588694
1820.7035649413822,2.49988031387329,3.37104296684265,3.385382083772827,14.339116930176754
1821.717577930902,2.49988031387329,3.37104296684265,3.3855058112251837,14.462844382533646
1822.731495367652,2.49988031387329,3.37136673927307,3.385628346085609,14.261606812539185
1823.7455405619821,2.50024008750916,3.37136673927307,3.3857533936616426,14.386654388572673
1824.759491973052,2.49952030181885,3.37120485305786,3.3858667455585167,14.661892500656748
1825.773513810042,2.49988031387329,3.37136673927307,3.3859918716137045,14.625132340634561
1826.7875823617221,2.50024008750916,3.37136673927307,3.38611689579803,14.750156524959923
1827.8014651163521,2.50024008750916,3.37152862548828,3.3862362657140914,14.707640225811502
1828.815432098982,2.50024008750916,3.37152862548828,3.3863543509356218,14.825725447341842
1829.829434471522,2.50024008750916,3.37152862548828,3.3864713718817336,14.94274639345372
1830.843382697492,2.50024008750916,3.37152862548828,3.38658725355496,15.058628066680235
1831.857408427382,2.50024008750916,3.37152862548828,3.3867020467224696,15.173421234189632
1832.8713637313322,2.49988031387329,3.37152862548828,3.3868121228326955,15.283497344415586
1833.8853229281822,2.49952030181885,3.37152862548828,3.3869210856790293,15.392460190749357
1834.899280355532,2.49988031387329,3.37169051170349,3.3870370329062487,15.346521202758812
1835.9133467838121,2.49988031387329,3.37169051170349,3.3871492643814753,15.458752677985466
1836.927306334562,2.49988031387329,3.37169051170349,3.3872609444394954,15.570432736005557
1837.941294905032,2.49988031387329,3.37169051170349,3.387370956893191,15.680445189701242
1838.955262595462,2.49988031387329,3.37169051170349,3.3874798148716967,15.789303168206814
1839.969268506992,2.49952030181885,3.37169051170349,3.387584247155227,15.893735451737001
1840.983241859802,2.49988031387329,3.37185263633728,3.387695435034022,15.84279869674221
1841.997239277752,2.49988031387329,3.37185263633728,3.3878023304075793,15.949694070299447
1843.011180071852,2.49952030181885,3.37169051170349,3.387904706742898,16.214195039407908
1844.0251958925521,2.49988031387329,3.37201452255249,3.388013425520214,15.998902967724327
1845.039114037102,2.49988031387329,3.37185263633728,3.3881176586946076,16.26502235732774
1846.053176572492,2.49952030181885,3.37185263633728,3.3882173121832664,16.364675845986554
1847.0671414317321,2.49988031387329,3.37201452255249,3.3883232239780345,16.308701425544747
1848.0811374340822,2.49988031387329,3.3721764087677,3.3884248799761134,16.248471208413218
1849.095108309602,2.49988031387329,3.37201452255249,3.388526099788071,16.511577235581054
1850.109108558742,2.50024008750916,3.3721764087677,3.388630469448089,16.454060680388682
1851.123070940682,2.49988031387329,3.3721764087677,3.388725798023052,16.549389255351876
1852.137074021022,2.49952030181885,3.3721764087677,3.3888194584638454,16.643049696145162
1853.151022954792,2.49988031387329,3.3721764087677,3.3889191100455034,16.742701277803196
1854.1650398372021,2.50024008750916,3.37233829498291,3.3890186954297303,16.680400446820176
1855.1789770923021,2.49988031387329,3.3721764087677,3.389110714314516,16.934305546815853
1856.192972386862,2.49988031387329,3.3721764087677,3.3892052841735696,17.028875405869393
1857.206957772242,2.49988031387329,3.37233829498291,3.389299024881686,16.96072989877573
1858.220961914272,2.49988031387329,3.3721764087677,3.389391898183631,17.21548941593065
1859.234915094842,2.49988031387329,3.3721764087677,3.3894838592560768,17.307450488376563
1860.248941178622,2.49988031387329,3.37233829498291,3.389575089172999,17.236794190088833
1861.262903560562,2.49988031387329,3.37233829498291,3.389665602110457,17.32730712754682
1862.276905579202,2.49988031387329,3.37233829498291,3.3897554462431514,17.417151260241237
1863.2908661916422,2.50024008750916,3.37233829498291,3.3898482605820535,17.509965599143307
1864.304874226572,2.49988031387329,3.37250018119812,3.3899327753598123,17.432594161692183
1865.3188344851121,2.49988031387329,3.37250018119812,3.3900196627445465,17.519481546426352
1866.332830133572,2.50024008750916,3.37266206741333,3.3901089953863033,17.446927972973203
1867.346815165052,2.49988031387329,3.37250018119812,3.390189894918151,17.68971372003092
1868.360798780942,2.49988031387329,3.37266206741333,3.3902740534469267,17.611986033596594
1869.3747760266422,2.49988031387329,3.37266206741333,3.3903575616338197,17.69549422048966
1870.389099031782,2.49988031387329,3.37266206741333,3.3904404787576206,17.77841134429048
1871.4027425506122,2.49988031387329,3.37282395362854,3.3905226377517996,17.69868412325959
1872.416733598382,2.49988031387329,3.37282395362854,3.3906040511017905,17.78009747325049
1873.430696688122,2.5006000995636,3.37298583984375,3.390691974321763,17.70613447801317
1874.444708615932,2.49988031387329,3.37282395362854,3.3907647991962753,17.94084556773523
1875.458675952462,2.49988031387329,3.37282395362854,3.39084389871772,18.019945089180034
1876.4726723087222,2.49988031387329,3.37282395362854,3.3909221447827194,18.09819115417932
1877.486640353042,2.50024008750916,3.37298583984375,3.391003098201859,18.01725835810908
1878.500633878102,2.49988031387329,3.37282395362854,3.3910757680670316,18.251814438491554
1879.514605815322,2.49988031387329,3.37314772605896,3.391150883180828,18.003157121868174
1880.528605710562,2.49952030181885,3.37298583984375,3.391221205254243,18.2353654104932
1881.5425780016822,2.49988031387329,3.37298583984375,3.3912978651766044,18.312025332854365
1882.5565665721522,2.49988031387329,3.37298583984375,3.391370788490936,18.384948647185873
1883.5705307235921,2.50024008750916,3.37298583984375,3.391446944080564,18.46110423681413
1884.5845348656221,2.49988031387329,3.37314772605896,3.391515671229502,18.367945170541855
1885.598517773712,2.49988031387329,3.37314772605896,3.3915868610599205,18.439135000960505
1886.612504928592,2.49988031387329,3.37314772605896,3.391657374808943,18.509648749982954
1887.626475804112,2.49988031387329,3.37330961227417,3.3917272110611996,18.417598787029643
1888.640464374582,2.49988031387329,3.37330961227417,3.391796153907493,18.48654163332286
1889.654439496892,2.50024008750916,3.37330961227417,3.391867902476584,18.558290202414174
1890.6684323141521,2.49988031387329,3.37330961227417,3.39193166942068,18.622057146509885
1891.682376293342,2.50024008750916,3.37330961227417,3.392001929087201,18.692316813031074
1892.696408747302,2.49988031387329,3.37347149848938,3.3920642640515823,18.592765562202462
1893.7103778533221,2.49988031387329,3.37347149848938,3.392129452728691,18.65795423931127
1894.7243611153121,2.50024008750916,3.37347149848938,3.3921975525740584,18.726054084678534
1895.738347208492,2.49988031387329,3.37330961227417,3.3922577525360085,18.948140261838553
1896.752297911762,2.49988031387329,3.37347149848938,3.392320838315999,18.849339826619183
1897.766312316872,2.49988031387329,3.37363338470459,3.3923832183132157,18.74983360862581
1898.7802920398722,2.49988031387329,3.37347149848938,3.3924448864448205,18.973387955440568
1899.794375455302,2.49988031387329,3.37363338470459,3.392505991422522,18.87260671793234
1900.808264226232,2.49988031387329,3.37363338470459,3.392566430850835,18.933046146245136
1901.8222457187221,2.50024008750916,3.37363338470459,3.392629813922324,18.996429217734256
1902.8362491529522,2.49988031387329,3.37363338470459,3.392685343142779,19.051958438188965
1903.8502019796222,2.49988031387329,3.3737952709198,3.392743802169324,18.948531249524336
1904.864195858582,2.50024008750916,3.3737952709198,3.3928049099758337,19.009639056033922
1905.8781745198821,2.49988031387329,3.3737952709198,3.392858062366923,19.062791447123306
1906.892166983242,2.49988031387329,3.3737952709198,3.392914054177431,19.11878325763139
1907.906109900732,2.49988031387329,3.3737952709198,3.392969284213113,19.17401329331314
1908.920126075332,2.49952030181885,3.3737952709198,3.3930202728827306,19.225001962930754
1909.934123139392,2.49988031387329,3.37395715713501,3.3930791161373164,19.121959002306177
1910.948098969492,2.49952030181885,3.37395715713501,3.3931304989851316,19.173341850121428
1911.962080815882,2.50024008750916,3.3741192817688,3.3931924211281923,19.073139359392144
1912.976066201272,2.49988031387329,3.37395715713501,3.393242176443246,19.285019308235896
1913.9900416774722,2.50024008750916,3.3741192817688,3.393297746896564,19.178465127764
1915.0040302479522,2.49988031387329,3.3741192817688,3.393345092993957,19.225811225156875
1916.018017048922,2.49988031387329,3.3741192817688,3.393395699072306,19.276417303506044
1917.032011635682,2.50024008750916,3.37428116798401,3.3934497008109563,19.168532826946194
1918.045986757992,2.49988031387329,3.3741192817688,3.3934960427857406,19.376761016940414
1919.059925782592,2.49988031387329,3.37428116798401,3.3935458141753654,19.26464619135526
1920.073938418202,2.50024008750916,3.37428116798401,3.393598919645472,19.31775166146199
1921.087959193502,2.50024008750916,3.37428116798401,3.3936479536301984,19.366785646188323
1922.101912020162,2.50024008750916,3.37444305419922,3.3936953905670664,19.25233636784629
1923.115902006232,2.49988031387329,3.37444305419922,3.393738214663512,19.295160464292138
1924.1298760668421,2.49988031387329,3.37444305419922,3.3937838401608738,19.340785961653673
1925.1438614522222,2.49988031387329,3.37444305419922,3.3938289675934734,19.38591339425333
1926.157851792192,2.49952030181885,3.37444305419922,3.393869799078324,19.426744879103897
1927.171835054182,2.49952030181885,3.37444305419922,3.393914895205553,19.471841006332813
1928.185831764332,2.49988031387329,3.37444305419922,3.3939637490499655,19.520694850745368
1929.1998143185222,2.49988031387329,3.37460494041443,3.394008568629049,19.40362821461905
1930.213742726152,2.49988031387329,3.37476682662964,3.3940523863296526,19.285559700012556
1931.2277723489221,2.49988031387329,3.37460494041443,3.3940955747178436,19.49063430341358
1932.2417534875121,2.49988031387329,3.37476682662964,3.394137922864951,19.37109623531086
1933.255730733212,2.49988031387329,3.37476682662964,3.394179520718738,19.41269408909818
1934.2696708195122,2.49988031387329,3.37476682662964,3.3942206669168207,19.453840287180668
1935.2837107053522,2.49988031387329,3.37476682662964,3.394261573287167,19.494746657526818
1936.297714493492,2.49988031387329,3.37476682662964,3.394302078919695,19.535252290054927
1937.3116644889622,2.49988031387329,3.37476682662964,3.3943423153911634,19.575488761523374
1938.3256728777922,2.49988031387329,3.37492871284485,3.394382765732225,19.454052887375006
1939.3396331363322,2.49988031387329,3.37492871284485,3.3944231242436413,19.494411398791378
1940.3536153366222,2.5006000995636,3.37525248527527,3.3944705915748683,19.218106299598414
1941.367575949062,2.50024008750916,3.37509059906006,3.3945048127139943,19.414213653934365
1942.3815868151821,2.49988031387329,3.37492871284485,3.394537567904413,19.608855059563002
1943.395943440742,2.50024008750916,3.37509059906006,3.394577639256904,19.487040196843886
1944.409550507962,2.50024008750916,3.37525248527527,3.3946147343883535,19.362249113083596
1945.423535185552,2.49988031387329,3.37525248527527,3.394647604145287,19.395118870017214
1946.4375272950122,2.49988031387329,3.37509059906006,3.3946829678010544,19.59236874099446
1947.451501355622,2.49988031387329,3.37509059906006,3.3947182249283396,19.627625868279708
1948.4654959423822,2.49988031387329,3.37525248527527,3.394753453917191,19.50096864192119
1949.4794707107922,2.49988031387329,3.37541437149048,3.3947889074147763,19.3745359242965
1950.493438755122,2.50024008750916,3.37541437149048,3.394827903267871,19.413531777391135
1951.507445728342,2.49988031387329,3.37541437149048,3.394857878709047,19.443507218567024
1952.521386522442,2.49988031387329,3.37525248527527,3.394890564287374,19.638079012104015
1953.535403050942,2.49988031387329,3.37525248527527,3.3949235219064726,19.671036631202732
1954.549385605132,2.49988031387329,3.37541437149048,3.3949563008535657,19.541929363085853
1955.563368867122,2.49988031387329,3.37557625770569,3.3949888762040072,19.412618498317435
1956.577362392182,2.49988031387329,3.37541437149048,3.3950210839405646,19.606712450084718
1957.591335037192,2.49988031387329,3.37557625770569,3.395052828039772,19.476570334082233
1958.605350504002,2.50024008750916,3.37557625770569,3.395087763293595,19.511505587905376
1959.619296960482,2.49988031387329,3.37557625770569,3.3951150930526555,19.538835346965655
1960.6332685437922,2.49988031387329,3.3757381439209,3.3951457407396104,19.407596818710182
1961.6472758709222,2.49952030181885,3.37557625770569,3.395172436338644,19.596178632954153
1962.661262671902,2.49988031387329,3.37557625770569,3.395205978408439,19.629720702749154
1963.6752505345821,2.49988031387329,3.3757381439209,3.3952355121355775,19.49736821467729
1964.6892380433521,2.49952030181885,3.37590003013611,3.395260932456092,19.360902319981665
1965.6912453591622,2.49988031387329,3.3757381439209,3.395292784050769,19.55464012986896
1966.701584168022,2.49952030181885,3.3757381439209,3.3953172414520996,19.579097531199352
1967.7155200075222,2.49988031387329,3.37590003013611,3.3953489938046606,19.448963668550423
1968.729517071572,2.49988031387329,3.37606191635132,3.3953771716615235,19.315255310203394
1969.743504580352,2.49988031387329,3.37590003013611,3.395405210847588,19.505180711477887
1970.757531018032,2.49988031387329,3.37590003013611,3.395433106742805,19.533076606694788
1971.771458717862,2.49988031387329,3.37606191635132,3.395460265742809,19.39834939148888
1972.7855732764222,2.49988031387329,3.37606191635132,3.395487034229742,19.425117878421716
1973.799427011332,2.49988031387329,3.37606191635132,3.395513400429882,19.451484078561787
1974.8134297377721,2.49988031387329,3.37606191635132,3.395539450380039,19.477534028718768
1975.8274370648921,2.49988031387329,3.37606191635132,3.3955653129908994,19.50339663957923
1976.841614263602,2.49988031387329,3.37622404098511,3.395590889949447,19.366848964336825
1977.855379169832,2.49988031387329,3.37622404098511,3.3956161666778026,19.392125692692552
1978.8693670325022,2.49988031387329,3.37622404098511,3.3956411668259716,19.417125840861527
1979.883349586692,2.49988031387329,3.37606191635132,3.3956658845928813,19.603968241561187
1980.897377793872,2.49952030181885,3.37622404098511,3.3956867185149964,19.462677529886285
1981.9113217730521,2.49988031387329,3.37654781341553,3.3957144681001004,19.16665468457035
1982.9253230839022,2.49988031387329,3.37638592720032,3.3957384012461964,19.352474045876367
1983.9392568000121,2.50024008750916,3.37638592720032,3.3957656750092213,19.379747808901282
1984.953294208562,2.49988031387329,3.37654781341553,3.3957855001661237,19.237686750593674
1985.967227216872,2.49988031387329,3.37654781341553,3.3958086651195853,19.260851704055337
1986.981249407762,2.49988031387329,3.37638592720032,3.3958315786957063,19.44565149538624
1987.9952068351122,2.49952030181885,3.37654781341553,3.3958506565428777,19.302843127347646
1989.0092318572022,2.50024008750916,3.37670969963074,3.395880285974124,19.170586343383977
1990.023188576752,2.49988031387329,3.37654781341553,3.395898870412766,19.35105699723616
1991.037192364892,2.49988031387329,3.37670969963074,3.3959208057201704,19.21110608943044
1992.051158285822,2.49988031387329,3.37670969963074,3.3959425003519885,19.232800721248555
1993.0651447329021,2.49952030181885,3.37654781341553,3.3959603944149643,19.412580999434326
1994.079118439612,2.49952030181885,3.37654781341553,3.3959816579373197,19.433844521789645
1995.0931239972422,2.49988031387329,3.37687158584595,3.3960062918476424,19.134706001692425
1996.1070945188621,2.49988031387329,3.37687158584595,3.3960270945184754,19.155508672525468
1997.1210441604321,2.49988031387329,3.37687158584595,3.3960476942900972,19.1761084441473
1998.135036269892,2.49988031387329,3.37687158584595,3.3960681759757434,19.196590129793467
1999.1490662465721,2.49988031387329,3.37687158584595,3.396088471375958,19.21688553000811
2000.1630243817121,2.50024008750916,3.37703347206116,3.3961121760407207,19.078703979560796
2001.177023569162,2.50024008750916,3.37703347206116,3.3961320967445348,19.098624683374865
2002.190994798582,2.49988031387329,3.37703347206116,3.3961482202562583,19.114748195098397
2003.204994693832,2.49988031387329,3.37703347206116,3.3961677143613476,19.134242300187676
2004.218939734712,2.50024008750916,3.37719535827637,3.396190591887933,18.9952336115633
2005.232962279502,2.49988031387329,3.37719535827637,3.3962060579379623,19.01069966159241
2006.2469207685522,2.49988031387329,3.37719535827637,3.3962248988565564,19.029540580186577
2007.260915709202,2.50024008750916,3.37719535827637,3.39624709676294,19.05173848657027
2008.274810496412,2.49988031387329,3.37735724449158,3.3962618256655905,18.904581174010726
2009.2889101912122,2.50024008750916,3.37735724449158,3.396283491449121,18.926246957541082
2010.302852047002,2.49988031387329,3.37735724449158,3.396297688056499,18.940443564919196
2011.316840263572,2.49988031387329,3.37735724449158,3.396315203694592,18.95795920301202
2012.330797337032,2.49988031387329,3.37735724449158,3.3963325845766215,18.975340085041648
2013.344818466222,2.50024008750916,3.37735724449158,3.396353599417908,18.99635492632834
2014.358963106212,2.50024008750916,3.37751913070679,3.3963709462520666,18.851815545276374
2015.3727885291921,2.50024008750916,3.37735724449158,3.3963882431186208,19.03099862704094
2016.387287776092,2.49988031387329,3.37735724449158,3.3964019370829104,19.04469259133057
2017.4009719933222,2.49988031387329,3.37735724449158,3.3964190569076558,19.061812416075963
2018.414903232142,2.49988031387329,3.377681016922,3.3964359205911157,18.754903669115475
2019.428682648232,2.49988031387329,3.37751913070679,3.396452628286218,18.93349757942797
2020.442895236852,2.49988031387329,3.37751913070679,3.3964691832809235,18.95005257413329
2021.456887700212,2.50024008750916,3.377681016922,3.396489166308801,18.808149386800643
2022.4706158009421,2.49988031387329,3.377681016922,3.3965017627814005,18.8207458594003
2023.484857409282,2.49988031387329,3.377681016922,3.396517765095951,18.836748173950646
2024.4988282848021,2.49988031387329,3.377681016922,3.396533561602874,18.852544680873606
2025.5126137171821,2.49988031387329,3.377681016922,3.396549144943202,18.86812802120197
2026.5267739287222,2.49988031387329,3.37784290313721,3.3965645148419292,18.721611704719088
2027.540796473512,2.50024008750916,3.37800478935242,3.396583392167269,18.57860281484891
2028.5547340825121,2.49988031387329,3.37784290313721,3.396594985983966,18.75208284675578
2029.568750257122,2.49988031387329,3.37784290313721,3.3966100357455438,18.767132608333625
2030.582722902132,2.49988031387329,3.37800478935242,3.3966249418961296,18.620152543709523
2031.596734476052,2.49988031387329,3.37800478935242,3.396639705648896,18.634916296476067
2032.610476732742,2.49988031387329,3.37816667556763,3.3966544186009697,18.487743033339665
2033.6246787043822,2.49988031387329,3.37816667556763,3.3966690706808604,18.502395113230374
2034.638649933802,2.49988031387329,3.37816667556763,3.3966836228422586,18.516947274628492
2035.652444567552,2.50024008750916,3.37832856178284,3.396701673656809,18.373111873969172
2036.666403410502,2.49988031387329,3.37832856178284,3.396712434775862,18.38387299302191
2037.680425601392,2.49988031387329,3.37816667556763,3.3967266136145873,18.559938046957214
2038.718549383982,2.49988031387329,3.37816667556763,3.3967409735094387,18.57429794180865
2039.723978550362,2.49988031387329,3.37832856178284,3.3967547479110984,18.426186128258415
2040.737918636662,2.49988031387329,3.37832856178284,3.3967685061314037,18.439944348563664
2041.751950382822,2.49988031387329,3.37849068641663,3.396782132236598,18.29144581996811
2042.765908517972,2.49988031387329,3.37849068641663,3.3967959760623683,18.3052896457383
2043.7799140756122,2.49988031387329,3.37865257263184,3.3968098621128635,18.157289481023575
2044.7939769649022,2.49988031387329,3.37832856178284,3.39682375247676,18.495190693919916
2045.807878122292,2.49988031387329,3.37849068641663,3.3968376441528396,18.346957736209646
2046.8218397964322,2.50024008750916,3.37865257263184,3.3968551379220098,18.202565290169836
2047.8358308442023,2.49988031387329,3.37865257263184,3.3968644539570634,18.211881325223445
2048.849787563752,2.49988031387329,3.37865257263184,3.396876979366469,18.224406734629106
2049.863812231932,2.49988031387329,3.37865257263184,3.396889157596219,18.236584964379077
2050.8777792145625,2.49988031387329,3.37881445884705,3.396900987132188,18.086528285138126
2051.8917858338923,2.49952030181885,3.37865257263184,3.3969088974364743,18.25632480463435
2052.9057340598624,2.49988031387329,3.37881445884705,3.3969251580397106,18.11069919266073
2053.9197626209425,2.49988031387329,3.37881445884705,3.3969379826467283,18.12352379967841
2054.933691736362,2.49988031387329,3.37881445884705,3.396950969099738,18.136510252688254
2055.9477164045525,2.49988031387329,3.37897634506226,3.396964095912208,17.987750849948192
2056.9616533057524,2.49988031387329,3.37881445884705,3.396976548784259,18.162089937209025
2057.975679389532,2.50024008750916,3.37897634506226,3.3969924235314894,18.01607846922959
2058.989642833172,2.49988031387329,3.37897634506226,3.397000925099729,18.024580037469207
2060.0036494524925,2.49988031387329,3.37913823127747,3.397012962946379,17.874731668909405
2061.017641561962,2.50024008750916,3.37913823127747,3.397028596764709,17.8903654872391
2062.0316106679825,2.50024008750916,3.37913823127747,3.3970405596328277,17.902328355357877
2063.045605962542,2.49988031387329,3.37913823127747,3.397048850985322,17.910619707852238
2064.0595828543424,2.50024008750916,3.37930011749268,3.3970642413414573,17.76412384877757
2065.0735551454623,2.50024008750916,3.37913823127747,3.3970759503540786,17.937719076608794
2066.0875653037824,2.49988031387329,3.37930011749268,3.397083978509479,17.783861016799296
2067.1014958348023,2.49988031387329,3.37930011749268,3.397095545152372,17.79542765969211
2068.115527227062,2.49988031387329,3.37930011749268,3.397107065157589,17.806947664909423
2069.1294591736823,2.50024008750916,3.37946200370789,3.397122119864042,17.660116156151595
2070.1435036602124,2.49988031387329,3.37946200370789,3.3971299184567916,17.667914748901392
2071.157435606832,2.49988031387329,3.37946200370789,3.3971412516153605,17.67924790747033
2072.1714390410725,2.49988031387329,3.37946200370789,3.3971524109846074,17.690407276717224
2073.185419471862,2.50024008750916,3.3796238899231,3.3971669915983522,17.543101675252082
2074.199420428802,2.49988031387329,3.37946200370789,3.3971742521353785,17.71224842748831
2075.2133941355123,2.50024008750916,3.37978577613831,3.3971885830307547,17.402806892444556
2076.2273802286923,2.49952030181885,3.3796238899231,3.3971919936408117,17.56810371771156
2077.2413111136125,2.49988031387329,3.3796238899231,3.397206457276775,17.582567353674694
2078.2555527219624,2.49988031387329,3.37978577613831,3.397217515725989,17.43173958767885
2079.2693186898923,2.49988031387329,3.37978577613831,3.3972286336584845,17.442857520174382
2080.2833362800925,2.49988031387329,3.37978577613831,3.3972398190286897,17.45404289037955
2081.2972586714322,2.49988031387329,3.37978577613831,3.397251068025874,17.46529188756396
2082.3112702453423,2.49988031387329,3.37978577613831,3.397262141795747,17.476365657437043
2083.325218117422,2.49988031387329,3.37994766235352,3.3972731156140488,17.3254532605287
2084.3392650812525,2.50024008750916,3.37994766235352,3.3972876448506737,17.339982497153628
2085.3531591606625,2.49988031387329,3.38010954856873,3.397294933583675,17.18538501494482
2086.367221696052,2.50024008750916,3.38010954856873,3.3973093356035897,17.199787034859693
2087.381507187882,2.49952030181885,3.37994766235352,3.397312789769569,17.36512741604912
2088.3955099143222,2.49988031387329,3.38010954856873,3.397326945961673,17.217397392943035
2089.4091513097624,2.49988031387329,3.38010954856873,3.3973374053525958,17.227856783865736
2090.4231469582123,2.50024008750916,3.38027143478394,3.3973513731840597,17.079938400119676
2091.437110755752,2.49988031387329,3.38010954856873,3.3973581870943135,17.24863852558345
2092.4511145438923,2.50024008750916,3.38027143478394,3.3973721712668694,17.100736482929424
2093.465088250602,2.49988031387329,3.38027143478394,3.397378922490272,17.10748770633197
2094.479084606852,2.50024008750916,3.38043332099915,3.3973928322485527,16.95951124940276
2095.4930721156325,2.50024008750916,3.38043332099915,3.397402841305022,16.969520305872177
2096.507045822342,2.49952030181885,3.38027143478394,3.3974051414012125,17.133706617272537
2097.5210014802024,2.49988031387329,3.38043332099915,3.3974179700168796,16.98464901772967
2098.535030749072,2.50024008750916,3.38059544563293,3.3974305276024954,16.83508196956529
2099.5489789750422,2.49952030181885,3.38043332099915,3.3974320570287437,16.998736029593786
2100.5629399413924,2.49988031387329,3.38059544563293,3.3974456783923963,16.850232759466177
2101.576956469892,2.49988031387329,3.38059544563293,3.3974560134163814,16.86056778345124
2102.5909609658224,2.49988031387329,3.38059544563293,3.3974666615524765,16.871215919546323
2103.6049205165723,2.49988031387329,3.38075733184814,3.3974775992465864,16.720267398446342
2104.6189094409424,2.49988031387329,3.38075733184814,3.3974880325699144,16.730700721774294
2105.6329061511024,2.49988031387329,3.38075733184814,3.397498446973803,16.741115125662898
2106.6468795039123,2.50024008750916,3.38075733184814,3.3975124398751864,16.755108027046273
2107.660837992962,2.50024008750916,3.38108110427856,3.3975222576987156,16.44115342015562
2108.6748332875222,2.49988031387329,3.38075733184814,3.3975280089864364,16.770677138296275
2109.688825750882,2.49988031387329,3.38091921806335,3.3975369933700983,16.61777530674824
2110.7028136135523,2.49988031387329,3.38091921806335,3.39754612210015,16.626904036800116
2111.7167487452625,2.50024008750916,3.38108110427856,3.3975592430189607,16.478138740400716
2112.730785799922,2.49988031387329,3.38108110427856,3.397565277519591,16.48417324103102
2113.7447570293325,2.49988031387329,3.38091921806335,3.3975748386091498,16.65562054579972
2114.758753385592,2.50024008750916,3.38108110427856,3.397587546749584,16.506442471023952
2115.772727446202,2.49988031387329,3.38124299049377,3.397592866193471,16.349875699701144
2116.7868030758523,2.49916052818298,3.38108110427856,3.397594795799871,16.513691521311102
2117.8006783986125,2.49988031387329,3.38124299049377,3.3976118839971456,16.36889350337567
2118.8299819534623,2.49988031387329,3.38124299049377,3.39762231257135,16.37932207757986
2119.844222500102,2.49988031387329,3.38124299049377,3.3976325000391836,16.389509545413627
2120.8582478760923,2.49952030181885,3.38140487670898,3.3976386446282003,16.233767919220377
2121.8722109658224,2.49988031387329,3.38124299049377,3.3976518481529436,16.40885765917366
2122.8862267865325,2.49988031387329,3.38140487670898,3.397661623604896,16.256746895916052
2123.9001689962224,2.49988031387329,3.38140487670898,3.3976714756851307,16.266598976150792
2124.914171722662,2.50024008750916,3.38156676292419,3.3976848468202765,16.1180838960866
2125.9281482605625,2.49988031387329,3.38140487670898,3.39769053970011,16.28566299112988
2126.942115597092,2.49988031387329,3.38156676292419,3.397699564924017,16.13280199982725
2127.9561023980723,2.49988031387329,3.38156676292419,3.397708630348361,16.141867424170897
2128.9701118485923,2.49988031387329,3.3817286491394,3.397717814202222,15.98916506282233
2129.9840462725024,2.49988031387329,3.3817286491394,3.3977270155813906,15.998366441990708
2130.998067047792,2.49988031387329,3.38156676292419,3.3977363830253537,16.16962010116385
2132.0120234134524,2.49988031387329,3.3817286491394,3.3977458476373155,16.017198497915608
2133.0260448965423,2.49988031387329,3.38189053535461,3.3977553673469165,15.864831992306705
2134.0399924147123,2.49988031387329,3.3817286491394,3.397764879257507,16.036230118106953
2135.0540004496424,2.49988031387329,3.38189053535461,3.3977744233294938,15.883887974883937
2136.0679660166725,2.50024008750916,3.38205242156982,3.3977875963307658,15.735174760945547
2137.081999886232,2.49988031387329,3.38189053535461,3.397793606099501,15.903070744891057
2138.0959498817024,2.50024008750916,3.38205242156982,3.3978067227407736,15.754301170953333
2139.1099419911725,2.49988031387329,3.38205242156982,3.397812489398905,15.76006782908479
2140.1239107432925,2.50024008750916,3.38221430778503,3.397825394588521,15.611086803490881
2141.1378865734023,2.49952030181885,3.38221430778503,3.3978274475243797,15.613139739349524
2142.1518786828624,2.50024008750916,3.38237619400024,3.3978438395955357,15.467645595295565
2143.1658722079324,2.49988031387329,3.38221430778503,3.3978495741950323,15.635266410002124
2144.1798579472124,2.49988031387329,3.38221430778503,3.397859096480614,15.644788695583944
2145.1938571346523,2.50024008750916,3.38237619400024,3.397872284909594,15.496090909353999
2146.2078152698023,2.50024008750916,3.38237619400024,3.3978819434909835,15.505749490743348
2147.221819765742,2.50024008750916,3.38237619400024,3.3978916707943454,15.515476794105254
2148.2357924107523,2.50024008750916,3.38253808021545,3.397901118579681,15.363038364230697
2149.249771425952,2.50024008750916,3.38253808021545,3.397910275195157,15.372194979706766
2150.2637387624823,2.49988031387329,3.38237619400024,3.3979157059404446,15.53951194020442
2151.2777478591024,2.49988031387329,3.38253808021545,3.397924606758391,15.386526542940704
2152.291688299292,2.50024008750916,3.38253808021545,3.3979369766848686,15.3988964694185
2153.305705535602,2.49988031387329,3.38253808021545,3.3979423982017125,15.404317986262406
2154.3197011840525,2.49988031387329,3.38253808021545,3.397951606702453,15.413526487003004
2155.333675244662,2.49952030181885,3.38269996643066,3.3979572753602136,15.25730892955357
2156.3476496591725,2.50024008750916,3.38286209106445,3.3979738024716553,15.111711407205242
2157.361655570702,2.49988031387329,3.38253808021545,3.3979795445766485,15.44146436119842
2158.375615829252,2.49952030181885,3.38269996643066,3.3979851559476755,15.285189517015407
2159.390091364912,2.49988031387329,3.38269996643066,3.3979979527979056,15.297986367245553
2160.4035713823523,2.49988031387329,3.38286209106445,3.3980071210833898,15.145030018939742
2161.4175744626923,2.49988031387329,3.38286209106445,3.398016274675855,15.154183611405081
2162.4315417992125,2.49988031387329,3.38286209106445,3.3980255538874107,15.16346282296066
2163.4455024116623,2.50024008750916,3.38318586349487,3.3980385022257256,14.852638730855627
2164.459505845892,2.50024008750916,3.38302397727966,3.3980479003837227,15.023923104062753
2165.4735082184325,2.49988031387329,3.38302397727966,3.398053747957588,15.029770677927878
2166.4874822790425,2.49988031387329,3.38318586349487,3.3980632747979915,14.87741130312159
2167.5014772197023,2.49988031387329,3.38318586349487,3.3980729284425335,14.887064947663564
2168.5154537576122,2.49988031387329,3.38318586349487,3.3980826657532948,14.896802258424824
2169.5294168473424,2.49988031387329,3.38318586349487,3.3980924867739053,14.906623279035358
2170.5434255900723,2.50024008750916,3.38334774971008,3.3981059898171586,14.758240107078713
2171.5574081442624,2.49988031387329,3.38334774971008,3.3981119931994157,14.764243489335804
2172.571398838132,2.49988031387329,3.38334774971008,3.3981214159199236,14.773666209843661
2173.5853679441525,2.49988031387329,3.38334774971008,3.3981306278586687,14.782878148588807
2174.5993423586624,2.50024008750916,3.38350963592529,3.3981431809340585,14.633545008768678
2175.6133595949623,2.49988031387329,3.3836715221405,3.3981486115079504,14.477089367450624
2176.627293311072,2.49988031387329,3.38350963592529,3.3981580076046294,14.648371679339522
2177.6413123168722,2.50024008750916,3.3836715221405,3.3981711668057115,14.499644665211697
2178.6552923937625,2.49952030181885,3.38350963592529,3.39817374252643,14.664106601140148
2179.6692806103424,2.50024008750916,3.3836715221405,3.3981909240946475,14.519401954147693
2180.683244761772,2.49988031387329,3.38383340835571,3.3981967655614,14.363357205690264
2181.6972418258324,2.50024008750916,3.38383340835571,3.3982096255646517,14.376217208941888
2182.7114268103123,2.49988031387329,3.38383340835571,3.398215065682555,14.381657326845154
2183.725207995902,2.49988031387329,3.38383340835571,3.3982238848113107,14.390476455600876
2184.7391965663824,2.49988031387329,3.38383340835571,3.398233345608474,14.399937252764339
2185.753181951762,2.49988031387329,3.38399529457092,3.3982430827234147,14.2477881524945
2186.767165567642,2.49988031387329,3.38399529457092,3.3982531715300692,14.25787695914904
2187.781242612902,2.50024008750916,3.38415718078613,3.3982672043996107,14.110023613480571
2188.7951296143324,2.49988031387329,3.38399529457092,3.398273307083955,14.278012513034621
2189.8091132302125,2.49988031387329,3.38431906700134,3.3982827372693793,13.963670268039241
2190.8230745504525,2.49988031387329,3.38399529457092,3.398291804434924,14.29650986400377
2191.8371066505224,2.49988031387329,3.38415718078613,3.3983009444264787,14.143763640348528
2192.851054522592,2.50024008750916,3.38415718078613,3.398314308874082,14.157128087951776
2193.8650678660124,2.49988031387329,3.38448095321655,3.398320850977572,13.839897761021902
2194.879018923172,2.50024008750916,3.38431906700134,3.398334862154575,14.015795153234922
2195.8930074936525,2.49988031387329,3.38431906700134,3.398341226922427,14.022159921086796
2196.9069928790323,2.49988031387329,3.38448095321655,3.3983510037845117,13.870050567961645
2197.920975787122,2.49988031387329,3.38431906700134,3.3983605189260673,14.041451924727166
2198.9349516172224,2.49988031387329,3.38448095321655,3.3983702627842813,13.889309567731267
2199.9489345253123,2.49988031387329,3.38448095321655,3.398380037143405,13.899083926855127
2200.962926280882,2.50024008750916,3.38448095321655,3.398393465257485,13.91251204093491
2201.9769049421825,2.49988031387329,3.38464283943176,3.3983996181848832,13.7567787531232
2202.9908977594423,2.49988031387329,3.38464283943176,3.3984092791043246,13.766439672564523
2204.0048420925323,2.49988031387329,3.38464283943176,3.3984188612310837,13.77602179932369
2205.0188547281423,2.49988031387329,3.38464283943176,3.3984285008470585,13.785661415298467
2206.0328252497625,2.49988031387329,3.38464283943176,3.3984383403189757,13.795500887215706
2207.046818420922,2.49988031387329,3.38464283943176,3.3984483483035537,13.80550887179366
2208.0608243324523,2.49988031387329,3.38496685028076,3.3984585757234904,13.491725442730473
2209.074795561872,2.49988031387329,3.38496685028076,3.3984690351548887,13.502184874128798
2210.0887908564323,2.49988031387329,3.38496685028076,3.398479705322785,13.512855042025151
2211.1027550078625,2.50024008750916,3.38512873649597,3.3984941122461403,13.365375750170383
2212.1167488868223,2.49988031387329,3.38512873649597,3.3985004638524408,13.371727356470853
2213.1307155155523,2.50024008750916,3.38512873649597,3.398513702231043,13.384965735073084
2214.1447185958923,2.49988031387329,3.38512873649597,3.398519437037981,13.390700542011302
2215.1586530198024,2.49952030181885,3.38512873649597,3.398526059571042,13.39732307507191
2216.1726603469324,2.49952030181885,3.38512873649597,3.398536830911584,13.40809441561408
2217.1866570570824,2.50024008750916,3.38529062271118,3.39855518486092,13.264562149740033
2218.2006523516425,2.49988031387329,3.38529062271118,3.3985617621436264,13.27113943244651
2219.2146303051422,2.49988031387329,3.38529062271118,3.3985714934206483,13.280870709468484
2220.2288000719623,2.49988031387329,3.38545250892639,3.3985811129538077,13.12860402741789
2221.2425823192525,2.49988031387329,3.38529062271118,3.3985912908024116,13.30066809123176
2222.256569120232,2.49988031387329,3.38529062271118,3.398601659657449,13.311036946269006
2223.2705488432225,2.49988031387329,3.3856143951416,3.398612301208248,12.997906066648302
2224.2845423682825,2.49988031387329,3.3856143951416,3.398623187386366,13.008792244766365
2225.2985273997724,2.50024008750916,3.3856143951416,3.398637742316747,13.023347175147304
2226.3124597002825,2.49988031387329,3.38577628135681,3.3986450740107674,12.86879265395724
2227.3264932159423,2.50024008750916,3.38577628135681,3.3986595384644045,12.883257107594304
2228.3404757701323,2.49988031387329,3.38577628135681,3.398666274286315,12.889992929504768
2229.354463278912,2.49988031387329,3.38577628135681,3.3986762950071885,12.900013650378295
2230.3684369856223,2.50024008750916,3.38577628135681,3.398690237679587,12.913956322776698
2231.382694873322,2.50024008750916,3.38593816757202,3.3987010968874496,12.762929315429439
2232.396413418772,2.49988031387329,3.38593816757202,3.3987085005898776,12.77033301785746
2233.410394203462,2.49988031387329,3.38610005378723,3.3987189658904655,12.618912103235402
2234.424382420042,2.49988031387329,3.38593816757202,3.398729091907719,12.79092433569895
2235.4383578962425,2.50024008750916,3.38610005378723,3.39874331525717,12.643261469940104
2236.4523450511224,2.49988031387329,3.38593816757202,3.3987507212673633,12.812553695343176
2237.4662762899425,2.49988031387329,3.38626194000244,3.3987618747372137,12.499934734773621
2238.480313344592,2.50024008750916,3.38610005378723,3.398776748586109,12.676694798878785
2239.494308639152,2.49988031387329,3.38626194000244,3.3987845411039066,12.522601101466524
2240.5082802224724,2.49988031387329,3.38626194000244,3.398795921832319,12.533981829879082
2241.5222418966123,2.50024008750916,3.38642382621765,3.398810846147407,12.387019929756882
2242.5362393145624,2.49988031387329,3.38626194000244,3.3988180495220024,12.55610951956232
2243.5502282389325,2.49988031387329,3.38642382621765,3.3988282476655005,12.404421447850478
2244.5642061924323,2.49988031387329,3.38642382621765,3.3988384796467854,12.414653429135392
2245.578200071392,2.49988031387329,3.38642382621765,3.3988495384230224,12.425712205372363
2246.5921780248923,2.49988031387329,3.38642382621765,3.3988613921539055,12.437565936255446
2247.6061496082125,2.49988031387329,3.38642382621765,3.398872708623593,12.448882405942996
2248.6200836782223,2.49988031387329,3.38658571243286,3.3988839343060424,12.298221873182413
2249.634145859712,2.49988031387329,3.38658571243286,3.3988958540896306,12.310141656770579
2250.648112488442,2.5006000995636,3.38690948486328,3.3989155991313886,12.006114268108714
2251.662078055472,2.49988031387329,3.38658571243286,3.3989205234781226,12.334811045262573
2252.676072642232,2.49988031387329,3.38674759864807,3.3989311753777813,12.183576729711376
2253.6900838622523,2.49988031387329,3.38674759864807,3.398940882796623,12.19328414855303
2254.7040448285925,2.49988031387329,3.38690948486328,3.3989520709109864,12.042586047706472
2255.718029506172,2.49988031387329,3.38674759864807,3.3989642488650174,12.2166502169474
2256.732013122062,2.50024008750916,3.38690948486328,3.3989797597074216,12.070274844141693
2257.7459967379523,2.49988031387329,3.38690948486328,3.3989880554508107,12.078570587530812
2258.7599672595725,2.50024008750916,3.38723349571228,3.39900304092067,11.76954520839013
2259.7739126543524,2.49952030181885,3.38707160949707,3.3990069120757136,11.935302578643725
2260.788047739062,2.50024008750916,3.38723349571228,3.3990260913300756,11.792595617795776
2261.8019198767224,2.49988031387329,3.38723349571228,3.399035094357941,11.801598645661215
2262.8159049082024,2.50024008750916,3.38739538192749,3.3990512238361656,11.655841908675857
2263.8298814461123,2.49988031387329,3.38739538192749,3.3990602609975213,11.664879070031553
2264.8438824030522,2.5006000995636,3.38739538192749,3.3990802178104293,11.68483588293956
2265.8578564636623,2.50024008750916,3.38739538192749,3.3990885152717527,11.693133344262918
2266.8718457419322,2.49988031387329,3.38739538192749,3.3990953719954216,11.699990067931765
2267.8858187408523,2.49988031387329,3.3875572681427,3.3991069311457305,11.549663003030286
2268.899808373022,2.50024008750916,3.38771915435791,3.399123909811175,11.404755453265025
2269.9138033136824,2.50024008750916,3.38771915435791,3.399136190316097,11.417035958186883
2270.927774896992,2.49988031387329,3.3875572681427,3.3991438057717214,11.586537629021176
2271.941754266092,2.49988031387329,3.38771915435791,3.399155634686782,11.436480328872012
2272.955730803992,2.49988031387329,3.38771915435791,3.399168266668134,11.449112310224052
2273.9697285758425,2.50024008750916,3.38771915435791,3.399185703630225,11.466549272314719
2274.9837097144423,2.50024008750916,3.38771915435791,3.399198248949023,11.479094591112737
2275.9976674956924,2.49988031387329,3.38771915435791,3.3992068410228504,11.487686664940266
2277.0116588973524,2.50024008750916,3.38788104057312,3.3992230275366957,11.341986963575579
2278.025634727462,2.49988031387329,3.38788104057312,3.3992321029308203,11.351062357700226
2279.0396523176623,2.50024008750916,3.38788104057312,3.399248451690608,11.367411117487958
2280.053616115202,2.49988031387329,3.38788104057312,3.3992576749416243,11.376634368504224
2281.0676071629723,2.49988031387329,3.38804292678833,3.399270570645016,11.227643856686065
2282.081614843992,2.50024008750916,3.38820481300354,3.3992871069664115,11.082293962871415
2283.0955754564425,2.50024008750916,3.38820481300354,3.399299572241961,11.09475923842096
2284.1095555333322,2.49988031387329,3.38820481300354,3.3993082469049125,11.103433901372473
2285.1235133145824,2.49988031387329,3.38804292678833,3.399320325923362,11.277399135031896
2286.1375401061623,2.49988031387329,3.38820481300354,3.399333075622418,11.128262618878004
2287.151457896812,2.49988031387329,3.38820481300354,3.3993461862868153,11.141373283275247
2288.1654981365623,2.49988031387329,3.38836669921875,3.3993595811231643,10.992881904414276
2289.1793879691822,2.49988031387329,3.38836669921875,3.399372883620543,11.006184401793018
2290.193456520852,2.49988031387329,3.38836669921875,3.399386086802427,11.01938758367682
2291.2074086397224,2.49988031387329,3.38836669921875,3.3993993006135894,11.032601394839414
2292.2214184441423,2.49988031387329,3.38852858543396,3.399412752464244,10.884167030284164
2293.2353702091023,2.49952030181885,3.38852858543396,3.399422993593949,10.894408159988878
2294.249383198622,2.50024008750916,3.38869047164917,3.3994442760928534,10.753804443683457
2295.263332840192,2.49988031387329,3.38869047164917,3.3994547508648547,10.764279215684791
2296.277362462962,2.49988031387329,3.38869047164917,3.399468304460797,10.777832811627253
2297.2913503256323,2.49988031387329,3.38869047164917,3.3994816828105074,10.791211161337522
2298.3053144770724,2.49988031387329,3.38885235786438,3.399495005078743,10.642647214363254
2299.3192736739225,2.49988031387329,3.38885235786438,3.399509016742556,10.656658878176017
2300.3332587054024,2.49988031387329,3.38885235786438,3.399523290225861,10.67093236148109
2301.3472242724324,2.50024008750916,3.38901424407959,3.3995414226298206,10.527178550230776
2302.3612531874023,2.49988031387329,3.38901424407959,3.3995517368111927,10.537492731602871
2303.3751879652123,2.49988031387329,3.38901424407959,3.3995654624508744,10.551218371284588
2304.3896454520223,2.49988031387329,3.38901424407959,3.3995790230670786,10.564778987488754
2305.403168645152,2.49988031387329,3.3891761302948,3.3995930492836295,10.416918988829682
2306.417181280772,2.49988031387329,3.3891761302948,3.399607441095545,10.43131080074522
2307.4311532179822,2.50024008750916,3.3891761302948,3.3996256667411324,10.449536446332619
2308.445153113232,2.49988031387329,3.3891761302948,3.39963659296648,10.460462671680215
2309.459123280952,2.50024008750916,3.38933825492859,3.399654504132296,10.316249203705663
2310.4731160982124,2.49988031387329,3.38933825492859,3.399665165913365,10.326910984774784
2311.487058661802,2.49988031387329,3.3891761302948,3.3996795937206845,10.503463425884707
2312.501031660712,2.49988031387329,3.38933825492859,3.3996944610166424,10.356206088052211
2313.515032617662,2.49988031387329,3.38933825492859,3.399709558142098,10.371303213507765
2314.5290618865324,2.50024008750916,3.3895001411438,3.3997283323561613,10.228191212361182
2315.5429966643424,2.50024008750916,3.38966202735901,3.399743076242042,10.081048883031851
2316.5570192091322,2.49988031387329,3.38966202735901,3.3997541070718915,10.092079712881397
2317.5709815910623,2.49988031387329,3.3895001411438,3.3997686548388155,10.268513695015358
2318.5850023663625,2.49988031387329,3.38966202735901,3.399783734113225,10.121706754214976
2319.5989392675624,2.49988031387329,3.38982391357422,3.3997990118304373,9.97509825621723
2320.612951549282,2.49988031387329,3.38966202735901,3.399814490387546,10.152463028535674
2321.6269379963624,2.49988031387329,3.38982391357422,3.39982977605217,10.00586247794999
2322.640890115222,2.50024008750916,3.38982391357422,3.399848605168621,10.024691594400892
2323.654885763682,2.49988031387329,3.38998579978943,3.3998602225201897,9.874422730759669
2324.6688870745224,2.50024008750916,3.38998579978943,3.3998794197252855,9.893619935855469
2325.6828678592124,2.50024008750916,3.39014768600464,3.399895416942971,9.747730938331145
2326.6968539523923,2.50024008750916,3.39014768600464,3.3999116889889844,9.764002984344433
2327.710789084102,2.49988031387329,3.38998579978943,3.399924190758295,9.93839096886484
2328.7250285690525,2.49988031387329,3.38998579978943,3.3999398167175134,9.954016928083398
2329.7389516681924,2.49988031387329,3.39014768600464,3.399955254096481,9.807568091841024
2330.7527901854323,2.49988031387329,3.39030957221985,3.399970810486033,9.661238266183148
2331.7667511517825,2.49988031387329,3.39030957221985,3.3999871032980944,9.677531078244428
2332.7808508465723,2.50024008750916,3.39030957221985,3.4000073144942653,9.697742274415333
2333.7829108933524,2.50024008750916,3.39047145843506,3.4000239172624958,9.552458827435828
2334.793110619852,2.49988031387329,3.39030957221985,3.400036370939599,9.72679871974913
2335.807103791012,2.49988031387329,3.39047145843506,3.400052295551649,9.58083711658908
2336.821095192682,2.49988031387329,3.39047145843506,3.4000682450517985,9.596786616738573
2337.8350614675123,2.49988031387329,3.39063334465027,3.4000848529578884,9.451508307618539
2338.8490496840923,2.49988031387329,3.39047145843506,3.400101751878998,9.630293443938065
2339.8630301148823,2.49988031387329,3.39063334465027,3.40011866656866,9.48532191838991
2340.8770169158624,2.49988031387329,3.39063334465027,3.4001352066794572,9.501862029187347
2341.890989560872,2.49988031387329,3.39063334465027,3.4001516372534146,9.51829260314474
2342.9049901639223,2.49988031387329,3.39063334465027,3.400168469720645,9.535125070375017
2343.918969179112,2.50024008750916,3.39095711708069,3.400189618756279,9.232501675588978
2344.9329460709223,2.50024008750916,3.39095711708069,3.400207599267737,9.250482187047382
2345.946837319132,2.49988031387329,3.39079523086548,3.400221629819561,9.426398954081261
2346.960937721732,2.49988031387329,3.39095711708069,3.4002388052480885,9.281688167398716
2347.9749025809624,2.49988031387329,3.39095711708069,3.400255772579102,9.298655498412245
2348.9888946904325,2.49988031387329,3.39095711708069,3.4002730973928608,9.315980312170957
2350.0028630886522,2.49988031387329,3.3911190032959,3.4002906702831837,9.171666987283444
2351.0168520130323,2.49988031387329,3.3911190032959,3.400308505785173,9.189502489272972
2352.030836336712,2.49988031387329,3.3911190032959,3.400326978342941,9.20797504704085
2353.0448149980125,2.50024008750916,3.39128088951111,3.400349492793904,9.068603282794019
2354.0588010911924,2.50024008750916,3.39128088951111,3.400367866408508,9.086976897398014
2355.072782229782,2.50024008750916,3.39128088951111,3.4003854476862907,9.104558175180522
2356.0867708002625,2.49988031387329,3.39128088951111,3.4003990688477574,9.11817933664727
2357.100755477842,2.49988031387329,3.39128088951111,3.400417166565187,9.136277054076825
2358.1147387398323,2.49988031387329,3.3914430141449,3.400435566693238,8.992552548337862
2359.1287174011322,2.49988031387329,3.3914430141449,3.4004540917021155,9.011077557215419
2360.1426900461424,2.49988031387329,3.3914430141449,3.4004727363821776,9.029722237277493
2361.156699142762,2.49988031387329,3.39160490036011,3.400491713350831,8.886812990720916
2362.1706544467224,2.49988031387329,3.39160490036011,3.4005112589207935,8.906358560683447
2363.184665666742,2.50024008750916,3.39160490036011,3.4005346551020286,8.929754741918483
2364.1986294642725,2.49988031387329,3.39160490036011,3.4005495107989447,8.944610438834655
2365.2126063560822,2.49988031387329,3.39160490036011,3.4005673069584157,8.962406598305606
2366.2265719231123,2.49952030181885,3.39160490036011,3.4005826319543466,8.977731594236538
2367.2405530617025,2.49988031387329,3.39176678657532,3.400606168792107,8.83938221678715
2368.2545887007623,2.49988031387329,3.39176678657532,3.4006265084214244,8.859721846104396
2369.272921029022,2.50024008750916,3.39192867279053,3.400650864102799,8.722191312268812
2370.2825315134924,2.50024008750916,3.39192867279053,3.4006703795807236,8.741706790193593
2371.2965133598823,2.49988031387329,3.39176678657532,3.400685362537091,8.918575961771147
2372.310493082882,2.49988031387329,3.39192867279053,3.4007050010348956,8.776328244365583
2373.3244837767525,2.49988031387329,3.39209055900574,3.400725182275313,8.634623269573094
2374.3384592529524,2.50024008750916,3.39209055900574,3.400749159780286,8.658600774546166
2375.3524662261825,2.49988031387329,3.39225244522095,3.400766223246517,8.513778025566854
2376.3664183450524,2.49988031387329,3.39225244522095,3.4007870660014237,8.534620780473734
2377.380725424732,2.50024008750916,3.39225244522095,3.400811635196624,8.559189975674286
2378.3944128270523,2.50024008750916,3.39225244522095,3.400832446461689,8.580001240738877
2379.4083107993524,2.50024008750916,3.39225244522095,3.4008532196194383,8.600774398488387
2380.4223708574523,2.50024008750916,3.39257621765137,3.400873953653113,8.297736001743328
2381.436339963472,2.49988031387329,3.39225244522095,3.4008911575800918,8.63871235914182
2382.4503363197223,2.49988031387329,3.39241433143616,3.4009120702215734,8.497738785413489
2383.464318166112,2.49988031387329,3.39241433143616,3.4009330297188822,8.518698282722337
2384.4782901033323,2.49988031387329,3.39241433143616,3.40095410138092,8.539769944760245
2385.492285751792,2.50024008750916,3.39273810386658,3.4009792006760873,8.241096809507464
2386.5062806924425,2.49988031387329,3.39257621765137,3.4009973392228448,8.421121571474899
2387.520246967272,2.49988031387329,3.39273810386658,3.401019309620754,8.281205754174348
2388.5342348299523,2.50024008750916,3.39273810386658,3.4010449967465903,8.306892880010519
2389.5481873027124,2.49988031387329,3.39273810386658,3.40106363370841,8.325529841830104
2390.5621992305323,2.50024008750916,3.39289999008179,3.4010896339769876,8.189643895197385
2391.5761948789923,2.49988031387329,3.39273810386658,3.4011084845548925,8.37038068831264
2392.590178848772,2.49988031387329,3.39289999008179,3.4011308348225566,8.230844740766408
2393.6041536171824,2.49988031387329,3.39289999008179,3.401153204656811,8.253214575020706
2394.6181266160925,2.49988031387329,3.39289999008179,3.4011756033648406,8.275613283050376
2395.632111293682,2.49988031387329,3.39289999008179,3.4011982978012547,8.298307719464493
2396.6461016336525,2.49988031387329,3.393061876297,3.4012212275218894,8.1593512248892
2397.6600891424223,2.49988031387329,3.393061876297,3.401244440952319,8.182564655318636
2398.6740833752824,2.49988031387329,3.393061876297,3.401267737794569,8.205861497568634
2399.688073007452,2.50024008750916,3.393061876297,3.4012946300053724,8.232753708372176
2400.701981950632,2.49988031387329,3.393061876297,3.401314377973405,8.25250167640501
2401.7160133428924,2.49952030181885,3.393061876297,3.401334240921154,8.272364624153816
2402.7299930658924,2.49988031387329,3.39322376251221,3.401361703335805,8.137940823594647
2403.7439855292523,2.50024008750916,3.39338564872742,3.4013894721334466,8.003823406026456
2404.7579716224323,2.49988031387329,3.39322376251221,3.4014103992280877,8.186636715877604
2405.7719442674525,2.50024008750916,3.39338564872742,3.4014384983275243,8.052849600104217
2406.7862460386423,2.50024008750916,3.39322376251221,3.4014630554085916,8.239292896381478
2407.7999260090824,2.49988031387329,3.39354753494263,3.401484037866711,7.93650292408099
2408.8138958229124,2.49952030181885,3.39354753494263,3.4015051504087594,7.957615466129386
2409.8278882862724,2.49988031387329,3.39354753494263,3.4015336988277722,7.986163885142172
2410.841859869592,2.49988031387329,3.39354753494263,3.401558817881621,8.011282938991116
2411.8558300373124,2.49988031387329,3.39370965957642,3.4015841240449345,7.874464468514475
2412.8698256857624,2.49988031387329,3.39370965957642,3.4016096521877355,7.899992611315465
2413.8838170874324,2.49988031387329,3.39370965957642,3.4016353781985678,7.925718622147748
2414.8978021189123,2.49988031387329,3.39370965957642,3.401661302020451,7.951642444031126
2415.9117772412224,2.49988031387329,3.39370965957642,3.4016874242974513,7.9777647210312885
2416.925755194722,2.49952030181885,3.39370965957642,3.4017101451494094,8.00048557298938
2417.939758275062,2.50024008750916,3.39403343200684,3.401743863080352,7.710431073511881
2418.9537199492024,2.49988031387329,3.39387154579163,3.4017668875705955,7.895341778965559
2419.967715243762,2.49988031387329,3.39403343200684,3.401793456624359,7.760024617518901
2420.9817151390025,2.49988031387329,3.39387154579163,3.401820088687289,7.948542895658939
2421.995671858562,2.49988031387329,3.39403343200684,3.401846782500982,7.813350494142224
2423.009633532702,2.49988031387329,3.39419531822205,3.401874187893332,7.6788696712819515
2424.0236468761123,2.49988031387329,3.39403343200684,3.401901960631744,7.868528624904059
2425.037646063562,2.50024008750916,3.39419531822205,3.401933692597466,7.738374375416246
2426.0515263409025,2.50024008750916,3.39419531822205,3.4019617109890024,7.766392766952457
2427.0655980776723,2.49988031387329,3.39419531822205,3.401985881586011,7.790563363961223
2428.0796146061725,2.50024008750916,3.39419531822205,3.4020172182742408,7.8219000521908555
2429.0935401826023,2.49988031387329,3.39435720443726,3.402041419231583,7.684214794323019
2430.1075588345025,2.49988031387329,3.39435720443726,3.40206963250051,7.712428063250343
2431.1215364341024,2.49988031387329,3.39435720443726,3.402098035863274,7.7408314260143385
2432.1355246506823,2.49988031387329,3.39451909065247,3.4021266307586147,7.607540106144839
2433.149493756702,2.49988031387329,3.39435720443726,3.4021557076700737,7.798503232813836
2434.163488343462,2.50024008750916,3.39451909065247,3.402188777772388,7.669687119918223
2435.1774804529223,2.49988031387329,3.39451909065247,3.4022150065087504,7.6959158562806
2436.1914339873924,2.50024008750916,3.39451909065247,3.4022485920231986,7.7295013707288085
2437.2054211422624,2.49988031387329,3.39451909065247,3.4022748526918103,7.755762039340475
2438.2194167907223,2.49988031387329,3.39468097686768,3.402304633093908,7.6236562262281815
2439.2334135008723,2.49988031387329,3.39484286308289,3.4023342867849027,7.491423702012501
2440.2473928699724,2.49988031387329,3.39468097686768,3.4023643983747265,7.683421507046706
2441.2613520668224,2.49988031387329,3.39468097686768,3.402394726585533,7.713749717853435
2442.2753540854624,2.49988031387329,3.39484286308289,3.4024253102420667,7.582447159176553
2443.2893380552423,2.49988031387329,3.39484286308289,3.4024562965119283,7.613433429038086
2444.3033464440723,2.49988031387329,3.39484286308289,3.4024877717757422,7.644908692852059
2445.317304933122,2.50024008750916,3.39516663551331,3.4025233684695797,7.356732956269596
2446.3312729774425,2.49988031387329,3.3950047492981,3.402552170064143,7.547420766042645
2447.345255531632,2.49988031387329,3.3950047492981,3.402584454808571,7.579705510470713
2448.359245517702,2.49988031387329,3.3950047492981,3.402616814309552,7.61206501145173
2449.3780145574824,2.49988031387329,3.3950047492981,3.402649329611895,7.64458031379478
2450.387543645152,2.49988031387329,3.39516663551331,3.402681685693064,7.515050179753846
2451.401169469032,2.50024008750916,3.39516663551331,3.4027178097296775,7.551174216367418
2452.415143529642,2.49988031387329,3.39532852172852,3.402746747848338,7.418226119817906
2453.4291030803925,2.49988031387329,3.39516663551331,3.4027795248861294,7.6128893728193425
2454.4430990827423,2.49988031387329,3.39532852172852,3.4028127882913224,7.484266562802322
2455.4571315367125,2.49988031387329,3.39516663551331,3.4028464667827016,7.679831269391535
2456.471117275992,2.49988031387329,3.39532852172852,3.4028806205370214,7.552098808501384
2457.4851026613724,2.49988031387329,3.39532852172852,3.40291525317029,7.586731441770134
2458.4990745985824,2.49988031387329,3.39549040794373,3.402950431708953,7.460023765223145
2459.5130617534624,2.50024008750916,3.39532852172852,3.4029897942047556,7.661272476235492
2460.527064126002,2.49988031387329,3.39549040794373,3.403021592956369,7.531185012639163
2461.5410027967023,2.50024008750916,3.39565229415894,3.403060081600883,7.407787441942926
2462.555026403192,2.49988031387329,3.39565229415894,3.403090852941558,7.43855878261801
2463.568960119302,2.49952030181885,3.39565229415894,3.4031216763700183,7.46938221107829
2464.5829946966624,2.49988031387329,3.39565229415894,3.4031611025325677,7.508808373627662
2465.5969648643822,2.50024008750916,3.39581441879272,3.403201431333661,7.387012540940763
2466.6109481263625,2.49988031387329,3.39581441879272,3.4032351957714115,7.420776978691368
2467.6249324500523,2.49988031387329,3.39565229415894,3.403272125382936,7.619831223995899
2468.6388831533222,2.49988031387329,3.39581441879272,3.403309018293732,7.494599501011834
2469.6529000357223,2.49988031387329,3.39565229415894,3.4033461673575465,7.693873198606482
2470.6668394142225,2.49988031387329,3.39581441879272,3.4033837382489307,7.569319456210533
2471.680870098692,2.49988031387329,3.39581441879272,3.4034216582741244,7.607239481404182
2472.6948130161722,2.50024008750916,3.39597630500793,3.4034634983472305,7.487193339300369
2473.7088373304623,2.50024008750916,3.39597630500793,3.403502112864578,7.525807856648026
2474.7227462736323,2.49988031387329,3.39613819122314,3.403537433806202,7.399242583062016
2475.736788282872,2.49988031387329,3.39613819122314,3.4035763630321205,7.438171808980432
2476.7507690675725,2.49988031387329,3.39613819122314,3.4036153292313127,7.4771380081726235
2477.7647597614323,2.49988031387329,3.39613819122314,3.4036547512422266,7.516560019086516
2478.7788435307725,2.49988031387329,3.39630007743835,3.4036950516111495,7.39497417279944
2479.792721330822,2.50024008750916,3.39630007743835,3.403739802555805,7.439725117455165
2480.806691144642,2.49988031387329,3.39613819122314,3.4037765673557066,7.63837613256646
2481.8206977639725,2.49988031387329,3.39630007743835,3.4038166784190973,7.516600980747246
2482.8346328956823,2.49988031387329,3.39646196365356,3.403856930565666,7.39496691210606
2483.848646946892,2.49988031387329,3.39630007743835,3.403898513880116,7.598436441766054
2484.8626036664423,2.50024008750916,3.39646196365356,3.4039443945003645,7.482430846804444
2485.876586574532,2.49952030181885,3.39630007743835,3.4039791264525814,7.679049014231332
2486.8905659436323,2.49988031387329,3.39646196365356,3.4040243952644196,7.562431610859566
2487.9045856572225,2.49988031387329,3.39662384986877,3.4040663569160916,7.442507047321634
2488.9185657341222,2.49988031387329,3.39662384986877,3.404109293133944,7.485443265173863
2489.9325574896925,2.49988031387329,3.39662384986877,3.404152826413261,7.528976544490806
2490.946529426902,2.49988031387329,3.39662384986877,3.4041968566578746,7.573006789104664
2491.9605328611424,2.50024008750916,3.39662384986877,3.404245021650753,7.621171781983183
2492.9745486818424,2.50024008750916,3.39678573608398,3.4042894536645525,7.503717580572555
2493.9884767355725,2.49988031387329,3.39678573608398,3.404329661385416,7.543925301435994
2495.0026595966624,2.49988031387329,3.39678573608398,3.404373386662631,7.587650578650962
2496.0166690471824,2.50024008750916,3.39678573608398,3.4044221004535937,7.636364369613791
2497.0305514479223,2.49988031387329,3.39678573608398,3.4044643415103737,7.678605426393759
2498.0446228307924,2.49988031387329,3.39694762229919,3.404510335982627,7.562713683437305
2499.0585958297024,2.49988031387329,3.39694762229919,3.404556387955274,7.608765656084149
2500.072417713692,2.49988031387329,3.39694762229919,3.404603069190439,7.655446891249085
2501.0862976371322,2.50024008750916,3.39694762229919,3.4046543581037283,7.7067358045384005
2502.100361942022,2.50024008750916,3.3971095085144,3.4047024472389,7.592938724500176
2503.114342372812,2.49988031387329,3.39694762229919,3.404746457873659,7.798835574468921
2504.1283288198924,2.50024008750916,3.3971095085144,3.404797636601615,7.688128087214974
2505.1422904940323,2.49988031387329,3.3971095085144,3.4048417991243265,7.73229060992664
2506.1563112693325,2.49988031387329,3.3971095085144,3.4048896677761076,7.78015926170772
2507.1702640959925,2.50024008750916,3.39727139472961,3.404942635209641,7.671240480031205
2508.184210198572,2.50024008750916,3.39743328094482,3.40499298682713,7.559705882309586
2509.198237697952,2.49988031387329,3.39727139472961,3.405039544458574,7.768149728964335
2510.212239716592,2.49988031387329,3.39727139472961,3.4050889169995298,7.817522269919941
2511.2261812184825,2.49988031387329,3.39727139472961,3.405138739711906,7.867344982296132
2512.2401832371224,2.50024008750916,3.39727139472961,3.405193873151391,7.922478421781065
2513.2541626062225,2.49988031387329,3.39727139472961,3.405242092394547,7.9706976649371875
2514.2681561312825,2.49988031387329,3.39759516716003,3.405293150784174,7.697983624143756
2515.282107542352,2.49988031387329,3.39759516716003,3.4053452833466786,7.750116186648448
2516.296113807782,2.50024008750916,3.39743328094482,3.405402264087759,7.9689831429385904
2517.310087868392,2.49988031387329,3.39759516716003,3.4054513584514634,7.856191291433223
2518.3240852863423,2.49988031387329,3.39743328094482,3.405503968421546,8.07068747672579
2519.338028911622,2.5006000995636,3.39775705337524,3.4055658079070437,7.808754531803519
2520.3520620733925,2.49988031387329,3.39775705337524,3.405613025425558,7.855972050317739
2521.3660279943224,2.49952030181885,3.39759516716003,3.405660861013575,8.065693853544609
2522.3803478143723,2.49988031387329,3.39775705337524,3.405720206687836,7.963153312595672
2523.393980008432,2.49988031387329,3.39775705337524,3.4057765929847705,8.01953960953039
2524.408012108492,2.49988031387329,3.39775705337524,3.4058325547703876,8.075501395147455
2525.4219426395125,2.50024008750916,3.39791893959045,3.405893609560329,7.974669969879056
2526.435961645312,2.49988031387329,3.39791893959045,3.405945589944113,8.026650353663012
2527.4499296896424,2.49988031387329,3.39775705337524,3.4060025725411056,8.245519165865467
2528.463898087862,2.50024008750916,3.39791893959045,3.406064180347205,8.145240756754824
2529.4778314500722,2.49988031387329,3.39791893959045,3.4061187683882355,8.199828797785358
2530.4918886769724,2.50024008750916,3.39808106422424,3.406181486137709,8.100421913468825
2531.5058563674024,2.49988031387329,3.39808106422424,3.406235629275807,8.154565051567086
2532.5198477690724,2.49988031387329,3.39808106422424,3.4062944473864873,8.21338316224729
2533.533820414082,2.49988031387329,3.39808106422424,3.406354757332504,8.27369310826409
2534.5478617155222,2.50024008750916,3.39808106422424,3.406419445587174,8.338381362933855
2535.5617894153525,2.49988031387329,3.39808106422424,3.406475915829896,8.394851605655784
2536.576003773462,2.49988031387329,3.39824295043945,3.406536653276057,8.293702836606798
2537.589951291642,2.49988031387329,3.39808106422424,3.4065985731675332,8.517508943293173
2538.6039625116523,2.50024008750916,3.39824295043945,3.406665795185629,8.422844746179159
2539.6179075525424,2.49988031387329,3.39808106422424,3.406724367529638,8.643303305397865
2540.6319201881524,2.50024008750916,3.39824295043945,3.406789833113789,8.546882674338896
2541.6458701836223,2.49952030181885,3.39824295043945,3.4068451144120986,8.602163972648569
2542.6598888355225,2.49988031387329,3.39824295043945,3.406913508054191,8.670557614741004
2543.6738823605824,2.49988031387329,3.39808106422424,3.406978754301826,8.897690077585896
2544.6876695624624,2.49988031387329,3.39824295043945,3.407043839949455,8.800889510005128
2545.7016117721523,2.50024008750916,3.39824295043945,3.4071143859169886,8.871435477538547
2546.7156240538625,2.49988031387329,3.39824295043945,3.407175979626058,8.933029186608099
2547.729597052782,2.49988031387329,3.39824295043945,3.4072415768762094,8.998626436759416
2548.7435512950424,2.49988031387329,3.39824295043945,3.407309131885079,9.066181445628985
2549.757573132032,2.50024008750916,3.39840483665466,3.407381672455377,8.976835800717176
2550.771556747912,2.49988031387329,3.39824295043945,3.4074450388963786,9.202088456928603
2551.785648656932,2.49952030181885,3.39824295043945,3.4075088675721252,9.265917132675217
2552.7995303498724,2.49988031387329,3.39840483665466,3.4075814858034765,9.176649148816551
2553.813486007732,2.49988031387329,3.39840483665466,3.4076527725198495,9.247935865189572
2554.8274940426522,2.5006000995636,3.39872860908508,3.407733197336393,9.004588251313006
2555.8414635025724,2.49988031387329,3.39872860908508,3.407795195016365,9.066585931285065
2556.8554563198422,2.50024008750916,3.39889049530029,3.4078693023589044,8.978807058614535
2557.8694204712724,2.49988031387329,3.39856672286987,3.407937560453513,9.370837583642988
2558.8834239055122,2.50024008750916,3.39889049530029,3.4080137506255865,9.123255325296675
2559.8973742548824,2.49988031387329,3.39889049530029,3.4080830862319975,9.192590931707656
2560.9113890138924,2.50024008750916,3.39921426773071,3.408160856582508,8.946588851798332
2561.9253577660124,2.49988031387329,3.39889049530029,3.4082307670774346,9.340271777144693
2562.9393527066723,2.49988031387329,3.3990523815155,3.4083046319024253,9.252250386925454
2563.953323936082,2.49988031387329,3.3990523815155,3.40838009156058,9.327710045080373
2564.9673287859223,2.50024008750916,3.3990523815155,3.4084613714660974,9.40898995059758
2565.9813049699223,2.49988031387329,3.3990523815155,3.408532922988453,9.480541472953075
2566.9952885858124,2.49988031387329,3.39921426773071,3.408609449688193,9.395181957483345
2568.0092576918323,2.49952030181885,3.3990523815155,3.408682516414495,9.630134898995113
2569.023246262312,2.49988031387329,3.3990523815155,3.4087653882566116,9.713006741111752
2570.037245095852,2.49988031387329,3.39921426773071,3.4088443482082345,9.630080477524672
2571.0511841204525,2.49988031387329,3.3990523815155,3.4089240865262664,9.871705010766618
2572.065194278772,2.49988031387329,3.39937615394592,3.409004435764689,9.628281818768958
2573.0791839109424,2.50024008750916,3.39937615394592,3.4090895087647364,9.713354818816189
2574.093169650232,2.49988031387329,3.39921426773071,3.409166695790726,9.95242806001606
2575.1071667142824,2.49988031387329,3.39937615394592,3.4092477265759547,9.871572630034464
2576.1211354664024,2.49952030181885,3.39937615394592,3.4093259892920864,9.949835346166225
2577.1351275758725,2.49988031387329,3.39937615394592,3.409413560876288,10.037406930367698
2578.149096327992,2.50024008750916,3.39953804016113,3.409503265783232,9.96522562210167
2579.1630806516723,2.49988031387329,3.39937615394592,3.4095839551193383,10.20780117341813
2580.1770770079324,2.49988031387329,3.39953804016113,3.409668061497713,10.130021336582917
2581.191065932302,2.49988031387329,3.39953804016113,3.409753579914596,10.215539753466008
2582.204998232822,2.49988031387329,3.39953804016113,3.409840022255532,10.301982094401918
2583.2190080372425,2.49988031387329,3.39969992637634,3.4099273009412636,10.227374564923508
2584.233005455192,2.49988031387329,3.39969992637634,3.4100151914574925,10.315265081152436
2585.2469943795622,2.49988031387329,3.39969992637634,3.4101037576584066,10.403831282066456
2586.2609277417723,2.49988031387329,3.39986181259155,3.4101928585064933,10.331045914943271
2587.274961257442,2.50024008750916,3.39986181259155,3.410285982392862,10.424169801312111
2588.2889275322723,2.49952030181885,3.39986181259155,3.4103688199467497,10.507007355199605
2589.302913625452,2.49988031387329,3.39986181259155,3.4104635068048665,10.60169421331647
2590.3168972413323,2.49988031387329,3.39986181259155,3.4105559462537864,10.694133662236371
2591.3309173088323,2.49988031387329,3.40002369880676,3.410649446708402,10.625747901642058
2592.344861995812,2.50024008750916,3.40002369880676,3.4107469613621295,10.723262555369484
2593.359011590382,2.49988031387329,3.40002369880676,3.4108375282167787,10.813829410018627
2594.3734322716823,2.49988031387329,3.40002369880676,3.4109322127204527,10.90851391369263
2595.3871925772323,2.49988031387329,3.40018582344055,3.4110278897584454,10.842066317895416
2596.4008007061525,2.50024008750916,3.40034770965576,3.4111282573413635,10.780547685603548
2597.4147921078124,2.50024008750916,3.40018582344055,3.4112259980710986,11.040174630548627
2598.4287672301225,2.50024008750916,3.40034770965576,3.411324060888615,10.97635123285512
2599.4427533233024,2.50024008750916,3.40018582344055,3.4114224951399756,11.23667169942566
2600.4567372930924,2.50024008750916,3.40034770965576,3.4115214339484603,11.17372429270036
2601.470726925262,2.49988031387329,3.40034770965576,3.4116177113162327,11.270001660472762
2602.484716203532,2.50024008750916,3.40034770965576,3.4117220241747774,11.374314519017492
2603.4986959265325,2.49988031387329,3.40050959587097,3.4118199187950586,11.310322924088734
2604.512721302512,2.49988031387329,3.40050959587097,3.4119221661185812,11.412570247611331
2605.5266564342223,2.50024008750916,3.40050959587097,3.412028762023624,11.519166152654137
2606.5406464202924,2.49988031387329,3.40050959587097,3.412128930166402,11.619334295432271
2607.5546208348023,2.49988031387329,3.40050959587097,3.412233689693506,11.72409382253603
2608.5686005577923,2.49988031387329,3.40050959587097,3.4123393394277577,11.829743556787786
2609.582606115422,2.49988031387329,3.40067148208618,3.4124458680068224,11.774385920642505
2610.5965787604423,2.49988031387329,3.40050959587097,3.4125530008058633,12.04340493489342
2611.6105634380224,2.49988031387329,3.40067148208618,3.4126608772828093,11.989395196629449
2612.624535021342,2.49988031387329,3.40067148208618,3.412769528013756,12.09804592757635
2613.6384885558023,2.49988031387329,3.40067148208618,3.412879300630386,12.207818544206273
2614.652505792102,2.49988031387329,3.40067148208618,3.4129900224170053,12.318540330825467
2615.6669763731825,2.49988031387329,3.40083336830139,3.413101673264895,12.268304963505283
2616.6805041670023,2.49952030181885,3.40067148208618,3.413210135085569,12.538652999388944
2617.694460532652,2.49988031387329,3.40067148208618,3.4133265577781957,12.65507569201585
2618.708433531562,2.49988031387329,3.40083336830139,3.413440295409142,12.606927107752242
2619.7224263488324,2.49988031387329,3.40083336830139,3.4135556801599916,12.722311858601731
2620.7366060248323,2.49988031387329,3.4009952545166,3.4136723114382694,12.67705692166965
2621.7505885790224,2.50024008750916,3.40115714073181,3.413793443430072,12.636302698261659
2622.764565470822,2.49988031387329,3.4009952545166,3.4139075653208315,12.91231080423172
2623.7785713823523,2.50024008750916,3.40115714073181,3.4140295240702536,12.872383338443427
2624.7925327025923,2.50024008750916,3.4009952545166,3.4141485369223776,13.153282405777844
2625.806524458162,2.50024008750916,3.40115714073181,3.414268242902883,13.111102171072808
2626.820312721732,2.49988031387329,3.40115714073181,3.4143849950021683,13.227854270358108
2627.8345019530025,2.50024008750916,3.40131902694702,3.4145102439774906,13.191217030470437
2628.8484636271523,2.49988031387329,3.40115714073181,3.4146295458384714,13.472405106661256
2629.8624656457923,2.49988031387329,3.40148091316223,3.4147535416936106,13.272628531380448
2630.876454216262,2.49952030181885,3.40131902694702,3.4148745497688675,13.555522821847354
2631.8904204910923,2.49988031387329,3.40148091316223,3.4150035969833112,13.522683821081127
2632.9044150778523,2.49988031387329,3.40131902694702,3.4151301148659425,13.811087918922382
2633.918405417822,2.49988031387329,3.40131902694702,3.415257960056113,13.938933109092666
2634.932361429572,2.49988031387329,3.40148091316223,3.4153869538981936,13.906040735963465
2635.9463524773423,2.49988031387329,3.40164279937744,3.4155166050254526,13.87380564801255
2636.9601471111023,2.49988031387329,3.40164279937744,3.415646961481484,14.004162104043871
2637.974126834092,2.49988031387329,3.40148091316223,3.415778333504355,14.297420342124667
2638.9883026172024,2.49988031387329,3.40148091316223,3.415911754348088,14.430841185857801
2640.0020746014225,2.50024008750916,3.40180468559265,3.4160502238427455,14.245538250095446
2641.0160748505623,2.50024008750916,3.40180468559265,3.416185568039006,14.380882446356047
2642.0300581125525,2.49988031387329,3.40164279937744,3.4163170121110515,14.67421273361147
2643.044041728432,2.49988031387329,3.40180468559265,3.4164523487649006,14.647663172250525
2644.0580295911122,2.49988031387329,3.40180468559265,3.416589651556921,14.784965964270924
2645.0719721547025,2.49988031387329,3.40180468559265,3.4167283904312638,14.923704838613716
2646.0860031930724,2.49988031387329,3.40196657180786,3.4168682280702325,14.901656262372498
2647.099970529592,2.49988031387329,3.40196657180786,3.417009076668301,15.042504860440786
2648.1139591000724,2.49988031387329,3.40196657180786,3.41715102983999,15.184458032130088
2649.1279409464623,2.49988031387329,3.40180468559265,3.417294099268991,15.489413676340824
2650.1419065134924,2.49988031387329,3.40196657180786,3.417438266377771,15.471694569911154
2651.155899330752,2.50024008750916,3.40212845802307,3.4175871022165185,15.458644193448556
2652.169915151462,2.49988031387329,3.40212845802307,3.417729827717738,15.601369694667966
2653.1838686859223,2.50024008750916,3.40212845802307,3.417880821456634,15.75236343356412
2654.1978611492823,2.49988031387329,3.40212845802307,3.4180257071637965,15.897249140726544
2655.2118299014123,2.49988031387329,3.40212845802307,3.4181753666146375,16.046908591567544
2656.225780958582,2.49988031387329,3.40212845802307,3.418326167395772,16.19770937270193
2657.2398013799725,2.50024008750916,3.40229034423828,3.418481703228959,16.191358990679028
2658.2537842880624,2.49988031387329,3.40229034423828,3.4186311649439807,16.340820705700754
2659.2677778131224,2.49988031387329,3.40229034423828,3.4187852880106777,16.494943772397797
2660.2817232079024,2.49988031387329,3.40229034423828,3.4189403795034132,16.65003526513331
2661.2957326584224,2.49988031387329,3.40245246887207,3.4190965381633416,16.644069291271713
2662.309723352292,2.49988031387329,3.40245246887207,3.4192537513081147,16.80128243604484
2663.323700951892,2.49952030181885,3.40245246887207,3.4194084196452845,16.955950773214656
2664.337676074202,2.49952030181885,3.40261435508728,3.41956847582988,16.954120742600054
2665.351641641232,2.49988031387329,3.40261435508728,3.419733503637286,17.11914855000618
2666.365619240832,2.49988031387329,3.40261435508728,3.4198962757797946,17.281920692514774
2667.3799050865723,2.49988031387329,3.40261435508728,3.42006044056478,17.44608547750026
2668.3936246937124,2.49952030181885,3.40261435508728,3.420222310109459,17.607955022179045
2669.407605832302,2.50024008750916,3.40277624130249,3.4203964459387346,17.620204636244807
2670.421591571592,2.50024008750916,3.40277624130249,3.4205647697708494,17.788528468359655
2671.4355758952724,2.50024008750916,3.4029381275177,3.420734478470511,17.796350952810958
2672.449749554982,2.50024008750916,3.40277624130249,3.4209051537801023,18.128912477612502
2673.4634571295624,2.49988031387329,3.40277624130249,3.421072837379637,18.296596077147065
2674.4775235578422,2.49988031387329,3.40277624130249,3.4212451832891264,18.468941986636622
2675.491491602162,2.49988031387329,3.40277624130249,3.4214185164490885,18.642275146598664
2676.505491497412,2.49988031387329,3.40310001373291,3.421593472183497,18.493458450586697
2677.5194609573323,2.49988031387329,3.4029381275177,3.4217703584270907,18.832230909390457
2678.5334474044125,2.49988031387329,3.4029381275177,3.4219487619352646,19.010634417564454
2679.547435267092,2.50024008750916,3.40310001373291,3.422132253059782,19.032239326871814
2680.561420298572,2.49988031387329,3.40310001373291,3.422309044628879,19.209030895968926
2681.5754024988623,2.49988031387329,3.40310001373291,3.4224904906444036,19.390476911493426
2682.5893432929524,2.49988031387329,3.40326189994812,3.422672986398045,19.41108644992484
2683.603371500132,2.49952030181885,3.40326189994812,3.422853915871064,19.592015922943684
2684.6173409600524,2.49988031387329,3.40326189994812,3.4230437323988343,19.781832450714187
2685.6313291766223,2.50024008750916,3.40326189994812,3.423235148973299,19.97324902517894
2686.6453234094824,2.49988031387329,3.40342378616333,3.423420630335343,19.996844172013084
2687.6593141033522,2.49988031387329,3.40326189994812,3.4236109740647445,20.349074116624344
2688.673263744922,2.49988031387329,3.40342378616333,3.4238026688531025,20.378882689772393
2689.6872229417722,2.49988031387329,3.40342378616333,3.4239958059293536,20.57201976602352
2690.701248671652,2.49952030181885,3.40342378616333,3.42418677058186,20.76298441852975
2691.7152383038224,2.49988031387329,3.40342378616333,3.4243863415838436,20.962555420513507
2692.7292137800323,2.49988031387329,3.40358567237854,3.4245838324204816,20.99816004194155
2693.7431973959224,2.49952030181885,3.40342378616333,3.4247791932869243,21.355407123594183
2694.7571905670825,2.49988031387329,3.40358567237854,3.4249832660373216,21.397593658781577
2695.771259472652,2.49988031387329,3.40358567237854,3.4251854397724744,21.59976739393432
2696.7852331793624,2.49988031387329,3.40358567237854,3.425389183906461,21.80351152792115
2697.7991516778125,2.49988031387329,3.40358567237854,3.425594485354811,22.008812976270775
2698.813087163422,2.49988031387329,3.40374755859375,3.4258013074373435,22.053748843593457
2699.8271111238023,2.49988031387329,3.40374755859375,3.4260096674111096,22.26210881735957
2700.841000248632,2.49988031387329,3.40390944480896,3.4262195292971556,22.310084488195603
2701.8550836640625,2.49988031387329,3.40390944480896,3.4264309773838426,22.521532574882652
2702.869011717792,2.49988031387329,3.40390944480896,3.426643923324901,22.734478515940904
2703.883043463962,2.49988031387329,3.40407133102417,3.426858462535374,22.78713151120426
2704.8969874431423,2.49988031387329,3.40407133102417,3.4270745759403805,23.00324491621053
2705.911003617752,2.49988031387329,3.40423321723938,3.4272923004657074,23.059083226327548
2706.9249486586323,2.49952030181885,3.40390944480896,3.4275080782076115,23.598633398651536
2707.9389867749824,2.50024008750916,3.40407133102417,3.4277363635973215,23.665032573151557
2708.9529350009525,2.49988031387329,3.40423321723938,3.4279555482649013,23.72233102552146
2709.966938789092,2.49988031387329,3.40423321723938,3.4281800874850594,23.94687024567954
2710.9809188659924,2.49988031387329,3.40423321723938,3.428406396122317,24.17317888293713
2711.9949265470123,2.49988031387329,3.40423321723938,3.428634467457821,24.401250218441195
2713.0088439837623,2.49988031387329,3.40423321723938,3.4288643204605447,24.631103221164796
2714.0228679441525,2.49988031387329,3.40439510345459,3.4290960257783305,24.70092232374066
2715.036814046732,2.50024008750916,3.40455722808838,3.429333163219223,24.77593513084342
2716.0508365915225,2.50024008750916,3.40455722808838,3.4295685877638937,25.011359675513933
2717.064785879192,2.49988031387329,3.40455722808838,3.4298016575544814,25.244429466101614
2718.0788020537925,2.49988031387329,3.40423321723938,3.430039908760757,25.806691521377267
2719.0927842540823,2.50024008750916,3.40455722808838,3.4302832819523643,25.72605386398452
2720.1067611458925,2.49988031387329,3.40455722808838,3.430520954801779,25.963726713399193
2721.1207316675122,2.49988031387329,3.40455722808838,3.4307637590600524,26.20653097167258
2722.1347322705524,2.49952030181885,3.40455722808838,3.4310054664628487,26.448238374468858
2723.148674834142,2.49988031387329,3.40471911430359,3.4312563637352906,26.537249431700438
2724.1627097654023,2.49988031387329,3.40471911430359,3.4315057536430094,26.78663933941916
2725.176660822572,2.49988031387329,3.4048810005188,3.4317572593234087,26.876258804608533
2726.1906695652924,2.50024008750916,3.4048810005188,3.432014094061691,27.13309354289084
2727.204613190582,2.49988031387329,3.40504288673401,3.432265334623829,27.22244788981909
2728.2186371509624,2.49988031387329,3.40504288673401,3.432521978486494,27.479091752483864
2729.2325828996422,2.49988031387329,3.4048810005188,3.432780366134843,27.899365616042893
2730.2466029671423,2.49988031387329,3.40504288673401,3.4330407957001534,27.997908966143292
2731.2605380988425,2.49988031387329,3.40504288673401,3.43330331857605,28.260431842039857
2732.2745638287324,2.49988031387329,3.40504288673401,3.433567916353328,28.5250296193178
2733.2885626622724,2.49988031387329,3.40504288673401,3.4338345977432776,28.791711009267473
2734.3025338916923,2.50024008750916,3.40504288673401,3.4341068474609293,29.06396072691919
2735.3164948580325,2.50024008750916,3.40520477294922,3.4343774523866815,29.17267943746138
2736.3305064319525,2.49988031387329,3.40520477294922,3.43464648780525,29.441714856029755
2737.344469521692,2.49988031387329,3.40520477294922,3.4349211275319744,29.716354582754345
2738.358457738262,2.49988031387329,3.40536665916443,3.43519780294111,29.831143776680058
2739.3727818051025,2.49952030181885,3.40536665916443,3.4354730064025194,30.10634723808936
2740.3864408955023,2.49988031387329,3.40520477294922,3.435757266644709,30.55249369548907
2741.4003381600023,2.49988031387329,3.40536665916443,3.4360400380077016,30.673378843271593
2742.414395033002,2.49988031387329,3.40552854537964,3.4363249585548394,30.796413175199433
2743.428362723432,2.49988031387329,3.40552854537964,3.43661198384326,31.083438463619828
2744.442373235652,2.50024008750916,3.40552854537964,3.4369047485962123,31.376203216572307
2745.456301643272,2.49988031387329,3.40569043159485,3.4371924414049526,31.50200981010265
2746.470322772462,2.49952030181885,3.40569043159485,3.437482430221614,31.791998626764073
2747.4842525956924,2.49988031387329,3.40552854537964,3.4377819191922288,32.25337381258875
2748.498304160202,2.49988031387329,3.40569043159485,3.4380801759593127,32.389744364462736
2749.512260525862,2.49988031387329,3.40585231781006,3.438380777829155,32.52846001909493
2750.5262597133024,2.49988031387329,3.40585231781006,3.4386836264373124,32.831308627252476
2751.540232358322,2.49988031387329,3.40569043159485,3.43898868263622,33.298251041370186
2752.5542007565423,2.49988031387329,3.40585231781006,3.439296012672802,33.44369486274212
2753.568189327022,2.49988031387329,3.40601420402527,3.439605626051501,33.59142202623122
2754.582216826392,2.49988031387329,3.40601420402527,3.4399176706453987,33.903466620128775
2755.5961409872325,2.50024008750916,3.40601420402527,3.4402356947561374,34.22149073086756
2756.6101607008222,2.49988031387329,3.40601420402527,3.440548917185932,34.53471316066192
2757.624113881392,2.50024008750916,3.40617609024048,3.4408716783396502,34.69558809917039
2758.6381385495724,2.49988031387329,3.40617609024048,3.4411894470737487,35.013356833268894
2759.6520754507724,2.49988031387329,3.40601420402527,3.4415129744030586,35.4987703777887
2760.6660891480824,2.49988031387329,3.40617609024048,3.4418387779880546,35.66268774757475
2761.6800922284224,2.49988031387329,3.40617609024048,3.442166829963267,35.99073972278699
2762.6940694741324,2.49988031387329,3.40617609024048,3.4424975311832737,36.321440942793885
2763.707997173952,2.49988031387329,3.4064998626709,3.4428308490370045,36.33098636610433
2764.722037767602,2.50024008750916,3.4064998626709,3.443170299619394,36.670436948493816
2765.736007581422,2.49988031387329,3.4064998626709,3.443505029043789,37.00516637288898
2766.7500046454725,2.49988031387329,3.4064998626709,3.4438460046839894,37.346142013089164
2767.7639691508025,2.50024008750916,3.40666198730469,3.44419319572213,37.53120841743973
2768.7780844171625,2.49988031387329,3.40666198730469,3.4445358256163927,37.87383831170254
2769.791905593352,2.49988031387329,3.40666198730469,3.444884535152236,38.222547847545755
2770.8059345083325,2.49988031387329,3.4068238735199,3.44523594077563,38.41206725572999
2771.8198696400323,2.49952030181885,3.40666198730469,3.4455863345419413,38.92434723725113
2772.8339035095923,2.49988031387329,3.40666198730469,3.4459465708387382,39.28458353404807
2773.847842888092,2.49988031387329,3.4068238735199,3.4463057813620686,39.481907842168425
2774.861825796182,2.49988031387329,3.4068238735199,3.446667724273093,39.84385075319308
2775.8758812535925,2.49988031387329,3.4068238735199,3.447032435332012,40.20856181211174
2776.889823109382,2.49988031387329,3.4068238735199,3.4473998399684915,40.5759664485914
2777.9038046018723,2.49988031387329,3.4068238735199,3.447770015603355,40.9461420834547
2778.9179998494324,2.49988031387329,3.40714764595032,3.448143085095173,40.99543914485304
2779.9317976682823,2.50024008750916,3.40714764595032,3.4485224504176544,41.37480446733433
2780.9457596963225,2.50024008750916,3.40714764595032,3.448901143231311,41.753497280990985
2781.9597213704624,2.49988031387329,3.40714764595032,3.449279132203434,42.13148625311413
2782.9737375450622,2.50024008750916,3.40730953216553,3.4496671321900023,42.357600024472305
2783.9876953263124,2.49988031387329,3.40714764595032,3.450050713632646,42.90306768232588
2785.001699114452,2.50024008750916,3.40730953216553,3.4504443440484565,43.13481188292645
2786.015609119322,2.49988031387329,3.40730953216553,3.4508335823593153,43.52405019378524
2787.029675193702,2.49988031387329,3.40730953216553,3.451229400149821,43.91986798429093
2788.0436358061424,2.50024008750916,3.40747141838074,3.4516317133891814,44.16029500844143
2789.0576275617123,2.50024008750916,3.40747141838074,3.452033379854456,44.56196147371605
2790.071638427832,2.49988031387329,3.40747141838074,3.452434414098521,44.96299571778106
2791.0855983324723,2.49988031387329,3.40747141838074,3.452842137691262,45.37071931052195
2792.0995550520324,2.49988031387329,3.40747141838074,3.4532530132774037,45.781594896663776
2793.1135648564523,2.49988031387329,3.40747141838074,3.453667076785575,46.195658404835086
2794.1275449333425,2.49988031387329,3.40763330459595,3.45408433996487,46.45103536892003
2795.1415331499225,2.49988031387329,3.40779519081116,3.454504713408696,46.70952259753625
2796.155490931172,2.49988031387329,3.40763330459595,3.454928203897046,47.29489930109621
2797.169427832372,2.50024008750916,3.40779519081116,3.4553584644738615,47.56327366270163
2798.183465948722,2.49988031387329,3.40779519081116,3.455784770096929,47.98957928576897
2799.1974718602523,2.49988031387329,3.40795707702637,3.456217832786043,48.26075575967303
2800.2114275181125,2.50024008750916,3.40795707702637,3.456657655255906,48.70057822953599
2801.2254348452425,2.49988031387329,3.40795707702637,3.4570935060258297,49.1364289994598
2802.2393940420925,2.49988031387329,3.40795707702637,3.4575361435669154,49.579066540545554
2803.2534657788524,2.49988031387329,3.40795707702637,3.457982209690039,50.02513266366915
2804.267384985102,2.50024008750916,3.40811896324158,3.4584352132161755,50.31624997459572
2805.281383818652,2.49988031387329,3.40828084945679,3.458884467129239,50.60361767244892
2806.2953426615923,2.49988031387329,3.40828084945679,3.45934075034218,51.05990088538981
2807.309317076102,2.50024008750916,3.40828084945679,3.459803860811166,51.52301135437565
2808.3233198025423,2.50024008750916,3.40828084945679,3.460266619706315,51.985770249524776
2809.3372906780623,2.49988031387329,3.40828084945679,3.4607290451303063,52.44819567351611
2810.351283495322,2.49952030181885,3.40828084945679,3.461194746137961,52.913896681170854
2811.3652200426322,2.49988031387329,3.408442735672,3.4616717995438235,53.22906387182336
2812.3795833922723,2.49988031387329,3.408442735672,3.4621494334075975,53.70669773559733
2813.393230803992,2.49952030181885,3.408442735672,3.462626895423316,54.18415975131596
2814.407200617812,2.49988031387329,3.408442735672,3.463115476540726,54.67274086872598
2815.4212029903524,2.50024008750916,3.40876650810242,3.463607407411219,54.84089930879898
2816.4351696190824,2.49988031387329,3.40876650810242,3.46409556394956,55.32905584713976
2817.449151819372,2.50024008750916,3.40876650810242,3.4645944585631816,55.8279504607615
2818.4631478217325,2.49988031387329,3.40860462188721,3.4650897618547347,56.485139967524574
2819.4771498403725,2.49988031387329,3.40876650810242,3.4655924226302175,56.825914527797394
2820.4911047904325,2.49988031387329,3.40876650810242,3.4660987069374127,57.33219883499263
2821.5050887602124,2.49988031387329,3.40892863273621,3.4666086526710806,57.6800199348706
2822.519074145592,2.49988031387329,3.40892863273621,3.467122570686309,58.193937950099084
2823.5330701479525,2.49988031387329,3.40876650810242,3.467640385925034,58.873877822613885
2824.5470399617725,2.49988031387329,3.40892863273621,3.4681620212459396,59.23338850972959
2825.5610313634425,2.49988031387329,3.40909051895142,3.4686875956592096,59.597076707789576
2826.5750217034124,2.49988031387329,3.40925240516663,3.4692172988676213,59.96489370099134
2827.588952588322,2.49988031387329,3.40925240516663,3.469750956170463,60.49855100383317
2828.6029712402224,2.49988031387329,3.40925240516663,3.470288645221317,61.036240054686886
2829.6169499015223,2.49988031387329,3.40925240516663,3.4708302559746094,61.577850807979395
2830.630939179792,2.49988031387329,3.40925240516663,3.4713758136821897,62.12340851555975
2831.6449319970625,2.49952030181885,3.40925240516663,3.4719217108686777,62.669305702047765
2832.6589046420722,2.49988031387329,3.40925240516663,3.4724788827031836,63.22647753655364
2833.6729278946623,2.49988031387329,3.40941429138184,3.4730369398463474,63.62264846450749
2834.6868750589424,2.50024008750916,3.40957617759705,3.47360291512593,64.02673752887989
2835.7008586748225,2.49988031387329,3.40957617759705,3.4741661618064383,64.58998420938843
2836.714865648052,2.49988031387329,3.40957617759705,3.4747369244418698,65.16074684481987
2837.7287795458124,2.49988031387329,3.40989995002747,3.4753116410092875,65.41169098181766
2838.742807752992,2.49988031387329,3.40973806381226,3.475890448420943,66.15238460868333
2839.7567995085524,2.49952030181885,3.40957617759705,3.4764699165847945,66.89373898774464
2840.770855319862,2.49988031387329,3.40973806381226,3.477061484549564,67.32342073730413
2841.7847681559224,2.49988031387329,3.40973806381226,3.4776540523547568,67.91598854249692
2842.7987340768523,2.49988031387329,3.40989995002747,3.478251452994165,68.35150296669524
2843.812702121182,2.50024008750916,3.40989995002747,3.4788566944589427,68.95674443147293
2844.8267122795023,2.49988031387329,3.41006183624268,3.4794591866917255,69.39735044904572
2845.8406884635024,2.49988031387329,3.41006183624268,3.4800697138685,70.00787762582038
2846.854675972282,2.49988031387329,3.41006183624268,3.480685181736478,70.62334549379834
2847.8686592342724,2.49988031387329,3.41022372245789,3.481305705038172,71.08198258028197
2848.8826088758424,2.5006000995636,3.4103856086731,3.4819384901524546,71.55288147935445
2849.896622219252,2.50024008750916,3.4103856086731,3.4825647837131606,72.17917504006044
2850.9106182216124,2.49988031387329,3.41022372245789,3.4831947701207127,72.97104766282247
2851.924591928322,2.49988031387329,3.4103856086731,3.4838321606968927,73.44655202379258
2852.938590761862,2.49988031387329,3.4103856086731,3.4844740458180707,74.0884371449706
2853.9525672997725,2.49988031387329,3.4103856086731,3.4851214031545887,74.7357944814886
2854.9665456071725,2.49988031387329,3.41054749488831,3.485773911600718,75.22641671240793
2855.9805263918624,2.49988031387329,3.41054749488831,3.486431117628038,75.88362273972793
2856.9945149623422,2.49988031387329,3.41070938110352,3.4870929161536233,76.3835350501032
2858.008530075242,2.49952030181885,3.41070938110352,3.487756036309062,77.046655205542
2859.0224701615425,2.50024008750916,3.41087126731873,3.488435753814853,77.56448649612312
2860.036358578562,2.49988031387329,3.41070938110352,3.489110476444015,78.401095340495
2861.0504490719823,2.49988031387329,3.41087126731873,3.489793845448973,78.92257813024317
2862.0644249020925,2.49952030181885,3.41087126731873,3.490478109726293,79.60684240756288
2863.0784378916023,2.49988031387329,3.41103339195251,3.4911743824411032,80.14099048859302
2864.092391072162,2.49988031387329,3.41103339195251,3.491872521260125,80.83912930761494
2865.1063916752123,2.49988031387329,3.41103339195251,3.492576012249607,81.54262029709658
2866.120355472742,2.49988031387329,3.41103339195251,3.4932847314405815,82.25133948807128
2867.134348997802,2.49988031387329,3.41103339195251,3.4939988140425404,82.96542209003022
2868.1483347370922,2.49988031387329,3.41135716438293,3.494718212284984,83.3610479020539
2869.1623010119224,2.49988031387329,3.41119527816772,3.495442930348468,84.24765218074803
2870.176306923452,2.49988031387329,3.41135716438293,3.496173081698163,84.81591731523297
2871.1902484253424,2.49988031387329,3.41135716438293,3.496908672340197,85.55150795726706
2872.204260353152,2.49988031387329,3.41135716438293,3.497649832586251,86.29266820332093
2873.218242199542,2.49988031387329,3.41151905059814,3.4983965389119733,86.87748831383324
2874.232225107632,2.49988031387329,3.41151905059814,3.4991488598174656,87.62980921932551
2875.246228895772,2.49988031387329,3.41151905059814,3.499906820939147,88.38777034100698
2876.2602004790924,2.49988031387329,3.41151905059814,3.500670444884688,89.15139428654805
2877.274203205522,2.49988031387329,3.41168093681335,3.50143982279045,89.75888597709991
2878.288148246412,2.49988031387329,3.41168093681335,3.5022149304663768,90.53399365302673
2879.302148141652,2.49988031387329,3.41184282302856,3.5029959236489456,91.15310062038562
2880.3161253873523,2.49988031387329,3.41184282302856,3.503782795673861,91.93997264530118
2881.330113603932,2.49988031387329,3.41184282302856,3.5045756106689265,92.73278764036652
2882.344048381742,2.50024008750916,3.41200470924377,3.505377964023793,93.373254780023
2883.3580227962525,2.49988031387329,3.41200470924377,3.5061791583366313,94.17444909286132
2884.3724024252524,2.49988031387329,3.41200470924377,3.5069901783391817,94.98546909541173
2885.386061869542,2.49988031387329,3.41216659545898,3.5078066340700675,95.6400386110876
2886.4000320372625,2.49988031387329,3.41216659545898,3.508629380306816,96.46278484783588
2887.4140163609522,2.49988031387329,3.41232848167419,3.509458207386976,97.12972571278611
2888.427981220182,2.49988031387329,3.41216659545898,3.5102932572416212,98.12666178264129
2889.441976868632,2.49988031387329,3.41232848167419,3.511134623480318,98.8061418061279
2890.4559502214524,2.50024008750916,3.4124903678894,3.5119858701583286,99.49550226892879
2891.469935606832,2.49952030181885,3.41232848167419,3.5128326845150326,100.50420284084271
2892.483920638312,2.49988031387329,3.4124903678894,3.5136967779086086,101.20641001920872
2893.4978752344723,2.49988031387329,3.41265225410461,3.5145639635564048,101.91170945179495
2894.5118981331625,2.49952030181885,3.4124903678894,3.5154341132038303,102.9437453144304
2895.5258874114324,2.50024008750916,3.41281414031982,3.5163215374590298,103.50739713920953
2896.539867488332,2.49988031387329,3.41281414031982,3.5172046635369427,104.3905232171225
2897.553844026232,2.49988031387329,3.41265225410461,3.5180981598607945,105.44590575618473
2898.5678371973922,2.49952030181885,3.41265225410461,3.5189947744014267,106.3425202968169
2899.581813735302,2.50024008750916,3.41297602653503,3.5199088111265744,106.9327845915442
2900.5957973511822,2.49988031387329,3.41281414031982,3.5208186975775555,108.00455725773529
2901.6097710578924,2.49988031387329,3.41313791275024,3.5217390103576642,108.6010976074241
2902.6237539659824,2.50024008750916,3.41313791275024,3.5226702047256793,109.53229197543912
2903.6377411208623,2.50024008750916,3.41313791275024,3.52360471924318,110.46680649293972
2904.6517250906522,2.49988031387329,3.41313791275024,3.5245425470716287,111.40463432138858
2905.665728170982,2.49988031387329,3.41330003738403,3.525490904546833,112.1908671628029
2906.6796944458124,2.50024008750916,3.41330003738403,3.5264501104954578,113.15007311142766
2907.693671337622,2.49988031387329,3.41346192359924,3.5274092730072817,113.94734940804163
2908.707649998922,2.49988031387329,3.41346192359924,3.5283791168436873,114.91719324444728
2909.7216428161823,2.49988031387329,3.41346192359924,3.529356056282492,115.89413268325188
2910.7356253703724,2.49988031387329,3.41362380981445,3.5303403364204375,116.71652660598753
2911.7496058011625,2.49988031387329,3.41362380981445,3.5313325038014356,117.70869398698558
2912.763583046862,2.49952030181885,3.41362380981445,3.5323287237885244,118.70491397407434
2913.7813693087824,2.50024008750916,3.41378569602966,3.5333472956767147,119.5615996470547
2914.7915637268025,2.50024008750916,3.41362380981445,3.5343589492259384,120.73513941148839
2915.805541680302,2.49988031387329,3.41378569602966,3.535377857855519,121.59216182585908
2916.8195221111023,2.49988031387329,3.41378569602966,3.536407746574491,122.62205054483121
2917.8335205907524,2.49988031387329,3.41394758224487,3.537445095979338,123.49751373446827
2918.8474893428724,2.49988031387329,3.41394758224487,3.538489844573586,124.54226232871602
2919.8614764977524,2.49988031387329,3.41394758224487,3.5395423661216356,125.5947838767657
2920.8754494966624,2.49952030181885,3.41410946846008,3.540599507076934,126.49003861685415
2921.8894656712723,2.50024008750916,3.41427135467529,3.5416754940936603,127.40413941837048
2922.9033689520525,2.49988031387329,3.41427135467529,3.5427486593076343,128.4773046323444
2923.917404945012,2.50024008750916,3.41410946846008,3.5438373740143514,129.7279055542715
2924.9313828985123,2.50024008750916,3.41459512710571,3.544930772834113,130.33564572840328
2925.9453792547624,2.49988031387329,3.4144332408905,3.5460290143546636,131.59577346416373
2926.959329604132,2.50024008750916,3.41475701332092,3.5471429221002606,132.3859087793404
2927.9733309149824,2.49988031387329,3.41459512710571,3.548257505370564,133.66237826485428
2928.9872851572322,2.50024008750916,3.41475701332092,3.5493871826724166,134.63016935149642
2930.0013062864323,2.49988031387329,3.41475701332092,3.5505177278011293,135.7607144802091
2931.0152725612625,2.49988031387329,3.41475701332092,3.5516600959321964,136.90308261127626
2932.0292958138525,2.49988031387329,3.41475701332092,3.5528119785755066,138.0549652545864
2933.0432104194024,2.49988031387329,3.41491889953613,3.5539728275125166,139.0539279763865
2934.0571689084522,2.50024008750916,3.41491889953613,3.555146622003602,140.22772246747195
2935.071204193612,2.50024008750916,3.41508078575134,3.556325573117855,141.24478736651503
2936.0852370014723,2.49988031387329,3.41508078575134,3.5575094802714378,142.42869452009765
2937.099146298552,2.50024008750916,3.41508078575134,3.5587092282545987,143.62844250325855
2938.113172736232,2.50024008750916,3.41524267196655,3.559914178852752,144.6715068862021
2939.127132994772,2.50024008750916,3.41524267196655,3.561127545573823,145.88487360727288
2940.1410904221225,2.49988031387329,3.41540479660034,3.562345821091174,146.9410244908338
2941.1550811159923,2.49988031387329,3.41540479660034,3.5635765536204285,148.17175702008845
2942.169122063532,2.49988031387329,3.41540479660034,3.5648173167749553,149.41252017461525
2943.1830766596922,2.50024008750916,3.41556668281555,3.5660712819490743,150.50459913352432
2944.1970684152625,2.49988031387329,3.41556668281555,3.5673279755028737,151.76129268732376
2945.2110000079724,2.49988031387329,3.41572856903076,3.568597381852781,152.86881282202103
2946.225059358272,2.50024008750916,3.41572856903076,3.5698801551137684,154.1515860830085
2947.2390065225522,2.49988031387329,3.41572856903076,3.5711652711595803,155.43670212882031
2948.253014203582,2.49952030181885,3.41572856903076,3.572460295660212,156.73172662945188
2949.2669843713024,2.49988031387329,3.41605234146118,3.5737723458192625,157.72000435808263
2950.2809867438423,2.50024008750916,3.41605234146118,3.575094207141962,159.04186568078194
2951.294931430822,2.49988031387329,3.41605234146118,3.5764181508072395,160.3658093460596
2952.308958930202,2.49988031387329,3.41605234146118,3.577755265415575,161.70292395439523
2953.3228965392022,2.49988031387329,3.41621422767639,3.57910205857036,162.8878308939701
2954.3368982039424,2.49988031387329,3.41621422767639,3.580459322439179,164.24509476278936
2955.350773526692,2.49988031387329,3.41621422767639,3.5818267115358693,165.61248385947945
2956.3648339386923,2.49988031387329,3.4163761138916,3.5832047960325166,166.82868214091684
2957.379189148652,2.49952030181885,3.4163761138916,3.5845902826508547,168.21416875925487
2958.3928333752824,2.49988031387329,3.4163761138916,3.5859927544944727,169.61664060287296
2959.4067798317624,2.49988031387329,3.41653800010681,3.587402492137203,170.86449203039277
2960.420811224032,2.49916052818298,3.4163761138916,3.588815528641971,172.43941475037116
2961.4347760832625,2.49988031387329,3.41653800010681,3.5902533462123256,173.71534610551544
2962.448777748002,2.49988031387329,3.41686177253723,3.5916948395321637,174.83306699493363
2963.4627330519625,2.49988031387329,3.41669988632202,3.5931470050365104,176.44711871449027
2964.476745333672,2.49988031387329,3.41686177253723,3.594609947421151,177.7481748839209
2965.4906967447423,2.49988031387329,3.41702365875244,3.596084240239368,179.06058148692773
2966.504705487472,2.50024008750916,3.41718554496765,3.5975733174138043,180.38777244615423
2967.518585764812,2.49988031387329,3.41718554496765,3.5990660599681745,181.8805150005245
2968.532665641262,2.50024008750916,3.41718554496765,3.6005768852951987,183.39134032754868
2969.5466007729624,2.49988031387329,3.41718554496765,3.6020911260369144,184.90558106926437
2970.5606282723425,2.49952030181885,3.41718554496765,3.6036167971866666,186.43125221901659
2971.574629937082,2.50024008750916,3.41750931739807,3.605166497441991,187.65718004392085
2972.5885983353123,2.49988031387329,3.41750931739807,3.6067175238378244,189.20820643975443
2973.6025479768823,2.50024008750916,3.41750931739807,3.6082874016174484,190.77808421937848
2974.616568398272,2.49988031387329,3.41767144203186,3.6098608666727032,192.18942464084333
2975.6304769875424,2.49988031387329,3.41767144203186,3.611449099783824,193.7776577519639
2976.644555448392,2.50024008750916,3.41767144203186,3.613053617211137,195.38217517927725
2977.6585001353824,2.49988031387329,3.41767144203186,3.6146627122226573,196.99127019079742
2978.672483397372,2.50024008750916,3.41783332824707,3.6162919486210297,198.45862037395977
2979.6864723217423,2.50024008750916,3.41799521446228,3.617930554220479,199.93533975819932
2980.7004761098824,2.50024008750916,3.41815710067749,3.6195813134526795,201.42421277518974
2981.7144416769124,2.50024008750916,3.41815710067749,3.621243306579371,203.08620590188121
2982.728636924472,2.49988031387329,3.41815710067749,3.6229139111293582,204.75681045186843
2983.7425794880523,2.49988031387329,3.4183189868927,3.6245999483702294,206.28096147752916
2984.7566338837623,2.49988031387329,3.4183189868927,3.62629834906889,207.97936217618985
2985.7706688150224,2.49988031387329,3.41848087310791,3.628010293398972,209.5294202910618
2986.784364710932,2.49988031387329,3.41848087310791,3.6297347012194665,211.25382811155634
2987.7983242616724,2.49988031387329,3.41864275932312,3.631471971352329,212.829212029209
2988.8123347738924,2.49952030181885,3.41848087310791,3.633218367275161,214.73749416725065
2989.826295740232,2.49988031387329,3.41864275932312,3.6349861577378597,216.3433984147396
2990.8402906808924,2.49988031387329,3.41880464553833,3.636764196514447,217.95955097611676
2991.8544820355623,2.50024008750916,3.41880464553833,3.638561500268133,219.75685472980277
2992.8684829925123,2.50024008750916,3.41880464553833,3.6403697633328984,221.56511779456832
2993.8822305576823,2.49988031387329,3.41880464553833,3.6421842113942624,223.37956585593233
2994.8964335910223,2.49988031387329,3.41896653175354,3.644015127335521,225.04859558198075
2995.910196373862,2.49988031387329,3.41896653175354,3.6458599100950675,226.89337834152747
2996.9242129023623,2.49988031387329,3.41912841796875,3.6477202655273127,228.59184755856265
2997.938149095762,2.50024008750916,3.41929030418396,3.6496004087182627,230.31010453430278
2998.952158546292,2.49988031387329,3.41945219039917,,
2999.9661396848824,2.49988031387329,3.41929030418396,,
3000.9800826023725,2.49988031387329,3.41961407661438,,
3001.9940867444025,2.49988031387329,3.41961407661438,,
3003.008107519702,2.49988031387329,3.41961407661438,,
3004.0220596385625,2.49988031387329,3.41977620124817,,
3005.036058118212,2.49988031387329,3.41993808746338,,
3006.050032178822,2.50024008750916,3.41993808746338,,
3007.064068525682,2.50024008750916,3.42009997367859,,
3008.0780121509624,2.50024008750916,3.42009997367859,,
3009.0920109845124,2.49988031387329,3.42009997367859,,
3010.105980444432,2.49988031387329,3.42009997367859,,
3011.1199683071122,2.49988031387329,3.42042374610901,,
3012.133934228042,2.49988031387329,3.4202618598938,,
3013.147928460902,2.49988031387329,3.42058563232422,,
3014.161919862562,2.49988031387329,3.42042374610901,,
3015.175909140842,2.50024008750916,3.42074751853943,,
3016.189866214292,2.49988031387329,3.42058563232422,,
3017.203876726512,2.49988031387329,3.42090940475464,,
3018.2178546800124,2.50024008750916,3.42090940475464,,
3019.231795120202,2.49988031387329,3.42090940475464,,
3020.2457263590222,2.49988031387329,3.42090940475464,,
3021.2598122517525,2.49988031387329,3.42107129096985,,
3022.2738004683324,2.49952030181885,3.42107129096985,,
3023.2877759445323,2.49988031387329,3.42139506340027,,
3024.301735495282,2.50024008750916,3.42155694961548,,
3025.315742822412,2.49952030181885,3.42139506340027,,
3026.3297037887523,2.49988031387329,3.42139506340027,,
3027.343702976202,2.49988031387329,3.42155694961548,,
3028.357696501262,2.50024008750916,3.42171883583069,,
3029.3719781002023,2.49988031387329,3.42155694961548,,
3030.385634005512,2.50024008750916,3.4218807220459,,
3031.3996119590124,2.49988031387329,3.42204284667969,,
3032.413610438662,2.49988031387329,3.4222047328949,,
3033.427608918312,2.49988031387329,3.42204284667969,,
3034.4415624527724,2.49988031387329,3.4222047328949,,
3035.4555708415924,2.49988031387329,3.4222047328949,,
3036.4695395937124,2.49988031387329,3.42252850532532,,
3037.4835670930925,2.49988031387329,3.42252850532532,,
3038.497530182832,2.50024008750916,3.42252850532532,,
3039.5115091980324,2.49988031387329,3.42269039154053,,
3040.5254768884524,2.49988031387329,3.42285227775574,,
3041.539430422912,2.50024008750916,3.42285227775574,,
3042.5534635846825,2.49988031387329,3.42301416397095,,
3043.567452509052,2.49988031387329,3.42301416397095,,
3044.5813986116323,2.49952030181885,3.42301416397095,,
3045.595370902742,2.49988031387329,3.42317605018616,,
3046.6093817688625,2.49988031387329,3.42317605018616,,
3047.623361137962,2.49988031387329,3.42333793640137,,
3048.6373497084323,2.49988031387329,3.42349982261658,,
3049.651343587402,2.49988031387329,3.42366170883179,,
3050.665318709702,2.49988031387329,3.42349982261658,,
3051.6792874618322,2.49988031387329,3.423823595047,,
3052.6932325027124,2.50024008750916,3.423823595047,,
3053.707280882132,2.49952030181885,3.423823595047,,
3054.7212429101724,2.49988031387329,3.423823595047,,
3055.7352353735423,2.49988031387329,3.424147605896,,
3056.749214388742,2.50024008750916,3.424147605896,,
3057.763206498202,2.49988031387329,3.424147605896,,
3058.777299468922,2.49988031387329,3.42430949211121,,
3059.7911758533724,2.50024008750916,3.42447137832642,,
3060.805150621782,2.49988031387329,3.42463326454163,,
3061.819122558992,2.49988031387329,3.42463326454163,,
3062.8331199769423,2.49988031387329,3.42495703697205,,
3063.847080589392,2.49988031387329,3.42495703697205,,
3064.861083669732,2.49916052818298,3.42479515075684,,
3065.875068347312,2.49952030181885,3.42511892318726,,
3066.8890569177825,2.49988031387329,3.42511892318726,,
3067.9030423031722,2.49988031387329,3.42528080940247,,
3068.917017779372,2.49988031387329,3.42544269561768,,
3069.930988654892,2.49988031387329,3.42560458183289,,
3070.9449920891325,2.49988031387329,3.42544269561768,,
3071.9589548249724,2.49988031387329,3.42560458183289,,
3072.9729547202123,2.49988031387329,3.42592835426331,,
3073.986942228992,2.49988031387329,3.42592835426331,,
3075.000866035922,2.49988031387329,3.42592835426331,,
3076.0149168926423,2.49988031387329,3.42609024047852,,
3077.0288088486623,2.49988031387329,3.42609024047852,,
3078.0428770464323,2.49988031387329,3.42609024047852,,
3079.056845090762,2.50024008750916,3.42657613754272,,
3080.070836492432,2.49952030181885,3.42657613754272,,
3081.0848413422623,2.49988031387329,3.42657613754272,,
3082.098795584522,2.49988031387329,3.42657613754272,,
3083.1127795543025,2.49952030181885,3.42673802375793,,
3084.126765293592,2.49988031387329,3.42673802375793,,
3085.140749971172,2.49988031387329,3.42689990997314,,
3086.154737126052,2.50024008750916,3.42706179618835,,
3087.1687249887223,2.50024008750916,3.42722368240356,,
3088.182701526632,2.49988031387329,3.42738556861877,,
3089.1966787723322,2.49988031387329,3.42738556861877,,
3090.2106726512925,2.49988031387329,3.42754745483398,,
3091.2246474197023,2.49988031387329,3.42754745483398,,
3092.2386681949924,2.49988031387329,3.4278712272644,,
3093.2526139436723,2.49988031387329,3.4278712272644,,
3094.2665635852422,2.50024008750916,3.42819499969482,,
3095.2805804676523,2.49988031387329,3.42803311347961,,
3096.2945534665623,2.49988031387329,3.42803311347961,,
3097.3085384980423,2.49988031387329,3.42835688591003,,
3098.3225337926024,2.49988031387329,3.42835688591003,,
3099.3365220091823,2.49952030181885,3.42851901054382,,
3100.3504946541925,2.49988031387329,3.42851901054382,,
3101.3647971331825,2.49952030181885,3.42868089675903,,
3102.3784693178422,2.50024008750916,3.42884278297424,,
3103.392443732352,2.49988031387329,3.42884278297424,,
3104.4064369035123,2.49988031387329,3.42916655540466,,
3105.4204053017424,2.49988031387329,3.42916655540466,,
3106.4344151061623,2.49988031387329,3.42916655540466,,
3107.4483718257125,2.49988031387329,3.42932844161987,,
3108.4623667663723,2.50024008750916,3.42965221405029,,
3109.4763578141424,2.49988031387329,3.42965221405029,,
3110.4903290435623,2.49988031387329,3.4298141002655,,
3111.5043165523325,2.50024008750916,3.42997598648071,,
3112.5182442521623,2.49988031387329,3.43013787269592,,
3113.532288384802,2.50024008750916,3.43013787269592,,
3114.5461966201724,2.49988031387329,3.43029975891113,,
3115.560214210372,2.49988031387329,3.43029975891113,,
3116.574245956542,2.49988031387329,3.43046164512634,,
3117.588214000862,2.49988031387329,3.43062376976013,,
3118.6021979706525,2.49988031387329,3.43062376976013,,
3119.616177339752,2.49988031387329,3.43094754219055,,
3120.630185728572,2.50024008750916,3.43110942840576,,
3121.644154480692,2.50024008750916,3.43110942840576,,
3122.6581214633225,2.49988031387329,3.43127131462097,,
3123.6721259592623,2.49952030181885,3.43127131462097,,
3124.686099312072,2.49952030181885,3.43143320083618,,
3125.7000719570824,2.49988031387329,3.43159508705139,,
3126.714031861732,2.50024008750916,3.4317569732666,,
3127.7280480363324,2.50024008750916,3.43191885948181,,
3128.7420288210324,2.50024008750916,3.43191885948181,,
3129.756008897922,2.49988031387329,3.43208074569702,,
3130.7701139012024,2.49988031387329,3.43224263191223,,
3131.7839435709725,2.49988031387329,3.43240451812744,,
3132.7979508981025,2.50024008750916,3.43256640434265,,
3133.8119037247625,2.49952030181885,3.43272829055786,,
3134.8259368865324,2.49988031387329,3.43289041519165,,
3135.8398982067724,2.50024008750916,3.43305230140686,,
3136.853914735272,2.49988031387329,3.43305230140686,,
3137.8678434968024,2.49988031387329,3.43321418762207,,
3138.8818554246122,2.50024008750916,3.43353796005249,,
3139.8958613361424,2.49988031387329,3.43353796005249,,
3140.9098261953823,2.49988031387329,3.4336998462677,,
3141.923816535352,2.49988031387329,3.43386173248291,,
3142.937798381742,2.49988031387329,3.43386173248291,,
3143.9517763352424,2.49952030181885,3.43402361869812,,
3144.9657811850725,2.49988031387329,3.43418550491333,,
3145.9797343656323,2.49988031387329,3.43434739112854,,
3146.9937084262424,2.50024008750916,3.43450927734375,,
3148.007707613692,2.49988031387329,3.43467116355896,,
3149.0216653949424,2.50024008750916,3.43483304977417,,
3150.035670952572,2.49952030181885,3.43499517440796,,
3151.0496609386523,2.50024008750916,3.43531894683838,,
3152.063653755912,2.49988031387329,3.43531894683838,,
3153.0776292321125,2.49988031387329,3.43548083305359,,
3154.091621341582,2.49988031387329,3.43548083305359,,
3155.105579476732,2.49988031387329,3.4356427192688,,
3156.119587865552,2.49988031387329,3.43580460548401,,
3157.1335307830423,2.49988031387329,3.43596649169922,,
3158.1475388179724,2.49988031387329,3.43612837791443,,
3159.1615266806425,2.50024008750916,3.43612837791443,,
3160.1754809229024,2.50024008750916,3.43645215034485,,
3161.1894429509425,2.49988031387329,3.43661403656006,,
3162.203465141832,2.49988031387329,3.43677592277527,,
3163.217385763682,2.50024008750916,3.43693780899048,,
3164.231442282782,2.49988031387329,3.43709969520569,,
3165.2453954633424,2.49988031387329,3.43726181983948,,
3166.259407745062,2.49988031387329,3.43726181983948,,
3167.273315626532,2.49988031387329,3.4375855922699,,
3168.2873597591724,2.49988031387329,3.43774747848511,,
3169.3013384204723,2.49988031387329,3.43790936470032,,
3170.3153538872725,2.49988031387329,3.43807125091553,,
3171.3292377036123,2.49988031387329,3.43823313713074,,
3172.343305193592,2.49952030181885,3.43839502334595,,
3173.3572650982323,2.49988031387329,3.43839502334595,,
3174.3715601453423,2.49988031387329,3.43855690956116,,
3175.385236222902,2.49988031387329,3.43888068199158,,
3176.3992322252525,2.50024008750916,3.439204454422,,
3177.413215841142,2.50024008750916,3.43936657905579,,
3178.427206888912,2.49988031387329,3.43936657905579,,
3179.4412081997525,2.49988031387329,3.439528465271,,
3180.455197124122,2.49988031387329,3.439528465271,,
3181.469138272112,2.49988031387329,3.43969035148621,,
3182.483118702912,2.50024008750916,3.44001412391663,,
3183.497088516732,2.50024008750916,3.44033789634705,,
3184.5111337110625,2.49988031387329,3.44049978256226,,
3185.5250783980523,2.50024008750916,3.44066166877747,,
3186.5390531664525,2.50024008750916,3.44082355499268,,
3187.5530222724824,2.49988031387329,3.44098544120789,,
3188.567007657862,2.50024008750916,3.44130921363831,,
3189.580992689342,2.49988031387329,3.44130921363831,,
3190.5949879839022,2.49952030181885,3.44147109985352,,
3191.6090101747923,2.49988031387329,3.4416332244873,,
3192.622963355352,2.49952030181885,3.44179511070251,,
3193.6369476790424,2.49988031387329,3.44211888313293,,
3194.650947928182,2.49988031387329,3.44228076934814,,
3195.6649205731924,2.50024008750916,3.44244265556335,,
3196.6789045429823,2.49988031387329,3.44244265556335,,
3197.692855600152,2.50024008750916,3.44292831420898,,
3198.706882037832,2.49988031387329,3.44292831420898,,
3199.720843358072,2.49988031387329,3.4432520866394,,
3200.734831574642,2.49988031387329,3.4432520866394,,
3201.7488010345724,2.49988031387329,3.44373798370361,,
3202.762927625702,2.49988031387329,3.44373798370361,,
3203.7767672046425,2.49952030181885,3.44389986991882,,
3204.7907911650323,2.49952030181885,3.44406175613403,,
3205.8047588554523,2.49988031387329,3.44438552856445,,
3206.8187318543723,2.49988031387329,3.44454741477966,,
3207.832700252592,2.49988031387329,3.44487118721008,,
3208.8467189044923,2.50024008750916,3.44503307342529,,
3209.860676331842,2.50024008750916,3.4451949596405,,
3210.8747105553025,2.50024008750916,3.44551873207092,,
3211.8885826929622,2.49988031387329,3.44551873207092,,
3212.9026484134524,2.49988031387329,3.44600462913513,,
3213.9166383995225,2.49988031387329,3.44616651535034,,
3214.9306089211423,2.49988031387329,3.44632840156555,,
3215.9445656406924,2.50024008750916,3.44649028778076,,
3216.958566243732,2.49988031387329,3.44681406021118,,
3217.972518008702,2.50024008750916,3.44697594642639,,
3218.9865355989023,2.49988031387329,3.44729971885681,,
3220.000529123962,2.50024008750916,3.44746160507202,,
3221.0146355428424,2.49988031387329,3.44762349128723,,
3222.0284666282123,2.49988031387329,3.44794726371765,,
3223.0424382115325,2.49988031387329,3.44810938835144,,
3224.056445184752,2.49988031387329,3.44827127456665,,
3225.0704479111923,2.50024008750916,3.44859504699707,,
3226.0843975527623,2.49988031387329,3.44875693321228,,
3227.098415850762,2.49988031387329,3.4490807056427,,
3228.112372924222,2.49988031387329,3.44924259185791,,
3229.126372819462,2.50024008750916,3.44972825050354,,
3230.1403398020925,2.50024008750916,3.44989013671875,,
3231.1543527916024,2.49952030181885,3.44989013671875,,
3232.1683042026725,2.50024008750916,3.45021390914917,,
3233.1823002050323,2.49988031387329,3.45053791999817,,
3234.1962399374224,2.49988031387329,3.45086169242859,,
3235.2102748686825,2.50024008750916,3.4510235786438,,
3236.224254237782,2.49988031387329,3.45134735107422,,
3237.2382449316524,2.50024008750916,3.45150923728943,,
3238.2522119142723,2.49988031387329,3.45167112350464,,
3239.2662181797023,2.49988031387329,3.45215678215027,,
3240.2801812694424,2.49988031387329,3.45215678215027,,
3241.2941836419823,2.49988031387329,3.45248079299927,,
3242.3081396537423,2.50024008750916,3.45280456542969,,
3243.3221338866024,2.50024008750916,3.45312833786011,,
3244.3361564313823,2.49988031387329,3.45329022407532,,
3245.350085900712,2.49988031387329,3.45361399650574,,
3246.3643823634125,2.49988031387329,3.45393776893616,,
3247.3780800288123,2.49988031387329,3.45409965515137,,
3248.3920593979124,2.49988031387329,3.45442342758179,,
3249.4060525690725,2.50024008750916,3.45474743843079,,
3250.4200121198223,2.49988031387329,3.45507121086121,,
3251.4339960896023,2.49988031387329,3.45523309707642,,
3252.4479708580125,2.49988031387329,3.45555686950684,,
3253.4619803085325,2.49952030181885,3.45588064193726,,
3254.4759310118025,2.50024008750916,3.45620441436768,,
3255.489964881362,2.49988031387329,3.4565281867981,,
3256.5038890422024,2.49988031387329,3.45685219764709,,
3257.5179165415825,2.49988031387329,3.45717597007751,,
3258.5318913099823,2.49988031387329,3.45749974250793,,
3259.545876341472,2.49988031387329,3.45766162872314,,
3260.559858187862,2.49988031387329,3.45782351493835,,
3261.573835433562,2.50024008750916,3.45830917358398,,
3262.5878208189424,2.49988031387329,3.4586329460144,,
3263.6018058504224,2.49988031387329,3.4589569568634,,
3264.6157717713522,2.50024008750916,3.45928072929382,,
3265.629767419812,2.49988031387329,3.45960450172424,,
3266.6437489123023,2.49988031387329,3.45992827415466,,
3267.6577045701624,2.50024008750916,3.46025204658508,,
3268.671713666782,2.49988031387329,3.46041393280029,,
3269.685713562032,2.49988031387329,3.46089959144592,,
3270.6996624958024,2.49988031387329,3.46122360229492,,
3271.713671592422,2.49988031387329,3.46170926094055,,
3272.7276534388125,2.49988031387329,3.46187114715576,,
3273.7416352852124,2.49952030181885,3.46219491958618,,
3274.755619608892,2.49988031387329,3.4625186920166,,
3275.769789375712,2.50024008750916,3.46300435066223,,
3276.7835953342424,2.49952030181885,3.46332836151123,,
3277.797574349442,2.49988031387329,3.46381402015686,,
3278.8115402703725,2.49988031387329,3.46397590637207,,
3279.825541935112,2.50024008750916,3.4644615650177,,
3280.8395174113225,2.49988031387329,3.46478533744812,,
3281.853511644182,2.49988031387329,3.46527099609375,,
3282.8674849969925,2.49988031387329,3.46543288230896,,
3283.8814714440723,2.49988031387329,3.46591877937317,,
3284.895445858582,2.49988031387329,3.46624255180359,,
3285.9094333673625,2.49988031387329,3.46672821044922,,
3286.9234226456324,2.49988031387329,3.46705198287964,,
3287.9374066154123,2.49952030181885,3.46737575531006,,
3288.9513728902425,2.49988031387329,3.46769976615906,,
3289.965374554982,2.49988031387329,3.46818542480469,,
3290.979362771562,2.49988031387329,3.46867108345032,,
3291.993333647082,2.49988031387329,3.46915674209595,,
3293.0073119544822,2.49988031387329,3.46948051452637,,
3294.021307602932,2.50024008750916,3.46996641159058,,
3295.0352866181324,2.50024008750916,3.47045207023621,,
3296.0492567858523,2.49988031387329,3.47077584266663,,
3297.063259158392,2.49988031387329,3.47126150131226,,
3298.077238881392,2.49988031387329,3.47158527374268,,
3299.0912079874124,2.49988031387329,3.4719090461731,,
3300.1051601062723,2.49988031387329,3.4723949432373,,
3301.1191798198724,2.49988031387329,3.47304248809814,,
3302.1331744066324,2.49952030181885,3.47320437431335,,
3303.147143866552,2.49988031387329,3.47385191917419,,
3304.1611434079023,2.49988031387329,3.4743378162384,,
3305.1751202997025,2.49988031387329,3.47482347488403,,
3306.189107100682,2.49988031387329,3.47530913352966,,
3307.203088593172,2.49988031387329,3.47579479217529,,
3308.2170322184625,2.49988031387329,3.47628045082092,,
3309.231032821502,2.49988031387329,3.47660446166992,,
3310.2450535967923,2.49952030181885,3.47709012031555,,
3311.259036858782,2.49988031387329,3.47773766517639,,
3312.2730197668725,2.49988031387329,3.47822332382202,,
3313.2869878112024,2.50024008750916,3.47870922088623,,
3314.300958332812,2.50024008750916,3.47935676574707,,
3315.3149497344825,2.50024008750916,3.4798424243927,,
3316.3289446751423,2.49988031387329,3.48016619682312,,
3317.3429261676324,2.50024008750916,3.48081398010254,,
3318.3568889034723,2.50024008750916,3.48113775253296,,
3319.371222525582,2.49988031387329,3.48194718360901,,
3320.384874891902,2.50024008750916,3.48259472846985,,
3321.3988666474625,2.49988031387329,3.48291873931885,,
3322.4128463704624,2.49988031387329,3.48356628417969,,
3323.426816892082,2.49988031387329,3.48421382904053,,
3324.4408061703525,2.49988031387329,3.48469948768616,,
3325.454786601142,2.50024008750916,3.48534727096558,,
3326.4687925126723,2.50024008750916,3.48599481582642,,
3327.4827591414023,2.50024008750916,3.48648047447205,,
3328.4967257701323,2.49988031387329,3.48712801933289,,
3329.510719649092,2.49988031387329,3.4877758026123,,
3330.5246668133723,2.49988031387329,3.48826146125793,,
3331.5386897120625,2.49988031387329,3.48907089233398,,
3332.552664834372,2.50024008750916,3.4897186756134,,
3333.566631463092,2.49988031387329,3.49020433425903,,
3334.5806363129323,2.50024008750916,3.49085187911987,,
3335.594602233862,2.49988031387329,3.49149942398071,,
3336.6086499054923,2.49988031387329,3.49214720726013,,
3337.6225917612824,2.49988031387329,3.49279475212097,,
3338.6365587439022,2.49988031387329,3.49376606941223,,
3339.6505497916723,2.49952030181885,3.49425196647644,,
3340.6645376543524,2.49988031387329,3.49489951133728,,
3341.6784777406424,2.49988031387329,3.49570894241333,,
3342.6925084251125,2.49988031387329,3.49635672569275,,
3343.7064969955823,2.49988031387329,3.4971661567688,,
3344.7204643321124,2.49952030181885,3.49781370162964,,
3345.734441223922,2.49988031387329,3.49846148490906,,
3346.7484450120523,2.49988031387329,3.49927091598511,,
3347.7625280735924,2.49988031387329,3.49991846084595,,
3348.776409766532,2.50024008750916,3.50089001655579,,
3349.7903802881524,2.49988031387329,3.50169944763184,,
3350.8043094035725,2.49988031387329,3.50234699249268,,
3351.818356013502,2.50024008750916,3.50331854820251,,
3352.8322943303024,2.50024008750916,3.50412797927856,,
3353.8463228913724,2.50024008750916,3.50493764877319,,
3354.8603065072625,2.49988031387329,3.50590896606445,,
3355.874279506172,2.49988031387329,3.50655651092529,,
3356.8882737390322,2.50024008750916,3.50752806663513,,
3357.9022644329025,2.49952030181885,3.50833749771118,,
3358.9162034575024,2.49988031387329,3.50930905342102,,
3359.9302097229324,2.50024008750916,3.51011848449707,,
3360.9441954622125,2.49952030181885,3.51092791557312,,
3361.9582169453024,2.49988031387329,3.51189947128296,,
3362.972173664862,2.49988031387329,3.51270890235901,,
3363.9861225986324,2.49952030181885,3.51384234428406,,
3365.000128510162,2.49988031387329,3.51465177536011,,
3366.0141107104523,2.49988031387329,3.51578521728516,,
3367.028104589412,2.49952030181885,3.51659464836121,,
3368.042101299562,2.49988031387329,3.51788997650146,,
3369.0560958863225,2.49988031387329,3.51886129379272,,
3370.070054729272,2.49988031387329,3.51983261108398,,
3371.0840277281823,2.49988031387329,3.52096605300903,,
3372.0980198376524,2.49952030181885,3.52177548408508,,
3373.1120027457423,2.49952030181885,3.52290892601013,,
3374.1259799914424,2.49988031387329,3.5240421295166,,
3375.139970685312,2.49988031387329,3.52517557144165,,
3376.1539585479823,2.50024008750916,3.52630877494812,,
3377.167955612042,2.49988031387329,3.52760410308838,,
3378.1819165783822,2.49988031387329,3.52857542037964,,
3379.195775621782,2.50024008750916,3.5298707485199,,
3380.2098852257523,2.49952030181885,3.53100419044495,,
3381.2238645948523,2.50024008750916,3.53229928016663,,
3382.237863782292,2.49988031387329,3.53343272209167,,
3383.2518385507024,2.49988031387329,3.53472781181335,,
3384.2658359686625,2.49988031387329,3.53602313995361,,
3385.2797611911924,2.49952030181885,3.53731822967529,,
3386.293797891942,2.49988031387329,3.53877544403076,,
3387.3077319619524,2.50024008750916,3.54007077217102,,
3388.3217113310525,2.50024008750916,3.5413658618927,,
3389.3357073334023,2.49988031387329,3.54298496246338,,
3390.349726693102,2.49988031387329,3.54428029060364,,
3391.3640012140622,2.49988031387329,3.54573726654053,,
3392.3777045418524,2.49988031387329,3.547194480896,,
3393.3916014524525,2.49988031387329,3.54865169525146,,
3394.405649124082,2.49988031387329,3.55010867118835,,
3395.4196118599125,2.49988031387329,3.55172777175903,,
3396.433613524662,2.49988031387329,3.55334687232971,,
3397.447594309352,2.49988031387329,3.55480408668518,,
3398.461578986932,2.49988031387329,3.55642294883728,,
3399.475518011532,2.49988031387329,3.55820393562317,,
3400.489554004492,2.49988031387329,3.55982303619385,,
3401.5035075389524,2.50024008750916,3.56144213676453,,
3402.517517343372,2.49988031387329,3.56322288513184,,
3403.5314652154425,2.49988031387329,3.5646800994873,,
3404.5454527242223,2.49988031387329,3.56646108627319,,
3405.5594734995225,2.49988031387329,3.56840395927429,,
3406.573449683522,2.49988031387329,3.57034683227539,,
3407.5874240980324,2.50024008750916,3.5721275806427,,
3408.601430009562,2.49988031387329,3.5740704536438,,
3409.6153782355323,2.50024008750916,3.5760133266449,,
3410.6293823775723,2.49952030181885,3.577956199646,,
3411.6433380354324,2.49988031387329,3.57989907264709,,
3412.6573634114125,2.50024008750916,3.5820038318634,,
3413.6712907573424,2.49988031387329,3.58410859107971,,
3414.6853143638223,2.49952030181885,3.58605146408081,,
3415.6992222453023,2.49988031387329,3.58847999572754,,
3416.7132600077525,2.49952030181885,3.59042286872864,,
3417.727233006662,2.49988031387329,3.59285140037537,,
3418.741260506042,2.49988031387329,3.59495615959167,,
3419.7552158100025,2.49988031387329,3.59722280502319,,
3420.769310550202,2.49988031387329,3.59981322288513,,
3420.9407980306723,2.50024008750916,3.60013699531555,,
3421.9550712666623,2.35051584243774,3.60046076774597,,
3422.9690488662623,2.25333881378174,3.60046076774597,,
3423.9830452225224,2.18891406059265,3.60062289237976,,
3424.997046533362,2.14104557037354,3.60078477859497,,
3426.0110039607125,2.10073494911194,3.60062289237976,,
3427.0249914694923,2.0658233165741,3.60046076774597,,
3428.0389803938624,2.03415083885193,3.60062289237976,,
3429.052945606992,2.0082368850708,3.60062289237976,,
3430.0669416093524,1.98160326480865,3.60062289237976,,
3431.0808908970225,1.95748901367188,3.60046076774597,,
3432.095127904672,1.93445444107056,3.60046076774597,,
3433.108833709752,1.9153790473938,3.60062289237976,,
3434.1230480678623,1.89306437969208,3.60078477859497,,
3435.1370907849023,1.87146949768066,3.60046076774597,,
3436.1508404734723,1.85059440135956,3.60062289237976,,
3437.1647759590824,1.83259868621826,3.60062289237976,,
3438.1788119520324,1.81280338764191,3.60062289237976,,
3439.1927962757222,1.79336798191071,3.60046076774597,,
3440.2067059266924,1.77717185020447,3.60046076774597,,
3441.220737318962,1.75809633731842,3.60062289237976,,
3442.2347209348422,1.74010062217712,3.60062289237976,,
3443.2487141060124,1.72354459762573,3.60062289237976,,
3444.262721787032,1.70590877532959,3.60046076774597,,
3445.276613743052,1.69007253646851,3.60046076774597,,
3446.2912032342324,1.67423629760742,3.60062289237976,,
3447.304616718632,1.65840005874634,3.60062289237976,,
3448.3186311237423,1.6422039270401,3.60062289237976,,
3449.332592797882,1.62708747386932,3.60046076774597,,
3450.3466627651524,1.61125123500824,3.60062289237976,,
3451.3605784324122,1.59685468673706,3.60046076774597,,
3452.374564525592,1.58065843582153,3.60062289237976,,
3453.3885626513425,1.56626188755035,3.60046076774597,,
3454.4025413126424,1.55114555358887,3.60062289237976,,
3455.4165058179724,1.53638899326324,3.60046076774597,,
3456.4304851870725,1.52271223068237,3.60062289237976,,
3457.444457832082,1.51047515869141,3.60062289237976,,
3458.4584623280225,1.49715828895569,3.60062289237976,,
3459.4724048916123,1.48240184783936,3.60062289237976,,
3460.486463888002,1.47016477584839,3.60062289237976,,
3461.5003891105425,1.4543285369873,3.60062289237976,,
3462.5143992688622,1.44245135784149,3.60062289237976,,
3463.528362004692,1.43093407154083,3.60062289237976,,
3464.5423795949023,1.41653740406036,3.60062289237976,,
3465.5563458697325,1.40394043922424,3.60062289237976,,
3466.5703439954823,1.39206326007843,3.60046076774597,,
3467.5778813389124,1.37982618808746,3.60046076774597,,
3468.5827173703724,1.36794900894165,3.60062289237976,,
3469.5966758594222,1.35679161548615,3.60062289237976,,
3470.610664076002,1.34455454349518,3.60062289237976,,
3471.6246140714725,1.33231747150421,3.60062289237976,,
3472.6386444020422,1.32116007804871,3.60062289237976,,
3473.6526074917724,1.30748331546783,3.60046076774597,,
3474.666573766602,1.29848551750183,3.60062289237976,,
3475.680670984112,1.28768801689148,3.60062289237976,,
3476.6945640018225,1.27653074264526,3.60046076774597,,
3477.7085440787123,1.26573324203491,3.60046076774597,,
3478.722607321902,1.25421595573425,3.60046076774597,,
3479.736500339612,1.24341857433319,3.60078477859497,,
3480.750506605042,1.23370087146759,3.60046076774597,,
3481.7644696947823,1.22290337085724,3.60062289237976,,
3482.7784766680124,1.21318578720093,3.60046076774597,,
3483.7924486052325,1.20274817943573,3.60062289237976,,
3484.8064286821223,1.18979132175446,3.60062289237976,,
3485.8204236227825,1.18403267860413,3.60062289237976,,
3486.8343962677923,1.17251539230347,3.60046076774597,,
3487.848381299272,1.16207790374756,3.60046076774597,,
3488.8623380188324,1.1520003080368,3.60062289237976,,
3489.8763357906823,1.14444208145142,3.60062289237976,,
3490.8903378093223,1.13400447368622,3.60029888153076,,
3491.9043033763523,1.12464678287506,3.60062289237976,,
3492.9183128268724,1.11384928226471,3.60062289237976,,
3493.9322925498723,1.10629105567932,3.60062289237976,,
3494.9462726267625,1.09513378143311,3.60046076774597,,
3495.9602438561824,1.08721566200256,3.60062289237976,,
3496.9742373812423,1.07785785198212,3.60046076774597,,
3497.9882284290125,1.07065951824188,3.60062289237976,,
3499.0022155838924,1.06202161312103,3.60046076774597,,
3500.016181858722,1.05410349369049,3.60046076774597,,
3501.0301460101523,1.04366600513458,3.60046076774597,,
3502.0441338728324,1.0375474691391,3.60062289237976,,
3503.0581553559223,1.02854955196381,3.60046076774597,,
3504.072113844972,1.01883184909821,3.60046076774597,,
3505.086124357192,1.01235342025757,3.60062289237976,,
3506.100078245552,1.00371551513672,3.60062289237976,,
3507.1140731862124,0.995437443256378,3.60062289237976,,
3508.1280578637925,0.986799478530884,3.60062289237976,,
3509.142035109492,0.978881359100342,3.60062289237976,,
3510.1560130629923,0.973122715950012,3.60078477859497,,
3511.1699765066323,0.964484751224518,3.60046076774597,,
3512.184151228042,0.957646369934082,3.60046076774597,,
3513.197989391392,0.948648512363434,3.60046076774597,,
3514.2119567279224,0.943609714508057,3.60062289237976,,
3515.2259286651324,0.933532118797302,3.60046076774597,,
3516.239916173912,0.927413582801819,3.60046076774597,,
3517.2538997898023,0.920935094356537,3.60062289237976,,
3518.2678851751825,0.913016974925995,3.60046076774597,,
3519.2821844690825,0.905818700790405,3.60062289237976,,
3520.2958446211724,0.900060057640076,3.60062289237976,,
3521.309855487292,0.89178204536438,3.60062289237976,,
3522.3238380414823,0.885303556919098,3.60062289237976,,
3523.3377593711225,0.879544913768768,3.60046076774597,,
3524.3518013803623,0.871986746788025,3.60062289237976,,
3525.365753499222,0.864788413047791,3.60062289237976,,
3526.3797410080024,0.859029829502106,3.60046076774597,,
3527.3936598603523,0.85219144821167,3.60046076774597,,
3528.407743275792,0.843553483486176,3.60062289237976,,
3529.4216996414425,0.838874578475952,3.60078477859497,,
3530.4356722864622,0.831676304340363,3.60062289237976,,
3531.4496792596824,0.825917661190033,3.60062289237976,,
3532.4636366870322,0.820518970489502,3.60062289237976,,
3533.4776418907722,0.813320636749268,3.60062289237976,,
3534.4915759607825,0.810441315174103,3.60062289237976,,
3535.5055960282725,0.802523195743561,3.60062289237976,,
3536.519584952652,0.796044766902924,3.60062289237976,,
3537.533561136652,0.78992623090744,3.60046076774597,,
3538.547565278692,0.784167587757111,3.60062289237976,,
3539.5615326152124,0.779128789901733,3.60062289237976,,
3540.5755268480725,0.772290408611298,3.60046076774597,,
3541.5895037398823,0.766891658306122,3.60078477859497,,
3542.6034806316825,0.763652443885803,3.60062289237976,,
3543.6174713255523,0.755374431610107,3.60029888153076,,
3544.631449986852,0.750695526599884,3.60046076774597,,
3545.6454194467724,0.744217038154602,3.60062289237976,,
3546.6594267739024,0.741697669029236,3.60062289237976,,
3547.673356597122,0.735219180583954,3.60046076774597,,
3548.6874962825123,0.728380799293518,3.60046076774597,,
3549.701383991742,0.724061846733093,3.60062289237976,,
3550.715336818402,0.719742894172668,3.60062289237976,,
3551.729337775352,0.71362429857254,3.60062289237976,,
3552.7434289765624,0.708225607872009,3.60062289237976,,
3553.7573067766125,0.702107071876526,3.60062289237976,,
3554.7712932236923,0.699947595596313,3.60046076774597,,
3555.7852701155025,0.692389369010925,3.60046076774597,,
3556.799225773352,0.68699061870575,3.60062289237976,,
3557.813128346342,0.681232035160065,3.60046076774597,,
3558.827217070272,0.680152297019958,3.60062289237976,,
3559.8412098875324,0.674393653869629,3.60078477859497,,
3560.855090518772,0.668994903564453,3.60062289237976,,
3561.8691679179224,0.663956105709076,3.60046076774597,,
3562.883149056522,0.659997045993805,3.60046076774597,,
3563.8971443510723,0.65567809343338,3.60062289237976,,
3564.9111138110025,0.650279343128204,3.60062289237976,,
3565.925092826192,0.645600497722626,3.60046076774597,,
3566.9391044001122,0.643081068992615,3.60078477859497,,
3567.9530614735622,0.637322425842285,3.60062289237976,,
3568.967060307112,0.631923735141754,3.60062289237976,,
3569.981045338592,0.626524984836578,3.60046076774597,,
3570.9950144446225,0.62472540140152,3.60046076774597,,
3572.0089973527124,0.620406448841095,3.60046076774597,,
3573.022976367902,0.61608749628067,3.60062289237976,,
3574.036978386542,0.611048698425293,3.60046076774597,,
3575.0509443074725,0.607089638710022,3.60062289237976,,
3576.0649339396423,0.602770626544952,3.60046076774597,,
3577.0789232179222,0.598091721534729,3.60062289237976,,
3578.092902940912,0.594132661819458,3.60062289237976,,
3579.106894342582,0.590533554553986,3.60062289237976,,
3580.1208719421825,0.586934387683868,3.60046076774597,,
3581.1348208759623,0.584055066108704,3.60062289237976,,
3582.1488207712023,0.577576637268066,3.60046076774597,,
3583.162804740992,0.576856791973114,3.60062289237976,,
3584.1768180844024,0.571458101272583,3.60046076774597,,
3585.1908208108425,0.567858934402466,3.60046076774597,,
3586.204757358142,0.562820136547089,3.60046076774597,,
3587.218747698112,0.559940814971924,3.60062289237976,,
3588.2327663500123,0.556701600551605,3.60062289237976,,
3589.246718468872,0.552022695541382,3.60046076774597,,
3590.2607081010524,0.548423528671265,3.60062289237976,,
3591.2746874701425,0.546623945236206,3.60046076774597,,
3592.289066391352,0.542664885520935,3.60062289237976,,
3593.302640899852,0.537266194820404,3.60062289237976,,
3594.3166475191824,0.532227396965027,3.60062289237976,,
3595.3306410442424,0.532227396965027,3.60062289237976,,
3596.3446013027924,0.527908384799957,3.60062289237976,,
3597.3585357266925,0.523949325084686,3.60062289237976,,
3598.372556501992,0.520710110664368,3.60062289237976,,
3599.3865765694823,0.517830789089203,3.60062289237976,,
3600.400519840872,0.513511836528778,3.60046076774597,,
3601.4145119503423,0.510632514953613,3.60062289237976,,
3602.428497335722,0.505593717098236,3.60062289237976,,
3603.4424855522925,0.502714395523071,3.60062289237976,,
3604.4564677525823,0.500554919242859,3.60062289237976,,
3605.470452784072,0.497675597667694,3.60062289237976,,
3606.4844622345922,0.492996692657471,3.60046076774597,,
3607.498412937862,0.491557031869888,3.60078477859497,,
3608.512353024152,0.4890376329422,3.60062289237976,,
3609.5263971567924,0.485078573226929,3.60062289237976,,
3610.5403609543223,0.481479436159134,3.60062289237976,,
3611.554318381672,0.479679852724075,3.60062289237976,,
3612.568312968432,0.475000977516174,3.60062289237976,,
3613.5823369288223,0.473201394081116,3.60062289237976,,
3614.596258966262,0.469962179660797,3.60062289237976,,
3615.6102581537125,0.46636301279068,3.60062289237976,,
3616.624249201472,0.463483721017838,3.60046076774597,,
3617.6382441421324,0.460244476795197,3.60078477859497,,
3618.6521983843922,0.457365155220032,3.60062289237976,,
3619.666175983992,0.456285417079926,3.60062289237976,,
3620.6802724937024,0.453766018152237,3.60062289237976,,
3621.694174712792,0.450886696577072,3.60062289237976,,
3622.708136033032,0.446927636861801,3.60062289237976,,
3623.722159285622,0.445487976074219,3.60062289237976,,
3624.7361117583823,0.441168993711472,3.60062289237976,,
3625.7501017444524,0.438289701938629,3.60046076774597,,
3626.7640566945124,0.434330642223358,3.60062289237976,,
3627.7780926874725,0.435410380363464,3.60046076774597,,
3628.7920147249024,0.430731475353241,3.60062289237976,,
3629.806055672452,0.427132338285446,3.60062289237976,,
3630.8199791254824,0.423533201217651,3.60046076774597,,
3631.8340034397725,0.424253016710281,3.60078477859497,,
3632.847965467812,0.421013802289963,3.60046076774597,,
3633.861980226822,0.418134480714798,3.60062289237976,,
3634.8759804759625,0.414895236492157,3.60062289237976,,
3635.8899591372624,0.413455575704575,3.60062289237976,,
3636.9039031164525,0.409496515989304,3.60062289237976,,
3637.917889917432,0.406977117061615,3.60062289237976,,
3638.9318728255125,0.404457718133926,3.60062289237976,,
3639.9458861689322,0.40409779548645,3.60062289237976,,
3640.9598255474225,0.401938319206238,3.60062289237976,,
3641.973817656892,0.398339182138443,3.60078477859497,,
3642.987782162222,0.395819783210754,3.60062289237976,,
3644.0018082460024,0.394380122423172,3.60078477859497,,
3645.0157667350522,0.390421062707901,3.60046076774597,,
3646.0297952961323,0.387901663780212,3.60062289237976,,
3647.0437265349424,0.386102080345154,3.60062289237976,,
3648.0577243067924,0.383942604064941,3.60062289237976,,
3649.071717124062,0.382502943277359,3.60062289237976,,
3650.085721266092,0.378903776407242,3.60078477859497,,
3651.0996861253325,0.375304639339447,3.60078477859497,,
3652.113690975162,0.376384377479553,3.60062289237976,,
3653.127623629572,0.373145163059235,3.60062289237976,,
3654.141638388582,0.3709856569767,3.60062289237976,,
3655.1555897996523,0.369186103343964,3.60062289237976,,
3656.1696190685225,0.367026597261429,3.60062289237976,,
3657.1835892362424,0.364147275686264,3.60078477859497,,
3658.1975721443323,0.361987799406052,3.60062289237976,,
3659.211526386592,0.359828323125839,3.60062289237976,,
3660.2255492852823,0.359108477830887,3.60078477859497,,
3661.243810125922,0.357668817043304,3.60062289237976,,
3662.2535048383825,0.355509340763092,3.60078477859497,,
3663.2674856230724,0.351910203695297,3.60062289237976,,
3664.2820308768623,0.349750697612762,3.60062289237976,,
3665.295445422962,0.347951143980026,3.60062289237976,,
3666.3094552273824,0.346871376037598,3.60062289237976,,
3667.3234091157524,0.343632161617279,3.60062289237976,,
3668.3374068876024,0.342192500829697,3.60078477859497,,
3669.351350512882,0.340392917394638,3.60078477859497,,
3670.3653893370324,0.337513625621796,3.60062289237976,,
3671.3793184524525,0.335714042186737,3.60062289237976,,
3672.3933583383023,0.334994196891785,3.60062289237976,,
3673.4072994862922,0.333914458751678,3.60062289237976,,
3674.421315660902,0.33067524433136,3.60046076774597,,
3675.4352656563724,0.327076077461243,3.60062289237976,,
3676.449292801852,0.327795922756195,3.60062289237976,,
3677.4632495214023,0.323476940393448,3.60062289237976,,
3678.477259325822,0.324556678533554,3.60046076774597,,
3679.491201535512,0.320597618818283,3.60078477859497,,
3680.5052254959023,0.319877803325653,3.60062289237976,,
3681.5191868161423,0.317358404397964,3.60062289237976,,
3682.5331814029023,0.315558820962906,3.60062289237976,,
3683.547116534602,0.314839005470276,3.60046076774597,,
3684.561145095682,0.313759237527847,3.60062289237976,,
3685.5750901365623,0.311959683895111,3.60062289237976,,
3686.5891194054325,0.309440284967422,3.60062289237976,,
3687.6030609073223,0.307640701532364,3.60062289237976,,
3688.6170912378925,0.305841118097305,3.60062289237976,,
3689.6310132753324,0.304401487112045,3.60046076774597,,
3690.645047852692,0.303321719169617,3.60062289237976,,
3691.659029699082,0.300442427396774,3.60046076774597,,
3692.6729885420323,0.299362659454346,3.60062289237976,,
3693.6907203034925,0.297563105821609,3.60062289237976,,
3694.7009816084424,0.295763522386551,3.60062289237976,,
3695.7149464676722,0.295403599739075,3.60078477859497,,
3696.7289396388423,0.293604046106339,3.60046076774597,,
3697.742912283852,0.29108464717865,3.60062289237976,,
3698.7569181953822,0.290004879236221,3.60062289237976,,
3699.770880931222,0.290004879236221,3.60062289237976,,
3700.7848917973424,0.287125587463379,3.60078477859497,,
3701.7988587799723,0.28604581952095,3.60062289237976,,
3702.8128561979224,0.283166527748108,3.60046076774597,,
3703.826817164262,0.283886343240738,3.60062289237976,,
3704.840780607902,0.281007021665573,3.60078477859497,,
3705.8547939513123,0.277767807245255,3.60046076774597,,
3706.8687775672024,0.278127700090408,3.60062289237976,,
3707.8827378257424,0.277407884597778,3.60062289237976,,
3708.8967525847524,0.27560830116272,3.60046076774597,,
3709.9107160283925,0.273808747529984,3.60062289237976,,
3710.9247215860223,0.272728979587555,3.60062289237976,,
3711.9386998934224,0.271649241447449,3.60062289237976,,
3712.9526951879725,0.269489765167236,3.60062289237976,,
3713.966647660742,0.267690181732178,3.60062289237976,,
3714.980640124102,0.265890628099442,3.60046076774597,,
3715.9945642849425,0.266970366239548,3.60062289237976,,
3717.008610894872,0.265890628099442,3.60062289237976,,
3718.0225099288623,0.263731122016907,3.60046076774597,,
3719.036576357142,0.260851800441742,3.60062289237976,,
3720.050552895052,0.260131984949112,3.60062289237976,,
3721.0645701313524,0.259052246809006,3.60062289237976,,
3722.078524727512,0.255813002586365,3.60062289237976,,
3723.0924991420225,0.255093187093735,3.60046076774597,,
3724.106483819602,0.255093187093735,3.60062289237976,,
3725.1204830070524,0.251853942871094,3.60062289237976,,
3726.1344613144524,0.251494020223618,3.60062289237976,,
3727.148420157402,0.250414282083511,3.60046076774597,,
3728.1624097895724,0.251494020223618,3.60062289237976,,
3729.1764249024823,0.249694466590881,3.60062289237976,,
3730.190385514922,0.247175052762032,3.60062289237976,,
3731.204380101682,0.24645522236824,3.60078477859497,,
3732.2183587629825,0.245015576481819,3.60062289237976,,
3733.2323547653323,0.244655653834343,3.60062289237976,,
3734.246321747962,0.242496162652969,3.60062289237976,,
3735.2603145652324,0.240336686372757,3.60062289237976,,
3736.2746726063824,0.241056516766548,3.60062289237976,,
3737.2886364039123,0.237817287445068,3.60062289237976,,
3738.302204542242,0.237457364797592,3.60062289237976,,
3739.3162373501023,0.234937965869904,3.60046076774597,,
3740.3304205650925,0.236737534403801,3.60062289237976,,
3741.3442456341722,0.234218135476112,3.60078477859497,,
3742.358194214042,0.232418566942215,3.60062289237976,,
3743.3721700441524,0.231698736548424,3.60062289237976,,
3744.3861547217325,0.231338813900948,3.60062289237976,,
3745.4001252433522,0.228819414973259,3.60062289237976,,
3746.414128677592,0.227379754185677,3.60046076774597,,
3747.4281130012723,0.224860355257988,3.60078477859497,,
3748.4420987405624,0.225580185651779,3.60078477859497,,
3749.456034933962,0.223060786724091,3.60062289237976,,
3750.4700613716423,0.223420694470406,3.60062289237976,,
3751.4840747150524,0.221621125936508,3.60046076774597,,
3752.498009846762,0.223060786724091,3.60062289237976,,
3753.512003371822,0.220901295542717,3.60078477859497,,
3754.5259774324322,0.220181465148926,3.60078477859497,,
3755.5399833439624,0.218021973967552,3.60046076774597,,
3756.5539513882923,0.216582328081131,3.60046076774597,,
3757.5679523452322,0.21586249768734,3.60062289237976,,
3758.5819356072225,0.215142667293549,3.60062289237976,,
3759.5959064827425,0.213703006505966,3.60062289237976,,
3760.6098854979323,0.214422836899757,3.60062289237976,,
3761.6238758379022,0.212263345718384,3.60062289237976,,
3762.637862992782,0.209743946790695,3.60046076774597,,
3763.6518331605025,0.209384024143219,3.60062289237976,,
3764.665813591302,0.209384024143219,3.60062289237976,,
3765.6799999913824,0.209024116396904,3.60078477859497,,
3766.6937914400423,0.208304286003113,3.60078477859497,,
3767.707772578632,0.205424964427948,3.60062289237976,,
3768.7217607952125,0.205424964427948,3.60078477859497,,
3769.7357405182124,0.203985318541527,3.60062289237976,,
3770.749720595102,0.202905565500259,3.60046076774597,,
3771.7637081038824,0.202185735106468,3.60078477859497,,
3772.7776085534724,0.201825827360153,3.60062289237976,,
3773.791677459042,0.201105996966362,3.60062289237976,,
3774.8056582437425,0.200386166572571,3.60062289237976,,
3775.8196379667324,0.197146937251091,3.60062289237976,,
3776.8336753752924,0.198226675391197,3.60078477859497,,
3777.847608383602,0.197866767644882,3.60078477859497,,
3778.8615863371024,0.195707276463509,3.60062289237976,,
3779.8755851706524,0.195347368717194,3.60062289237976,,
3780.8895464908924,0.193907707929611,3.60062289237976,,
3781.903536123062,0.19318787753582,3.60062289237976,,
3782.917525401332,0.191748216748238,3.60062289237976,,
3783.931535913552,0.190668478608131,3.60062289237976,,
3784.9454738764525,0.190668478608131,3.60062289237976,,
3785.959476602892,0.189588725566864,3.60062289237976,,
3786.973476498142,0.188508987426758,3.60062289237976,,
3787.9874413573725,0.187429249286652,3.60078477859497,,
3789.0014309895423,0.187789157032967,3.60062289237976,,
3790.0153622283624,0.186349496245384,3.60062289237976,,
3791.029386188752,0.184909835457802,3.60062289237976,,
3792.043365557842,0.184190005064011,3.60062289237976,,
3793.057365453092,0.184549927711487,3.60062289237976,,
3794.0713497767724,0.183110266923904,3.60046076774597,,
3795.0853217139925,0.182390436530113,3.60062289237976,,
3796.099315946852,0.180950775742531,3.60062289237976,,
3797.1132861145725,0.180590867996216,3.60078477859497,,
3798.127252389402,0.179871037602425,3.60046076774597,,
3799.1412434371723,0.178791299462318,3.60078477859497,,
3800.155250056492,0.178071469068527,3.60062289237976,,
3801.169183772602,0.176271885633469,3.60078477859497,,
3802.1832066712923,0.175911977887154,3.60062289237976,,
3803.1971945339724,0.175552055239677,3.60062289237976,,
3804.2111763803623,0.17375248670578,3.60078477859497,,
3805.225158580652,0.176631808280945,3.60062289237976,,
3806.2391372419524,0.174832239747047,3.60078477859497,,
3807.2531187344425,0.172312825918198,3.60062289237976,,
3808.2671136751023,0.171592995524406,3.60062289237976,,
3809.2814189852825,0.170873165130615,3.60062289237976,,
3810.2950685204023,0.171592995524406,3.60062289237976,,
3811.3090542596824,0.168713688850403,3.60046076774597,,
3812.3230092097424,0.168353766202927,3.60062289237976,,
3813.3370239687524,0.168713688850403,3.60062289237976,,
3814.351002983952,0.167633935809135,3.60046076774597,,
3815.3649919083223,0.166914105415344,3.60046076774597,,
3816.3789808326924,0.165474459528923,3.60062289237976,,
3817.3929163183025,0.164754629135132,3.60062289237976,,
3818.4069462949724,0.162595137953758,3.60062289237976,,
3819.4209224789824,0.164394706487656,3.60062289237976,,
3820.4349032636724,0.164034798741341,3.60046076774597,,
3821.4488808632723,0.160795569419861,3.60046076774597,,
3822.4628807585223,0.161515399813652,3.60062289237976,,
3823.476826507202,0.160435646772385,3.60046076774597,,
3824.490830295332,0.158995985984802,3.60062289237976,,
3825.5048107261323,0.160435646772385,3.60078477859497,,
3826.5188084979823,0.16007573902607,3.60062289237976,,
3827.532781850792,0.158276170492172,3.60078477859497,,
3828.5467697134723,0.158276170492172,3.60078477859497,,
3829.5607533293523,0.15683650970459,3.60062289237976,,
3830.574746146622,0.156116679310799,3.60062289237976,,
3831.588730116402,0.155036926269531,3.60062289237976,,
3832.602712670592,0.15431709587574,3.60062289237976,,
3833.6166952247822,0.155396848917007,3.60062289237976,,
3834.6306232785123,0.15359728038311,3.60062289237976,,
3835.6446529012824,0.152877449989319,3.60062289237976,,
3836.658652088722,0.151797696948051,3.60062289237976,,
3837.6727383353523,0.152517527341843,3.60078477859497,,
3838.6867286753222,0.15107786655426,3.60062289237976,,
3839.7008117368623,0.148918390274048,3.60062289237976,,
3840.714553285752,0.148198559880257,3.60062289237976,,
3841.7285570738923,0.149278298020363,3.60062289237976,,
3842.7425318423025,0.147118806838989,3.60062289237976,,
3843.756526075162,0.145679160952568,3.60062289237976,,
3844.770453067182,0.146039068698883,3.60062289237976,,
3845.784417572522,0.147478729486465,3.60062289237976,,
3846.7984397634123,0.146039068698883,3.60046076774597,,
3847.812475048572,0.145679160952568,3.60062289237976,,
3848.8263995633024,0.144599407911301,3.60062289237976,,
3849.840388133772,0.144599407911301,3.60062289237976,,
3850.8543664411723,0.143159747123718,3.60062289237976,,
3851.868387924272,0.142080008983612,3.60046076774597,,
3852.882358799782,0.141720086336136,3.60062289237976,,
3853.8963519709523,0.141360178589821,3.60046076774597,,
3854.9102952423323,0.142080008983612,3.60078477859497,,
3855.9243255729025,0.14064034819603,3.60062289237976,,
3856.9382677825924,0.141360178589821,3.60062289237976,,
3857.9522984670625,0.139560610055923,3.60062289237976,,
3858.966259787302,0.139560610055923,3.60062289237976,,
3859.980246588282,0.138480857014656,3.60062289237976,,
3860.994195168162,0.135961458086967,3.60046076774597,,
3862.0082332845122,0.138480857014656,3.60062289237976,,
3863.0221900040624,0.13740111887455,3.60046076774597,,
3864.036184944722,0.137041211128235,3.60062289237976,,
3865.050152989042,0.134521797299385,3.60062289237976,,
3866.064141913422,0.135961458086967,3.60062289237976,,
3867.078153487332,0.13416188955307,3.60062289237976,,
3868.0921296713423,0.132362321019173,3.60062289237976,,
3869.1060931149723,0.133082151412964,3.60062289237976,,
3870.1200841627424,0.131282567977905,3.60062289237976,,
3871.1340178788523,0.132002398371696,3.60062289237976,,
3872.148077936952,0.128763169050217,3.60062289237976,,
3873.1620109452624,0.130562737584114,3.60046076774597,,
3874.1760324283523,0.13092266023159,3.60062289237976,,
3875.1899211992823,0.131282567977905,3.60062289237976,,
3876.203988689252,0.130202829837799,3.60062289237976,,
3877.2179482400024,0.129482999444008,3.60062289237976,,
3878.236337899922,0.129123076796532,3.60078477859497,,
3879.2459349362325,0.128043338656425,3.60046076774597,,
3880.2599086429423,0.12768343091011,3.60078477859497,,
3881.2742302324823,0.126243770122528,3.60062289237976,,
3882.287879767602,0.126963600516319,3.60046076774597,,
3883.301849581422,0.126243770122528,3.60062289237976,,
3884.3158501844723,0.126243770122528,3.60062289237976,,
3885.329785316172,0.124804109334946,3.60046076774597,,
3886.343792643302,0.125164017081261,3.60062289237976,,
3887.357768827302,0.124084278941154,3.60046076774597,,
3888.3718023429724,0.122644625604153,3.60062289237976,,
3889.3857328739823,0.123004533350468,3.60062289237976,,
3890.3997632045525,0.123724363744259,3.60062289237976,,
3891.4137170929225,0.123004533350468,3.60062289237976,,
3892.4277194654524,0.121564880013466,3.60062289237976,,
3893.4416892792824,0.120845049619675,3.60046076774597,,
3894.4556997915024,0.121564880013466,3.60062289237976,,
3895.4696515564624,0.120125219225883,3.60062289237976,,
3896.4836546368024,0.120125219225883,3.60046076774597,,
3897.4975784437324,0.118325650691986,3.60062289237976,,
3898.5116254075624,0.119765304028988,3.60062289237976,,
3899.5255513378925,0.119765304028988,3.60062289237976,,
3900.539594762732,0.117605820298195,3.60062289237976,,
3901.5535383880224,0.115806244313717,3.60046076774597,,
3902.567540760562,0.117605820298195,3.60062289237976,,
3903.5817016799024,0.117245905101299,3.60046076774597,,
3904.5955338269623,0.116166159510612,3.60062289237976,,
3905.6094735593624,0.116166159510612,3.60062289237976,,
3906.6234755780024,0.115086413919926,3.60078477859497,,
3907.637452469802,0.114366583526134,3.60046076774597,,
3908.6514152056425,0.113646760582924,3.60062289237976,,
3909.6654260717623,0.11472649872303,3.60046076774597,,
3910.6795232892623,0.115446329116821,3.60062289237976,,
3911.6933851638523,0.114006675779819,3.60062289237976,,
3912.7073847052025,0.112926930189133,3.60062289237976,,
3913.7213389474623,0.11148726940155,3.60078477859497,,
3914.7353629078425,0.111847184598446,3.60062289237976,,
3915.7493139650123,0.11148726940155,3.60078477859497,,
3916.7633039510824,0.111127354204655,3.60062289237976,,
3917.777260670642,0.111127354204655,3.60062289237976,,
3918.791298079192,0.11148726940155,3.60062289237976,,
3919.805209145762,0.110407523810863,3.60062289237976,,
3920.8192423075225,0.109327785670757,3.60029888153076,,
3921.833216014232,0.10824804008007,3.60062289237976,,
3922.8472130782825,0.107528209686279,3.60078477859497,,
3923.8611814765122,0.108967870473862,3.60062289237976,,
3924.8751905731324,0.107888124883175,3.60062289237976,,
3925.8891649876423,0.105368725955486,3.60062289237976,,
3926.9031418794425,0.107168294489384,3.60062289237976,,
3927.9171099237724,0.106448464095592,3.60062289237976,,
3928.9311257444724,0.106088548898697,3.60062289237976,,
3929.945094142702,0.106448464095592,3.60046076774597,,
3930.9590498005523,0.104648895561695,3.60046076774597,,
3931.9730525269924,0.105008810758591,3.60046076774597,,
3932.9870545456324,0.104648895561695,3.60062289237976,,
3934.0012236046623,0.103209234774113,3.60062289237976,,
3935.0151562590722,0.105368725955486,3.60062289237976,,
3936.0291805733623,0.104288980364799,3.60062289237976,,
3937.0431783452123,0.102849319577217,3.60062289237976,,
3938.057154883112,0.103569149971008,3.60062289237976,,
3939.0709682735223,0.104288980364799,3.60046076774597,,
3940.0851281311725,0.102489404380322,3.60062289237976,,
3941.0991007761822,0.0999700054526329,3.60062289237976,,
3942.1128501108524,0.102489404380322,3.60062289237976,,
3943.126843989812,0.10176957398653,3.60046076774597,,
3944.1410622408225,0.10104975104332,3.60062289237976,,
3945.1548473193025,0.101409666240215,3.60062289237976,,
3946.1690054074525,0.100689835846424,3.60078477859497,,
3947.1830619265525,0.0996100902557373,3.60062289237976,,
3948.196981132802,0.0988902598619461,3.60062289237976,,
3949.2109785507523,0.0981704294681549,3.60062289237976,,
3950.2249483645724,0.100689835846424,3.60046076774597,,
3951.238943305232,0.0999700054526329,3.60046076774597,,
3952.2527202440324,0.0978105142712593,3.60078477859497,,
3953.266900273932,0.0970906913280487,3.60062289237976,,
3954.2812388506322,0.0985303446650505,3.60062289237976,,
3955.2946902022422,0.0963708609342575,3.60062289237976,,
3956.308853952782,0.0949312001466751,3.60062289237976,,
3957.3226093037424,0.0960109457373619,3.60062289237976,,
3958.3365568219124,0.0952911153435707,3.60062289237976,,
3959.350583967392,0.0942113697528839,3.60078477859497,,
3960.364585986032,0.0945712849497795,3.60062289237976,,
3961.3785904819724,0.0931316316127777,3.60029888153076,,
3962.3925507405124,0.0952911153435707,3.60062289237976,,
3963.406559837132,0.0949312001466751,3.60062289237976,,
3964.420554423892,0.0963708609342575,3.60062289237976,,
3965.434522114322,0.0945712849497795,3.60062289237976,,
3966.448484496262,0.0938514545559883,3.60062289237976,,
3967.462469527742,0.0931316316127777,3.60062289237976,,
3968.476489595242,0.0916919708251953,3.60062289237976,,
3969.490451977182,0.0913320556282997,3.60046076774597,,
3970.5044384242624,0.0927717164158821,3.60078477859497,,
3971.518375679362,0.0916919708251953,3.60062289237976,,
3972.5324176886024,0.0913320556282997,3.60078477859497,,
3973.5463740542523,0.0913320556282997,3.60062289237976,,
3974.5603651020224,0.0909721404314041,3.60062289237976,,
3975.5743717213522,0.0906122252345085,3.60078477859497,,
3976.5883238402125,0.0898923948407173,3.60062289237976,,
3977.602318073072,0.0888126567006111,3.60062289237976,,
3978.6163013350624,0.0902523100376129,3.60078477859497,,
3979.630212047732,0.0895324796438217,3.60062289237976,,
3980.6442671512423,0.0884527415037155,3.60046076774597,,
3981.6582482898325,0.0888126567006111,3.60062289237976,,
3982.6723026855425,0.0884527415037155,3.60046076774597,,
3983.6861277546222,0.0880928263068199,3.60062289237976,,
3984.7001602085925,0.0877329111099243,3.60046076774597,,
3985.7141884157622,0.0862932503223419,3.60062289237976,,
3986.7281561061923,0.0873729959130287,3.60046076774597,,
3987.742144322762,0.0877329111099243,3.60062289237976,,
3988.7561162599823,0.0866531655192375,3.60062289237976,,
3989.7701232332124,0.0859333351254463,3.60062289237976,,
3990.7841287908423,0.0866531655192375,3.60062289237976,,
3991.7981003741525,0.0855734199285507,3.60046076774597,,
3992.8120680645825,0.0848535969853401,3.60078477859497,,
3993.8259893942222,0.0837738513946533,3.60046076774597,,
3994.8400314034625,0.0866531655192375,3.60046076774597,,
3995.8540114803623,0.0844936817884445,3.60062289237976,,
3996.8680120834024,0.0826941058039665,3.60062289237976,,
3997.881985790112,0.0812544450163841,3.60046076774597,,
3998.8959478181523,0.0852135047316551,3.60062289237976,,
3999.9099643466625,0.0837738513946533,3.60062289237976,,
4000.923934160482,0.0837738513946533,3.60078477859497,,
4001.9379170685725,0.0826941058039665,3.60046076774597,,
4002.9518872362924,0.0826941058039665,3.60062289237976,,
4003.9658889010325,0.0823341906070709,3.60062289237976,,
4004.979842435492,0.0823341906070709,3.60078477859497,,
4005.9938575484025,0.0816143602132797,3.60062289237976,,
4007.0078291317122,0.0819742754101753,3.60062289237976,,
4008.0218106242123,0.0816143602132797,3.60046076774597,,
4009.035792824502,0.0812544450163841,3.60062289237976,,
4010.0497842261625,0.0808945298194885,3.60078477859497,,
4011.0637639491624,0.0816143602132797,3.60062289237976,,
4012.0777818932625,0.0805346220731735,3.60062289237976,,
4013.091736489422,0.0798147916793823,3.60062289237976,,
4014.105715858512,0.0794548764824867,3.60046076774597,,
4015.1197642379425,0.0801747068762779,3.60062289237976,,
4016.1336384990022,0.0816143602132797,3.60062289237976,,
4017.1476617515923,0.0787350460886955,3.60062289237976,,
4018.161657753942,0.0769354701042175,3.60046076774597,,
4019.175848754712,0.0790949612855911,3.60046076774597,,
4020.1896225084224,0.0787350460886955,3.60046076774597,,
4021.2036001080223,0.0787350460886955,3.60062289237976,,
4022.2175784154224,0.0769354701042175,3.60062289237976,,
4023.231555307222,0.0772953853011131,3.60062289237976,,
4024.245535738022,0.0765755623579025,3.60078477859497,,
4025.2595575750124,0.0762156471610069,3.60062289237976,,
4026.2738214790024,0.0754958167672157,3.60046076774597,,
4027.287467121232,0.0769354701042175,3.60062289237976,,
4028.3014822341424,0.0772953853011131,3.60062289237976,,
4029.3154594798425,0.0769354701042175,3.60062289237976,,
4030.3294660991724,0.0762156471610069,3.60062289237976,,
4031.3434242343224,0.0758557319641113,3.60062289237976,,
4032.3574248373625,0.0751359015703201,3.60062289237976,,
4033.3713801413223,0.0740561559796333,3.60062289237976,,
4034.385378267072,0.0740561559796333,3.60046076774597,,
4035.399395149472,0.0754958167672157,3.60078477859497,,
4036.413342667652,0.0740561559796333,3.60062289237976,,
4037.427333007622,0.0736962407827377,3.60046076774597,,
4038.441306006532,0.0736962407827377,3.60062289237976,,
4039.4552970543023,0.0744160711765289,3.60078477859497,,
4040.4692916410622,0.0733363255858421,3.60078477859497,,
4041.4832632243724,0.0726164951920509,3.60062289237976,,
4042.4972489636525,0.0722565874457359,3.60062289237976,,
4043.511230456152,0.0736962407827377,3.60062289237976,,
4044.525239906672,0.0736962407827377,3.60062289237976,,
4045.539199103522,0.0718966722488403,3.60078477859497,,
4046.5531869661922,0.0715367570519447,3.60078477859497,,
4047.5671716437723,0.0718966722488403,3.60062289237976,,
4048.581484031942,0.0711768418550491,3.60078477859497,,
4049.595135336562,0.0704570114612579,3.60062289237976,,
4050.609115059552,0.0704570114612579,3.60046076774597,,
4051.623074256402,0.0722565874457359,3.60078477859497,,
4052.6370737977522,0.0711768418550491,3.60062289237976,,
4053.651116514792,0.0708169266581535,3.60062289237976,,
4054.6652346123424,0.0700970962643623,3.60062289237976,,
4055.679419950722,0.0690173506736755,3.60062289237976,,
4056.6932163539723,0.0697371810674667,3.60062289237976,,
4057.707193953582,0.0693772658705711,3.60062289237976,,
4058.721164121292,0.0697371810674667,3.60078477859497,,
4059.7351505683723,0.0697371810674667,3.60062289237976,,
4060.7491522331225,0.0672177821397781,3.60078477859497,,
4061.763127001522,0.0668578669428825,3.60062289237976,,
4062.777103539432,0.0679376125335693,3.60046076774597,,
4063.7910825546323,0.0704570114612579,3.60062289237976,,
4064.8050718329023,0.0693772658705711,3.60062289237976,,
4065.819055802682,0.0679376125335693,3.60062289237976,,
4066.8330542823323,0.0675776973366737,3.60062289237976,,
4067.8469876445424,0.0672177821397781,3.60062289237976,,
4068.8608088207425,0.0668578669428825,3.60062289237976,,
4069.8749916818324,0.0664979517459869,3.60062289237976,,
4070.8889544176623,0.0654182061553001,3.60062289237976,,
4071.902786564732,0.0672177821397781,3.60062289237976,,
4072.9169135097623,0.0679376125335693,3.60062289237976,,
4073.930714867602,0.0672177821397781,3.60046076774597,,
4074.9447260876123,0.0657781213521957,3.60062289237976,,
4075.9586937780423,0.0657781213521957,3.60046076774597,,
4076.972680225122,0.0654182061553001,3.60046076774597,,
4077.9866726884825,0.0650582909584045,3.60062289237976,,
4079.000768490392,0.0643384605646133,3.60046076774597,,
4080.0146066537422,0.0650582909584045,3.60062289237976,,
4081.0285700973823,0.0650582909584045,3.60062289237976,,
4082.0426050286424,0.0643384605646133,3.60078477859497,,
4083.056560332592,0.0643384605646133,3.60062289237976,,
4084.070546425772,0.0646983757615089,3.60046076774597,,
4085.084533580652,0.0639785528182983,3.60062289237976,,
4086.0985317064024,0.0628988072276115,3.60062289237976,,
4087.1124841791625,0.0628988072276115,3.60046076774597,,
4088.1264851361125,0.0636186376214027,3.60078477859497,,
4089.1404485797425,0.0646983757615089,3.60046076774597,,
4090.154370263282,0.0628988072276115,3.60062289237976,,
4091.1684504936325,0.0625388920307159,3.60062289237976,,
4092.1824295088322,0.0632587224245071,3.60062289237976,,
4093.196385874482,0.0610992312431335,3.60062289237976,,
4094.210368428672,0.0618190616369247,3.60046076774597,,
4095.2243081610723,0.0621789768338203,3.60078477859497,,
4096.238378836142,0.0614591464400291,3.60062289237976,,
4097.252325292622,0.0614591464400291,3.60062289237976,,
4098.266300061022,0.0592996589839458,3.60062289237976,,
4099.280606079013,0.060019489377737,3.60062289237976,,
4100.294275786382,0.0628988072276115,3.60062289237976,,
4101.308215164872,0.0614591464400291,3.60062289237976,,
4102.322263190403,0.0614591464400291,3.60062289237976,,
4103.336214955362,0.0610992312431335,3.60078477859497,,
4104.350224405893,0.0607393197715282,3.60062289237976,,
4105.364186433932,0.0614591464400291,3.60062289237976,,
4106.378217826193,0.0596595741808414,3.60062289237976,,
4107.3921582663925,0.0589397437870502,3.60078477859497,,
4108.406152853152,0.0596595741808414,3.60046076774597,,
4109.420141069722,0.0596595741808414,3.60062289237976,,
4110.434138841572,0.0592996589839458,3.60046076774597,,
4111.448095207233,0.0592996589839458,3.60062289237976,,
4112.462052280683,0.0596595741808414,3.60062289237976,,
4113.476053237622,0.0592996589839458,3.60078477859497,,
4114.490077198012,0.0585798323154449,3.60062289237976,,
4115.504013037512,0.0571401715278625,3.60078477859497,,
4116.518010809363,0.0596595741808414,3.60062289237976,,
4117.531978145892,0.0589397437870502,3.60078477859497,,
4118.545989365913,0.0589397437870502,3.60046076774597,,
4119.559927682712,0.0582199171185493,3.60078477859497,,
4120.573968276352,0.0578600019216537,3.60029888153076,,
4121.587927473202,0.0578600019216537,3.60062289237976,,
4122.601930907443,0.0571401715278625,3.60062289237976,,
4123.615846928592,0.0567802563309669,3.60046076774597,,
4124.629891769032,0.0582199171185493,3.60062289237976,,
4125.643856274362,0.0575000867247581,3.60046076774597,,
4126.657919163652,0.0567802563309669,3.60062289237976,,
4127.671997978402,0.056060429662466,3.60046076774597,,
4128.685776332803,0.0564203448593616,3.60046076774597,,
4129.699738714742,0.0564203448593616,3.60062289237976,,
4130.713776477192,0.0553405992686749,3.60046076774597,,
4131.727753722892,0.0549806840717793,3.60062289237976,,
4132.741763527312,0.056060429662466,3.60062289237976,,
4133.755703967502,0.0567802563309669,3.60062289237976,,
4134.7697328824825,0.0553405992686749,3.60046076774597,,
4135.783682524052,0.0553405992686749,3.60046076774597,,
4136.797688081682,0.0564203448593616,3.60062289237976,,
4137.811658957202,0.056060429662466,3.60078477859497,,
4138.825660975842,0.0549806840717793,3.60078477859497,,
4139.839607432323,0.0542608574032784,3.60078477859497,,
4140.853626792023,0.0549806840717793,3.60062289237976,,
4141.867587050562,0.0549806840717793,3.60062289237976,,
4142.881588007503,0.0542608574032784,3.60078477859497,,
4143.895546850452,0.0539009422063828,3.60062289237976,,
4144.909541791112,0.0531811118125916,3.60062289237976,,
4145.923507358142,0.0524612851440907,3.60062289237976,,
4146.937522471052,0.052821196615696,3.60062289237976,,
4147.951478128903,0.0521013699471951,3.60046076774597,,
4148.965502443192,0.0557005144655704,3.60062289237976,,
4149.979458101052,0.0539009422063828,3.60046076774597,,
4150.993445255922,0.0521013699471951,3.60062289237976,,
4152.007381095433,0.0531811118125916,3.60062289237976,,
4153.021431244352,0.0535410270094872,3.60046076774597,,
4154.035381947622,0.0539009422063828,3.60046076774597,,
4155.049392105942,0.0539009422063828,3.60062289237976,,
4156.063353072283,0.0495819672942162,3.60046076774597,,
4157.077374909272,0.0524612851440907,3.60046076774597,,
4158.091324550843,0.0517414547502995,3.60062289237976,,
4159.105311705723,0.0521013699471951,3.60062289237976,,
4160.1193183250525,0.052821196615696,3.60062289237976,,
4161.1332817686925,0.052821196615696,3.60062289237976,,
4162.147265384572,0.052821196615696,3.60046076774597,,
4163.161240152982,0.0510216243565083,3.60062289237976,,
4164.175186255562,0.0503017976880074,3.60062289237976,,
4165.189219417322,0.0506617091596127,3.60062289237976,,
4166.203180029773,0.0510216243565083,3.60062289237976,,
4167.217221331212,0.0506617091596127,3.60078477859497,,
4168.231161771402,0.0506617091596127,3.60078477859497,,
4169.245151757473,0.0513815395534039,3.60062289237976,,
4170.259129003182,0.0510216243565083,3.60062289237976,,
4171.273426173682,0.0506617091596127,3.60062289237976,,
4172.287109683122,0.0492220520973206,3.60062289237976,,
4173.301085867122,0.048862136900425,3.60046076774597,,
4174.315072314203,0.0499418824911118,3.60062289237976,,
4175.329014169993,0.0503017976880074,3.60078477859497,,
4176.343037422583,0.0492220520973206,3.60046076774597,,
4177.357024577463,0.0499418824911118,3.60062289237976,,
4178.371003946552,0.048862136900425,3.60062289237976,,
4179.3849797766625,0.0485022217035294,3.60046076774597,,
4180.398966223743,0.0503017976880074,3.60062289237976,,
4181.412955148112,0.0506617091596127,3.60078477859497,,
4182.426930624322,0.0492220520973206,3.60046076774597,,
4183.440919902592,0.0481423102319241,3.60062289237976,,
4184.454864589572,0.048862136900425,3.60062289237976,,
4185.468889965562,0.048862136900425,3.60062289237976,,
4186.4828247433625,0.048862136900425,3.60062289237976,,
4187.496845518663,0.0477823950350285,3.60062289237976,,
4188.510840813222,0.0495819672942162,3.60062289237976,,
4189.524810627042,0.0467026494443417,3.60062289237976,,
4190.538803444302,0.0452629923820496,3.60062289237976,,
4191.552748839083,0.0467026494443417,3.60062289237976,,
4192.5667788157525,0.048862136900425,3.60078477859497,,
4193.580715716962,0.0495819672942162,3.60062289237976,,
4194.594718797292,0.0485022217035294,3.60062289237976,,
4195.608716923042,0.0470625646412373,3.60062289237976,,
4196.622689214162,0.0470625646412373,3.60062289237976,,
4197.636648057112,0.0474224798381329,3.60062289237976,,
4198.650903821413,0.0470625646412373,3.60046076774597,,
4199.664644662503,0.0474224798381329,3.60062289237976,,
4200.6787135680825,0.0481423102319241,3.60062289237976,,
4201.692615433272,0.0470625646412373,3.60062289237976,,
4202.706609312232,0.0474224798381329,3.60078477859497,,
4203.720590096922,0.0470625646412373,3.60062289237976,,
4204.734555310062,0.0467026494443417,3.60062289237976,,
4205.748542111032,0.0459828227758408,3.60062289237976,,
4206.7625136943525,0.0459828227758408,3.60062289237976,,
4207.776523144872,0.0467026494443417,3.60062289237976,,
4208.790467124062,0.0456229075789452,3.60062289237976,,
4209.8044981624325,0.0452629923820496,3.60046076774597,,
4210.818460898262,0.0445431619882584,3.60062289237976,,
4211.832445929752,0.0441832467913628,3.60046076774597,,
4212.846445117202,0.0459828227758408,3.60062289237976,,
4213.860403252343,0.0463427342474461,3.60062289237976,,
4214.874392176723,0.044903077185154,3.60062289237976,,
4215.8883860556825,0.0441832467913628,3.60062289237976,,
4216.902367902072,0.0441832467913628,3.60062289237976,,
4217.916363196632,0.0441832467913628,3.60062289237976,,
4218.930328409762,0.0423836745321751,3.60062289237976,,
4219.944287960512,0.0438233353197575,3.60062289237976,,
4220.958285378462,0.0456229075789452,3.60062289237976,,
4221.972296598482,0.0445431619882584,3.60062289237976,,
4222.986274905872,0.0441832467913628,3.60062289237976,,
4224.0002779862125,0.044903077185154,3.60078477859497,,
4225.014227273882,0.0445431619882584,3.60062289237976,,
4226.028217259953,0.044903077185154,3.60062289237976,,
4227.042211492822,0.0438233353197575,3.60078477859497,,
4228.056173166962,0.0438233353197575,3.60062289237976,,
4229.0702236697825,0.0445431619882584,3.60062289237976,,
4230.084138983132,0.044903077185154,3.60078477859497,,
4231.098148787552,0.0452629923820496,3.60062289237976,,
4232.112130633952,0.0445431619882584,3.60062289237976,,
4233.126106110152,0.0441832467913628,3.60062289237976,,
4234.140090787732,0.0438233353197575,3.60078477859497,,
4235.154057062562,0.0445431619882584,3.60062289237976,,
4236.1680580195125,0.0427435897290707,3.60078477859497,,
4237.1820214631425,0.0423836745321751,3.60062289237976,,
4238.196018527202,0.0423836745321751,3.60062289237976,,
4239.210022315332,0.0420237630605698,3.60062289237976,,
4240.223964878923,0.040944017469883,3.60046076774597,,
4241.237978930132,0.0423836745321751,3.60062289237976,,
4242.2518411586225,0.0427435897290707,3.60062289237976,,
4243.2660569323325,0.0420237630605698,3.60062289237976,,
4244.279924823202,0.0413039326667786,3.60046076774597,,
4245.293894990922,0.0423836745321751,3.60062289237976,,
4246.307843216902,0.0423836745321751,3.60062289237976,,
4247.321872839672,0.0420237630605698,3.60062289237976,,
4248.335867426433,0.040944017469883,3.60062289237976,,
4249.349796187952,0.0420237630605698,3.60062289237976,,
4250.363815193752,0.0420237630605698,3.60062289237976,,
4251.377795624552,0.0416638478636742,3.60078477859497,,
4252.391847189062,0.0413039326667786,3.60062289237976,,
4253.4057667492125,0.0413039326667786,3.60062289237976,,
4254.419747887802,0.0395043604075909,3.60078477859497,,
4255.433747429152,0.0402241870760918,3.60062289237976,,
4256.447712996182,0.0405841022729874,3.60062289237976,,
4257.461703690053,0.0405841022729874,3.60062289237976,,
4258.4758964603125,0.0380646996200085,3.60046076774597,,
4259.489692155772,0.0384246148169041,3.60078477859497,,
4260.503610300322,0.0391444452106953,3.60046076774597,,
4261.5176328451125,0.0413039326667786,3.60062289237976,,
4262.531616814892,0.0402241870760918,3.60062289237976,,
4263.545593352802,0.0413039326667786,3.60046076774597,,
4264.559591478553,0.0405841022729874,3.60078477859497,,
4265.573578987322,0.0387845300137997,3.60046076774597,,
4266.587560833712,0.0377047881484032,3.60062289237976,,
4267.601522507853,0.0387845300137997,3.60046076774597,,
4268.615533020073,0.0380646996200085,3.60046076774597,,
4269.629502126102,0.040944017469883,3.60062289237976,,
4270.643480433502,0.0405841022729874,3.60062289237976,,
4271.657440692043,0.0405841022729874,3.60062289237976,,
4272.671548526522,0.0398642756044865,3.60062289237976,,
4273.6854472066225,0.0395043604075909,3.60062289237976,,
4274.699419497732,0.0391444452106953,3.60078477859497,,
4275.713391434952,0.0387845300137997,3.60062289237976,,
4276.727388852903,0.0380646996200085,3.60062289237976,,
4277.741361851812,0.0391444452106953,3.60062289237976,,
4278.755352899582,0.0391444452106953,3.60062289237976,,
4279.769334392072,0.0391444452106953,3.60046076774597,,
4280.783323316442,0.0377047881484032,3.60062289237976,,
4281.797288529582,0.0387845300137997,3.60062289237976,,
4282.811239232842,0.0373448729515076,3.60062289237976,,
4283.825273102402,0.0373448729515076,3.60062289237976,,
4284.839259903382,0.0380646996200085,3.60062289237976,,
4285.853221577522,0.0391444452106953,3.60078477859497,,
4286.867217579882,0.0384246148169041,3.60062289237976,,
4287.881198718473,0.0384246148169041,3.60062289237976,,
4288.895190120143,0.0377047881484032,3.60078477859497,,
4289.9091687814425,0.0384246148169041,3.60062289237976,,
4290.923150273932,0.0384246148169041,3.60078477859497,,
4291.937126457932,0.0387845300137997,3.60062289237976,,
4292.951089901572,0.036984957754612,3.60062289237976,,
4293.965066439482,0.0373448729515076,3.60046076774597,,
4294.979107387022,0.0362651273608208,3.60062289237976,,
4295.993070476762,0.0362651273608208,3.60062289237976,,
4297.007043475673,0.0362651273608208,3.60078477859497,,
4298.021029568852,0.0373448729515076,3.60078477859497,,
4299.035001506072,0.0377047881484032,3.60062289237976,,
4300.049003524712,0.0362651273608208,3.60062289237976,,
4301.062963429353,0.0362651273608208,3.60062289237976,,
4302.076966155792,0.0377047881484032,3.60062289237976,,
4303.090917566862,0.0362651273608208,3.60062289237976,,
4304.104931618072,0.0359052121639252,3.60062289237976,,
4305.118853301612,0.0362651273608208,3.60078477859497,,
4306.132900265442,0.0362651273608208,3.60062289237976,,
4307.146852030402,0.0373448729515076,3.60062289237976,,
4308.160866081612,0.0359052121639252,3.60078477859497,,
4309.174850759202,0.0355453006923199,3.60062289237976,,
4310.188824819812,0.0362651273608208,3.60062289237976,,
4311.202796049222,0.0366250425577164,3.60046076774597,,
4312.216811516032,0.0355453006923199,3.60062289237976,,
4313.230744878242,0.0362651273608208,3.60062289237976,,
4314.244757867762,0.0362651273608208,3.60078477859497,,
4315.258682736392,0.0359052121639252,3.60046076774597,,
4316.273075459662,0.0355453006923199,3.60078477859497,,
4317.286671202112,0.0344655551016331,3.60078477859497,,
4318.300683129923,0.0355453006923199,3.60062289237976,,
4319.3146639146225,0.0359052121639252,3.60078477859497,,
4320.328669118352,0.0351853854954243,3.60062289237976,,
4321.342628315202,0.0348254702985287,3.60078477859497,,
4322.356589281542,0.0344655551016331,3.60062289237976,,
4323.3706185504125,0.0351853854954243,3.60078477859497,,
4324.384604643592,0.0341056399047375,3.60062289237976,,
4325.3985755191125,0.0337457247078419,3.60062289237976,,
4326.412572583163,0.0348254702985287,3.60046076774597,,
4327.426509130472,0.0359052121639252,3.60078477859497,,
4328.440504071133,0.0351853854954243,3.60062289237976,,
4329.454465037472,0.0341056399047375,3.60078477859497,,
4330.468512001302,0.0351853854954243,3.60078477859497,,
4331.482452441493,0.0344655551016331,3.60078477859497,,
4332.496442427562,0.0355453006923199,3.60062289237976,,
4333.510432413632,0.0337457247078419,3.60078477859497,,
4334.524431601082,0.0348254702985287,3.60062289237976,,
4335.5383943369225,0.0333858132362366,3.60046076774597,,
4336.552396355562,0.033025898039341,3.60062289237976,,
4337.5663810331425,0.0333858132362366,3.60062289237976,,
4338.580358278842,0.0351853854954243,3.60078477859497,,
4339.594343310332,0.0344655551016331,3.60062289237976,,
4340.608342497782,0.033025898039341,3.60062289237976,,
4341.622285415262,0.033025898039341,3.60078477859497,,
4342.636284602712,0.0344655551016331,3.60078477859497,,
4343.650266449103,0.0333858132362366,3.60062289237976,,
4344.664378884272,0.0315862372517586,3.60062289237976,,
4345.693771621693,0.0305064953863621,3.60062289237976,,
4346.707827433002,0.0319461524486542,3.60062289237976,,
4347.721817419072,0.0326659828424454,3.60078477859497,,
4348.735799619362,0.0312263239175081,3.60062289237976,,
4349.749748553132,0.0315862372517586,3.60062289237976,,
4350.763761896543,0.0348254702985287,3.60062289237976,,
4351.777701982843,0.0323060676455498,3.60062289237976,,
4352.791728774422,0.0323060676455498,3.60078477859497,,
4353.805677000392,0.0315862372517586,3.60062289237976,,
4354.819718655733,0.0337457247078419,3.60062289237976,,
4355.833638569782,0.033025898039341,3.60078477859497,,
4356.847663945762,0.0308664105832577,3.60062289237976,,
4357.861631990092,0.0308664105832577,3.60062289237976,,
4358.875627638542,0.033025898039341,3.60062289237976,,
4359.889561000752,0.0337457247078419,3.60078477859497,,
4360.903787745342,0.0319461524486542,3.60062289237976,,
4361.917568223133,0.0290668364614248,3.60062289237976,,
4362.931560686492,0.0326659828424454,3.60062289237976,,
4363.945504665682,0.0333858132362366,3.60062289237976,,
4364.959536765742,0.0315862372517586,3.60062289237976,,
4365.973481452732,0.0305064953863621,3.60062289237976,,
4366.9874905493525,0.0323060676455498,3.60078477859497,,
4368.001456824182,0.0323060676455498,3.60062289237976,,
4369.015480076772,0.0312263239175081,3.60078477859497,,
4370.029446351602,0.0315862372517586,3.60062289237976,,
4371.043422535602,0.033025898039341,3.60062289237976,,
4372.057398365712,0.0312263239175081,3.60062289237976,,
4373.071409939623,0.0319461524486542,3.60062289237976,,
4374.085328084172,0.0315862372517586,3.60062289237976,,
4375.099327625522,0.033025898039341,3.60078477859497,,
4376.113353355402,0.0315862372517586,3.60046076774597,,
4377.127325292622,0.0308664105832577,3.60078477859497,,
4378.141273518592,0.0319461524486542,3.60062289237976,,
4379.155297832883,0.0319461524486542,3.60062289237976,,
4380.169276494173,0.0315862372517586,3.60078477859497,,
4381.183255155473,0.0308664105832577,3.60062289237976,,
4382.197220368612,0.0308664105832577,3.60062289237976,,
4383.211236543212,0.029786666855216,3.60078477859497,,
4384.225212373322,0.0305064953863621,3.60062289237976,,
4385.239186433932,0.029786666855216,3.60062289237976,,
4386.253128289723,0.029786666855216,3.60062289237976,,
4387.2675111038125,0.0301465801894665,3.60062289237976,,
4388.281105076772,0.0283470079302788,3.60062289237976,,
4389.295125498163,0.0294267516583204,3.60062289237976,,
4390.309101328272,0.0305064953863621,3.60046076774597,,
4391.323088483142,0.0319461524486542,3.60062289237976,,
4392.337039186412,0.0301465801894665,3.60078477859497,,
4393.351062792903,0.0294267516583204,3.60062289237976,,
4394.3650117266725,0.029786666855216,3.60062289237976,,
4395.379031086372,0.0305064953863621,3.60078477859497,,
4396.392980727942,0.029786666855216,3.60062289237976,,
4397.406959389243,0.0290668364614248,3.60046076774597,,
4398.420968131963,0.0301465801894665,3.60062289237976,,
4399.434958118032,0.0301465801894665,3.60062289237976,,
4400.448932886442,0.029786666855216,3.60062289237976,,
4401.462938444072,0.029786666855216,3.60062289237976,,
4402.476842432662,0.029786666855216,3.60062289237976,,
4403.490886565292,0.0308664105832577,3.60062289237976,,
4404.504861333702,0.0301465801894665,3.60078477859497,,
4405.518854504862,0.0294267516583204,3.60062289237976,,
4406.532808393223,0.0294267516583204,3.60062289237976,,
4407.546815720352,0.0287069231271744,3.60046076774597,,
4408.560749082562,0.0283470079302788,3.60062289237976,,
4409.574789322312,0.0287069231271744,3.60078477859497,,
4410.588760551732,0.0308664105832577,3.60062289237976,,
4411.602769294453,0.029786666855216,3.60078477859497,,
4412.616725306212,0.0287069231271744,3.60078477859497,,
4413.630733341132,0.0290668364614248,3.60062289237976,,
4414.6449016923625,0.0276271793991327,3.60078477859497,,
4415.658881769253,0.0290668364614248,3.60062289237976,,
4416.672923778492,0.0290668364614248,3.60078477859497,,
4417.686651171422,0.0287069231271744,3.60062289237976,,
4418.700840048792,0.0279870927333832,3.60078477859497,,
4419.714523558232,0.0287069231271744,3.60062289237976,,
4420.728574061052,0.0272672642022371,3.60062289237976,,
4421.742552722352,0.0276271793991327,3.60062289237976,,
4422.756532091443,0.0287069231271744,3.60062289237976,,
4423.770572685093,0.0294267516583204,3.60062289237976,,
4424.784524803952,0.0283470079302788,3.60062289237976,,
4425.798531777183,0.0290668364614248,3.60062289237976,,
4426.812490620132,0.0287069231271744,3.60062289237976,,
4427.826483791292,0.0290668364614248,3.60062289237976,,
4428.840470238372,0.0269073490053415,3.60062289237976,,
4429.854424834532,0.0276271793991327,3.60062289237976,,
4430.868382261882,0.0287069231271744,3.60062289237976,,
4431.882414008052,0.029786666855216,3.60062289237976,,
4432.896391253752,0.0272672642022371,3.60062289237976,,
4433.910406012762,0.0254676919430494,3.60078477859497,,
4434.924387859152,0.0290668364614248,3.60062289237976,,
4435.938368643842,0.0283470079302788,3.60078477859497,,
4436.952318639313,0.0276271793991327,3.60062289237976,,
4437.966324904743,0.0276271793991327,3.60078477859497,,
4438.980304627742,0.0276271793991327,3.60062289237976,,
4439.994299922302,0.0272672642022371,3.60062289237976,,
4441.0082541645625,0.0265474356710911,3.60062289237976,,
4442.022259014392,0.0265474356710911,3.60062289237976,,
4443.036229889913,0.0283470079302788,3.60062289237976,,
4444.050207489512,0.0279870927333832,3.60062289237976,,
4445.064201722373,0.0276271793991327,3.60062289237976,,
4446.078195247433,0.0272672642022371,3.60078477859497,,
4447.092149843592,0.0283470079302788,3.60094666481018,,
4448.106153277832,0.0269073490053415,3.60062289237976,,
4449.120141140503,0.0272672642022371,3.60062289237976,,
4450.134133603872,0.0254676919430494,3.60062289237976,,
4451.148104833283,0.0279870927333832,3.60062289237976,,
4452.162095173252,0.0258276052772999,3.60062289237976,,
4453.1760575551925,0.0254676919430494,3.60046076774597,,
4454.190080099982,0.0247478634119034,3.60062289237976,,
4455.204031511053,0.0276271793991327,3.60062289237976,,
4456.218027513402,0.0279870927333832,3.60062289237976,,
4457.232006174702,0.0269073490053415,3.60078477859497,,
4458.245993329582,0.0269073490053415,3.60062289237976,,
4459.259986854642,0.0261875204741955,3.60078477859497,,
4460.274297119412,0.0254676919430494,3.60046076774597,,
4461.287942053842,0.0258276052772999,3.60078477859497,,
4462.301900542892,0.0247478634119034,3.60078477859497,,
4463.315897606953,0.0269073490053415,3.60062289237976,,
4464.329893963202,0.0279870927333832,3.60078477859497,,
4465.3438676699125,0.0254676919430494,3.60078477859497,,
4466.357861194972,0.0247478634119034,3.60046076774597,,
4467.371839148473,0.0276271793991327,3.60078477859497,,
4468.385831611842,0.0269073490053415,3.60078477859497,,
4469.399816289422,0.0261875204741955,3.60078477859497,,
4470.413789642233,0.0258276052772999,3.60078477859497,,
4471.427738929912,0.0251077767461538,3.60078477859497,,
4472.4417338705625,0.0261875204741955,3.60078477859497,,
4473.455728103422,0.0254676919430494,3.60078477859497,,
4474.469748170923,0.0247478634119034,3.60062289237976,,
4475.483719754242,0.0269073490053415,3.60062289237976,,
4476.497664087322,0.0258276052772999,3.60062289237976,,
4477.511667521562,0.0261875204741955,3.60062289237976,,
4478.525651137442,0.0247478634119034,3.60062289237976,,
4479.539654217782,0.0265474356710911,3.60062289237976,,
4480.553629340092,0.0265474356710911,3.60062289237976,,
4481.567605877993,0.0254676919430494,3.60062289237976,,
4482.581569675533,0.0251077767461538,3.60062289237976,,
4483.595563554492,0.0251077767461538,3.60062289237976,,
4484.609557787352,0.0251077767461538,3.60062289237976,,
4485.623535740852,0.0243879482150078,3.60046076774597,,
4486.6375264347225,0.0240280330181122,3.60062289237976,,
4487.651496956342,0.0265474356710911,3.60078477859497,,
4488.6655796639825,0.0254676919430494,3.60062289237976,,
4489.679480821373,0.0251077767461538,3.60062289237976,,
4490.693453820282,0.0247478634119034,3.60062289237976,,
4491.707433189383,0.0254676919430494,3.60078477859497,,
4492.721419990362,0.0251077767461538,3.60062289237976,,
4493.735369631932,0.0222284607589245,3.60062289237976,,
4494.749421196452,0.0243879482150078,3.60062289237976,,
4495.763372607512,0.0240280330181122,3.60062289237976,,
4496.777357285102,0.0236681196838617,3.60062289237976,,
4497.791331345712,0.0236681196838617,3.60062289237976,,
4498.805319562282,0.0233082044869661,3.60062289237976,,
4499.819326181612,0.0261875204741955,3.60078477859497,,
4500.833302365622,0.0251077767461538,3.60062289237976,,
4501.847279965223,0.0251077767461538,3.60062289237976,,
4502.861261811612,0.0236681196838617,3.60062289237976,,
4503.875244011902,0.0251077767461538,3.60078477859497,,
4504.889178789712,0.0251077767461538,3.60062289237976,,
4505.903211951472,0.0243879482150078,3.60062289237976,,
4506.917196982952,0.0222284607589245,3.60078477859497,,
4507.931163611683,0.0247478634119034,3.60062289237976,,
4508.945134487202,0.0229482892900705,3.60062289237976,,
4509.959151723502,0.0240280330181122,3.60078477859497,,
4510.973134631592,0.0225883759558201,3.60078477859497,,
4511.987102675912,0.0251077767461538,3.60062289237976,,
4513.001092308093,0.0251077767461538,3.60078477859497,,
4514.015078047372,0.0240280330181122,3.60062289237976,,
4515.029056708672,0.0240280330181122,3.60046076774597,,
4516.043008473633,0.0240280330181122,3.60062289237976,,
4517.057026417732,0.0236681196838617,3.60062289237976,,
4518.071024543482,0.0229482892900705,3.60078477859497,,
4519.084981616942,0.0225883759558201,3.60046076774597,,
4520.098967710112,0.0225883759558201,3.60046076774597,,
4521.112966543662,0.0222284607589245,3.60062289237976,,
4522.126944851062,0.0229482892900705,3.60062289237976,,
4523.140927051352,0.0222284607589245,3.60062289237976,,
4524.154898280773,0.0240280330181122,3.60062289237976,,
4525.1689282574425,0.0229482892900705,3.60078477859497,,
4526.1828683437425,0.0236681196838617,3.60062289237976,,
4527.196820816503,0.0233082044869661,3.60062289237976,,
4528.2108359294125,0.0240280330181122,3.60062289237976,,
4529.224823084292,0.0229482892900705,3.60078477859497,,
4530.238797498792,0.0233082044869661,3.60062289237976,,
4531.252805179823,0.0218685455620289,3.60062289237976,,
4532.267120399182,0.0240280330181122,3.60062289237976,,
4533.280747992552,0.0236681196838617,3.60062289237976,,
4534.294729485052,0.0222284607589245,3.60078477859497,,
4535.3087385816725,0.0204288884997368,3.60078477859497,,
4536.322713350082,0.0247478634119034,3.60078477859497,,
4537.336684579493,0.0236681196838617,3.60062289237976,,
4538.350670672672,0.0225883759558201,3.60062289237976,,
4539.364638363102,0.0233082044869661,3.60062289237976,,
4540.378642859042,0.0225883759558201,3.60062289237976,,
4541.392627182722,0.0229482892900705,3.60062289237976,,
4542.406619292192,0.0211487170308828,3.60062289237976,,
4543.420576011742,0.0222284607589245,3.60062289237976,,
4544.434567767303,0.0222284607589245,3.60062289237976,,
4545.448564477462,0.0229482892900705,3.60062289237976,,
4546.462567557803,0.0222284607589245,3.60062289237976,,
4547.476526400752,0.0229482892900705,3.60062289237976,,
4548.490494091172,0.0233082044869661,3.60062289237976,,
4549.504495048112,0.0218685455620289,3.60078477859497,,
4550.5184754789125,0.0222284607589245,3.60062289237976,,
4551.532450601222,0.0211487170308828,3.60062289237976,,
4552.546428908622,0.0233082044869661,3.60062289237976,,
4553.560427742163,0.0233082044869661,3.60078477859497,,
4554.574398263782,0.0222284607589245,3.60062289237976,,
4555.588387542062,0.0218685455620289,3.60062289237976,,
4556.602346031103,0.0222284607589245,3.60062289237976,,
4557.616348049743,0.0225883759558201,3.60062289237976,,
4558.630337681922,0.0222284607589245,3.60078477859497,,
4559.6443435934525,0.0218685455620289,3.60062289237976,,
4560.658411437323,0.0200689733028412,3.60062289237976,,
4561.672474326612,0.0218685455620289,3.60062289237976,,
4562.686209151422,0.0204288884997368,3.60078477859497,,
4563.7002639010325,0.0207888018339872,3.60046076774597,,
4564.714226282972,0.0225883759558201,3.60062289237976,,
4565.728221223632,0.0229482892900705,3.60062289237976,,
4566.742194222542,0.0218685455620289,3.60062289237976,,
4567.756157666182,0.0207888018339872,3.60078477859497,,
4568.770157561422,0.0207888018339872,3.60046076774597,,
4569.784152502082,0.0207888018339872,3.60062289237976,,
4570.798142488153,0.0218685455620289,3.60078477859497,,
4571.812125396243,0.0197090581059456,3.60062289237976,,
4572.826112905012,0.0225883759558201,3.60062289237976,,
4573.840076702552,0.0215086322277784,3.60062289237976,,
4574.854068458122,0.0211487170308828,3.60046076774597,,
4575.868014206802,0.0211487170308828,3.60062289237976,,
4576.882039228883,0.0211487170308828,3.60062289237976,,
4577.896007981002,0.0218685455620289,3.60078477859497,,
4578.9099664700525,0.0215086322277784,3.60078477859497,,
4579.923949024243,0.0211487170308828,3.60062289237976,,
4580.937967676142,0.0215086322277784,3.60046076774597,,
4581.951932181472,0.0211487170308828,3.60062289237976,,
4582.965948002182,0.0197090581059456,3.60078477859497,,
4583.979887026782,0.0193491447716951,3.60062289237976,,
4584.993904970882,0.0218685455620289,3.60062289237976,,
4586.007878323692,0.0215086322277784,3.60062289237976,,
4587.0218753877425,0.0207888018339872,3.60078477859497,,
4588.035793886193,0.0211487170308828,3.60062289237976,,
4589.049846866313,0.0197090581059456,3.60078477859497,,
4590.063740591822,0.0211487170308828,3.60078477859497,,
4591.0778041889025,0.0215086322277784,3.60062289237976,,
4592.091757723372,0.0200689733028412,3.60046076774597,,
4593.105775667473,0.0218685455620289,3.60062289237976,,
4594.119707967982,0.0197090581059456,3.60062289237976,,
4595.133721665292,0.0204288884997368,3.60062289237976,,
4596.147720852742,0.0211487170308828,3.60062289237976,,
4597.161718624592,0.0211487170308828,3.60062289237976,,
4598.1756555257925,0.0211487170308828,3.60078477859497,,
4599.189658960032,0.0197090581059456,3.60062289237976,,
4600.203623465362,0.0197090581059456,3.60062289237976,,
4601.217600003272,0.0218685455620289,3.60062289237976,,
4602.231587512042,0.0197090581059456,3.60062289237976,,
4603.245628459592,0.0182694010436535,3.60062289237976,,
4604.260040293412,0.0200689733028412,3.60046076774597,,
4605.2735284505325,0.0189892295747995,3.60062289237976,,
4606.287532238663,0.0193491447716951,3.60062289237976,,
4607.301539211892,0.0182694010436535,3.60062289237976,,
4608.315472928002,0.0204288884997368,3.60062289237976,,
4609.329488394812,0.0218685455620289,3.60062289237976,,
4610.343477319182,0.0200689733028412,3.60062289237976,,
4611.357486061912,0.0207888018339872,3.60062289237976,,
4612.371391112192,0.0189892295747995,3.60078477859497,,
4613.385420381062,0.0197090581059456,3.60062289237976,,
4614.399397980662,0.0186293143779039,3.60062289237976,,
4615.413347622232,0.0189892295747995,3.60078477859497,,
4616.427342916792,0.0207888018339872,3.60046076774597,,
4617.441385987732,0.0207888018339872,3.60062289237976,,
4618.455305193982,0.0197090581059456,3.60078477859497,,
4619.469305797023,0.0197090581059456,3.60062289237976,,
4620.483290474603,0.0211487170308828,3.60062289237976,,
4621.497297801732,0.0189892295747995,3.60062289237976,,
4622.511248151102,0.0193491447716951,3.60062289237976,,
4623.525224335112,0.0182694010436535,3.60062289237976,,
4624.539235909022,0.0211487170308828,3.60062289237976,,
4625.553240404963,0.0215086322277784,3.60062289237976,,
4626.567402032102,0.0186293143779039,3.60062289237976,,
4627.5811998509525,0.0179094858467579,3.60046076774597,,
4628.595168249172,0.0204288884997368,3.60062289237976,,
4629.609162128132,0.0193491447716951,3.60062289237976,,
4630.623103983922,0.0207888018339872,3.60062289237976,,
4631.6371502399625,0.0193491447716951,3.60062289237976,,
4632.651096342543,0.0200689733028412,3.60062289237976,,
4633.668877649872,0.0186293143779039,3.60062289237976,,
4634.679058265822,0.0193491447716951,3.60062289237976,,
4635.693064885152,0.0186293143779039,3.60062289237976,,
4636.707019481312,0.0193491447716951,3.60078477859497,,
4637.721049457982,0.0200689733028412,3.60062289237976,,
4638.7350058236325,0.0193491447716951,3.60078477859497,,
4639.749007134482,0.0179094858467579,3.60062289237976,,
4640.7629797794925,0.0204288884997368,3.60078477859497,,
4641.776961979783,0.0207888018339872,3.60062289237976,,
4642.790887202313,0.0179094858467579,3.60078477859497,,
4643.804945490912,0.0182694010436535,3.60078477859497,,
4644.818893009092,0.0193491447716951,3.60078477859497,,
4645.832826017402,0.0182694010436535,3.60062289237976,,
4646.846864487652,0.0182694010436535,3.60046076774597,,
4647.860883139552,0.0182694010436535,3.60062289237976,,
4648.874732273773,0.0197090581059456,3.60078477859497,,
4649.888828075682,0.0197090581059456,3.60078477859497,,
4650.902731710362,0.0193491447716951,3.60062289237976,,
4651.9167450537825,0.0186293143779039,3.60062289237976,,
4652.930721591682,0.0189892295747995,3.60062289237976,,
4653.944770678902,0.0186293143779039,3.60062289237976,,
4654.958690592953,0.0179094858467579,3.60046076774597,,
4655.972704644162,0.0179094858467579,3.60078477859497,,
4656.986557671273,0.0193491447716951,3.60062289237976,,
4658.000527131192,0.0193491447716951,3.60062289237976,,
4659.014619394113,0.0189892295747995,3.60062289237976,,
4660.028703517342,0.0161099135875702,3.60062289237976,,
4661.042578132302,0.0186293143779039,3.60062289237976,,
4662.056548300022,0.0193491447716951,3.60078477859497,,
4663.070611189312,0.0186293143779039,3.60062289237976,,
4664.084490758863,0.0189892295747995,3.60062289237976,,
4665.098558602733,0.0186293143779039,3.60062289237976,,
4666.112568407152,0.0186293143779039,3.60062289237976,,
4667.126487613402,0.0179094858467579,3.60062289237976,,
4668.140551918293,0.0182694010436535,3.60062289237976,,
4669.154502267662,0.0182694010436535,3.60046076774597,,
4670.168445185142,0.0189892295747995,3.60078477859497,,
4671.182467729932,0.0193491447716951,3.60078477859497,,
4672.196480719453,0.0179094858467579,3.60078477859497,,
4673.210376568352,0.0179094858467579,3.60062289237976,,
4674.224432025762,0.0182694010436535,3.60078477859497,,
4675.238310179712,0.0189892295747995,3.60078477859497,,
4676.2523950107425,0.0157499983906746,3.60062289237976,,
4677.266602644772,0.0189892295747995,3.60046076774597,,
4678.280406479902,0.0168297421187162,3.60078477859497,,
4679.294360014373,0.0168297421187162,3.60062289237976,,
4680.308361325212,0.0161099135875702,3.60062289237976,,
4681.322223907602,0.0186293143779039,3.60062289237976,,
4682.336275826013,0.0189892295747995,3.60062289237976,,
4683.350213788913,0.0182694010436535,3.60078477859497,,
4684.364295788752,0.0186293143779039,3.60078477859497,,
4685.378214641102,0.0171896573156118,3.60062289237976,,
4686.392185870523,0.0171896573156118,3.60046076774597,,
4687.406188950862,0.0171896573156118,3.60062289237976,,
4688.420147439912,0.0168297421187162,3.60078477859497,,
4689.434176708783,0.0189892295747995,3.60062289237976,,
4690.448149707692,0.0182694010436535,3.60062289237976,,
4691.462070329532,0.0179094858467579,3.60062289237976,,
4692.476157991762,0.0175495706498623,3.60062289237976,,
4693.490117542512,0.0175495706498623,3.60062289237976,,
4694.504027547382,0.0171896573156118,3.60062289237976,,
4695.518076634602,0.0157499983906746,3.60062289237976,,
4696.532036539253,0.0168297421187162,3.60062289237976,,
4697.545956099392,0.0168297421187162,3.60062289237976,,
4698.5599896150525,0.0175495706498623,3.60062289237976,,
4699.574007205262,0.0168297421187162,3.60078477859497,,
4700.587955431232,0.0171896573156118,3.60062289237976,,
4701.601911089092,0.0189892295747995,3.60078477859497,,
4702.615994150632,0.0168297421187162,3.60078477859497,,
4703.629919019262,0.0171896573156118,3.60078477859497,,
4704.643932008772,0.0168297421187162,3.60062289237976,,
4705.657934381312,0.0168297421187162,3.60062289237976,,
4706.671899594442,0.0168297421187162,3.60062289237976,,
4707.685910814463,0.0168297421187162,3.60062289237976,,
4708.699827897312,0.0161099135875702,3.60062289237976,,
4709.7138617668725,0.0175495706498623,3.60078477859497,,
4710.727829103403,0.0171896573156118,3.60078477859497,,
4711.741714689232,0.0179094858467579,3.60078477859497,,
4712.755840218672,0.0164698269218206,3.60078477859497,,
4713.769827373542,0.0182694010436535,3.60062289237976,,
4714.783655981622,0.0179094858467579,3.60062289237976,,
4715.797745413342,0.0179094858467579,3.60078477859497,,
4716.811747431982,0.0161099135875702,3.60062289237976,,
4717.8256723006125,0.0168297421187162,3.60062289237976,,
4718.839653085302,0.0175495706498623,3.60078477859497,,
4719.8536313927025,0.0153900841251016,3.60046076774597,,
4720.867549183352,0.0153900841251016,3.60046076774597,,
4721.881634014392,0.0171896573156118,3.60062289237976,,
4722.895552512842,0.0175495706498623,3.60046076774597,,
4723.909557362672,0.0168297421187162,3.60062289237976,,
4724.9236669666425,0.0164698269218206,3.60062289237976,,
4725.937489558432,0.0161099135875702,3.60062289237976,,
4726.951473882123,0.0175495706498623,3.60062289237976,,
4727.965605781732,0.0168297421187162,3.60078477859497,,
4728.979471195313,0.0146702546626329,3.60062289237976,,
4729.993393232752,0.0171896573156118,3.60062289237976,,
4731.0073665855625,0.0153900841251016,3.60062289237976,,
4732.021406471412,0.0157499983906746,3.60046076774597,,
4733.0356785150825,0.0139504261314869,3.60062289237976,,
4734.049393167642,0.0182694010436535,3.60078477859497,,
4735.063303172512,0.0168297421187162,3.60062289237976,,
4736.077302359952,0.0161099135875702,3.60046076774597,,
4737.091302255202,0.0161099135875702,3.60062289237976,,
4738.110856597123,0.0168297421187162,3.60062289237976,,
4739.1193675170325,0.0171896573156118,3.60062289237976,,
4740.133335915252,0.0171896573156118,3.60062289237976,,
4741.1473308559125,0.0150301698595285,3.60078477859497,,
4742.161279789682,0.0168297421187162,3.60062289237976,,
4743.175214567493,0.0171896573156118,3.60078477859497,,
4744.189292320542,0.0164698269218206,3.60062289237976,,
4745.203188523352,0.0168297421187162,3.60062289237976,,
4746.217152320883,0.0168297421187162,3.60062289237976,,
4747.2312530773825,0.0161099135875702,3.60062289237976,,
4748.245181838903,0.0153900841251016,3.60062289237976,,
4749.259369300682,0.0150301698595285,3.60046076774597,,
4750.273074751863,0.0175495706498623,3.60078477859497,,
4751.287152151012,0.0171896573156118,3.60062289237976,,
4752.301107454972,0.0161099135875702,3.60062289237976,,
4753.315166805272,0.0153900841251016,3.60062289237976,,
4754.329077517932,0.0164698269218206,3.60046076774597,,
4755.343090153552,0.0157499983906746,3.60062289237976,,
4756.357092526092,0.0157499983906746,3.60062289237976,,
4757.370965371552,0.0143103403970599,3.60062289237976,,
4758.385032861533,0.0186293143779039,3.60062289237976,,
4759.398996305163,0.0171896573156118,3.60062289237976,,
4760.412892154072,0.0157499983906746,3.60062289237976,,
4761.426897003902,0.0135905109345913,3.60062289237976,,
4762.440999529892,0.0164698269218206,3.60078477859497,,
4763.454983853582,0.0168297421187162,3.60078477859497,,
4764.468945881622,0.0164698269218206,3.60078477859497,,
4765.482820142683,0.0150301698595285,3.60062289237976,,
4766.496928331052,0.0164698269218206,3.60062289237976,,
4767.5108843428125,0.0150301698595285,3.60062289237976,,
4768.524791516482,0.0150301698595285,3.60078477859497,,
4769.538803090402,0.0150301698595285,3.60078477859497,,
4770.5527534397725,0.0171896573156118,3.60062289237976,,
4771.566715467812,0.0161099135875702,3.60062289237976,,
4772.5807744642125,0.0164698269218206,3.60078477859497,,
4773.594798778492,0.0146702546626329,3.60078477859497,,
4774.608719754242,0.0153900841251016,3.60062289237976,,
4775.622642145582,0.0161099135875702,3.60062289237976,,
4776.636733346792,0.0150301698595285,3.60046076774597,,
4777.650653614743,0.0146702546626329,3.60062289237976,,
4778.664848154503,0.0164698269218206,3.60078477859497,,
4779.6787220616625,0.0168297421187162,3.60078477859497,,
4780.692652946583,0.0150301698595285,3.60062289237976,,
4781.706643994342,0.0164698269218206,3.60062289237976,,
4782.720502329942,0.0157499983906746,3.60078477859497,,
4783.734637768553,0.0161099135875702,3.60062289237976,,
4784.7486719920125,0.0150301698595285,3.60062289237976,,
4785.762589782662,0.0143103403970599,3.60062289237976,,
4786.776785738022,0.0161099135875702,3.60078477859497,,
4787.790562322923,0.0157499983906746,3.60062289237976,,
4788.804485775962,0.0153900841251016,3.60062289237976,,
4789.818586886352,0.0128706824034452,3.60062289237976,,
4790.832394968273,0.0157499983906746,3.60062289237976,,
4791.846394863523,0.0168297421187162,3.60078477859497,,
4792.860508006483,0.0157499983906746,3.60062289237976,,
4793.874365988182,0.0153900841251016,3.60062289237976,,
4794.888668113283,0.0150301698595285,3.60078477859497,,
4795.902515831903,0.0153900841251016,3.60078477859497,,
4796.916319313143,0.0135905109345913,3.60062289237976,,
4797.9303878648125,0.0128706824034452,3.60046076774597,,
4798.944319457532,0.0157499983906746,3.60062289237976,,
4799.958373145442,0.0150301698595285,3.60062289237976,,
4800.972330572792,0.0146702546626329,3.60078477859497,,
4801.986349224692,0.0150301698595285,3.60062289237976,,
4803.000196589413,0.0161099135875702,3.60046076774597,,
4804.018955366112,0.0146702546626329,3.60062289237976,,
4805.028257250562,0.0150301698595285,3.60062289237976,,
4806.042216801302,0.0128706824034452,3.60062289237976,,
4807.056176705953,0.0157499983906746,3.60062289237976,,
4808.070188279862,0.0157499983906746,3.60062289237976,,
4809.084217902642,0.0143103403970599,3.60062289237976,,
4810.098157281132,0.0125107672065496,3.60062289237976,,
4811.112157530282,0.0157499983906746,3.60078477859497,,
4812.126124159012,0.0157499983906746,3.60078477859497,,
4813.140139979712,0.0150301698595285,3.60062289237976,,
4814.154110501332,0.0128706824034452,3.60062289237976,,
4815.168120659652,0.0146702546626329,3.60062289237976,,
4816.182132587473,0.0143103403970599,3.60062289237976,,
4817.195998001052,0.0139504261314869,3.60062289237976,,
4818.210020899743,0.0139504261314869,3.60078477859497,,
4819.223984343373,0.0157499983906746,3.60062289237976,,
4820.238023521422,0.0161099135875702,3.60078477859497,,
4821.251950867352,0.0139504261314869,3.60062289237976,,
4822.266398798883,0.0139504261314869,3.60062289237976,,
4823.2799605670225,0.0150301698595285,3.60062289237976,,
4824.293964001252,0.0128706824034452,3.60062289237976,,
4825.307841447402,0.0146702546626329,3.60062289237976,,
4826.321887703432,0.0132305966690183,3.60062289237976,,
4827.335841945693,0.0143103403970599,3.60062289237976,,
4828.349740979692,0.0143103403970599,3.60062289237976,,
4829.363849875862,0.0128706824034452,3.60078477859497,,
4830.377843754833,0.0121508529409766,3.60062289237976,,
4831.391751282402,0.0150301698595285,3.60078477859497,,
4832.405707648052,0.0139504261314869,3.60062289237976,,
4833.419809466252,0.0146702546626329,3.60078477859497,,
4834.433740351163,0.0146702546626329,3.60062289237976,,
4835.447671236082,0.0143103403970599,3.60078477859497,,
4836.461729878582,0.0146702546626329,3.60062289237976,,
4837.475660055702,0.0135905109345913,3.60062289237976,,
4838.509672592222,0.0161099135875702,3.60062289237976,,
4839.519319174412,0.0132305966690183,3.60062289237976,,
4840.533248997633,0.0132305966690183,3.60046076774597,,
4841.5472598637525,0.0121508529409766,3.60046076774597,,
4842.561192518162,0.0161099135875702,3.60094666481018,,
4843.5751633936825,0.0157499983906746,3.60078477859497,,
4844.589113743053,0.0146702546626329,3.60062289237976,,
4845.603122131873,0.0150301698595285,3.60062289237976,,
4846.617192453043,0.0143103403970599,3.60078477859497,,
4847.631180315722,0.0143103403970599,3.60062289237976,,
4848.645101291462,0.0135905109345913,3.60062289237976,,
4849.659084199552,0.0132305966690183,3.60078477859497,,
4850.673186725542,0.0146702546626329,3.60062289237976,,
4851.686979235902,0.0143103403970599,3.60062289237976,,
4852.701082469693,0.0139504261314869,3.60062289237976,,
4853.714996013552,0.0132305966690183,3.60062289237976,,
4854.729027405822,0.0135905109345913,3.60062289237976,,
4855.743042164832,0.0139504261314869,3.60078477859497,,
4856.7569903908025,0.0139504261314869,3.60078477859497,,
4857.770980022972,0.0132305966690183,3.60078477859497,,
4858.784935326932,0.0146702546626329,3.60062289237976,,
4859.798899832263,0.0132305966690183,3.60062289237976,,
4860.812937240822,0.0121508529409766,3.60062289237976,,
4861.826870603032,0.0135905109345913,3.60062289237976,,
4862.840917212962,0.0150301698595285,3.60078477859497,,
4863.8547989059025,0.0139504261314869,3.60062289237976,,
4864.868820388992,0.0146702546626329,3.60062289237976,,
4865.882879385393,0.0132305966690183,3.60078477859497,,
4866.896884589122,0.0139504261314869,3.60062289237976,,
4867.910840246982,0.0132305966690183,3.60078477859497,,
4868.924729017902,0.0135905109345913,3.60062289237976,,
4869.938713695482,0.0125107672065496,3.60062289237976,,
4870.952771276292,0.0157499983906746,3.60062289237976,,
4871.966749937582,0.0121508529409766,3.60062289237976,,
4872.980695332372,0.0132305966690183,3.60046076774597,,
4873.994691334722,0.0128706824034452,3.60062289237976,,
4875.008662210243,0.0153900841251016,3.60078477859497,,
4876.022554874053,0.0139504261314869,3.60078477859497,,
4877.036648906463,0.0143103403970599,3.60078477859497,,
4878.050685253323,0.0132305966690183,3.60062289237976,,
4879.064555267592,0.0139504261314869,3.60062289237976,,
4880.078579227972,0.0139504261314869,3.60062289237976,,
4881.092585139502,0.0132305966690183,3.60062289237976,,
4882.106459400562,0.0132305966690183,3.60062289237976,,
4883.120530075632,0.0146702546626329,3.60046076774597,,
4884.134572084872,0.0143103403970599,3.60062289237976,,
4885.148403878043,0.0143103403970599,3.60062289237976,,
4886.162359889792,0.011431023478508,3.60078477859497,,
4887.176482588033,0.0135905109345913,3.60046076774597,,
4888.190509379612,0.0153900841251016,3.60078477859497,,
4889.204407705813,0.0132305966690183,3.60062289237976,,
4890.218490413452,0.0128706824034452,3.60062289237976,,
4891.2324333309425,0.0135905109345913,3.60046076774597,,
4892.246350767692,0.0132305966690183,3.60062289237976,,
4893.261080049022,0.0121508529409766,3.60062289237976,,
4894.274419922413,0.0117909386754036,3.60062289237976,,
4895.288484935092,0.0139504261314869,3.60062289237976,,
4896.302375829412,0.0135905109345913,3.60062289237976,,
4897.316224255832,0.0125107672065496,3.60078477859497,,
4898.330311918062,0.0125107672065496,3.60078477859497,,
4899.344326677072,0.0135905109345913,3.60062289237976,,
4900.358223587672,0.0128706824034452,3.60062289237976,,
4901.372144917313,0.0135905109345913,3.60046076774597,,
4902.386187634353,0.0125107672065496,3.60062289237976,,
4903.400254770432,0.0139504261314869,3.60078477859497,,
4904.414235201222,0.0128706824034452,3.60062289237976,,
4905.428188735692,0.0121508529409766,3.60078477859497,,
4906.442241361902,0.0103512806817889,3.60062289237976,,
4907.456125532132,0.0150301698595285,3.60062289237976,,
4908.470155508812,0.0135905109345913,3.60062289237976,,
4909.484120721942,0.0125107672065496,3.60062289237976,,
4910.498065055022,0.0132305966690183,3.60062289237976,,
4911.512097862892,0.0128706824034452,3.60046076774597,,
4912.526050335652,0.0128706824034452,3.60078477859497,,
4913.540067571952,0.0121508529409766,3.60062289237976,,
4914.554059681423,0.0117909386754036,3.60062289237976,,
4915.5679933975325,0.0135905109345913,3.60062289237976,,
4916.582045315942,0.0128706824034452,3.60078477859497,,
4917.595957798112,0.0132305966690183,3.60046076774597,,
4918.6100228107925,0.0135905109345913,3.60062289237976,,
4919.6238730067125,0.0132305966690183,3.60078477859497,,
4920.637898736592,0.0128706824034452,3.60062289237976,,
4921.652001616482,0.0121508529409766,3.60046076774597,,
4922.666095648892,0.0117909386754036,3.60062289237976,,
4923.666460872782,0.0135905109345913,3.60062289237976,,
4924.678196167572,0.0139504261314869,3.60078477859497,,
4925.692280998603,0.0132305966690183,3.60078477859497,,
4926.706217899812,0.0135905109345913,3.60078477859497,,
4927.720248584273,0.0117909386754036,3.60062289237976,,
4928.734169913922,0.0135905109345913,3.60062289237976,,
4929.748211215362,0.0139504261314869,3.60062289237976,,
4930.762212526202,0.0128706824034452,3.60062289237976,,
4931.776114391392,0.0121508529409766,3.60062289237976,,
4932.7901178256325,0.0125107672065496,3.60046076774597,,
4933.804064636012,0.011431023478508,3.60062289237976,,
4934.818057453273,0.011431023478508,3.60078477859497,,
4935.832107248292,0.0135905109345913,3.60078477859497,,
4936.846020792153,0.0128706824034452,3.60062289237976,,
4937.8599630018425,0.0128706824034452,3.60062289237976,,
4938.873987316132,0.0125107672065496,3.60062289237976,,
4939.888033926062,0.0125107672065496,3.60062289237976,,
4940.902038775892,0.0128706824034452,3.60046076774597,,
4941.915999388332,0.011071109212935,3.60062289237976,,
4942.929992559502,0.0117909386754036,3.60062289237976,,
4943.943979360472,0.011431023478508,3.60046076774597,,
4944.9579941194825,0.0117909386754036,3.60062289237976,,
4945.971944468853,0.011071109212935,3.60078477859497,,
4946.985936224422,0.011431023478508,3.60062289237976,,
4947.999919486412,0.0135905109345913,3.60062289237976,,
4949.013897439912,0.0117909386754036,3.60062289237976,,
4950.0278757473125,0.0128706824034452,3.60078477859497,,
4951.041873165263,0.011431023478508,3.60062289237976,,
4952.056055672452,0.0125107672065496,3.60062289237976,,
4953.069795805743,0.0125107672065496,3.60062289237976,,
4954.0838215356225,0.0117909386754036,3.60062289237976,,
4955.097812229492,0.0117909386754036,3.60078477859497,,
4956.1117891212925,0.0125107672065496,3.60062289237976,,
4957.125773091082,0.0132305966690183,3.60062289237976,,
4958.1397460899925,0.0128706824034452,3.60062289237976,,
4959.153732183172,0.0128706824034452,3.60062289237976,,
4960.167723938743,0.0103512806817889,3.60046076774597,,
4961.1817008305425,0.0132305966690183,3.60078477859497,,
4962.195690462712,0.0125107672065496,3.60078477859497,,
4963.209750520812,0.0121508529409766,3.60062289237976,,
4964.223608148613,0.0128706824034452,3.60046076774597,,
4965.237577962433,0.0117909386754036,3.60062289237976,,
4966.252091011403,0.011071109212935,3.60062289237976,,
4967.266077812383,0.011431023478508,3.60062289237976,,
4968.2795971126225,0.0125107672065496,3.60062289237976,,
4969.293587806493,0.0125107672065496,3.60078477859497,,
4970.307543464342,0.0121508529409766,3.60078477859497,,
4971.321541236202,0.011431023478508,3.60062289237976,,
4972.335531930063,0.0121508529409766,3.60062289237976,,
4973.349486172322,0.011071109212935,3.60046076774597,,
4974.363477927893,0.0107111949473619,3.60078477859497,,
4975.377443141022,0.011071109212935,3.60062289237976,,
4976.391458253932,0.0125107672065496,3.60062289237976,,
4977.405421697572,0.0135905109345913,3.60046076774597,,
4978.419425839602,0.0103512806817889,3.60078477859497,,
4979.433393176132,0.0099913654848933,3.60078477859497,,
4980.447387055092,0.0121508529409766,3.60062289237976,,
4981.4615394808625,0.0125107672065496,3.60062289237976,,
4982.475344023792,0.0128706824034452,3.60062289237976,,
4983.489351704812,0.011071109212935,3.60062289237976,,
4984.503264186982,0.0121508529409766,3.60078477859497,,
4985.517319998292,0.011431023478508,3.60062289237976,,
4986.531246990312,0.011431023478508,3.60062289237976,,
4987.545270242902,0.0107111949473619,3.60062289237976,,
4988.559252443192,0.0128706824034452,3.60062289237976,,
4989.573221195313,0.0125107672065496,3.60062289237976,,
4990.587232061433,0.0125107672065496,3.60062289237976,,
4991.601204706452,0.0107111949473619,3.60062289237976,,
4992.615196108112,0.0125107672065496,3.60062289237976,,
4993.629162382942,0.011071109212935,3.60062289237976,,
4994.6431375052525,0.0121508529409766,3.60062289237976,,
4995.657259141793,0.0128706824034452,3.60078477859497,,
4996.671130217762,0.0121508529409766,3.60078477859497,,
4997.685072427453,0.0117909386754036,3.60062289237976,,
4998.699072322693,0.011431023478508,3.60062289237976,,
4999.713067263352,0.011431023478508,3.60046076774597,,
5000.727044862952,0.0125107672065496,3.60078477859497,,
5001.741038388022,0.011431023478508,3.60062289237976,,
5002.7551384367125,0.0117909386754036,3.60062289237976,,
5003.7689907560325,0.0125107672065496,3.60078477859497,,
5004.782983927193,0.011431023478508,3.60062289237976,,
5005.796977098353,0.0125107672065496,3.60062289237976,,
5006.8109518667625,0.0117909386754036,3.60062289237976,,
5007.824949992512,0.0121508529409766,3.60062289237976,,
5008.838916975143,0.011431023478508,3.60078477859497,,
5009.852904130013,0.0107111949473619,3.60062289237976,,
5010.866881021822,0.0099913654848933,3.60046076774597,,
5011.880832786782,0.011431023478508,3.60062289237976,,
5012.894860640063,0.0117909386754036,3.60062289237976,,
5013.908842486452,0.0121508529409766,3.60062289237976,,
5014.922813008072,0.011431023478508,3.60062289237976,,
5015.936790607672,0.0107111949473619,3.60062289237976,,
5016.950795811403,0.0117909386754036,3.60062289237976,,
5017.964768810322,0.0117909386754036,3.60062289237976,,
5018.978770475062,0.011071109212935,3.60062289237976,,
5019.992723655622,0.0089116217568516,3.60062289237976,,
5021.006726382062,0.0125107672065496,3.60078477859497,,
5022.020706458952,0.0103512806817889,3.60078477859497,,
5023.034690782642,0.0099913654848933,3.60078477859497,,
5024.048675106323,0.0089116217568516,3.60078477859497,,
5025.062667215792,0.0125107672065496,3.60062289237976,,
5026.076636321813,0.0117909386754036,3.60078477859497,,
5027.090579593202,0.011071109212935,3.60062289237976,,
5028.104638235703,0.011431023478508,3.60062289237976,,
5029.118577614192,0.011071109212935,3.60062289237976,,
5030.132549905312,0.0107111949473619,3.60078477859497,,
5031.146534582892,0.0103512806817889,3.60062289237976,,
5032.160506166212,0.0099913654848933,3.60062289237976,,
5033.174533665592,0.0117909386754036,3.60062289237976,,
5034.188440485363,0.011431023478508,3.60046076774597,,
5035.202476124422,0.0103512806817889,3.60046076774597,,
5036.216434259572,0.0107111949473619,3.60062289237976,,
5037.230447602982,0.011071109212935,3.60062289237976,,
5038.244358669553,0.011431023478508,3.60062289237976,,
5039.258797045803,0.0099913654848933,3.60062289237976,,
5040.272369077013,0.0096314512193203,3.60062289237976,,
5041.286369680062,0.0117909386754036,3.60046076774597,,
5042.300364974622,0.011431023478508,3.60062289237976,,
5043.314355668483,0.011071109212935,3.60078477859497,,
5044.328304248363,0.0107111949473619,3.60078477859497,,
5045.342263445213,0.0107111949473619,3.60046076774597,,
5046.356258385862,0.0117909386754036,3.60062289237976,,
5047.370298979512,0.0125107672065496,3.60062289237976,,
5048.384252867872,0.0107111949473619,3.60062289237976,,
5049.398204632842,0.0092715369537472,3.60046076774597,,
5050.412216206752,0.0103512806817889,3.60078477859497,,
5051.4262093779125,0.0107111949473619,3.60062289237976,,
5052.440183438523,0.0099913654848933,3.60062289237976,,
5053.454209522312,0.0107111949473619,3.60062289237976,,
5054.468162348972,0.011431023478508,3.60062289237976,,
5055.482133224492,0.0107111949473619,3.60062289237976,,
5056.496103038312,0.011071109212935,3.60062289237976,,
5057.5101252292025,0.011071109212935,3.60062289237976,,
5058.524072393472,0.0103512806817889,3.60062289237976,,
5059.538072996523,0.0099913654848933,3.60062289237976,,
5060.5522144514125,0.0085517074912786,3.60062289237976,,
5061.566241596893,0.0121508529409766,3.60062289237976,,
5062.580203978832,0.011071109212935,3.60078477859497,,
5063.594037895392,0.00783187802881,3.60046076774597,,
5064.607972673202,0.0081917932257056,3.60062289237976,,
5065.621976461332,0.0125107672065496,3.60078477859497,,
5066.635954414833,0.011071109212935,3.60062289237976,,
5067.650056233022,0.0103512806817889,3.60062289237976,,
5068.6640249851525,0.0099913654848933,3.60078477859497,,
5069.677910924882,0.0099913654848933,3.60062289237976,,
5070.691869767832,0.0103512806817889,3.60062289237976,,
5071.705844182342,0.0099913654848933,3.60062289237976,,
5072.719852925063,0.0089116217568516,3.60078477859497,,
5073.733850696913,0.011071109212935,3.60062289237976,,
5074.747782643522,0.0117909386754036,3.60078477859497,,
5075.761815097492,0.0103512806817889,3.60078477859497,,
5076.7757565993825,0.0099913654848933,3.60078477859497,,
5077.789778436372,0.011071109212935,3.60062289237976,,
5078.803734094232,0.0099913654848933,3.60062289237976,,
5079.817699307362,0.0096314512193203,3.60062289237976,,
5080.8316875239325,0.0107111949473619,3.60078477859497,,
5081.845715023313,0.011071109212935,3.60062289237976,,
5082.859651216722,0.0121508529409766,3.60062289237976,,
5083.873645803482,0.0107111949473619,3.60078477859497,,
5084.887640390242,0.0099913654848933,3.60062289237976,,
5085.901652318053,0.0121508529409766,3.60062289237976,,
5086.915598066732,0.0103512806817889,3.60062289237976,,
5087.929614949142,0.0107111949473619,3.60062289237976,,
5088.9435493730425,0.0089116217568516,3.60078477859497,,
5089.957604476553,0.0099913654848933,3.60062289237976,,
5090.971550579132,0.0103512806817889,3.60062289237976,,
5091.985546227593,0.0099913654848933,3.60062289237976,,
5092.999530905172,0.0092715369537472,3.60062289237976,,
5094.013520537343,0.0117909386754036,3.60078477859497,,
5095.027455315152,0.011071109212935,3.60062289237976,,
5096.041464411773,0.0103512806817889,3.60062289237976,,
5097.055659659332,0.0085517074912786,3.60046076774597,,
5098.069443676122,0.0107111949473619,3.60062289237976,,
5099.083410304852,0.0103512806817889,3.60062289237976,,
5100.0974300184425,0.00783187802881,3.60062289237976,,
5101.111366919652,0.0092715369537472,3.60062289237976,,
5102.125377785762,0.011431023478508,3.60062289237976,,
5103.1393228266525,0.0092715369537472,3.60062289237976,,
5104.153358111802,0.0089116217568516,3.60062289237976,,
5105.167338542602,0.0125107672065496,3.60062289237976,,
5106.1813072947225,0.0103512806817889,3.60062289237976,,
5107.195262598682,0.0107111949473619,3.60062289237976,,
5108.209290451962,0.0107111949473619,3.60062289237976,,
5109.223228414862,0.0099913654848933,3.60062289237976,,
5110.237243173862,0.0107111949473619,3.60078477859497,,
5111.251578919372,0.0092715369537472,3.60078477859497,,
5112.265223499902,0.0092715369537472,3.60078477859497,,
5113.279185174052,0.0099913654848933,3.60078477859497,,
5114.293184715392,0.011431023478508,3.60062289237976,,
5115.307164438393,0.0096314512193203,3.60062289237976,,
5116.3211303593225,0.0096314512193203,3.60062289237976,,
5117.335097695843,0.0096314512193203,3.60062289237976,,
5118.349143244082,0.0103512806817889,3.60062289237976,,
5119.363079437482,0.0103512806817889,3.60062289237976,,
5120.377081456122,0.0092715369537472,3.60062289237976,,
5121.391043484162,0.0107111949473619,3.60062289237976,,
5122.405046918402,0.0107111949473619,3.60078477859497,,
5123.418976741622,0.011071109212935,3.60078477859497,,
5124.433018396962,0.0107111949473619,3.60046076774597,,
5125.446994934872,0.0092715369537472,3.60062289237976,,
5126.460969703282,0.0092715369537472,3.60046076774597,,
5127.474946241182,0.0099913654848933,3.60062289237976,,
5128.488932688262,0.0099913654848933,3.60062289237976,,
5129.502912057353,0.0099913654848933,3.60062289237976,,
5130.516914076003,0.0092715369537472,3.60062289237976,,
5131.530866548762,0.0096314512193203,3.60062289237976,,
5132.5448820155725,0.0089116217568516,3.60062289237976,,
5133.558859261272,0.0099913654848933,3.60062289237976,,
5134.572801117062,0.0103512806817889,3.60062289237976,,
5135.586824015752,0.0092715369537472,3.60062289237976,,
5136.600814001822,0.0096314512193203,3.60062289237976,,
5137.614771075272,0.0103512806817889,3.60062289237976,,
5138.628777340702,0.0099913654848933,3.60046076774597,,
5139.642760602692,0.0096314512193203,3.60046076774597,,
5140.656833401153,0.0096314512193203,3.60062289237976,,
5141.670717925283,0.011071109212935,3.60078477859497,,
5142.684704372372,0.011071109212935,3.60062289237976,,
5143.698669585502,0.0081917932257056,3.60062289237976,,
5144.712650724092,0.00783187802881,3.60062289237976,,
5145.726611690432,0.0107111949473619,3.60062289237976,,
5146.740665378342,0.0107111949473619,3.60046076774597,,
5147.754610419232,0.011431023478508,3.60062289237976,,
5148.7686230548425,0.0089116217568516,3.60062289237976,,
5149.782601008343,0.0103512806817889,3.60078477859497,,
5150.796565867572,0.0096314512193203,3.60078477859497,,
5151.810549129562,0.0089116217568516,3.60062289237976,,
5152.824527436962,0.0089116217568516,3.60062289237976,,
5153.838540780373,0.0103512806817889,3.60062289237976,,
5154.852520857272,0.0099913654848933,3.60062289237976,,
5155.866476161233,0.0099913654848933,3.60062289237976,,
5156.880438543172,0.0099913654848933,3.60078477859497,,
5157.894415434972,0.0081917932257056,3.60078477859497,,
5158.908394096272,0.0092715369537472,3.60062289237976,,
5159.922423365142,0.0096314512193203,3.60062289237976,,
5160.936416182402,0.0089116217568516,3.60078477859497,,
5161.950415015952,0.0092715369537472,3.60062289237976,,
5162.9643685504125,0.0089116217568516,3.60062289237976,,
5163.978375877542,0.0092715369537472,3.60062289237976,,
5164.992321980122,0.0089116217568516,3.60062289237976,,
5166.006318690273,0.0107111949473619,3.60062289237976,,
5167.0202994749725,0.0103512806817889,3.60062289237976,,
5168.034244869752,0.0096314512193203,3.60062289237976,,
5169.048315190922,0.0096314512193203,3.60062289237976,,
5170.062262355203,0.0099913654848933,3.60062289237976,,
5171.076244555492,0.0099913654848933,3.60046076774597,,
5172.0902002133425,0.0103512806817889,3.60062289237976,,
5173.104215326252,0.0081917932257056,3.60062289237976,,
5174.1181915102625,0.0096314512193203,3.60062289237976,,
5175.132194590592,0.0092715369537472,3.60062289237976,,
5176.146154495243,0.0096314512193203,3.60062289237976,,
5177.160157575582,0.00783187802881,3.60062289237976,,
5178.174117480222,0.0103512806817889,3.60062289237976,,
5179.188065706202,0.0107111949473619,3.60062289237976,,
5180.202086127592,0.00783187802881,3.60062289237976,,
5181.216071159072,0.00783187802881,3.60062289237976,,
5182.250733808282,0.0103512806817889,3.60062289237976,,
5183.260002072302,0.0107111949473619,3.60062289237976,,
5184.273609847332,0.0096314512193203,3.60062289237976,,
5185.2876093886725,0.0089116217568516,3.60062289237976,,
5186.301549828872,0.0096314512193203,3.60062289237976,,
5187.315580513342,0.0099913654848933,3.60062289237976,,
5188.329557405143,0.0089116217568516,3.60062289237976,,
5189.3435318196525,0.0092715369537472,3.60062289237976,,
5190.357505526363,0.0096314512193203,3.60078477859497,,
5191.371502590412,0.011071109212935,3.60062289237976,,
5192.385500362262,0.0085517074912786,3.60078477859497,,
5193.399437971262,0.005672391038388,3.60062289237976,,
5194.413439282112,0.0099913654848933,3.60046076774597,,
5195.427442008542,0.0096314512193203,3.60062289237976,,
5196.441412176262,0.0107111949473619,3.60062289237976,,
5197.455374204303,0.00783187802881,3.60062289237976,,
5198.469414797953,0.0081917932257056,3.60046076774597,,
5199.483382488383,0.0089116217568516,3.60062289237976,,
5200.497343100822,0.0081917932257056,3.60062289237976,,
5201.5113525513425,0.00783187802881,3.60062289237976,,
5202.5253159949825,0.0107111949473619,3.60078477859497,,
5203.539301734262,0.0096314512193203,3.60062289237976,,
5204.553302691203,0.0092715369537472,3.60046076774597,,
5205.567262595852,0.0089116217568516,3.60046076774597,,
5206.581266737882,0.0092715369537472,3.60078477859497,,
5207.595250707673,0.00783187802881,3.60046076774597,,
5208.609175930203,0.0099913654848933,3.60062289237976,,
5209.623202721782,0.0081917932257056,3.60062289237976,,
5210.637185629872,0.0092715369537472,3.60062289237976,,
5211.651305143022,0.0085517074912786,3.60046076774597,,
5212.665163124722,0.0081917932257056,3.60062289237976,,
5213.679155941983,0.00783187802881,3.60062289237976,,
5214.693112661533,0.0096314512193203,3.60046076774597,,
5215.707097339122,0.0096314512193203,3.60046076774597,,
5216.721098649962,0.0092715369537472,3.60062289237976,,
5217.735076957362,0.0085517074912786,3.60062289237976,,
5218.7490527874625,0.0096314512193203,3.60046076774597,,
5219.763034279952,0.00783187802881,3.60062289237976,,
5220.777024266023,0.0092715369537472,3.60062289237976,,
5220.948620747422,0.0089116217568516,3.60062289237976,,
5220.949089634382,0.0073617687448859,3.60046076774597,,
5221.964952866092,0.0,3.60029888153076,,
5222.978971164092,0.0,3.60029888153076,,
5223.992965396952,0.0,3.60029888153076,,
5225.006926363292,0.0,3.60013699531555,,
5226.020882021152,0.0,3.60013699531555,,
5227.034849711572,0.0,3.60013699531555,,
5228.048880749942,0.0,3.59997510910034,,
5229.062826498623,0.0,3.59997510910034,,
5230.076878063142,0.0,3.59997510910034,,
5230.966021287532,0.0,3.59981322288513,,
5231.980572365712,0.0344655551016331,3.60062289237976,,
5232.994561997883,0.0193491447716951,3.60078477859497,,
5234.008573925702,0.0139504261314869,3.60062289237976,,
5235.0225681585625,0.0146702546626329,3.60046076774597,,
5236.036528063212,0.0117909386754036,3.60062289237976,,
5237.050524773363,0.0107111949473619,3.60046076774597,,
5238.064477600023,0.011071109212935,3.60062289237976,,
5239.078501206513,0.0096314512193203,3.60078477859497,,
5240.092443062303,0.0107111949473619,3.60062289237976,,
5241.106484717642,0.0085517074912786,3.60062289237976,,
5242.120530619773,0.0096314512193203,3.60046076774597,,
5243.134440978542,0.0096314512193203,3.60029888153076,,
5244.148383896032,0.0096314512193203,3.60062289237976,,
5245.162343800673,0.00783187802881,3.60062289237976,,
5246.176336971842,0.00783187802881,3.60046076774597,,
5247.190353146442,0.0089116217568516,3.60046076774597,,
5248.204336762332,0.0096314512193203,3.60062289237976,,
5249.218324625012,0.0096314512193203,3.60062289237976,,
5250.232306825293,0.0089116217568516,3.60046076774597,,
5251.246302119852,0.00783187802881,3.60062289237976,,
5252.260254592622,0.0103512806817889,3.60046076774597,,
5253.274226175932,0.0092715369537472,3.60078477859497,,
5254.288234564762,0.0096314512193203,3.60062289237976,,
5255.302252508863,0.0081917932257056,3.60062289237976,,
5256.316203212133,0.0089116217568516,3.60062289237976,,
5257.330195675492,0.0092715369537472,3.60062289237976,,
5258.344163719822,0.00783187802881,3.60062289237976,,
5259.358163615062,0.0089116217568516,3.60046076774597,,
5260.372152539442,0.0099913654848933,3.60078477859497,,
5261.386124476652,0.0081917932257056,3.60062289237976,,
5262.400068809732,0.007471963763237,3.60046076774597,,
5263.414105156592,0.0089116217568516,3.60062289237976,,
5264.428072493122,0.0103512806817889,3.60062289237976,,
5265.442065664282,0.0092715369537472,3.60062289237976,,
5266.456035832002,0.0081917932257056,3.60046076774597,,
5267.470015555003,0.0092715369537472,3.60062289237976,,
5268.483996693592,0.0085517074912786,3.60062289237976,,
5269.498020300072,0.007471963763237,3.60062289237976,,
5270.511992945092,0.0085517074912786,3.60062289237976,,
5271.525973375882,0.0067521347664296,3.60062289237976,,
5272.539933634433,0.0085517074912786,3.60062289237976,,
5273.553889646182,0.0081917932257056,3.60078477859497,,
5274.567903343493,0.0071120494976639,3.60062289237976,,
5275.582119117203,0.0089116217568516,3.60062289237976,,
5276.5960722977625,0.011071109212935,3.60078477859497,,
5277.610069361823,0.0081917932257056,3.60062289237976,,
5278.623842053832,0.0081917932257056,3.60062289237976,,
5279.637836994492,0.00783187802881,3.60062289237976,,
5280.651799376432,0.0085517074912786,3.60062289237976,,
5281.665798917772,0.0085517074912786,3.60078477859497,,
5282.679758468522,0.00783187802881,3.60046076774597,,
5283.6937739353325,0.0085517074912786,3.60062289237976,,
5284.707701989052,0.0081917932257056,3.60046076774597,,
5285.722056845112,0.00783187802881,3.60078477859497,,
5286.735715581613,0.007471963763237,3.60062289237976,,
5287.749904105082,0.0092715369537472,3.60078477859497,,
5288.763674673703,0.0103512806817889,3.60078477859497,,
5289.777671029962,0.0085517074912786,3.60062289237976,,
5290.791651106852,0.0085517074912786,3.60062289237976,,
5291.8056230440725,0.00783187802881,3.60062289237976,,
5292.8195843643125,0.0096314512193203,3.60062289237976,,
5293.833596646023,0.0089116217568516,3.60062289237976,,
5294.847590878882,0.0081917932257056,3.60062289237976,,
5295.861521056002,0.0085517074912786,3.60046076774597,,
5296.875543600792,0.00783187802881,3.60046076774597,,
5297.889542080442,0.007471963763237,3.60062289237976,,
5298.903503046782,0.00783187802881,3.60046076774597,,
5299.917512851212,0.0096314512193203,3.60046076774597,,
5300.931477356542,0.0081917932257056,3.60062289237976,,
5301.945366127462,0.0092715369537472,3.60046076774597,,
5302.959436094732,0.0063922200351953,3.60062289237976,,
5303.973425373012,0.0103512806817889,3.60062289237976,,
5304.987421021462,0.00783187802881,3.60062289237976,,
5306.001400390563,0.0085517074912786,3.60046076774597,,
5307.015334814472,0.0081917932257056,3.60078477859497,,
5308.029384609492,0.0081917932257056,3.60078477859497,,
5309.043339205652,0.0081917932257056,3.60062289237976,,
5310.057322467643,0.0081917932257056,3.60062289237976,,
5311.071320947282,0.00783187802881,3.60046076774597,,
5312.0853141184525,0.0096314512193203,3.60046076774597,,
5313.0992626983225,0.0096314512193203,3.60062289237976,,
5314.113258700682,0.0067521347664296,3.60062289237976,,
5315.127443331262,0.0027930745854973,3.60046076774597,,
5316.141228409742,0.0081917932257056,3.60078477859497,,
5317.155198577462,0.0089116217568516,3.60078477859497,,
5318.1691850245425,0.0099913654848933,3.60078477859497,,
5319.183188104882,0.007471963763237,3.60062289237976,,
5320.1971653505825,0.0085517074912786,3.60062289237976,,
5321.211145781383,0.00783187802881,3.60062289237976,,
5322.225127273872,0.0089116217568516,3.60062289237976,,
5323.2391285847125,0.007471963763237,3.60078477859497,,
5324.253100875832,0.0089116217568516,3.60078477859497,,
5325.271402414863,0.0085517074912786,3.60046076774597,,
5326.281076955082,0.0063922200351953,3.60046076774597,,
5327.295039337022,0.0063922200351953,3.60062289237976,,
5328.309024014602,0.0089116217568516,3.60046076774597,,
5329.323006922692,0.0085517074912786,3.60062289237976,,
5330.337017788812,0.007471963763237,3.60062289237976,,
5331.350983001942,0.00783187802881,3.60062289237976,,
5332.3649432604825,0.0081917932257056,3.60078477859497,,
5333.378959081192,0.0085517074912786,3.60078477859497,,
5334.392872978952,0.0081917932257056,3.60062289237976,,
5335.406907910212,0.0067521347664296,3.60078477859497,,
5336.420924084812,0.0089116217568516,3.60062289237976,,
5337.434883281662,0.0067521347664296,3.60046076774597,,
5338.448854157183,0.0071120494976639,3.60046076774597,,
5339.4628480361425,0.00783187802881,3.60078477859497,,
5340.476835898812,0.0096314512193203,3.60062289237976,,
5341.490819868603,0.00783187802881,3.60062289237976,,
5342.504790390222,0.0081917932257056,3.60078477859497,,
5343.518782499692,0.0081917932257056,3.60062289237976,,
5344.532754083002,0.0081917932257056,3.60062289237976,,
5345.546745838572,0.00783187802881,3.60062289237976,,
5346.560723792072,0.0071120494976639,3.60046076774597,,
5347.574712716442,0.0081917932257056,3.60046076774597,,
5348.588704825912,0.007471963763237,3.60062289237976,,
5349.6028614984625,0.007471963763237,3.60062289237976,,
5350.6166968306225,0.0071120494976639,3.60062289237976,,
5351.630672306822,0.007471963763237,3.60062289237976,,
5352.644608500233,0.0089116217568516,3.60062289237976,,
5353.658597070702,0.0081917932257056,3.60062289237976,,
5354.672607229022,0.00783187802881,3.60062289237976,,
5355.686607478172,0.0060323057696223,3.60046076774597,,
5356.700562428232,0.0092715369537472,3.60062289237976,,
5357.714533303742,0.00783187802881,3.60062289237976,,
5358.728854539392,0.0092715369537472,3.60062289237976,,
5359.742501951112,0.00783187802881,3.60062289237976,,
5360.756491583283,0.00783187802881,3.60062289237976,,
5361.770479799862,0.00783187802881,3.60062289237976,,
5362.784449259782,0.00783187802881,3.60062289237976,,
5363.7984403075525,0.005672391038388,3.60046076774597,,
5364.812423569542,0.0071120494976639,3.60062289237976,,
5365.826411078312,0.007471963763237,3.60062289237976,,
5366.840408850162,0.0071120494976639,3.60078477859497,,
5367.854361322932,0.007471963763237,3.60062289237976,,
5368.8683711273525,0.00783187802881,3.60062289237976,,
5369.882302012273,0.00783187802881,3.60062289237976,,
5370.896333758432,0.00783187802881,3.60062289237976,,
5371.910314897033,0.0063922200351953,3.60062289237976,,
5372.924298512912,0.0081917932257056,3.60062289237976,,
5373.938468279733,0.0063922200351953,3.60062289237976,,
5374.952448002732,0.00783187802881,3.60062289237976,,
5375.966460992242,0.007471963763237,3.60078477859497,,
5376.980229791372,0.0085517074912786,3.60078477859497,,
5377.994397788692,0.0071120494976639,3.60062289237976,,
5379.008172250203,0.00783187802881,3.60078477859497,,
5380.022382715422,0.007471963763237,3.60062289237976,,
5381.0363178471325,0.0092715369537472,3.60062289237976,,
5382.0500696590925,0.0081917932257056,3.60078477859497,,
5383.0641272398925,0.00783187802881,3.60062289237976,,
5384.078100946603,0.0089116217568516,3.60062289237976,,
5385.092110397132,0.00783187802881,3.60046076774597,,
5386.1061354192125,0.0081917932257056,3.60062289237976,,
5387.120387290633,0.007471963763237,3.60078477859497,,
5388.134256597103,0.00783187802881,3.60046076774597,,
5389.148224287533,0.0063922200351953,3.60062289237976,,
5390.162200471533,0.007471963763237,3.60062289237976,,
5391.176196827792,0.007471963763237,3.60046076774597,,
5392.190131605592,0.0067521347664296,3.60062289237976,,
5393.2041385788225,0.0089116217568516,3.60078477859497,,
5394.218165016502,0.00783187802881,3.60062289237976,,
5395.232125275053,0.00783187802881,3.60062289237976,,
5396.245906106742,0.0071120494976639,3.60078477859497,,
5397.259884414142,0.0085517074912786,3.60062289237976,,
5398.273867676132,0.0063922200351953,3.60062289237976,,
5399.287830765862,0.0063922200351953,3.60062289237976,,
5400.302035922602,0.00783187802881,3.60062289237976,,
5401.315807552913,0.005672391038388,3.60062289237976,,
5402.329814172243,0.0067521347664296,3.60046076774597,,
5403.343723469312,0.0067521347664296,3.60078477859497,,
5404.357777865022,0.007471963763237,3.60062289237976,,
5405.391871444443,0.0096314512193203,3.60062289237976,,
5406.401331521793,0.00783187802881,3.60046076774597,,
5407.415337079422,0.0081917932257056,3.60078477859497,,
5408.429315032922,0.0081917932257056,3.60046076774597,,
5409.443287677942,0.007471963763237,3.60062289237976,,
5410.457259969052,0.007471963763237,3.60062289237976,,
5411.471253494113,0.0063922200351953,3.60078477859497,,
5412.485230032023,0.00783187802881,3.60078477859497,,
5413.4992345279525,0.0063922200351953,3.60062289237976,,
5414.513227345213,0.0067521347664296,3.60046076774597,,
5415.527256260192,0.0060323057696223,3.60062289237976,,
5416.541148216203,0.0071120494976639,3.60062289237976,,
5417.555155543332,0.0081917932257056,3.60062289237976,,
5418.569159331472,0.0081917932257056,3.60062289237976,,
5419.583124898502,0.0071120494976639,3.60078477859497,,
5420.597102498103,0.007471963763237,3.60062289237976,,
5421.611048246782,0.007471963763237,3.60078477859497,,
5422.625086363132,0.0071120494976639,3.60062289237976,,
5423.639072810212,0.007471963763237,3.60078477859497,,
5424.653041208432,0.0067521347664296,3.60062289237976,,
5425.667024116522,0.0063922200351953,3.60062289237976,,
5426.6809928686525,0.0071120494976639,3.60046076774597,,
5427.694990286603,0.007471963763237,3.60062289237976,,
5428.708985581162,0.0081917932257056,3.60078477859497,,
5429.723269657392,0.00783187802881,3.60046076774597,,
5430.736944319352,0.0060323057696223,3.60062289237976,,
5431.750924396242,0.005672391038388,3.60046076774597,,
5432.764864128642,0.0081917932257056,3.60046076774597,,
5433.778883842242,0.007471963763237,3.60078477859497,,
5434.792875951703,0.00783187802881,3.60062289237976,,
5435.806865937772,0.007471963763237,3.60062289237976,,
5436.820832566502,0.0071120494976639,3.60062289237976,,
5437.834831046152,0.007471963763237,3.60062289237976,,
5438.8488093535525,0.007471963763237,3.60062289237976,,
5439.862794385032,0.0071120494976639,3.60046076774597,,
5440.876786140602,0.007471963763237,3.60078477859497,,
5441.8907340126725,0.0060323057696223,3.60062289237976,,
5442.904730368932,0.0067521347664296,3.60078477859497,,
5443.918677887113,0.0063922200351953,3.60078477859497,,
5444.932706448182,0.0081917932257056,3.60062289237976,,
5445.946644411082,0.007471963763237,3.60046076774597,,
5446.960674387752,0.007471963763237,3.60078477859497,,
5447.974615181843,0.007471963763237,3.60062289237976,,
5448.988634187643,0.007471963763237,3.60062289237976,,
5450.002606124863,0.0085517074912786,3.60062289237976,,
5451.016614159782,0.007471963763237,3.60062289237976,,
5452.030555307772,0.0067521347664296,3.60062289237976,,
5453.044561573212,0.0071120494976639,3.60062289237976,,
5454.058530679233,0.0063922200351953,3.60062289237976,,
5455.072546853832,0.0071120494976639,3.60046076774597,,
5456.086508881872,0.0063922200351953,3.60062289237976,,
5457.100505945932,0.0081917932257056,3.60078477859497,,
5458.114554679252,0.0081917932257056,3.60062289237976,,
5459.128663221532,0.0071120494976639,3.60062289237976,,
5460.1424447610225,0.0071120494976639,3.60046076774597,,
5461.156429792502,0.0071120494976639,3.60062289237976,,
5462.159573124472,0.0067521347664296,3.60046076774597,,
5463.168802459592,0.0071120494976639,3.60062289237976,,
5464.182759533052,0.0045926473103463,3.60046076774597,,
5465.196775353752,0.00783187802881,3.60062289237976,,
5466.210688897612,0.0060323057696223,3.60062289237976,,
5467.224749663513,0.005672391038388,3.60062289237976,,
5468.238693288802,0.0060323057696223,3.60062289237976,,
5469.252715125793,0.0085517074912786,3.60062289237976,,
5470.266639286622,0.00783187802881,3.60046076774597,,
5471.280663247012,0.007471963763237,3.60078477859497,,
5472.2946167814725,0.007471963763237,3.60062289237976,,
5473.308639680163,0.00783187802881,3.60062289237976,,
5474.322581535952,0.0071120494976639,3.60062289237976,,
5475.336607265833,0.0049525620415806,3.60062289237976,,
5476.3505756640525,0.0071120494976639,3.60046076774597,,
5477.364528136823,0.0071120494976639,3.60062289237976,,
5478.378547142613,0.007471963763237,3.60062289237976,,
5479.392541375482,0.0063922200351953,3.60046076774597,,
5480.406491724842,0.005672391038388,3.60062289237976,,
5481.420507899452,0.00783187802881,3.60062289237976,,
5482.4344826678625,0.00783187802881,3.60062289237976,,
5483.448474423422,0.00783187802881,3.60078477859497,,
5484.462436805362,0.0045926473103463,3.60062289237976,,
5485.4764374084125,0.00783187802881,3.60062289237976,,
5486.490392004573,0.0081917932257056,3.60062289237976,,
5487.5044007472925,0.00783187802881,3.60062289237976,,
5488.518343664782,0.007471963763237,3.60046076774597,,
5489.532376118742,0.0067521347664296,3.60062289237976,,
5490.546330361002,0.0067521347664296,3.60078477859497,,
5491.560348659003,0.0063922200351953,3.60062289237976,,
5492.574328028102,0.0060323057696223,3.60046076774597,,
5493.588311997883,0.0060323057696223,3.60062289237976,,
5494.602471501632,0.0071120494976639,3.60062289237976,,
5495.616480952152,0.0063922200351953,3.60062289237976,,
5496.630319823303,0.0053124763071537,3.60062289237976,,
5497.644437920852,0.0071120494976639,3.60062289237976,,
5498.658207781672,0.00783187802881,3.60078477859497,,
5499.672144682872,0.007471963763237,3.60046076774597,,
5500.686185276522,0.0071120494976639,3.60062289237976,,
5501.700155090342,0.005672391038388,3.60062289237976,,
5502.714513485393,0.00783187802881,3.60062289237976,,
5503.728486130412,0.0071120494976639,3.60062289237976,,
5504.742107707492,0.0071120494976639,3.60062289237976,,
5505.756092031183,0.00783187802881,3.60062289237976,,
5506.7700706924825,0.007471963763237,3.60062289237976,,
5507.784070587722,0.0067521347664296,3.60046076774597,,
5508.798043940542,0.0067521347664296,3.60062289237976,,
5509.8120445435825,0.0081917932257056,3.60062289237976,,
5510.825971889512,0.007471963763237,3.60062289237976,,
5511.840002220082,0.0071120494976639,3.60062289237976,,
5512.854012378402,0.0067521347664296,3.60062289237976,,
5513.867995286482,0.0053124763071537,3.60062289237976,,
5514.881937496172,0.00783187802881,3.60062289237976,,
5515.895927482252,0.007471963763237,3.60062289237976,,
5516.909914283222,0.0071120494976639,3.60062289237976,,
5517.923929042232,0.0071120494976639,3.60062289237976,,
5518.9423689558225,0.0063922200351953,3.60062289237976,,
5519.951860530192,0.0060323057696223,3.60078477859497,,
5520.965837068103,0.005672391038388,3.60062289237976,,
5521.979794495453,0.007471963763237,3.60062289237976,,
5522.993810316162,0.007471963763237,3.60062289237976,,
5524.0078006561225,0.007471963763237,3.60062289237976,,
5525.021817538533,0.0063922200351953,3.60062289237976,,
5526.035753731932,0.0063922200351953,3.60046076774597,,
5527.049737701723,0.007471963763237,3.60062289237976,,
5528.063737596963,0.005672391038388,3.60062289237976,,
5529.077639816052,0.005672391038388,3.60062289237976,,
5530.091704120942,0.005672391038388,3.60062289237976,,
5531.105677119852,0.005672391038388,3.60046076774597,,
5532.119862812142,0.0063922200351953,3.60062289237976,,
5533.133663462182,0.0049525620415806,3.60062289237976,,
5534.147641415682,0.0081917932257056,3.60062289237976,,
5535.161616537992,0.007471963763237,3.60062289237976,,
5536.1756107708425,0.0071120494976639,3.60078477859497,,
5537.189588724353,0.0063922200351953,3.60062289237976,,
5538.203562077162,0.0071120494976639,3.60046076774597,,
5539.217567280893,0.0067521347664296,3.60062289237976,,
5540.231526123843,0.0063922200351953,3.60062289237976,,
5541.245503723442,0.0063922200351953,3.60062289237976,,
5542.259506095982,0.0060323057696223,3.60062289237976,,
5543.273486172872,0.0063922200351953,3.60062289237976,,
5544.287471204362,0.005672391038388,3.60062289237976,,
5545.301439248682,0.005672391038388,3.60062289237976,,
5546.315440559532,0.007471963763237,3.60078477859497,,
5547.329414266243,0.0067521347664296,3.60062289237976,,
5548.343395404832,0.0063922200351953,3.60062289237976,,
5549.357386806502,0.0067521347664296,3.60078477859497,,
5550.371354850822,0.00783187802881,3.60062289237976,,
5551.385320417852,0.0063922200351953,3.60046076774597,,
5552.399358888102,0.00783187802881,3.60062289237976,,
5553.413395942753,0.0067521347664296,3.60062289237976,,
5554.427296746252,0.0067521347664296,3.60046076774597,,
5555.441297349293,0.0067521347664296,3.60062289237976,,
5556.455263978022,0.0067521347664296,3.60062289237976,,
5557.469238038632,0.0063922200351953,3.60046076774597,,
5558.483235810482,0.0060323057696223,3.60062289237976,,
5559.497216241282,0.004232732579112,3.60062289237976,,
5560.511209058543,0.0067521347664296,3.60062289237976,,
5561.525203291402,0.005672391038388,3.60046076774597,,
5562.5391320529225,0.0071120494976639,3.60062289237976,,
5563.553162737392,0.0071120494976639,3.60062289237976,,
5564.5671530773625,0.00783187802881,3.60062289237976,,
5565.581118290493,0.0067521347664296,3.60046076774597,,
5566.595093766702,0.0071120494976639,3.60046076774597,,
5567.6091739970525,0.0045926473103463,3.60046076774597,,
5568.623095680592,0.0067521347664296,3.60062289237976,,
5569.637044260462,0.0067521347664296,3.60062289237976,,
5570.651036016032,0.0060323057696223,3.60062289237976,,
5571.6650107844325,0.0063922200351953,3.60062289237976,,
5572.678986260642,0.0053124763071537,3.60062289237976,,
5573.692958197862,0.0060323057696223,3.60062289237976,,
5574.706970833472,0.00783187802881,3.60046076774597,,
5575.721113703962,0.0067521347664296,3.60046076774597,,
5576.734933464562,0.0067521347664296,3.60046076774597,,
5577.7489050478725,0.0053124763071537,3.60062289237976,,
5578.762919452983,0.0081917932257056,3.60078477859497,,
5579.776880065432,0.00783187802881,3.60062289237976,,
5580.790860142322,0.0063922200351953,3.60062289237976,,
5581.805037694922,0.0060323057696223,3.60046076774597,,
5582.818839760563,0.0063922200351953,3.60062289237976,,
5583.832821606952,0.0063922200351953,3.60062289237976,,
5584.846758862052,0.0053124763071537,3.60046076774597,,
5585.860777867852,0.0053124763071537,3.60046076774597,,
5586.874759360352,0.0071120494976639,3.60062289237976,,
5587.888739437242,0.005672391038388,3.60046076774597,,
5588.902757381342,0.005672391038388,3.60062289237976,,
5589.916743474522,0.005672391038388,3.60062289237976,,
5590.930692054392,0.0085517074912786,3.60062289237976,,
5591.944672485192,0.0071120494976639,3.60062289237976,,
5592.958654331583,0.0063922200351953,3.60062289237976,,
5593.972654226833,0.005672391038388,3.60062289237976,,
5594.986628287443,0.0067521347664296,3.60062289237976,,
5596.000578636812,0.0067521347664296,3.60046076774597,,
5597.014598350403,0.00783187802881,3.60078477859497,,
5598.0285833818825,0.005672391038388,3.60062289237976,,
5599.0570878325225,0.0071120494976639,3.60046076774597,,
5600.072147655632,0.005672391038388,3.60062289237976,,
5601.086132687113,0.0053124763071537,3.60046076774597,,
5602.100104978223,0.0063922200351953,3.60078477859497,,
5603.114156188843,0.0071120494976639,3.60062289237976,,
5604.128071502202,0.007471963763237,3.60046076774597,,
5605.142070689652,0.0053124763071537,3.60062289237976,,
5606.156073769992,0.00783187802881,3.60062289237976,,
5607.170029781742,0.0063922200351953,3.60046076774597,,
5608.184015874922,0.0060323057696223,3.60062289237976,,
5609.198004445392,0.0067521347664296,3.60062289237976,,
5610.211972135822,0.0049525620415806,3.60062289237976,,
5611.226108636132,0.007471963763237,3.60062289237976,,
5612.239941844892,0.0067521347664296,3.60062289237976,,
5613.253940678433,0.007471963763237,3.60062289237976,,
5614.267876871842,0.0049525620415806,3.60078477859497,,
5615.281898354932,0.0071120494976639,3.60046076774597,,
5616.295880909122,0.0071120494976639,3.60078477859497,,
5617.309876557582,0.0053124763071537,3.60062289237976,,
5618.323851325992,0.0053124763071537,3.60062289237976,,
5619.337830695083,0.0067521347664296,3.60062289237976,,
5620.351824220143,0.0063922200351953,3.60062289237976,,
5621.365806420432,0.0053124763071537,3.60062289237976,,
5622.379792159712,0.0035129035823047,3.60062289237976,,
5623.393774006112,0.0071120494976639,3.60062289237976,,
5624.407739927043,0.0063922200351953,3.60062289237976,,
5625.421707263562,0.0063922200351953,3.60062289237976,,
5626.435719191382,0.0045926473103463,3.60062289237976,,
5627.449704576762,0.0071120494976639,3.60062289237976,,
5628.4636842997625,0.0067521347664296,3.60062289237976,,
5629.477664376653,0.0060323057696223,3.60062289237976,,
5630.491653301032,0.0045926473103463,3.60062289237976,,
5631.505628777232,0.0049525620415806,3.60062289237976,,
5632.519647783032,0.004232732579112,3.60062289237976,,
5633.5335892849225,0.005672391038388,3.60062289237976,,
5634.547577855402,0.0053124763071537,3.60046076774597,,
5635.561562886883,0.007471963763237,3.60062289237976,,
5636.5755440254725,0.0063922200351953,3.60062289237976,,
5637.589537196633,0.0060323057696223,3.60062289237976,,
5638.603528244403,0.005672391038388,3.60078477859497,,
5639.617490980242,0.0071120494976639,3.60078477859497,,
5640.631467872042,0.0067521347664296,3.60062289237976,,
5641.645477676462,0.0063922200351953,3.60046076774597,,
5642.659445012992,0.0049525620415806,3.60062289237976,,
5643.6733804986025,0.0060323057696223,3.60062289237976,,
5644.687414722062,0.0063922200351953,3.60062289237976,,
5645.701394798953,0.0053124763071537,3.60046076774597,,
5646.715750008912,0.0067521347664296,3.60062289237976,,
5647.729374417202,0.0063922200351953,3.60062289237976,,
5648.743363695472,0.0060323057696223,3.60062289237976,,
5649.757320061122,0.003872818313539,3.60062289237976,,
5650.771306862102,0.0071120494976639,3.60062289237976,,
5651.785297555973,0.0071120494976639,3.60078477859497,,
5652.799282587453,0.007471963763237,3.60046076774597,,
5653.813268326732,0.0063922200351953,3.60062289237976,,
5654.827263975192,0.0067521347664296,3.60062289237976,,
5655.841198045202,0.0049525620415806,3.60062289237976,,
5656.855228021872,0.0053124763071537,3.60062289237976,,
5657.869197481792,0.0053124763071537,3.60062289237976,,
5658.883199500432,0.007471963763237,3.60062289237976,,
5659.8971555121925,0.007471963763237,3.60062289237976,,
5660.911351821443,0.0049525620415806,3.60062289237976,,
5661.925327651552,0.0045926473103463,3.60046076774597,,
5662.9391314866825,0.007471963763237,3.60062289237976,,
5663.953098823213,0.0067521347664296,3.60046076774597,,
5664.967075361113,0.0067521347664296,3.60062289237976,,
5665.981036681363,0.0053124763071537,3.60062289237976,,
5666.995041531192,0.0063922200351953,3.60062289237976,,
5668.009031871163,0.0063922200351953,3.60062289237976,,
5669.023044860673,0.0053124763071537,3.60062289237976,,
5670.036992732752,0.005672391038388,3.60062289237976,,
5671.050976702532,0.0071120494976639,3.60046076774597,,
5672.064945808563,0.0060323057696223,3.60062289237976,,
5673.078948535002,0.0053124763071537,3.60062289237976,,
5674.0928903907925,0.0049525620415806,3.60062289237976,,
5675.106904795903,0.0071120494976639,3.60062289237976,,
5676.121056159962,0.007471963763237,3.60062289237976,,
5677.134849732022,0.005672391038388,3.60046076774597,,
5678.1488298089225,0.0053124763071537,3.60046076774597,,
5679.178048781882,0.0067521347664296,3.60062289237976,,
5680.192451768222,0.005672391038388,3.60062289237976,,
5681.206402471492,0.003872818313539,3.60062289237976,,
5682.220405197922,0.0060323057696223,3.60062289237976,,
5683.234380320232,0.0063922200351953,3.60062289237976,,
5684.248352611352,0.0053124763071537,3.60046076774597,,
5685.262368432052,0.0053124763071537,3.60062289237976,,
5686.276329752302,0.0049525620415806,3.60062289237976,,
5687.290326816353,0.0067521347664296,3.60046076774597,,
5688.304288844392,0.0071120494976639,3.60078477859497,,
5689.318266797893,0.0063922200351953,3.60062289237976,,
5690.3322734172225,0.0067521347664296,3.60046076774597,,
5691.346255617513,0.0063922200351953,3.60046076774597,,
5692.360195349902,0.0071120494976639,3.60078477859497,,
5693.374197368542,0.005672391038388,3.60046076774597,,
5694.3882149587525,0.0053124763071537,3.60062289237976,,
5695.402144781972,0.005672391038388,3.60078477859497,,
5696.416176528132,0.0060323057696223,3.60062289237976,,
5697.430152712142,0.0060323057696223,3.60046076774597,,
5698.444117571372,0.0045926473103463,3.60046076774597,,
5699.458110388632,0.0071120494976639,3.60078477859497,,
5700.4721049753925,0.0060323057696223,3.60062289237976,,
5701.4860857600925,0.004232732579112,3.60062289237976,,
5702.500070791572,0.004232732579112,3.60062289237976,,
5703.514052637962,0.0071120494976639,3.60078477859497,,
5704.528026344672,0.0060323057696223,3.60062289237976,,
5705.5420188080425,0.0060323057696223,3.60078477859497,,
5706.555963141122,0.005672391038388,3.60062289237976,,
5707.570003026973,0.0067521347664296,3.60062289237976,,
5708.583958684822,0.0067521347664296,3.60078477859497,,
5709.597934514933,0.004232732579112,3.60062289237976,,
5710.611965907202,0.0053124763071537,3.60062289237976,,
5711.625911301982,0.0060323057696223,3.60046076774597,,
5712.641524977213,0.0053124763071537,3.60062289237976,,
5713.6538721635725,0.0049525620415806,3.60062289237976,,
5714.667858256752,0.0049525620415806,3.60062289237976,,
5715.681860629293,0.0071120494976639,3.60062289237976,,
5716.695804254572,0.0063922200351953,3.60062289237976,,
5717.710024982873,0.0060323057696223,3.60062289237976,,
5718.724118307482,0.0053124763071537,3.60078477859497,,
5719.737767134802,0.0063922200351953,3.60062289237976,,
5720.751727393343,0.0063922200351953,3.60062289237976,,
5721.7657446296525,0.0060323057696223,3.60046076774597,,
5722.779702764802,0.005672391038388,3.60078477859497,,
5723.793701952252,0.0060323057696223,3.60062289237976,,
5724.807653009412,0.005672391038388,3.60062289237976,,
5725.821688294573,0.0049525620415806,3.60062289237976,,
5726.835643952432,0.0053124763071537,3.60062289237976,,
5727.849632169003,0.0067521347664296,3.60078477859497,,
5728.863565531212,0.0049525620415806,3.60062289237976,,
5729.877596569582,0.0045926473103463,3.60062289237976,,
5730.891568860702,0.004232732579112,3.60046076774597,,
5731.905580788512,0.0071120494976639,3.60062289237976,,
5732.919533969072,0.0067521347664296,3.60094666481018,,
5733.933535279923,0.005672391038388,3.60062289237976,,
5734.947485629293,0.0060323057696223,3.60078477859497,,
5735.961521976143,0.0053124763071537,3.60062289237976,,
5736.975486127572,0.005672391038388,3.60046076774597,,
5737.989470097363,0.0045926473103463,3.60046076774597,,
5739.003439911182,0.0060323057696223,3.60062289237976,,
5740.017413263992,0.0049525620415806,3.60062289237976,,
5741.031364675062,0.0053124763071537,3.60062289237976,,
5742.045415177882,0.0045926473103463,3.60062289237976,,
5743.059385345602,0.0049525620415806,3.60062289237976,,
5744.073373208283,0.0063922200351953,3.60062289237976,,
5745.087315064073,0.0067521347664296,3.60062289237976,,
5746.101412989372,0.0049525620415806,3.60062289237976,,
5747.115479771553,0.0045926473103463,3.60046076774597,,
5748.129263434433,0.0060323057696223,3.60078477859497,,
5749.143257667292,0.0060323057696223,3.60062289237976,,
5750.157289413462,0.005672391038388,3.60062289237976,,
5751.171202603422,0.0053124763071537,3.60062289237976,,
5752.185246028263,0.0053124763071537,3.60046076774597,,
5753.199215134282,0.005672391038388,3.60078477859497,,
5754.213202643063,0.004232732579112,3.60046076774597,,
5755.227193336932,0.0045926473103463,3.60062289237976,,
5756.2411684592325,0.005672391038388,3.60062289237976,,
5757.255145351042,0.0071120494976639,3.60062289237976,,
5758.269156571052,0.005672391038388,3.60078477859497,,
5759.303097266053,0.0049525620415806,3.60062289237976,,
5760.312728276683,0.005672391038388,3.60062289237976,,
5761.326693489812,0.0049525620415806,3.60062289237976,,
5762.340665427022,0.0060323057696223,3.60062289237976,,
5763.3546256855725,0.0049525620415806,3.60062289237976,,
5764.368688220962,0.004232732579112,3.60062289237976,,
5765.382591501752,0.005672391038388,3.60062289237976,,
5766.396589981402,0.0045926473103463,3.60062289237976,,
5767.410548824342,0.0045926473103463,3.60046076774597,,
5768.424593310882,0.0060323057696223,3.60078477859497,,
5769.438493052672,0.0060323057696223,3.60062289237976,,
5770.452537185312,0.0049525620415806,3.60046076774597,,
5771.466698104652,0.004232732579112,3.60062289237976,,
5772.480511141172,0.0063922200351953,3.60062289237976,,
5773.494461136643,0.0053124763071537,3.60062289237976,,
5774.508479788532,0.0067521347664296,3.60046076774597,,
5775.522462342722,0.0035129035823047,3.60062289237976,,
5776.536428971453,0.0049525620415806,3.60046076774597,,
5777.550389937793,0.0045926473103463,3.60062289237976,,
5778.564392664232,0.0045926473103463,3.60062289237976,,
5779.578357169572,0.0045926473103463,3.60062289237976,,
5780.5923365386625,0.0067521347664296,3.60062289237976,,
5781.6063063524825,0.005672391038388,3.60062289237976,,
5782.620341991542,0.005672391038388,3.60062289237976,,
5783.634283493432,0.0045926473103463,3.60062289237976,,
5784.6483039148325,0.0060323057696223,3.60062289237976,,
5785.662281160532,0.0049525620415806,3.60062289237976,,
5786.6762821174725,0.005672391038388,3.60062289237976,,
5787.690230343453,0.003872818313539,3.60062289237976,,
5788.704222806812,0.0049525620415806,3.60046076774597,,
5789.718533071592,0.0060323057696223,3.60078477859497,,
5790.732202071163,0.004232732579112,3.60062289237976,,
5791.746110660432,0.005672391038388,3.60078477859497,,
5792.760182397193,0.0049525620415806,3.60062289237976,,
5793.774130623172,0.0053124763071537,3.60062289237976,,
5794.788133703512,0.0060323057696223,3.60062289237976,,
5795.802100332242,0.005672391038388,3.60062289237976,,
5796.816117214642,0.0063922200351953,3.60062289237976,,
5797.830041729372,0.0060323057696223,3.60062289237976,,
5798.844065335862,0.0060323057696223,3.60062289237976,,
5799.858040812072,0.0060323057696223,3.60062289237976,,
5800.872045661902,0.005672391038388,3.60062289237976,,
5801.885998488562,0.005672391038388,3.60078477859497,,
5802.899994137022,0.0045926473103463,3.60062289237976,,
5803.913980938002,0.0053124763071537,3.60062289237976,,
5804.927989680722,0.0063922200351953,3.60062289237976,,
5805.941912072062,0.005672391038388,3.60062289237976,,
5806.955940633143,0.0053124763071537,3.60062289237976,,
5807.969898060493,0.0053124763071537,3.60062289237976,,
5808.983902910322,0.0053124763071537,3.60062289237976,,
5809.997810437902,0.005672391038388,3.60062289237976,,
5811.0118956228325,0.005672391038388,3.60062289237976,,
5812.025805273803,0.005672391038388,3.60046076774597,,
5813.039829234192,0.0049525620415806,3.60062289237976,,
5814.053805772092,0.0053124763071537,3.60062289237976,,
5815.067806375142,0.004232732579112,3.60046076774597,,
5816.0817814974425,0.0049525620415806,3.60046076774597,,
5817.0957644055325,0.0063922200351953,3.60062289237976,,
5818.109858791842,0.0060323057696223,3.60062289237976,,
5819.123750747863,0.005672391038388,3.60078477859497,,
5820.1376954348425,0.0060323057696223,3.60062289237976,,
5821.1516652486625,0.0060323057696223,3.60062289237976,,
5822.165646387252,0.005672391038388,3.60062289237976,,
5823.179665393052,0.0060323057696223,3.60062289237976,,
5824.1936157424225,0.0049525620415806,3.60062289237976,,
5825.207645719092,0.0053124763071537,3.60062289237976,,
5826.221595006762,0.0049525620415806,3.60062289237976,,
5827.235605872882,0.0045926473103463,3.60062289237976,,
5828.249584888083,0.005672391038388,3.60062289237976,,
5829.263564964972,0.0060323057696223,3.60062289237976,,
5830.277530885903,0.0049525620415806,3.60062289237976,,
5831.291543875423,0.0024331600870937,3.60062289237976,,
5832.305679667932,0.0063922200351953,3.60046076774597,,
5833.319503675312,0.0063922200351953,3.60078477859497,,
5834.333437745322,0.005672391038388,3.60062289237976,,
5835.347474446073,0.0049525620415806,3.60062289237976,,
5836.361416655763,0.0049525620415806,3.60062289237976,,
5837.375439554452,0.005672391038388,3.60046076774597,,
5838.3893761017525,0.0045926473103463,3.60046076774597,,
5839.424218177813,0.0045926473103463,3.60046076774597,,
5840.432967979632,0.0049525620415806,3.60062289237976,,
5841.446960442992,0.0053124763071537,3.60062289237976,,
5842.460937334802,0.0053124763071537,3.60046076774597,,
5843.474866096322,0.0035129035823047,3.60062289237976,,
5844.488909167262,0.005672391038388,3.60062289237976,,
5845.502853146442,0.0060323057696223,3.60062289237976,,
5846.516865782062,0.0063922200351953,3.60062289237976,,
5847.530875232583,0.005672391038388,3.60062289237976,,
5848.544856017273,0.003872818313539,3.60062289237976,,
5849.558855558622,0.0063922200351953,3.60046076774597,,
5850.572755300413,0.0049525620415806,3.60046076774597,,
5851.586802618142,0.005672391038388,3.60046076774597,,
5852.600746951232,0.0060323057696223,3.60062289237976,,
5853.614785775372,0.0045926473103463,3.60046076774597,,
5854.628926522472,0.0053124763071537,3.60062289237976,,
5855.642932434002,0.003872818313539,3.60062289237976,,
5856.656883845072,0.0063922200351953,3.60046076774597,,
5857.670908867152,0.0060323057696223,3.60046076774597,,
5858.684859216522,0.0053124763071537,3.60062289237976,,
5859.698868313142,0.0049525620415806,3.60062289237976,,
5860.713167607042,0.005672391038388,3.60062289237976,,
5861.726784229542,0.003872818313539,3.60046076774597,,
5862.740608944732,0.0045926473103463,3.60062289237976,,
5863.754615564062,0.005672391038388,3.60062289237976,,
5864.768554234753,0.0035129035823047,3.60078477859497,,
5865.782567932062,0.0049525620415806,3.60062289237976,,
5866.796508372262,0.004232732579112,3.60062289237976,,
5867.810541534022,0.0045926473103463,3.60062289237976,,
5868.824495422382,0.007471963763237,3.60062289237976,,
5869.838509473592,0.0053124763071537,3.60062289237976,,
5870.852450267692,0.005672391038388,3.60062289237976,,
5871.8664593643125,0.0045926473103463,3.60046076774597,,
5872.880396265512,0.0053124763071537,3.60046076774597,,
5873.894442521542,0.005672391038388,3.60078477859497,,
5874.908411273663,0.0045926473103463,3.60062289237976,,
5875.922416477402,0.004232732579112,3.60046076774597,,
5876.936366118973,0.0063922200351953,3.60046076774597,,
5877.950379108483,0.0053124763071537,3.60062289237976,,
5878.964331935143,0.003152989083901,3.60062289237976,,
5879.978338908372,0.003872818313539,3.60046076774597,,
5880.992285364852,0.0053124763071537,3.60062289237976,,
5882.006309325242,0.0060323057696223,3.60062289237976,,
5883.020255427822,0.0053124763071537,3.60062289237976,,
5884.034224179943,0.0049525620415806,3.60062289237976,,
5885.048235399962,0.0045926473103463,3.60046076774597,,
5886.0622370647025,0.0053124763071537,3.60062289237976,,
5887.076174319803,0.0053124763071537,3.60062289237976,,
5888.090212082252,0.003872818313539,3.60062289237976,,
5889.1041659706125,0.0045926473103463,3.60062289237976,,
5890.1183774975325,0.004232732579112,3.60078477859497,,
5891.132147004452,0.003872818313539,3.60062289237976,,
5892.1461546854825,0.0035129035823047,3.60062289237976,,
5893.160096541273,0.0060323057696223,3.60062289237976,,
5894.174109884682,0.0060323057696223,3.60062289237976,,
5895.188036522813,0.005672391038388,3.60062289237976,,
5896.202033940763,0.0049525620415806,3.60062289237976,,
5897.216031358712,0.0049525620415806,3.60062289237976,,
5898.230030546162,0.003872818313539,3.60046076774597,,
5899.244030087512,0.0049525620415806,3.60046076774597,,
5900.258005209822,0.0049525620415806,3.60062289237976,,
5901.271968299552,0.0053124763071537,3.60046076774597,,
5902.285979165672,0.004232732579112,3.60078477859497,,
5903.299942609312,0.0045926473103463,3.60046076774597,,
5904.3139198550125,0.0045926473103463,3.60046076774597,,
5905.327899224112,0.0060323057696223,3.60078477859497,,
5906.341924246192,0.0049525620415806,3.60078477859497,,
5907.355859731802,0.0053124763071537,3.60062289237976,,
5908.369901033242,0.003152989083901,3.60062289237976,,
5909.383845366322,0.0053124763071537,3.60062289237976,,
5910.397836060192,0.005672391038388,3.60062289237976,,
5911.411817906583,0.0049525620415806,3.60062289237976,,
5912.425800460773,0.004232732579112,3.60062289237976,,
5913.4397815993725,0.004232732579112,3.60046076774597,,
5914.453771231542,0.0049525620415806,3.60046076774597,,
5915.467774665773,0.0045926473103463,3.60062289237976,,
5916.481742356203,0.0045926473103463,3.60062289237976,,
5917.495709338832,0.0060323057696223,3.60078477859497,,
5918.509741438892,0.0045926473103463,3.60046076774597,,
5919.538917590063,0.0035129035823047,3.60078477859497,,
5920.553247673182,0.0049525620415806,3.60046076774597,,
5921.567246506732,0.0053124763071537,3.60062289237976,,
5922.581235431102,0.0049525620415806,3.60078477859497,,
5923.595199936442,0.0049525620415806,3.60078477859497,,
5924.609167272963,0.003872818313539,3.60062289237976,,
5925.623138502382,0.0045926473103463,3.60062289237976,,
5926.637173433643,0.0045926473103463,3.60062289237976,,
5927.651112812142,0.0024331600870937,3.60062289237976,,
5928.665128632842,0.003152989083901,3.60062289237976,,
5929.679108355842,0.0027930745854973,3.60062289237976,,
5930.693093741223,0.003872818313539,3.60062289237976,,
5931.707370739482,0.0045926473103463,3.60062289237976,,
5932.721357186562,0.0053124763071537,3.60062289237976,,
5933.735043527182,0.0053124763071537,3.60062289237976,,
5934.749037052242,0.0045926473103463,3.60046076774597,,
5935.762994125702,0.0049525620415806,3.60046076774597,,
5936.776998621633,0.0053124763071537,3.60062289237976,,
5937.790982237522,0.005672391038388,3.60046076774597,,
5938.804958775422,0.004232732579112,3.60062289237976,,
5939.818938852322,0.003872818313539,3.60062289237976,,
5940.8329256532925,0.0049525620415806,3.60046076774597,,
5941.846894051522,0.0060323057696223,3.60046076774597,,
5942.860903502043,0.0045926473103463,3.60046076774597,,
5943.874859513802,0.00207324558869,3.60062289237976,,
5944.888871087713,0.0063922200351953,3.60062289237976,,
5945.902837716442,0.0063922200351953,3.60062289237976,,
5946.916842920173,0.0049525620415806,3.60046076774597,,
5947.930810610603,0.0049525620415806,3.60062289237976,,
5948.944787148503,0.003872818313539,3.60046076774597,,
5949.958770056593,0.005672391038388,3.60062289237976,,
5950.972756149772,0.0045926473103463,3.60062289237976,,
5951.986750028732,0.0045926473103463,3.60062289237976,,
5953.000671004473,0.0045926473103463,3.60046076774597,,
5954.014667360732,0.0053124763071537,3.60062289237976,,
5955.028725295432,0.0063922200351953,3.60046076774597,,
5956.042673875312,0.0027930745854973,3.60046076774597,,
5957.056661030182,0.0060323057696223,3.60046076774597,,
5958.0706365063925,0.005672391038388,3.60062289237976,,
5959.084643125722,0.0053124763071537,3.60062289237976,,
5960.098588874403,0.0045926473103463,3.60062289237976,,
5961.112791907743,0.0053124763071537,3.60062289237976,,
5962.1265653075525,0.0045926473103463,3.60046076774597,,
5963.140579004862,0.0045926473103463,3.60062289237976,,
5964.154531123722,0.0027930745854973,3.60062289237976,,
5965.168467671032,0.0049525620415806,3.60062289237976,,
5966.182514280962,0.0063922200351953,3.60078477859497,,
5967.196520900292,0.003152989083901,3.60046076774597,,
5968.210561140032,0.003152989083901,3.60062289237976,,
5969.224462651322,0.0060323057696223,3.60062289237976,,
5970.238429987852,0.005672391038388,3.60062289237976,,
5971.2524291753025,0.0053124763071537,3.60062289237976,,
5972.266398281322,0.0045926473103463,3.60062289237976,,
5973.280412332532,0.005672391038388,3.60062289237976,,
5974.294369052082,0.0049525620415806,3.60062289237976,,
5975.308347005593,0.0049525620415806,3.60062289237976,,
5976.3222658579325,0.0035129035823047,3.60062289237976,,
5977.3363319323125,0.005672391038388,3.60046076774597,,
5978.350306700722,0.0063922200351953,3.60062289237976,,
5979.364298456292,0.003152989083901,3.60062289237976,,
5980.378293750852,0.0024331600870937,3.60062289237976,,
5981.392269227053,0.0060323057696223,3.60046076774597,,
5982.406244703262,0.0053124763071537,3.60046076774597,,
5983.420230796442,0.0053124763071537,3.60078477859497,,
5984.434195655673,0.004232732579112,3.60046076774597,,
5985.448189180733,0.003872818313539,3.60062289237976,,
5986.462174212223,0.0049525620415806,3.60078477859497,,
5987.476128100582,0.0045926473103463,3.60046076774597,,
5988.490135427703,0.003872818313539,3.60062289237976,,
5989.504065958722,0.0063922200351953,3.60062289237976,,
5990.5181161076425,0.0053124763071537,3.60062289237976,,
5991.532089460462,0.0045926473103463,3.60046076774597,,
5992.546082631622,0.004232732579112,3.60062289237976,,
5993.560065185812,0.0045926473103463,3.60046076774597,,
5994.574052340682,0.0035129035823047,3.60046076774597,,
5995.588026755192,0.0049525620415806,3.60046076774597,,
5996.602005770393,0.0049525620415806,3.60062289237976,,
5997.616006373442,0.0045926473103463,3.60062289237976,,
5998.630153136823,0.0045926473103463,3.60062289237976,,
5999.643954848562,0.0045926473103463,3.60078477859497,,
6000.6579306786625,0.003872818313539,3.60078477859497,,
6001.6719326973025,0.005672391038388,3.60062289237976,,
6002.685908881313,0.0045926473103463,3.60062289237976,,
6003.699908422653,0.0045926473103463,3.60046076774597,,
6004.714215856232,0.0045926473103463,3.60062289237976,,
6005.7278508814925,0.0045926473103463,3.60062289237976,,
6006.741831312283,0.0049525620415806,3.60062289237976,,
6007.755837931612,0.004232732579112,3.60046076774597,,
6008.7698183624125,0.0017133308574557,3.60062289237976,,
6009.783714565212,0.0053124763071537,3.60062289237976,,
6010.797764714132,0.0024331600870937,3.60046076774597,,
6011.811774518553,0.003152989083901,3.60078477859497,,
6012.8257450401725,0.004232732579112,3.60062289237976,,
6013.839742458123,0.0049525620415806,3.60046076774597,,
6014.853711210252,0.005672391038388,3.60062289237976,,
6015.867716060082,0.004232732579112,3.60046076774597,,
6016.881677380322,0.0045926473103463,3.60062289237976,,
6017.895655687722,0.005672391038388,3.60062289237976,,
6018.909671862332,0.0027930745854973,3.60062289237976,,
6019.9236112408225,0.0045926473103463,3.60062289237976,,
6020.937566544782,0.004232732579112,3.60062289237976,,
6021.951778071702,0.0045926473103463,3.60062289237976,,
6022.965585799722,0.004232732579112,3.60046076774597,,
6023.979564461022,0.0035129035823047,3.60046076774597,,
6024.993533213143,0.004232732579112,3.60046076774597,,
6026.007535939582,0.0060323057696223,3.60078477859497,,
6027.021488058453,0.0053124763071537,3.60046076774597,,
6028.035497508972,0.0053124763071537,3.60062289237976,,
6029.049492095733,0.003152989083901,3.60046076774597,,
6030.063467218042,0.0071120494976639,3.60046076774597,,
6031.077432431172,0.0049525620415806,3.60078477859497,,
6032.091418878253,0.0060323057696223,3.60062289237976,,
6033.1081133613925,0.0049525620415806,3.60062289237976,,
6034.1195963261025,0.0045926473103463,3.60062289237976,,
6035.133387774762,0.0049525620415806,3.60062289237976,,
6036.147353341792,0.003872818313539,3.60062289237976,,
6037.161367746902,0.004232732579112,3.60062289237976,,
6038.175335791232,0.005672391038388,3.60078477859497,,
6039.189291449093,0.0067521347664296,3.60078477859497,,
6040.203297006722,0.004232732579112,3.60062289237976,,
6041.2172767297125,0.0027930745854973,3.60046076774597,,
6042.231256098812,0.0063922200351953,3.60062289237976,,
6043.245242545892,0.0053124763071537,3.60078477859497,,
6044.2592527042125,0.005672391038388,3.60062289237976,,
6045.273215086152,0.004232732579112,3.60078477859497,,
6046.287196224743,0.0045926473103463,3.60046076774597,,
6047.301177009443,0.003872818313539,3.60062289237976,,
6048.315161687023,0.004232732579112,3.60062289237976,,
6049.329152380892,0.003872818313539,3.60062289237976,,
6050.343088220392,0.0049525620415806,3.60062289237976,,
6051.357106518392,0.0063922200351953,3.60062289237976,,
6052.371085887492,0.003152989083901,3.60078477859497,,
6053.385075165762,0.0027930745854973,3.60078477859497,,
6054.399253426162,0.0045926473103463,3.60062289237976,,
6055.413046644322,0.0060323057696223,3.60062289237976,,
6056.4270327375025,0.0049525620415806,3.60062289237976,,
6057.441006444223,0.004232732579112,3.60046076774597,,
6058.454997845883,0.0053124763071537,3.60062289237976,,
6059.468982877373,0.0053124763071537,3.60062289237976,,
6060.482945967103,0.004232732579112,3.60062289237976,,
6061.496898085972,0.004232732579112,3.60062289237976,,
6062.510949296592,0.0067521347664296,3.60046076774597,,
6063.524904600542,0.004232732579112,3.60062289237976,,
6064.538901310702,0.003152989083901,3.60062289237976,,
6065.552880679792,0.0027930745854973,3.60062289237976,,
6066.566883406233,0.0060323057696223,3.60078477859497,,
6067.580840125793,0.0060323057696223,3.60078477859497,,
6068.594824449472,0.0049525620415806,3.60078477859497,,
6069.608817266732,0.0045926473103463,3.60062289237976,,
6070.622792389042,0.0049525620415806,3.60046076774597,,
6071.636772112042,0.0045926473103463,3.60078477859497,,
6072.650732724483,0.0045926473103463,3.60046076774597,,
6073.664699707112,0.0045926473103463,3.60062289237976,,
6074.678748794332,0.0045926473103463,3.60062289237976,,
6075.692698082003,0.004232732579112,3.60078477859497,,
6076.707033119722,0.004232732579112,3.60062289237976,,
6077.720683716532,0.004232732579112,3.60046076774597,,
6078.734652114762,0.0053124763071537,3.60062289237976,,
6079.748658380192,0.0053124763071537,3.60078477859497,,
6080.762615099742,0.003872818313539,3.60062289237976,,
6081.7765926993425,0.0024331600870937,3.60078477859497,,
6082.790582685412,0.0053124763071537,3.60062289237976,,
6083.804550729742,0.0060323057696223,3.60078477859497,,
6084.818542839203,0.0045926473103463,3.60062289237976,,
6085.832539903252,0.004232732579112,3.60062289237976,,
6086.846489544832,0.0053124763071537,3.60078477859497,,
6087.860525183883,0.0045926473103463,3.60062289237976,,
6088.874461377292,0.004232732579112,3.60078477859497,,
6089.888492769553,0.004232732579112,3.60062289237976,,
6090.902426131773,0.003152989083901,3.60078477859497,,
6091.916429919902,0.0049525620415806,3.60062289237976,,
6092.930431584642,0.003872818313539,3.60078477859497,,
6093.944406706953,0.004232732579112,3.60062289237976,,
6094.958335468472,0.0053124763071537,3.60078477859497,,
6095.972379247212,0.0049525620415806,3.60062289237976,,
6096.986339505752,0.003872818313539,3.60078477859497,,
6098.000331615222,0.0045926473103463,3.60078477859497,,
6099.014304968032,0.003872818313539,3.60078477859497,,
6100.028309463973,0.005672391038388,3.60078477859497,,
6101.042259459442,0.004232732579112,3.60062289237976,,
6102.056251922802,0.0049525620415806,3.60062289237976,,
6103.0702302302025,0.004232732579112,3.60078477859497,,
6104.084244635313,0.003872818313539,3.60078477859497,,
6105.098231082392,0.004232732579112,3.60062289237976,,
6106.112385277653,0.004232732579112,3.60062289237976,,
6107.126170002232,0.0053124763071537,3.60078477859497,,
6108.140181930053,0.0053124763071537,3.60062289237976,,
6109.154135818412,0.0049525620415806,3.60078477859497,,
6110.168141729942,0.0053124763071537,3.60078477859497,,
6111.182095264402,0.0049525620415806,3.60094666481018,,
6112.196099406442,0.0049525620415806,3.60078477859497,,
6113.2302202360925,0.0053124763071537,3.60078477859497,,
6114.239689868712,0.0035129035823047,3.60078477859497,,
6115.253624292623,0.003872818313539,3.60078477859497,,
6116.267637636032,0.0035129035823047,3.60062289237976,,
6117.281553303293,0.0053124763071537,3.60078477859497,,
6118.295588588452,0.0045926473103463,3.60078477859497,,
6119.309538583922,0.005672391038388,3.60078477859497,,
6120.323540956462,0.0053124763071537,3.60062289237976,,
6121.337560670052,0.004232732579112,3.60078477859497,,
6122.351537561863,0.0027930745854973,3.60078477859497,,
6123.3655484279825,0.0049525620415806,3.60078477859497,,
6124.379479312893,0.0060323057696223,3.60078477859497,,
6125.393486286122,0.0045926473103463,3.60078477859497,,
6126.407473794902,0.0035129035823047,3.60078477859497,,
6127.421454933492,0.004232732579112,3.60062289237976,,
6128.435456244332,0.004232732579112,3.60078477859497,,
6129.449414733383,0.0053124763071537,3.60094666481018,,
6130.463405073352,0.0035129035823047,3.60078477859497,,
6130.978381022373,0.0053124763071537,3.60062289237976,,
6131.994747475712,0.0,3.60062289237976,,
6133.008702071872,0.0,3.60062289237976,,
6134.022684979962,0.0,3.60062289237976,,
6135.036694784382,0.0,3.60078477859497,,
6136.050660705312,0.0,3.60046076774597,,
6137.064677587712,0.0,3.60046076774597,,
6138.078638907962,0.0,3.60029888153076,,
6139.092615445862,0.0,3.60046076774597,,
6140.106616756702,0.0,3.60046076774597,,
6140.995746886822,0.0,3.60029888153076,,
