Time,X-averaged positive electrode hysteresis state,Minimum negative surface potential [V],Minimum negative particle surface stoichiometry,Maximum negative particle surface stoichiometry
0.0,1.0,0.09202631267473041,0.7488503320557134,0.7488503320557134
0.0909972935914993,1.0,0.09202631267480431,0.7488503320557062,0.748850332055707
0.192002579569817,1.0,0.09202631267482504,0.7488503320556962,0.7488503320556986
0.292997807264328,1.0,0.09202631267481706,0.7488503320556877,0.7488503320556908
0.387002527713776,1.0,0.09202631267481545,0.7488503320556793,0.7488503320556839
0.489999353885651,1.0,0.09202631267481741,0.7488503320556702,0.7488503320556757
0.590994581580162,1.0,0.09202631267481934,0.7488503320556614,0.7488503320556681
0.697994604706764,1.0,0.09202631267481845,0.7488503320556535,0.7488503320556611
0.797994062304497,1.0,0.09202631267481348,0.7488503320556484,0.7488503320556571
0.898999348282814,1.0,0.09202631267480846,0.7488503320556433,0.7488503320556527
0.991998240351677,1.0,0.09202631267480384,0.7488503320556386,0.7488503320556485
1.09299346804619,1.0,0.09202631267479881,0.7488503320556333,0.7488503320556443
1.19399875402451,1.0,0.09202631267479379,0.7488503320556281,0.7488503320556398
1.30000300705433,1.0,0.09202631267478853,0.7488503320556225,0.7488503320556352
1.38799287378788,1.0,0.09202631267478995,0.7488503320556176,0.748850332055631
1.48999392986298,1.0,0.09202631267479254,0.7488503320556119,0.7488503320556262
1.59500241279602,1.0,0.0920263126747952,0.7488503320556059,0.7488503320556209
1.6979992389679,1.0,0.09202631267479781,0.7488503320555998,0.7488503320556162
1.79799869656563,1.0,0.09202631267480035,0.7488503320555943,0.7488503320556115
1.90400294959545,1.0,0.09202631267480305,0.748850332055588,0.7488503320556065
1.991992816329,1.0,0.09202631267480528,0.7488503320555829,0.7488503320556021
2.0939938724041,1.0,0.09202631267480786,0.7488503320555772,0.7488503320555973
2.19099596142769,1.0,0.09202631267481032,0.7488503320555714,0.7488503320555926
2.28899382054806,1.0,0.09202631267481282,0.7488503320555657,0.7488503320555879
2.38999910652637,1.0,0.09202631267481227,0.7488503320555598,0.7488503320555829
2.49999649822712,1.0,0.09202631267481078,0.7488503320555533,0.7488503320555774
2.59600281715393,1.0,0.09202631267480946,0.7488503320555476,0.7488503320555728
2.69799381494522,1.0,0.09202631267480806,0.7488503320555415,0.7488503320555676
2.7899969369173,1.0,0.09202631267480679,0.7488503320555361,0.7488503320555633
2.8919979929924,1.0,0.0920263126748054,0.74885033205553,0.7488503320555583
2.99299322068691,1.0,0.09202631267480402,0.7488503320555238,0.7488503320555533
3.09800170361996,1.0,0.09202631267480259,0.7488503320555174,0.7488503320555483
3.18699739873409,1.0,0.09202631267480137,0.7488503320555122,0.7488503320555437
3.28899845480919,1.0,0.09202631267479996,0.7488503320555062,0.7488503320555387
3.39399687945843,1.0,0.0920263126747986,0.7488503320555016,0.7488503320555351
3.49599793553352,1.0,0.09202631267479729,0.7488503320554973,0.7488503320555319
3.59699316322803,1.0,0.09202631267479598,0.7488503320554933,0.7488503320555285
3.70200164616108,1.0,0.09202631267479464,0.748850332055489,0.748850332055525
3.79199311137199,1.0,0.09202631267479347,0.748850332055485,0.7488503320555221
3.89299839735031,1.0,0.09202631267479217,0.7488503320554808,0.7488503320555188
3.98799888789654,1.0,0.09202631267479094,0.7488503320554769,0.7488503320555158
4.08700257539749,1.0,0.09202631267478967,0.748850332055473,0.7488503320555124
4.18700203299522,1.0,0.09202631267478838,0.7488503320554686,0.7488503320555094
4.29699942469597,1.0,0.09202631267478696,0.7488503320554643,0.7488503320555057
4.39600311219692,1.0,0.09202631267478764,0.74885033205546,0.7488503320555024
4.49600256979465,1.0,0.09202631267478864,0.7488503320554561,0.7488503320554993
4.60899733006954,1.0,0.09202631267478976,0.7488503320554514,0.7488503320554957
4.68999668955803,1.0,0.09202631267479057,0.748850332055448,0.7488503320554933
4.79199774563313,1.0,0.0920263126747916,0.7488503320554438,0.7488503320554901
4.89899776875973,1.0,0.09202631267479267,0.7488503320554395,0.7488503320554867
4.99800145626068,1.0,0.09202631267479365,0.7488503320554355,0.7488503320554836
5.08699715137482,1.0,0.09202631267479454,0.7488503320554319,0.7488503320554807
5.18800243735313,1.0,0.09202631267479555,0.7488503320554276,0.7488503320554776
5.29300086200237,1.0,0.0920263126747966,0.7488503320554233,0.748850332055474
5.39599768817425,1.0,0.09202631267479816,0.7488503320554178,0.7488503320554699
5.49599714577198,1.0,0.09202631267479978,0.7488503320554127,0.7488503320554657
5.59000186622143,1.0,0.09202631267480131,0.7488503320554076,0.7488503320554615
5.69000132381916,1.0,0.09202631267480292,0.7488503320554022,0.7488503320554574
5.79099655151367,1.0,0.09202631267480456,0.7488503320553968,0.7488503320554529
5.89799657464027,1.0,0.0920263126748063,0.7488503320553912,0.7488503320554483
5.98700232803822,1.0,0.09202631267480774,0.7488503320553864,0.7488503320554447
6.08700178563595,1.0,0.09202631267480936,0.7488503320553809,0.7488503320554405
6.19299598038197,1.0,0.09202631267481108,0.7488503320553752,0.7488503320554359
6.29400126636028,1.0,0.09202631267481272,0.7488503320553699,0.7488503320554315
6.39600232243538,1.0,0.09202631267481123,0.7488503320553652,0.7488503320554281
6.48799538612366,1.0,0.09202631267480933,0.7488503320553614,0.7488503320554248
6.58999644219875,1.0,0.09202631267480724,0.7488503320553568,0.7488503320554216
6.69100172817707,1.0,0.09202631267480514,0.7488503320553526,0.7488503320554183
6.79699592292309,1.0,0.09202631267480296,0.7488503320553479,0.7488503320554147
6.89800120890141,1.0,0.09202631267480088,0.7488503320553438,0.7488503320554116
6.99899643659592,1.0,0.0920263126747988,0.7488503320553394,0.7488503320554082
7.10399486124516,1.0,0.09202631267479663,0.7488503320553349,0.7488503320554046
7.19199478626251,1.0,0.09202631267479482,0.7488503320553309,0.7488503320554019
7.29300007224083,1.0,0.09202631267479273,0.7488503320553264,0.7488503320553985
7.39799849689007,1.0,0.09202631267479543,0.7488503320553211,0.7488503320553943
7.48899579048157,1.0,0.09202631267479862,0.7488503320553163,0.7488503320553903
7.59000107645988,1.0,0.09202631267480214,0.7488503320553107,0.7488503320553859
7.70499743521214,1.0,0.09202631267480617,0.7488503320553046,0.7488503320553812
7.797996327281,1.0,0.09202631267480943,0.7488503320552995,0.7488503320553771
7.88599625229836,1.0,0.09202631267481251,0.7488503320552947,0.7488503320553733
7.9959936439991,1.0,0.09202631267481635,0.7488503320552887,0.7488503320553688
8.09499733150005,1.0,0.09202631267481982,0.7488503320552835,0.7488503320553644
8.19499678909779,1.0,0.09202631267482332,0.748850332055278,0.7488503320553602
8.28699991106987,1.0,0.09202631267482654,0.7488503320552731,0.7488503320553563
8.38900096714497,1.0,0.09202631267481776,0.7488503320552672,0.7488503320553521
8.50699469447136,-1.0,0.09583550115361114,0.7486136466079347,0.7486427643749665
8.60300101339817,-1.0,0.09583120433801294,0.7482319083816027,0.7483084869738471
8.70699360966682,-1.0,0.09583018941484463,0.7478235361777922,0.7479516343414959
8.80000256001949,-1.0,0.09582885151336365,0.7474625590124038,0.7476368987113834
8.8959988206625,-1.0,0.0958271154968033,0.7470941229709963,0.7473163745135969
9.00000147521496,-1.0,0.09582489341793218,0.7466996029160742,0.7469739945628895
9.10399407148361,-1.0,0.09582238683689555,0.746309841669203,0.7466366278283117
9.20000039041042,-1.0,0.09581987644948503,0.7459541096050525,0.7463295072729723
9.30499881505966,-1.0,0.09581696805104792,0.7455694645315291,0.7459982967600236
9.39700193703175,-1.0,0.09581431621821278,0.7452361303607663,0.7457120169169088
9.50499773025513,-1.0,0.0958111193987351,0.7448491717521646,0.745380568886506
9.59700085222721,-1.0,0.09580835004467525,0.7445231189193982,0.7451020386209217
9.70099344849586,-1.0,0.09580519388547871,0.7441584803321667,0.7447913669285003
9.79599393904209,-1.0,0.09580230371724224,0.7438289184118675,0.7445113312863447
9.90100242197514,-1.0,0.09579911657042689,0.7434684956523225,0.744205893028915
10.0060008466244,-1.0,0.09579595073161278,0.7431120716609667,0.7439046897377753
10.1010013371706,-1.0,0.09579311269947031,0.742792930606716,0.7436357085917438
10.2069955319166,-1.0,0.09578998338833357,0.7424405292417109,0.7433394807020027
10.2980028837919,-1.0,0.09578733273784738,0.7421409834554227,0.7430883315623887
10.419999808073,-1.0,0.09578383756107087,0.7417437323411856,0.742756180761102
10.4980017989874,-1.0,0.09578164016275516,0.7414922674655191,0.7425464648832444
10.601994395256,-1.0,0.09577875850503494,0.7411600183496426,0.742270016684821
10.7050012797117,-1.0,0.09577595967090968,0.740834240097036,0.7419996573261408
10.8019933104515,-1.0,0.0957733756771593,0.7405304463565864,0.7417481686420125
10.9079975634813,-1.0,0.0957706092034255,0.7402016442726496,0.7414766547717575
11.0000006854534,-1.0,0.09576825630089082,0.7399189440819285,0.7412437700717543
11.1079964786768,-1.0,0.09576555121190147,0.7395902099291154,0.7409736101439579
11.1989937722683,-1.0,0.09576332037519433,0.7393157741214293,0.7407486037018215
11.3029964268208,-1.0,0.0957608232266799,0.7390049233964257,0.7404943195421315
11.3939937204123,-1.0,0.09575868371746805,0.7387353558626145,0.7402743003544596
11.5040011703968,-1.0,0.09575615405847322,0.7384124201099689,0.7400113227898699
11.608999595046,-1.0,0.09575379577062837,0.7381071402445856,0.739763320215426
11.6969995200634,-1.0,0.09575186090249917,0.7378534613394954,0.7395576753451475
11.7969989776611,-1.0,0.09574970791551247,0.7375675580047513,0.7393263809596334
11.9010016322136,-1.0,0.09574751903042784,0.7372728327730508,0.7390884707198387
12.0049942284822,-1.0,0.09574538059929642,0.7369807597911955,0.7388532189169651
12.1010005474091,-1.0,0.09574345010993054,0.7367134025221126,0.7386383222422714
12.2059989720583,-1.0,0.0957413856832464,0.7364234700904716,0.7384057597888581
12.3109973967075,-1.0,0.09573936909215348,0.7361360661476718,0.7381757137908487
12.4059978872538,-1.0,0.09573758476721833,0.735878167429604,0.7379696946952389
12.4969951808453,-1.0,0.09573591059855724,0.7356330082823025,0.7377742090564479
12.6109957695007,-1.0,0.09573386032864505,0.7353284137814946,0.7375318105263698
12.6979999244213,-1.0,0.09573233001493457,0.7350978169974401,0.7373486503913405
12.8029983490705,-1.0,0.09573052189281828,0.7348216411584768,0.7371296810783722
12.916998937726,-1.0,0.09572860540206854,0.7345243571855871,0.7368944509402827
13.002997264266,-1.0,0.09572719096634649,0.734301835039406,0.7367186963632809
13.1079956889153,-1.0,0.09572549961987797,0.7340321418172013,0.7365060474655909
13.1989929825068,-1.0,0.09572406472738317,0.7338001539180068,0.7363234438379292
13.3069988340139,-1.0,0.09572239799113652,0.7335268682273451,0.7361087039980471
13.399001955986,-1.0,0.09572100863122783,0.7332958115622991,0.7359274560885871
13.5040003806353,-1.0,0.0957194563039798,0.7330340375408679,0.7357224516599283
13.5990008711815,-1.0,0.09571808168083817,0.7327989232296941,0.7355386294743459
13.7049950659275,-1.0,0.0957165807738883,0.7325385113149122,0.7353353610059801
13.7960024178028,-1.0,0.09571531911434976,0.7323165011937927,0.7351623407803051
13.904993981123,-1.0,0.09571384033376508,0.7320525087943732,0.7349569259939357
13.9969971030951,-1.0,0.09571261858736886,0.7318312423017771,0.7347850248792408
14.1019955277443,-1.0,0.09571125290622753,0.7315804579369732,0.7345904843225263
14.1969960182905,-1.0,0.09571004319122396,0.7313551216373195,0.7344159471127804
14.3019944429398,-1.0,0.0957087341128133,0.7311077755535472,0.7342246449899105
14.406992867589,-1.0,0.09570745364697912,0.7308621900686765,0.7340349944582755
14.5029991865158,-1.0,0.09570630727330794,0.730639152208607,0.7338630036371445
14.607997611165,-1.0,0.09570507975546304,0.7303968546019203,0.7336764252084669
14.7000007331371,-1.0,0.09570402608941456,0.7301859237437727,0.7335142219208813
14.8090023547411,-1.0,0.09570280361332041,0.7299376606038561,0.7333235717536514
14.8999996483326,-1.0,0.09570180404800073,0.7297317450716684,0.7331656537577451
15.0049980729818,-1.0,0.09570067384463919,0.7294956386305206,0.7329848158910672
15.0999985635281,-1.0,0.09569967225820528,0.7292833712788022,0.7328224480204232
15.2060028165579,-1.0,0.09569857763346618,0.729048015032641,0.7326426499593733
15.2970001101494,-1.0,0.09569765687388966,0.7288472191964187,0.7324894438541137
15.4019985347986,-1.0,0.0956966156593379,0.7286169311674134,0.7323139481306461
15.4979947954416,-1.0,0.09569568318569964,0.728407682998221,0.7321546811647409
15.6029932200909,-1.0,0.09569468412163847,0.7281802079353584,0.7319817491373279
15.7109990715981,-1.0,0.09569367870619797,0.7279477152971027,0.7318052240988123
15.8030021935701,-1.0,0.09569283969351454,0.7277508498753495,0.7316559227134376
15.9080006182194,-1.0,0.09569190138113147,0.7275274837216861,0.731486713088244
16.0159964114428,-1.0,0.09569095723414334,0.7272991719049953,0.7313139628318709
16.0960000008345,-1.0,0.09569027124192163,0.7271309599752048,0.7311868183230493
16.2009984254837,-1.0,0.09568938785514129,0.7269113693200261,0.7310210050978364
16.2980005145073,-1.0,0.09568858857292067,0.7267096701224698,0.7308688657368112
16.4009973406792,-1.0,0.09568775724631394,0.7264967159395901,0.7307084052028915
16.5059957653284,-1.0,0.0956869278104389,0.7262808874523616,0.7305459531156852
16.6090026497841,-1.0,0.09568613147302024,0.7260703745415343,0.7303876688188787
16.7059946805239,-1.0,0.09568539701847639,0.7258732446932615,0.7302395949030895
16.797997802496,-1.0,0.09568471389630782,0.7256872185513229,0.7300999908513219
16.9079951941967,-1.0,0.09568391416222977,0.7254660235944094,0.7299341556261059
16.999002546072,-1.0,0.09568326622798635,0.7252840024287744,0.7297978198349907
17.1040009707212,-1.0,0.09568253383323395,0.7250750923232783,0.7296414865978981
17.1949982643127,-1.0,0.09568191202107756,0.7248949754573955,0.7295068211478964
17.3039998859167,-1.0,0.09568118269196424,0.7246803496094928,0.7293464993241104
17.4089983105659,-1.0,0.09568049582046181,0.7244747528116924,0.7291930673864954
17.5029929727316,-1.0,0.09567989373256339,0.7242916437398876,0.7290565356422445
17.596997693181,-1.0,0.09567930345655738,0.7241093928374358,0.7289207528917998
17.7019961178303,-1.0,0.0956786579608247,0.7239068523125728,0.7287699798340986
17.8129993379116,-1.0,0.09567799118073173,0.7236938881064867,0.7286115886621742
17.9039966315031,-1.0,0.09567745632110244,0.7235201829705176,0.7284825020504112
18.0079992860556,-1.0,0.09567685776284507,0.7233226064245803,0.7283357897121092
18.0969949811697,-1.0,0.09567635620040141,0.7231543374959328,0.7282109344649682
18.1959986686707,-1.0,0.09567580957299571,0.7229680003221393,0.7280727726434717
18.3009970933199,-1.0,0.09567524273705813,0.7227713513026199,0.7279270775261679
18.4039939194918,-1.0,0.09567469939356264,0.7225794094277592,0.7277849797445842
18.5249950736761,-1.0,0.09187209167702055,0.7225987911562519,0.7278320742120135
18.6260003596544,-1.0,0.09187120163190637,0.7228143549140399,0.7280453669309987
18.7189992517233,-1.0,0.09187095111474364,0.7230092662524695,0.7282380469989947
18.8199944794178,-1.0,0.09187115638609196,0.7232171384549347,0.728443295697654
18.9219955354929,-1.0,0.09187178480377782,0.7234231639281334,0.7286464285493163
19.0279997885227,-1.0,0.09187281392467334,0.7236332070522941,0.7288531808309199
19.1279992461205,-1.0,0.09187407341105014,0.723827644918592,0.7290442294215244
19.2159991711378,-1.0,0.09187536869019713,0.723995844186754,0.7292092071764918
19.3189959973097,-1.0,0.0918770596484444,0.7241893321662023,0.7293986321632938
19.4250002503395,-1.0,0.09187895112821526,0.7243847585743561,0.7295895427682606
19.5249997079372,-1.0,0.091880839655931,0.7245657491173633,0.7297659612048871
19.6299981325865,-1.0,0.09188290060276896,0.7247523577938018,0.7299474447319154
19.7189938277006,-1.0,0.09188469079925243,0.7249078388221782,0.7300983245031369
19.8199991136789,-1.0,0.09188675323622518,0.7250813842135694,0.7302663668295624
19.922000169754,-1.0,0.0918888538619886,0.7252535649812203,0.7304326939860976
20.0269985944033,-1.0,0.09189102173199158,0.7254276546419933,0.7306004557506003
20.126998052001,-1.0,0.09189308169361889,0.7255905548112839,0.7307570532694094
20.2190011739731,-1.0,0.09189496578245025,0.7257379861373058,0.7308984559980054
20.3239995986223,-1.0,0.09189709658389571,0.725903446604567,0.7310567767654997
20.4249948263168,-1.0,0.09189912280494458,0.7260598510255751,0.7312060630649196
20.5280017107725,-1.0,0.09190116175096555,0.7262166603890121,0.731355369954418
20.6300027668476,-1.0,0.09190315016198386,0.7263693035756128,0.7315003533504315
20.7189984619617,-1.0,0.09190485803613466,0.7265003897607207,0.7316245770870532
20.8230011165142,-1.0,0.09190682100673969,0.726651161328411,0.7317671273195036
20.9209989756346,-1.0,0.09190863660743269,0.7267908936076157,0.7318989232681247
21.0269931703806,-1.0,0.09191056265395674,0.7269395360495217,0.7320387853634971
21.1180005222559,-1.0,0.09191218494378851,0.7270651403323531,0.7321566962094057
21.2189957499504,-1.0,0.09191395114767235,0.727202391076562,0.7322852508180084
21.3209968060255,-1.0,0.09191569863895255,0.7273387743121498,0.732412691297213
21.4270010590553,-1.0,0.09191747634652944,0.7274781840494002,0.732542646686188
21.5270005166531,-1.0,0.09191911778930924,0.7276075718040491,0.7326629744636491
21.6159962117672,-1.0,0.09192054978869302,0.7277210238780432,0.7327682548530181
21.7209946364164,-1.0,0.09192220496914934,0.7278528631741348,0.7328903293596911
21.8229956924915,-1.0,0.09192377763266542,0.7279788962020662,0.7330067558888121
21.9249967485666,-1.0,0.09192531634949633,0.7281029602904254,0.7331211025823338
22.0299951732159,-1.0,0.09192686551198953,0.728228658467793,0.7332366897831816
22.1179950982332,-1.0,0.09192813727973667,0.7283324677669395,0.7333319461958487
22.2190003842115,-1.0,0.0919295678241417,0.7284499244175994,0.7334395034054572
22.3210014402866,-1.0,0.09193098156830012,0.7285667384971922,0.7335462371512937
22.4259998649359,-1.0,0.09193240516316353,0.728685135837044,0.7336541771409074
22.5269950926304,-1.0,0.09193374487565913,0.7287972866789326,0.7337561980609948
22.6319935172796,-1.0,0.09193510757813182,0.7289121204418745,0.7338604323596877
22.719993442297,-1.0,0.09193622654040202,0.7290070075988028,0.7339463869656319
22.8339940309525,-1.0,0.09193764597104674,0.72912813113867,0.7340558782423184
22.9239955544472,-1.0,0.09193874299579727,0.7292223499632605,0.7341408695260034
23.016994446516,-1.0,0.09193985526012138,0.7293184294659171,0.7342273771303757
23.1169939041138,-1.0,0.09194102771667996,0.729420320711848,0.7343189378211042
23.2189949601889,-1.0,0.09194219905575854,0.7295227654448144,0.734410809021148
23.3239933848381,-1.0,0.09194337959192327,0.7296266851089863,0.7345038105729734
23.4259944409132,-1.0,0.0919445026120566,0.7297261769257581,0.734592667013525
23.5279954969883,-1.0,0.09194560280522285,0.7298242577984101,0.7346800877138517
23.6199986189604,-1.0,0.09194657611165431,0.7299115390184592,0.7347577355979732
23.7199980765581,-1.0,0.09194761408662797,0.7300051561458436,0.7348408661013696
23.82299490273,-1.0,0.0919486620575405,0.7301002433983999,0.7349251377966664
23.9269975572824,-1.0,0.09194969914423069,0.7301949109420469,0.7350088722813585
24.0280028432608,-1.0,0.0919506866052719,0.7302855791398224,0.7350889140214814
24.1179943084717,-1.0,0.09195155033029152,0.7303653276859713,0.7351591906776376
24.2230027914047,-1.0,0.09195253962976921,0.7304571756057968,0.7352399832914932
24.3230022490025,-1.0,0.09195346364468404,0.7305434552944279,0.7353157345878008
24.4210001081228,-1.0,0.09195435249529388,0.7306269061474265,0.7353888695473129
24.5180021971464,-1.0,0.09195521647790064,0.7307084560095726,0.7354602124254679
24.6189974248409,-1.0,0.09195609971104168,0.7307922708901321,0.7355334066184788
24.7159995138645,-1.0,0.09195693274797308,0.7308717421832384,0.7356026850466215
24.8270027339458,-1.0,0.0919578681377695,0.7309614702655534,0.7356807607096214
24.9279979616404,-1.0,0.09195870304738767,0.731042004816432,0.7357507062771759
25.0250000506639,-1.0,0.09195949086887721,0.7311183851411609,0.7358169298201694
25.1220021396875,-1.0,0.0919602652174074,0.731193831849802,0.7358822342624357
25.2220015972853,-1.0,0.09196104973018347,0.7312706502293617,0.7359486135951638
25.3199994564056,-1.0,0.09196180530790926,0.7313450028448132,0.7360127537802628
25.4299968481064,-1.0,0.09196263826375514,0.7314273869145318,0.7360836976888451
25.5179967731237,-1.0,0.09196329339137374,0.7314924933067928,0.7361396701086509
25.6170004606247,-1.0,0.09196401878004085,0.7315649035851166,0.7362018248838057
25.7249962538481,-1.0,0.09196479633369353,0.7316428978197921,0.7362686583035944
25.8260015398264,-1.0,0.09196551091733526,0.7317149235560169,0.7363302715452896
25.929994136095,-1.0,0.09196623417768929,0.7317881680551174,0.7363928228884464
26.0169982910156,-1.0,0.09196682981770908,0.7318487491749998,0.7364444797779159
26.1219967156649,-1.0,0.0919675374373367,0.7319210279601728,0.7365060163173537
26.2179929763079,-1.0,0.09196817390566084,0.7319863274648976,0.7365615219007726
26.3259988278151,-1.0,0.09196887833278651,0.7320589188619181,0.7366231260948675
26.4169961214066,-1.0,0.09196946246031522,0.7321193702775202,0.7366743475622033
26.5279993414879,-1.0,0.09197016369268159,0.732192250816269,0.73673600318823
26.62000246346,-1.0,0.0919707356869536,0.7322519515576491,0.7367864294864995
26.7250008881092,-1.0,0.0919713785171837,0.7323193180958432,0.736843244495619
26.8359940499067,-1.0,0.09197204678040465,0.7323896579149253,0.7369024692100994
26.9279971718788,-1.0,0.09197259213572646,0.7324472952047727,0.7369509238751809
27.0200002938509,-1.0,0.09197312989206977,0.7325043372996115,0.7369988116541368
27.1209955215454,-1.0,0.09197371165186341,0.7325662804505262,0.7370507388239147
27.2240024060011,-1.0,0.09197429599881707,0.7326287431050197,0.7371030221410984
27.3279950022697,-1.0,0.09197487691699735,0.7326910845340857,0.7371551242753328
27.4299960583448,-1.0,0.09197543810886119,0.7327515426511302,0.7372055761785166
27.5179959833622,-1.0,0.09197591557471228,0.7328031625599651,0.73724859312018
27.6229944080114,-1.0,0.09197647733515062,0.7328641107542025,0.737299312973939
27.7260012924671,-1.0,0.09197702023535664,0.7329232346018897,0.7373484413629374
27.828998118639,-1.0,0.09197755514509506,0.7329817024993504,0.7373969536523763
27.9199954122305,-1.0,0.09197802127801669,0.7330328268154402,0.7374393148619444
28.0210006982088,-1.0,0.09197853170124105,0.7330889978950962,0.7374857946174821
28.1230017542839,-1.0,0.09197903984877585,0.7331451171270104,0.7375321649099207
28.2280001789331,-1.0,0.09197955545107209,0.7332022614986573,0.7375793143021693
28.3279996365309,-1.0,0.09198003960473726,0.7332561065443586,0.737623678529495
28.4180011600256,-1.0,0.09198046971490144,0.7333040931562514,0.737663164277273
28.5229995846748,-1.0,0.0919809648823673,0.7333595160596583,0.7377087083325911
28.6229990422726,-1.0,0.09198142999083136,0.7334117487999219,0.7377515712191157
28.7259958684444,-1.0,0.09198190256839822,0.7334649939739939,0.7377952052214946
28.8179989904165,-1.0,0.09198231926406057,0.7335120886636214,0.737833748613112
28.918994218111,-1.0,0.09198277088407203,0.7335632861225958,0.7378755957773224
29.0199995040894,-1.0,0.09198321660058237,0.7336139733974318,0.7379169704071812
29.126999527216,-1.0,0.09198368242337251,0.7336671161912351,0.7379602900254798
29.2279947549105,-1.0,0.0919841162405606,0.7337167633030665,0.7380007050590207
29.3199978768826,-1.0,0.09198450657868325,0.7337615629636323,0.738037128284654
29.4190015643835,-1.0,0.0919849215527009,0.7338093234807956,0.7380759108489027
29.5229941606522,-1.0,0.09198535189956213,0.7338589982735627,0.7381161952880283
29.6269968152046,-1.0,0.09198577673523137,0.7339081812817256,0.7381560280151624
29.7299936413765,-1.0,0.09198619210403977,0.7339564069954558,0.7381950342201926
29.8189993947744,-1.0,0.09198654674517245,0.7339977004333632,0.7382283924302921
29.9230020493269,-1.0,0.09198695625627198,0.7340455112261143,0.7382669686805694
30.021995678544,-1.0,0.09198734124527584,0.7340905850072882,0.7383032903633133
30.1250025629997,-1.0,0.09198773696952556,0.7341370432954285,0.7383406806710552
30.2180014550686,-1.0,0.09198809005720286,0.7341786055762045,0.7383740900312051
30.3289946168661,-1.0,0.09198850636177841,0.7342277422561136,0.7384135384513751
30.4209977388382,-1.0,0.09198884731050118,0.7342680921543481,0.7384458923648833
30.527001991868,-1.0,0.0919892355947499,0.7343141621632188,0.7384827884371257
30.6249998509884,-1.0,0.09198959028617122,0.734356357805143,0.7385165399150259
30.7179987430573,-1.0,0.09198992312026576,0.7343960546153881,0.7385482557540207
30.8220013976097,-1.0,0.09199029110441,0.7344400552632153,0.7385833685991188
30.9329945594072,-1.0,0.09199067898076758,0.7344865623289986,0.738620433971635
31.0259934514761,-1.0,0.09199100019206653,0.7345251763748388,0.7386511714684059
31.1170008033514,-1.0,0.09199131124091703,0.7345626561101122,0.7386809736277992
31.2179960310459,-1.0,0.09199165268388199,0.7346038980830258,0.738713730386968
31.319997087121,-1.0,0.09199199359470936,0.734645181192194,0.7387464809696114
31.4239997416735,-1.0,0.09199233719334293,0.7346868976031736,0.7387795357541361
31.5289981663227,-1.0,0.09199268006675726,0.7347286327010096,0.7388125652743431
31.6280018538237,-1.0,0.09199299974410974,0.7347676392730804,0.7388433989157662
31.7199949175119,-1.0,0.09199329367521164,0.7348035874962571,0.7388717838919262
31.8379987031221,-1.0,0.09199366640454176,0.7348492881722751,0.738907826275639
31.9239970296621,-1.0,0.09199393503993612,0.7348823061982296,0.7389338361826436
32.030001282692,-1.0,0.09199426274747105,0.7349226764704254,0.7389656033718327
32.125997543335,-1.0,0.09199455630918928,0.7349589262471337,0.7389940958200149
32.2200022637844,-1.0,0.09199484087655257,0.7349941431726467,0.7390217470920344
32.3209974914789,-1.0,0.09199514345611992,0.7350316734605946,0.7390511828657267
32.4150022119284,-1.0,0.09199542218879768,0.7350663249827945,0.739078331280347
32.5290028005838,-1.0,0.09199575651408834,0.7351079886618509,0.739110935894501
32.6290022581816,-1.0,0.09199604650962147,0.7351442164729673,0.739139253262184
32.7270001173019,-1.0,0.09199632778619182,0.7351794340307368,0.7391667511939772
32.8229963779449,-1.0,0.09199660056496088,0.7352136622060387,0.7391934484293616
32.92499743402,-1.0,0.0919968874692656,0.7352497423972432,0.7392215600602169
33.0380022525787,-1.0,0.091997201850439,0.7352893719324499,0.7392524014263406
33.1179957836866,-1.0,0.09199742222190611,0.7353172096968414,0.7392740435508147
33.219001069665,-1.0,0.09199769794795212,0.735352108165709,0.7393011487921842
33.3239994943142,-1.0,0.09199798158538235,0.7353880920518214,0.7393290663059743
33.4269963204861,-1.0,0.0919982569167895,0.7354231026204803,0.7393561987386276
33.5289973765612,-1.0,0.09199852680688968,0.7354574980537548,0.7393828256649191
33.6199946701527,-1.0,0.09199876528123656,0.7354879535262965,0.7394063786349936
33.7230015546083,-1.0,0.09199903264939469,0.7355221706794141,0.7394328139296131
33.8239967823029,-1.0,0.09199929217494306,0.7355554571818841,0.7394585029616849
33.9289952069521,-1.0,0.0919995592771274,0.7355897912091368,0.7394849721984068
34.01800096035,-1.0,0.09199978356313927,0.7356186813653478,0.7395072223274192
34.1189961880445,-1.0,0.09200003572436039,0.7356512279156706,0.7395322640755416
34.222998842597,-1.0,0.09200029281916712,0.7356844850327727,0.7395578256217809
34.3249998986721,-1.0,0.09200054247261127,0.7357168507527813,0.7395826759571652
34.4259951263666,-1.0,0.0920007872650892,0.73574865518989,0.7396070702269105
34.5179982483387,-1.0,0.09200100821189484,0.7357774207591493,0.7396291121770068
34.6209950745106,-1.0,0.09200125327105527,0.735809392126656,0.7396535866185371
34.7220003604889,-1.0,0.09200149127348405,0.7358405106884011,0.7396773839298841
34.8259929567575,-1.0,0.09200173394831264,0.7358723099250211,0.73970167696772
34.9289998412132,-1.0,0.09200197198674002,0.7359035710213855,0.7397255344100947
35.0179955363274,-1.0,0.09200217580077444,0.7359303924123262,0.7397459842103593
35.1190008223057,-1.0,0.09200240507989689,0.7359606248734051,0.7397690131561531
35.2210018783808,-1.0,0.092002634439986,0.7359909333911835,0.7397920770837977
35.32600030303,-1.0,0.09200286828281343,0.7360219023798785,0.7398156198285609
35.4280013591051,-1.0,0.09200309328661081,0.7360517664397804,0.7398382997937404
35.5160012841225,-1.0,0.09200328571376647,0.736077358357424,0.739857717475949
35.6219954788685,-1.0,0.09200351543462024,0.7361079732088025,0.7398809246014129
35.7230007648468,-1.0,0.09200373228098405,0.7361369359109744,0.7399028575785122
35.8250018209219,-1.0,0.09200394924998768,0.7361659775278407,0.7399248290435817
35.9169948846102,-1.0,0.09200414321249824,0.7361919935064444,0.7399444932886042
36.0180001705885,-1.0,0.09200435432072757,0.7362203678137847,0.7399659204324
36.1150022596121,-1.0,0.09200455525830577,0.73624743220263,0.7399863392970123
36.2249996513128,-1.0,0.09200478100442838,0.7362779052465687,0.7400093075041356
36.3259948790073,-1.0,0.09200498632517232,0.7363056835404803,0.7400302239738902
36.4279959350824,-1.0,0.092005191820169,0.736333545638071,0.7400511837371004
36.5209948271513,-1.0,0.09200537756088888,0.7363587817357179,0.740070150899383
36.6229958832264,-1.0,0.09200557952811554,0.7363862795177579,0.7400907993407316
36.7369964718819,-1.0,0.09200580311278014,0.7364167905235177,0.7401136877492426
36.8170000612736,-1.0,0.09200595868695713,0.7364380644443125,0.7401296326386096
36.9179952889681,-1.0,0.09200615352256956,0.736464759252891,0.7401496239992784
37.0229937136173,-1.0,0.09200635425267358,0.7364923235654272,0.7401702471838668
37.1239989995956,-1.0,0.09200654561825487,0.73651866029926,0.7401899335836553
37.2249942272902,-1.0,0.09200673528823342,0.7365448205920125,0.7402094703413712
37.3259995132685,-1.0,0.09200692332014236,0.7365708115764077,0.7402288631149718
37.4199941754341,-1.0,0.09200709682961672,0.7365948457928059,0.7402467802996686
37.5199936330318,-1.0,0.09200727988407247,0.7366202554587773,0.7402657065722699
37.6200031489134,-1.0,0.09200746138750128,0.7366455044984546,0.7402844966040781
37.7159994095564,-1.0,0.09200763414797775,0.7366695884704547,0.7403024041773694
37.8189962357283,-1.0,0.0920078179356535,0.7366952651479884,0.7403214794014505
37.9309952259064,-1.0,0.09200801595448913,0.7367229956939163,0.7403420611015542
38.0229983478785,-1.0,0.09200817720462456,0.7367456285009261,0.7403588443065412
38.1270010024309,-1.0,0.09200835797077299,0.7367710555992785,0.7403776836255557
38.2189940661192,-1.0,0.09200851653671803,0.7367934085440684,0.7403942312834655
38.3179977536201,-1.0,0.09200868580993193,0.7368173217397275,0.7404119194890207
38.4220004081726,-1.0,0.09200886210871544,0.736842284099545,0.7404303677508616
48.4400007873774,1.0,0.0906406224534532,0.7463623674021038,0.7479093094593255
58.4309946745634,1.0,0.09059413990081235,0.7520729085458758,0.7522338701446906
68.4349939227104,1.0,0.09057300308245049,0.7551423667310866,0.7566795180391924
71.8819979578257,1.0,0.09056857288223616,0.7560606539417716,0.7580152782508983
71.989993751049,1.0,0.09186626718435179,0.7560316542499084,0.7579910541786354
72.0909990370274,1.0,0.09186857973900077,0.7559525030841375,0.7579089746496399
72.1939958631992,1.0,0.09187098242922218,0.7558732812136459,0.7578267001737284
72.2989942878485,1.0,0.09187338028899997,0.7557940521308361,0.7577442737585351
72.3989937454462,1.0,0.09187561033013798,0.7557200106093581,0.7576670983300957
72.5009948015213,1.0,0.0918778337890177,0.7556458855311708,0.7575896808894413
72.5920021533966,1.0,0.09187977717124556,0.7555809213109969,0.7575216936742059
72.6949989795685,1.0,0.09188193338814393,0.7555087069280796,0.7574459577452396
72.7979958057404,1.0,0.09188404589453746,0.7554378549449855,0.757371475827786
72.8899989277124,1.0,0.0918858975276961,0.7553756944692169,0.7573059806059389
72.990994155407,1.0,0.09188789278736562,0.7553086598582256,0.7572351853817783
73.092995211482,1.0,0.09188986920589694,0.7552422068123089,0.7571648291991138
73.1969978660345,1.0,0.09189184505198414,0.7551757134045456,0.7570942492962175
73.2989989221096,1.0,0.09189374491861178,0.755111710835697,0.7570261366823139
73.4009999781847,1.0,0.09189560779735106,0.7550488798973211,0.7569590972241254
73.4889999032021,1.0,0.09189718565695602,0.75499559407253,0.7569021038922875
73.5930025577545,1.0,0.09189901593214592,0.7549336931352344,0.756835732795349
73.6930020153522,1.0,0.09190074099865567,0.7548752483618538,0.7567729028983393
73.7980004400015,1.0,0.09190251620610079,0.7548149877110348,0.7567079499322117
73.888997733593,1.0,0.09190402526412089,0.7547636578412955,0.7566524836502228
74.0009967237711,1.0,0.09190584574665452,0.7547015954274588,0.7565852453400793
74.0929998457432,1.0,0.0919073113237619,0.7546515122843725,0.7565308436356513
74.1989940404892,1.0,0.09190896700896901,0.7545947939374031,0.7564690791575689
74.295000359416,1.0,0.09191043698822729,0.754544306220403,0.7564139586550466
74.390996620059,1.0,0.09191187917329945,0.7544946467068291,0.7563596109104872
74.4949992746115,1.0,0.09191341110379264,0.7544417530540282,0.7563015783456697
74.5970003306866,1.0,0.09191488337342128,0.7543907730608411,0.7562455014857627
74.6979955583811,1.0,0.09191631235325694,0.7543411492418621,0.7561907789256462
74.7899986803532,1.0,0.09191758973080583,0.7542966662224423,0.7561416086336731
74.8909939080477,1.0,0.09191896580449868,0.7542486110365232,0.7560883642601912
74.9940007925034,1.0,0.09192034173579326,0.7542004159448205,0.7560348323964904
75.097993388772,1.0,0.09192170329151665,0.7541525774303168,0.755981563836747
75.1989986747503,1.0,0.09192299988643218,0.7541068815321162,0.755930556174736
75.3019955009222,1.0,0.09192429646633442,0.7540610464562048,0.7558792691728303
75.3949943929911,1.0,0.09192544553320423,0.7540203069052008,0.7558335784727024
75.4949938505888,1.0,0.091926658720139,0.7539771698921341,0.7557850897671263
75.5989965051413,1.0,0.0919278964799194,0.7539330256662751,0.7557353514504833
75.6899937987328,1.0,0.09192895989154125,0.7538949905540383,0.755692400194089
75.7909990847111,1.0,0.09193011937220713,0.7538534017779491,0.7556453330764876
75.8939959108829,1.0,0.09193127963667629,0.7538116603563232,0.7555979841216152
75.9989943355322,1.0,0.09193244009537675,0.7537697859961168,0.7555503734626876
76.0999996215105,1.0,0.09193353565867099,0.7537301358252466,0.7555051883519427
76.1900011450052,1.0,0.09193449513507018,0.7536953161180087,0.7554654243462772
76.2939937412739,1.0,0.09193558460564812,0.7536556705545114,0.7554200530898172
76.3949990272522,1.0,0.09193662358592641,0.7536177533907715,0.7553765633568718
76.4970000833273,1.0,0.09193765409523537,0.7535800392749715,0.7553332120496448
76.6010027378798,1.0,0.09193868594597492,0.7535421690884047,0.7552895856943287
76.6890026628971,1.0,0.09193954449702348,0.753510576874308,0.75525311766084
76.791999489069,1.0,0.0919405328451676,0.7534741150428846,0.7552109441827906
76.8969979137182,1.0,0.0919415225000834,0.7534375039103349,0.7551685064046124
76.9989989697933,1.0,0.09194246703162504,0.7534024668108885,0.7551278065840853
77.089000493288,1.0,0.09194328696420467,0.7533719756273365,0.755092317903038
77.1939989179373,1.0,0.0919442279222194,0.7533368960239796,0.7550514081295623
77.2949941456318,1.0,0.09194511752902879,0.7533036439512382,0.7550125493948154
77.3959994316101,1.0,0.09194599241209353,0.7532708592395427,0.7549741597647702
77.488998323679,1.0,0.09194678515049676,0.753241081212325,0.7549392240402699
77.5899935513735,1.0,0.09194763248151154,0.7532091768872098,0.7549017226945147
77.7049999684095,1.0,0.09194858057333699,0.7531733854886653,0.7548595642440887
77.7979988604784,1.0,0.09194933447860143,0.7531448542168407,0.7548258902216584
77.8999999165535,1.0,0.09195014854903938,0.7531139752869942,0.7547893776456415
77.9920030385256,1.0,0.09195087158336578,0.7530864876285561,0.7547568154343797
78.0949998646975,1.0,0.09195166865012026,0.7530561176428894,0.7547207730425908
78.1949993222952,1.0,0.09195243030304269,0.753027030115685,0.7546861875447447
78.2970003783703,1.0,0.09195319508303791,0.7529977569645505,0.7546513166054633
78.3899992704391,1.0,0.09195388193609617,0.7529714097330477,0.7546198752140781
78.4920003265142,1.0,0.09195462408894675,0.7529428806057924,0.7545857699258444
78.5929955542088,1.0,0.09195534764444119,0.7529150054104792,0.7545523856070233
78.6989998072386,1.0,0.09195609528816995,0.752886138725738,0.7545177500816314
78.7999950349331,1.0,0.09195679661651496,0.7528590014590191,0.7544851299961625
78.9010003209114,1.0,0.09195748753268312,0.7528322112848316,0.75445287005818
78.994994983077,1.0,0.09195812128681892,0.7528075885765608,0.7544231699948344
79.0960002690554,1.0,0.09195879263007987,0.7527814540258032,0.7543915936021003
79.1969954967499,1.0,0.0919594540886222,0.7527556524597278,0.7543603658077812
79.3029997497797,1.0,0.0919601380242405,0.7527289198353769,0.7543279544957203
79.3899938464165,1.0,0.0919606915668839,0.7527072432330482,0.754301630644724
79.4909991323948,1.0,0.09196132568929515,0.752682366347572,0.7542713731362424
79.5930001884699,1.0,0.0919619569087635,0.7526575556513633,0.7542411456353204
79.6979986131191,1.0,0.09196259726510334,0.75263233691783,0.754210368924024
79.7989938408136,1.0,0.09196320438433384,0.752608381377079,0.7541810848425788
79.9020007252693,1.0,0.09196381486676947,0.7525842479062683,0.7541515346783294
79.9949996173382,1.0,0.0919643586090533,0.7525627143186195,0.7541251264794188
80.0970006734133,1.0,0.09196494709062226,0.7525393690012041,0.7540964523749529
80.1990017294884,1.0,0.09196552744679189,0.7525163045492993,0.7540680777269814
80.2909947931767,1.0,0.09196604402622831,0.7524957398971717,0.7540427400095062
80.3909942507744,1.0,0.09196659835153108,0.7524736359570318,0.754015465086257
80.5049948394299,1.0,0.09196722130020446,0.7524487500786115,0.7539847066391094
80.5979937314987,1.0,0.09196772255813972,0.7524286906040941,0.7539598744953712
80.698999017477,1.0,0.09196826005239139,0.7524071461425473,0.7539331649530124
80.7919979095459,1.0,0.09196874868213188,0.7523875287746192,0.7539088090150575
80.893998965621,1.0,0.09196927783800964,0.7523662502567506,0.75388235220275
80.9949941933155,1.0,0.09196979492209073,0.7523454226395669,0.7538564170100309
81.1050016433001,1.0,0.09197035056660699,0.7523230043373083,0.7538284578221291
81.1889983713627,1.0,0.09197076963093058,0.7523060714051115,0.7538073100305414
81.2909994274378,1.0,0.09197127256058023,0.7522857206884987,0.7537818595737453
81.3930004835129,1.0,0.09197176907534936,0.7522655984785122,0.7537566580615296
81.4979989081621,1.0,0.09197227361263506,0.7522451195953731,0.7537309720489171
81.5989941358566,1.0,0.09197275274496812,0.7522256422594799,0.7537065067046756
81.7109931260347,1.0,0.09197327711507171,0.752204291180088,0.7536796479078585
81.7939940840006,1.0,0.09197366108679081,0.7521886341284545,0.7536599252911492
81.8949993699789,1.0,0.09197412312074171,0.7521697683097454,0.7536361305788462
81.9929972290993,1.0,0.09197456599985425,0.7521516580118011,0.7536132576519021
82.0899993181229,1.0,0.09197499922935633,0.7521339167523086,0.7535908210990757
82.1909945458174,1.0,0.0919754449524584,0.7521156387552241,0.753567674449364
82.3010019958019,1.0,0.09197592437692459,0.7520959499735773,0.7535427058036583
82.3969982564449,1.0,0.09197633766752163,0.7520789530461143,0.7535211213386448
82.4979934841394,1.0,0.09197676748133392,0.752061253014309,0.7534986148804185
82.6119940727949,1.0,0.09197724661421913,0.752041493829523,0.7534734550223505
82.6919976621866,1.0,0.09197757905275027,0.7520277659348463,0.7534559525147516
82.7939987182617,1.0,0.09197799842440178,0.7520104267629103,0.7534338193996867
82.905001938343,1.0,0.09197844925421729,0.751991760869398,0.7534099601634039
82.9889986664057,1.0,0.0919787866255236,0.7519777749289556,0.7533920608086502
83.0909997224808,1.0,0.09197919202439245,0.7519609490011767,0.7533705016610197
83.1919949501753,1.0,0.09197958885517794,0.7519444573645487,0.7533493439754343
83.2979992032051,1.0,0.09198000049117018,0.7519273268723015,0.7533273377706415
83.3989944308996,1.0,0.09198038817012535,0.7519111722455512,0.7533065586476012
83.4989938884974,1.0,0.09198076777754978,0.751895334115958,0.7532861616200404
83.5929986089468,1.0,0.09198112084517576,0.7518805856953577,0.7532671457310931
83.6929980665445,1.0,0.09198149247997785,0.7518650434165101,0.7532470831180756
83.7949991226196,1.0,0.0919818673327646,0.7518493470715669,0.7532267960970268
83.9009933173656,1.0,0.09198225249129638,0.7518331991933852,0.7532058995143877
83.9899990707636,1.0,0.09198257253988487,0.7518197657059705,0.7531884954680385
84.0899985283613,1.0,0.09198292850814763,0.751804808255842,0.7531690955415317
84.1960027813911,1.0,0.09198330175586668,0.7517891064265122,0.7531487058168281
84.298999607563,1.0,0.09198366033630499,0.7517740015683243,0.7531290668858006
84.3989990651608,1.0,0.0919840047142923,0.7517594766142757,0.7531101594037973
84.4899963587523,1.0,0.09198431493872836,0.7517463771082881,0.7530930886536032
84.5939990133047,1.0,0.0919846658808996,0.7517315408966437,0.7530737331208551
84.6939984709024,1.0,0.09198499973246793,0.7517174099439675,0.7530552763493032
84.8000027239323,1.0,0.09198534996863951,0.7517025694580992,0.7530358709248512
84.8889984190464,1.0,0.09198564112285683,0.7516902205243089,0.7530197058243215
84.9899936467409,1.0,0.09198596823187645,0.7516763313400802,0.7530015041766503
85.0930005311966,1.0,0.09198629823988519,0.7516623021682115,0.7529830966276803
85.1969931274652,1.0,0.0919866281913528,0.7516482605709229,0.7529646544560397
85.2979984134436,1.0,0.09198694541667182,0.7516347452961892,0.7529468842136903
85.4029968380928,1.0,0.09198727172626743,0.7516208265318391,0.752928562418375
85.4920025914907,1.0,0.09198754562276111,0.7516091304830559,0.7529131499849099
85.5920020490885,1.0,0.09198785052947252,0.7515960968388827,0.7528959581855854
85.6939930468798,1.0,0.09198815831882866,0.7515829244995493,0.7528785638965569
85.7999972999096,1.0,0.09198847480562605,0.7515693632080772,0.7528606348785567
85.8879972249269,1.0,0.09198873511136596,0.7515581981751529,0.7528458593358791
85.9909940510988,1.0,0.09198903697954744,0.7515452375539696,0.7528286906276586
86.0979940742254,1.0,0.09198934728765233,0.7515318987963265,0.7528110006403251
86.1979935318232,1.0,0.09198963426010963,0.7515195484509942,0.7527946025540745
86.2999945878983,1.0,0.09198992426974606,0.7515070548139797,0.7527779981952288
86.3919977098703,1.0,0.09199018348854873,0.7514958765083389,0.7527631277620875
86.4930029958487,1.0,0.09199046539087657,0.751483707051861,0.7527469222436586
86.5949939936399,1.0,0.09199074719802229,0.7514715278011682,0.7527306859440174
86.700002476573,1.0,0.09199103457436694,0.751459094633325,0.7527140944951131
86.8009977042675,1.0,0.09199130831999039,0.7514472384239999,0.7526982569162345
86.9029987603426,1.0,0.09199158208011676,0.7514353682208805,0.7526823837765918
86.9950018823147,1.0,0.09199182666921367,0.7514247512340781,0.7526681718019178
87.0970029383898,1.0,0.0919920954648608,0.7514130720148738,0.7526525236494636
87.1959965676069,1.0,0.09199235395336534,0.7514018290177296,0.7526374455419435
87.2929986566305,1.0,0.09199260488371776,0.7513909029708128,0.7526227778040462
87.3929981142282,1.0,0.0919928611245783,0.7513797333585902,0.7526077677362543
87.5069987028837,1.0,0.09199315035706544,0.7513671111822818,0.7525907878643844
87.5999975949526,1.0,0.09199338407593513,0.7513569004432993,0.7525770382431699
87.6899991184473,1.0,0.0919936083432823,0.7513470928818076,0.7525638195947886
87.8039997071028,1.0,0.09199388973307952,0.7513347736076764,0.7525471989708158
87.8960028290749,1.0,0.09199411466770063,0.7513249148852423,0.7525338845494665
87.9979938268661,1.0,0.0919943617948804,0.7513140720124383,0.7525192271037144
88.0890011787415,1.0,0.09199458035400225,0.7513044724704541,0.7525062381757137
88.1929937750101,1.0,0.09199482786806193,0.7512935895842475,0.7524914988283488
88.2939990609884,1.0,0.0919950660629238,0.7512831048669661,0.7524772850605977
88.3999932557344,1.0,0.09199531372177976,0.7512721914381378,0.7524624758872657
88.500002771616,1.0,0.09199554524654807,0.7512619776186766,0.7524486027099428
88.6009979993105,1.0,0.09199577696538946,0.7512517441580885,0.752434689912377
88.714998587966,1.0,0.09199603604114508,0.7512402893033417,0.7524191012310805
88.7959979474545,1.0,0.09199621854288594,0.7512322116791683,0.7524080988229788
88.8959974050522,1.0,0.09199644207508377,0.7512223084661374,0.7523945988505628
89.0049990266562,1.0,0.09199668352396903,0.7512115995964408,0.7523799870722298
89.0889957547188,1.0,0.09199686799687343,0.7512034089244215,0.752368801291335
89.193994179368,1.0,0.09199709667628714,0.7511932447409674,0.7523549083126787
89.2889946699142,1.0,0.09199730179420453,0.7511841178943882,0.7523424221806773
89.3979962915182,1.0,0.09199753508199282,0.7511737261272741,0.7523281928496651
89.5009931176901,1.0,0.09199775352501285,0.7511639844489587,0.7523148414206745
89.5909946411848,1.0,0.0919979428445255,0.7511555327596945,0.7523032484002209
89.6919999271631,1.0,0.09199815360092257,0.7511461143969154,0.7522903189602007
89.7969983518124,1.0,0.09199837080114724,0.751136397334135,0.7522769679694735
89.9080015718937,1.0,0.09199859828020188,0.7511262077927923,0.7522629543402788
90.0010004639626,1.0,0.09199878718546457,0.751117736117635,0.7522512927254277
90.0919977575541,1.0,0.0919989705924531,0.751109502561752,0.7522399500448883
90.200999379158,1.0,0.09199918844567971,0.7510997116917226,0.752226450631178
90.2980014681816,1.0,0.09199938064968527,0.7510910635886601,0.7522145165837174
90.3889987617731,1.0,0.09199955954721971,0.7510830057137269,0.7522033883811788
90.4899939894676,1.0,0.09199975652453693,0.7510741239325359,0.7521911126857201
90.5919950455427,1.0,0.0919999538030698,0.7510652184301437,0.7521787940660992
90.6959977000952,1.0,0.09200015321138501,0.7510562059383922,0.7521663165665338
90.7979987561703,1.0,0.09200034707768369,0.7510474331728433,0.7521541602141153
90.8999998122454,1.0,0.09200053930924676,0.7510387240762956,0.7521420819820523
90.9919928759336,1.0,0.0920007112937875,0.7510309234675541,0.7521312551288272
91.092998161912,1.0,0.09200089863065053,0.7510224169481542,0.7521194392784705
91.1949992179871,1.0,0.09200108624351408,0.7510138877583092,0.7521075822666043
91.2999976426363,1.0,0.09200127774104952,0.7510051713711451,0.7520954550130311
91.4010029286146,1.0,0.0920014604163753,0.7509968464478639,0.7520838629708853
91.4909943938255,1.0,0.09200162189388261,0.7509894790205817,0.7520735962411318
91.5919996798038,1.0,0.09200180170278471,0.7509812655416644,0.752062141549428
91.6960023343563,1.0,0.09200198530025712,0.7509728685160376,0.7520504213014441
91.7989991605282,1.0,0.09200216558987216,0.7509646122888095,0.7520388880862534
91.9039975851774,1.0,0.09200234782879255,0.7509562560448908,0.7520272055274408
92.0129992067814,1.0,0.0878621966899957,0.7511305016615457,0.7522236033296592
92.1150002628565,1.0,0.08770881638385268,0.751467385606664,0.7526061069559175
92.2100007534027,1.0,0.08766613696513323,0.7517837125818112,0.7529660186148732
92.3209939152002,1.0,0.08764881556386696,0.7521498572147753,0.7533835608126968
92.4190018326044,1.0,0.08763714421907594,0.7524688635141126,0.7537482341592976
92.5129964947701,1.0,0.08763023887597103,0.7527708306280798,0.754094224079812
92.6260013133287,1.0,0.08762210912778816,0.7531285579373476,0.7545051627891346
92.7099980413914,1.0,0.08761618078614167,0.7533907661549956,0.7548071354033711
92.8179938346148,1.0,0.08760869475064469,0.7537233556650902,0.7551911252869531
92.9090011864901,1.0,0.08760250096378967,0.7539997385657365,0.7555110665974282
93.0160012096167,1.0,0.08759534881472399,0.7543202358596571,0.7558830631672769
93.1110017001629,1.0,0.08758911393444294,0.7546008387843449,0.756209647884908
93.2160001248121,1.0,0.08758234662613562,0.7549067421250834,0.7565666502088421
93.328994885087,1.0,0.08757520697681384,0.7552310916405128,0.7569463086173821
93.4159990400076,1.0,0.0875698092054304,0.7554774855545006,0.7572355079868031
93.5200016945601,1.0,0.0875634691025224,0.7557682800637123,0.7575777120770982
93.6109989881516,1.0,0.08755802085094325,0.7560194414738463,0.7578740619725999
93.7200006097555,1.0,0.0875516146133947,0.7563163705209107,0.7582253645492378
93.8119936734438,1.0,0.08754630835018339,0.7565637097089501,0.7585187908117936
93.9159963279963,1.0,0.08754041828704509,0.7568398299530752,0.7588472221314911
94.0120026469231,1.0,0.08753508209317053,0.7570914874731796,0.7591473542074594
94.1170010715723,1.0,0.08752935520829741,0.7573632434892816,0.7594723173870546
94.2260026931763,1.0,0.08752352834771833,0.7576416120349712,0.7598061215179552
94.3169999867678,1.0,0.08751875454137008,0.7578711432126694,0.7600820778595714
94.4210026413202,1.0,0.08751773629422875,0.7581299135182603,0.7603940422265936
94.5280026644468,1.0,0.08760952193472608,0.7583885739694641,0.7607069533208102
94.6090020239353,1.0,0.08779566854561588,0.7585727947582572,0.7609310166064905
94.7249941527843,1.0,0.09183216501952611,0.7586346759861918,0.7610222700728243
94.8239978402853,1.0,0.0918353384818427,0.7585258858666702,0.7609160513116122
94.9259988963604,1.0,0.09183880813114444,0.7584160023591495,0.7608087720173824
95.0209993869066,1.0,0.09184197554199881,0.7583156642681631,0.7607107667187477
95.1159998774529,1.0,0.09184506049010242,0.7582172461507738,0.7606145591676603
95.2219940721989,1.0,0.0918484138861712,0.7581096838158585,0.7605092878523751
95.3259967267513,1.0,0.09185162404230492,0.7580064163906084,0.7604080618074732
95.4239945858717,1.0,0.09185458399844812,0.7579111427075361,0.7603145050763952
95.5169934779406,1.0,0.09185733951661731,0.7578225230604647,0.7602273169621389
95.620996132493,1.0,0.09186036270033697,0.7577254510351769,0.7601316074017532
95.7340009510517,1.0,0.09186358043980851,0.7576223618905312,0.7600297049125575
95.8249982446432,1.0,0.09186612188151508,0.7575411167266366,0.7599491894993474
95.9179971367121,1.0,0.09186867365809834,0.75745967897342,0.7598682884172127
96.0209939628839,1.0,0.09187144634784292,0.7573713270444378,0.7597802848941781
96.1209934204817,1.0,0.09187408466423712,0.7572873553057073,0.7596964065348437
96.2140023708344,1.0,0.09187649115595013,0.7572108162091038,0.7596197409341192
96.327992901206,1.0,0.09187937830957275,0.7571190143603163,0.7595275091800852
96.4179944247007,1.0,0.09188160959058393,0.7570480532386502,0.759455999634719
96.5210013091564,1.0,0.09188411125101274,0.7569684439515779,0.7593755424362191
96.6350018978119,1.0,0.09188681560185818,0.7568822855541514,0.7592881796767244
96.7249933630228,1.0,0.09188890311798643,0.7568156806364148,0.7592204330031331
96.8169964849949,1.0,0.0918909946309359,0.7567488392576543,0.7591522558103146
96.9199933111668,1.0,0.09189328549873017,0.7566754770276056,0.7590772027079189
97.0209985971451,1.0,0.09189548092155099,0.7566050000192045,0.7590048741761514
97.1250012516975,1.0,0.0918976894454298,0.7565339097316374,0.7589316851581579
97.2139969468117,1.0,0.09189953808784208,0.7564742385314565,0.7588700690634325
97.3169937729836,1.0,0.0919016310021715,0.7564064830190648,0.7587998979226287
97.420996427536,1.0,0.09190369466053014,0.7563394493506223,0.7587302528800928
97.5229974836111,1.0,0.0919056711520439,0.7562750208924003,0.7586631025868299
97.625994309783,1.0,0.0919076203344648,0.7562112504689702,0.7585964294170782
97.7150000631809,1.0,0.09190926786370497,0.7561571584777839,0.7585397094419227
97.8190027177334,1.0,0.09191115067332328,0.7560951158883049,0.7584744618296231
97.9219995439053,1.0,0.091912971405436,0.7560348784578629,0.7584109142120957
98.0229947715998,1.0,0.09191471544604694,0.7559769461854289,0.75834961076561
98.1149978935719,1.0,0.09191626949317515,0.7559251255655798,0.758294616124855
98.2199963182211,1.0,0.09191800364453317,0.7558670687586364,0.758232822654984
98.3210016041994,1.0,0.0919196332195414,0.7558122827587523,0.7581743326184183
98.4260000288486,1.0,0.09192128814338348,0.7557564073853384,0.7581144986871103
98.5160015523434,1.0,0.0919226757991072,0.7557093648941743,0.7580639795609627
98.6169967800379,1.0,0.09192419986925572,0.7556574901070056,0.7580081161923176
98.7209994345903,1.0,0.09192573380316871,0.7556050562280643,0.7579514836260303
98.8239962607622,1.0,0.09192721831366227,0.7555540904104242,0.7578962730891174
98.9259973168373,1.0,0.091928655480169,0.7555045361486087,0.7578424347489299
99.0180004388094,1.0,0.09192992441736794,0.7554606045294774,0.7577945740966223
99.1209972649813,1.0,0.09193131501239662,0.7554122640500279,0.757741766022884
99.2220025509596,1.0,0.09193264880408905,0.7553657001844551,0.7576907540108869
99.3270009756088,1.0,0.09193400480111767,0.7553181574332561,0.7576385210393133
99.415996670723,1.0,0.09193513041654573,0.7552785324690752,0.7575948708029951
99.5179977267981,1.0,0.09193639447676608,0.7552338571868046,0.757545528995962
99.6220003813505,1.0,0.09193765546594089,0.7551891003420982,0.7574959591684541
99.7249972075224,1.0,0.09193887732160126,0.7551455483684849,0.7574475895850614
99.8249966651201,1.0,0.0919400386731747,0.7551039811881244,0.7574012993567025
99.9169997870922,1.0,0.09194108602939888,0.7550663477561484,0.7573592833161483
100.01699924469,1.0,0.09194220205178137,0.7550260913043095,0.757314225460364
100.121001899242,1.0,0.09194333869386928,0.7549849227837694,0.7572680242032644
100.226000323892,1.0,0.09194446201948347,0.7549440663571999,0.7572220492372866
100.326995551586,1.0,0.09194552021388898,0.7549054213012304,0.7571784477517528
100.416997075081,1.0,0.0919464452728151,0.7548715107832229,0.7571400949960088
100.520999729633,1.0,0.09194749372010681,0.7548329306533567,0.757096354048288
100.61999335885,1.0,0.09194847176239362,0.7547967985070188,0.7570552843245408
100.725001841784,1.0,0.09194948857917298,0.7547590851903656,0.7570123086851221
100.825997069478,1.0,0.09195044700879282,0.7547233960847933,0.7569715364353385
100.927998125553,1.0,0.09195139607595593,0.7546879182002703,0.7569309049712408
101.021992787719,1.0,0.09195225426755557,0.7546557180352002,0.756893939783935
101.122998073697,1.0,0.09195315939937904,0.7546216316929264,0.7568547176188748
101.224999129772,1.0,0.0919540559673977,0.7545877394291097,0.7568156243897342
101.317002251744,1.0,0.09195484996049733,0.7545576163540476,0.7567807989964002
101.417997479439,1.0,0.09195570591315926,0.7545250266365549,0.7567430367235557
101.531998068094,1.0,0.09195665292005883,0.7544888276366966,0.7567009874202212
101.624996960163,1.0,0.09195741079224304,0.7544597485859622,0.7566671279918152
101.726998016238,1.0,0.0919582272461668,0.7544283107766466,0.7566304402528701
101.822994276881,1.0,0.0919589818808668,0.7543991498587121,0.7565963332890261
101.921002194285,1.0,0.0919597389013946,0.7543697952757115,0.7565619249286898
102.022993192077,1.0,0.09196051261897205,0.7543396864040575,0.7565265535824166
102.135002240539,1.0,0.09196134621421942,0.7543071244662354,0.7564882096854219
102.217993140221,1.0,0.0919619532369676,0.7542833315846386,0.7564601319324599
102.318998426199,1.0,0.09196268014856834,0.7542547483937956,0.7564263338827053
102.418997883797,1.0,0.09196338725056648,0.7542268471003567,0.7563932705501821
102.525002136827,1.0,0.09196412348562429,0.7541976928885206,0.75635864629553
102.625997364521,1.0,0.09196481248048595,0.7541703122969856,0.7563260569428037
102.733993157744,1.0,0.0919655361659436,0.7541414513937802,0.756291630453288
102.820997312665,1.0,0.09196610957542287,0.7541185081688861,0.7562642072073773
102.920996770263,1.0,0.09196675828248682,0.7540924706153177,0.7562330253078636
103.02099622786,1.0,0.09196739616531013,0.7540667819174163,0.7562021981036583
103.115996718407,1.0,0.09196799237779203,0.7540426938264965,0.7561732344981974
103.218993544579,1.0,0.09196862825351522,0.7540169195899049,0.7561421817723809
103.333999961615,1.0,0.09196932564026897,0.7539885512002226,0.7561079292854942
103.424997255206,1.0,0.09196986821215236,0.7539664062950693,0.7560811366046587
103.524996712804,1.0,0.09197045525106248,0.7539423720214782,0.7560520032843644
103.624000400305,1.0,0.09197102714658018,0.7539188822571105,0.7560234745358332
103.719996660948,1.0,0.09197157307005419,0.7538963894402336,0.7559961052696577
103.821001946926,1.0,0.09197213856350726,0.7538730178534745,0.7559676134260834
103.933996707201,1.0,0.09197276060627733,0.7538472229698655,0.7559361040568717
104.023002460599,1.0,0.09197324281052378,0.7538271624830606,0.7559115523614071
104.117992892861,1.0,0.09197375012010549,0.7538059973356072,0.7558856045243924
104.221995547414,1.0,0.09197429710392194,0.7537831073480081,0.7558574910294409
104.321995005012,1.0,0.09197481491074512,0.7537613714987731,0.7558307460009224
104.425001889467,1.0,0.091975340042541,0.7537392592430231,0.7558034874154108
104.516994953156,1.0,0.091975802126287,0.7537197441196459,0.7557793882097242
104.616994410753,1.0,0.0919762972492442,0.7536987738383032,0.7557534482262379
113.701998442411,-1.0,0.09312877540608776,0.7465112586374636,0.746747473266433
114.714002609253,-1.0,0.09198839371351364,0.7469961873359064,0.7471995436657569
115.71399718523,-1.0,0.09199438635730776,0.747377369275938,0.7475597306746979
116.709998622537,-1.0,0.09199959894663158,0.7476807822487189,0.747851339825207
117.710999026895,-1.0,0.09200374638818132,0.7479263722894763,0.7480911281279378
118.710993602872,-1.0,0.09200699736184659,0.7481255210382789,0.7482882332955552
119.71299983561,-1.0,0.09200957659720435,0.748288788751548,0.7484516604612033
120.709997043014,-1.0,0.09201163908339442,0.7484227515554954,0.748586979916331
121.706994250417,-1.0,0.09201332517007844,0.7485340499988801,0.7487002061752074
122.709000483155,-1.0,0.09201472791910746,0.7486275367932627,0.7487958226926518
123.714999854565,-1.0,0.09201590957950219,0.7487063785351153,0.7488767648487924
124.70600232482,-1.0,0.09201689930652891,0.7487720188178221,0.7489443099592314
125.71700066328,-1.0,0.09201776741617462,0.748828855695705,0.7490028569401173
126.706001535058,-1.0,0.09201850476025183,0.7488762442747443,0.7490516643690496
127.724996209145,-1.0,0.09201917121745484,0.7489179854847662,0.7490946015651105
128.716994449496,-1.0,0.0920197450195014,0.7489528161703802,0.7491303489155784
129.719000682235,-1.0,0.09202026185874315,0.7489830846076737,0.7491613151643921
130.716993659735,-1.0,0.09202072368700923,0.7490090550306321,0.7491877753041878
131.716002523899,-1.0,0.09202114096250572,0.7490314837182356,0.7492105116416811
132.71500132978,-1.0,0.09202151949693903,0.7490508462298052,0.749230020895042
133.716997504234,-1.0,0.09202186529733047,0.7490676103982948,0.7492467911395491
134.715000540018,-1.0,0.09202218009022135,0.7490820171680117,0.7492610819664426
135.713999345899,-1.0,0.09202246900571365,0.74909444814821,0.7492732911214817
136.712002381682,-1.0,0.0920227343392102,0.749105132550404,0.7492836621945378
137.714994326234,-1.0,0.09202297996027844,0.7491143428203627,0.7492924773467033
138.724001124501,-1.0,0.09202320784797516,0.7491222534850468,0.7492999199700837
139.713001996279,-1.0,0.09202341426751177,0.7491288476444409,0.7493059954233466
140.709999203682,-1.0,0.09202360690022954,0.7491344707715644,0.7493110429358719
141.711995378137,-1.0,0.09202378621242967,0.7491392065371881,0.7493151531335385
142.714997380972,-1.0,0.09202395255770021,0.7491431338845128,0.7493184123781916
143.708997219801,-1.0,0.09202410548594515,0.749146314706886,0.7493208941997709
144.710993394256,-1.0,0.09202424858568393,0.7491488851798547,0.7493227266899327
145.708996430039,-1.0,0.09202438093582777,0.7491508814273685,0.7493239578339593
146.70799523592,-1.0,0.09202450402077324,0.7491523783572166,0.7493246616251109
147.710001468658,-1.0,0.0920246187422196,0.7491534313485259,0.7493248940946794
148.711001873016,-1.0,0.09202472526536087,0.7491540839135422,0.7493247040737091
149.722000211477,-1.0,0.09202482525875422,0.749154382154808,0.7493241299813029
150.708999484777,-1.0,0.09202491605423269,0.7491543615005307,0.7493232386413649
151.707002520561,-1.0,0.09202500150322865,0.7491540613426662,0.7493220404105084
152.706001326442,-1.0,0.09202508109362181,0.7491535100347213,0.7493205736691194
153.709999099374,-1.0,0.09202515552107741,0.7491527306361746,0.7493188589113804
154.70600053668,-1.0,0.09202522424099793,0.7491517586240916,0.7493169449414052
155.716998875141,-1.0,0.09202528915857595,0.7491505917855646,0.7493148087565452
156.716993451118,-1.0,0.09202534891725932,0.7491492788797451,0.7493125250008047
157.714000716805,-1.0,0.09202540440309459,0.749147830324984,0.7493100975359784
158.71599689126,-1.0,0.09202545633930032,0.7491462499930392,0.7493075233034755
159.713999927044,-1.0,0.09202550452412368,0.749144566095319,0.7493048403023402
160.724002495408,-1.0,0.09202554994216908,0.7491427633967122,0.7493020180543515
161.71600073576,-1.0,0.09202559150522835,0.7491409078253136,0.7492991536769464
162.712997943163,-1.0,0.0920256304511744,0.749138968376095,0.7492961937158432
163.711000978947,-1.0,0.0920256667977075,0.7491369614880381,0.7492931594091194
173.725993931293,-1.0,0.09202592065855382,0.7491147242295069,0.7492604405997155
183.728997409344,-1.0,0.09202604975177216,0.7490916358379694,0.7492269705100714
193.732996657491,-1.0,0.09202611842924516,0.7490696775411864,0.7491951133489855
203.726002201438,-1.0,0.09202615738962278,0.7490495329467571,0.7491657742887482
213.726994022727,-1.0,0.09202618152355033,0.7490312888387168,0.7491391035446482
223.720995336771,-1.0,0.09202619795709913,0.7490148888379493,0.7491150595890035
233.72999355197,-1.0,0.09202621022766617,0.7490001395319019,0.7490933922701134
243.729999661446,-1.0,0.09202621952343346,0.7489869002180434,0.7490739174262366
253.726998344064,-1.0,0.09202622678930589,0.7489749885853217,0.7490563807944727
263.731993362308,-1.0,0.09202623336873875,0.7489642355723609,0.7490405414908211
273.729997873306,-1.0,0.09202623946286748,0.7489545180669259,0.7490262225904524
283.729993924499,-1.0,0.09202624509958962,0.7489457170848743,0.7490132510696359
293.732001632452,-1.0,0.09202625029779869,0.7489377008368239,0.7490014339298479
303.719002380967,-1.0,0.09202625506228992,0.7489304019895681,0.7489906724254513
313.723997399211,-1.0,0.09202625944214715,0.74892371758675,0.7489808150163497
323.715997114778,-1.0,0.09202626345987613,0.7489175994175669,0.7489717907366799
333.722993731499,-1.0,0.09202626716193953,0.7489119700366393,0.748963485444389
343.725997209549,-1.0,0.09202627057288576,0.7489067882592638,0.7489558384650891
353.72200012207,-1.0,0.09202627372129657,0.7489020089397089,0.7489487832884815
363.724993541837,-1.0,0.0920262766373001,0.7488975851099657,0.7489422507141813
373.72599542141,-1.0,0.09202627934104834,0.7488934856435672,0.7489361949324418
383.72899889946,-1.0,0.09202628185375308,0.7488896777471387,0.7489305676749184
393.718997016549,-1.0,0.09202628418990859,0.748886139204803,0.748925336303016
403.731002658606,-1.0,0.09202628637336073,0.748882833598802,0.748920447171472
413.728001341224,-1.0,0.09202628840989265,0.7488797517942727,0.7489158869698257
423.729998990893,-1.0,0.09202629031642785,0.7488768680467621,0.7489116178117773
433.728999271989,-1.0,0.09202629210264564,0.7488741675830348,0.7489076180297282
443.733994290233,-1.0,0.09202629378006132,0.7488716326800019,0.7489038615735067
453.719999268651,-1.0,0.09202629535378794,0.7488692556260633,0.7489003372149314
463.719995319843,-1.0,0.09202629683707089,0.7488670160823246,0.7488970149905276
473.7320009619,-1.0,0.09202629823670215,0.7488649039114428,0.7488938800387054
483.729995414615,-1.0,0.09202629955538766,0.7488629144884493,0.7488909256726722
493.727999925613,-1.0,0.09202630080156327,0.7488610356807806,0.7488881340479279
503.725994378328,-1.0,0.09202630198015146,0.7488592592524517,0.7488854930886365
513.723998889327,-1.0,0.09202630309627022,0.7488575777290296,0.7488829918364626
523.721993342042,-1.0,0.09202630415432167,0.7488559843086463,0.7488806203198879
533.724996820092,-1.0,0.09202630515896001,0.7488544720566398,0.7488783683556297
543.720999732614,-1.0,0.09202630611262494,0.7488530371051775,0.7488762303156401
553.722001612186,-1.0,0.09202630701987242,0.7488516725279852,0.7488741960047278
563.730999827385,-1.0,0.09202630788395581,0.748850373312304,0.7488722580651663
573.735994845629,-1.0,0.09202630870678576,0.7488491367035924,0.7488704124985427
583.719002455473,-1.0,0.09202630948965623,0.7488479606896797,0.7488686564106387
593.721000105143,-1.0,0.09202631023804822,0.7488468367532339,0.7488669771817705
603.727996721864,-1.0,0.09202631095315965,0.7488457632716414,0.7488653724774569
613.717994838953,-1.0,0.09202631163548745,0.7488447393910701,0.7488638411105567
623.725997284055,-1.0,0.09202631228927975,0.7488437586510862,0.7488623735007853
633.72499756515,-1.0,0.09202631291450732,0.7488428210958582,0.7488609697907056
643.721996247768,-1.0,0.09202631351334178,0.7488419235288153,0.7488596252687393
653.718994930387,-1.0,0.09202631408731064,0.7488410634759675,0.7488583362976688
663.73199634254,-1.0,0.09202631463876187,0.7488402375206086,0.7488570978200112
673.726993426681,-1.0,0.09202631516697304,0.7488394464893448,0.7488559111359484
683.724002167583,-1.0,0.09202631567450678,0.7488386868866275,0.748854771059976
693.726995587349,-1.0,0.092026316162439,0.7488379567409996,0.7488536746860078
703.723994269967,-1.0,0.09202631663130584,0.7488372553364774,0.7488526209892773
703.836999088526,-1.0,0.09202631663649696,0.7488372475638364,0.7488526093100276
703.927996382117,-1.0,0.09202631664067491,0.7488372413074017,0.7488525999090022
704.029001668096,-1.0,0.09202631664531002,0.7488372343654844,0.7488525894779134
704.144993796945,-1.0,0.09202631665062985,0.7488372263969312,0.748852577504119
704.23600114882,-1.0,0.09202631665480153,0.7488372201473418,0.7488525681132496
704.338002204895,-1.0,0.09202631665947995,0.7488372131454052,0.7488525575918299
704.431001096964,-1.0,0.09202631666374848,0.7488372067638238,0.7488525480025435
704.531996324658,-1.0,0.09202631666838341,0.7488371998361539,0.7488525375926317
704.631995782256,-1.0,0.09202631667297201,0.7488371929794757,0.7488525272893496
704.745996370912,-1.0,0.0920263166782023,0.7488371851660417,0.7488525155483298
704.83899526298,-1.0,0.09202631668246841,0.7488371787946073,0.748852505974116
704.940000548959,-1.0,0.0920263166871012,0.7488371718772682,0.7488524955795386
705.03099784255,-1.0,0.09202631669127438,0.7488371656476619,0.748852486218366
705.132998898625,-1.0,0.0920263166959516,0.7488371586673782,0.7488524757291124
705.2349999547,-1.0,0.09202631670062815,0.7488371516898775,0.7488524652439924
705.339002609253,-1.0,0.09202631670538948,0.7488371445782769,0.7488524545573128
705.432001501322,-1.0,0.09202631670964026,0.7488371382215114,0.7488524450048905
705.530995130539,-1.0,0.09202631671416245,0.7488371314575145,0.7488524348404713
705.635993555188,-1.0,0.09202631671895599,0.7488371242860734,0.7488524240637271
705.737994611263,-1.0,0.09202631672360981,0.7488371173221621,0.7488524135987958
705.827996134758,-1.0,0.09202631672771376,0.7488371111797925,0.7488524043683868
705.931003019214,-1.0,0.09202631673240803,0.7488371041524853,0.7488523938080973
706.033999845386,-1.0,0.0920263167370989,0.7488370971286862,0.7488523832530317
706.13499507308,-1.0,0.0920263167416958,0.7488370902441249,0.7488523729071593
706.239993497729,-1.0,0.09202631674647195,0.7488370830895538,0.7488523621554761
706.326001882553,-1.0,0.09202631675038454,0.7488370772311137,0.7488523533515442
706.431000307202,-1.0,0.09202631675516218,0.748837070081791,0.7488523426076586
706.535002961755,-1.0,0.09202631675989273,0.7488370630031459,0.7488523319699372
706.637999787927,-1.0,0.09202631676457579,0.7488370559957807,0.7488523214392854
706.738995015621,-1.0,0.09202631676916616,0.7488370491273202,0.748852311117332
706.830998137593,-1.0,0.0920263167733464,0.7488370428727417,0.7488523017178834
706.931993365288,-1.0,0.0920263167779336,0.7488370360094389,0.7488522914035924
707.033994421363,-1.0,0.09202631678256482,0.7488370290805229,0.7488522809906499
707.137001305819,-1.0,0.09202631678723996,0.7488370220860749,0.748852270479177
707.235994935036,-1.0,0.09202631679173134,0.748837015366784,0.7488522603811723
707.329999655485,-1.0,0.09202631679599733,0.7488370089884848,0.7488522507955827
707.435993850231,-1.0,0.09202631680080917,0.7488370017994423,0.7488522399915267
707.527996972203,-1.0,0.09202631680498526,0.74883699556174,0.7488522306171513
707.639000192285,-1.0,0.09202631681002303,0.7488369880388188,0.7488522193112246
707.730993255973,-1.0,0.09202631681419746,0.7488369818067129,0.7488522099451761
707.839994877577,-1.0,0.09202631681914296,0.7488369744252384,0.748852198851726
707.933999598026,-1.0,0.09202631682340744,0.7488369680618493,0.7488521892882902
708.034994825721,-1.0,0.0920263168279884,0.7488369612278488,0.7488521790175351
708.12899954617,-1.0,0.09202631683225167,0.7488369548692843,0.7488521694612666
708.228999003768,-1.0,0.09202631683678619,0.7488369481077829,0.7488521592993824
708.331000059843,-1.0,0.09202631684140714,0.7488369412136318,0.7488521489380929
708.443994820118,-1.0,0.0920263168465188,0.7488369335795857,0.7488521374647531
708.537999540567,-1.0,0.09202631685076837,0.7488369272310731,0.7488521279234205
708.638994768262,-1.0,0.09202631685533072,0.7488369204130397,0.7488521176763894
708.728996291757,-1.0,0.0920263168593934,0.7488369143394223,0.7488521085481255
708.833994716406,-1.0,0.09202631686412927,0.7488369072564369,0.748852097902799
708.935000002384,-1.0,0.09202631686868092,0.7488369004455386,0.748852087666358
709.039002656937,-1.0,0.09202631687336323,0.7488368934353081,0.748852077130283
709.128994122148,-1.0,0.09202631687741095,0.7488368873717705,0.7488520680170074
709.228993579745,-1.0,0.09202631688190449,0.7488368806363822,0.7488520578939226
709.33099463582,-1.0,0.09202631688648881,0.7488368737688614,0.7488520475721997
709.437994658947,-1.0,0.09202631689130181,0.7488368665676797,0.7488520367489427
709.537994116545,-1.0,0.09202631689579847,0.7488368598403345,0.7488520266378094
709.638999402523,-1.0,0.0920263169003391,0.748836853047965,0.7488520164288991
709.731998294592,-1.0,0.09202631690451876,0.748836846796352,0.7488520070327036
709.832993522286,-1.0,0.09202631690905681,0.7488368400097516,0.7488519968323769
709.933998808265,-1.0,0.09202631691359438,0.748836833225125,0.7488519866349715
710.026997700334,-1.0,0.09202631691777155,0.7488368269806376,0.7488519772493645
710.128998756409,-1.0,0.09202631692235239,0.7488368201342727,0.7488519669590773
710.229993984103,-1.0,0.0920263169268875,0.7488368133580774,0.7488519567742116
710.335998237133,-1.0,0.09202631693164358,0.7488368062486495,0.7488519460884363
710.436993464828,-1.0,0.09202631693616989,0.7488367994778714,0.74885193591162
710.537998750806,-1.0,0.09202631694069435,0.7488367927090602,0.7488519257377149
710.630997642875,-1.0,0.09202631694485808,0.748836786479127,0.7488519163737336
710.732002928853,-1.0,0.09202631694937795,0.7488367797153849,0.7488519062073603
710.832998156548,-1.0,0.09202631695389488,0.7488367729549525,0.7488518960459175
710.937996581197,-1.0,0.09202631695858814,0.7488367659293477,0.7488518854858515
711.027002334595,-1.0,0.09202631696256437,0.7488367599760659,0.7488518765375378
711.128993332386,-1.0,0.09202631696711815,0.7488367531567603,0.7488518662874699
711.232000216842,-1.0,0.09202631697171447,0.7488367462722536,0.7488518559393522
711.334997043014,-1.0,0.09202631697631011,0.748836739391154,0.7488518455963088
711.436002328992,-1.0,0.09202631698081773,0.7488367326457614,0.7488518354572026
711.536997556686,-1.0,0.09202631698532364,0.7488367259036673,0.7488518253230094
711.632993817329,-1.0,0.09202631698960545,0.7488367194977203,0.7488518156940446
711.732993274927,-1.0,0.09202631699406479,0.7488367128271558,0.7488518056672826
711.847999691963,-1.0,0.09202631699919211,0.7488367051587149,0.7488517941405234
711.938996985555,-1.0,0.09202631700324823,0.7488366990935723,0.7488517850237079
712.028002738953,-1.0,0.0920263170072149,0.7488366931632261,0.748851776109477
712.133996933699,-1.0,0.09202631701193796,0.7488366861036131,0.7488517654977375
712.235002219677,-1.0,0.09202631701643803,0.7488366793789621,0.7488517553894537
712.335997447371,-1.0,0.09202631702093551,0.7488366726575961,0.7488517452860632
712.44900226593,-1.0,0.09202631702596488,0.7488366651400746,0.748851733985859
712.530001625419,-1.0,0.09202631702956879,0.7488366597536932,0.7488517258891124
712.632002681494,-1.0,0.09202631703410585,0.748836652973108,0.7488517156965737
712.737001106143,-1.0,0.09202631703877483,0.748836645996051,0.7488517052086524
712.837996333838,-1.0,0.09202631704326442,0.7488366392876628,0.748851695124549
712.939001619816,-1.0,0.0920263170477531,0.748836632581214,0.748851685043316
713.049994781613,-1.0,0.09202631705268408,0.7488366252146046,0.7488516739696692
713.13400156796,-1.0,0.09202631705641509,0.7488366196411701,0.7488516655915264
713.234996795654,-1.0,0.09202631706089938,0.7488366129430204,0.7488516555226392
713.337993621826,-1.0,0.0920263170654643,0.7488366061147972,0.748851645258175
713.429000973701,-1.0,0.09202631706948992,0.7488366000836717,0.748851636191902
713.529996201396,-1.0,0.0920263170739538,0.7488365933931173,0.7488516261343017
713.624996691942,-1.0,0.0920263170781493,0.7488365871020679,0.7488516166772186
713.73699568212,-1.0,0.0920263170830913,0.7488365796883157,0.7488516055323702
713.854999467731,-1.0,0.11059896028401614,0.7476650920617146,0.7478009655744141
713.949999958277,-1.0,0.11059641469924751,0.7457649093036113,0.7461527796342738
714.055994153023,-1.0,0.11058672100842812,0.7436701001911166,0.744340154618468
714.147001504898,-1.0,0.11058324989528424,0.7418921236003544,0.7428055415547477
714.256003126502,-1.0,0.1105690903683965,0.7397871699762233,0.7409935083499619
714.347000420094,-1.0,0.11056271920865397,0.7380500025554563,0.7395021460622231
714.45299461484,-1.0,0.11054617158399302,0.7360496769126487,0.7377896786159284
714.546999335289,-1.0,0.11053403452861216,0.7342952293185868,0.7362918452250969
714.653999358416,-1.0,0.11051964823382546,0.732320544064595,0.7346108257520244
714.744996652007,-1.0,0.11050712155279975,0.7306595158474036,0.7332008479929284
714.853002503514,-1.0,0.11049211626228811,0.7287094311239098,0.7315502582105682
714.943999797106,-1.0,0.11047950756015452,0.7270841119136741,0.7301785076260755
715.048002451658,-1.0,0.1104689339372695,0.7252460457775837,0.7286316290963472
715.156994014978,-1.0,0.11045432498420311,0.7233409041803405,0.7270330723178346
715.250002965331,-1.0,0.11044220360680698,0.7217323509699284,0.7256872157289255
715.3539955616,-1.0,0.1104254203970218,0.7199525416342973,0.7242021871938917
715.450001880527,-1.0,0.11041379884660243,0.718326566888688,0.72284925502801
715.555000305176,-1.0,0.1104016793226379,0.7165665446188125,0.7213887650956455
715.645997598767,-1.0,0.11039539417339767,0.715057337166348,0.7201399396081511
715.753993391991,-1.0,0.11038427635909587,0.7132839955794429,0.7186763713535694
715.845000743866,-1.0,0.11037552198257276,0.7118034247357488,0.717457326741822
715.950994938612,-1.0,0.11036607752691878,0.7100955662434413,0.7160545409741946
716.059000790119,-1.0,0.1103536712058106,0.7083750714744472,0.7146453238599679
716.150993853807,-1.0,0.1103506318488603,0.7069239348979469,0.7134595510447092
716.25499650836,-1.0,0.11034021803453259,0.705298863963834,0.7121346096181128
716.349996998906,-1.0,0.11033487046560604,0.7038288989879713,0.710938789645671
716.454995423555,-1.0,0.11032988667550737,0.7022185414610225,0.7096313399310297
716.546998545527,-1.0,0.1103300403354502,0.7008214125353668,0.7084994714950245
716.653002798557,-1.0,0.11032699231091224,0.6992252817158168,0.707208679724761
716.746997460723,-1.0,0.11032523034078776,0.69782323712999,0.7060769533256775
716.851000115275,-1.0,0.11032435109712732,0.696286250257426,0.7048384816321929
716.946000605822,-1.0,0.11032456856635597,0.6948952934843201,0.703719546141987
717.048001661897,-1.0,0.11032593060955512,0.693415478718178,0.7025309715103558
717.143002152443,-1.0,0.11032829184355226,0.692049784266342,0.7014356406887514
717.250997945666,-1.0,0.11032863780873724,0.6905120121003919,0.7002039638248275
717.345002666116,-1.0,0.11033700061964508,0.6891868090300823,0.6991439137274423
717.450996860862,-1.0,0.11034369067840329,0.6877060275413083,0.6979606235909414
717.55099631846,-1.0,0.11034774225377457,0.6863224521052266,0.696856029746696
717.650995776057,-1.0,0.11036055430167517,0.6849514914873227,0.6957622959016766
717.75499843061,-1.0,0.11036797678692324,0.6835390444273671,0.6946361032411119
717.866997420788,-1.0,0.11038546345011215,0.6820329916869105,0.6934357473143233
717.954997345805,-1.0,0.11039408062587386,0.6808607463317803,0.6925016110762988
718.047000467777,-1.0,0.11041198449238614,0.6796452991610131,0.6915330290186326
718.149001523852,-1.0,0.11042950843728831,0.6783097564986426,0.6904685114618684
718.246999382973,-1.0,0.11044814127395046,0.677037718684466,0.6894542103697009
718.351997807622,-1.0,0.1104701362738313,0.6756878137099824,0.6883770730955191
718.446998298168,-1.0,0.11049192024643648,0.6744780634636267,0.6874109120052406
718.551996722817,-1.0,0.11051448558431468,0.6731550222035269,0.6863529873614673
718.64399984479,-1.0,0.11054308127718503,0.6720067765305756,0.6854335126769769
718.758000433445,-1.0,0.11057661340320667,0.6705980468899959,0.6843034253775269
718.844994530082,-1.0,0.1106042548568698,0.6695329567602532,0.6834473854973627
718.950003013015,-1.0,0.11064006971083883,0.6682597023087258,0.682421693669758
719.069998338819,-1.0,0.11068441187643514,0.6668213883536149,0.681259512040317
719.15000192821,-1.0,0.11071608043708873,0.665872345055717,0.6804903337764759
719.255000352859,-1.0,0.11076029620844986,0.6646388930568218,0.6794875172531655
719.346993416548,-1.0,0.11080160370652238,0.6635695581226398,0.6786149378532744
719.455995038152,-1.0,0.11085377086776378,0.662316309214143,0.6775880391617576
719.547998160124,-1.0,0.11090061914317596,0.6612702159095718,0.676726984603687
719.652000814676,-1.0,0.11095679562328056,0.660100695949948,0.6757596521035258
719.747997075319,-1.0,0.11101178468375147,0.659033554834623,0.6748722507632324
719.851999729872,-1.0,0.11107487837342155,0.6578908918322791,0.6739165129475232
719.944002851844,-1.0,0.11113384103179662,0.6568918376007975,0.6730757596621051
720.059994980693,-1.0,0.11121253893048189,0.6556481431531146,0.6720218105401667
720.144997537136,-1.0,0.11127339984621208,0.654748021462333,0.671253522715838
720.249995961785,-1.0,0.11135241586691237,0.6536494440818736,0.6703090289368312
720.344996452332,-1.0,0.11142766981493589,0.6526682016290009,0.6694585796298701
720.451000705361,-1.0,0.11151599459262895,0.6515876312732051,0.6685140268661955
720.54299376905,-1.0,0.11159646855744298,0.6506622222444851,0.6676978730720562
720.649993792176,-1.0,0.11169466762766762,0.6496003584253923,0.6667524924433006
720.743998512626,-1.0,0.1117851275003233,0.6486802741462906,0.6659252566207398
720.848996937275,-1.0,0.11189092270606542,0.6476668701949614,0.6650047100463744
720.955001190305,-1.0,0.11200295639941042,0.6466591092821121,0.6640787822841756
721.048000082374,-1.0,0.11210567406599836,0.6457875848584115,0.6632691548835913
721.152998507023,-1.0,0.11222674266313971,0.6448177553784893,0.6623578968703824
721.245001628995,-1.0,0.11233737390459105,0.643980332597405,0.6615617126483985
721.352997422218,-1.0,0.11247277561580406,0.6430120090736434,0.6606296771288416
721.447002142668,-1.0,0.11259560193108482,0.6421818665146426,0.6598205058707628
721.550994738936,-1.0,0.11273698220868854,0.6412772925351806,0.6589274691802293
721.647001057863,-1.0,0.11287273876374429,0.6404549157168012,0.6581048396163851
721.752995252609,-1.0,0.11302856810310956,0.639560901301563,0.657198554350964
721.844002604485,-1.0,0.11316743834855005,0.638804817430978,0.6564219015599456
721.952994167805,-1.0,0.11334003478274017,0.6379130885085956,0.655493457035683
722.04400151968,-1.0,0.11348947965622891,0.637179802762669,0.6547195336155518
722.148999944329,-1.0,0.11366802576952977,0.636346289219286,0.6538280283028234
722.244996204972,-1.0,0.11383709624486965,0.6355956935029953,0.6530141901529621
722.348998859525,-1.0,0.11402664797287819,0.6347945208089604,0.6521337403214785
722.453997284174,-1.0,0.11422484005539356,0.6339979944205755,0.651246142796689
722.549993544817,-1.0,0.11441212482027012,0.6332802403073764,0.6504357263878582
722.65500202775,-1.0,0.11462373336058852,0.6325061789660964,0.6495503822984501
722.746995091438,-1.0,0.11481496505947505,0.6318372623872712,0.6487757580723483
722.855000942945,-1.0,0.11504653940959408,0.6310624207333891,0.6478674671606447
722.946994006634,-1.0,0.11524985197030226,0.6304110332360575,0.6470948431711423
723.052002489567,-1.0,0.11548880013503174,0.6296767343170702,0.6462140720621445
723.147002980113,-1.0,0.11571134242428642,0.6290204922433273,0.6454183482575273
723.252997174859,-1.0,0.11596682997291709,0.6282968721023501,0.644531836615386
723.345000296831,-1.0,0.11619476773168409,0.6276757196185647,0.6437635083622592
723.452996090055,-1.0,0.11646967703214993,0.6269543468604545,0.6428630913366542
723.545994982123,-1.0,0.11671279033819403,0.6263394412019795,0.6420890649668114
723.650993406773,-1.0,0.1169943805339483,0.6256517275439121,0.6412167804336948
723.752994462848,-1.0,0.11727515826623167,0.6249898288828175,0.6403711540689168
723.873995617032,-1.0,0.09873023036641249,0.6254248583749107,0.6404315186685732
723.97500090301,-1.0,0.09833028456414605,0.6267666626332477,0.6413637597752128
724.067999795079,-1.0,0.09798629101587861,0.6279604771227042,0.6422148265983832
724.168995022774,-1.0,0.09763705602013634,0.6292143874764471,0.6431303250969966
724.270000308752,-1.0,0.09731140549919262,0.6304267462394837,0.6440361096249086
724.375994503498,-1.0,0.09699324361846176,0.6316569081106368,0.6449754323087913
724.463994428515,-1.0,0.09674616997510718,0.632647361993158,0.6457461768587877
724.565995484591,-1.0,0.09647777088181879,0.6337623276118255,0.6466288401788485
724.672995507717,-1.0,0.09621549124039942,0.6348958809540156,0.6475420686555705
724.774000793695,-1.0,0.09598464373891366,0.6359339548438735,0.648391959550566
724.874000251293,-1.0,0.09577091161079261,0.6369327693046434,0.6492215693651567
724.966999143362,-1.0,0.09558443162801496,0.637837139065041,0.6499824533871452
725.067994371057,-1.0,0.09539438446135631,0.6387938115348575,0.6507970794282987
725.168999657035,-1.0,0.09521639668188774,0.6397253379129801,0.6515995981026665
725.275999680161,-1.0,0.09504004046512295,0.6406859677686506,0.6524364577569979
725.375999137759,-1.0,0.09488577327877933,0.6415605577216786,0.6532062420639289
725.463999062777,-1.0,0.0947578361385533,0.6423124901128777,0.6538738558237872
725.570999085903,-1.0,0.09461146524600073,0.6432053913526377,0.6546733433113581
725.671994313598,-1.0,0.09448196012252841,0.6440275695525755,0.6554157117454611
725.772999599576,-1.0,0.09436023705783027,0.6448306754127294,0.656146371773167
725.877998024225,-1.0,0.0942413960926947,0.6456460712019304,0.6568935665631455
725.965997949243,-1.0,0.09414740989651381,0.6463147709907209,0.6575102127379431
726.068994775414,-1.0,0.09404351641363037,0.6470810541752334,0.6582209911505679
726.174999028444,-1.0,0.09394300792645852,0.647851966844168,0.6589403499507993
726.275994256139,-1.0,0.09385288360501749,0.6485703570619518,0.659614397733212
726.376999542117,-1.0,0.09376787973022842,0.6492736959960473,0.6602776355953194
726.469998434186,-1.0,0.09369386034839737,0.6499083748880434,0.6608788295165479
726.571999490261,-1.0,0.0936170574943572,0.6505907467654163,0.6615279422308855
726.672994717956,-1.0,0.09354524772389818,0.6512527011723619,0.6621602339574866
726.777993142605,-1.0,0.09347476284160418,0.6519269503317047,0.6628067845725981
726.866998896003,-1.0,0.09341814202386446,0.6524877308188664,0.663346377455537
726.966998353601,-1.0,0.09335773544279904,0.6531063602771817,0.6639434967281344
727.085002139211,-1.0,0.09329054554964765,0.6538213336757341,0.6646359329762718
727.174993604422,-1.0,0.0932420967690764,0.6543559938816972,0.6651552889330868
727.264995127916,-1.0,0.09319590942620168,0.6548818294497042,0.6656673041346912
727.368997782469,-1.0,0.09314520069600528,0.6554787176957935,0.6662499164383097
727.471994608641,-1.0,0.09309761811374738,0.6560588229204982,0.6668175097167501
727.573995664716,-1.0,0.09305294245441441,0.6566228552143933,0.6673705934053877
727.675000950694,-1.0,0.09301094277253547,0.6571714059622419,0.6679095914704246
727.767999842763,-1.0,0.09297413278720713,0.6576679429577044,0.6683983639759924
727.868995070457,-1.0,0.09293606718572583,0.6581981447473708,0.6689211583440551
727.98499725759,-1.0,0.09289464553055468,0.6587958599938498,0.6695115537826252
728.075994551182,-1.0,0.0928637745516596,0.6592565549516041,0.6699672998815485
728.17699983716,-1.0,0.09283108268643542,0.6597597270011791,0.6704657142449274
728.275993466377,-1.0,0.09280055936489479,0.660244739242707,0.670946736521187
728.371999785304,-1.0,0.09277231298346536,0.6607076213173423,0.671406319492569
728.471999242902,-1.0,0.09274423546002523,0.6611821097731031,0.6718779068565136
728.584994003177,-1.0,0.09271406497729412,0.6617091244986543,0.672402223407706
728.666999191046,-1.0,0.0926931478513862,0.6620856854444768,0.6727771672468448
728.76799441874,-1.0,0.0926684584165467,0.6625427808327349,0.6732326177351604
728.868999704719,-1.0,0.09264488841015742,0.6629927333894463,0.6736812644126187
728.974993899465,-1.0,0.09262129664571303,0.6634573737158218,0.6741448523113963
729.064995422959,-1.0,0.09260213546983806,0.6638459943949798,0.6745328009279177
729.164994880557,-1.0,0.09258173324503874,0.6642715747554396,0.674957833771958
729.270999133587,-1.0,0.09256107641234612,0.6647157360537933,0.6754016115549828
729.373000189662,-1.0,0.09254209236962803,0.6651365143288404,0.6758221768706884
729.473995417356,-1.0,0.0925241125154013,0.6655469129548018,0.6762324839751179
729.566994309425,-1.0,0.09250824124751922,0.6659194599644594,0.6766050301148933
729.667999595404,-1.0,0.0924917086414156,0.6663183955202245,0.6770040294785351
729.768994823098,-1.0,0.09247587648459468,0.6667115063712453,0.6773972495964877
729.874999076128,-1.0,0.09245997399190818,0.6671180364117888,0.6778039211235606
729.975994303823,-1.0,0.09244546817318265,0.6674997027270846,0.678185725457749
730.076999589801,-1.0,0.09243156079777971,0.6678760144044507,0.6785621616249857
730.170994251966,-1.0,0.09241913235397918,0.6682214683532773,0.6789077052296857
730.271999537945,-1.0,0.09240630168948687,0.6685877080982336,0.6792739982171181
730.37400059402,-1.0,0.09239387092322886,0.6689524353014225,0.6796387210431841
730.467995256186,-1.0,0.09238286255868822,0.6692840738439501,0.6799702928939994
730.569000542164,-1.0,0.09237148885182826,0.6696357812509954,0.6803218509265819
730.669995769858,-1.0,0.09236056665582965,0.6699827220843455,0.6806685518201441
730.776000022888,-1.0,0.09234956424023362,0.6703418921128862,0.6810273621325413
730.876995250583,-1.0,0.09233950058680299,0.6706794507503142,0.6813644660284502
730.966001003981,-1.0,0.09233095506939562,0.6709732617440178,0.6816577790709408
731.07099942863,-1.0,0.09232124843815251,0.6713155245824689,0.6819993337967637
731.171994656324,-1.0,0.09231227644332782,0.6716403972046839,0.6823233942251414
731.271994113922,-1.0,0.0923037291685026,0.6719579602488602,0.6826400208806604
731.377998366952,-1.0,0.09229501738747405,0.67229022356155,0.6829711424212662
731.466994062066,-1.0,0.09228796858251566,0.6725657716514999,0.6832456096964652
731.567999348044,-1.0,0.09228025060828772,0.6728748146160499,0.6835532886846188
731.672002002597,-1.0,0.09227260280870966,0.6731890102455587,0.6838659228612071
731.774998828769,-1.0,0.09226531485449407,0.6734962310364742,0.6841714369611044
731.876999884844,-1.0,0.09225836514126917,0.6737966998171045,0.6844700552783034
731.964999809861,-1.0,0.09225257461661404,0.6740529586509209,0.6847245877308762
732.06999823451,-1.0,0.09224590651865058,0.6743551878112062,0.6850246004225996
732.171999290586,-1.0,0.09223966818368019,0.6746451831288409,0.6853122763088548
732.276001945138,-1.0,0.09223353997198523,0.6749372825187279,0.6856018407473493
732.366999238729,-1.0,0.09222836277991006,0.6751899409681601,0.6858521395518056
732.467994466424,-1.0,0.09222281054396538,0.6754672337541401,0.6861266581341081
732.573002949357,-1.0,0.09221724618882174,0.675752121840289,0.6864084896106597
732.674993947148,-1.0,0.09221203627405994,0.676025547109018,0.6866787771401983
732.775999233127,-1.0,0.09220705780418806,0.6762932084647835,0.6869431670342291
732.868002355099,-1.0,0.09220267358448436,0.6765343601976002,0.6871811969407895
732.96999335289,-1.0,0.09219797473208324,0.6767987871347154,0.6874420055823467
733.070998638868,-1.0,0.09219348301757588,0.6770577011777371,0.6876971745778871
733.183993399143,-1.0,0.09218864023399981,0.67734392831097,0.6879790217235952
733.265998587012,-1.0,0.09218524134147237,0.6775494339023619,0.6881812233476211
733.366993814707,-1.0,0.09218118385194546,0.6778000060192222,0.6884275825281756
733.466993272305,-1.0,0.0921773012449528,0.6780454099704937,0.6886686597934056
733.574999123812,-1.0,0.09217325392650573,0.6783075006540977,0.6889259058099958
733.675994351506,-1.0,0.09216960072112336,0.6785498473699311,0.6891635622133312
733.779997006059,-1.0,0.09216596637948853,0.6787967016108223,0.6894054262637606
733.869998529553,-1.0,0.09216292209515425,0.6790081428748467,0.6896124191152606
733.969997987151,-1.0,0.09215964538654144,0.6792407391390545,0.6898399328910966
734.086000174284,-1.0,0.09215597857272914,0.6795075332303581,0.6901006491353685
734.176997467875,-1.0,0.09215319936332192,0.6797145849612483,0.690302797633163
734.264997392893,-1.0,0.0921505900697723,0.6799129799781671,0.6904963388944193
734.374994784594,-1.0,0.0921474330641946,0.6801584698898793,0.6907356085908578
734.471996873617,-1.0,0.09214474210183818,0.680372691476072,0.6909442055360803
734.573002159595,-1.0,0.0921420295688188,0.6805935350230085,0.6911590557476336
734.685001149774,-1.0,0.09213912436694636,0.6808358147175649,0.6913945288709729
734.768002107739,-1.0,0.09213703844342093,0.6810136288424208,0.6915671910540144
734.868997335434,-1.0,0.09213457451377348,0.6812280311635333,0.6917752025849936
734.977998957038,-1.0,0.09213200332382378,0.6814570528049544,0.6919971786935303
735.075001046062,-1.0,0.09212978905861129,0.6816588213232647,0.6921925498807266
735.16699410975,-1.0,0.0921277518942193,0.6818484228261649,0.6923759753866843
735.267999395728,-1.0,0.09212558367709332,0.6820546688837169,0.6925753201092595
735.373993590474,-1.0,0.09212338214431254,0.6822689645156382,0.6927822400196222
735.474998876452,-1.0,0.0921213520846721,0.6824711699431536,0.6929772916837541
735.575994104147,-1.0,0.09211938613284107,0.6826714316284365,0.6931702801100728
735.669998824596,-1.0,0.09211761176447271,0.6828561303065146,0.6933481026133661
735.770994052291,-1.0,0.09211576310129047,0.6830527638211645,0.6935372361275203
735.871999338269,-1.0,0.0921139729484926,0.6832475794619858,0.693724436850752
735.964998230338,-1.0,0.09211237520102672,0.6834253522343899,0.6938950990800333
736.064997687936,-1.0,0.0921107093756609,0.6836148212202016,0.6940768176643072
736.166002973914,-1.0,0.09210908024450089,0.6838044490718278,0.6942585089498825
736.266998201609,-1.0,0.09210750358240653,0.6839923295169766,0.6944383467521632
736.374993994832,-1.0,0.09210587402465348,0.6841913506445892,0.694628651610005
736.47599928081,-1.0,0.09210440141731298,0.684375756058135,0.694804798234671
736.568998172879,-1.0,0.09210308593418393,0.6845440836589027,0.694965432584428
736.669993400574,-1.0,0.09210170046902402,0.6847253221125972,0.6951382211027907
736.771994456649,-1.0,0.09210034575607244,0.6849067386392405,0.6953110046311507
736.864993348718,-1.0,0.09209914822655745,0.6850707398840256,0.6954670497230955
736.965998634696,-1.0,0.09209788672164242,0.6852473647368601,0.6956349432136373
737.065998092294,-1.0,0.09209667631666284,0.6854207186349089,0.6957995617842343
737.172002345324,-1.0,0.09209543324451122,0.685602863800043,0.6959723501670819
737.274999171495,-1.0,0.09209426405761562,0.6857782680806603,0.6961385699738855
737.37599439919,-1.0,0.09209315245999253,0.68594878070768,0.6962999890455651
737.467997521162,-1.0,0.09209216837403641,0.6861028516882423,0.69644570205975
737.569998577237,-1.0,0.0920911075195833,0.6862722807206922,0.6966057839403785
737.670993804932,-1.0,0.09209008663764426,0.6864386242069309,0.6967627902384146
737.776998057961,-1.0,0.0920890446824625,0.6866117253627596,0.696926004935024
737.865993753076,-1.0,0.09208819169599043,0.6867558881057568,0.6970618007118491
737.966999039054,-1.0,0.09208726062326364,0.6869182352727629,0.6972145794926693
738.067994266748,-1.0,0.09208636052595814,0.6870792340600003,0.6973659354733249
738.173002749681,-1.0,0.09208545660087862,0.6872452373150392,0.6975218345267514
738.274993747473,-1.0,0.09208460986368983,0.6874051292843438,0.6976718379579039
738.366996869445,-1.0,0.0920838725779889,0.687548244333373,0.6978059710417387
738.466996327043,-1.0,0.09208309637960618,0.6877026114112694,0.6979505103973144
738.570998981595,-1.0,0.09208231231240568,0.6878618657755204,0.6980994731905275
738.675001636147,-1.0,0.09208155462130937,0.6880198186489253,0.6982470643085045
738.775996863842,-1.0,0.09208084318411233,0.6881719752135924,0.6983890930977577
738.865998387337,-1.0,0.09208022868117162,0.6883065617031702,0.6985146009399624
738.970001041889,-1.0,0.09207954060634083,0.6884609178056055,0.6986584048662132
739.082995802164,-1.0,0.09207881755202815,0.6886272230177838,0.698813172798117
739.173993095756,-1.0,0.09207825320671202,0.6887601080504079,0.6989367128166971
739.275994151831,-1.0,0.09207763861890893,0.688907968904113,0.6990740429151968
739.377995207906,-1.0,0.09207704194363436,0.689054688746419,0.6992101744490691
739.469998329878,-1.0,0.09207651813679144,0.6891860608932011,0.6993319478887426
739.570993557572,-1.0,0.0920759601593401,0.6893292306242818,0.6994645293124605
739.664002507925,-1.0,0.09207546409469522,0.6894601257885323,0.6995856269162803
739.76499773562,-1.0,0.0920749423814328,0.6896012376247774,0.6997160505510455
739.866998791695,-1.0,0.09207443331302544,0.6897426870499151,0.6998466543971888
739.969995617867,-1.0,0.09207393748935379,0.6898844419423624,0.6999774071802716
740.073002502322,-1.0,0.09207346004182529,0.690025143120598,0.7001070555473679
740.17300195992,-1.0,0.09207301189074474,0.6901607314497881,0.7002318674381423
740.282999351621,-1.0,0.09207253748249135,0.6903087451502989,0.7003679759381108
740.368001908064,-1.0,0.0920721842085497,0.6904223237683538,0.7004723186551517
740.468997135758,-1.0,0.09207177954395454,0.6905563737548546,0.7005953553520968
740.563001856208,-1.0,0.0920714176004802,0.6906802792055244,0.700708971970728
740.677002444863,-1.0,0.09207099481421699,0.6908294339795485,0.7008456017456606
740.765002369881,-1.0,0.09207067699501202,0.6909437500795742,0.7009502147573747
740.874999761581,-1.0,0.09207029173297313,0.6910856494896893,0.7010799441559235
740.972001850605,-1.0,0.09206996190946322,0.6912098800881408,0.7011934053366861
741.07400290668,-1.0,0.09206962381678716,0.6913396092729273,0.7013117735465932
741.167001798749,-1.0,0.09206932218118893,0.6914570907929576,0.7014188649630101
741.267997026443,-1.0,0.09206901022706207,0.6915838198303741,0.7015342768630772
741.367996484041,-1.0,0.09206871361075375,0.6917084348716586,0.7016476529459729
741.478999704123,-1.0,0.09206839684712809,0.6918457680428424,0.7017724727783372
741.576001793146,-1.0,0.09206813057171816,0.6919649334285336,0.7018806717517666
741.676997020841,-1.0,0.09206786354902613,0.6920881771610305,0.7019924675276459
741.764996945858,-1.0,0.09206763935099911,0.6921948809769711,0.702089171954463
741.871001198888,-1.0,0.09206737986235218,0.6923225782109268,0.702204794224423
741.971000656486,-1.0,0.09206714523799289,0.6924422167218487,0.7023130133023106
742.074993252754,-1.0,0.09206691151887184,0.6925657937815093,0.7024246866305115
742.166996374726,-1.0,0.09206671332179119,0.6926744192377131,0.7025227575276609
742.268997430801,-1.0,0.09206650234191294,0.6927940819524881,0.7026306937954221
742.37000271678,-1.0,0.09206630149225968,0.6929117849513515,0.7027367593279394
742.475001141429,-1.0,0.09206610149157843,0.6930333211015588,0.7028461724232534
742.577002197504,-1.0,0.09206591544724023,0.6931505968051342,0.7029516471482354
742.665002122521,-1.0,0.09206576121849934,0.6932511556040593,0.7030420065088155
742.770996317267,-1.0,0.09206558269289045,0.693371523013286,0.703150067080293
742.872001603246,-1.0,0.09206541938724146,0.6934854659569365,0.7032522609370745
742.97299683094,-1.0,0.09206526254737847,0.6935986670747211,0.7033536941273414
743.064999952912,-1.0,0.0920651249818321,0.6937011609599943,0.7034454511241326
743.167001008987,-1.0,0.09206497804568033,0.6938141007992844,0.7035464694526853
743.267000466585,-1.0,0.09206484039681585,0.693924123239101,0.7036447865974452
743.374000489712,-1.0,0.09206470125836867,0.6940410842317978,0.7037492039058245
743.473999947309,-1.0,0.09206457771795742,0.6941496905211134,0.7038460705458287
743.576996773481,-1.0,0.09206445694214394,0.6942608510038751,0.7039451234707117
743.668999895453,-1.0,0.09206435453185693,0.6943595515753938,0.7040329957155204
743.771000951529,-1.0,0.09206424694680726,0.6944683293482734,0.7041297547075546
753.784002363682,1.0,0.09079062582554931,0.7104823202421934,0.7175184469825859
763.786000013351,1.0,0.09067253143771109,0.7203144978851079,0.7251130467238383
773.783994466066,1.0,0.09061734077529376,0.7275817024871813,0.7305364663143453
783.780993148685,1.0,0.09058965452585158,0.7333838580712426,0.7348128638585861
793.776000291109,1.0,0.09057509093006338,0.738040691983977,0.7383783726452716
803.784998506308,1.0,0.09056703926271642,0.7414611846382753,0.7424272865927583
813.788001984358,1.0,0.09056233743665369,0.7441958208720243,0.7461329294987806
823.782999068499,1.0,0.0905594102766861,0.7466582267318971,0.7494681934103231
833.779997751117,1.0,0.09055745802363833,0.7489110745410225,0.7525170210285282
843.797002360225,1.0,0.09055606730410407,0.7509983654452629,0.7553410716215218
853.777002543211,1.0,0.09055502568385679,0.7529385067710436,0.7579665836304323
863.783999159932,1.0,0.0905542029979568,0.7547667950813557,0.7604420633370809
873.778996244073,1.0,0.09055353443394255,0.7564934874348356,0.7627817514873033
883.791997656226,1.0,0.09055297274292043,0.758137624196944,0.765011553544091
893.778998404741,1.0,0.09055249785431672,0.7597033157845933,0.7671370023488586
903.782997652888,1.0,0.09055208170612238,0.7612065469159179,0.7691796764156474
911.356995999813,1.0,0.09055180636847857,0.762305974724317,0.7706749451609968
911.482996121049,1.0,0.09184972113412633,0.7622577742598652,0.7706240416895241
911.584001407027,1.0,0.0918521450757229,0.7621671570832828,0.7705238727317709
911.677000299096,1.0,0.09185440747750706,0.7620850337533724,0.7704329114113158
911.777995526791,1.0,0.09185681665474209,0.761997260877801,0.7703354797525859
911.879000812769,1.0,0.0918591722597505,0.7619109272330536,0.7702394147546711
911.984995007515,1.0,0.09186158866320535,0.7618218603913836,0.7701400518709142
912.074000760913,1.0,0.09186357696841856,0.7617482593520931,0.7700577345886082
912.174000218511,1.0,0.0918657692102474,0.7616668404775447,0.7699664432532448
912.281000241637,1.0,0.09186806855486161,0.7615811856654277,0.7698701295293784
912.383001297712,1.0,0.09187021758776721,0.7615009128079958,0.7697796032178632
912.485002353787,1.0,0.09187232603503653,0.7614219585752486,0.769690305556428
912.578997015953,1.0,0.09187423386314333,0.7613503447950559,0.7696090816040038
912.680002301931,1.0,0.09187624716160657,0.7612745858848987,0.7695229133895752
912.780997529626,1.0,0.09187822268531066,0.7612000469776046,0.7694378831977353
912.873000651598,1.0,0.09187999007252168,0.7611331771891234,0.769361386265254
912.975001707673,1.0,0.09188191412026905,0.7610601663264397,0.7692776269967105
913.075996935368,1.0,0.09188378304008017,0.760989016017844,0.7691957596810519
913.180995360017,1.0,0.09188568846625379,0.7609162211170016,0.7691117479843518
913.284998014569,1.0,0.09188753865298963,0.7608452706089727,0.7690296155530465
913.384997472167,1.0,0.0918892833108492,0.7607781090137189,0.7689516390156635
913.489995896816,1.0,0.09189107961061255,0.7607086803469483,0.7688707917526262
913.579997420311,1.0,0.09189259086216844,0.7606500374954636,0.7688023128488153
913.681002706289,1.0,0.09189425615565269,0.7605851592398396,0.7687263461334614
913.774997368455,1.0,0.09189577724598037,0.7605256528511684,0.76865647654635
913.876002654433,1.0,0.0918973816259208,0.7604626210532568,0.768582264217065
913.976997882128,1.0,0.09189895524532019,0.7604005202553201,0.7685089413254543
914.078998938203,1.0,0.0919005141317659,0.7603387182853728,0.7684357655992633
914.184993132949,1.0,0.0919021023642437,0.7602754512180663,0.7683606405949934
914.273998886347,1.0,0.09190341167390036,0.7602230592206619,0.7682982632152355
914.374994114041,1.0,0.09190487103070415,0.7601644044971756,0.7682282498866398
914.480998367071,1.0,0.09190637340666512,0.760103729734477,0.7681556240940735
914.581993594766,1.0,0.09190777749833325,0.7600467500280035,0.7680872333566305
914.682998880744,1.0,0.09190915561299202,0.7599905546162028,0.7680196044513673
914.775997772813,1.0,0.09191040195731312,0.7599394973078205,0.7679580033513481
914.877003058791,1.0,0.09191173165352755,0.7598847711595011,0.7678918100040021
914.977998286486,1.0,0.09191303698952923,0.7598307910543696,0.7678263500020802
915.082000941038,1.0,0.09191435646291106,0.7597759606221299,0.76775968581015
915.18499776721,1.0,0.09191563905432883,0.7597224010152079,0.7676943972517951
915.274999290705,1.0,0.09191674064300424,0.7596761897808979,0.7676379309427943
915.392993018031,1.0,0.09191815844581579,0.7596164222690672,0.7675647129348089
915.484000369906,1.0,0.09191923202602478,0.7595709436159106,0.7675088573227087
915.584995597601,1.0,0.09192040357421387,0.7595210916358239,0.7674474886359942
915.67900031805,1.0,0.09192147568862492,0.7594752627170304,0.7673909408755617
915.779995545745,1.0,0.09192260827782585,0.7594266283133877,0.7673307929936223
915.881000831723,1.0,0.0919237215351279,0.7593786006158396,0.767271254854746
915.983001887798,1.0,0.09192482653720267,0.7593307072334703,0.7672117434385028
916.074994951487,1.0,0.09192580694071498,0.7592880263242241,0.7671585908048708
916.176000237465,1.0,0.09192686611684532,0.7592417137062546,0.7671007889313988
916.292998194695,1.0,0.09192807090568725,0.7591887723338638,0.7670345518580295
916.382999718189,1.0,0.09192898194261524,0.7591485505718628,0.7669841127914582
916.483994945884,1.0,0.09192998837224721,0.7591039266618915,0.7669280356425969
916.583994403481,1.0,0.09193096876442339,0.7590602648925713,0.7668730473438662
916.678994894028,1.0,0.09193188565330068,0.7590192576903441,0.7668212935537748
916.780995950103,1.0,0.09193285472700666,0.7589757306183095,0.7667662439568477
916.894000768661,1.0,0.09193391004815547,0.758928102581282,0.7667058709819365
916.97500012815,1.0,0.0919346549287223,0.7588943411615504,0.766662988361708
917.075995355844,1.0,0.09193557048978164,0.7588526782216182,0.7666099698421982
917.1899959445,1.0,0.09193658686623583,0.7588062166192262,0.7665507145608645
917.272996902466,1.0,0.09193731570642699,0.758772759863966,0.7665079598519623
917.374997958541,1.0,0.09193819877668612,0.7587320645247417,0.7664558582020151
917.475993186235,1.0,0.09193905969936965,0.7586922187147885,0.766404741121536
917.581997439265,1.0,0.09193994931931485,0.7586508664465584,0.7663515836725603
917.683002725244,1.0,0.0919407839111934,0.7586119040142996,0.7663013973021924
917.783997952938,1.0,0.09194160596587488,0.7585733659369768,0.7662516611001619
917.878002673388,1.0,0.0919423602015444,0.7585378655390203,0.7662057605490491
917.978002130985,1.0,0.09194315114486094,0.7585004883396411,0.7661573443122044
918.07899735868,1.0,0.0919439383462134,0.7584631354815738,0.766108868741601
918.173002079129,1.0,0.09194466080670632,0.7584287194025167,0.7660641240577469
918.273997306824,1.0,0.09194542620344871,0.7583921149220365,0.7660164494025132
918.376994132996,1.0,0.09194619543643555,0.7583551751856148,0.7659682485924199
918.478995189071,1.0,0.09194694625524429,0.7583189724856452,0.7659209227615643
918.57299990952,1.0,0.09194762876255412,0.7582859362749778,0.765877661491635
918.673995137215,1.0,0.09194835208934174,0.7582507891829061,0.7658315570599786
918.777997791767,1.0,0.09194908641535492,0.7582149634450502,0.7657844784677953
918.880994617939,1.0,0.09194980337136596,0.7581798443735387,0.7657382467224673
918.981999903917,1.0,0.09195049677133227,0.7581457457161783,0.7656932809966825
919.074003025889,1.0,0.0919511200922345,0.7581149778288009,0.7656526409149028
919.175994023681,1.0,0.09195180211177523,0.7580811874227924,0.7656079365174319
919.276999309659,1.0,0.09195246844759086,0.7580480467955597,0.7655640187310968
919.381997734308,1.0,0.09195315172296918,0.7580139313030356,0.7655187333133328
919.4729950279,1.0,0.0919537362434425,0.7579846380246548,0.7654797870440073
919.574000313878,1.0,0.0919543769520053,0.7579524137251255,0.7654368783760167
919.679994508624,1.0,0.09195504034481868,0.7579189207121617,0.7653922077956142
919.786994531751,1.0,0.0919557008820353,0.7578854402390777,0.7653474796530487
919.883996620774,1.0,0.0919562919078205,0.757855370218855,0.7653072443089465
919.975999742746,1.0,0.09195684577122028,0.7578270933909756,0.7652693537698595
920.076994970441,1.0,0.09195744639321002,0.7577963215002173,0.7652280597877543
920.173001289368,1.0,0.0919580103224347,0.7577673261882247,0.7651890925719677
920.285000279546,1.0,0.09195865969731312,0.7577338119853727,0.765143982904572
920.387001335621,1.0,0.09195924328816166,0.7577035766582535,0.7651032224567821
920.476992800832,1.0,0.09195975209615495,0.7576771247995467,0.7650675126684429
920.582001283765,1.0,0.09196033873784405,0.7576465199165755,0.7650261381505158
920.678993314505,1.0,0.09196087393921959,0.7576184976470496,0.76498820017596
920.772998034954,1.0,0.09196138667624992,0.7575915604322313,0.764951681842717
920.877000689507,1.0,0.0919619472554387,0.757562008004704,0.7649115629849682
920.99699601531,1.0,0.09196258542650869,0.7575282329065719,0.7648656404828537
921.08299434185,1.0,0.0919630372215682,0.7575042356462307,0.7648329663231662
921.174001693726,1.0,0.09196351035543748,0.757479027623849,0.7647986023009992
921.283999085426,1.0,0.09196407549962785,0.7574488125157879,0.7647573567511976
921.377993747592,1.0,0.09196455269963237,0.7574232091403554,0.764722359025636
921.484993770719,1.0,0.09196508961780722,0.757394301894614,0.7646827927124114
921.573999524117,1.0,0.0919655312078065,0.7573704468971809,0.7646500996527212
921.676000580192,1.0,0.09196603174250355,0.7573433190922475,0.7646128751380984
921.77999317646,1.0,0.09196653606721965,0.757315889460596,0.7645751865346573
921.885001659393,1.0,0.09196703929070237,0.7572884219051468,0.7645373954606303
921.98399528861,1.0,0.09196750827619261,0.7572627354600876,0.7645020097340003
922.075998410583,1.0,0.09196793949970908,0.7572390413531089,0.7644693298249152
922.176993638277,1.0,0.09196840779526547,0.757213226805948,0.7644336828395539
922.280000522733,1.0,0.09196888003651109,0.7571871057480675,0.7643975675152488
922.383993119001,1.0,0.09196935137537997,0.7571609444197074,0.7643613510592476
922.472998872399,1.0,0.09196975052971178,0.7571387183697613,0.7643305466648598
922.577001526952,1.0,0.0919702120491148,0.7571129374352671,0.7642947743113059
922.681999951601,1.0,0.09197067273939677,0.7570871142632031,0.7642588993736474
922.782995179296,1.0,0.0919711109631136,0.7570624670891003,0.7642246170246777
922.874002531171,1.0,0.09197150179631831,0.757040416015824,0.7641939115885372
922.977995127439,1.0,0.09197194376471762,0.7570154002555761,0.7641590389783444
923.079000413418,1.0,0.09197236838159242,0.7569912861171405,0.764125384077432
923.193001002073,1.0,0.09197284221094282,0.7569642829860984,0.7640876515526143
923.274996131659,1.0,0.09197317953273966,0.7569449986120056,0.7640606755382987
923.374995589256,1.0,0.09197358702955502,0.756921633992455,0.7640279590998736
923.478998243809,1.0,0.0919740063673442,0.7568975114948088,0.7639941438154949
923.583000898361,1.0,0.0919744212170137,0.7568735674855226,0.7639605409727228
923.685001954436,1.0,0.09197482379139071,0.7568502553207841,0.7639277887345939
923.773001879454,1.0,0.09197516774198605,0.7568302774522799,0.7638996926494183
923.8789960742,1.0,0.09197557794623676,0.7568063776494437,0.7638660465626146
923.978995531797,1.0,0.09197596092379627,0.7567839909703088,0.7638344967166718
924.082002416253,1.0,0.0919763513918259,0.7567610927760127,0.7638021920314325
924.187996610999,1.0,0.09197674898127588,0.756737699635045,0.7637691536417776
924.275996536016,1.0,0.09197707590430675,0.7567184059618038,0.7637418783856014
924.389001354575,1.0,0.0919774915430762,0.756693798942813,0.7637070565102283
924.482000246644,1.0,0.09197783012285753,0.7566736889927348,0.7636785692276397
924.573993310332,1.0,0.09197816199525599,0.7566539200596692,0.7636505393347672
924.675994366407,1.0,0.09197852647693876,0.756632142434197,0.7636196318750855
924.777995422482,1.0,0.09197888733104069,0.756610512388741,0.7635889032432893
924.881998077035,1.0,0.091979251581075,0.7565886080401508,0.7635577537918404
924.993997067213,1.0,0.09197963973165295,0.7565651870582625,0.7635244128795752
925.074000656605,1.0,0.09197991442236253,0.7565485620693202,0.7635007245916368
925.177993252873,1.0,0.091980268310094,0.7565270816993159,0.7634700912001391
925.283997505903,1.0,0.09198062549857718,0.7565053323920023,0.7634390448454423
925.381995365024,1.0,0.09198095251118195,0.7564853573805779,0.7634105042972037
925.476000085473,1.0,0.0919812633478663,0.7564663137796385,0.7633832705259331
925.580002740026,1.0,0.09198160403195678,0.7564453773277746,0.763353302758475
925.680002197623,1.0,0.09198192846079112,0.756425376586536,0.7633246478398508
925.781993195415,1.0,0.09198225621798366,0.7564051071626824,0.7632955815479576
925.87300054729,1.0,0.0919825460389559,0.756387129955651,0.7632697800010599
925.975997373462,1.0,0.09198287107417684,0.7563669074905439,0.7632407309064907
926.077998429537,1.0,0.09198318989753619,0.7563470080054774,0.7632121198120713
926.184002682567,1.0,0.09198351803859452,0.756326460410466,0.7631825498609687
926.284002140164,1.0,0.0919838247388845,0.756307196906862,0.7631548043943023
926.372997835279,1.0,0.09198409533530366,0.7562901516543327,0.7631302341452169
926.477996259928,1.0,0.09198441177233403,0.7562701594276381,0.7631013923052858
926.581003144383,1.0,0.09198471928151712,0.756250669171947,0.7630732501237689
926.681998372078,1.0,0.09198501800770961,0.7562316762693312,0.7630458028173259
926.772995665669,1.0,0.0919852848349327,0.7562146614687411,0.7630211946556008
926.876002550125,1.0,0.09198558424750729,0.7561955119128986,0.762993477036456
926.978999376297,1.0,0.09198588087164043,0.7561764806445687,0.7629659075543519
927.081996202469,1.0,0.0919861747701324,0.7561575645272387,0.7629384820965958
927.186994627118,1.0,0.09198647161178776,0.7561383979578586,0.7629106704051803
927.274994552135,1.0,0.09198671831644106,0.7561224232003959,0.7628874731241692
927.379992976785,1.0,0.09198701018316092,0.7561034686934341,0.7628599281968546
927.473997697234,1.0,0.09198726921675278,0.7560865956365771,0.762835389207639
927.573001384735,1.0,0.09198753973125641,0.7560689231686218,0.7628096686140243
927.677999809384,1.0,0.09198782408545507,0.7560502891511286,0.7627825275689604
927.778995037079,1.0,0.09198809516157679,0.7560324698500772,0.7627565530558457
927.880996093154,1.0,0.09198836654211474,0.7560145757376402,0.7627304497296828
927.972999215126,1.0,0.09198860928183071,0.7559985231508117,0.7627070159370276
928.075000271201,1.0,0.09198887616377559,0.755980822244995,0.7626811574930663
928.177001327276,1.0,0.09198914072125304,0.7559632213788624,0.7626554260749988
928.280993923545,1.0,0.0919894080883267,0.7559453782171284,0.7626293212176378
928.384000808001,1.0,0.09198967059835077,0.7559278043568963,0.7626035913447401
928.474002331495,1.0,0.09198989809344958,0.755912530115862,0.7625812130436834
928.579000756145,1.0,0.09199016131512089,0.7558948050056814,0.7625552261681924
928.681997582316,1.0,0.09199041726232646,0.7558775154424825,0.7625298594518555
928.783002868295,1.0,0.09199066611449218,0.7558606531528964,0.7625051021421013
928.876001760364,1.0,0.09199089338181002,0.7558452080961644,0.7624824104973936
928.976996988058,1.0,0.09199113819252366,0.7558285217245638,0.7624578788971853
929.088000208139,1.0,0.09199140488834523,0.755810284958579,0.7624310487039975
929.180999100208,1.0,0.09199162643275542,0.7557950884777485,0.7624086760551537
929.27300222218,1.0,0.09199184390483427,0.7557801288734656,0.7623866380592476
929.378996416926,1.0,0.0919920924015209,0.7557629836571413,0.7623613637089218
929.476994276047,1.0,0.09199232022493793,0.7557472160821149,0.7623381046152689
929.58200275898,1.0,0.09199256231820523,0.7557304092892773,0.762313296197702
929.689998552203,1.0,0.0919928091379943,0.7557132190796751,0.7622879044560721
929.772999510169,1.0,0.09199299736261199,0.75570007197375,0.7622684730150238
929.878993704915,1.0,0.09199323589507616,0.7556833634794273,0.7622437631806567
929.978993162513,1.0,0.0919934590015567,0.7556676844750376,0.7622205599366303
930.082000046968,1.0,0.09199368688961947,0.7556516183633859,0.7621967680908981
930.18499687314,1.0,0.09199391284371372,0.7556356378465119,0.7621730875920246
930.275994166732,1.0,0.0919941108997316,0.7556215883590813,0.7621522558982428
930.377995222807,1.0,0.09199433116960001,0.7556059164145473,0.7621290045855122
930.479000508785,1.0,0.09199454750057103,0.755590476336273,0.7621060829416811
930.572995170951,1.0,0.09199474723521202,0.7555761777349168,0.7620848432385797
930.674996227026,1.0,0.09199496227423577,0.7555607367053052,0.7620618928912473
930.784993618727,1.0,0.0919951921966874,0.755544172522145,0.7620372574590096
930.883997306228,1.0,0.09199539741182003,0.7555293403861945,0.7620151843435232
930.972993001342,1.0,0.09199558050116059,0.755516068850061,0.7619954227779948
931.081994622946,1.0,0.09199580298700184,0.7554998921400481,0.7619713214682734
931.18000254035,1.0,0.09199600139655043,0.7554854197650481,0.7619497465494329
931.275003030896,1.0,0.09199619225608086,0.7554714565659529,0.7619289192514127
931.388993561268,1.0,0.09199641938414607,0.7554547858444168,0.7619040388312314
931.502994149923,1.0,0.08340391722408035,0.7558360366819146,0.7623330626743036
931.611000001431,1.0,0.08333932455059008,0.756568387941278,0.7631646885971787
931.701001524925,1.0,0.08331664880907734,0.7571721361152107,0.7638516716773989
931.803998351097,1.0,0.08344565709484046,0.7578478454915032,0.7646221338645401
931.910002604127,1.0,0.08396085437216834,0.7585036591663241,0.7653716656051767
931.994995102286,1.0,0.08438840259433583,0.7589887108670035,0.7659273603568574
932.101995125413,1.0,0.09190793839265841,0.7592448007544822,0.766223800233339
932.205997779965,1.0,0.0919095143829273,0.7591734158314128,0.7661475833027677
932.313993573189,1.0,0.09191165538125053,0.7591004017059663,0.766069858637485
932.405996695161,1.0,0.09191342777114211,0.7590391304217751,0.766004743744148
932.509999349713,1.0,0.0919153384716146,0.7589709273462749,0.7659323267904318
932.60499984026,1.0,0.09191700949702247,0.7589096294145019,0.7658672586403068
932.710994035006,1.0,0.09191880998626889,0.7588423821385946,0.7657958498726997
932.814000919461,1.0,0.09192051110756007,0.7587781946614167,0.7657276260418574
932.909001410007,1.0,0.09192204723743753,0.7587200152095088,0.7656657035038392
933.013999834657,1.0,0.09192371543115835,0.7586568462440267,0.765598350159529
933.104997128248,1.0,0.09192513948442406,0.7586030560350173,0.7655408773943071
933.212992921472,1.0,0.09192680579632063,0.7585403561051738,0.7654737237734277
933.304000273347,1.0,0.09192819084476221,0.7584884659517929,0.7654180008631651
933.408998697996,1.0,0.09192976726378052,0.758429656850438,0.7653546708685149
933.520997688174,1.0,0.09193142295101554,0.758368153881789,0.7652882218163548
933.608997613192,1.0,0.09193270466562954,0.7583207010280388,0.7652367897996392
933.713996037841,1.0,0.0919342111925513,0.7582650643784229,0.7651762962166732
933.804993331432,1.0,0.09193549622900424,0.7582176938605965,0.765124619662598
933.911993354559,1.0,0.09193698211256408,0.7581629767490393,0.7650647244944604
934.003996476531,1.0,0.09193823753202854,0.758116760383587,0.7650139575029047
934.10899490118,1.0,0.09193964474007915,0.7580649336544633,0.7649568279661697
934.203995391726,1.0,0.09194089420811885,0.7580188654797453,0.7649058633231858
934.308993816376,1.0,0.09194224868857882,0.757968837255471,0.7648503170744201
934.412996470928,1.0,0.09194356278220472,0.7579201803417459,0.764796087704681
934.507996961474,1.0,0.09194473916538402,0.7578764958881384,0.7647472231719514
934.612995386124,1.0,0.09194601281171742,0.7578290382478786,0.7646939438158556
934.704002737999,1.0,0.09194709434147785,0.7577885877716605,0.7646483683344493
934.811998531222,1.0,0.09194835100996239,0.7577413892408257,0.7645949965540875
934.904001653194,1.0,0.09194939893306377,0.7577018510976183,0.7645501240328714
935.009000077844,1.0,0.09195056976028937,0.7576574635535734,0.7644995676224136
935.10400056839,1.0,0.0919516063696144,0.7576179617481109,0.7644544131001115
935.207993164659,1.0,0.09195271676586682,0.7575754209226022,0.764405610499194
935.311995819211,1.0,0.09195380230369876,0.7575335894403323,0.7643574429406953
935.406996309757,1.0,0.09195477249344176,0.7574959867681467,0.7643139913783324
935.511994734406,1.0,0.09195582153377338,0.7574550852718989,0.7642665608733018
935.603997856379,1.0,0.09195672109502956,0.7574198007983447,0.7642255025189284
935.711993649602,1.0,0.09195775414835954,0.7573790275851962,0.7641778920479931
935.803001001477,1.0,0.09195860594206451,0.757345196028742,0.7641382513127597
935.906993597746,1.0,0.09195955876585253,0.7573071137117502,0.764093480717207
936.014999449253,1.0,0.09196052580128523,0.7572681966286637,0.7640475638709313
936.105996742845,1.0,0.09196132315129509,0.7572358980104258,0.7640093280620551
936.210995167494,1.0,0.09196222390875218,0.7571991729654186,0.7639657098698236
936.30599565804,1.0,0.09196302154843881,0.7571664346549395,0.7639266979536768
936.409998312593,1.0,0.09196387636696879,0.7571311146976987,0.7638844723698416
936.502997204661,1.0,0.09196462485590126,0.7570999818568814,0.7638471334020901
936.611998826265,1.0,0.09196548357961788,0.7570640197909118,0.7638038624782038
936.706999316812,1.0,0.09196621608887495,0.757033130837906,0.7637665749453911
936.806998774409,1.0,0.09196697156368928,0.7570010622478236,0.7637277444626721
936.906998232007,1.0,0.09196771148355933,0.7569694403368856,0.7636893353570202
937.011996656656,1.0,0.09196847210519844,0.7569367070033776,0.763649450446595
937.113997712731,1.0,0.09196919547587132,0.7569053576024601,0.7636111310376074
937.204995006323,1.0,0.09196982823429405,0.7568777554658075,0.7635772936010434
937.313996627927,1.0,0.0919705709951206,0.7568451351047948,0.7635371847759599
937.404993921518,1.0,0.09197117871803082,0.7568182644578613,0.763504047778613
937.505999207497,1.0,0.09197184047146409,0.7567888151377685,0.7634676287196871
937.605002894998,1.0,0.09197247636978427,0.7567603254994623,0.7634322944155458
937.710001319647,1.0,0.09197313736441096,0.756730508327596,0.7633952056171812
937.810000777245,1.0,0.09197375440337499,0.7567024825800863,0.7633602439325694
937.908994406462,1.0,0.09197435355871261,0.7566750879713479,0.7633259743954669
938.013992831111,1.0,0.09197497670263868,0.7566464028913299,0.7632899892367244
938.110994920135,1.0,0.09197554138555357,0.7566202344907196,0.7632570704872909
938.21299597621,1.0,0.0919761240728361,0.7565930539320493,0.7632227864752683
938.304999098182,1.0,0.09197664013701005,0.7565688271282143,0.7631921488676844
938.409997522831,1.0,0.09197721836099303,0.7565415066589948,0.7631575090064316
938.505993783474,1.0,0.09197773725088614,0.7565168283639246,0.7631261369703565
938.611002266407,1.0,0.09197829445564724,0.7564901540621528,0.7630921395213744
938.701999559999,1.0,0.09197876874618549,0.7564673043471281,0.7630629437726222
938.808999583125,1.0,0.09197931653037845,0.75644074483987,0.7630289231931151
938.913998007774,1.0,0.09197984391524336,0.7564149994239697,0.7629958582832345
939.006001129746,1.0,0.09198029797061574,0.7563926932347215,0.7629671409184747
939.11399692297,1.0,0.09198082160477218,0.7563668046304147,0.7629337303975361
939.206000044942,1.0,0.09198125992498973,0.7563449960078303,0.7629055175831398
939.308996871114,1.0,0.09198174235012117,0.7563208445504165,0.76287420161303
939.403001591563,1.0,0.09198217521267484,0.7562990394565721,0.7628458626707095
939.51000161469,1.0,0.09198265948449219,0.7562744904926119,0.7628138833401767
939.601994678378,1.0,0.09198306883263588,0.7562536102241056,0.7627866211212453
939.705997332931,1.0,0.09198352400791059,0.7562302503313784,0.7627560537243097
939.814998954535,1.0,0.0919839926067574,0.7562060423413342,0.762724301154097
939.905996248126,1.0,0.09198437733886929,0.7561860438831984,0.762698012135096
940.010994672775,1.0,0.09198481413319658,0.756163202151224,0.7626679213789134
940.107000991702,1.0,0.09198520698561563,0.7561425315680349,0.7626406318913116
940.210993587971,1.0,0.09198562564161078,0.7561203686573998,0.7626113099971717
940.302996709943,1.0,0.09198599020380499,0.756100954198221,0.7625855714249339
940.409996733069,1.0,0.09198640747486776,0.7560785987843623,0.7625558727435477
940.502995625138,1.0,0.0919867644114121,0.7560593603367415,0.7625302625050301
940.606998279691,1.0,0.09198715741319208,0.7560380526579771,0.7625018412025227
940.714994072914,1.0,0.09198755877332537,0.7560161537999299,0.7624725695441008
940.806997194886,1.0,0.09198789540647202,0.7559976768793232,0.7624478231164143
940.911995619535,1.0,0.09198827378158449,0.7559767874428392,0.7624197919123559
941.006996110082,1.0,0.09198861091102427,0.7559580650499602,0.7623946203004132
941.110998764634,1.0,0.09198897443316237,0.7559377587372494,0.7623672675941796
941.203001886606,1.0,0.0919892912796487,0.7559199580536942,0.7623432459181565
941.310001909733,1.0,0.09198965430723735,0.755899444427452,0.7623155121818656
941.403000801802,1.0,0.09198996515440667,0.7558817769943276,0.7622915826419197
941.507999226451,1.0,0.09199031100100931,0.7558620075823995,0.7622647582105674
941.602999716997,1.0,0.09199061934593346,0.7558442801032108,0.7622406614828837
941.707998141646,1.0,0.09199095520091187,0.755824860046149,0.7622142175685569
941.812000796199,1.0,0.09199128286818921,0.7558058000902135,0.7621882168402034
941.907001286745,1.0,0.0919915779169661,0.7557885401782795,0.7621646314421469
942.010993883014,1.0,0.09199189633425041,0.7557698081196416,0.7621389912487364
945.879993215203,-1.0,0.09314422870032939,0.7519833637146225,0.7575015494302701
946.898997947574,-1.0,0.0920046705263505,0.7522201037258343,0.757664682986657
947.885997220874,-1.0,0.09200824077540906,0.7523869628822554,0.757770405104781
948.893998190761,-1.0,0.09201157330487847,0.7525077193279307,0.7578376895995549
949.897000193596,-1.0,0.09201413476398367,0.7525901551557364,0.7578733522744424
950.88699683547,-1.0,0.09201604389704995,0.7526435996903169,0.7578849707614771
951.892000436783,-1.0,0.09201750977866763,0.7526762868644791,0.7578782494090012
952.884994447231,-1.0,0.09201861751210275,0.7526922556859802,0.75785741454075
953.889002278447,-1.0,0.09201948755440616,0.7526957288176792,0.7578252448435246
954.893995821476,-1.0,0.09202017061729333,0.7526893660729986,0.7577844000861065
955.884998291731,-1.0,0.09202070708810242,0.7526756327099512,0.7577375922804973
956.89099766314,-1.0,0.09202114654668826,0.7526558152589355,0.7576849824076121
957.896001264453,-1.0,0.09202150539933493,0.75263142826997,0.7576285186942413
958.890996873379,-1.0,0.09202179940390334,0.752603784698379,0.7575697241888325
959.894994646311,-1.0,0.09202204844284981,0.7525731608690042,0.7575082371766004
960.892997682095,-1.0,0.09202225897498759,0.7525406252011407,0.757445563425136
961.886001750827,-1.0,0.09202243937075032,0.7525066686221749,0.7573821377239032
962.899001687765,-1.0,0.0920225994477752,0.7524708031801421,0.7573167294201871
963.895998895168,-1.0,0.09202273802876605,0.7524346145447224,0.7572519674332665
964.894001930952,-1.0,0.09202286150256787,0.7523977595687665,0.7571870019941026
965.89500233531,-1.0,0.09202297272544131,0.7523603658682863,0.7571219005201874
966.883993148804,-1.0,0.0920230722420412,0.7523231630708284,0.7570577945118454
967.883997783065,-1.0,0.09202316405705349,0.7522854201121636,0.7569933184480262
968.884002417326,-1.0,0.09202324837120088,0.7522476609128275,0.7569292905865801
969.89299915731,-1.0,0.09202332692400293,0.7522096373847326,0.7568652245555552
970.901000127196,-1.0,0.09202339971411559,0.7521718019387044,0.75680182728569
971.890000998974,-1.0,0.09202346628803991,0.7521348853323474,0.7567402637787772
972.884000837803,-1.0,0.09202352893092469,0.7520980355589498,0.756679065645277
973.894999176264,-1.0,0.092023588737904,0.7520608565476358,0.7566175474508418
974.893002212048,-1.0,0.0920236443027258,0.7520244854559521,0.7565575613755786
975.904000550508,-1.0,0.09202369740847663,0.7519880016057604,0.7564975619302696
976.893001422286,-1.0,0.09202374654202537,0.7519526834639962,0.7564396266037964
977.892995998263,-1.0,0.09202379363609159,0.7519173629503932,0.7563818168974609
978.891994804144,-1.0,0.09202383830061074,0.7518824820216458,0.7563248407176609
979.884998872876,-1.0,0.09202388052169017,0.7518482204716929,0.7562689753698456
980.89500144124,-1.0,0.09202392140965104,0.7518137989305598,0.7562129380065492
981.884998083115,-1.0,0.0920239596240848,0.7517804814373628,0.7561587742154886
982.88800008595,-1.0,0.0920239965940406,0.7517471555720194,0.7561046641132972
983.908996358514,-1.0,0.09202403254777126,0.7517136771630639,0.7560503670346106
984.890996664762,-1.0,0.09202406563860742,0.7516819014739017,0.755998881826108
985.887993872166,-1.0,0.09202409783988194,0.7516500649534513,0.7559473418471071
986.893993243575,-1.0,0.09202412900066194,0.7516183725758401,0.7558960738863412
987.893002107739,-1.0,0.09202415870638116,0.7515873268215089,0.7558458849722022
988.894002512097,-1.0,0.09202418731240233,0.7515566420693248,0.7557963078075985
989.884994924068,-1.0,0.09202421456069755,0.7515266773272749,0.7557479174432501
990.887996926904,-1.0,0.0920242411203819,0.7514967638381154,0.755699629745018
991.891994699836,-1.0,0.09202426674247341,0.7514672334829662,0.7556519770330401
992.887000367045,-1.0,0.09202429124094007,0.7514383701948723,0.7556054139166305
993.890002369881,-1.0,0.09202431508905777,0.7514096753623962,0.7555591329643222
994.891998544335,-1.0,0.09202433811386354,0.7513814053101032,0.7555135449836117
995.895000547171,-1.0,0.09202436040819832,0.7513534977007027,0.7554685470092982
1005.91500252485,-1.0,0.09202453627909381,0.7510948915715571,0.7550515020604787
1015.919001773,-1.0,0.09202464637716382,0.7508693306926415,0.7546869512274331
1025.90799406171,-1.0,0.09202474256540973,0.7506714641335653,0.754365927668021
1035.91999970376,-1.0,0.09202483388318881,0.7504962125796583,0.7540802376412037
1045.90900205076,-1.0,0.09202491954167302,0.7503408201221652,0.7538255728966629
1055.9130012989,-1.0,0.09202499931249164,0.7502017630312887,0.7535963875646926
1065.91700054705,-1.0,0.09202507283123366,0.7500769063251357,0.7533893914254971
1075.91299340129,-1.0,0.09202514033721372,0.7499643757259965,0.7532016996151157
1085.91000214219,-1.0,0.09202520237856396,0.7498624359015182,0.7530306234336672
1095.92999406159,-1.0,0.09202525958774076,0.7497695430255236,0.7528737551984032
1105.90899847448,-1.0,0.09202531212929863,0.7496851302341113,0.7527303095358944
1115.9159950912,-1.0,0.09202536076460151,0.7496077257133049,0.7525979305482032
1125.90999640524,-1.0,0.09202540579463965,0.7495366740974015,0.7524756549986421
1135.90800091624,-1.0,0.09202544762806118,0.7494712025641019,0.7523622706237201
1145.90900279582,-1.0,0.09202548655866691,0.7494107430492262,0.7522569025766388
1155.91699518263,-1.0,0.09202552287599967,0.7493547550886476,0.7521587104425733
1165.91700129211,-1.0,0.09202555677154714,0.7493028666917815,0.752067134848307
1175.9079951793,-1.0,0.09202558846418199,0.7492546762136741,0.7519815527395012
1185.90699546039,-1.0,0.09202561819997297,0.7492097530098107,0.7519012760571177
1195.90899311006,-1.0,0.09202564613120778,0.7491678183769575,0.7518258757819104
1205.91499395669,-1.0,0.09202567241112704,0.749128599924636,0.7517549255027762
1215.91000109911,-1.0,0.09202569713796051,0.7490919133820098,0.7516881506520328
1225.92399828136,-1.0,0.0920257205060539,0.7490574374474683,0.7516250194394083
1235.91199479997,-1.0,0.09202574252129694,0.7490251341373337,0.7515655116779691
1245.90899348259,-1.0,0.09202576336281411,0.7489947144470293,0.7515091409101684
1255.91899752617,-1.0,0.09202578312427757,0.7489660192011003,0.7514556524635306
1265.91799780726,-1.0,0.09202580183853477,0.7489389798989383,0.7514049567386153
1275.90700015426,-1.0,0.09202581958406322,0.7489134646691725,0.7513568426243348
1285.90999357402,-1.0,0.0920258364694903,0.7488893008470627,0.7513110168742415
1295.91299705207,-1.0,0.09202585253001906,0.7488664232999162,0.7512673855012073
1305.91600053012,-1.0,0.09202586782093254,0.7488447395657282,0.7512258000672732
1315.9270003438,-1.0,0.09202588240469055,0.7488241494771344,0.7511860940900957
1325.91699846089,-1.0,0.09202589628666319,0.7488046339470243,0.7511482551882124
1335.90699657798,-1.0,0.09202590954077224,0.748786078879097,0.7511120850706137
1345.90700268745,-1.0,0.09202592221838157,0.7487684031838288,0.7510774460820345
1355.91699667275,-1.0,0.09202593435398188,0.7487515508341401,0.7510442471960976
1365.91799855232,-1.0,0.09202594595763913,0.7487355000057652,0.7510124634138885
1375.90999826789,-1.0,0.09202595706147268,0.7487201991446556,0.7509820098871463
1385.90800277889,-1.0,0.09202596771079694,0.7487055794100665,0.7509527653357676
1395.91900259256,-1.0,0.09202597793811494,0.7486915904648924,0.7509246432990744
1405.91999441385,-1.0,0.09202598774398792,0.7486782259126826,0.7508976445601745
1415.90800099075,-1.0,0.09202599714955284,0.7486654518297158,0.7508717138522002
1425.90799704194,-1.0,0.09202600619980308,0.7486532030282115,0.7508467308493794
1435.91100051999,-1.0,0.09202601490475763,0.7486414609584533,0.7508226686772249
1445.91299816966,-1.0,0.09202602327934757,0.7486302019231178,0.7507994892791952
1455.91199845076,-1.0,0.0920260313390483,0.7486194013582161,0.750777152031743
1465.90800136328,-1.0,0.09202603910005042,0.7486090342152155,0.7507556144909446
1475.91200061142,-1.0,0.09202604658525955,0.7485990664526999,0.7507348145694156
1485.90999506414,-1.0,0.09202605379835511,0.7485894907551693,0.7507147451502252
1495.91899327934,-1.0,0.09202606076404961,0.748580271135068,0.7506953384392069
1505.90799562633,-1.0,0.09202606747347218,0.7485714170457742,0.7506766216710107
1515.91099910438,-1.0,0.09202607396095859,0.7485628806266217,0.7506585005468963
1525.916999951,-1.0,0.09202608022952688,0.7485546558017966,0.7506409683753437
1535.9160002321,-1.0,0.09202608628315755,0.7485467353398304,0.7506240158167949
1536.02300025523,-1.0,0.0920260863468172,0.7485466521440047,0.75062383738159
1536.12399548292,-1.0,0.09202608640687948,0.7485465736469279,0.7506236690170157
1536.2250007689,-1.0,0.09202608646692334,0.7485464951709957,0.7506235006909368
1536.33099496365,-1.0,0.09202608652992333,0.7485464128500673,0.7506233241102057
1536.43200024962,-1.0,0.09202608658994234,0.7485463344334503,0.7506231558973125
1536.53299547732,-1.0,0.09202608664993672,0.7485462560535587,0.750622987756353
1536.62700019777,-1.0,0.092026086705762,0.7485461831247956,0.7506228313030341
1536.72900125384,-1.0,0.09202608676631824,0.748546104020794,0.7506226615953364
1536.82900071144,-1.0,0.09202608682566855,0.7485460264976648,0.7506224952724305
1536.92199960351,-1.0,0.0920260868808486,0.7485459544270137,0.750622340641595
1537.02499642968,-1.0,0.0920260869419438,0.7485458746368823,0.7506221694415068
1537.12600171566,-1.0,0.09202608700184058,0.7485457964186892,0.7506220016073195
1537.23100014031,-1.0,0.0920260870640877,0.7485457151387753,0.7506218271963062
1537.33300119638,-1.0,0.09202608712452652,0.7485456362089563,0.7506216578210808
1537.43300065398,-1.0,0.09202608718375618,0.7485455588565085,0.7506214918239786
1537.52599954605,-1.0,0.09202608723882082,0.7485454869445156,0.7506213374960085
1537.62899637222,-1.0,0.09202608729978415,0.7485454073300168,0.7506211666311999
1537.7300016582,-1.0,0.09202608735954702,0.7485453292839747,0.7506209991256609
1537.83500008285,-1.0,0.09202608742164964,0.7485452481829292,0.7506208250561339
1537.92399577796,-1.0,0.09202608747426881,0.7485451794667369,0.7506206775628184
1538.02500106394,-1.0,0.09202608753396806,0.7485451015045904,0.7506205102174711
1538.12399469316,-1.0,0.09202608759245688,0.7485450251230106,0.7506203462582058
1538.23299631476,-1.0,0.092026087656834,0.7485449410513275,0.750620165783958
1538.33400160074,-1.0,0.09202608771647326,0.7485448631769301,0.7506199986061824
1538.43799419701,-1.0,0.0920260877778569,0.7485447830292756,0.7506198265411714
1538.52799572051,-1.0,0.09202608783096515,0.7485447136891239,0.7506196776724435
1538.62900100648,-1.0,0.09202608789054792,0.7485446358983775,0.7506195106544327
1538.72199989855,-1.0,0.09202608794539044,0.7485445642991776,0.7506193569237786
1538.82400095463,-1.0,0.09202608800552264,0.7485444857971539,0.7506191883654639
1538.92499618232,-1.0,0.09202608806504241,0.7485444080979583,0.7506190215241627
1539.04099836946,-1.0,0.09202608813338245,0.7485443188886268,0.7506188299591171
1539.13099989295,-1.0,0.09202608818638736,0.7485442497005729,0.7506186813809231
1539.23199512064,-1.0,0.09202608824584876,0.7485441720881678,0.7506185147054246
1539.32899720967,-1.0,0.09202608830293701,0.7485440975712516,0.7506183546712359
1539.42699506879,-1.0,0.09202608836059141,0.7485440223160936,0.7506181930452522
1539.52800035477,-1.0,0.09202608841999493,0.7485439447795315,0.7506180265128273
1539.63500037789,-1.0,0.09202608848290167,0.7485438626721931,0.7506178501559589
1539.72199447453,-1.0,0.09202608853402959,0.7485437959401173,0.7506177068177562
1539.82399553061,-1.0,0.09202608859395783,0.7485437177232825,0.7506175388043118
1539.92299921811,-1.0,0.09202608865210483,0.7485436418326467,0.7506173757810757
1540.03099501133,-1.0,0.09202608871551034,0.7485435590803234,0.7506171980106315
1540.13099446893,-1.0,0.09202608877419988,0.7485434824842034,0.7506170334582164
1540.232995525,-1.0,0.09202608883404306,0.7485434043836122,0.7506168656669269
1540.32599441707,-1.0,0.0920260888885881,0.748543333201072,0.7506167127323926
1540.42699970305,-1.0,0.09202608894780986,0.748543255917591,0.7506165466836227
1540.52799493074,-1.0,0.0920260890070055,0.7485431786701673,0.7506163807056001
1540.63399918377,-1.0,0.0920260890691153,0.7485430976220195,0.7506162065539054
1540.72199910879,-1.0,0.09202608912065914,0.7485430303632322,0.7506160620263893
1540.82299433649,-1.0,0.09202608917979578,0.7485429531985667,0.7506158962065685
1540.94199389219,-1.0,0.09202608924944877,0.7485428623141491,0.7506157008956397
1541.02999381721,-1.0,0.09202608930093902,0.7485427951305722,0.750615556511909
1541.13199487329,-1.0,0.09202608936060246,0.7485427172846896,0.7506153892075249
1541.23500175774,-1.0,0.0920260894208334,0.7485426387004279,0.7506152203092975
1541.32699482143,-1.0,0.09202608947460925,0.7485425685434859,0.750615069517702
1541.42800010741,-1.0,0.09202608953363546,0.7485424915405081,0.7506149040052031
1541.53099693358,-1.0,0.09202608959380593,0.748542413048317,0.75061473528485
1541.62199422717,-1.0,0.09202608964694997,0.7485423437251836,0.7506145862677583
1541.72199368477,-1.0,0.09202608970533385,0.7485422675704616,0.7506144225592146
1541.82000160217,-1.0,0.09202608976253722,0.7485421929592099,0.7506142621622836
1541.92999899387,-1.0,0.09202608982671755,0.7485421092522303,0.7506140822041483
1542.03099422157,-1.0,0.09202608988562608,0.748542032425222,0.7506139170299994
1542.12999790907,-1.0,0.09202608994335518,0.7485419571404908,0.7506137551651881
1542.22499839962,-1.0,0.09202608999873352,0.7485418849252958,0.7506135998939591
1542.32699945569,-1.0,0.09202609005816863,0.7485418074162735,0.7506134332338028
1542.43899844587,-1.0,0.09202609012340324,0.7485417223429919,0.7506132503011178
1542.53399893641,-1.0,0.09202609017871646,0.7485416502086709,0.750613095184595
1542.62299463153,-1.0,0.09202609023051607,0.7485415826563532,0.7506129499157952
1542.72299408913,-1.0,0.09202609028869996,0.7485415067776094,0.7506127867351496
1542.82899834216,-1.0,0.09202609035035368,0.7485414263725012,0.7506126138132296
1542.93099939823,-1.0,0.09202609040965527,0.7485413490330068,0.7506124474774031
1543.03099885583,-1.0,0.09202609046776998,0.7485412732389142,0.7506122844587235
1543.12499351799,-1.0,0.09202609052237365,0.7485412020211605,0.750612131276936
1543.22499297559,-1.0,0.0920260905804424,0.7485411262803209,0.7506119683601566
1543.32699403167,-1.0,0.09202609063965952,0.7485410490517044,0.750611802236498
1543.4329982847,-1.0,0.0920260907011815,0.7485409688223527,0.750611629650893
1543.52199397981,-1.0,0.09202609075281504,0.7485409014897124,0.7506114848024422
1543.62299926579,-1.0,0.09202609081139754,0.7485408250971017,0.7506113204576123
1543.72899346054,-1.0,0.09202609087285242,0.7485407449613003,0.7506111480528578
1543.82899291813,-1.0,0.09202609093081197,0.7485406693859421,0.750610985452784
1543.93099397421,-1.0,0.09202609098991235,0.7485405923260385,0.7506108196520276
1544.02499869466,-1.0,0.09202609104436257,0.7485405213324037,0.7506106668973724
1544.12599392235,-1.0,0.09202609110284408,0.7485404450863511,0.7506105028348756
1544.22599337995,-1.0,0.09202609116073113,0.7485403696195004,0.7506103404425104
1544.33299340308,-1.0,0.09202609122264932,0.748540288899747,0.7506101667395766
1544.43399868906,-1.0,0.09202609128107937,0.7485402127310258,0.7506100028233238
1544.52199861407,-1.0,0.09202609133197141,0.7485401463924102,0.7506098600562223
1544.62699703872,-1.0,0.0920260913926765,0.7485400672671201,0.7506096897644062
1544.7289980948,-1.0,0.09202609145163076,0.7485399904293683,0.7506095243889526
1544.82999332249,-1.0,0.09202609150998663,0.7485399143772266,0.750609360697715
1544.93500180542,-1.0,0.09202609157064379,0.7485398353324363,0.7506091905582426
1545.02499327064,-1.0,0.09202609162261254,0.7485397676155283,0.7506090447957324
1545.12500278652,-1.0,0.09202609168035177,0.7485396923860598,0.7506088828560934
1545.22599801421,-1.0,0.09202609173864466,0.7485396164427062,0.7506087193731866
1545.33200226724,-1.0,0.0920260917998012,0.748539536762624,0.7506085478391623
1545.43299749494,-1.0,0.09202609185804562,0.7485394608760539,0.7506083844650105
1545.51899582148,-1.0,0.09202609190762559,0.7485393962797948,0.7506082453922812
1545.62899321318,-1.0,0.09202609197102016,0.748539313686268,0.7506080675653289
1545.72900272906,-1.0,0.09202609202863721,0.7485392386207936,0.7506079059397918
1545.84600068629,-1.0,0.0920260920960153,0.7485391508384837,0.7506077169251149
1545.92299684882,-1.0,0.09202609214034094,0.7485390930893222,0.7506075925736251
1545.93600220978,-1.0,0.0920260921478267,0.7485390833365416,0.7506075715725493
1546.04199640453,-1.0,0.12688433906935642,0.746685688329771,0.7484553977180493
1546.14899642766,-1.0,0.12687685537804344,0.7430063189602575,0.7441016457862877
1546.24099954963,-1.0,0.1268651165081042,0.7398875190049453,0.7404000697161287
1546.34599797428,-1.0,0.12684758802022036,0.736220063496278,0.7363783691725391
1546.45200222731,-1.0,0.126826591730474,0.7320533443177613,0.7328891127906731
1546.54700271785,-1.0,0.12680580990076779,0.7283585973131769,0.7298070290005514
1546.65099531412,-1.0,0.12678182646694555,0.7243580049240333,0.7264811215996251
1546.74700163305,-1.0,0.12675931825818243,0.7207046222065102,0.7234542909200942
1546.85099422932,-1.0,0.12673536802866095,0.7167898520060938,0.720222033421022
1546.94499894977,-1.0,0.12671479062609828,0.7132884789638784,0.7173408656028374
1547.05299474299,-1.0,0.12669323008770517,0.7093090931316782,0.7140774740886014
1547.14499786496,-1.0,0.1266772814588161,0.7059548159930091,0.7113357684857573
1547.24900051951,-1.0,0.12666271788098799,0.7022021799940156,0.7082780203345224
1547.34499678016,-1.0,0.12665328999481426,0.6987748468314587,0.7054938526781347
1547.44899943471,-1.0,0.12664833554898777,0.6951007215514847,0.7025177684119417
1547.5399967283,-1.0,0.12664932017888234,0.6919191277420311,0.6999473119731543
1547.64899834991,-1.0,0.12665817967285958,0.6881485281057507,0.6969082222533622
1547.74100147188,-1.0,0.1266732568460508,0.6850002864997404,0.694375973674845
1547.84599989653,-1.0,0.12670039412015427,0.6814459377389946,0.6915216677143221
1547.94199615717,-1.0,0.1267358688571454,0.6782326380275493,0.6889442082294631
1548.04599881172,-1.0,0.12678768234625726,0.6747910898774497,0.6861851337338365
1548.15000146627,-1.0,0.12685541958784788,0.6713917968123172,0.6834593498256912
1548.24500195682,-1.0,0.12693333079377583,0.6683247069196048,0.6809973163692719
1548.35099615157,-1.0,0.12704097861108501,0.6649469689917017,0.6782801837748502
1548.44299927354,-1.0,0.12715452928933466,0.6620544556453162,0.6759458675500516
1548.55099506676,-1.0,0.12731485262945683,0.6587080437531309,0.6732326676764424
1548.64299818873,-1.0,0.12747730125970488,0.6559009199828147,0.6709426385990664
1548.74700084329,-1.0,0.12769317449554363,0.6527788005085308,0.6683757625131507
1548.85499663651,-1.0,0.12795768543040448,0.6495973991998333,0.6657326739859667
1548.94699975848,-1.0,0.12821894966852707,0.6469384527069939,0.663497123393034
1549.05100241303,-1.0,0.1285580563340751,0.6439924808178594,0.6609857928978514
1549.14099387825,-1.0,0.12889215174195903,0.641496761909908,0.6588246099479972
1549.25100132823,-1.0,0.12935600563378727,0.6385157363879906,0.656195368219479
1549.34199862182,-1.0,0.1297889920512149,0.6361094634937674,0.6540292300999296
1549.44999441504,-1.0,0.1303644273385376,0.6333248733194162,0.6514666850255124
1549.54299330711,-1.0,0.13091618635132182,0.6309889398170279,0.6492656519835063
1549.64800179005,-1.0,0.13160436456812885,0.6284193567812486,0.6467852068193858
1549.75199438632,-1.0,0.13235606951745899,0.6259435260350354,0.644332660429534
1549.84899647534,-1.0,0.1331213941739405,0.6236929072041466,0.6420478408046133
1549.94099959731,-1.0,0.13390481906151722,0.6216072741717484,0.6398831684379065
1550.06099492311,-1.0,0.13501001005920668,0.6189522896401727,0.6370638290153486
1550.15299804509,-1.0,0.13591972494545224,0.6169611126230281,0.63490603544596
1550.24399533868,-1.0,0.13687038733905874,0.6150245579174288,0.6327762894800512
1550.3419931978,-1.0,0.1379472132095756,0.6129699292630774,0.630489233827347
1550.44500008225,-1.0,0.1391328456742899,0.6108381673822675,0.6280949428233769
1550.5499985069,-1.0,0.14039082888538604,0.6086873940357049,0.6256673274924635
1550.66699646413,-1.0,0.14183994627645677,0.606308481950448,0.6229816560213915
1550.7499974221,-1.0,0.1428903536619971,0.6046273806839976,0.6210911333563884
1550.84099471569,-1.0,0.1440557851693969,0.6027865905880644,0.6190347042025681
1550.94499737024,-1.0,0.1453954465438596,0.6006814699839526,0.6167076438162598
1551.04099363089,-1.0,0.14662883226815696,0.5987335240787214,0.6145839902984136
1551.14600211382,-1.0,0.14796360900065586,0.5965938124932305,0.6122898701079198
1551.25300213695,-1.0,0.14929656996373195,0.5944009367071411,0.6099852329621089
1551.34800262749,-1.0,0.15044762037429069,0.5924414410193565,0.607968181336274
1551.45199522376,-1.0,0.1516645990813825,0.5902815416191007,0.6057925318827901
1551.53899937868,-1.0,0.15264275057592402,0.5884618407063176,0.6039986436700299
1551.65199413896,-1.0,0.1538526157773318,0.5860808639222531,0.6017048927912757
1551.74399726093,-1.0,0.15478361516371256,0.5841274291314458,0.5998672217374561
1551.83800198138,-1.0,0.15568244262951644,0.5821180276339297,0.5980170393201906
1551.9450020045,-1.0,0.15663968371207684,0.5798148194304658,0.5959443147972833
1552.04899460077,-1.0,0.15750255946159078,0.5775607904688664,0.5939630009276683
1552.14099772274,-1.0,0.15821124220791877,0.5755546717964127,0.592236624000581
1552.24899351597,-1.0,0.158979189466623,0.5731865749631794,0.5902409816702202
1552.34099663794,-1.0,0.15958096436629998,0.5711588148318851,0.588566324594749
1552.44700089097,-1.0,0.16021734114303862,0.5688118797937184,0.5866648540084887
1552.55199931562,-1.0,0.1607907693873797,0.5664773310156704,0.5848099693740868
1552.64699980617,-1.0,0.16126387546353713,0.5643577413102636,0.5831552729405794
1552.75199823081,-1.0,0.16173970792051895,0.5620082218525637,0.5813514924972449
1552.84799449146,-1.0,0.16213458150247653,0.5598549414021099,0.5797245151673703
1552.95300297439,-1.0,0.16252604666951057,0.557495047135455,0.5779680708536595
1553.04400026798,-1.0,0.16283379533208597,0.5554472203113339,0.5764649056771746
1553.15300188959,-1.0,0.16316725139611277,0.552991964978963,0.5746865285870697
1553.24499495327,-1.0,0.163421340284076,0.5509188354818833,0.5732037513531634
1553.34999337792,-1.0,0.16368355711319907,0.548552539976612,0.5715307833453169
1553.44499386847,-1.0,0.16389755847045342,0.5464123442453018,0.5700342810009107
1553.5500023514,-1.0,0.1641108323336591,0.5440484845663406,0.5683983426505613
1553.64099964499,-1.0,0.1642776888993231,0.5420022744032102,0.5669955666341777
1553.74799966812,-1.0,0.1644546348108905,0.5395997091863677,0.5653630793479838
1553.84199433029,-1.0,0.16459456698176586,0.5374929341014986,0.5639435858835358
1553.94700281322,-1.0,0.1647354411755482,0.5351441793761219,0.562373254445762
1554.04299907386,-1.0,0.16485124410466653,0.5330020848570753,0.5609514644299324
1554.14799749851,-1.0,0.16496503685164748,0.5306652699834717,0.5594108347327661
1554.25200015306,-1.0,0.1650660354126465,0.5283575385859522,0.5578991757437101
1554.34799641371,-1.0,0.1651499300298596,0.5262340242811736,0.556516107289784
1554.45299483836,-1.0,0.16523245152071178,0.5239190489013421,0.5550162810738397
1554.54599373043,-1.0,0.16529822407811656,0.5218756765627571,0.5536987624338682
1554.65399958193,-1.0,0.16536688766266242,0.5195112585964868,0.552181039446705
1554.74499687552,-1.0,0.16541893421017465,0.5175267062477711,0.5509123245956621
1554.84999530017,-1.0,0.16547307625908567,0.5152456407723336,0.5494593813200319
1554.95800115168,-1.0,0.16552286710777175,0.5129094017960109,0.5479766902967923
1555.04999421537,-1.0,0.16556097664419825,0.5109278619353532,0.5467230013230627
1555.14199733734,-1.0,0.1655954411796736,0.5089539276885264,0.5454773628245564
1555.26200272143,-1.0,0.16563556070826627,0.506391178778534,0.5438645172936947
1555.34300208092,-1.0,0.16565996623391835,0.5046691999543782,0.5427833021002174
1555.44699467719,-1.0,0.16568841954140898,0.5024677241981763,0.5414036410878353
1555.55299893022,-1.0,0.16571431909792442,0.5002345594892328,0.5400068263614044
1555.64899519086,-1.0,0.1657353808104629,0.49822181195162596,0.5387499510596692
1555.74000254273,-1.0,0.16575343758724911,0.4963221323237508,0.537565282649111
1555.84599673748,-1.0,0.16577237866978103,0.494120073481308,0.5361937486017474
1555.95400258899,-1.0,0.16578958761801232,0.49188784747463316,0.5348050402516094
1556.06600157917,-1.0,0.13146707589622164,0.49202546398046604,0.5352503838849966
1556.17899633944,-1.0,0.1314149034889299,0.49450637943113335,0.537597541728868
1556.25999569893,-1.0,0.13137901602853738,0.49625323880205346,0.539246728701779
1556.361996755,-1.0,0.13133421299743425,0.4984167066679085,0.5412841110397738
1556.46800100803,-1.0,0.1312871332632358,0.5006235963866499,0.5433553898881427
1556.56899623573,-1.0,0.13124089217784798,0.5026882805777795,0.5452856300072653
1556.67000152171,-1.0,0.13119246827956665,0.5047175138089175,0.5471744447076305
1556.7709967494,-1.0,0.13114110605423704,0.5067122358251878,0.5490219788047319
1556.86500146985,-1.0,0.13109000948323715,0.5085391940556925,0.5507051597907276
1556.96700252593,-1.0,0.13103035458550502,0.510490366142119,0.5524922197396253
1557.06899352372,-1.0,0.13096569302677014,0.5124102041100921,0.5542387480657894
1557.16099664569,-1.0,0.13090258425681656,0.5141164127629294,0.5557800750359484
1557.26299770176,-1.0,0.13082685636178665,0.5159807913130247,0.5574515037898106
1557.36400298774,-1.0,0.13074544678541306,0.5177999471038292,0.5590683756854588
1557.46599398553,-1.0,0.13065634601756893,0.5196108228510758,0.5606629467173541
1557.57100246847,-1.0,0.1305568743109522,0.5214492315229121,0.5622652697334458
1557.67100192606,-1.0,0.13045465853899713,0.5231765821482289,0.5637545013164597
1557.76299498975,-1.0,0.13035377700800652,0.5247464881311386,0.5650933558677481
1557.86499604583,-1.0,0.13023414866398983,0.5264668018405368,0.566543467680061
1557.9669971019,-1.0,0.13010598948647262,0.528166789202397,0.5679579363708739
1558.07199552655,-1.0,0.1299649430449518,0.5298966818287004,0.5693773289485049
1558.16100127995,-1.0,0.12983808666817828,0.531348037347624,0.5705518764846622
1558.26100073755,-1.0,0.12968737597539307,0.532963111936959,0.5718406503982973
1558.37899446487,-1.0,0.12949826535486703,0.5348489055346638,0.5733201091397202
1558.47000181675,-1.0,0.12934401914572038,0.5362895876964503,0.5744313020535057
1558.57200287282,-1.0,0.12916240089807351,0.5378909233479388,0.5756464082785253
1558.66399593651,-1.0,0.1289906591524855,0.53932373318017,0.5767153514981365
1558.76500122249,-1.0,0.12879343302188834,0.5408852232037265,0.5778602242764354
1558.86599645019,-1.0,0.1285871973669746,0.5424350891747564,0.5789755421168458
1558.97999703884,-1.0,0.12834361939868588,0.5441716922752624,0.5802000272681062
1559.06099639833,-1.0,0.12816365470938834,0.5453978152695931,0.581048419522993
1559.16200168431,-1.0,0.12793129055240385,0.5469182812282621,0.5820818842634424
1559.25999954343,-1.0,0.12769751399393672,0.5483849673807711,0.5830593297205983
1559.36900116503,-1.0,0.12742799832349083,0.5500070675571052,0.5841182534885585
1559.46999639273,-1.0,0.12716949165220479,0.5515017451658314,0.5850737294842814
1559.56600271165,-1.0,0.1269160647425383,0.552915555826198,0.5859599418757299
1559.66499634087,-1.0,0.12664703967017238,0.5543664514960727,0.58685201439274
1559.76600162685,-1.0,0.12636464058106514,0.5558398271050377,0.5877403719499822
1559.87300164998,-1.0,0.12605696358138815,0.5573930890450203,0.5886583719487916
1559.96100157499,-1.0,0.12579750690277258,0.5586647750451446,0.5893963159571171
1560.06199680269,-1.0,0.12549275902252127,0.5601178381883676,0.5902250993231101
1560.16300208867,-1.0,0.12518069185416025,0.5615641010650593,0.591035444061707
1560.26899628341,-1.0,0.12484560030811731,0.5630741508886316,0.5918668825819873
1560.37000156939,-1.0,0.12451926651008421,0.5645055727489889,0.5926420706044235
1560.47099679708,-1.0,0.12418631761515647,0.5659291466508009,0.5934013779258586
1560.56399568915,-1.0,0.12387398561201049,0.5672328404384369,0.5940873263250475
1560.66500097513,-1.0,0.12352873924052414,0.5686405015252379,0.5948187404245029
1560.76599620283,-1.0,0.12317757701708289,0.5700388313975605,0.5955367054070294
1560.87200045586,-1.0,0.12280282356402021,0.5714960707973836,0.5962768071455603
1560.96000038087,-1.0,0.12248709652743082,0.5726970101127271,0.5968813161299336
1561.06400303543,-1.0,0.12210878630220272,0.5741054843713039,0.5975849578406113
1561.16900146008,-1.0,0.1217215001321762,0.5755145396170354,0.5982841593479659
1561.26900091767,-1.0,0.12134792590258799,0.5768437033620377,0.5989403820872369
1561.37100197375,-1.0,0.12096247224929635,0.5781856517157123,0.5996006212589478
1561.46400086582,-1.0,0.12060742093280646,0.5793962819035495,0.6001951346043082
1561.56699769199,-1.0,0.12021051804252283,0.5807217744014366,0.6008457549112884
1561.66699714959,-1.0,0.11982179498325438,0.5819924742784319,0.601470157307298
1561.75999604166,-1.0,0.11945765523113278,0.5831590933395099,0.6020447857196585
1561.86199709773,-1.0,0.11905569125035143,0.5844210530411565,0.6026688072713016
1561.96300238371,-1.0,0.1186553897074565,0.5856517799868478,0.6032806706991972
1562.06699497998,-1.0,0.11824131817276845,0.5868984090102762,0.6039047472220739
1562.16899603605,-1.0,0.11783371089379331,0.5881002432951887,0.604511430978341
1562.27000132203,-1.0,0.11742908614904195,0.5892692790082321,0.6051071927328046
1562.37499974668,-1.0,0.11700788696311638,0.5904617336489356,0.6057215219773389
1562.46399544179,-1.0,0.11665074887346072,0.5914538685859121,0.6062384374707832
1562.56599649787,-1.0,0.11624162236741349,0.5925696816823312,0.6068268120218904
1562.66899332404,-1.0,0.11582920656488692,0.5936730135154826,0.6074166812622791
1562.76000067592,-1.0,0.11546581959689922,0.594628207389996,0.60793445362471
1562.86099590361,-1.0,0.11506391776772405,0.5956665026022462,0.6085053929803139
1562.97699809074,-1.0,0.1146045284010357,0.5968308674138041,0.6091565360698826
1563.06799538434,-1.0,0.1142462500411907,0.5977232152101476,0.6096639256935571
1563.16900067031,-1.0,0.11385103627755228,0.5986922060281208,0.6102236764538649
1563.26499693096,-1.0,0.11347813439395245,0.5995923930516496,0.6107523424700195
1563.36400061846,-1.0,0.11309661830849313,0.600499883378888,0.6112941935813325
1563.46400007606,-1.0,0.11271470998601052,0.6013952997937774,0.6118380247016959
1563.58000226319,-1.0,0.11227637840829781,0.6024078560859474,0.6124645100038592
1563.6590000242,-1.0,0.11198095028388336,0.6030816637056297,0.6128884519832216
1563.75999525189,-1.0,0.1116070964286291,0.6039249670437323,0.6134272420799701
1563.85899893939,-1.0,0.11124499437618332,0.6047323515477107,0.6139519038588167
1563.96599896252,-1.0,0.11085874192065474,0.6055841056123826,0.6145150042545887
1564.06699419022,-1.0,0.11049920366833386,0.6063687711277042,0.6150427228701834
1564.17000107467,-1.0,0.11013770924142922,0.6071504117379776,0.615577130331892
1564.26199413836,-1.0,0.10981942645976901,0.6078330418239273,0.6160511091293152
1564.36299942434,-1.0,0.10947502391905693,0.608566345951578,0.6165679130322258
1564.47499841452,-1.0,0.1090994630532259,0.6093603068486626,0.6171365159235574
1564.58100266755,-1.0,0.10875023528527668,0.6100939209381842,0.6176703320111715
1564.66000042856,-1.0,0.10849397509134563,0.610629736783465,0.6180653775609901
1564.7659946233,-1.0,0.1081555563204876,0.6113345673586372,0.6185916798549506
1564.86699990928,-1.0,0.10783886941451641,0.6119917107399157,0.6190891953165827
1564.96799513698,-1.0,0.1075278984616626,0.6126351728550652,0.6195827207696907
1565.07100202143,-1.0,0.1072166057476849,0.6132779519385482,0.6200820000543595
1565.16199931502,-1.0,0.10694653416639452,0.6138348685448985,0.6205196305142351
1565.26299454272,-1.0,0.10665222723343291,0.6144414170656749,0.6210015570323661
1565.36299400032,-1.0,0.10636645730953398,0.6150304434679219,0.6214747982919245
1565.46999402344,-1.0,0.10606682893976455,0.6156484453247627,0.6219768329407543
1565.56999348104,-1.0,0.10579253348782587,0.6162150180779256,0.622441961570394
1565.65899923444,-1.0,0.10555300412484502,0.6167106688744425,0.6228526599655898
1565.76499342918,-1.0,0.1052733904955207,0.6172907325268989,0.6233376968664297
1565.86699448526,-1.0,0.10501003912677677,0.6178388114029911,0.6238003164388575
1565.96799977124,-1.0,0.10475474491487992,0.6183721352421732,0.6242544190329816
1566.06099866331,-1.0,0.10452444645117032,0.6188551906308362,0.6246690177252139
1566.161993891,-1.0,0.10427945834224395,0.619371414431626,0.6251154655078153
1566.26299917698,-1.0,0.10403969510593224,0.6198792540186838,0.6255580198933751
1566.36899337173,-1.0,0.10379365931343065,0.6204034335276494,0.6260182171691874
1566.4699986577,-1.0,0.10356443638053545,0.62089489652513,0.626452757947024
1566.5699981153,-1.0,0.10334244316902134,0.6213739733217178,0.6268791547351542
1566.66299700737,-1.0,0.1031403410770048,0.6218130417842829,0.6272723125652822
1566.76499806345,-1.0,0.10292342069424179,0.6222876815415824,0.6276997946198986
1566.86699911952,-1.0,0.10271136995160095,0.6227552647612935,0.6281234022992163
1566.95999801159,-1.0,0.10252220882209181,0.6231756543997864,0.6285062678060773
1567.06099323928,-1.0,0.10232121026224099,0.6236259651845303,0.6289184563876705
1567.16100275517,-1.0,0.10212662934469957,0.6240656592081922,0.6293229633037986
1567.26699694991,-1.0,0.10192515292116855,0.6245251572466739,0.6297477307058565
1567.36999377608,-1.0,0.10173395617395989,0.6249653751946316,0.6301566380554819
1567.4579937011,-1.0,0.10157410652840887,0.6253367539408718,0.6305030249278284
1567.55899898708,-1.0,0.10139453777942062,0.6257577845005378,0.6308972472544908
1567.66499318182,-1.0,0.10121049528887292,0.6261937158847916,0.6313071231959473
1567.7659984678,-1.0,0.10103921210452799,0.6266037020316849,0.6316941018962341
1567.86799952388,-1.0,0.10087020933853708,0.6270124794069488,0.6320813627482694
1567.96099841595,-1.0,0.10071952302102129,0.6273806986171103,0.6324313823250289
1568.06199364364,-1.0,0.10055947252396996,0.6277758799614228,0.6328082201856994
1568.16199310124,-1.0,0.10040460581880174,0.6281624386605743,0.6331780158730614
1568.26799735427,-1.0,0.10024426413410217,0.6285672152866704,0.6335664413384946
1568.36900264025,-1.0,0.10009506185241741,0.6289482387111022,0.6339331628740489
1568.46999786794,-1.0,0.09994928861752944,0.6293247807398487,0.6342965799338433
1568.56299676001,-1.0,0.09981800791873016,0.6296676681216218,0.6346283647634303
1568.66400204599,-1.0,0.09967855275901567,0.6300359988652956,0.6349856418633217
1568.76699887216,-1.0,0.0995396220915419,0.6304073170365363,0.6353467063275366
1568.85900199413,-1.0,0.09941825038475538,0.6307354287915627,0.6356664812355248
1568.96100305021,-1.0,0.09928663284949193,0.6310953448646912,0.6360180057151528
1569.0619982779,-1.0,0.09915928949386034,0.63144780334784,0.6363629904952364
1569.16699670255,-1.0,0.09902996184279511,0.631810199424518,0.6367184451160484
1569.26800198853,-1.0,0.09890842795672315,0.6321550179385808,0.6370573348430514
1569.36999298632,-1.0,0.09878849860020852,0.6324995038618705,0.637396536174452
1569.4610003382,-1.0,0.09868379357285548,0.6328038183501752,0.6376966953584565
1569.56399716437,-1.0,0.09856785811161088,0.6331447964514169,0.6380335722800387
1569.66500245035,-1.0,0.09845674400522128,0.6334757160147851,0.6383610547922883
1569.770000875,-1.0,0.09834387784613319,0.6338161546801764,0.638698496344077
1569.85899657011,-1.0,0.09825026990425963,0.6341019163979694,0.6389821515737522
1569.96000185609,-1.0,0.09814626090604864,0.6344231967825832,0.6393014948928857
1570.05399651825,-1.0,0.09805155252957838,0.6347193227821092,0.6395962269276881
1570.16799710691,-1.0,0.09793931121892781,0.6350748533754647,0.6399505639679779
1570.26799656451,-1.0,0.09784316261810344,0.6353835131843061,0.6402585951965626
1570.3589938581,-1.0,0.09775749681150013,0.6356618310376239,0.6405366600870818
1570.46299651265,-1.0,0.09766166776692459,0.6359769968687691,0.6408518863669947
1570.56499756873,-1.0,0.09756978521182971,0.6362831154916686,0.6411584042522042
1570.67399919033,-1.0,0.09747383749338578,0.636607039968173,0.6414831034934318
1570.75900174677,-1.0,0.09740058300228631,0.6368573883067857,0.6417342895870513
1570.85900120437,-1.0,0.09731612073756928,0.6371494147743973,0.6420275482729902
1570.95900066197,-1.0,0.0972334705901954,0.6374387912014746,0.642318408432992
1571.06699645519,-1.0,0.09714619549757056,0.6377483804936048,0.6426298656899659
1571.16699591279,-1.0,0.09706717319815784,0.6380323828792307,0.6429158273711025
1571.26699537039,-1.0,0.09698982699106816,0.6383138760540462,0.6431994760414188
1571.36100009084,-1.0,0.09691861033011959,0.6385762376748763,0.643464036036539
1571.46300114691,-1.0,0.09684293282247276,0.6388584816299145,0.6437488415496614
1571.57599590719,-1.0,0.09676099086824123,0.6391682348979222,0.6440616319407636
1571.65800109506,-1.0,0.09670273629808689,0.6393911519486142,0.6442868732690595
1571.75899632275,-1.0,0.09663235993355067,0.6396635483240957,0.6445622584505776
1571.86000160873,-1.0,0.09656345349288288,0.6399336396160333,0.6448354705780505
1571.96599580348,-1.0,0.09649269236476779,0.640214602623895,0.6451198392706724
1572.06700108945,-1.0,0.09642670127571895,0.6404800248786507,0.6453886218536543
1572.16900214553,-1.0,0.09636144694205295,0.6407458103655971,0.64565790015486
1572.2620010376,-1.0,0.0963031382433841,0.6409861934598505,0.6459015480732584
1572.3620004952,-1.0,0.09624167357298649,0.641242630893635,0.6461615743736997
1572.46299572289,-1.0,0.09618086359839564,0.641499506350641,0.6464221491283874
1572.56899997592,-1.0,0.09611837322452971,0.6417668697145842,0.6466934674075231
1572.66999520361,-1.0,0.09606007445128249,0.6420194889810629,0.6469499127678887
1572.75799512863,-1.0,0.09601024052537366,0.6422379466769759,0.6471717461659262
1572.86399938166,-1.0,0.09595137434056461,0.6424990802933828,0.6474369915024039
1572.96399883926,-1.0,0.09589698138343128,0.6427434267075794,0.6476852561582331
1573.06699566543,-1.0,0.09584208434050352,0.6429931031786104,0.6479390010248619
1573.1599945575,-1.0,0.09579347376528682,0.6432168306310128,0.648166424313903
1573.26099984348,-1.0,0.0957416848096426,0.6434580019782471,0.6484116295176922
1573.36199507117,-1.0,0.09569092484171231,0.6436972831680754,0.6486549598459334
1573.46699349582,-1.0,0.09563921257615669,0.6439440979574528,0.6489059958135953
1573.57000038028,-1.0,0.09558950386197998,0.6441843274389472,0.6491503715620236
1573.65800030529,-1.0,0.09554782104013008,0.6443880844532478,0.6493576713107059
1573.76399450004,-1.0,0.09549855183733279,0.6446317268844878,0.6496055774848043
1573.86499978602,-1.0,0.09545253237122872,0.6448621166752194,0.649840022748126
1573.96499924362,-1.0,0.09540784459649329,0.6450885197070803,0.6500704296232627
1574.05799813569,-1.0,0.09536704770757076,0.6452975819840818,0.6502832019396545
1574.15999919176,-1.0,0.09532312728001992,0.6455252500815646,0.6505149208711223
1574.26099441946,-1.0,0.09528047151709673,0.6457490138531763,0.6507426731558174
1574.36600290239,-1.0,0.0952369774692289,0.6459799422671519,0.6509777212695741
1574.46699813008,-1.0,0.09519595041676192,0.6462004057671286,0.6512021177235514
1574.56899918616,-1.0,0.09515529694445968,0.6464214546988098,0.6514271069459976
1574.67399761081,-1.0,0.09511425072201335,0.6466473317522128,0.6516570033097167
1574.7649949044,-1.0,0.09507932106899904,0.6468417379801806,0.6518548604034181
1574.864994362,-1.0,0.09504160938940391,0.6470539477452032,0.6520708252801042
1574.96499381959,-1.0,0.09500458727158412,0.6472646796055138,0.6522852713813544
1575.05899854004,-1.0,0.09497039943010673,0.6474614474505745,0.6524854915841938
1575.15999376774,-1.0,0.09493431857331985,0.647671427783998,0.6526991366089959
1575.27099698782,-1.0,0.09489542032882405,0.6479005406639257,0.6529322219710005
1575.36699324846,-1.0,0.09486240610525894,0.6480972821631533,0.6531323503036385
1575.46799853444,-1.0,0.09482828073437896,0.6483029084288449,0.6533414897244518
1575.58099329472,-1.0,0.09479083034285775,0.6485312855388043,0.6535737337570207
1575.66200271249,-1.0,0.09476444210360352,0.6486939517582144,0.6537391300172265
1575.76299794018,-1.0,0.09473207078931623,0.6488955191528393,0.6539440502494951
1575.86299739778,-1.0,0.094700584606262,0.6490937694136965,0.6541455631869659
1575.96999742091,-1.0,0.0946675061711835,0.6493044512861762,0.6543596712203077
1585.97899563611,1.0,0.09162529428962497,0.67161515208725,0.6758746270998458
1595.98499648273,1.0,0.09106008426105261,0.6854484617928119,0.688424718362337
1605.9869941324,1.0,0.09082799323619954,0.6956567906522868,0.6971946933819897
1615.98999761045,1.0,0.09071825462349038,0.7037310629374733,0.7039206754216211
1625.98600052297,1.0,0.09066041957799137,0.7093762541574261,0.7103885052721908
1635.97699441016,1.0,0.09062735083999332,0.7139738446109606,0.7160507311761335
1645.98699845374,1.0,0.09060705597688762,0.7179633448564674,0.7209936051621161
1655.98800033331,1.0,0.09059386024352338,0.7214853880420055,0.7253779869006763
1665.9870006144,1.0,0.09058480078789591,0.7246460766722611,0.729329390110765
1675.98399929702,1.0,0.09057828981921276,0.7275181582700517,0.7329348127293168
1685.98700277507,1.0,0.0905734249084392,0.7301568715119995,0.7362607066692823
1695.98799459636,1.0,0.09056967767127955,0.7325999563318286,0.7393522516917842
1705.98699487746,1.0,0.09056671675870485,0.7348783564312704,0.7422465220322194
1715.97799882293,1.0,0.0905643292841089,0.7370151388809806,0.7449709861065591
1725.98799280822,1.0,0.09056236586883613,0.739035234441594,0.7475558519942229
1735.98299995065,1.0,0.09056073361261843,0.7409474160189164,0.7500109559184078
1745.97899280488,1.0,0.09055935741231166,0.7427678553860443,0.7523558240627191
1755.99699318409,1.0,0.09055818321909746,0.7445107983812375,0.7546077695349394
1765.98299816251,1.0,0.090557177264309,0.7461759537439455,0.7567654775140571
1775.9829942137,1.0,0.09055630462355646,0.7477787915519404,0.7588481649216817
1785.98300032318,1.0,0.09055555209620612,0.7493234221349839,0.7608604741320933
1795.98799534142,1.0,0.09055487051924663,0.7508161628033982,0.7628100128491941
1805.97699768841,1.0,0.09055428501114486,0.752258793653708,0.7646985461879262
1815.98700173199,1.0,0.09055375870378236,0.7536608364736016,0.7665380542941315
1825.98699778318,1.0,0.09055329006741683,0.755021567420549,0.7683271586000371
1835.97999326885,1.0,0.09055287054135032,0.7563447426265676,0.7700704026295979
1845.97999937832,1.0,0.09055250220388217,0.7576350915542053,0.7717736708492258
1855.98899759352,1.0,0.09055215186998532,0.7588953486091988,0.7734402703596298
1865.98200313747,1.0,0.09055184083271069,0.7601246798828422,0.7750688189383457
1875.98499655724,1.0,0.09055155558158953,0.7613283570295389,0.7766660414607887
1885.97499467432,1.0,0.09055130123577251,0.762505461841305,0.77823049348247
1895.97999975085,1.0,0.0905510641312212,0.7636609507792002,0.7797685522544872
1905.98899796605,1.0,0.09055084845429742,0.7647949914982979,0.7812802635201044
1910.84499657154,1.0,0.09055074886103295,0.7653377044702319,0.7820044743100913
1910.95999293029,1.0,0.09184853529517217,0.7652899380462425,0.7819525803578272
1911.0580008477,1.0,0.09185087614768117,0.765198795714836,0.7818507691226686
1911.16199344397,1.0,0.09185340192797033,0.7651036194839202,0.7817442236545019
1911.25099919736,1.0,0.09185552266721976,0.7650234010766108,0.7816542222851243
1911.36200241745,1.0,0.09185810886197728,0.7649249368891619,0.7815434805087618
1911.45399548113,1.0,0.09186020460978278,0.7648446433839194,0.7814529417226033
1911.55799813569,1.0,0.09186252605050646,0.7647552701999756,0.7813519041096237
1911.65399439633,1.0,0.09186462644726963,0.7646740748552268,0.7812598624189843
1911.75900287926,1.0,0.09186687975326276,0.7645866558709936,0.7811604889662089
1911.86099387705,1.0,0.0918690258426561,0.7645031203977642,0.7810652518848611
1911.95799596608,1.0,0.09187102930429307,0.764424899110969,0.7809758187648601
1912.06299439073,1.0,0.09187315757891962,0.7643415504461927,0.780880244395344
1912.15099431574,1.0,0.09187490952591738,0.7642727311238404,0.7808011082362905
1912.2639991343,1.0,0.09187711749028381,0.7641857116732925,0.7807007489653378
1912.35499642789,1.0,0.09187886178179676,0.764116722633713,0.7806209456767556
1912.45699748397,1.0,0.0918807818330674,0.764040514315213,0.7805325416693825
1912.55499534309,1.0,0.09188259199258758,0.7639683910176509,0.7804486308962671
1912.65899799764,1.0,0.09188447658531625,0.7638929945408652,0.7803606527048583
1912.76099905372,1.0,0.09188628901094904,0.7638201694812975,0.7802754197412337
1912.85800114274,1.0,0.09188798016614987,0.7637519193629173,0.7801953104345015
1912.95100003481,1.0,0.09188957231243952,0.7636873863513758,0.7801193563266661
1913.06500062346,1.0,0.09189148569752673,0.763609455306285,0.7800273606685167
1913.15699368715,1.0,0.09189299951825987,0.7635474913573143,0.7799539988909334
1913.25500160456,1.0,0.09189458322969726,0.763482361889129,0.7798766821147997
1913.3609957993,1.0,0.09189626288883988,0.7634129313224928,0.779794023389774
1913.46200108528,1.0,0.09189783216221618,0.7633477195128162,0.7797161633829095
1913.5609947145,1.0,0.09189934115756623,0.7632846863618913,0.7796406968078453
1913.65200206637,1.0,0.09190070360598167,0.7632274903130813,0.7795720406095608
1913.75499889255,1.0,0.09190221750429042,0.7631636093460588,0.7794951582792796
1913.85299675167,1.0,0.09190363089906499,0.7631036491015564,0.779422799555695
1913.95699940622,1.0,0.09190510276362505,0.7630408702940379,0.7793468356338102
1914.05900046229,1.0,0.09190651880139049,0.7629801362412193,0.7792731462207588
1914.15699832141,1.0,0.09190785423892178,0.7629225489855515,0.7792030923448008
1914.26199674606,1.0,0.09190925851563517,0.7628616596413126,0.7791288271725454
1914.35100249946,1.0,0.09191042788073574,0.7628106883355786,0.7790665043392703
1914.46199566126,1.0,0.09191185976276545,0.7627479350617932,0.7789895812910406
1914.55399878323,1.0,0.09191302499975483,0.762696585325445,0.7789264764027003
1914.66799937189,1.0,0.09191444230133268,0.7626337780757728,0.7788490939236683
1914.75399769843,1.0,0.09191549249074575,0.7625869864979214,0.778791302098297
1914.85800035298,1.0,0.091916741274796,0.7625310600743678,0.7787220685624693
1914.95099924505,1.0,0.09191783866852789,0.762481651909779,0.77866075928133
1915.05899503827,1.0,0.09191909076251084,0.7624249732821481,0.778590260168124
1915.15099816024,1.0,0.09192013901272839,0.7623772669239731,0.7785307813790935
1915.26200138032,1.0,0.09192138174426909,0.7623204023986693,0.7784597169830576
1915.35099707544,1.0,0.09192236112373589,0.7622753489749433,0.7784032833622428
1915.45499972999,1.0,0.09192348698417105,0.7622232917004187,0.7783379334446038
1915.56900031865,1.0,0.09192469853088789,0.7621669494524989,0.7782670307343229
1915.65499864519,1.0,0.09192559725925617,0.7621249343801867,0.7782140399141421
1915.75900129974,1.0,0.09192666707575255,0.762074672120861,0.7781505148357095
1915.87300188839,1.0,0.09192781878738786,0.7620202545685165,0.7780815746811246
1915.95900021493,1.0,0.09192867345109491,0.7619796625323043,0.7780300388650149
1916.04999750853,1.0,0.0919295648474816,0.7619371323303555,0.7779759405274834
1916.1519985646,1.0,0.0919305485536066,0.7618899648598383,0.7779158215079812
1916.2510022521,1.0,0.0919314880563513,0.7618446848882058,0.7778579872475814
1916.35600067675,1.0,0.09193246836850254,0.7617971922301969,0.7777971992057715
1916.45899750292,1.0,0.0919334142890735,0.7617511235832001,0.7777381087854058
1916.55699536204,1.0,0.09193430021140912,0.7617077585980532,0.7776823734989865
1916.66199378669,1.0,0.09193523452347664,0.7616617919870913,0.7776231749358071
1916.76199324429,1.0,0.09193611035417452,0.7616184819397979,0.7775672849760037
1916.84999316931,1.0,0.09193687004083162,0.7615807397364619,0.7775184908609215
1916.95500165224,1.0,0.09193776332130255,0.7615361487207023,0.7774607351969978
1917.0690022409,1.0,0.09193871715943609,0.7614882782226525,0.7773986024351695
1917.15500056744,1.0,0.09193942597452619,0.7614525305446237,0.7773521168423316
1917.2589931637,1.0,0.09194027105316264,0.7614097136552475,0.7772963401027229
1917.35000051558,1.0,0.09194100001043067,0.761372605665532,0.7772479133728767
1917.45900213718,1.0,0.09194186036478716,0.7613285977629898,0.7771903774382967
1917.55099520087,1.0,0.09194257589836398,0.7612918210816676,0.7771422084672133
1917.65599362552,1.0,0.09194338102469429,0.7612502451386954,0.7770876580090621
1917.74900257587,1.0,0.09194408413332444,0.7612137666096942,0.7770397121636229
1917.85499677062,1.0,0.09194487410616393,0.7611725888380475,0.7769854959948534
1917.95899942517,1.0,0.09194563778345786,0.7611325851034951,0.7769327302736017
1918.05199831724,1.0,0.09194631126044958,0.761097143726867,0.7768859039189717
1918.16099993885,1.0,0.09194708956797791,0.7610559931586931,0.7768314419019102
1918.25199723244,1.0,0.09194773036452579,0.7610219559934951,0.776786319270059
1918.35699565709,1.0,0.0919484598531351,0.7609830330125081,0.7767346364181488
1918.45300197601,1.0,0.09194911776809901,0.7609477672680989,0.7766877331625651
1918.55599880219,1.0,0.09194981411923452,0.7609102718077608,0.7766377845638834
1918.66399459541,1.0,0.09195053395871901,0.7608713258493272,0.7765858166530758
1918.75599771738,1.0,0.0919511390425981,0.7608384404569296,0.7765418666598755
1918.86099614203,1.0,0.09195182060665413,0.760801234114441,0.7764920656760482
1918.96799616516,1.0,0.0919525055009809,0.7607636679905251,0.7764417010376544
1919.05999928713,1.0,0.09195308678433334,0.7607316439434278,0.7763987018271278
1919.15099658072,1.0,0.09195365490121175,0.7607002181123423,0.7763564477681183
1919.2529976368,1.0,0.09195428380793894,0.7606652810173227,0.7763094050426489
1919.3520013243,1.0,0.09195488638425306,0.7606316580835357,0.7762640646766625
1919.45699974895,1.0,0.09195551715629328,0.7605963037940893,0.7762163185223919
1919.55999657512,1.0,0.09195612776481808,0.7605619232505223,0.7761698175075826
1919.65799443424,1.0,0.0919567013884648,0.7605294827519916,0.7761258772049091
1919.76199708879,1.0,0.09195730256391352,0.7604953372193534,0.7760795623852451
1919.8509927839,1.0,0.09195781085291392,0.760466347267202,0.776040187696117
1919.96199600399,1.0,0.09195843703880088,0.7604304794446469,0.77599140412197
1920.05299329758,1.0,0.09195894402516346,0.7604013133895259,0.775951680782689
1920.15499435365,1.0,0.0919595056466132,0.760368870802015,0.7759074371786113
1920.25300227106,1.0,0.09196003874994121,0.7603379439794625,0.7758652041034417
1920.35800069571,1.0,0.09196060289916244,0.7603050744468751,0.7758202575447932
1920.46000175178,1.0,0.09196114422688334,0.7602733983252654,0.7757768848570852
1920.55199481547,1.0,0.09196162682572415,0.7602450434355664,0.7757380110219783
1920.66200226545,1.0,0.09196219705890461,0.7602113976120453,0.7756918237477468
1920.75099796057,1.0,0.0919626529913056,0.7601843838097454,0.7756546937079632
1920.86299695075,1.0,0.0919632200463376,0.7601506449877236,0.7756082616374564
1920.95500007272,1.0,0.09196368034452997,0.7601231414273487,0.7755703625151752
1921.05700112879,1.0,0.09196418494936476,0.7600928688958961,0.7755285979238341
1921.15399315953,1.0,0.09196465935413008,0.760064292938498,0.7754891268953122
1921.25900164247,1.0,0.09196516706931243,0.7600335836316229,0.775446657648055
1921.36100269854,1.0,0.09196565447072877,0.7600039779931175,0.7754056642840891
1921.45299576223,1.0,0.09196608925128676,0.7599774639601123,0.775368909738068
1921.55099362135,1.0,0.09196654748484834,0.7599494114960185,0.775329979449422
1921.65100313723,1.0,0.09196700996572166,0.759920984959118,0.7752904848441916
1921.75699733198,1.0,0.09196749453295475,0.7598910765715984,0.7752488824670075
1921.8549951911,1.0,0.0919679375452813,0.7598636215655946,0.7752106490978855
1921.95499464869,1.0,0.09196838471329286,0.7598357988279072,0.7751718607755995
1922.05999307334,1.0,0.09196884900243242,0.7598067921954613,0.7751313761062785
1922.15899676085,1.0,0.09196928195241096,0.7597796332026291,0.7750934278335414
1922.26000204682,1.0,0.09196971889978228,0.7597521141273673,0.7750549347039274
1922.35300093889,1.0,0.09197011702806848,0.7597269430387682,0.775019689153629
1922.45300039649,1.0,0.09197054072644015,0.7597000529096514,0.7749819979328867
1922.56599515676,1.0,0.0919710141159911,0.7596698837397818,0.7749396636198629
1922.65799827874,1.0,0.0919713954028104,0.7596454862549761,0.7749053918392764
1922.75200299919,1.0,0.0919717811885385,0.7596207107860905,0.7748705557843417
1922.86999672651,1.0,0.09197226007541073,0.7595898286069082,0.7748270863578786
1922.96299561858,1.0,0.09197263338808405,0.7595656552781329,0.7747930239810698
1923.05999770761,1.0,0.0919730189491574,0.7595405962342272,0.7747576799938127
1923.16799350083,1.0,0.09197344369412505,0.7595128805486768,0.7747185494205859
1923.25400188565,1.0,0.091973778616916,0.7594909440005627,0.7746875488442575
1923.35099391639,1.0,0.09197415279615544,0.7594663495020647,0.7746527612389257
1923.47099930048,1.0,0.09197461067778484,0.7594361272146433,0.7746099688995409
1923.56100082397,1.0,0.09197495044819823,0.7594136099911002,0.7745780544728503
1923.65299388766,1.0,0.09197529456776167,0.7593907247102832,0.7745455905925264
1923.75600077212,1.0,0.09197567613689425,0.7593652538680672,0.7745094260950058
1923.86599816382,1.0,0.09197607929070346,0.759338232269047,0.774471022004214
1923.95699545741,1.0,0.09197640949074123,0.7593160152517394,0.7744394173022486
1924.06199388206,1.0,0.09197678681910468,0.7592905321781909,0.7744031342753254
1924.16500076652,1.0,0.09197715322242409,0.7592656889803466,0.7743677293393765
1924.26199279726,1.0,0.09197749487323592,0.7592424362994464,0.7743345617615309
1924.35300014913,1.0,0.09197781251853229,0.7592207403731946,0.7743035891619966
1924.46799650788,1.0,0.0919782099023757,0.7591934923705209,0.7742646556898969
1924.55399483442,1.0,0.09197850420871545,0.7591732356504733,0.7742356866859977
1924.65799748898,1.0,0.09197885689549126,0.7591488738746182,0.7742008188560177
1924.74799901247,1.0,0.09197915928284717,0.7591279104054396,0.7741707902841207
1924.85799640417,1.0,0.09197952535157132,0.7591024370884092,0.7741342712317498
1924.96199905872,1.0,0.0919798679801174,0.759078499586505,0.7740999236235636
1925.04799738526,1.0,0.09198014876997757,0.7590588130087035,0.7740716536887573
1925.16199797392,1.0,0.09198051749994073,0.7590328640814831,0.7740343606825315
1925.25299526751,1.0,0.09198080899489226,0.759012271147395,0.7740047404606983
1925.35699792206,1.0,0.09198113913232221,0.7589888635237824,0.7739710454951598
1925.45499578118,1.0,0.09198144730127025,0.7589669313642138,0.7739394492431038
1925.55999420583,1.0,0.09198177439688064,0.7589435643874166,0.7739057592139381
1925.66300109029,1.0,0.09198209222658252,0.7589207716942163,0.7738728707034325
1925.75899735093,1.0,0.09198238573160256,0.7588996457862554,0.7738423640060564
1925.8510004729,1.0,0.0919826646204748,0.75887950209099,0.7738132548993757
1925.96299946308,1.0,0.09198300098471965,0.7588551154831702,0.7737779874527028
1926.0509993881,1.0,0.09198326288672164,0.7588360573444879,0.7737504054122308
1926.15500204265,1.0,0.09198356973873309,0.7588136491275049,0.7737179518896379
1926.26900263131,1.0,0.0919839027937538,0.7587892293383518,0.7736825565917673
1926.35500095785,1.0,0.09198415179341772,0.7587709052392518,0.7736559773967965
1926.4599993825,1.0,0.09198445322031909,0.7587486450110551,0.7736236666302844
1926.55200250447,1.0,0.09198471503120333,0.7587292403440848,0.7735954809082736
1926.65700092912,1.0,0.09198501121973382,0.7587072082515568,0.7735634564909349
1926.75099559128,1.0,0.0919852740425319,0.7586875866467349,0.7735349158960907
1926.85900144279,1.0,0.09198557336433688,0.758665157338842,0.7735022684578077
1926.96199826896,1.0,0.09198585616959781,0.7586438837139673,0.7734712806928682
1927.0579945296,1.0,0.09198611746585086,0.7586241564483016,0.7734425258804425
1927.16199718416,1.0,0.09198639809022677,0.7586028920839682,0.7734115095861488
1927.26499401033,1.0,0.09198667350022867,0.7585819431584289,0.7733809321638105
1927.36199609935,1.0,0.09198693063658749,0.7585623123773695,0.7733522596719303
1927.45399922132,1.0,0.0919871725328205,0.758543780989006,0.7733251760718368
1927.57399454713,1.0,0.09198748515165125,0.7585197383778419,0.7732900134870621
1927.65399813652,1.0,0.09198769179337152,0.7585037877276586,0.773266670360604
1927.75800079107,1.0,0.09198795830804744,0.7584831459296979,0.773236444078361
1927.84999385476,1.0,0.0919881920757432,0.758464975140228,0.7732098195324795
1927.95799970627,1.0,0.09198846419900246,0.7584437451276709,0.7731786928437829
1928.06200236082,1.0,0.09198872387915122,0.7584234067666242,0.773148853666827
1928.15299965441,1.0,0.091988949215363,0.7584056951682968,0.7731228525785191
1928.25000174344,1.0,0.09198918752420499,0.7583868997950376,0.7730952445046086
1928.35500016809,1.0,0.09198944328978763,0.7583666529190506,0.7730654860183394
1928.46099436283,1.0,0.09198969920078419,0.7583463162097479,0.7730355764213949
1928.55499908328,1.0,0.09198992426997703,0.7583283649272428,0.7730091592903763
1928.65900173783,1.0,0.09199017122549395,0.758308596667311,0.7729800511855758
1928.77300232649,1.0,0.09199043947560205,0.7582870382533495,0.7729482867787351
1928.85900065303,1.0,0.09199064016205172,0.7582708508053368,0.7729244221059179
1928.95099371672,1.0,0.09199085326350957,0.7582536061833559,0.7728989858034948
1929.06999327242,1.0,0.09199112653918025,0.7582314071961948,0.7728662219078163
1929.1510026902,1.0,0.09199131104068085,0.7582163643836968,0.7728440072878009
1929.25499528646,1.0,0.09199154607576897,0.7581971353212922,0.7728155956734585
1929.36199530959,1.0,0.09199178582066318,0.7581774448142717,0.7727864850904749
1929.45499420166,1.0,0.09199199249312863,0.7581604080846494,0.7727612839071004
1929.56099845469,1.0,0.09199222615834712,0.7581410756379702,0.7727326712100355
1929.65099997818,1.0,0.09199242296808412,0.7581247335890151,0.7727084714980175
1929.76099736989,1.0,0.09199266155301365,0.758104849614494,0.7726790109332523
1929.85199466348,1.0,0.09199285732105685,0.758088473430309,0.7726547345553365
1929.95599731803,1.0,0.09199307930639597,0.7580698371435637,0.7726270934942874
1930.05199357867,1.0,0.09199328255107268,0.7580527109430248,0.7726016788419736
1930.15700206161,1.0,0.09199350308536013,0.7580340591636653,0.7725739857612888
1930.26099465787,1.0,0.09199371966856933,0.7580156718745216,0.7725466705307389
1930.3570009768,1.0,0.09199391802410384,0.7579987701175561,0.7725215492566665
1930.46099357307,1.0,0.09199413117122653,0.7579805412337265,0.7724944416885923
1930.55200092494,1.0,0.0919943162607697,0.7579646552326688,0.7724708065341005
1930.66100254655,1.0,0.09199453619427396,0.7579457094032687,0.772442604893624
1930.75199984014,1.0,0.09199471835289111,0.7579299601576979,0.7724191498844531
1930.85600249469,1.0,0.0919949249508533,0.7579120342546736,0.7723924404479637
1930.96399828792,1.0,0.08176738327447676,0.7583428813454026,0.7728775534015485
1931.07299990952,1.0,0.08265215565236587,0.7591813481550321,0.7738299430956319
1931.17099776864,1.0,0.08331434635252082,0.7598606665212156,0.7746026744011284
1931.26599825919,1.0,0.08392697631018418,0.7604594397651896,0.7752849822073946
1931.37399405241,1.0,0.08448732250293761,0.7610774527015103,0.775990782707951
1931.47099614143,1.0,0.08485781868522975,0.7615866183853297,0.7765738040052943
1931.56599663198,1.0,0.08529566758769315,0.7620462582775297,0.7771015858890411
1931.67400248349,1.0,0.08568091231083576,0.7625240487046125,0.7776520359629993
1931.77200034261,1.0,0.08594478271239252,0.7629248365785001,0.7781154331292139
1931.86700083315,1.0,0.08628903680963952,0.7632839623723485,0.7785322232706037
1931.97400085628,1.0,0.08655393242922257,0.7636554878966949,0.7789652753901993
1932.06900134683,1.0,0.08674106649781024,0.763962888744092,0.7793251353292692
1932.16699920595,1.0,0.08700812873410077,0.7642572469726502,0.7796713173678955
1932.27399922907,1.0,0.08723537195463313,0.7645522473498672,0.7800201512700742
1932.38500244915,1.0,0.08741457944891719,0.7648347209333569,0.7803561327392977
1932.46699757874,1.0,0.08759577745359934,0.7650287229067373,0.7805881539802418
1932.56299383938,1.0,0.08776805910058617,0.7652392111389126,0.7808413664856261
1932.67899602652,1.0,0.08792643898195866,0.765473994597164,0.7811257454619279
1932.76899755001,1.0,0.0880864592080454,0.7656422192947921,0.7813309534754278
1932.86300227046,1.0,0.08821567866454554,0.7658047740542668,0.7815306746387513
1932.97500126064,1.0,0.08833581217840407,0.7659845928705654,0.7817532732447456
1933.0689959228,1.0,0.08848334504209722,0.7661230162063587,0.781926176661415
1933.16300064325,1.0,0.08858700425805932,0.7662499879618008,0.782086277861837
1933.27000066638,1.0,0.0886906166066015,0.7663840001490256,0.7822567647294232
1933.3689942956,1.0,0.08881234515834413,0.7664980064651392,0.7824032947882285
1933.46299901605,1.0,0.08890357824051681,0.7665966985020792,0.7825316649275382
1933.5879933089,1.0,0.0890032149288406,0.7667171434586887,0.7826901921843538
1933.66900272667,1.0,0.08909052905278877,0.7667885582303342,0.7827854097473558
1933.76399315894,1.0,0.08916900209699603,0.7668650423157677,0.7828888163940585
1933.88300277293,1.0,0.08925626137217871,0.7669523212502273,0.7830086285342984
1933.96999686956,1.0,0.08933080410817242,0.7670102561209331,0.7830895019139444
1934.06400159001,1.0,0.08939659786999525,0.76706697016148,0.7831701321168862
1934.17299315333,1.0,0.08947112418982686,0.7671263498473616,0.7832562653136691
1934.28300060332,1.0,0.08953713473215609,0.7671799451400468,0.7833358592654103
1934.36600156128,1.0,0.08960317453871579,0.7672160751766451,0.7833909150420837
1934.47399735451,1.0,0.08966062023595953,0.7672575942473261,0.7834561457062089
1934.57199521363,1.0,0.08971801252627376,0.7672908076262938,0.7835100987657371
1934.66599993408,1.0,0.08976682804013292,0.7673187609655646,0.7835572471042163
1934.7739957273,1.0,0.08982442716068799,0.767346641383976,0.7836063987969163
1934.87199358642,1.0,0.0898777677312586,0.7673678576665736,0.7836461543361277
1934.96599830687,1.0,0.08992233160828249,0.7673848022287136,0.7836802201824214
1935.07399410009,1.0,0.08997587540028638,0.7674005672468719,0.7837149143402949
1935.1720020175,1.0,0.09001626877531133,0.7674115792817962,0.7837424129850273
1935.26599667966,1.0,0.09005652569547931,0.7674195289093124,0.7837656022613914
1935.36099717021,1.0,0.09009701643764086,0.7674250486298869,0.7837859691035468
1935.47400198877,1.0,0.09013751037105552,0.7674286607748511,0.7838065434117628
1935.56900247931,1.0,0.0901737667614031,0.7674293628659993,0.7838209373175109
1935.66299714148,1.0,0.0902098853942832,0.7674279656932248,0.7838325806175842
1935.77400036156,1.0,0.09025052825519879,0.7674236142562636,0.7838429566799687
1935.86900085211,1.0,0.09028240548373202,0.7674178814964283,0.7838493010891724
1935.96299551427,1.0,0.0903141342266076,0.7674104704279544,0.7838533683661066
1936.07399873435,1.0,0.09034622624551256,0.7673998120786008,0.7838557059165285
1936.1689992249,1.0,0.0903780252952374,0.7673890146208387,0.7838555475304678
1936.26299388707,1.0,0.0904055054592366,0.7673768105318155,0.7838534203644972
1936.37500293553,1.0,0.09043319013333061,0.76736079586279,0.7838489081070436
1936.46999336779,1.0,0.09046072266416359,0.7673458838513433,0.7838433076543958
1936.56499385834,1.0,0.09048827772344877,0.767329632673304,0.7838359473120023
1936.67500130832,1.0,0.09051167221091672,0.767309740339305,0.783825943030998
1936.77099756896,1.0,0.090539270638193,0.7672911170825788,0.7838154875998353
1936.86699382961,1.0,0.09056237542211719,0.7672713750867668,0.783803516310705
1936.97700127959,1.0,0.09058582326687027,0.7672477248584315,0.7837883345253749
1937.07299754024,1.0,0.09060895121614686,0.7672261522137699,0.783773771464105
1937.16799803078,1.0,0.09063225440669383,0.7672038408621591,0.7837580332577293
1937.26399429142,1.0,0.09065540876021001,0.7671803361596373,0.7837408062375544
1937.36099638045,1.0,0.0906699040630432,0.7671560770660463,0.7837225975521257
1937.46999800205,1.0,0.09069773413303076,0.7671279182991465,0.7837008358876787
1937.5640027225,1.0,0.09071654988853495,0.7671027380768185,0.7836808013651216
1937.6740001142,1.0,0.09073104374353418,0.7670729194752781,0.7836566961920767
1937.76999637485,1.0,0.09075439654293822,0.7670462713367256,0.7836347087546464
1937.86499686539,1.0,0.0907687195749959,0.7670193390216702,0.7836120895527983
1937.97600008547,1.0,0.09078774467729665,0.7669873919806165,0.7835848391901374
1938.07100057602,1.0,0.09080658176554114,0.7669594740997758,0.7835606366539482
1938.16600106657,1.0,0.09082108218901165,0.7669311500249255,0.7835357651248877
1938.25899995863,1.0,0.09083538326960888,0.7669031399803626,0.7835108982019121
1938.37300054729,1.0,0.09085444664355166,0.7668683197955711,0.7834795972271806
1938.46800103784,1.0,0.09086894391514147,0.766838937355044,0.7834528819319897
1938.56699466705,1.0,0.09088331293134332,0.7668080415480156,0.7834245187393484
1938.67399469018,1.0,0.09089794664766267,0.7667743938396253,0.7833933377739093
1938.76799941063,1.0,0.09091224948392133,0.7667445646714036,0.7833654410424329
1938.87599520385,1.0,0.09092237258212436,0.7667102585479783,0.7833331361907903
1938.9609977603,1.0,0.09093673146246674,0.7666830767946583,0.7833073278008689
1939.06899355352,1.0,0.0909511845755948,0.7666482392649591,0.7832739847421353
1939.17699940503,1.0,0.0909658070158059,0.766613145201536,0.7832401205163784
1939.26200196147,1.0,0.09097564490223962,0.7665854145603588,0.7832131834402355
1939.36999775469,1.0,0.09099008320581872,0.7665499996561298,0.7831785528321881
1939.47699777782,1.0,0.09100016342236486,0.7665148793948017,0.783143991016968
1939.56299610436,1.0,0.0910145107424557,0.766486457789788,0.7831158437237362
1939.66999612749,1.0,0.09102458200343515,0.7664509710183793,0.7830804871733615
1939.76299501956,1.0,0.09103448553750289,0.7664201436383286,0.7830496091089104
1939.86400030553,1.0,0.09104447167304466,0.7663866704180265,0.7830159101845285
1939.97199609876,1.0,0.0910590428980039,0.7663506936005926,0.7829794716131738
1940.06299339235,1.0,0.09106439291684039,0.7663204444113452,0.7829486971457441
1940.16499444842,1.0,0.0910788821065273,0.7662864419735459,0.7829139212522774
1940.27399607003,1.0,0.0910889309533002,0.7662500038172632,0.7828764540898957
1940.38700088859,1.0,0.09109901279944352,0.7662123089915239,0.7828375021189695
1940.4659986496,1.0,0.09110871957042554,0.7661858943797585,0.7828100825790903
1940.57399444282,1.0,0.09111873465801304,0.7661497450403049,0.7827723975299699
1940.68699926138,1.0,0.09112427780102725,0.766112202797381,0.7827331089147085
1940.76699279249,1.0,0.0911339731546747,0.766085680674031,0.782705236573339
1940.86199328303,1.0,0.0911438236237985,0.7660540788655783,0.7826718963712417
1940.87599441409,1.0,0.09114397055742837,0.7660494255479919,0.7826669786278979
1940.99599979818,1.0,0.0918584824776142,0.7659754078332713,0.7825858406869702
1941.08699709177,1.0,0.09186059750573397,0.7658941149629405,0.7824954454631854
1941.19099974632,1.0,0.09186301932468738,0.7658026699695338,0.782393524963672
1941.28100126982,1.0,0.09186507309510368,0.7657247767298481,0.7823064991191554
1941.39199443161,1.0,0.09186755011982176,0.7656302715390876,0.7822006422863012
1941.48399755359,1.0,0.0918695585557509,0.7655532132509526,0.7821140987885296
1941.58599860966,1.0,0.09187174026288776,0.7654691077817631,0.7820193965432928
1941.68500229716,1.0,0.09187381470025335,0.7653887815270233,0.7819287038860738
1941.78899489343,1.0,0.09187594966677129,0.7653057654917754,0.7818347141592968
1941.8809980154,1.0,0.09187780211992132,0.7652334563548845,0.7817526253025856
1941.98899380863,1.0,0.09187993429024685,0.7651499087601085,0.7816575148238689
1942.09299646318,1.0,0.09188194550634918,0.7650707788886363,0.7815671673876158
1942.18599535525,1.0,0.09188370970048387,0.7650011003371958,0.7814873922991814
1942.2800000757,1.0,0.09188546074318887,0.7649316813553778,0.7814077069935818
1942.38400273025,1.0,0.09188736093492784,0.7648560405318243,0.7813206401881901
1942.49100275338,1.0,0.09188927600997403,0.7647794639595069,0.7812322377780195
1942.58400164545,1.0,0.09189090827667123,0.764713909310304,0.781156349705058
1942.6890000701,1.0,0.09189271584560592,0.7646409903889038,0.7810717060812156
1942.77999736369,1.0,0.09189425266635025,0.76457871329207,0.7809992208608869
1942.88899898529,1.0,0.09189605797344785,0.7645052112531998,0.7809134373832197
1942.98100210726,1.0,0.09189755216096819,0.764444081899259,0.7808418993425758
1943.08499470353,1.0,0.09189920914434363,0.7643759668335235,0.7807619757170274
1943.17999519408,1.0,0.09190069385903624,0.764314631255533,0.780689815231148
1943.28599944711,1.0,0.09190231859181734,0.7642471713547017,0.7806102377957094
1943.39000210166,1.0,0.09190388063115965,0.7641819672531818,0.7805331085300699
1943.48500259221,1.0,0.091905280388611,0.764123237933044,0.7804634575337565
1943.59000101686,1.0,0.09190679808031411,0.7640592302516966,0.7803873498864633
1943.68099831045,1.0,0.09190808900085663,0.764004507799174,0.7803221187959477
1943.78999993205,1.0,0.09190960623198896,0.7639398546639056,0.7802448536961141
1943.88099722564,1.0,0.09191084911036916,0.7638866131755363,0.7801810655397783
1943.98499988019,1.0,0.09191224379779608,0.7638265608193502,0.7801089417997839
1944.08000037074,1.0,0.09191349424831569,0.763772435161512,0.7800437755993578
1944.18599456549,1.0,0.09191486354823424,0.7637128492062583,0.7799718581459733
1944.29099299014,1.0,0.09191619375505175,0.7636546400974895,0.7799014220308179
1944.38200034201,1.0,0.09191732610657471,0.7636048311807268,0.77984100812305
1944.49100196362,1.0,0.0919186577835412,0.7635459437836636,0.7797694122808024
1944.58199925721,1.0,0.09191974947226327,0.7634974126640861,0.7797102680350048
1944.68699768186,1.0,0.09192098704045572,0.763442111086218,0.7796427180232666
1944.78100240231,1.0,0.09192207542251624,0.7633932202697757,0.7795828607347262
1944.88699659705,1.0,0.09192328093969557,0.7633387821400286,0.7795160587333666
1944.9909992516,1.0,0.09192444201484164,0.7632860610867805,0.7794512092403699
1945.08699551225,1.0,0.09192549502660836,0.7632379961367509,0.7793919538260308
1945.1909981668,1.0,0.09192661611359693,0.763186556300341,0.7793283964345841
1945.29500082135,1.0,0.09192771715714247,0.7631357621065457,0.7792654927331436
1945.3900013119,1.0,0.0919287058043586,0.7630899171907398,0.7792085948124992
1945.48199437559,1.0,0.09192964796313803,0.7630460166417498,0.7791539998435666
1945.5999981612,1.0,0.09193083515509003,0.7629903991348945,0.7790846781821629
1945.68299911916,1.0,0.0919316561479859,0.7629517384375345,0.7790363887687537
1945.78700177372,1.0,0.09193266889347156,0.7629038200657187,0.7789764186283986
1945.90399973094,1.0,0.09193378743812997,0.7628505977268082,0.778909657726976
1945.98700068891,1.0,0.0919345679548306,0.7628132706845877,0.7788627392527411
1946.09099328518,1.0,0.0919355309965548,0.7627669971493632,0.7788044648705034
1946.18699960411,1.0,0.09193640571477542,0.7627247559651172,0.7787511614324915
1946.29299379885,1.0,0.09193735579022745,0.7626786435383567,0.7786928557968642
1946.38400115073,1.0,0.09193815872628039,0.7626394810141739,0.7786432414893814
1946.49100117385,1.0,0.09193908797890445,0.7625939346961328,0.7785854281090221
1946.58299423754,1.0,0.09193987440929652,0.7625551988896073,0.7785361648857502
1946.68899849057,1.0,0.09194076662349204,0.7625110384982795,0.77847989642073
1946.79099954665,1.0,0.09194161131328858,0.7624690170744406,0.7784262478941437
1946.88899740577,1.0,0.09194241036539583,0.7624290718801415,0.7783751544826341
1946.97999469936,1.0,0.09194314161584513,0.7623923481211705,0.7783280991982369
1947.09799848497,1.0,0.0919440748614075,0.7623452429309725,0.7782676261203282
1947.19399474561,1.0,0.09194482181875202,0.7623073457835893,0.7782188796332847
1947.28500209749,1.0,0.09194552004154834,0.7622717619862358,0.7781730318842794
1947.39599525928,1.0,0.09194635881696893,0.7622288084934269,0.7781175893515078
1947.48199358582,1.0,0.09194699925427369,0.7621958583783519,0.7780749847873109
1947.59099520743,1.0,0.091947799395929,0.7621545014203843,0.7780214192944157
1947.68099673092,1.0,0.0919484504863588,0.7621206903646666,0.7779775520061969
1947.78700098395,1.0,0.09194920647353393,0.7620812513228464,0.7779262972032592
1947.88099564612,1.0,0.09194986717932091,0.7620466217335818,0.7778812166423121
1947.98499830067,1.0,0.09195058790800341,0.7620086720974392,0.7778317322776342
1948.08999672532,1.0,0.0919513047588452,0.7619707435339097,0.7777821897532239
1948.18600304425,1.0,0.09195195094112156,0.7619363952294258,0.7777372498487083
1948.28999564052,1.0,0.09195264109163583,0.7618995411465426,0.7776889533147713
1948.38199876249,1.0,0.09195324336181468,0.7618672356232222,0.7776465509841364
1948.48999455571,1.0,0.09195394057591959,0.7618296670873479,0.7775971624639884
1948.58100190759,1.0,0.09195452010451761,0.7617982990234536,0.7775558607534517
1948.68600033224,1.0,0.09195517980792815,0.7617624333223135,0.7775085650842669
1948.77799339592,1.0,0.09195575008807534,0.761731291530541,0.7774674363225347
1948.88599924743,1.0,0.09195641063977013,0.76169505867244,0.777419510849427
1948.99099767208,1.0,0.09195704367521741,0.761660170215581,0.7773732894362293
1949.08199496567,1.0,0.09195758516958404,0.7616301970276492,0.7773335218048579
1949.1889949888,1.0,0.09195821359333685,0.7615952599879027,0.7772871004577177
1949.28099811077,1.0,0.09195874690424741,0.7615654809251822,0.7772474749661779
1949.38599653542,1.0,0.09195934773958163,0.7615317861137083,0.7772025749089351
1949.48099702597,1.0,0.0919598843374396,0.7615015622195616,0.7771622422222937
1949.58999864757,1.0,0.09196049195879043,0.761467186046154,0.7771163020347244
1949.68999810517,1.0,0.09196104196951146,0.7614359282295396,0.7770744678489384
1949.78599436581,1.0,0.09196156340402074,0.7614061690841558,0.777034585139
1949.89299438894,1.0,0.09196213718310327,0.761373279686178,0.7769904457530622
1949.98200014234,1.0,0.09196260860809273,0.7613461436669492,0.776953978974731
1950.09100176394,1.0,0.09196317883128871,0.7613131819236936,0.7769096240819309
1950.18600225449,1.0,0.09196366954056624,0.7612846933366433,0.7768712361940827
1950.29999278486,1.0,0.09196425078340308,0.7612507993084501,0.7768255014549899
1950.38199797273,1.0,0.09196466392413774,0.7612266080473821,0.7767928171852441
1950.48999376595,1.0,0.09196520173051863,0.7611949912075575,0.7767500478006132
1950.59799961746,1.0,0.09196573258074235,0.7611636419519284,0.7767075815784783
1950.68699531257,1.0,0.09196616482697648,0.7611380106645779,0.7766728175292583
1950.78100003302,1.0,0.09196661641900727,0.7611111302388717,0.7766363172923065
1950.89599639177,1.0,0.09196716201609435,0.7610785135703331,0.7765919703349337
1960.9119951725,-1.0,0.09312273308852488,0.7526450598405183,0.7656999218581235
1969.32299360633,-1.0,0.0930997576574309,0.7486307870298657,0.7599775856853603
1970.3410025686,-1.0,0.09196556089991424,0.7492222777489064,0.7605362837361946
1971.34000137448,-1.0,0.09197325284477881,0.7496879362045094,0.7609802092469021
1972.33900018036,-1.0,0.0919799864330585,0.7500632510583887,0.7613419170366214
1973.34099635482,-1.0,0.09198548911094545,0.7503684403285095,0.761638580718854
1974.3299972266,-1.0,0.0919899117636036,0.7506143570007516,0.761878914367688
1975.33000186086,-1.0,0.09199359708433709,0.7508184571095561,0.7620787664104247
1976.33999437094,-1.0,0.09199670414701928,0.7509880258781179,0.7622445270697336
1977.3300010711,-1.0,0.09199928831007706,0.7511252956162056,0.7623779741822754
1978.34300100803,-1.0,0.09200155901635364,0.75124149010647,0.7624898341522272
1979.33599501848,-1.0,0.09200349295970982,0.7513357210197023,0.762579225685366
1980.34199438989,-1.0,0.09200521361722942,0.7514146763185257,0.762652600031291
1981.33200109005,-1.0,0.09200671402747432,0.751478766884868,0.7627105104012649
1982.33199566603,-1.0,0.09200806758820816,0.7515319397911145,0.7627567588805501
1983.33799503744,-1.0,0.09200929122688378,0.7515754793258312,0.7627926708742473
1984.32999327779,-1.0,0.09201038173451613,0.7516100583105494,0.7628191219879703
1985.34199744463,-1.0,0.0920113932357246,0.7516379772652624,0.762838180799807
1986.33299991488,-1.0,0.09201229152920534,0.7516590931549286,0.7628501113180205
1987.33999505639,-1.0,0.09201314034794845,0.7516751062359115,0.7628563133728656
1988.33199329674,-1.0,0.09201385963420856,0.7516862286055653,0.7628573383540355
1989.34699483216,-1.0,0.09201461333918566,0.7516934023784526,0.7628537858989622
1990.33700153232,-1.0,0.09201524898931115,0.7516968012029073,0.7628463728606303
1991.32999554276,-1.0,0.09201584960346552,0.7516970874365533,0.7628354977960976
1992.3329975456,-1.0,0.09201639539789826,0.7516945852686776,0.7628214269677408
1993.329994753,-1.0,0.09201691566791642,0.7516896433999513,0.7628047174567154
1994.33900155127,-1.0,0.09201738843502806,0.751682437307688,0.7627853534401031
1995.33199556172,-1.0,0.09201783557187666,0.7516734264616477,0.7627641544880241
1996.33400179446,-1.0,0.09201823916662145,0.7516626223838475,0.762740846173473
1997.33599796891,-1.0,0.0920186292739305,0.7516502920872598,0.7627158224273226
1998.32900203764,-1.0,0.09201897403025941,0.7516367346429748,0.7626895139069403
1999.33500140905,-1.0,0.09201931378688354,0.751621792761303,0.7626614942010683
2000.34999288619,-1.0,0.09201961810404455,0.7516056234887776,0.7626319804554132
2001.34099535644,-1.0,0.09201990877682624,0.7515888946350812,0.7626020893953025
2002.33499519527,-1.0,0.09202016643115629,0.7515712848092845,0.7625711563246563
2003.33599559963,-1.0,0.092020421927914,0.7515528121563808,0.7625391551215799
2004.33600023389,-1.0,0.09202065111065025,0.7515337018099217,0.7625064276517403
2005.34299537539,-1.0,0.09202086923685185,0.7515138565530339,0.7624727744476678
2006.33599944413,-1.0,0.09202106718095897,0.7514937664194444,0.7624389829996264
2007.33999721706,-1.0,0.0920212583130403,0.7514729902048012,0.7624042758496063
2008.34000185132,-1.0,0.09202143183929863,0.7514518948151955,0.7623692355156871
2009.33200009167,-1.0,0.09202159529675488,0.7514306203520886,0.7623340663098518
2010.33899523318,-1.0,0.09202174781221976,0.751408715794709,0.7622980013865832
2011.33999563754,-1.0,0.0920218923027276,0.7513866745577223,0.7622618352460707
2012.34099604189,-1.0,0.09202202472498035,0.7513644040113167,0.7622253973993628
2013.3369974792,-1.0,0.09202215058841358,0.7513420502877142,0.7621889110125265
2014.33999948204,-1.0,0.09202226655184595,0.7513193739464902,0.7621519719913207
2015.33899828792,-1.0,0.0920223772504778,0.7512966505852889,0.7621150177404693
2016.32899492979,-1.0,0.09202247747518588,0.7512740212094966,0.7620782660712525
2017.33999326825,-1.0,0.09202257594820744,0.7512508209872113,0.7620406288323414
2018.351001665,-1.0,0.0920226656934716,0.7512275500606922,0.7620029103089998
2019.34199407697,-1.0,0.09202275066365131,0.7512046902267155,0.7619658833056491
2029.36300188303,-1.0,0.09202336335656258,0.7509738981679852,0.7615923769843312
2039.35899473727,-1.0,0.09202371159907095,0.7507505207403423,0.7612296965723058
2049.35299605131,-1.0,0.09202388880362208,0.7505383685483307,0.7608832262358424
2059.35100056231,-1.0,0.09202395492877173,0.7503387151350931,0.7605551102384628
2069.36099454761,-1.0,0.09202401538155777,0.7501515241231804,0.7602455722775143
2079.35299426317,-1.0,0.09202408486044016,0.749976860148209,0.7599550304693575
2089.3579993397,-1.0,0.0920241595946715,0.7498134456792392,0.7596816390653769
2099.35599379241,-1.0,0.09202423565593608,0.7496608095213326,0.7594248486138351
2109.35399830341,-1.0,0.09202431028231779,0.7495180215035292,0.759183303979035
2119.35000121593,-1.0,0.09202438225249349,0.749384330345574,0.7589559175240789
2129.34900149703,-1.0,0.0920244511381431,0.7492589440618134,0.7587415053613749
2139.36700187624,-1.0,0.09202451694173709,0.7491410164063591,0.7585387648707649
2149.35200102627,-1.0,0.0920245793811964,0.749030530324342,0.7583478042021752
2159.35899764299,-1.0,0.09202463892217631,0.7489263059934649,0.7581667103770738
2169.35799792409,-1.0,0.09202469572080903,0.7488282494010303,0.7579954199797095
2179.35600243509,-1.0,0.092024749767069,0.7487356511360265,0.757832828185903
2189.34699632227,-1.0,0.0920248012776715,0.7486482131824306,0.7576784989308037
2199.34899397194,-1.0,0.09202485049061135,0.748565413056607,0.7575315988871634
2209.35800224543,-1.0,0.09202489752422312,0.7484869500930479,0.7573916776677196
2219.35799829662,-1.0,0.09202494243843273,0.7484126334737224,0.757258474426049
2229.35499697924,-1.0,0.09202498538857752,0.7483421243773904,0.7571314568105989
2239.35699462891,-1.0,0.09202502652394892,0.7482751058072865,0.7570101222142233
2249.3549991399,-1.0,0.09202506591449255,0.7482113995123328,0.7568942117903451
2259.35199782252,-1.0,0.09202510367262552,0.7481507653621521,0.7567833487359763
2269.35099810362,-1.0,0.09202513990150252,0.7480929852107877,0.7566771898003752
2279.35999631882,-1.0,0.09202517471328736,0.7480378337982968,0.7565753722643322
2289.34499546885,-1.0,0.09202520807212738,0.7479853241290695,0.7564779697582578
2299.35099631548,-1.0,0.0920252402030418,0.7479350628374674,0.7563842983385612
2309.3479949981,-1.0,0.09202527107619217,0.7478870616156099,0.7562944215288525
2319.3550016731,-1.0,0.09202530081452477,0.7478410970780501,0.756207960933128
2329.35099452734,-1.0,0.0920253294157061,0.7477971432842142,0.7561249051840208
2339.34799320996,-1.0,0.09202535697158956,0.7477550314417121,0.7560449709452476
2349.35700148344,-1.0,0.09202538356295316,0.7477146139354373,0.7559679102146167
2359.34599377215,-1.0,0.0920254091548345,0.7476759209881365,0.7558938118751348
2369.35500204563,-1.0,0.09202543389559013,0.747638707245318,0.7558222350953879
2379.34899330139,-1.0,0.09202545774084381,0.7476030203406112,0.7557532984909648
2389.35899734497,-1.0,0.0920254808049802,0.7475686715333375,0.7556866631036495
2399.34799969196,-1.0,0.09202550304105003,0.7475357141989852,0.755622456791691
2409.35099311173,-1.0,0.09202552456318987,0.7475039636991204,0.7555603428583982
2419.35099922121,-1.0,0.09202554536716884,0.7474734127029669,0.7555003279145998
2429.37199696898,-1.0,0.09202556553257576,0.7474439317848022,0.7554421772670196
2439.3580019474,-1.0,0.09202558497769106,0.7474156279864853,0.7553861215761051
2449.34800006449,-1.0,0.0920256038092508,0.7473883341206865,0.7553318487301045
2459.34999771416,-1.0,0.09202562206731042,0.7473619822584666,0.7552792400417184
2469.34800222516,-1.0,0.09202563974672796,0.747336570183694,0.7552283068239294
2479.36899997294,-1.0,0.09202565691730868,0.7473119890318555,0.755178845471952
2489.35699649155,-1.0,0.09202567350585024,0.7472883346620669,0.7551310634686471
2499.35700260103,-1.0,0.09202568961002298,0.7472654600296019,0.7550846779197805
2509.35799442232,-1.0,0.09202570523091722,0.7472433563622383,0.7550396834877615
2519.35800053179,-1.0,0.09202572038426839,0.7472219945019476,0.754996032958144
2529.35900241137,-1.0,0.09202573509109514,0.7472013386147106,0.7549536646155336
2539.35899846256,-1.0,0.09202574936518222,0.7471813630182598,0.7549125366944102
2549.35899451375,-1.0,0.09202576322433959,0.7471620374472824,0.7548725972606786
2559.35799479485,-1.0,0.09202577668246169,0.747143337128692,0.7548338049707474
2559.47899594903,-1.0,0.09202577684293965,0.747143114542331,0.7548333423546998
2559.56999324262,-1.0,0.09202577696358938,0.7471429472069151,0.7548329945565987
2559.67799909413,-1.0,0.09202577710675065,0.7471427486585944,0.7548325818687339
2559.7700022161,-1.0,0.09202577722866681,0.747142579583227,0.7548322304280448
2559.87500064075,-1.0,0.0920257773677659,0.7471423866879757,0.7548318294605053
2559.96599793434,-1.0,0.09202577748828447,0.7471422195677833,0.7548314820583556
2560.07599532604,-1.0,0.09202577763392136,0.747142017619102,0.7548310622405093
2560.16899421811,-1.0,0.09202577775701382,0.7471418469349536,0.7548307074029957
2560.27200110257,-1.0,0.09202577789331355,0.7471416579429659,0.7548303144906942
2560.36999896169,-1.0,0.09202577802294681,0.747141478199985,0.7548299407929522
2560.47400161624,-1.0,0.09202577816048198,0.7471412875058672,0.7548295443121068
2560.57999581099,-1.0,0.09202577830060663,0.7471410932264259,0.7548291403610129
2560.67299470305,-1.0,0.09202577842351442,0.7471409228214759,0.754828786037246
2560.7779931277,-1.0,0.09202577856223887,0.7471407304912265,0.7548283861093227
2560.87899841368,-1.0,0.0920257786956452,0.7471405455372554,0.7548280015047023
2560.97899787128,-1.0,0.09202577882768168,0.7471403624848314,0.7548276208399899
2561.06999516487,-1.0,0.09202577894780291,0.7471401959628127,0.7548272745385576
2561.176995188,-1.0,0.09202577908901022,0.7471400002192489,0.7548268674525604
2561.27099990845,-1.0,0.09202577921303168,0.7471398283051087,0.754826509910969
2561.375002563,-1.0,0.09202577935020435,0.7471396381680351,0.7548261144552801
2561.47799938917,-1.0,0.09202577948601004,0.747139449933052,0.7548257229405156
2561.5750014782,-1.0,0.09202577961387484,0.7471392727114536,0.754825354319012
2561.66599877179,-1.0,0.09202577973379221,0.7471391065112443,0.7548250086099006
2561.77700199187,-1.0,0.09202577988003179,0.7471389038380347,0.754824587018272
2561.87899298966,-1.0,0.09202578001435799,0.7471387176839581,0.7548241997736004
2561.97000034153,-1.0,0.09202578013418587,0.7471385516292361,0.754823854327914
2562.07499876618,-1.0,0.09202578027239315,0.7471383601068838,0.7548234558870246
2562.16999925673,-1.0,0.09202578039740218,0.7471381868774596,0.7548230954890781
2562.27499768138,-1.0,0.09202578053552651,0.7471379954793075,0.7548226972768435
2562.36700080335,-1.0,0.09202578065652041,0.7471378278234279,0.7548223484486217
2562.47499659657,-1.0,0.09202578079850424,0.747137631088157,0.7548219391019478
2562.56699971855,-1.0,0.09202578091942624,0.7471374635409739,0.7548215904738553
2562.6710023731,-1.0,0.0920257810560795,0.7471372742015762,0.7548211964866418
2562.76799440384,-1.0,0.09202578118348281,0.7471370976827146,0.754820829163284
2562.87199705839,-1.0,0.09202578132005354,0.7471369084666517,0.7548204354031726
2562.97699548304,-1.0,0.09202578145788831,0.7471367175036437,0.7548200379921534
2563.07199597359,-1.0,0.09202578158256544,0.7471365447800967,0.7548196785256608
2563.17699439824,-1.0,0.09202578172032544,0.7471363539408331,0.7548192813425192
2563.26800175011,-1.0,0.09202578183969515,0.7471361885834864,0.7548189371808854
2563.37699331343,-1.0,0.09202578198261267,0.7471359906135825,0.7548185251266913
2563.46800066531,-1.0,0.09202578210191374,0.7471358253633612,0.7548181811623477
2563.57199326158,-1.0,0.09202578223819896,0.7471356365943047,0.7548177882298197
2563.66699375212,-1.0,0.0920257823626643,0.7471354642034405,0.7548174293760209
2563.77299800515,-1.0,0.09202578250150638,0.7471352719074187,0.7548170290720576
2563.8770006597,-1.0,0.092025782637686,0.7471350833065343,0.7548166364449033
2563.97099532187,-1.0,0.09202578276072657,0.7471349129090249,0.754816281700222
2564.0769995749,-1.0,0.09202578289944678,0.7471347208022455,0.7548158817448383
2564.16799686849,-1.0,0.09202578301849414,0.7471345559445043,0.7548155385077847
2564.26999792457,-1.0,0.09202578315189999,0.747134371209227,0.7548151538714621
2564.36999738216,-1.0,0.09202578328264988,0.7471341901582833,0.7548147768920642
2564.47400003672,-1.0,0.09202578341859394,0.7471340019216447,0.7548143849358899
2564.58100005984,-1.0,0.09202578355841336,0.7471338083261337,0.7548139818053229
2564.67399895191,-1.0,0.0920257836799021,0.7471336401173736,0.7548136315253889
2564.77699577808,-1.0,0.0920257838144136,0.7471334538842505,0.754813243697126
2564.87699523568,-1.0,0.09202578394497239,0.7471332731301866,0.7548128672646852
2564.97800052166,-1.0,0.09202578407680617,0.7471330906174055,0.7548124871553475
2565.06999358535,-1.0,0.0920257841968447,0.7471329244412738,0.7548121410569908
2565.18200263381,-1.0,0.09202578434295933,0.7471327221750633,0.7548117197770741
2565.26899673045,-1.0,0.09202578445641009,0.7471325651314773,0.754811392674665
2565.372999385,-1.0,0.09202578459200526,0.7471323774416756,0.7548110017260449
2565.48599414527,-1.0,0.09202578473927872,0.747132173595704,0.7548105771077326
2565.57399407029,-1.0,0.09202578485394211,0.7471320148927694,0.7548102465115564
2565.66700302064,-1.0,0.0920257849751012,0.7471318472054289,0.7548098971880547
2565.76999984682,-1.0,0.09202578510923394,0.7471316615696295,0.7548095104604827
2565.86700193584,-1.0,0.09202578523552407,0.7471314867949395,0.754809146345841
2565.97099453211,-1.0,0.09202578537087705,0.747131299485894,0.7548087561032809
2566.07400141656,-1.0,0.09202578550490335,0.7471311140143682,0.7548083696741196
2566.1709934473,-1.0,0.09202578563106475,0.747130939429485,0.7548080059136647
2566.27499610186,-1.0,0.09202578576630488,0.7471307522863432,0.754807615972537
2566.37899875641,-1.0,0.09202578590150323,0.747130565206104,0.7548072261473561
2566.47699661553,-1.0,0.09202578602885729,0.7471303889848423,0.7548068589355479
2566.56799390912,-1.0,0.0920257861470803,0.747130225402072,0.7548065180479532
2566.6799928993,-1.0,0.09202578629254428,0.7471300241312863,0.7548060986070123
2566.76699705422,-1.0,0.09202578640551119,0.7471298678284022,0.754805772865443
2566.87199547887,-1.0,0.09202578654180255,0.74712967925733,0.7548053798615872
2566.98599606752,-1.0,0.09202578668972992,0.7471294745913111,0.7548049532965887
2567.07300022244,-1.0,0.09202578680259933,0.7471293184428781,0.7548046278397652
2567.17799864709,-1.0,0.09202578693877707,0.7471291300581301,0.7548042351794245
2567.27000176907,-1.0,0.09202578705806745,0.7471289650416402,0.754803891214152
2567.37899333239,-1.0,0.09202578719934505,0.7471287696181799,0.7548034838524224
2567.47000068426,-1.0,0.09202578731727812,0.7471286064933617,0.7548031438047859
2567.57399328053,-1.0,0.09202578745200174,0.7471284201520075,0.7548027553461719
2567.66899377108,-1.0,0.09202578757504203,0.7471282499780306,0.7548024005779027
2567.77400225401,-1.0,0.09202578771100667,0.7471280619375041,0.7548020085479288
2567.87799485028,-1.0,0.09202578784561728,0.7471278757789581,0.7548016204264176
2567.9740011692,-1.0,0.09202578796985622,0.7471277039722249,0.7548012622136115
2568.07799376547,-1.0,0.0920257881043867,0.747127517933827,0.7548008743136717
2568.16900111735,-1.0,0.09202578822208371,0.747127355176716,0.7548005349441141
2568.27699691057,-1.0,0.09202578836171088,0.7471271620995704,0.7548001323384419
2568.36900003254,-1.0,0.09202578848062648,0.7471269976675313,0.7547997894509404
2568.47399845719,-1.0,0.09202578861629966,0.7471268100693509,0.7547993982410898
2568.56899894774,-1.0,0.09202578873901805,0.7471266403889983,0.7547990443831797
2568.67499314249,-1.0,0.09202578887589732,0.7471264511341664,0.754798649689114
2568.76600049436,-1.0,0.09202578899338873,0.7471262886902817,0.7547983108972788
2568.87300051749,-1.0,0.09202578913148646,0.7471260977612089,0.754797912682238
2568.96599940956,-1.0,0.09202578925147838,0.747125931869041,0.7547975666730198
2569.07099783421,-1.0,0.0920257893869081,0.7471257446318061,0.7547971761289637
2569.17899362743,-1.0,0.09202578952615542,0.7471255521156822,0.754796774558127
2569.27200257778,-1.0,0.09202578964604109,0.7471253863692231,0.7547964288133835
2569.37599517405,-1.0,0.09202578978004249,0.7471252011082251,0.7547960423474015
2569.48699839413,-1.0,0.1402628483260805,0.7442360345907537,0.7513746852346835
2569.59399841726,-1.0,0.1402495498050792,0.7387883053773473,0.7446934157058751
2569.69100050628,-1.0,0.14022932673643834,0.7339221835529236,0.738701660667956
2569.78600099683,-1.0,0.14020484279409498,0.729222922629546,0.7328925744698964
2569.89500261843,-1.0,0.1401733938939069,0.7239111615761821,0.7262981193662128
2569.98300254345,-1.0,0.14014711223118773,0.7196844318931371,0.7210285587319277
2570.0889967382,-1.0,0.14011671492435654,0.7146653156815214,0.7149223103503286
2570.18300145864,-1.0,0.1400931729033135,0.7092292843283067,0.7102785423385395
2570.30499838293,-1.0,0.14007148963197383,0.7021505305133233,0.7046740890245811
2570.38899511099,-1.0,0.14006533900720267,0.6973284172319754,0.7008721781693218
2570.48299983144,-1.0,0.14007037286109222,0.6919817503189851,0.6966708309831245
2570.59299722314,-1.0,0.14009768319504454,0.6857930707191324,0.6918245054087628
2570.68799771369,-1.0,0.14014588553450366,0.6805080138817708,0.6876974262867074
2570.78200243413,-1.0,0.1402228394744385,0.6753349376223726,0.6836648389661344
2570.89199982584,-1.0,0.14036052549184916,0.6693572284470782,0.6790077601202179
2570.98799608648,-1.0,0.14053422852173666,0.6642120163603654,0.6749944422734125
2571.08299657702,-1.0,0.14076807655191031,0.6591923822107636,0.67106598827477
2571.19100242853,-1.0,0.14112702538839145,0.6535830634763456,0.6666469379466052
2571.28799445927,-1.0,0.1415527248573124,0.6486455813552104,0.6627159687197167
2571.38199917972,-1.0,0.14207735183366116,0.6439620329772153,0.6589344045183383
2571.49199657142,-1.0,0.1428557893462631,0.6386242724954289,0.6545373021213313
2571.58999443054,-1.0,0.14372048446423727,0.6340110970882226,0.6506378618598786
2571.68399915099,-1.0,0.1447186105406882,0.6297195992354399,0.6469071133822498
2571.79199494421,-1.0,0.14608447930860644,0.624953925368391,0.6426266256525914
2571.88899703324,-1.0,0.14751809639611324,0.6208186411664295,0.6387829831669303
2571.98499329388,-1.0,0.149128125124648,0.6168495880962596,0.6349789988180893
2572.09199331701,-1.0,0.15113380708393753,0.6125485579098884,0.6307408913657186
2572.19000123441,-1.0,0.153140937070212,0.6086971636676016,0.6268662971578693
2572.28399589658,-1.0,0.15518506239464813,0.6050584411110238,0.6231646861088354
2572.39200174809,-1.0,0.15762527431541876,0.6009132656393573,0.6189408195303164
2572.48999960721,-1.0,0.1598659469221933,0.5971604989646059,0.6151475523893871
2572.58399426937,-1.0,0.16198578192829702,0.5935499004409938,0.6115544298819439
2572.69299589097,-1.0,0.1643456615896447,0.5893313876631179,0.6074539003892426
2572.7890022099,-1.0,0.1662905157850799,0.5855768298177091,0.6039085376914348
2572.88599424064,-1.0,0.1680958864628716,0.5817407735319029,0.6003942765162057
2572.99400009215,-1.0,0.16989522235620397,0.5774160533508446,0.5965631434238349
2573.0890005827,-1.0,0.1712872339373859,0.5735668510777429,0.5932649879411821
2573.18699844182,-1.0,0.17253953089675658,0.5695549895084884,0.5899316326930345
2573.29399846494,-1.0,0.17370647719726515,0.5651322466979707,0.5863690484032653
2573.38600158691,-1.0,0.1745572088271559,0.5612993507498784,0.5833670574889036
2573.48600104451,-1.0,0.17533953423555443,0.5571078082293294,0.5801649318928909
2573.59399683774,-1.0,0.17603921418910648,0.5525583185517474,0.5767736516936077
2573.70399422944,-1.0,0.17662005689273624,0.5479079221897675,0.5733862271732125
2573.7859994173,-1.0,0.17697973253801122,0.5444345449300215,0.5709018449071872
2573.89399521053,-1.0,0.1773730325568518,0.5398572717721314,0.5676800869706771
2573.99799786508,-1.0,0.17767946595287007,0.535450979210912,0.5646278601421566
2574.08699356019,-1.0,0.17789488397482336,0.5316853890840985,0.5620528605610255
2574.19399358332,-1.0,0.178106642304755,0.5271677327982142,0.5589991436782089
2574.29299727082,-1.0,0.17826455084696777,0.5230002493720215,0.5562123290502679
2574.38799776137,-1.0,0.17838772156731755,0.5190150688733118,0.5535711826590646
2574.48299825191,-1.0,0.1784880566232527,0.5150453436308783,0.5509606533780266
2574.59699884057,-1.0,0.17858356469433137,0.5103043526692425,0.5478663141169321
2574.68900196254,-1.0,0.1786444189781046,0.5064977084957291,0.5453980145602217
2574.78400245309,-1.0,0.178694959113014,0.5025865175084976,0.5428751630617153
2574.88999664783,-1.0,0.1787392735465845,0.49824716505230515,0.5400900268414397
2574.98999610543,-1.0,0.17877136808927055,0.49417778541718127,0.5374898725232339
2575.08499659598,-1.0,0.17879471231997984,0.49033458726760076,0.5350433922390414
2575.18400028348,-1.0,0.17881329435547197,0.4863535935864124,0.5325174523705052
2575.28999447823,-1.0,0.17882795438715546,0.4821193592442688,0.5298389048500874
2575.38600079715,-1.0,0.17883736202782816,0.4783093793438737,0.5274349147247032
2575.48499442637,-1.0,0.1788439114324983,0.47440634105900414,0.5249774149498935
2575.5909986794,-1.0,0.1788488664285524,0.4702559281400802,0.5223690474281576
2575.68599916995,-1.0,0.17884916773050508,0.4665623851790458,0.520051269649072
2575.78300125897,-1.0,0.1788531378039909,0.4628164214432135,0.51770326586053
2575.89299865067,-1.0,0.17885418953481216,0.4586018787604859,0.5150640806395759
2575.98799914122,-1.0,0.17885247243063396,0.45498946415834607,0.5128032010817634
2576.08299963176,-1.0,0.17885316219809066,0.4514026245079882,0.5105587984787094
2576.19499862194,-1.0,0.1788567766596463,0.4472064524456149,0.5079328406408598
2576.28899328411,-1.0,0.17885617133809747,0.4437130203161248,0.5057456647038974
2576.38499960303,-1.0,0.17886116559107448,0.4401692745231841,0.5035254711064252
2576.48399323225,-1.0,0.17886507757381523,0.4365437294098786,0.5012515310587006
2576.59199908376,-1.0,0.17887097409746183,0.43262201568269637,0.4987879050296453
2576.68599374592,-1.0,0.1788753794151096,0.4292408621545994,0.4966594529837713
2576.78400166333,-1.0,0.17888656483528845,0.4257449049897657,0.4944536486580736
2576.89199745655,-1.0,0.17889638998142093,0.4219260077589465,0.49203744909620256
2576.986002177,-1.0,0.1789092368803985,0.41863600283802693,0.4899481957458585
2577.08499580622,-1.0,0.17892760565156915,0.4152035954787652,0.48776018100535595
2577.19300165772,-1.0,0.17894829238750326,0.41149759242784834,0.4853866153616539
2577.28899791837,-1.0,0.17896736919114742,0.4082395765556714,0.4832887818269546
2577.38699577749,-1.0,0.1789924109062072,0.40494657077810764,0.4811571864094315
2577.48300209641,-1.0,0.17902027041569518,0.4017566109100016,0.4790788684862161
2577.59000211954,-1.0,0.1790554638497543,0.3982447873041376,0.4767736292860481
2577.68799997866,-1.0,0.1790917811645095,0.3950699646957302,0.47467199769649054
2577.78300046921,-1.0,0.17913095236909343,0.39203137782413344,0.4726429727229574
2577.89000049233,-1.0,0.17918232650183447,0.3886600113778531,0.4703672435183109
2577.99700051546,-1.0,0.1792369225148628,0.3853411694836925,0.4681001882243063
2578.0839946121,-1.0,0.17928327979439806,0.3826837317726201,0.4662631690432707
2578.1920004636,-1.0,0.17935176132989336,0.37943198651010684,0.4639885860983497
2578.28799672425,-1.0,0.17941601116084302,0.37659519216336396,0.46197285733437715
2578.38399298489,-1.0,0.17948340255852044,0.3738031239857681,0.45996155905524877
2578.4919988364,-1.0,0.17957091260762406,0.37072130266894154,0.45770348006517264
2578.58900092542,-1.0,0.17965368010331953,0.36801257760127976,0.45567923484374107
2578.68600301445,-1.0,0.17974041701415072,0.36535340622570944,0.4536576664472855
2578.79399880767,-1.0,0.17984946643240418,0.3624573018067862,0.45140944353728035
2578.89100089669,-1.0,0.17995225628819858,0.3599191821482361,0.4493915107770438
2578.98600138724,-1.0,0.18005733839237653,0.3574842196464804,0.4474159548036959
2579.09499295056,-1.0,0.1801912018715546,0.3547585708580476,0.44514944487955077
2579.18100133538,-1.0,0.18030132461564893,0.3526635148599494,0.4433600773001266
2579.28800135851,-1.0,0.18044427708848831,0.3501158717219046,0.4411327312664414
2579.39500138164,-1.0,0.1805985875152008,0.3476444196724064,0.4389028488564455
2579.50099557638,-1.0,0.13367698549512338,0.34869863301363396,0.43928222196475125
2579.60900142789,-1.0,0.13340673296711109,0.3530492713683546,0.44236929706315997
2579.71299402416,-1.0,0.13318323920381667,0.3570882415753888,0.44529664961531684
2579.80199977756,-1.0,0.13301629609650822,0.3604370498816933,0.4477659772911157
2579.91299293935,-1.0,0.1328354010283443,0.364483723090566,0.45079771630728493
2580.00400029123,-1.0,0.13270689962288515,0.36770175815165757,0.45324366843118763
2580.10999448597,-1.0,0.1325767419316419,0.3713438184659341,0.45604679193135217
2580.20499497652,-1.0,0.13247567398186694,0.37451718330199596,0.4585173543583762
2580.30899763107,-1.0,0.13237964473097807,0.3778986667980234,0.46117674752012294
2580.40199652314,-1.0,0.13230506237963782,0.3808449744231899,0.46351485741187304
2580.50699494779,-1.0,0.13223197852625337,0.38408842927579256,0.4661096748047142
2580.6150007993,-1.0,0.13216748478562995,0.3873377918703803,0.4687295109131191
2580.70599809289,-1.0,0.13212045922351076,0.39001043360102167,0.47089840530369304
2580.81000074744,-1.0,0.1320738474344581,0.392995729196519,0.47333485439241285
2580.90199381113,-1.0,0.13203819239821007,0.3955773854955285,0.4754527411484869
2581.01099543273,-1.0,0.13200185297089634,0.3985679852466815,0.4779176722219483
2581.10200278461,-1.0,0.13197582219485077,0.4010104362627902,0.47993926283587296
2581.20000064373,-1.0,0.13195163256639375,0.40358735514412597,0.482079689094672
2581.30200169981,-1.0,0.1319301730882093,0.40621326771634675,0.48426808540775634
2581.40700012445,-1.0,0.13191154272501787,0.4088587364007646,0.48647950897460973
2581.50400221348,-1.0,0.13189705492748705,0.41125276145077405,0.48848599866580134
2581.60699903965,-1.0,0.13188416782823886,0.41374413264332677,0.4905788348506168
2581.7129932344,-1.0,0.13187324017745167,0.41625554195466274,0.4926928756463857
2581.81800171733,-1.0,0.1318644280627229,0.41869301267791753,0.4947483526510485
2581.91300220788,-1.0,0.13185794840275375,0.42085627382575846,0.4965752389161978
2582.00299367309,-1.0,0.13185294196920685,0.42286992256820843,0.4982777090765465
2582.12199322879,-1.0,0.13184776729529057,0.42548126908783424,0.5004878424095818
2582.20399841666,-1.0,0.1318450191513827,0.4272477860031435,0.5019841732625293
2582.30800107121,-1.0,0.13184233743505833,0.4294506209418924,0.5038511712444237
2582.40099996328,-1.0,0.131840577289829,0.43138583501966565,0.5054920938080247
2582.50899575651,-1.0,0.13183914367071453,0.43359341679031055,0.5073645077245857
2582.61299841106,-1.0,0.13183824823479998,0.4356802449312095,0.5091347356871878
2582.72299580276,-1.0,0.1318376811261281,0.4378468735838973,0.5109725783179724
2582.81200155616,-1.0,0.1318374180093245,0.4395704408796536,0.5124343156083875
2582.90299884975,-1.0,0.13183725574093083,0.4413059559338201,0.5139057470277085
2583.0279931426,-1.0,0.13183708808323635,0.44364723432744524,0.5158897466936572
2583.10499936342,-1.0,0.13183695451777558,0.44506573997196947,0.5170910451281628
2583.20999778807,-1.0,0.13183665843563586,0.44697133414783907,0.5187037409854777
2583.30200091004,-1.0,0.13183623194899308,0.44861467357726564,0.5200932876592574
2583.40999670327,-1.0,0.13183545850596817,0.45051306187129153,0.5216968605225706
2583.50199982524,-1.0,0.131834508198506,0.45210492634403976,0.5230399622768814
2583.60799401999,-1.0,0.13183301352361787,0.45391068319867406,0.5245615806293892
2583.70100297034,-1.0,0.1318312950100232,0.45547099711186806,0.5258745054041919
2583.80600139499,-1.0,0.13182883521295063,0.45720596363057997,0.5273321157836577
2583.90999399126,-1.0,0.13182579517052462,0.4588973555190112,0.5287505617374111
2584.00600031018,-1.0,0.1318224036688554,0.4604356719883158,0.530038218994757
2584.11099873483,-1.0,0.13181799690160417,0.46209326364180064,0.5314228898459857
2584.20100025833,-1.0,0.13181359850792837,0.4634939955808645,0.5325905048081274
2584.31000187993,-1.0,0.13180744448928344,0.4651662400428117,0.5339811954510205
2584.40099917352,-1.0,0.1318015691786577,0.46654248624229905,0.5351228534145224
2584.50699336827,-1.0,0.1317938275531882,0.4681234544252791,0.5364308683564306
2584.60299968719,-1.0,0.13178593562423352,0.4695354557575397,0.53759570940588
2584.70799811184,-1.0,0.13177630570110677,0.47105852237070095,0.5388483353447879
2584.8120007664,-1.0,0.13176568491666812,0.47254591642562516,0.540067480505064
2584.90700125694,-1.0,0.1317550001150425,0.4738865980910292,0.5411626091359514
2585.01199968159,-1.0,0.1317420555770685,0.4753489518065663,0.5423527699774697
2585.10400280356,-1.0,0.13172969835157824,0.4766139868760093,0.5433784324649236
2585.21299436688,-1.0,0.1317137880716579,0.4780934190879124,0.5445730128349904
2585.30299589038,-1.0,0.13169957752194453,0.47929980660987315,0.5455429559810503
2585.40699854493,-1.0,0.131681904410781,0.48067711907974986,0.5466454702316141
2585.50199903548,-1.0,0.13166455508088462,0.4819199415099366,0.5476356216373928
2585.60799323022,-1.0,0.131643798050773,0.48328985784850526,0.5487215435801467
2585.71199588478,-1.0,0.13162195775017,0.4846173693626522,0.5497680441563031
2585.80600060523,-1.0,0.1316009325641153,0.48580346449398193,0.5506979565077319
2585.91199479997,-1.0,0.13157572619120714,0.4871255711378173,0.5517285088218639
2586.00399792194,-1.0,0.1315525310165205,0.48826041115874874,0.5526077917831586
2586.11199371517,-1.0,0.1315237149360425,0.4895778412254246,0.5536220914388245
2586.20399683714,-1.0,0.1314977889624356,0.4906880313316446,0.5544711911147616
2586.30799949169,-1.0,0.1314669311302466,0.4919299646548398,0.5554146366285896
2586.4170011133,-1.0,0.13143279599268556,0.4932171756895401,0.5563849948246735
2586.51099577546,-1.0,0.13140185845408223,0.4943156839169648,0.5572068052418346
2586.60199306905,-1.0,0.1313705666363199,0.4953693349016572,0.5579893818606406
2586.70700155199,-1.0,0.1313327965100027,0.496573564432051,0.5588767225716823
2586.80200204253,-1.0,0.13129707879799982,0.49765258754445274,0.5596651504062253
2586.9059946388,-1.0,0.1312562794684226,0.49882274171449625,0.5605127874238075
2587.00699992478,-1.0,0.131214934451328,0.49994862669181955,0.5613208480393018
2587.10699938238,-1.0,0.1311723214634762,0.5010532974403326,0.5621062769634456
2587.21100203693,-1.0,0.1311262248855719,0.5021919826706037,0.5629079592467774
2587.31100149453,-1.0,0.1310801860352155,0.5032773547540829,0.5636643788780651
2587.41100095212,-1.0,0.13103246198306662,0.5043537464822616,0.5644068721252969
2587.50299401581,-1.0,0.13098706506302363,0.5053362897912289,0.5650777854601141
2587.61399723589,-1.0,0.13093037060750085,0.506512430673656,0.5658720827103202
2587.70299293101,-1.0,0.13088340431966924,0.5074481847770353,0.5664970200577644
2587.80800141394,-1.0,0.13082625542916834,0.5085443570751822,0.5672210060088849
2587.91199401021,-1.0,0.13076781599490359,0.5096217437314488,0.567923908880409
2588.00800032914,-1.0,0.13071223746059557,0.5106094296919468,0.5685605901088079
2588.11200298369,-1.0,0.13065027071333787,0.5116721186399096,0.569237253485211
2588.22099454701,-1.0,0.1305833779984776,0.5127779896482673,0.5699320597618965
2588.31200189888,-1.0,0.1305260049894525,0.5136955069233815,0.5705011832867604
2588.40299919248,-1.0,0.13046726514362467,0.5146077706360915,0.5710603712199495
2588.49899545312,-1.0,0.130403822849732,0.5155647643201376,0.5716397539318431
2588.60399387777,-1.0,0.13033270111253026,0.5166054080356087,0.572261312328194
2588.70799653232,-1.0,0.1302604803084896,0.5176301559794468,0.5728646914513452
2588.80599439144,-1.0,0.13019082879895674,0.5185904712303843,0.5734222666266204
2588.90799544752,-1.0,0.1301166938462386,0.5195848063893262,0.5739915436463535
2589.01299387217,-1.0,0.1300386495727047,0.5206030373255709,0.5745659895459899
2589.11600075662,-1.0,0.12996039268772028,0.5215969264846808,0.5751183920373284
2589.21300284564,-1.0,0.12988517749437697,0.5225285117136317,0.5756287191120895
2589.30400013924,-1.0,0.12981329378838055,0.5233987321145624,0.5760989331172963
2589.41399753094,-1.0,0.1297247113969927,0.5244460711630232,0.5766565585336167
2589.50399905443,-1.0,0.12965086986887828,0.5252994383970927,0.5771042485417309
2589.60999324918,-1.0,0.1295623554900564,0.5263004838152526,0.5776218439320063
2589.70100060105,-1.0,0.12948501343342067,0.5271567060341587,0.5780581189722387
2589.80899639428,-1.0,0.12939164679072623,0.5281689901032284,0.5785663334508832
2589.91399481893,-1.0,0.12929923509203026,0.5291494182839372,0.5790508160725332
2590.0050021708,-1.0,0.12921784383866733,0.5299963281974281,0.5794632671623381
2590.10099843144,-1.0,0.12913070082445477,0.5308868835064509,0.5798909985853767
2590.20599685609,-1.0,0.12903388172504154,0.5318578087777721,0.5803504618315388
2590.31200110912,-1.0,0.1289345549635877,0.532834836975995,0.5808057058270056
2590.40700159967,-1.0,0.12884419945584358,0.533707820062049,0.5812065444237695
2590.51200002432,-1.0,0.12874287366056808,0.5346698992766236,0.581641945198665
2590.60299731791,-1.0,0.12865382756213029,0.5355014124309996,0.5820130069033395
2590.71199893951,-1.0,0.12854566751263186,0.5364947596297763,0.5824500521913185
2590.80299623311,-1.0,0.12845412650026722,0.5373218584679437,0.5828088868442252
2590.90699888766,-1.0,0.128348122884607,0.5382648220547596,0.5832125218464618
2591.0019993782,-1.0,0.12825001393485455,0.5391240406635351,0.5835753702005814
2591.10799357295,-1.0,0.12813911473175366,0.5400803587570907,0.5839738424093117
2591.21300205588,-1.0,0.12802775870312474,0.5410254152449121,0.584362219372302
2591.30800254643,-1.0,0.12792574336264315,0.5418784134799078,0.5847083016997443
2591.4119951427,-1.0,0.1278126902298128,0.5428100228162135,0.5850816025911213
2591.50399826467,-1.0,0.12771146502431038,0.5436323936421088,0.5854072093530257
2591.61199405789,-1.0,0.12759120150135397,0.5445955431045829,0.5857840516894219
2591.70300140977,-1.0,0.12748864569238333,0.545405371748118,0.5860972835198883
2591.80899560452,-1.0,0.12736780645494206,0.5463464761710803,0.5864573035485718
2591.90199449658,-1.0,0.12726055095502117,0.5471703456335859,0.5867691019810778
2592.00899451971,-1.0,0.12713572145435253,0.5481160942126024,0.5871233175033144
2592.11399294436,-1.0,0.12701174385907227,0.5490418841183891,0.5874664002512173
2592.20299869776,-1.0,0.1269054882424463,0.5498248776208889,0.5877538821681332
2592.31299608946,-1.0,0.1267726949745495,0.5507902284488307,0.5881051134169483
2592.40399338305,-1.0,0.12666159855363285,0.5515868601241664,0.5883924365825062
2592.51099340618,-1.0,0.126529523151111,0.5525212397343082,0.588726712519539
2592.60599389672,-1.0,0.12641097263891124,0.553348644458225,0.589020410013655
2592.70999655128,-1.0,0.12627978839562706,0.5542520133464877,0.5893387680434229
2592.80099384487,-1.0,0.12616380790645085,0.5550402533278489,0.5896147277047814
2592.90999546647,-1.0,0.1260233893597305,0.5559816867199688,0.5899422704003875
2593.00100281835,-1.0,0.12590489427598756,0.5567653056059875,0.5902133490789977
2593.10699701309,-1.0,0.1257654396977773,0.5576750967359219,0.5905264728567615
2593.20199750364,-1.0,0.1256391175989411,0.5584877853584785,0.5908048727217311
2593.30800175667,-1.0,0.1254967208366056,0.5593914071692083,0.5911131506449642
2593.41199435294,-1.0,0.1253555331252602,0.5602744466186369,0.5914132937163471
2593.50699484348,-1.0,0.12522526647238413,0.5610780146072065,0.5916856242446176
2593.61199326813,-1.0,0.12507984246412665,0.5619625215757457,0.5919846771674744
2593.7039963901,-1.0,0.12495113565367656,0.5627342773769327,0.5922451480426992
2593.80799904466,-1.0,0.12480420594126923,0.563602821672735,0.5925379395950857
2593.9039953053,-1.0,0.1246672216405815,0.5644006876657885,0.5928067371676486
2594.00799795985,-1.0,0.12451738975581733,0.5652607737679594,0.5930964862187825
2594.11499798298,-1.0,0.12436169918905558,0.5661407238058811,0.5933931089575379
2594.20900270343,-1.0,0.12422363319279363,0.566909482612389,0.5936525626540581
2594.3129952997,-1.0,0.12406950734206762,0.5677549965076844,0.5939384316739635
2594.41899955273,-1.0,0.12391088697970257,0.5686113185159974,0.5942286811452727
2594.51299421489,-1.0,0.12376897893642677,0.5693657220510961,0.5944851561284512
2594.60400156677,-1.0,0.1236304633792201,0.5700915733401007,0.5947327457197806
2594.70299519598,-1.0,0.12347855367049912,0.5708758071474569,0.5950012932751199
2594.80499625206,-1.0,0.123320687944461,0.5716778591479122,0.5952772360964778
2594.90899890661,-1.0,0.12315833444399783,0.5724891330227527,0.5955578879194999
2595.00699676573,-1.0,0.123004083493097,0.5732473242674656,0.5958217573006024
2595.1099935919,-1.0,0.12284069394528738,0.5740374331640925,0.5960984976869317
2595.20199671388,-1.0,0.12269364126595637,0.5747371570940523,0.5963452715449075
2595.31299993396,-1.0,0.12251485532130289,0.5755735330483909,0.5966425471992995
2595.40099985898,-1.0,0.12237210531578191,0.5762303280974777,0.5968778580143662
2595.50699405372,-1.0,0.12219899445902087,0.577013847500866,0.5971609312283098
2595.62400206923,-1.0,0.12200644049193621,0.577868875515609,0.597473046855626
2595.70699296892,-1.0,0.1218689761783938,0.5784688974463954,0.5976941927016621
2595.81099562347,-1.0,0.12169569741254306,0.5792131200166516,0.5979710906642658
2595.90200297534,-1.0,0.12154316900134154,0.5798571376445417,0.5982132147826931
2596.01099453866,-1.0,0.12135943685700865,0.5806194009580092,0.5985029916448527
2596.10200189054,-1.0,0.12120518123395675,0.5812482797049285,0.5987447864392825
2596.20599448681,-1.0,0.12102800810411019,0.5819582002228626,0.5990209405785877
2596.30299657583,-1.0,0.12086190886373664,0.5826119054462755,0.5992784162671195
2596.40900082886,-1.0,0.12067953954270313,0.5833169303645861,0.599559628211199
2596.50999605656,-1.0,0.12050499081650941,0.5839793496628208,0.599827436669597
2596.60999551415,-1.0,0.12033143995870028,0.5846261778517294,0.6000925087998678
2596.70099280775,-1.0,0.12017293451566038,0.5852069777839967,0.6003336167167795
2596.80799283087,-1.0,0.11998589623586915,0.5858803069244601,0.6006170107893701
2596.90100178123,-1.0,0.11982277995435617,0.5864571072914397,0.6008632467969952
2597.00499437749,-1.0,0.11963985993837961,0.5870926807917883,0.6011384398063421
2597.12200239301,-1.0,0.11943342739116519,0.5877960289534898,0.6014479059027805
2597.20699489117,-1.0,0.11928311146813234,0.5882991214611335,0.6016725727207188
2597.31099754572,-1.0,0.11909880500104134,0.588905823669607,0.6019473367006817
2597.40199483931,-1.0,0.11893725518088259,0.5894286282995492,0.6021875944938168
2597.51000069082,-1.0,0.11874521332261448,0.5900394942998016,0.6024725581408013
2597.60299958289,-1.0,0.1185796418286291,0.5905571456394921,0.6027177343864426
2597.70799800754,-1.0,0.11839249944928741,0.5911324043091354,0.6029943124063977
2597.80200272799,-1.0,0.11822481223839403,0.591639254134295,0.6032416999609103
2597.90700115263,-1.0,0.11803740329199508,0.5921963625906017,0.6035177343506861
2598.0109937489,-1.0,0.11785174619263997,0.5927388390049586,0.6037908133649675
2598.10700006783,-1.0,0.11768035046564496,0.5932315724235204,0.6040426200203379
2598.21100272238,-1.0,0.11749473590988177,0.593756726705734,0.6043150481936712
2598.30200001597,-1.0,0.11733240674697484,0.5942089679204077,0.6045530891404082
2598.41100163758,-1.0,0.1171380957406382,0.5947419464402023,0.6048378059565231
2598.50299470127,-1.0,0.11697425931106586,0.595184484877052,0.6050777140936727
2598.60799312592,-1.0,0.1167874761931357,0.5956816173123621,0.6053510856438026
2598.70399944484,-1.0,0.11661693076287862,0.5961288781452009,0.6056006009744841
2598.80800209939,-1.0,0.11643248373827997,0.5966056810169278,0.6058703915839667
2598.91199469566,-1.0,0.116248410350155,0.5970745928775948,0.6061396026892941
2599.00899678469,-1.0,0.1160770594724223,0.5975050862077946,0.6063901962317138
2599.11299943924,-1.0,0.11589376229670367,0.5979594058317158,0.6066582893507508
2599.20500256121,-1.0,0.11573200907135989,0.5983551975493073,0.606894924125342
2599.31299835443,-1.0,0.11554265506636938,0.5988126557773819,0.6071720359429497
2599.40500147641,-1.0,0.11538181537784893,0.5991964308892439,0.6074075301215229
2599.41799677908,-1.0,0.11535913397875183,0.5992502057370239,0.6074407490462862
2609.43199396133,1.0,0.09850762900742382,0.6318697288965269,0.6353277852130151
2619.42499950528,1.0,0.09381376331809133,0.649825254264868,0.6527003000132282
2629.41999658942,1.0,0.09213910059488489,0.6627533810203935,0.6648830079195223
2639.43399377167,1.0,0.09144147990775739,0.6729315191347325,0.6741245332472919
2649.42699931562,1.0,0.09110353672911656,0.6812962449967199,0.6814987702014403
2659.43500176072,1.0,0.0909197819745801,0.687604613472983,0.6884102041738885
2669.42299827933,1.0,0.09081146483984791,0.6928135307937348,0.694576611613161
2679.42799329758,1.0,0.09074297741945722,0.6973624623388714,0.7000371372362084
2689.4329983741,1.0,0.09069738872125532,0.7013952555696172,0.7049333526494488
2699.42900128663,1.0,0.09066570585790847,0.705016250542964,0.7093718453638563
2709.42999310791,1.0,0.09064284173613271,0.708308635858432,0.7134409949015283
2719.42399442196,1.0,0.0906258578274722,0.7113266843927453,0.7171982228084595
2729.42899949849,1.0,0.09061289685485331,0.7141202145550581,0.7206984203529578
2739.43099714816,1.0,0.0906028079944983,0.7167198313821339,0.7239745214848565
2749.4240026921,1.0,0.09059481421572585,0.719151923543561,0.72705551548116
2759.4330009073,1.0,0.09058836468578521,0.7214446968750532,0.729973794706135
2769.43099536002,1.0,0.09058310420368565,0.7236100600425777,0.7327418330707026
2779.42400090396,1.0,0.09057875850113585,0.7256646386565377,0.7353786641129509
2789.43099752069,1.0,0.0905751237054411,0.7276247555602651,0.7379034476471192
2799.4279962033,1.0,0.09057206215885069,0.7294962393903015,0.7403222004216813
2809.43099968135,1.0,0.09056945724568422,0.731291142920235,0.742649239159363
2819.4250009954,1.0,0.09056722715613873,0.7330145103092143,0.7448900404820844
2829.43299338222,1.0,0.0905653003046289,0.7346769110793103,0.7470574480976987
2839.42800052464,1.0,0.09056362943279615,0.7362796248774275,0.7491523566356906
2849.43499714136,1.0,0.090562168318486,0.7378317129257421,0.7511859389091396
2859.4299942255,1.0,0.09056088696268819,0.7393338773308968,0.7531585329229972
2869.42399553955,1.0,0.09055975678830487,0.7407917643179521,0.7550770379523316
2879.4269990176,1.0,0.09055875375719881,0.7422102422047273,0.7569474185800474
2889.42699506879,1.0,0.09055786152719066,0.7435906522034266,0.7587710524858398
2899.43200014532,1.0,0.09055706390548175,0.7449368488553938,0.7605526828060011
2909.43499356508,1.0,0.0905563488427366,0.7462503466937896,0.7622940036486805
2919.42599751055,1.0,0.09055570644539057,0.7475321272839365,0.7639960317243251
2929.43600155413,1.0,0.09055512624916034,0.7487881485431627,0.765666431009039
2939.43199440837,1.0,0.09055459570686734,0.7500160700607579,0.7673018661643884
2949.43499788642,1.0,0.09055412492725125,0.7512201597008995,0.768907814470302
2959.43599976599,1.0,0.09055368407966838,0.7524005055354782,0.7704842407444176
2969.43500004709,1.0,0.09055328641105789,0.7535591592924602,0.7720336548342426
2979.43100295961,1.0,0.09055292243277933,0.7546969457091156,0.7735570370831242
2989.43399637938,1.0,0.09055258816373893,0.7558161500583035,0.7750573090590958
2999.43599402905,1.0,0.09055228072541364,0.7569169319778812,0.7765345583156885
3009.43499431014,1.0,0.09055199738991968,0.7580000680642678,0.7779897086021763
3019.42599825561,1.0,0.09055173582966901,0.7590659549381957,0.7794231822363904
3029.42499853671,1.0,0.09055149348566918,0.7601171416090224,0.7808383077412424
3039.4239988178,1.0,0.09055126868436669,0.7611535509625333,0.78223489101602
3049.42899383605,1.0,0.09055105963032305,0.7621765189528127,0.7836146482194916
3059.44800004363,1.0,0.09055086471091608,0.7631875026273971,0.7849794691550922
3069.42699439824,1.0,0.0905506836003402,0.7641817327292934,0.7863228372491022
3079.42700050771,1.0,0.09055051397407224,0.7651659142222575,0.7876537403924148
3089.42299336195,1.0,0.09055035523222016,0.7661381036096446,0.7889694896902681
3099.42899420857,1.0,0.09055020621440443,0.7671001707162773,0.7902725572220103
3100.84799677134,1.0,0.09055018583166569,0.7672357360185079,0.790456253158136
3100.96199735999,1.0,0.09184795927084023,0.7671865785642937,0.7904026206493423
3101.05899944901,1.0,0.09185027268869675,0.7670948248835137,0.7902999818923859
3101.17599740624,1.0,0.09185310870497522,0.7669859837029593,0.7901779530452405
3101.26699469984,1.0,0.0918552687607739,0.76690269778711,0.7900843520908629
3101.36500261724,1.0,0.09185754620893677,0.766814312726508,0.7899847927377857
3101.45599991083,1.0,0.091859617105235,0.7667334545110659,0.7898934946284127
3101.55800096691,1.0,0.09186189214907847,0.7666441742928966,0.7897924333662798
3101.65599882603,1.0,0.0918640346884367,0.7665597239988198,0.7896965829822877
3101.76000148058,1.0,0.09186626447307698,0.7664714930041381,0.7895961640494399
3101.86200253665,1.0,0.09186840900188399,0.7663863264408001,0.7894989539910341
3101.95500142872,1.0,0.09187032899483022,0.7663098316077122,0.7894114010305489
3102.06499882042,1.0,0.09187255732678944,0.7662207472271335,0.7893091430155746
3102.15500034392,1.0,0.09187434697101461,0.7661489560547734,0.7892264984466493
3102.25900299847,1.0,0.09187637789949027,0.7660672015365552,0.7891321209056797
3102.35599502921,1.0,0.09187823659080373,0.7659920973756147,0.7890451686863899
3102.45900191367,1.0,0.09188017370309162,0.7659135129293467,0.7889539242853866
3102.56299450994,1.0,0.09188209145583685,0.76583537888662,0.7888629319499704
3102.66100242734,1.0,0.09188386453547084,0.7657628220674966,0.7887781891597567
3102.76399925351,1.0,0.09188569250647387,0.7656876762471075,0.7886901699149643
3102.8549965471,1.0,0.09188727784508349,0.765622206328066,0.7886132721201408
3102.96599976718,1.0,0.09188917469047811,0.7655434858643362,0.7885205464302655
3103.0549954623,1.0,0.09189066658192949,0.7654812601928022,0.788447043740466
3103.15899811685,1.0,0.09189237808291777,0.7654095200324406,0.7883620738605318
3103.25699597597,1.0,0.09189395983556665,0.765342865696825,0.7882829065585689
3103.35899703205,1.0,0.09189557497849048,0.7652744390422974,0.7882014107755152
3103.4629996866,1.0,0.09189718971478424,0.7652056454544973,0.7881192479181223
3103.56099754572,1.0,0.0918986822143814,0.7651417052115983,0.7880426732167156
3103.66299860179,1.0,0.09190020644099235,0.7650760407879307,0.787963823245716
3103.75500172377,1.0,0.09190155624634991,0.7650175727300812,0.7878934341459797
3103.86599488556,1.0,0.09190315380080577,0.7649479746777934,0.7878094225888752
3103.95500063896,1.0,0.0919044110580555,0.7648928892896408,0.7877427562728602
3104.05999906361,1.0,0.09190586759800563,0.7648287177164886,0.7876648998085443
3104.15799692273,1.0,0.09190720163041559,0.7647696005733192,0.7875929902376114
3104.25999797881,1.0,0.09190856473777764,0.7647088467946346,0.7875189036627934
3104.36499640346,1.0,0.09190994147963312,0.7646471188424019,0.7874434349001185
3104.46299426258,1.0,0.0919112028292309,0.7645902326101246,0.7873737115884429
3104.56399954855,1.0,0.09191247962327818,0.7645323184827812,0.7873025562283192
3104.65600267053,1.0,0.09191362255326398,0.7644801871269787,0.7872383566655311
3104.76699583232,1.0,0.09191497655301004,0.7644180668250445,0.7871616706003317
3104.86300215125,1.0,0.0919161263536473,0.7643650004521284,0.7870960013903011
3104.96199578047,1.0,0.09191729168437641,0.7643109161444639,0.7870289203179626
3105.05899786949,1.0,0.09191841409993591,0.7642585308472518,0.7869637997275882
3105.15800155699,1.0,0.09191954028290897,0.7642056756712686,0.7868979481579154
3105.26599735022,1.0,0.09192074696307491,0.764148709256932,0.7868268088126273
3105.36399520934,1.0,0.09192182272435631,0.7640976260045341,0.7867628699387123
3105.45699410141,1.0,0.09192282711922684,0.7640496740512666,0.7867027240908566
3105.556993559,1.0,0.09192388961794344,0.7639986723593274,0.7866386184415473
3105.66799677908,1.0,0.09192504831528434,0.7639427238273477,0.7865681353138928
3105.75799830258,1.0,0.09192597216993101,0.7638978642856119,0.7865115010665449
3105.86200095713,1.0,0.09192702274415006,0.7638465765596233,0.7864466193157011
3105.97299411893,1.0,0.09192812430613305,0.7637924793560503,0.786378030589831
3106.06299564242,1.0,0.0919290030090006,0.7637490871218485,0.7863229009486774
3106.16600252688,1.0,0.0919299930961393,0.7636999351742813,0.786260331351544
3106.25699982047,1.0,0.09193085421249736,0.7636569588586394,0.7862055167104671
3106.36299401522,1.0,0.09193184162907701,0.7636074157221929,0.7861422030489618
3106.45900033414,1.0,0.09193272181574101,0.7635630114165487,0.7860853441920274
3106.5630029887,1.0,0.09193366045516456,0.7635154034361831,0.7860242650042427
3106.67000301182,1.0,0.09193461038002351,0.763466949670682,0.7859619753309287
3106.76399767399,1.0,0.09193543195587982,0.7634248172921801,0.7859077092107809
3106.85499496758,1.0,0.09193621609270264,0.7633844064376876,0.7858555704333731
3106.97099715471,1.0,0.0919372000672206,0.7633334201089911,0.7857896613993843
3107.05499388278,1.0,0.09193790186730189,0.7632968644798866,0.7857423204043458
3107.16000236571,1.0,0.091938766878551,0.7632515857862865,0.7856835828148964
3107.25800022483,1.0,0.09193956198827272,0.7632097453247673,0.7856292070336033
3107.3600012809,1.0,0.09194037736027849,0.7631666136737528,0.7855730543075085
3107.46499970555,1.0,0.0919412040116592,0.7631226508985268,0.7855157166432741
3107.56200179458,1.0,0.09194195653659776,0.7630824222585013,0.7854631582484379
3107.66400285065,1.0,0.09194273651407185,0.7630405141885036,0.7854083128563185
3107.75500014424,1.0,0.09194342278474191,0.7630034607813966,0.7853597425023968
3107.86699913442,1.0,0.09194425535777209,0.7629582791917212,0.7853004185484005
3107.95599482954,1.0,0.09194490749981252,0.7629227068477076,0.7852536342255295
3108.06099325418,1.0,0.09194566647305649,0.7628811050031773,0.7851988342994078
3108.15900117159,1.0,0.09194636494692304,0.7628426247156721,0.7851480643617501
3108.26100222766,1.0,0.0919470818679932,0.7628029324431331,0.7850956123491456
3108.36499482393,1.0,0.09194780251504937,0.7627628321586828,0.7850425357459886
3108.46199691296,1.0,0.09194846559504619,0.7627257548834614,0.7849933845084007
3108.56499373913,1.0,0.09194916014223573,0.7626867269494281,0.784941568404553
3108.6569968611,1.0,0.09194977235668593,0.7626521574523154,0.7848956036803123
3108.75499472022,1.0,0.09195041617134875,0.7626156333563537,0.7848469712552275
3108.8560000062,1.0,0.09195107107267578,0.7625783016623873,0.7847971917571316
3108.96199420094,1.0,0.09195174946939104,0.7625394517126495,0.78474531485324
3109.05899628997,1.0,0.09195236200250234,0.7625041998877582,0.7846981728453842
3109.16000157595,1.0,0.0919529913727918,0.7624678002448537,0.7846494244358101
3109.2650000006,1.0,0.0919536373168177,0.7624302686015846,0.784599091482761
3109.36299785972,1.0,0.0919542321961621,0.7623955325329695,0.7845524399967453
3109.46499891579,1.0,0.0919548433534827,0.762359672655531,0.7845042113434757
3109.55599620938,1.0,0.09195538223975397,0.7623279178548974,0.784461451384754
3109.66699942946,1.0,0.0919560311013411,0.7622894962636421,0.7844096421325142
3109.75900255144,1.0,0.09195656209016043,0.762257904799398,0.784366985568377
3109.86099354923,1.0,0.09195714376509015,0.7622231445208503,0.7843199920370322
3109.95900146663,1.0,0.09195769563652054,0.7621900060876564,0.7842751307154588
3110.06399989128,1.0,0.09195827967138367,0.7621547755967968,0.7842273769732897
3110.16600094736,1.0,0.09195883989233535,0.7621208201525479,0.7841812912155011
3110.26399880648,1.0,0.09195937141041229,0.7620884500642363,0.7841372997261732
3110.35499610007,1.0,0.09195985942696144,0.7620586026862616,0.7840966900801393
3110.45799292624,1.0,0.09196040532793859,0.76202506509992,0.7840510046549101
3110.56899614632,1.0,0.09196098610085217,0.7619892085368736,0.7840020959606646
3110.65999343991,1.0,0.09196145644797431,0.76196003411713,0.7839622527716141
3110.76199449599,1.0,0.0919619776141059,0.7619275638518267,0.7839178568624835
3110.87299771607,1.0,0.09196253769643355,0.7618925002004775,0.7838698549547412
3110.96399500966,1.0,0.09196299145580564,0.7618639637111695,0.783830743071843
3111.06700189412,1.0,0.09196349934221158,0.7618318840465863,0.7837867260836606
3111.15799918771,1.0,0.09196394302432255,0.7618037384296004,0.783748064784912
3111.25599704683,1.0,0.09196441570987199,0.761773627565259,0.7837066606094187
3111.35700233281,1.0,0.09196489744310038,0.7617428062359668,0.783664233432599
3111.46599389613,1.0,0.09196541105314801,0.7617097903328802,0.7836187323024578
3111.56099438667,1.0,0.09196585364183454,0.761681212733315,0.7835793048305151
3111.66199967265,1.0,0.09196631911319982,0.7616510297367054,0.7835376195013355
3111.7669980973,1.0,0.09196679753848876,0.7616198692631059,0.783494538374799
3111.86499595642,1.0,0.09196723916276867,0.7615909813112206,0.7834545580331763
3111.9660012424,1.0,0.09196768935401198,0.7615614043702007,0.7834135817760833
3112.05799430609,1.0,0.0919680950415156,0.7615346386199902,0.7833764633291914
3112.15699799359,1.0,0.09196852716435676,0.7615060121980177,0.7833367267601974
3112.27000281215,1.0,0.09196901482823919,0.7614735607563212,0.7832916338291267
3112.36199587584,1.0,0.0919694075181121,0.7614473162151664,0.7832551296398144
3112.45999373496,1.0,0.09196982165916177,0.7614195271954309,0.7832164421158642
3112.57200278342,1.0,0.09197028964999418,0.7613879800806141,0.7831724768387326
3112.66699321568,1.0,0.0919706822198026,0.7613614006866447,0.7831353984120499
3112.76599690318,1.0,0.09197108723349645,0.7613338662934126,0.7830969529000109
3112.86799795926,1.0,0.09197150016265684,0.7613056750456493,0.7830575537275222
3112.96000108123,1.0,0.09197186889806946,0.761280398741485,0.7830221971973862
3113.05799894035,1.0,0.09197225779211435,0.7612536331152376,0.7829847247552668
3113.15299943089,1.0,0.091972631030122,0.7612278397134827,0.7829485816732965
3113.26400265098,1.0,0.0919730625414438,0.7611978898567615,0.7829065756481147
3113.36299628019,1.0,0.09197344324649281,0.7611713495176494,0.7828693169479276
3113.46299573779,1.0,0.09197382393184791,0.7611446995026063,0.7828318715563041
3113.55599462986,1.0,0.09197417451191563,0.7611200576553,0.7827972187459865
3113.66600207984,1.0,0.09197458501304542,0.7610910829452909,0.7827564377881757
3113.75799514353,1.0,0.09197492483259367,0.7610669964973515,0.7827225079432958
3113.85999619961,1.0,0.0919752979939312,0.7610404404707364,0.7826850689601483
3113.95899988711,1.0,0.0919756565954628,0.7610148145801752,0.7826489112981264
3114.06399831176,1.0,0.09197603310146538,0.760987796133033,0.7826107570313123
3114.16499353945,1.0,0.09197639160984929,0.7609619603289092,0.7825742425459563
3114.26300145686,1.0,0.09197673615106274,0.7609370298630872,0.7825389796836375
3114.35399875045,1.0,0.09197705312449869,0.7609140056374417,0.7825063888822973
3114.45699557662,1.0,0.09197740855094509,0.7608880863265289,0.7824696724237048
3114.55499343574,1.0,0.09197774346968723,0.7608635625895929,0.782434905962584
3114.66000191867,1.0,0.09197809882196056,0.760837433286665,0.7823978338743632
3114.76099714637,1.0,0.09197843723580956,0.76081244490747,0.782362352740721
3114.85899500549,1.0,0.091978762501258,0.7607883299954049,0.7823280861762409
3114.96299766004,1.0,0.09197910439620426,0.7607628778977114,0.7822918922397869
3115.06499871612,1.0,0.09197943645210663,0.7607380545562707,0.7822565655139011
3115.16299657524,1.0,0.0919797524745876,0.7607143336000738,0.7822227828515305
3115.25499969721,1.0,0.09198004652036934,0.7606921768209622,0.7821912060196781
3115.3559949249,1.0,0.09198036639040305,0.7606679793567304,0.7821566968540036
3115.4549986124,1.0,0.09198067706129776,0.7606443835396199,0.7821230221386698
3115.55900126696,1.0,0.09198100038369712,0.760619727329065,0.7820878094213376
3115.66100232303,1.0,0.09198131448078192,0.7605956752279583,0.7820534349359771
3115.75900018215,1.0,0.09198161348608598,0.7605726866152451,0.7820205578042403
3115.8649943769,1.0,0.09198193387881583,0.7605479525962581,0.7819851599629343
3115.96599966288,1.0,0.09198223631715244,0.7605245074642005,0.7819515833209725
3116.06599912047,1.0,0.09198253301532351,0.7605014143924038,0.7819184887126056
3116.15699641407,1.0,0.09198280067273511,0.7604805016992109,0.7818884998776932
3116.25899747014,1.0,0.09198309808741617,0.760457173922113,0.7818550266680621
3116.35399796069,1.0,0.0919833726601997,0.7604355536427361,0.7818239840646137
3116.46199375391,1.0,0.09198368196406438,0.7604110997392137,0.7817888501300105
3116.56500063837,1.0,0.09198397421008322,0.7603878969781549,0.7817554914883798
3116.66000112891,1.0,0.09198424137307844,0.7603666017251859,0.7817248562572675
3116.76700115204,1.0,0.09198453959351455,0.7603427349567959,0.7816905001056385
3116.85500107706,1.0,0.09198478274854059,0.760323199231259,0.781662361579766
3116.9609952718,1.0,0.09198507312452721,0.7602997791498767,0.781628608186217
3117.05899313092,1.0,0.09198533919072917,0.7602782321329354,0.7815975350881951
3117.160994187,1.0,0.09198561371619832,0.7602559118284504,0.7815653277064929
3117.26499684155,1.0,0.0919858911375298,0.7602332644006508,0.7815326286276219
3117.36400052905,1.0,0.09198615290288147,0.7602118088146088,0.7815016319939535
3117.46600158513,1.0,0.09198642025305864,0.7601898079328996,0.781469829092979
3117.55799464881,1.0,0.09198665935768363,0.7601700555881648,0.7814412606349503
3117.65499673784,1.0,0.09198690943540432,0.7601493191838246,0.7814112527946576
3117.75600202382,1.0,0.09198716762571305,0.7601278258364987,0.7813801322297073
3117.86100044847,1.0,0.09198743366221565,0.7601055886187232,0.7813479160887207
3117.95899830759,1.0,0.0919876798138841,0.7600849304307961,0.7813179707549033
3118.06099936366,1.0,0.09198793385909664,0.760063525780892,0.7812869266158365
3118.16599778831,1.0,0.09198819308361857,0.7600415951928774,0.7812551019259654
3118.26399564743,1.0,0.09198843295503507,0.7600212202188046,0.7812255186190095
3118.36399510503,1.0,0.09198867568865347,0.7600005211869283,0.7811954490316978
3118.4569939971,1.0,0.09198889960227334,0.7599813539363625,0.7811675905572003
3118.56799721718,1.0,0.09198916458484559,0.759958579339027,0.7811344714448789
3118.66200193763,1.0,0.09198938706930881,0.7599393795055185,0.781106536032908
3118.76299716532,1.0,0.09198962415745456,0.759918840157752,0.7810766367525279
3118.85799765587,1.0,0.09198984536081042,0.7598996025093339,0.7810486185223772
3118.97299401462,1.0,0.09199011080819514,0.7598764214370776,0.7810148394224578
3119.05499920249,1.0,0.09199029856321321,0.7598599610477534,0.780990841903516
3119.16199922562,1.0,0.09199054163990875,0.7598385707748082,0.7809596426885377
3119.27199661732,1.0,0.09199078930061454,0.7598166832535651,0.7809277013784754
3119.35900077224,1.0,0.09199098361059602,0.759799443516266,0.7809025308325803
3119.46600079536,1.0,0.09199122068313027,0.7597783286855478,0.7808716882725468
3119.55600231886,1.0,0.09199141849015963,0.7597606419842865,0.7808458411657493
3119.66300234199,1.0,0.09199165177022704,0.7597397016930468,0.7808152251772734
3119.75699700415,1.0,0.0919918550292999,0.7597213836034532,0.7807884305948363
3119.87700238824,1.0,0.09199211229114762,0.7596981001973272,0.780754356372231
3119.95399855077,1.0,0.0919922760384507,0.7596832222169665,0.7807325733682938
3120.06300017238,1.0,0.09199250611444242,0.759662240336238,0.780701840729218
3120.16500122845,1.0,0.09199271958791531,0.7596426907602538,0.7806731925473631
3120.260001719,1.0,0.09199291683885129,0.7596245559589573,0.7806466060307715
3120.35500220954,1.0,0.09199311258921937,0.7596064910074254,0.7806201109050519
3120.47200016677,1.0,0.09199335162512211,0.7595843382290158,0.7805876054015772
3120.56399323046,1.0,0.0919935380084437,0.7595669930547858,0.7805621428305977
3120.65899372101,1.0,0.0919937290530537,0.7595491477866949,0.780535935705873
3120.77400013804,1.0,0.09199395840264356,0.759527634685785,0.7805043281542995
3120.85499949753,1.0,0.09199411867994554,0.7595125417354537,0.7804821441810259
3120.86799480021,1.0,0.0919941442985377,0.7595101247631699,0.7804785909666716
3120.98300121725,1.0,0.08153924624534076,0.7599778908188218,0.7810053295384405
3121.07300274074,1.0,0.08231708129278233,0.7606901703881587,0.7818144385248167
3121.18099853396,1.0,0.08322162143757425,0.7614569607665898,0.7826865759207048
3121.28199376166,1.0,0.08384632876591387,0.7620988498539342,0.7834179913322523
3121.37300111353,1.0,0.0842462912519034,0.7626302479764278,0.7840247848733566
3121.48099690676,1.0,0.08483012245689885,0.7632074385998908,0.7846855352752312
3121.58299796283,1.0,0.08522763532485773,0.7637027232694809,0.7852542563201756
3121.67799845338,1.0,0.08555671397022366,0.7641286480972228,0.7857448858392962
3121.78299687803,1.0,0.08591210789026081,0.7645625102541699,0.7862464423886235
3121.8849979341,1.0,0.08620732535124757,0.7649501538228682,0.7866963736647697
3121.97799682617,1.0,0.08645552450404348,0.7652776494867559,0.7870780416783412
3122.08299525082,1.0,0.08672567049789458,0.7656196613976429,0.7874784060255972
3122.1840005368,1.0,0.08695256319008363,0.7659231195475251,0.7878354115352126
3122.27900102735,1.0,0.08714981213310218,0.7661879516209499,0.7881485376036944
3122.38299362361,1.0,0.08736456796301986,0.7664562033674788,0.7884674432550507
3122.48399890959,1.0,0.08754907793495159,0.7666961530566665,0.7887544622159797
3122.57899940014,1.0,0.0877168661006228,0.7669051197344083,0.7890059547455426
3122.68300205469,1.0,0.08788018957196027,0.7671168867222423,0.789262483588102
3122.78500311077,1.0,0.0880308654642213,0.7673086944729329,0.7894964981102831
3122.87999354303,1.0,0.08815999814836398,0.7674742191670103,0.7896999089577076
3122.97499403358,1.0,0.08827176639395115,0.7676284978588742,0.7898908489797898
3123.08399565518,1.0,0.088427613291657,0.7677917350345358,0.7900945837249272
3123.1809977442,1.0,0.08853546000327854,0.7679246192851724,0.7902620618230727
3123.27500246465,1.0,0.08863064597235037,0.7680437958701911,0.7904136362228201
3123.38700145483,1.0,0.08876087950237761,0.7681745530043793,0.7905816228537623
3123.480996117,1.0,0.0888607288676829,0.7682743465624602,0.7907114108450402
3123.59299510717,1.0,0.08894734408735146,0.7683833031597525,0.7908548362954472
3123.68400245905,1.0,0.0890433180158713,0.7684645754573,0.7909631601749625
3123.78099448979,1.0,0.089126242403578,0.7685431514869343,0.7910694745598124
3123.88499714434,1.0,0.08920476675662234,0.7686200949830593,0.791175140346257
3123.98400083184,1.0,0.08928785206531029,0.7686863515195465,0.7912677357023116
3124.08099286258,1.0,0.08936244951053812,0.7687447837685397,0.7913510166524577
3124.17699918151,1.0,0.08942835361155421,0.7687970020312774,0.7914269753638532
3124.28299337626,1.0,0.08949868850112185,0.7688487120332134,0.7915039616467257
3124.38100129366,1.0,0.08956468040477197,0.7688910616598892,0.7915688024638341
3124.47600178421,1.0,0.08961761428491627,0.7689275455258832,0.7916263214977842
3124.58499334753,1.0,0.0896794887184081,0.7689646273753343,0.7916867058788327
3124.67999383807,1.0,0.0897326248764918,0.7689927023172625,0.7917343376130541
3124.77800175548,1.0,0.08978585683034658,0.7690177162658453,0.7917788068014775
3124.8859975487,1.0,0.08983920991667367,0.7690408388066039,0.7918225240038631
3124.98000226915,1.0,0.08988375690327134,0.7690577033035289,0.7918566714753517
3125.07699429989,1.0,0.08993289609271721,0.7690718981617711,0.7918880604398663
3125.1850001514,1.0,0.0899819860334595,0.7690842544561106,0.7919188569667572
3125.28000064194,1.0,0.0900267507330714,0.7690917861541279,0.791941906750455
3125.37799850106,1.0,0.09006274583366636,0.7690968783237241,0.7919624010832962
3125.48599429429,1.0,0.09010771101488271,0.7690995752196932,0.7919813948860108
3125.57999901474,1.0,0.09014378622678382,0.7690994898760665,0.7919949215176683
3125.67799687386,1.0,0.09018010996757106,0.769097191139339,0.7920062689315372
3125.78600272536,1.0,0.0902207271859817,0.7690920776250092,0.7920155514561737
3125.87999738753,1.0,0.09025259533849839,0.7690856273503854,0.7920211077676209
3125.97999684513,1.0,0.09028889191058809,0.7690767387093967,0.7920244592312622
3126.08800269663,1.0,0.09031644695564763,0.7690654266320174,0.7920258485798369
3126.1829931289,1.0,0.09034824465733579,0.7690538772469704,0.7920249860629188
3126.2819968164,1.0,0.09038028751932373,0.7690400452237474,0.7920217831174106
3126.37299410999,1.0,0.09040776590252703,0.7690258934713327,0.7920169720099853
3126.48499310017,1.0,0.09043548460209971,0.769007024636065,0.792009097863801
3126.58300101757,1.0,0.09046307727514818,0.7689891786165348,0.7920004141539407
3126.67399831116,1.0,0.09048610118993211,0.7689715325521819,0.7919908984109139
3126.78500153124,1.0,0.09051387265727501,0.7689487192416189,0.7919775264500065
3126.88299939036,1.0,0.09053717825162409,0.7689274996100749,0.791964226457681
3126.97399668396,1.0,0.09055590334577658,0.7689070788792449,0.7919508430260509
3127.08499990404,1.0,0.0905880578743168,0.7688808727893199,0.7919327593982369
3127.18399353325,1.0,0.09060690378454349,0.7688564705277506,0.7919151890722748
3127.27399505675,1.0,0.09062565092178883,0.7688336573025736,0.7918982713438146
3127.38599404693,1.0,0.09064917427134768,0.7688043893534539,0.79187592920544
3127.48499773443,1.0,0.09067238189741203,0.7687775982196521,0.7918548740123377
3127.57499925792,1.0,0.09068681195768767,0.7687527501071784,0.7918349712308191
3127.6879940182,1.0,0.09071019504696791,0.7687208088391732,0.7918088375266706
3127.7860019356,1.0,0.09072906738900972,0.7686924154189049,0.7917851380789594
3127.88999453187,1.0,0.09074801507363006,0.7686616847698197,0.7917590515203012
3127.9860008508,1.0,0.09076687061058394,0.7686327276483065,0.7917340738428671
3128.07299494743,1.0,0.0907812815164158,0.7686060852536318,0.7917107940701118
3128.19099873304,1.0,0.09079588781036461,0.7685697412028496,0.7916787192216788
3128.27299386263,1.0,0.09081457225421041,0.7685440788268224,0.7916557765576249
3128.37399914861,1.0,0.09082914958069578,0.7685120061569808,0.7916267721635651
3128.49199287593,1.0,0.09084375063544202,0.7684743574993457,0.7915923973741998
3128.57300229371,1.0,0.09086242072978286,0.7684480966108582,0.7915681575781578
3128.6739975214,1.0,0.09087699537274176,0.7684148828561925,0.7915371895142818
3128.78999970853,1.0,0.09089157065540651,0.7683765314243595,0.7915011229509005
3128.8739964366,1.0,0.09090593430379681,0.7683484922585277,0.7914745230267259
3128.97599749267,1.0,0.09092033794119982,0.7683141408285584,0.7914416823644548
3129.08099591732,1.0,0.09093043146337114,0.7682787532199925,0.7914076366311548
3129.17599640787,1.0,0.09094491189081108,0.7682465813372487,0.7913764575500228
3129.27700169384,1.0,0.09095494507387684,0.7682122987552753,0.7913430253405718
3129.37799692154,1.0,0.0909693102926071,0.7681778657829218,0.7913092236913021
3129.47599478066,1.0,0.09097929640440343,0.7681443738483469,0.7912761480845167
3129.57400269806,1.0,0.0909937900118512,0.7681106851873043,0.791242669556437
3129.69399802387,1.0,0.09100401627122628,0.7680694305796274,0.7912014317008604
3129.77599315345,1.0,0.091013799299559,0.7680412462157203,0.7911731084749521
3129.87400107086,1.0,0.09102810065155326,0.7680073146555573,0.7911388226323638
3129.99199479818,1.0,0.09103845630728964,0.767966417933763,0.7910972717496277
3130.07699735463,1.0,0.09104825902796472,0.7679369501479826,0.7910671828979575
3130.17499521375,1.0,0.09105820133338416,0.7679029420726706,0.7910323040011742
3130.28599843383,1.0,0.0910682785960889,0.7678644748810292,0.7909926647114689
3130.3780015558,1.0,0.09107813879740828,0.767832582974845,0.7909596502637228
3130.47599941492,1.0,0.09108805809893344,0.767798571852615,0.7909242732085827
3130.57399727404,1.0,0.09109797088604657,0.7677645298171921,0.7908887054743426
3130.69200105965,1.0,0.09110809126550966,0.7677236048220558,0.7908457799676745
3130.77799938619,1.0,0.09111334614303632,0.7676939358211823,0.7908145501697291
3130.87599724531,1.0,0.0911232323533855,0.7676601852924256,0.790778891057788
3130.88999837637,1.0,0.09112789226201097,0.7676553413626436,0.7907737625787155
3130.99799416959,1.0,0.0918554090456834,0.7675864429676389,0.7906981958120659
3131.1060000211,1.0,0.09185796090604371,0.7674871770485578,0.7905877820462694
3131.20800107718,1.0,0.09186036873937,0.7673949967986612,0.7904849954359477
3131.30300156772,1.0,0.09186256517002349,0.7673104938002397,0.7903905398042403
3131.39800205827,1.0,0.09186471558657323,0.7672272695918253,0.7902972891348299
3131.49899728596,1.0,0.09186695352917217,0.7671401699525006,0.7901994480894834
3131.60700313747,1.0,0.0918692947901449,0.7670485621574883,0.7900962588762648
3131.70099779963,1.0,0.09187129061816837,0.7669701053039479,0.7900076438831796
3131.80399462581,1.0,0.09187343473176583,0.7668854596828845,0.7899117837658952
3131.89599774778,1.0,0.09187531326972602,0.7668109969717007,0.7898272311379624
3132.00799673796,1.0,0.09187755467982585,0.7667217803792283,0.7897256417813907
3132.10900202394,1.0,0.0918795343661454,0.76664263770516,0.7896352588719793
3132.202000916,1.0,0.09188132291441113,0.7665708475861887,0.7895530533002321
3132.29899294674,1.0,0.09188315397506695,0.7664970533866922,0.7894683315385925
3132.4129935354,1.0,0.09188526220609654,0.76641169449055,0.78937004812486
3132.50499665737,1.0,0.09188692967348133,0.7663438660515791,0.7892917287000717
3132.60400034487,1.0,0.09188869079177289,0.7662719097103343,0.7892084261230791
3132.71699510515,1.0,0.09189065952180812,0.7661910636646234,0.7891145623454587
3132.79699869454,1.0,0.09189202734717442,0.7661346287417137,0.7890488691802949
3132.90800191462,1.0,0.09189389007975024,0.7660574087207201,0.788958750456388
3133.0209966749,1.0,0.09189574520599164,0.7659800658420026,0.7888682183877971
3133.10100026429,1.0,0.09189703419055213,0.7659260576030095,0.7888048383553666
3133.1999938935,1.0,0.09189860160509558,0.7658600748281276,0.7887272236538638
3133.32299664617,1.0,0.09190050767919027,0.7657793623489181,0.7886320075817573
3133.40599760413,1.0,0.09190176848507577,0.765725677716358,0.7885685070894036
3133.50099809468,1.0,0.09190318702568968,0.7656649854755001,0.7884965537579688
3133.62099342048,1.0,0.0919049421967275,0.7655894495933574,0.788406757770519
3133.70999917388,1.0,0.09190621832142058,0.7655342142564677,0.7883409216235402
3133.807997033,1.0,0.09190759859614228,0.7654741622328524,0.7882691772124437
3133.90200175345,1.0,0.0919088987706115,0.7654172939639339,0.7882010749064986
3134.00299698114,1.0,0.09191027020031037,0.7653569836988965,0.7881286778912481
3134.09799747169,1.0,0.09191153673949527,0.765300981724851,0.7880612924098707
3134.20499749482,1.0,0.09191293665248988,0.7652387334033062,0.7879862088105347
3134.30699855089,1.0,0.0919142455630323,0.7651801915495272,0.7879154200296726
3134.40099321306,1.0,0.09191543014926319,0.7651269198224551,0.7878508549108468
3134.50899906456,1.0,0.09191676638087547,0.7650664894503322,0.7877774408013206
3134.59799475968,1.0,0.09191784785548766,0.7650173112034502,0.7877175602200661
3134.70699638128,1.0,0.09191914894797086,0.7649578196227322,0.7876449577762656
3134.80100110173,1.0,0.09192025074373054,0.7649071557183941,0.7875829861692982
3134.90199632943,1.0,0.09192141405667108,0.7648533733908807,0.7875170563163324
3134.99899841845,1.0,0.09192251192788362,0.7648023378074283,0.7874543560710374
3135.10599844158,1.0,0.09192370139332995,0.7647467322523196,0.7873858882822182
3135.20799949765,1.0,0.09192481474625533,0.7646943845914893,0.7873212855504357
3135.3029999882,1.0,0.091925834094558,0.7646461971755725,0.7872616910303314
3135.39800047874,1.0,0.0919268368676751,0.7645985462777646,0.7872026408786179
3135.49899570644,1.0,0.09192788515954942,0.764548465354128,0.7871404512717404
3135.60399413109,1.0,0.09192895606505541,0.764497016991347,0.7870764264529984
3135.70200204849,1.0,0.09192993866888385,0.7644495505848689,0.7870172333305382
3135.80299727619,1.0,0.09193093445530985,0.764401188385307,0.7869568007222512
3135.91100312769,1.0,0.0919319809842865,0.7643500754484751,0.78689279621043
3136.00599355996,1.0,0.09193288607224578,0.764305629628398,0.7868370276228496
3136.10799461603,1.0,0.09193384236377265,0.7642584220401546,0.7867776785611287
3136.20199933648,1.0,0.09193470970769754,0.7642153817513856,0.7867234650208577
3136.2990014255,1.0,0.09193559096674062,0.7641714293451969,0.7866680004004468
3136.41399778426,1.0,0.09193661804652571,0.764119917330976,0.7866028644322878
3136.50499507785,1.0,0.09193741751760263,0.7640796032693493,0.7865517887437451
3136.60399876535,1.0,0.09193827432746692,0.7640361827681234,0.7864966796459358
3136.6989992559,1.0,0.09193908402598766,0.7639949418960094,0.7864442429330545
3136.7980029434,1.0,0.0919399151375058,0.7639523968609846,0.7863900519083602
3136.90899610519,1.0,0.09194083182790662,0.7639052158276702,0.7863298415686286
3137.00300082564,1.0,0.09194159603188128,0.7638656750304572,0.7862792886680946
3137.10199445486,1.0,0.09194238898762686,0.7638244431697487,0.786226483622064
3137.20000237226,1.0,0.09194316237198469,0.763784026195415,0.7861746328115429
3137.30599656701,1.0,0.09194398598874788,0.7637407602053106,0.7861190288748668
3137.40700185299,1.0,0.09194475874769656,0.7636999523513942,0.7860664910109466
3137.50399388373,1.0,0.09194548993884594,0.7636611460858829,0.7860164462767525
3137.60999813676,1.0,0.09194627716207565,0.7636191521663018,0.7859621986876292
3137.69799806178,1.0,0.09194692142850391,0.763584617095173,0.7859175144548322
3137.80900128186,1.0,0.091947722396034,0.7635414689124476,0.7858615947336812
3137.90099434555,1.0,0.0919483764951145,0.7635060544330206,0.7858156221797131
3138.00299540162,1.0,0.09194909170007604,0.7634671454040693,0.7857650346117755
3138.10199908912,1.0,0.09194977598498702,0.7634297338097926,0.7857163162976174
3138.20600174367,1.0,0.09195048453870532,0.7633908021613287,0.7856655377405004
3138.30800279975,1.0,0.0919511694343657,0.7633529805626622,0.7856161280868593
3138.40499483049,1.0,0.09195181167667425,0.7633173420163496,0.7855694991032466
3138.49600218236,1.0,0.09195240645938002,0.7632841863256564,0.7855260566664469
3138.59799318016,1.0,0.09195306419494545,0.7632473502562369,0.7854777219646345
3138.71000222862,1.0,0.09195377600606824,0.7632072802905419,0.7854250602481466
3138.80099952221,1.0,0.09195434634175118,0.7631750181106386,0.7853825965959685
3138.9019947499,1.0,0.09195497117160355,0.7631395115398516,0.785335797495545
3138.99699524045,1.0,0.0919555512009495,0.7631063965992294,0.7852920889417169
3139.10599686205,1.0,0.0919562076990046,0.7630687345638546,0.785242306427399
3139.20799791813,1.0,0.09195681348596242,0.76303380854127,0.785196071829764
3139.30200263858,1.0,0.09195736461114422,0.7630018875441829,0.7851537575594314
3139.39700312912,1.0,0.09195791471893751,0.7629698844897124,0.7851112792706164
3139.49799835682,1.0,0.09195849212529164,0.7629361398290503,0.7850664294750759
3139.60699997842,1.0,0.09195910689490457,0.7629000361680374,0.785018376370345
3139.70200046897,1.0,0.09195963570894689,0.7628688333519856,0.7849767895677678
3139.80299569666,1.0,0.0919601908975048,0.7628359261264369,0.7849328744081012
3139.91100154817,1.0,0.09196077680084964,0.7628010314736047,0.7848862434588164
3140.00699780881,1.0,0.0919612908976872,0.762770270277334,0.7848450820350735
3140.10800309479,1.0,0.0919618251840702,0.7627381573156938,0.7848020577681769
3140.19999615848,1.0,0.09196230598435544,0.7627091322648872,0.784763123195864
3140.2979940176,1.0,0.09196281217296387,0.7626784427768248,0.7847219069034017
3140.41099883616,1.0,0.0919633883452259,0.7626433436680661,0.7846747068529574
3140.50499349833,1.0,0.09196386155961656,0.7626143820412111,0.7846357108787313
3140.60300141573,1.0,0.09196434925252484,0.7625844056586338,0.784595301615715
3140.71700200438,1.0,0.09196490930652854,0.762549818276673,0.7845486173306684
3140.81000089645,1.0,0.09196536053964552,0.7625218226871361,0.7845107839417026
3140.90799875557,1.0,0.09196583063888346,0.7624925328441686,0.784471157174179
3159.75599549711,-1.0,0.09310201210179044,0.749645143182944,0.7673291083342684
3160.76899543405,-1.0,0.09196389778267441,0.7502270765204243,0.7678764905474339
3161.76799423993,-1.0,0.09197166760523244,0.7506859372489029,0.7683117388144823
3162.77099624276,-1.0,0.09197849989556173,0.7510553035476623,0.7686656100711313
3163.76799345016,-1.0,0.09198403716468355,0.7513512382171733,0.7689512605011415
3164.7699996829,-1.0,0.09198856855287457,0.7515921524301,0.7691847244147572
3165.77100008726,-1.0,0.09199229677786065,0.7517877464497359,0.769374279540739
3166.76299832761,-1.0,0.0919953878697098,0.7519458253090338,0.769526836606113
3167.76999346912,-1.0,0.09199805253918698,0.7520767471893903,0.769652053449889
3168.76700073481,-1.0,0.0920003191129903,0.7521823519978201,0.7697515852376651
3169.76100057364,-1.0,0.0920022856700554,0.7522679978673106,0.7698305805269814
3170.76200097799,-1.0,0.09200402603823778,0.75233775001463,0.7698929524511664
3171.77099771798,-1.0,0.09200557980840962,0.752394017604475,0.769941065179439
3172.76499755681,-1.0,0.09200694604797167,0.7524378232994066,0.7699761462398523
3173.76099899411,-1.0,0.09200817768399241,0.7524718924354016,0.77000081623406
3174.76400099695,-1.0,0.09200929930168715,0.7524977116960598,0.7700165481548487
3175.76000243425,-1.0,0.09201031120512486,0.7525161104890193,0.7700243595773562
3176.75799541175,-1.0,0.09201123631737536,0.7525283018998891,0.7700254199646609
3177.76399478316,-1.0,0.09201208981223223,0.7525351109468582,0.7700205254079597
3178.766996786,-1.0,0.09201287084251805,0.7525371380855963,0.770010443911865
3179.76599559188,-1.0,0.09201358680158972,0.7525350343448353,0.7699958829594661
3180.76300285757,-1.0,0.09201424591512726,0.7525293434741217,0.7699774007534849
3181.76599480212,-1.0,0.09201485853221572,0.7525204408110323,0.7699553007640936
3182.76899680495,-1.0,0.09201542526766623,0.7525087346751947,0.7699300963363007
3183.77600200474,-1.0,0.09201595222850337,0.752494497402897,0.7699020309114692
3184.76499281824,-1.0,0.09201643226902342,0.7524783755205122,0.7698720824063648
3185.76699905097,-1.0,0.09201688388090773,0.7524601298672328,0.7698396009208143
3186.76699362695,-1.0,0.09201730254066787,0.7524402225357764,0.7698052774287246
3187.77600042522,-1.0,0.09201769510746978,0.7524186136105689,0.7697689285603623
3188.76700289547,-1.0,0.09201805373146427,0.7523960717127676,0.7697317358715495
3189.76799324155,-1.0,0.09201839093697353,0.7523721273574893,0.7696928326103873
3190.76799787581,-1.0,0.09201870457720197,0.7523471614789409,0.7696527748248385
3191.76499508321,-1.0,0.09201899587807426,0.7523213500171114,0.7696117820883642
3192.76799708605,-1.0,0.09201926896504749,0.7522945626952419,0.7695695977414221
3193.7699932605,-1.0,0.0920195232430295,0.7522670766165536,0.769526616285836
3194.77099366486,-1.0,0.09201976011676591,0.7522389795793348,0.7694829357267449
3195.76699510217,-1.0,0.09201998002239486,0.7522104659336941,0.7694388229839763
3196.77100293338,-1.0,0.09202018690633366,0.752181230056564,0.7693937772002273
3197.77199327946,-1.0,0.09202037944642104,0.7521516515394828,0.7693483593095853
3198.76799471676,-1.0,0.09202055839995232,0.7521218494006023,0.7693027283277261
3199.7700009495,-1.0,0.09202072662803146,0.752091544590761,0.7692564379120955
3200.75999759138,-1.0,0.09202088203600911,0.7520613295978831,0.7692103755221812
3201.76000222564,-1.0,0.09202102888468479,0.7520305741913565,0.7691635654058216
3202.76799313724,-1.0,0.09202116733232286,0.7519993719389693,0.7691161388821357
3203.77099514008,-1.0,0.09202129623186635,0.7519681578347369,0.7690687458775772
3204.76199761033,-1.0,0.09202141552069536,0.7519371845938042,0.7690217589214734
3205.76000064611,-1.0,0.09202152811785236,0.7519058869479578,0.7689743115222061
3206.77099898458,-1.0,0.09202163501595668,0.7518740993935227,0.7689261459464827
3207.75999985635,-1.0,0.09202173310164963,0.7518429459805085,0.7688789584419753
3208.76300185919,-1.0,0.0920218264862006,0.7518113143567927,0.76883105808822
3209.76400226355,-1.0,0.09202191399923917,0.751779727554156,0.7687832320253444
3209.78199653327,-1.0,0.09202191552293978,0.751779159682786,0.7687823722328793
3219.79200057685,-1.0,0.0920225529708687,0.7514654431098188,0.7683069871932924
3229.795999825,-1.0,0.09202291881242598,0.7511620065901639,0.7678454303975215
3239.79999907315,-1.0,0.0920230493604693,0.7508729656242313,0.7674036951787829
3249.80699568987,-1.0,0.09202311368358689,0.7505995344117068,0.7669839359011982
3259.79099906981,-1.0,0.09202318607096932,0.7503423449820724,0.7665875052705018
3269.790995121,-1.0,0.09202327042095854,0.7500997610144018,0.76621220927948
3279.79300282896,-1.0,0.09202336160746429,0.7498713028967349,0.7658575608840841
3289.79099728167,-1.0,0.09202345435195362,0.7496561656489827,0.7655225138341726
3299.80100132525,-1.0,0.09202354588729998,0.7494530810980436,0.7652052545209178
3309.79699417949,-1.0,0.09202363469038682,0.7492616750615501,0.7649053330217124
3319.79900188744,-1.0,0.09202372043226086,0.7490807081359079,0.7646209231540706
3329.79699634016,-1.0,0.09202380288297196,0.748909585775824,0.7643511908900684
3339.79500085115,-1.0,0.09202388210564481,0.7487475170916373,0.7640949802763465
3349.80800226331,-1.0,0.09202395831807622,0.7485936222618764,0.7638509808607681
3359.79399718344,-1.0,0.09202403134033608,0.7484479327672665,0.7636193192312113
3369.79499906301,-1.0,0.09202410172949389,0.7483092746931408,0.7633981996869712
3379.79199774563,-1.0,0.09202416909255833,0.7481775384072629,0.7631875011140422
3389.80200178921,-1.0,0.09202423415966705,0.7480518141832806,0.762985850152799
3399.79099407792,-1.0,0.09202429665817678,0.7479322275557923,0.7627934930453202
3409.80599708855,-1.0,0.09202435700466394,0.7478178366302274,0.7626089671797004
3419.80099417269,-1.0,0.09202441503656195,0.7477088213348753,0.7624326117081346
3429.80199605227,-1.0,0.09202447101863341,0.7476045652293959,0.7622634768331632
3439.78899680078,-1.0,0.09202452494357012,0.7475049759855379,0.7621014567118005
3449.80199821293,-1.0,0.09202457711999808,0.7474093901867863,0.7619455120334135
3459.79199633002,-1.0,0.09202462738154346,0.7473180268334643,0.7617960381718764
3469.78899501264,-1.0,0.09202467596785541,0.7472303704053532,0.7616522287802922
3479.79799322784,-1.0,0.09202472297770554,0.7471461734053269,0.7615137105800531
3489.79399614036,-1.0,0.09202476836820841,0.7470654473000456,0.7613805344366597
3499.7889932245,-1.0,0.0920248122670655,0.7469879045963194,0.7612522569428889
3509.80000309646,-1.0,0.09202485481157445,0.7469132495919244,0.761128416523198
3519.80200074613,-1.0,0.09202489595591413,0.746841513374574,0.7610090911924287
3529.79100309312,-1.0,0.0920249357465422,0.7467725678296794,0.7608940942254068
3539.80000130832,-1.0,0.0920249743683585,0.7467060505733015,0.7607828447681269
3549.80199895799,-1.0,0.09202501176699211,0.7466420177605555,0.760675458750298
3559.79100130498,-1.0,0.09202504797247453,0.7465803809773466,0.7605718101657511
3569.80200111866,-1.0,0.0920250831565209,0.7465208154294679,0.7604713727293966
3579.78999763727,-1.0,0.09202511720494204,0.7464634840189326,0.7603744403330684
3589.79399688542,-1.0,0.09202515029320202,0.7464080625527004,0.7602804833496323
3599.79900196195,-1.0,0.09202518240846637,0.7463545471609987,0.7601895118459183
3609.81399491429,-1.0,0.09202521361551973,0.7463028063233754,0.7601013182983298
3619.79899406433,-1.0,0.09202524382767678,0.7462529601009718,0.7600161236761284
3629.80100177228,-1.0,0.09202527322259949,0.7462046941790708,0.7599334060698295
3639.79199565947,-1.0,0.0920253017488202,0.7461580735792863,0.7598532908049692
3649.79099594057,-1.0,0.09202532949137748,0.7461129411887857,0.7597755214404237
3659.79399941862,-1.0,0.09202535646643352,0.7460692539635458,0.7597000362463602
3669.79000233114,-1.0,0.09202538267214135,0.7460269990610173,0.7596268253664902
3679.79699894786,-1.0,0.0920254081814378,0.7459860442504447,0.7595556712782492
3689.80000242591,-1.0,0.09202543298010875,0.7459463983793206,0.7594866003263487
3699.790000543,-1.0,0.09202545707147793,0.745908042985011,0.759419591520755
3709.81299988925,-1.0,0.09202548058707646,0.7458707567230437,0.7593542678503623
3719.80099640787,-1.0,0.0920255033892899,0.745834746498675,0.7592910016542539
3729.78999875486,-1.0,0.09202552558394017,0.7457998333431588,0.7592294888179163
3739.79100063443,-1.0,0.09202554721428279,0.7457659398323556,0.7591696015874004
3749.79499988258,-1.0,0.09202556827830201,0.7457330597061405,0.759111337172195
3759.80699546635,-1.0,0.09311740835015618,0.739365086857667,0.751134920789055
3769.80399414897,-1.0,0.09310407512792779,0.7360005522866438,0.7464121027128167
3779.80699762702,-1.0,0.09309610042104934,0.7334718889073278,0.7427607877616604
3789.81099687517,-1.0,0.09309587073667609,0.7313385970475279,0.7396662165168735
3799.81400035322,-1.0,0.09310128180217779,0.7294253048283723,0.7369021305295146
3809.80199687183,-1.0,0.09309980438340532,0.7276860094623101,0.7343968504207785
3819.80700194836,-1.0,0.09310674817063731,0.726059671485758,0.7320668272423179
3829.8119969666,-1.0,0.0931100500573427,0.7245224332058764,0.7298728214706759
3839.80199508369,-1.0,0.09311366882935655,0.7230677438904245,0.7278019823326518
3849.80400279164,-1.0,0.09311754447756326,0.7216767795261838,0.7258271874360299
3859.80899780989,-1.0,0.09312165888680506,0.7203404788144095,0.7239348150983692
3869.81200128794,-1.0,0.09312601088315307,0.7190516502472352,0.7221141795075231
3879.80299517512,-1.0,0.09313060381711057,0.7178053122370189,0.7203579767098609
3889.80699442327,-1.0,0.09313156159265523,0.7166068105124418,0.7186712407876058
3899.81299526989,-1.0,0.09314062893194454,0.7154292085412546,0.7170221417454445
3909.81300137937,-1.0,0.09314208385953801,0.7142859403215186,0.7154237378877296
3919.80299949646,-1.0,0.09314780165688874,0.7131750751996145,0.7138760217513636
3929.81199771166,-1.0,0.0931577206473397,0.712067528278373,0.7123418064626552
3939.81500118971,-1.0,0.09316403055615582,0.7108299092627837,0.7109774793213947
3949.80700090528,-1.0,0.09317073103455024,0.7093704973032655,0.7099115019730786
3959.80899855494,-1.0,0.09317782154714233,0.707935125937608,0.7088629816202471
3969.80199404061,-1.0,0.09318530142375649,0.706530858983773,0.7078316242157691
3979.80599328876,-1.0,0.09319320310049449,0.7051530697763682,0.7068137150402121
3989.7999946028,-1.0,0.09320152962901018,0.7038032130108433,0.7058100214708314
3999.8079970479,-1.0,0.09321032242338138,0.7024768670873638,0.704816939668485
4009.82300005853,-1.0,0.09321959919000905,0.7011740262217447,0.7038341240286887
4019.81299817562,-1.0,0.09322935240759322,0.699897922980445,0.7028637111207483
4029.81499582529,-1.0,0.09323964166772958,0.6986430358597683,0.7019011947892204
4039.80800136924,-1.0,0.0932504710333704,0.6974113560349818,0.7009477793809331
4049.80799742043,-1.0,0.09326188413463922,0.6962003308682763,0.7000011792142791
4059.80499610305,-1.0,0.09326987933609032,0.6950269881568665,0.699074960939777
4069.80699375272,-1.0,0.09328643321991346,0.6938616986086044,0.6981437419172662
4079.80400249362,-1.0,0.0932997316024827,0.6927065622109525,0.6972106460972843
4089.80699591339,-1.0,0.093313742184263,0.6915737557628696,0.6962851782877993
4099.80999939144,-1.0,0.09332847893933732,0.6904614948561391,0.6953650704727659
4109.81800183654,-1.0,0.09334398316258978,0.6893682162052666,0.694448830091295
4119.8100015521,-1.0,0.09336025565137354,0.6882955873964819,0.6935377413637805
4129.81299497187,-1.0,0.09337737592137244,0.6872402239609988,0.6926288458162342
4139.80999365449,-1.0,0.09339123165333829,0.6862196204996739,0.6917365494721823
4149.80299919844,-1.0,0.09341397975523287,0.6852049838921958,0.6908365028616092
4159.80600267649,-1.0,0.09343385160796225,0.6841961953789897,0.6899296362240827
4169.80199553072,-1.0,0.09345051402280949,0.6832242919975801,0.6890417428120984
4179.80499900877,-1.0,0.09347624863089556,0.6822571171829278,0.6881451677147636
4189.80499505997,-1.0,0.09349924492477599,0.6812964009749511,0.6872424882312771
4199.81299750507,-1.0,0.0935191303248543,0.6803701552895137,0.6863570338120847
4209.80600304902,-1.0,0.09354821967934931,0.6794492382059394,0.6854643418748382
4219.80300173163,-1.0,0.0935705010029393,0.6785485297435775,0.6845778023250308
4229.8049993813,-1.0,0.09359785342822452,0.677668389773209,0.683697565915832
4239.80299383402,-1.0,0.0936308871223177,0.6767814503372621,0.6828011975715188
4249.81099627912,-1.0,0.09366156067615493,0.6759009007916921,0.6819001528236184
4259.80099439621,-1.0,0.09369356313722618,0.6750390940202969,0.6810056232135453
4269.80699524283,-1.0,0.09372270599842951,0.6742053600510172,0.680125143546385
4279.81400191784,-1.0,0.09376162998551972,0.6733709877142573,0.6792353430837025
4289.81899693608,-1.0,0.0937985401991594,0.6725377793351868,0.678338526332919
4299.81200248003,-1.0,0.09383705017085145,0.6717192827076701,0.6774469604846108
4309.80499796569,-1.0,0.09387733099683744,0.6709113335265616,0.6765572664386362
4319.80800144374,-1.0,0.0939195199459905,0.6701117663701929,0.675668071271933
4329.81599383056,-1.0,0.09395909190809831,0.6693356020350464,0.6747931363791896
4339.80799354613,-1.0,0.09400896343488455,0.6685560614374173,0.6739106953999627
4349.81399439275,-1.0,0.09405282675346041,0.6677879888792387,0.6730335752921254
4350.4169985652,-1.0,0.09405574443098873,0.6677426349038607,0.6729814035472559
4360.4349989444,-1.0,0.09267501522387359,0.6744942745851324,0.6786144101050572
4370.42699865997,-1.0,0.0925808068003839,0.6778677535202005,0.6813205759267493
4380.42300157249,-1.0,0.09252160941148918,0.6802201084660711,0.6831988017291661
4390.42999818921,-1.0,0.09247824628349163,0.682058900845044,0.6846763402923972
4400.42600110173,-1.0,0.09244430127534807,0.6835751937945784,0.6859070117764247
4410.43599508703,-1.0,0.09241664791713083,0.6848717505013464,0.6869697886299119
4420.43299376965,-1.0,0.09239362239450742,0.6860033643365704,0.6879051002853597
4430.42599931359,-1.0,0.09237407629762263,0.6870088707141533,0.6887415934092905
4440.42399376631,-1.0,0.09235722431732946,0.6879146541241938,0.689498839749206
4450.43100044131,-1.0,0.09234251293688857,0.6887390760476023,0.6901906128848552
4460.42399592698,-1.0,0.0923295665248602,0.689493737472027,0.6908256076171138
4470.43299414217,-1.0,0.0923180376146629,0.6901911388743684,0.691413661883961
4480.43399602175,-1.0,0.09230771739958685,0.6908375423517045,0.6919596083155238
4490.43499790132,-1.0,0.09229840947123312,0.691439912619498,0.6924690273150902
4500.42899921536,-1.0,0.0922899709196657,0.692003057196692,0.6929457791857379
4510.43599583209,-1.0,0.09228226570494025,0.6925323545855663,0.6933942752704365
4520.42799554765,-1.0,0.09227521742076501,0.6930299145198052,0.6938162021052224
4530.43399639428,-1.0,0.09226872470239393,0.6935002216199294,0.6942152891465802
4540.4299993068,-1.0,0.09226273611042522,0.6939447241317352,0.6945927111405605
4550.43600015342,-1.0,0.09225718291836876,0.6943665520003982,0.6949510844505882
4560.42399667203,-1.0,0.09225203213262148,0.6947664956635307,0.6952910485434824
4570.42999751866,-1.0,0.09224722403438373,0.6951477026366351,0.6956152537205025
4580.4249946028,-1.0,0.09224273759700347,0.6955105492254797,0.6959239999189963
4590.43599441648,-1.0,0.09223853023194979,0.6958573371560935,0.6962192290729186
4600.43999366462,-1.0,0.09223458526854764,0.6961858505423238,0.6965012421162318
4610.42199544609,-1.0,0.09223088419214696,0.6964974272458497,0.6967705639467323
4620.42700052261,-1.0,0.09222738980866066,0.6967949515713076,0.6970292107407198
4630.42199760675,-1.0,0.09222409592362245,0.6970774934975579,0.6972770329172915
4640.4250010848,-1.0,0.09222098041728283,0.6973475100900738,0.6975151394139085
4650.42799450457,-1.0,0.0922180316341253,0.6976047223237093,0.6977439273260115
4660.42499318719,-1.0,0.09221523835259988,0.6978500491579763,0.6979638150530737
4670.42200192809,-1.0,0.09221258724623817,0.6980848015419122,0.6981754427943946
4680.42600117624,-1.0,0.09221006624284134,0.6983082871597674,0.6983886188561786
4690.42299985886,-1.0,0.0922076695125348,0.6985219270276639,0.6986181402021701
4700.426999107,-1.0,0.09220537382889424,0.6987262164298472,0.6988395134510133
4710.4350015521,-1.0,0.0922031731157925,0.6989214149724816,0.699053085972688
4720.42900286615,-1.0,0.09220107615538893,0.6991076185925976,0.6992588804007827
4730.42800314724,-1.0,0.09219907234255274,0.6992856819238717,0.6994576646336995
4740.43000079691,-1.0,0.09219715626279354,0.6994557635596411,0.6996497313289333
4750.42400211096,-1.0,0.09219532453068897,0.6996183182894237,0.6998351917527889
4760.4299928993,-1.0,0.0921935685448707,0.6997740186011482,0.7000147094785342
4770.43099477887,-1.0,0.09219188677942167,0.6999234147348149,0.7001882505658049
4780.42999505997,-1.0,0.09219027442973862,0.7000679759995877,0.7003561323529163
4790.42399637401,-1.0,0.09218872801103598,0.700207942192596,0.7005185532577988
4800.43199881911,-1.0,0.09218724106146987,0.700343765931009,0.7006760432647927
4810.43500229716,-1.0,0.09218581314299888,0.7004753645902722,0.7008285112408552
4820.4309951514,-1.0,0.09218444133955439,0.7006028894203142,0.7009761374089339
4830.42400069535,-1.0,0.09218312214137706,0.700726557934741,0.7011191784351685
4840.43199308217,-1.0,0.09218185058827097,0.700846737198752,0.7012580632773927
4850.42700022459,-1.0,0.09218062775378714,0.7009632331500067,0.7013925721740087
4860.42199730873,-1.0,0.09217944963211012,0.7010763389929442,0.701523048380577
4870.4239949584,-1.0,0.09217831326794096,0.7011862585017575,0.7016497312540331
4880.4319974035,-1.0,0.09217721681886958,0.7012930958651534,0.701772744998298
4890.4300019145,-1.0,0.09217616010662266,0.7013967972633691,0.7018920320151154
4900.44299326837,-1.0,0.09217513872754475,0.7014977291212213,0.7020080179609902
4910.42899824679,-1.0,0.0921741552212491,0.7015955772914563,0.7021203462235452
4920.42500115931,-1.0,0.09217320428128947,0.701690809989704,0.7022295587301927
4930.42299561203,-1.0,0.09217228524780537,0.7017834400037731,0.7023356740078781
4940.4230017215,-1.0,0.0921713967416595,0.7018735555513189,0.7024387970711764
4950.43400153518,-1.0,0.09217053670540212,0.7019613182753595,0.7025391166528164
4960.42899861932,-1.0,0.09216970619366759,0.702046574932026,0.7026364615936559
4970.42299993336,-1.0,0.09216890271563961,0.7021295373985738,0.7027310779727407
4980.43299391866,-1.0,0.09216812385562582,0.7022104161257621,0.7028232093844047
4990.42499363422,-1.0,0.09216737120193859,0.7022890083633812,0.7029126286828509
5000.43200030923,-1.0,0.09216664126275785,0.7023656429147148,0.7029997137586855
5010.42600162327,-1.0,0.0921659351474902,0.7024401699188583,0.7030842979719252
5020.42899504304,-1.0,0.09216525039465757,0.7025128172658647,0.7031666436817245
5030.42499795556,-1.0,0.09216458725766445,0.7025835283226505,0.7032466902664147
5040.43199457228,-1.0,0.09216394374986486,0.7026524868827523,0.703324649288792
5050.42399428785,-1.0,0.09216332076536853,0.7027195702462442,0.7034003856182414
5060.4369957,-1.0,0.09216271534747035,0.7027850717973249,0.7034742338772183
5070.43299861252,-1.0,0.09216212911168441,0.702848793065157,0.7035459736855431
5080.42900152504,-1.0,0.09216156035512191,0.702910895831936,0.7036157908519218
5090.42199701071,-1.0,0.09216100861039916,0.7029714094104496,0.7036837217381119
5100.42500048876,-1.0,0.09216047257782706,0.7030304565568817,0.703749907368636
5110.43399870396,-1.0,0.09215995193654358,0.703088053919478,0.7038143694590816
5120.43000161648,-1.0,0.09215944711006471,0.703144136128695,0.7038770382124789
5130.43400086462,-1.0,0.09215895650306566,0.703198862903598,0.7039380954053251
5140.42499475181,-1.0,0.0921584806347905,0.7032521597497429,0.7039974611835453
5150.43299719691,-1.0,0.09215801760483698,0.7033042240234928,0.7040553584733649
5160.42699851096,-1.0,0.0921575683959846,0.703354930506503,0.7041116511011399
5170.4319935292,-1.0,0.09215713143952975,0.7034044420984437,0.7041665230458009
5180.4309938103,-1.0,0.09215670706596825,0.7034527080822531,0.7042199210823148
5190.42699672282,-1.0,0.09215629472847034,0.7034997776958634,0.7042719028347846
5200.43299756944,-1.0,0.09215589351607677,0.7035457429778117,0.704322572841696
5210.42600311339,-1.0,0.09215550397454572,0.7035905298142482,0.7043718524052414
5220.43500132859,-1.0,0.09215512462177033,0.7036342976850556,0.704419919897124
5230.43400160968,-1.0,0.0921547561098854,0.7036769610386328,0.7044666841816066
5240.4310002923,-1.0,0.09215439779610565,0.7037185840496976,0.7045122186415842
5250.42399577796,-1.0,0.09215404942702556,0.7037591865505316,0.7045565478970393
5260.42499765754,-1.0,0.09215371028550179,0.7037988431574335,0.7045997561749688
5270.43300010264,-1.0,0.09215338013355724,0.7038375733410414,0.7046418672805803
5280.42999878526,-1.0,0.09215305927771916,0.7038753328535757,0.7046828359218406
5290.4240000993,-1.0,0.09215274717052578,0.7039121779632413,0.7047227260710914
5300.4329983145,-1.0,0.0921524430039049,0.7039481967936518,0.704761635689981
5310.4310028255,-1.0,0.09215214732045274,0.7039833179843309,0.7047994903247569
5320.42699567974,-1.0,0.09215185959552405,0.704017596778305,0.704836352348151
5330.42500019073,-1.0,0.09215157947895639,0.7040510683456036,0.7048722622153535
5340.4279936105,-1.0,0.09215130666934435,0.7040837625751384,0.7049072545153197
5350.4259981215,-1.0,0.09215104122028019,0.7041156670286486,0.704941318524
5360.4349963367,-1.0,0.09215078250277327,0.7041468516447441,0.704974531407062
5370.43199501932,-1.0,0.0921505309066084,0.7041772639493594,0.705006839833196
5380.42500056326,-1.0,0.09215028601758496,0.7042069485540435,0.7050382939136917
5390.43399877846,-1.0,0.09215004716773216,0.7042359815531589,0.7050689766291584
5400.43299905956,-1.0,0.09214981479926175,0.7042643044335707,0.7050988285441784
5410.4279961437,-1.0,0.09214958858237951,0.7042919526113368,0.7051278896124654
5420.4260006547,-1.0,0.09214936818634643,0.7043189621166951,0.7051562001493501
5430.42599670589,-1.0,0.09214915347095681,0.7043453458153902,0.7051837759914522
5440.42499698699,-1.0,0.0921489443415072,0.7043711113930927,0.7052106275515378
5450.43199360371,-1.0,0.09214874045982425,0.7043962966355326,0.705236796498922
5460.43199971318,-1.0,0.09214854198139723,0.7044208785767555,0.7052622613124342
5470.4299941659,-1.0,0.09214834865468065,0.7044448846834875,0.7052870528847875
5480.42599707842,-1.0,0.09214816033513717,0.7044683293900987,0.7053111884815492
5490.42299576104,-1.0,0.09214797682912115,0.7044912334578278,0.7053346917802042
5500.43299980462,-1.0,0.09214779779372341,0.7045136366044468,0.7053576056543049
5510.42900271714,-1.0,0.09214762358283757,0.7045354914421484,0.7053798839052235
5520.42499557137,-1.0,0.09214745381871817,0.7045568422747435,0.7054015740943352
5530.43399378657,-1.0,0.0921472881681331,0.7045777282423951,0.7054227180602408
5540.43100252748,-1.0,0.09214712692856085,0.7045981091035294,0.7054432772573832
5550.42899698019,-1.0,0.0921469697701007,0.7046180237804243,0.7054632932592385
5560.42999885976,-1.0,0.0921468165538917,0.7046374873987302,0.7054827833935932
5570.42899914086,-1.0,0.09214666725009472,0.7046565012281968,0.7055017510736495
5580.42699359357,-1.0,0.09214652173863981,0.7046750781648222,0.7055202113331682
5590.42299650609,-1.0,0.09214637993183993,0.7046932270934559,0.7055381751524294
5600.43199472129,-1.0,0.09214624152538306,0.7047109847998985,0.7055556809285384
5610.42599603534,-1.0,0.09214610681057331,0.7047283117442195,0.705572691791338
5620.43199688196,-1.0,0.09214597532981932,0.704745264672986,0.7055892655588492
5630.43199293315,-1.0,0.09214584723347281,0.7047618222353362,0.7056053833507933
5640.42900167406,-1.0,0.09214572239172356,0.7047779992107308,0.7056210616906506
5650.42800195515,-1.0,0.09214560065766467,0.7047938127428388,0.7056363192295363
5660.42899377644,-1.0,0.09214548195122552,0.7048092714215177,0.7056511662245601
5670.43100148439,-1.0,0.09214536620582996,0.7048243821700817,0.7056656112908049
5680.42699433863,-1.0,0.0921452534233922,0.704839142999828,0.7056796545597747
5690.44999368489,-1.0,0.09214514316503107,0.704853609797794,0.7056933509595673
5700.42999386787,-1.0,0.09214503612122456,0.7048676902690668,0.7057066152236118
5710.42700260878,-1.0,0.09214493156665568,0.7048814781001432,0.7057195378087731
5720.43699659407,-1.0,0.09214482948652473,0.704894973899132,0.705732120907225
5730.42800053954,-1.0,0.09214473013727256,0.7049081422174482,0.7057443334371685
5740.42499922216,-1.0,0.09214463320068705,0.704921023775161,0.7057562151884238
5750.42299367487,-1.0,0.09214453866412192,0.7049336188460291,0.7057677682255163
5760.44400148094,-1.0,0.09214444626639869,0.70494596101215,0.7057790249909677
5770.4269990325,-1.0,0.09214435650474813,0.7049579824279328,0.7057899256070129
5780.42399771512,-1.0,0.09214426884504799,0.7049697532312075,0.7058005357478431
5790.43299593031,-1.0,0.09214418325672187,0.7049812763934785,0.7058108596711694
5800.42699724436,-1.0,0.0921440999142999,0.704992527160424,0.7058208770440217
5810.4219943285,-1.0,0.09214401862633959,0.7050035301256797,0.7058306117004621
5820.42200043797,-1.0,0.09214393930964297,0.7050142953921453,0.7058400743119735
5830.43099865317,-1.0,0.09214386188602243,0.7050248325143459,0.7058492749256624
5840.42499996722,-1.0,0.09214378648955689,0.7050351220783272,0.7058581984120444
5850.42299441993,-1.0,0.0921437129257192,0.7050451895078732,0.705866868675263
5860.43299846351,-1.0,0.09214364109278735,0.7050550476988767,0.7058752984166123
5870.42799554765,-1.0,0.0921435711382283,0.7050646753726504,0.7058834711971687
5880.43599799275,-1.0,0.09214350282054638,0.7050741046956489,0.7058914160628259
5890.43200090528,-1.0,0.0921434362680803,0.7050833170423454,0.7058991190114167
5900.42799375951,-1.0,0.09214337135531968,0.705092328687653,0.7059065954510274
5910.42399667203,-1.0,0.09214330804100872,0.7051011443912296,0.7059138510109256
5920.42999751866,-1.0,0.09214324622445888,0.7051097772976114,0.7059208980896712
5930.42800202966,-1.0,0.09214318597819426,0.7051182163407917,0.7059277292933342
5940.42700231075,-1.0,0.09214312720857003,0.705126473713845,0.7059343561988092
5950.42400099337,-1.0,0.09214306989591635,0.7051345512676164,0.7059407819328611
5960.42599864304,-1.0,0.0921430139648769,0.7051424587767382,0.7059470158672834
5970.43999582529,-1.0,0.09214295934460724,0.7051502054396567,0.7059530667210752
5980.42499497533,-1.0,0.09214290622097991,0.7051577639709954,0.7059589149261415
5990.43499901891,-1.0,0.09214285427295865,0.7051651792493915,0.7059645968268848
6000.42699873447,-1.0,0.09214280369236731,0.7051724230522073,0.7059700923141125
6010.43099798262,-1.0,0.09214275429458998,0.7051795209931631,0.7059754224360194
6020.42900249362,-1.0,0.09214270613893318,0.7051864637933272,0.7059805817275024
6030.43399751186,-1.0,0.0921426591328376,0.7051932639976826,0.705985581048738
6040.428994596,-1.0,0.09214261332656802,0.7051999135701904,0.7059904160427216
6050.42900070548,-1.0,0.09214256862181047,0.7052064259813403,0.7059950980671269
6060.43199412525,-1.0,0.09214252500127541,0.705212803040678,0.7059996298674337
6070.42799703777,-1.0,0.0921424824807599,0.7052190416827113,0.7060040107950112
6080.43100051582,-1.0,0.09214244097436418,0.7052251537783084,0.7060082506735337
6090.44099450111,-1.0,0.09214240045841625,0.7052311421156056,0.7060123528044077
6100.43299421668,-1.0,0.09214236100761082,0.7052369949490436,0.7060163106945939
6110.4299928993,-1.0,0.09214232250458945,0.705242728901009,0.7060201371379531
6120.42299844325,-1.0,0.09214228496038043,0.7052483416433188,0.7060238320159956
6130.43399825692,-1.0,0.09214224827135528,0.7052538480589314,0.7060274064516783
6140.43999910355,-1.0,0.09214221250061727,0.7052592379908185,0.7060308551746899
6150.42299665511,-1.0,0.092142177686911,0.7052645048633495,0.7060341756014238
6150.43600201607,-1.0,0.0921421776421181,0.7052645116538034,0.7060341798500187
6150.55500157177,-1.0,0.09214217723232876,0.7052645737782142,0.7060342187155889
6150.65599679947,-1.0,0.09214217688463477,0.7052646264913295,0.7060342516878371
6150.75099729002,-1.0,0.09214217655765863,0.705264676065492,0.706034282692021
6150.85099674761,-1.0,0.09214217621356051,0.7052647282377144,0.7060343153162015
6150.95200203359,-1.0,0.0921421758660884,0.7052647809237172,0.7060343482566018
6151.05999782681,-1.0,0.09214217549466484,0.7052648372438721,0.7060343834635301
6151.15900151432,-1.0,0.09214217515425265,0.7052648888635314,0.7060344157269766
6151.24900303781,-1.0,0.09214217484486478,0.7052649357803435,0.7060344450468025
6151.35600306094,-1.0,0.09214217447713244,0.7052649915468931,0.7060344798918664
6151.45499669015,-1.0,0.09214217413700239,0.7052650431296287,0.7060345121176479
6151.55600197613,-1.0,0.09214217379004593,0.705265095749666,0.7060345449864448
6151.64699926972,-1.0,0.09214217347754104,0.7052651431464697,0.7060345745882308
6151.7499960959,-1.0,0.09214217312391139,0.7052651967825527,0.7060346080818007
6151.85199715197,-1.0,0.09214217277378876,0.7052652498887938,0.7060346412393023
6151.9589971751,-1.0,0.09214217240660114,0.7052653055856455,0.7060346760087168
6152.0580008626,-1.0,0.09214217206693999,0.7052653571091481,0.706034708167795
6152.16000191867,-1.0,0.09214217171708654,0.7052654101814785,0.7060347412884924
6152.25399658084,-1.0,0.0921421713947746,0.7052654590780508,0.7060347717986529
6152.35300026834,-1.0,0.09214217105536854,0.7052655105700426,0.7060348039235325
6152.45500132442,-1.0,0.09214217070577499,0.7052655636099164,0.7060348370090065
6152.56099551916,-1.0,0.0921421703425904,0.7052656187143116,0.7060348713768138
6152.65099704266,-1.0,0.09214217003428002,0.7052656654949101,0.7060349005488031
6152.75099650025,-1.0,0.09214216969180247,0.7052657174619535,0.7060349329502905
6152.85299755633,-1.0,0.09214216934255881,0.7052657704580753,0.7060349659882849
6152.95099541545,-1.0,0.09214216900710645,0.7052658213637222,0.7060349977181957
6153.05999703705,-1.0,0.09214216863408511,0.7052658779731993,0.70603503299774
6153.14799696207,-1.0,0.09214216833300636,0.7052659236662127,0.7060350614697342
6153.25900018215,-1.0,0.09214216795331746,0.705265981291551,0.7060350973714451
6153.35499644279,-1.0,0.09214216762504453,0.7052660311156034,0.7060351284078625
6153.45600172877,-1.0,0.09214216727972689,0.7052660835287401,0.7060351610521274
6153.55499535799,-1.0,0.09214216694137059,0.7052661348873507,0.7060351930346846
6153.65800224245,-1.0,0.09214216658938523,0.7052661883168804,0.7060352263016942
6153.75100113451,-1.0,0.09214216627167532,0.7052662365454794,0.7060352563259007
6153.84999476373,-1.0,0.09214216593356604,0.705266287872695,0.7060352882743951
6153.95899638534,-1.0,0.09214216556137053,0.705266344376774,0.7060353234395815
6154.06000167131,-1.0,0.09214216521656868,0.7052663967243322,0.706035356012696
6154.15799953043,-1.0,0.09214216488211457,0.7052664475027722,0.7060353876045865
6154.26700115204,-1.0,0.09214216451020037,0.7052665039707937,0.706035422730654
6154.35700267553,-1.0,0.09214216420318962,0.7052665505862479,0.7060354517234592
6154.4519931078,-1.0,0.09214216387923432,0.7052665997762309,0.7060354823131463
6154.55599576235,-1.0,0.09214216352463023,0.7052666536220128,0.7060355157929865
6154.65099625289,-1.0,0.09214216320079847,0.7052667027969219,0.7060355463639096
6154.7590021044,-1.0,0.09214216283272623,0.7052667586920117,0.7060355811071719
6154.86099310219,-1.0,0.09214216248524108,0.7052668114628172,0.7060356139031235
6154.95999678969,-1.0,0.09214216214801645,0.7052668626773033,0.7060356457269146
6155.05499728024,-1.0,0.09214216182450394,0.7052669118110647,0.7060356762532034
6155.16699627042,-1.0,0.09214216144320764,0.7052669697239403,0.7060357122281076
6155.25499619544,-1.0,0.09214216114369157,0.7052670152178586,0.7060357404841092
6155.34999668598,-1.0,0.09214216082042238,0.7052670643215969,0.7060357709778332
6155.45399934053,-1.0,0.09214216046660867,0.705267118067282,0.7060358043490981
6155.54999560118,-1.0,0.09214216014011435,0.7052671676652089,0.7060358351402101
6155.65899722278,-1.0,0.09214215976948271,0.7052672239705957,0.7060358700898657
6155.75100034475,-1.0,0.09214215945672913,0.7052672714854201,0.7060358995784888
6155.86000196636,-1.0,0.09214215908628497,0.7052673277673662,0.7060359345027216
6155.94999343157,-1.0,0.09214215878052391,0.7052673742240236,0.7060359633256948
6156.04800134897,-1.0,0.09214215844760469,0.705267424809196,0.7060359947055398
6156.15700297058,-1.0,0.09214215807743506,0.7052674810565269,0.7060360295922323
6156.25700242817,-1.0,0.09214215773792407,0.7052675326473667,0.7060360615856105
6156.35599605739,-1.0,0.09214215740191141,0.7052675837087642,0.7060360932457757
6156.45099654794,-1.0,0.09214215707953063,0.7052676327006376,0.7060361236181798
6156.55299760401,-1.0,0.09214215673347874,0.7052676852919814,0.7060361562170839
6156.65099546313,-1.0,0.09214215640109118,0.7052677358088288,0.7060361875252444
6156.75999708474,-1.0,0.09214215603147667,0.7052677919859551,0.7060362223358064
6156.84799700975,-1.0,0.09214215573315032,0.7052678373300009,0.706036250429273
6156.95199966431,-1.0,0.09214215538065797,0.7052678909091793,0.7060362836199671
6157.05799385905,-1.0,0.09214215502150988,0.7052679455024699,0.7060363174333547
6157.15799331665,-1.0,0.09214215468275982,0.705267996997131,0.7060363493224409
6157.26300179958,-1.0,0.0921421543271315,0.7052680510597104,0.7060363827964248
6157.3519974947,-1.0,0.09214215402580553,0.705268096869062,0.7060364111559692
6157.45300278068,-1.0,0.09214215368389728,0.7052681488499641,0.706036443331426
6157.55499377847,-1.0,0.09214215333873904,0.7052682013271192,0.7060364758089253
6157.6600022614,-1.0,0.09214215298345994,0.7052682553452756,0.7060365092347453
6157.74800218642,-1.0,0.09214215268579752,0.7052683006048952,0.7060365372366738
6157.84899741411,-1.0,0.09214215234425781,0.7052683525380229,0.706036569362743
6157.95500166714,-1.0,0.09214215198587042,0.705268407035181,0.7060366030694963
6158.05700272322,-1.0,0.09214215164110577,0.705268459462992,0.7060366354910923
6158.15700218081,-1.0,0.09214215130319275,0.7052685108512494,0.7060366672648192
6158.25099684298,-1.0,0.09214215098564807,0.7052685591440321,0.7060366971200749
6158.35200212896,-1.0,0.09214215064450197,0.705268611028275,0.706036729190742
6158.45200158656,-1.0,0.09214215030683752,0.7052686623851598,0.7060367609304602
6158.55999737978,-1.0,0.09214214994226655,0.7052687178367972,0.7060367951952651
6158.6479973048,-1.0,0.09214214964526989,0.7052687630121696,0.7060368231058652
6158.74900259078,-1.0,0.09214214930446082,0.7052688148537926,0.7060368551303329
6158.8560026139,-1.0,0.09214214894351803,0.7052688697604327,0.706036889042663
6158.9569978416,-1.0,0.09214214860291949,0.7052689215745813,0.7060369210397575
6159.05799306929,-1.0,0.09214214826240669,0.7052689733779004,0.7060369530251134
6159.14900042117,-1.0,0.09214214795563903,0.7052690200488816,0.7060369818372425
6159.25199724734,-1.0,0.09214214760853857,0.7052690728577812,0.7060370144336434
6159.35199670494,-1.0,0.09214214727162306,0.705269124119091,0.7060370460697674
6159.45699512959,-1.0,0.09214214691795382,0.7052691779315357,0.7060370792750069
6159.54899825156,-1.0,0.0921421466081316,0.7052692250741847,0.7060371083601309
6159.64999347925,-1.0,0.09214214626810834,0.7052692768140807,0.7060371402767485
6159.75300036371,-1.0,0.09214214592139856,0.705269329573413,0.7060371728170233
6159.85700301826,-1.0,0.09214214557142528,0.7052693828313644,0.7060372056595038
6159.95999984443,-1.0,0.09214214522492377,0.7052694355629551,0.7060372381721202
6160.05700193346,-1.0,0.09214214489866891,0.7052694852151286,0.7060372687812677
6160.1539939642,-1.0,0.09214214457253471,0.705269534852191,0.7060372993764444
6160.25599502027,-1.0,0.09214214422964814,0.705269587041949,0.7060373315400252
6160.36999560893,-1.0,0.09214214384652966,0.7052696453583441,0.7060373674732494
6160.44899336994,-1.0,0.0921421435811098,0.7052696857611623,0.706037392364768
6160.4619987309,-1.0,0.09214214353741904,0.7052696924120246,0.7060373964619602
6160.56699715555,-1.0,0.09595305455969996,0.7050844743124506,0.7058261844324779
6160.67599877715,-1.0,0.0959515548767949,0.7047049958290221,0.7053928209301338
6160.76699607074,-1.0,0.09595304242910978,0.7043928821320172,0.7050356424611208
6160.87199449539,-1.0,0.09595431527177195,0.7040375932668811,0.7046281954543936
6160.96800081432,-1.0,0.0959551223206095,0.7037173102390746,0.704260046370519
6161.07299923897,-1.0,0.09595568345877736,0.7033719627601547,0.7038621384290266
6161.17799766362,-1.0,0.09595597986124162,0.7030316781742005,0.7034690557873043
6161.27299815416,-1.0,0.09595607586886308,0.7027280740116579,0.7031174673530572
6161.37799657881,-1.0,0.0959560444003641,0.7023971534664688,0.7027332727038289
6161.4689938724,-1.0,0.09595593383768591,0.7021142207359177,0.7024039668309793
6161.57699972391,-1.0,0.09595573929904741,0.7017829606576576,0.7020174238223191
6161.66999861598,-1.0,0.09595554328481545,0.7015016091879874,0.7016882645842721
6161.77400127053,-1.0,0.09595531691192632,0.7011911286086056,0.7013241017918128
6161.87099330127,-1.0,0.09595511628595634,0.7009054508226858,0.7009881616136877
6161.97499595582,-1.0,0.0959549284352892,0.7006018891743515,0.7006317980717031
6162.07899861038,-1.0,0.09595478268895323,0.7002724079277697,0.700305024837991
6162.17499487102,-1.0,0.09595469314960631,0.699957421976469,0.7000333794735686
6162.2660022229,-1.0,0.09595465337420131,0.6996551845891037,0.6997789393539435
6162.37100064754,-1.0,0.09595466789315146,0.6993099850840788,0.6994890335829426
6162.48000226915,-1.0,0.09595475529820245,0.6989555149051991,0.6991921175396787
6162.57099956274,-1.0,0.09595488749108445,0.6986625688181014,0.6989473256607951
6162.67500221729,-1.0,0.0959551068125897,0.6983310035041776,0.6986709019592343
6162.77000270784,-1.0,0.09595537206149765,0.6980311095671301,0.6984214630317616
6162.87700273097,-1.0,0.09595574556813392,0.6976966676831118,0.6981439335663259
6162.96899579465,-1.0,0.09595613038381244,0.6974119007226273,0.6979081571049804
6163.07599581778,-1.0,0.09595665252972833,0.6970838364546266,0.6976371317207996
6163.16899470985,-1.0,0.09595717058390496,0.6968014075907274,0.6974043162520623
6163.2739931345,-1.0,0.09595782702054459,0.696485506081721,0.6971444600737584
6163.38099315763,-1.0,0.0959585737454448,0.6961667607474115,0.696882848817641
6163.4729962796,-1.0,0.09595927722563953,0.6958952076606724,0.6966604278958206
6163.57799470425,-1.0,0.09596014903695856,0.695588088994287,0.69640937684667
6163.66499885917,-1.0,0.09596092667333296,0.6953358179856381,0.6962035531628189
6163.77799361944,-1.0,0.09596200971328163,0.69501112795889,0.6959391583063951
6163.86999674141,-1.0,0.09596295192299187,0.6947491687454935,0.6957262613406162
6163.96999619901,-1.0,0.09596403663487807,0.6944668516488797,0.6954972295152204
6164.06999565661,-1.0,0.09596518331088563,0.6941870017451991,0.6952706133347293
6164.17399831116,-1.0,0.09596644059523035,0.6938985188698643,0.69503743123388
6164.27399776876,-1.0,0.0959677106262777,0.6936235670741043,0.6948155814876342
6164.37500305474,-1.0,0.09596905310566199,0.6933482225190761,0.6945937951481554
6164.46699611843,-1.0,0.0959703271175153,0.6930994852492147,0.6943937624680562
6164.58099670708,-1.0,0.0959719725205855,0.6927938925948994,0.6941484181035055
6164.668000862,-1.0,0.0959732769697371,0.6925626077946738,0.6939630278192285
6164.77199345827,-1.0,0.09597489040350649,0.6922883280705554,0.6937434989392918
6164.88499827683,-1.0,0.09597670943624476,0.691992906648681,0.6935074353699034
6164.97299820185,-1.0,0.09597817254780609,0.6917647171512953,0.6933253643769546
6165.0770008564,-1.0,0.09597995338151241,0.6914970991194257,0.6931121267236826
6165.18199928105,-1.0,0.09598180709387265,0.6912291534839384,0.6928989387465359
6165.2769997716,-1.0,0.09598353185388143,0.6909886238912567,0.692707823295276
6165.36799706519,-1.0,0.09598522522927538,0.6907598983507717,0.692526310037886
6165.48999398947,-1.0,0.09598755806739963,0.6904557720225357,0.6922852890921307
6165.56799598038,-1.0,0.0959890866029398,0.6902628088154533,0.6921325559506936
6165.67299440503,-1.0,0.09599118895967682,0.6900048641396728,0.6919286149970287
6165.7659932971,-1.0,0.0959930933714358,0.6897781005902882,0.6917495360063228
6165.87699651718,-1.0,0.09599541770277163,0.6895094957484591,0.6915376609882806
6165.96899963915,-1.0,0.09599738558223848,0.689288539219731,0.6913635662772335
6166.07899703085,-1.0,0.0959997869858785,0.6890263240541965,0.6911571862416923
6166.16899855435,-1.0,0.0960017907092514,0.6888133367896986,0.6909897251873823
6166.273996979,-1.0,0.09600417190290814,0.6885666073400389,0.6907959233634565
6166.38200283051,-1.0,0.0960066696444692,0.6883147441450956,0.690598292288095
6166.47500172257,-1.0,0.096008859045733,0.6880994227403711,0.6904294926525207
6166.56599901617,-1.0,0.09601103515743617,0.6878901013521713,0.690265532573872
6166.67000167072,-1.0,0.09601356301217588,0.6876524932955926,0.6900795729122311
6166.76599793136,-1.0,0.09601593431754261,0.6874346973025334,0.689909261008953
6166.87099635601,-1.0,0.096018569251305,0.6871981232664793,0.6897244139188903
6166.97599478066,-1.0,0.0960212467074977,0.6869632431398498,0.6895410382204596
6167.07099527121,-1.0,0.0960237053694768,0.686752166320502,0.6893763673731035
6167.17599369586,-1.0,0.09602646220732158,0.6865204421034056,0.6891957159370716
6167.26900264621,-1.0,0.0960289383941277,0.6863165320437807,0.6890368541731012
6167.37799420953,-1.0,0.09603188037379044,0.6860791774576124,0.6888520560979845
6167.4690015614,-1.0,0.09603436980338545,0.6858822882626022,0.6886988568260495
6167.57399998605,-1.0,0.09603727866163647,0.685656579659455,0.6885233327272862
6167.67600104213,-1.0,0.09604014177497085,0.6854387808345911,0.6883540558933879
6167.77600049973,-1.0,0.09604298410746004,0.6852266392310308,0.6881892623468813
6167.86799356341,-1.0,0.0960456294105429,0.6850326756275313,0.6880386602843961
6167.97699518502,-1.0,0.09604880128975334,0.684804309709592,0.6878614283869134
6168.06899830699,-1.0,0.09604770854807776,0.6846131595539592,0.6877131744478974
6168.17300096154,-1.0,0.09605459568245148,0.6843982869843044,0.6875465753290243
6168.26899722219,-1.0,0.09605748583212377,0.6842011493500518,0.6873937734791684
6168.37299987674,-1.0,0.09606064606052081,0.6839889498630772,0.687229355667436
6168.47799830139,-1.0,0.09606007538073082,0.6837761441952285,0.6870645396294618
6168.57200302184,-1.0,0.09606679019147452,0.683586658793091,0.686917815912453
6168.6669934541,-1.0,0.09606597206189256,0.6833963740047745,0.6867705190144204
6168.77099610865,-1.0,0.09607306211596227,0.6831891658716196,0.6866101475500997
6168.87900196016,-1.0,0.09607272245235807,0.6829754399011135,0.6864447776123497
6168.97299662232,-1.0,0.09607955718047081,0.6827904390730731,0.6863016487031257
6169.07799504697,-1.0,0.09607918743392453,0.6825850962454532,0.6861428162285909
6169.16099600494,-1.0,0.09608191637033658,0.6824237940114107,0.6860180758822336
6169.27799396217,-1.0,0.09608579768267865,0.6821981533925908,0.6858436006218667
6169.36999708414,-1.0,0.09608887580055749,0.6820215239478739,0.6857070296196845
6169.49000246823,-1.0,0.09609673762358521,0.6817921172118878,0.6855296270114325
6169.56999599934,-1.0,0.09609567554540879,0.6816401358484979,0.6854121096981836
6169.67399865389,-1.0,0.09610305488496755,0.6814434382575494,0.6852600028477344
6169.76499594748,-1.0,0.09610622136058351,0.6812722027543237,0.6851275677994
6169.87499333918,-1.0,0.09611007647572237,0.6810664833585122,0.6849684528503353
6169.96699646115,-1.0,0.09610953060518765,0.6808954429573301,0.6848361753669874
6170.0719948858,-1.0,0.09611706628203959,0.6807011887921112,0.6846859183042823
6170.16899697483,-1.0,0.09611675347043251,0.6805228107035749,0.6845479339882662
6170.27299962938,-1.0,0.0961243144163206,0.6803324945412477,0.6844006815645792
6170.37599645555,-1.0,0.09612427738990348,0.6801451718915874,0.6842557295706065
6170.47299854457,-1.0,0.09613164154549295,0.6799695906752402,0.6841198260975143
6170.58699913323,-1.0,0.0923280677263234,0.6799939439120228,0.6841617460416431
6170.6790022552,-1.0,0.09232187243771764,0.6801950047298928,0.6843540658426236
6170.78099325299,-1.0,0.09231580126111628,0.6804139368263606,0.6845633836227519
6170.88199853897,-1.0,0.09231048480974158,0.6806266170587761,0.6847665670457873
6170.988002792,-1.0,0.09230554955557074,0.680845504455222,0.6849754708383554
6171.08999378979,-1.0,0.09230134163531381,0.6810520377201377,0.6851723465608842
6171.18999324739,-1.0,0.09229765965716723,0.6812507644092699,0.6853615270686619
6171.29500173032,-1.0,0.09229419884263146,0.6814555239210879,0.6855561582126662
6171.38399742544,-1.0,0.09229154437340839,0.6816259895009646,0.6857179439851094
6171.48500271142,-1.0,0.09228879708780821,0.6818161281342278,0.6858981146454064
6171.58099897206,-1.0,0.0922864110544949,0.6819936317921513,0.6860660223721395
6171.68099842966,-1.0,0.09228412790704973,0.6821752948648406,0.6862375578871639
6171.78199365735,-1.0,0.09228200068421208,0.6823554890229226,0.6864073847759942
6171.88099734485,-1.0,0.09228006578248875,0.6825290094531303,0.6865706065348859
6171.98999896646,-1.0,0.0922780846057711,0.6827165675200918,0.6867466719757364
6172.09099419415,-1.0,0.09227637087329807,0.6828871684500959,0.6869064834208278
6172.18099571764,-1.0,0.09227493020208383,0.6830366817018381,0.6870462705700883
6172.2849983722,-1.0,0.09227335557747551,0.6832065675720763,0.6872047915785581
6172.38599359989,-1.0,0.09227190931644327,0.6833686469226722,0.6873557108264414
6172.49100208282,-1.0,0.09227048312140136,0.6835342155215938,0.6875095525405803
6172.57999777794,-1.0,0.09226933043176945,0.6836722343551255,0.6876375392477082
6172.68199883401,-1.0,0.0922680656168858,0.6838278838229467,0.6877815906228133
6172.78399989009,-1.0,0.09226685522723387,0.6839808821189867,0.6879228903814104
6172.88899831474,-1.0,0.09226566129054797,0.6841356719510918,0.6880655399554205
6172.99099937081,-1.0,0.09226454843455091,0.684283476784038,0.6882014629052443
6173.10099676251,-1.0,0.0922633970832977,0.6844401012180933,0.6883451847871348
6173.18499349058,-1.0,0.09226254782052311,0.684557812962242,0.6884529856427125
6173.28599877656,-1.0,0.09226155951862636,0.684697239265565,0.6885804334466231
6173.40099513531,-1.0,0.09226047580917301,0.6848532212651767,0.6887227045080551
6173.49299825728,-1.0,0.09225963742587691,0.6849759495052398,0.6888344121507953
6173.5809981823,-1.0,0.09225885841549698,0.6850916563487162,0.6889395399322339
6173.68899397552,-1.0,0.09225793151138759,0.6852314550001547,0.6890663104218153
6173.78899343312,-1.0,0.0922570993966933,0.685358788159872,0.6891815405021294
6173.8899987191,-1.0,0.09225628338008728,0.6854853837827073,0.6892958779978223
6174.00299347937,-1.0,0.09225539804311396,0.685624656810442,0.6894214041629807
6174.08400289714,-1.0,0.09225478006485553,0.6857230114750698,0.6895098848690855
6174.18499812484,-1.0,0.09225402841848868,0.6858439197145559,0.6896184655795955
6174.29199814796,-1.0,0.09225325381759437,0.685969986987955,0.6897314555898575
6174.39199760556,-1.0,0.09225254905414006,0.6860859598238686,0.689835195418429
6174.48099330068,-1.0,0.09225193678659692,0.6861877020920152,0.689926044745605
6174.58199858665,-1.0,0.0922512582519711,0.6863015319388128,0.6900275082148647
6174.68800283968,-1.0,0.09225056404470869,0.6864191567696505,0.6901321544483945
6174.78899806738,-1.0,0.09224991899727177,0.6865295093514893,0.6902301451092249
6174.89099912345,-1.0,0.0922492831046734,0.6866392995829218,0.6903274570544093
6174.98399801552,-1.0,0.09224871651440361,0.686737974796442,0.6904147638719915
6175.08499324322,-1.0,0.092248114918809,0.686843625806868,0.6905080810564547
6175.1859985292,-1.0,0.09224752703951593,0.6869477480289472,0.6905998834966388
6175.29099695385,-1.0,0.0922469299860323,0.6870543888580707,0.6906937365127889
6175.38099847734,-1.0,0.09224642920968845,0.687144527845813,0.6907729316858451
6175.48099793494,-1.0,0.09224588437122253,0.6872433324906841,0.6908595979798332
6175.58599635959,-1.0,0.09224532492978803,0.687345580210894,0.6909491268251121
6175.68799741566,-1.0,0.09224479335389131,0.6874434717587382,0.6910346905386912
6175.78900270164,-1.0,0.09224427804823582,0.6875390407548073,0.6911180812184239
6175.89699849486,-1.0,0.09224373873512434,0.6876397507994545,0.6912058043040985
6175.98599418998,-1.0,0.09224330297106362,0.6877216211254095,0.6912770005579345
6176.08699947596,-1.0,0.09224281831964967,0.6878133344973397,0.6913566318014343
6176.19100213051,-1.0,0.09224232948943815,0.6879064576583352,0.6914373517418464
6176.28099359572,-1.0,0.09224191461484013,0.6879859819448184,0.6915061756517689
6176.3819988817,-1.0,0.09224145764665641,0.6880740973846116,0.6915823176346954
6176.49499364197,-1.0,0.09224095698199129,0.6881712695475238,0.6916661423830616
6176.58899836242,-1.0,0.09224054872232194,0.6882510045317279,0.691734812367044
6176.68999359012,-1.0,0.09224011831600586,0.6883355714285609,0.6918075321984303
6176.78599990904,-1.0,0.09223971680368868,0.6884149266775977,0.6918756657255662
6176.88499353826,-1.0,0.09223931039443029,0.6884957155156046,0.6919449255474023
6176.98699459434,-1.0,0.09223889951041063,0.6885778796747347,0.6920152558390859
6177.10200101137,-1.0,0.09223844558045799,0.6886692327686691,0.6920933226120571
6177.18000300229,-1.0,0.0922381431929575,0.6887304299079334,0.6921455429171234
6177.28099822998,-1.0,0.09223775809198849,0.6888087681313156,0.6922123001139586
6177.38199345767,-1.0,0.09223738009323992,0.6888861104575434,0.6922781094947921
6177.4889934808,-1.0,0.09223698717901307,0.6889669857386159,0.6923468192739248
6177.59099453688,-1.0,0.09223661968433697,0.6890430816076963,0.6924113695338997
6177.69599296153,-1.0,0.09223624841098937,0.6891204129650692,0.6924768691335483
6177.78499871492,-1.0,0.09223593909549813,0.6891851847970525,0.6925316537596808
6177.886999771,-1.0,0.09223559057241684,0.6892585486946102,0.6925936205739456
6177.98900082707,-1.0,0.09223524824228607,0.6893310053854104,0.6926547321646296
6178.08199971914,-1.0,0.09223494136773414,0.6893962910259017,0.6927097195653272
6178.18199917674,-1.0,0.09223461680555485,0.6894656796815932,0.6927680835660268
6178.29699553549,-1.0,0.09223425029992295,0.6895444543933664,0.6928342430744354
6178.38899865746,-1.0,0.09223396230827974,0.6896067064756098,0.6928864508353906
6178.48999388516,-1.0,0.09223365127338219,0.6896742677398211,0.6929430359469035
6178.58100123703,-1.0,0.09223337546194688,0.6897344644229317,0.6929933867875615
6178.68399806321,-1.0,0.0922330682883814,0.6898018239921784,0.6930496547905479
6178.7849932909,-1.0,0.092232772079651,0.6898670969568168,0.6931041048221632
6178.89799810946,-1.0,0.09223244638288701,0.689939235845915,0.693164196173134
6178.97999323905,-1.0,0.09223221381363723,0.689990996790231,0.69320725677457
6179.08199429512,-1.0,0.09223192877185803,0.6900547153435977,0.6932602006497571
6179.1829995811,-1.0,0.09223165108693022,0.690117090312169,0.6933119590709742
6179.28899377584,-1.0,0.09223136447968179,0.690181787823618,0.6933655722992832
6179.38899323344,-1.0,0.0922310984945095,0.6902421268358543,0.6934155070805053
6179.49599325657,-1.0,0.09223081849926912,0.6903059512162892,0.6934682558922841
6179.58399318159,-1.0,0.09223059170683198,0.6903578794248392,0.6935111193125703
6179.68599423766,-1.0,0.09223033270727185,0.6904174447510393,0.6935602273509248
6179.78699952364,-1.0,0.09223008025835154,0.690475778302837,0.6936082582314059
6179.87999841571,-1.0,0.09222985129130347,0.6905289252548253,0.6936519652958185
6179.9809936434,-1.0,0.09222960633530616,0.69058604101806,0.693698879468521
6180.08299469948,-1.0,0.0922293627375161,0.6906431008059093,0.6937456886457437
6180.18899895251,-1.0,0.09222911353345875,0.6907017460137937,0.6937937367473953
6180.2899941802,-1.0,0.0922288797798249,0.6907570105927724,0.6938389577185101
6180.39099946618,-1.0,0.09222864950663816,0.690811695919477,0.6938836497295386
6180.48399835825,-1.0,0.09222844051458738,0.6908615377501104,0.6939243355732794
6180.58499358594,-1.0,0.09222821676416794,0.6909151215550438,0.6939680250110757
6180.68599887192,-1.0,0.09222799632087943,0.6909681532666787,0.6940112119749132
6180.77999353409,-1.0,0.09222779407986215,0.691017011497241,0.6940509540602376
6180.88099882007,-1.0,0.09222757980712042,0.6910689928346534,0.6940931877653428
6180.98199404776,-1.0,0.09222736865114675,0.6911204378380382,0.694134936041183
6181.08799830079,-1.0,0.09222715027879064,0.6911738723574061,0.6941782463356192
6181.18999935687,-1.0,0.09222694323175075,0.6912247544113023,0.694219437883354
6181.28999881446,-1.0,0.092226743113226,0.6912741373017115,0.6942593690792721
6181.38299770653,-1.0,0.09222655949530259,0.6913196250741118,0.6942961098307651
6181.48400299251,-1.0,0.0922263627297739,0.6913685580739476,0.6943355894555736
6181.58499822021,-1.0,0.09222616869202177,0.6914170034876598,0.6943746307746966
6181.69199824333,-1.0,0.09222596606776083,0.6914678108694585,0.6944155273470743
6181.78099393845,-1.0,0.09222579977360218,0.6915096691898883,0.694449183348998
6181.88199922442,-1.0,0.09222561344804543,0.6915567427697875,0.6944869924310217
6181.98799341917,-1.0,0.09222542061830748,0.6916056535200882,0.6945262318850874
6182.08899870515,-1.0,0.09222523938266292,0.6916518045285193,0.6945632149225673
6182.18999393284,-1.0,0.0922250605707282,0.6916975114396349,0.6945998014485671
6182.28199705482,-1.0,0.09222489973145574,0.6917387720512507,0.6946327941010307
6182.38399811089,-1.0,0.09222472365533049,0.6917841028437324,0.6946690032216798
6182.48399756849,-1.0,0.09222455327716424,0.6918281282416625,0.6947041313844952
6182.59000182152,-1.0,0.09222437504400405,0.69187435470769,0.6947409751727184
6182.67899751663,-1.0,0.09222422729836574,0.691912815477922,0.6947715968059112
6182.78099857271,-1.0,0.09222406001720419,0.6919565126779738,0.694806352140725
6182.88000226021,-1.0,0.09222389971519906,0.6919985391139233,0.6948397429554425
6182.98799805343,-1.0,0.0922237271303443,0.6920439548035469,0.694875787195718
6183.08899328113,-1.0,0.0922235678452505,0.6920860286364451,0.6949091425497339
6183.19499753416,-1.0,0.09222340281824212,0.6921297818683878,0.6949437918543099
6183.28399322927,-1.0,0.0922232659499502,0.6921661973001341,0.6949726009934727
6183.38499851525,-1.0,0.09222311244109677,0.6922071807351008,0.6950049922310311
6183.47899317741,-1.0,0.09222297130926321,0.6922449935496982,0.6950348476877879
6183.59199799597,-1.0,0.09222280379409363,0.692290043924297,0.6950703800974043
6183.67999792099,-1.0,0.09222267487456345,0.6923248190702166,0.6950977797145361
6183.78999531269,-1.0,0.09222251564243218,0.6923679157362794,0.6951317018377887
6183.88799317181,-1.0,0.09222237553967888,0.6924059683591418,0.6951616222625833
6183.98899845779,-1.0,0.09222223283925292,0.6924448557300686,0.6951921684931656
6184.08100157976,-1.0,0.09222210433384649,0.6924799870042734,0.695219737677134
6184.18300263584,-1.0,0.09222196347956778,0.6925186169705981,0.6952500232231464
6184.28399786353,-1.0,0.09222182565749239,0.6925565400207854,0.695279724710379
6184.37999412417,-1.0,0.09222169614440599,0.6925922894590457,0.6953076966880881
6184.49099734426,-1.0,0.09222154815632608,0.6926332723649888,0.6953397311170229
6184.59200263023,-1.0,0.09222141511661591,0.6926702375928214,0.6953685953062553
6184.68000255525,-1.0,0.09222130045755599,0.6927021920624761,0.6953935236174574
6184.78700257838,-1.0,0.0922211625669187,0.6927407359248775,0.6954235640511158
6184.88799780607,-1.0,0.092221033920523,0.6927768088314379,0.6954516504644268
6184.9949978292,-1.0,0.09222089918820642,0.6928147048686008,0.695481126922193
6185.08299775422,-1.0,0.09222078956204068,0.6928456269356293,0.6955051564462673
6185.18299721181,-1.0,0.09222066625636352,0.6928805008651768,0.6955322327393244
6185.303998366,-1.0,0.09222051882114021,0.6929223276757206,0.6955646733395512
6185.38999669254,-1.0,0.09222041518649114,0.6929518111450121,0.6955875182313269
6185.49100197852,-1.0,0.09222029466162307,0.6929861843706757,0.6956141285676649
6185.58699823916,-1.0,0.09222018128522486,0.6930186006306466,0.6956392008575464
6185.6829944998,-1.0,0.09222006908411759,0.6930507731205428,0.6956640621405099
6185.78699715436,-1.0,0.09221994878270331,0.6930853580275003,0.6956907628292577
6185.90199351311,-1.0,0.09221981725677417,0.6931232752142181,0.6957200065571439
6185.9829928726,-1.0,0.09221972553699702,0.6931497813795978,0.6957404310825209
6186.08499392867,-1.0,0.09221961109955554,0.6931829263643582,0.6957659498234066
6186.18599921465,-1.0,0.09221949892604175,0.6932154940816602,0.6957910009355236
6186.2919934094,-1.0,0.09221938241411096,0.6932494024837909,0.6958170588383485
6186.37999333441,-1.0,0.09221928659901137,0.6932773485093862,0.6958385159862069
6186.48099862039,-1.0,0.09221917762871701,0.6933091972825154,0.6958629489562441
6186.58699281514,-1.0,0.09221906440860203,0.6933423610942878,0.6958883672602874
6186.68799810112,-1.0,0.09221895762110587,0.6933737202456349,0.6959123799621934
6186.78899332881,-1.0,0.09221885187277093,0.6934048420949579,0.6959361895695709
6186.88200227916,-1.0,0.09221875538125772,0.6934332983321132,0.6959579411831225
6186.98399327695,-1.0,0.09221865054145767,0.6934642798210339,0.6959816027410202
6187.08499856293,-1.0,0.09221854769902973,0.693494734931905,0.6960048415968974
6187.19100281596,-1.0,0.0922184408027762,0.6935264574821759,0.696029025729563
6187.29199804366,-1.0,0.09221833992907527,0.6935564553896869,0.696051874520762
6187.37999796867,-1.0,0.09221825279633553,0.6935824160168097,0.6960716320665763
6187.4860022217,-1.0,0.09221814876445548,0.6936134713373309,0.6960952472892484
6187.58799321949,-1.0,0.09221804961406029,0.6936431300299128,0.6961177804469529
6187.68899850547,-1.0,0.09221795228014446,0.6936722903601203,0.6961399155364133
6187.78199739754,-1.0,0.09221786342703306,0.6936989556022748,0.6961601399448571
6187.88300268352,-1.0,0.0922177677418216,0.6937277193458439,0.6961819380535111
6187.98399791121,-1.0,0.09221767290284594,0.6937562773355956,0.6962035618063019
6188.09099793434,-1.0,0.09221757332182053,0.6937863146009398,0.6962262858033362
6188.19099739194,-1.0,0.09221748107537102,0.6938141856912244,0.696247352807256
6188.28000314534,-1.0,0.09221739962494353,0.6938388312497209,0.6962659670866075
6188.38500156999,-1.0,0.09221730431877735,0.6938677118761005,0.6962877625295868
6188.48599679768,-1.0,0.09221721342878988,0.6938952962370297,0.6963085620712054
6188.58700208366,-1.0,0.09221712328355605,0.6939226942092098,0.6963292039888803
6188.69400210679,-1.0,0.09221702859186012,0.693951513717727,0.6963508982824664
6188.7820020318,-1.0,0.09221695132528279,0.6939750600969243,0.6963686090762458
6188.8829972595,-1.0,0.09221686331553909,0.6940019124762289,0.6963887910584995
6188.98900151253,-1.0,0.09221677169391289,0.6940299020092392,0.6964098101383555
6189.0919983387,-1.0,0.09221668339636108,0.6940569087114746,0.6964300741186314
6189.17999826372,-1.0,0.0922166085107416,0.6940798373393122,0.6964472650453455
6189.28999565542,-1.0,0.09221651561169464,0.6941083107042885,0.6964685963591142
6189.38600197434,-1.0,0.09221643515771613,0.694132994645923,0.696487073659872
6189.48699720204,-1.0,0.0922163511428305,0.6941587944047756,0.6965063712058146
6189.60199356079,-1.0,0.0922162562411818,0.6941879648374182,0.6965281714227838
6189.68199715018,-1.0,0.09221619069839755,0.6942081306404315,0.696543230573591
6189.78300243616,-1.0,0.09221610849281768,0.694233441687835,0.6965621186901435
6189.88300189376,-1.0,0.09221602769239029,0.6942583390966947,0.6965806836387844
6189.99000191689,-1.0,0.09221594186955408,0.6942848033753178,0.6966004011576448
6190.09099714458,-1.0,0.09221586145302993,0.6943096173030402,0.6966188742768767
6190.19399397075,-1.0,0.09221578002143073,0.6943347596149282,0.6966375772562685
6190.28599709272,-1.0,0.09221570776666474,0.6943570802182804,0.6966541688758252
6190.38599655032,-1.0,0.09221562974131285,0.6943811945726613,0.6966720808010375
6190.48200286925,-1.0,0.09221555532168821,0.6944042041512997,0.6966891594665057
6190.50699770451,-1.0,0.09221553602449793,0.6944101719760137,0.6966935870168399
6200.52699968219,1.0,0.0907649585188677,0.7040863053175678,0.7043589612524822
6210.53300052881,1.0,0.09068774086911349,0.7085126296417371,0.7098410502537105
6220.52599601448,1.0,0.09064857743136395,0.7115864998664158,0.7142065982652298
6224.4119938463,1.0,0.09063842166219792,0.7126225931891746,0.7156845122884836
6224.53299500048,1.0,0.09193639262072523,0.7125896551728191,0.7156559565333689
6224.63600188494,1.0,0.09193911180037466,0.7125090138236995,0.7155715485290028
6224.72599335015,1.0,0.09194151553518987,0.7124397725897151,0.7154989608338465
6224.82799440622,1.0,0.09194419255142561,0.7123626648442766,0.7154179835827359
6224.9289996922,1.0,0.09194678422676943,0.7122877294499749,0.7153391280264453
6225.03399811685,1.0,0.09194941723893638,0.7122113036813096,0.715258526413427
6225.13599917293,1.0,0.09195192193359226,0.71213846976655,0.7151815327484646
6225.23699440062,1.0,0.09195435383582368,0.7120676968348829,0.7151065381113579
6225.32999329269,1.0,0.09195655140230556,0.7120036863981072,0.7150385485277562
6225.43300017715,1.0,0.09195894029051582,0.7119340587581535,0.7149644102880055
6225.53399540484,1.0,0.09196123858406796,0.7118670612465136,0.7148928851221782
6225.63899382949,1.0,0.09196358279998156,0.7117987121501556,0.7148197199861817
6225.72899535298,1.0,0.09196555564616839,0.7117411606026177,0.7147579537800651
6225.83000063896,1.0,0.09196773045544414,0.7116776857841343,0.7146896562384901
6225.93299746513,1.0,0.09196990618345537,0.7116141449139756,0.7146210994373763
6226.0259963572,1.0,0.0919718347554359,0.7115577771986188,0.7145601203867286
6226.12700164318,1.0,0.09197389144816435,0.7114976108631873,0.7144948608298805
6226.22700110078,1.0,0.09197588923548636,0.7114391002322275,0.7144312241502863
6226.33299529552,1.0,0.09197796602460635,0.7113781950540606,0.7143648001082883
6226.4349963516,1.0,0.09197992549440062,0.7113206475031317,0.7143018613535758
6226.5349958092,1.0,0.0919818100505803,0.7112652153565817,0.7142410715226006
6226.62900052965,1.0,0.09198354914860168,0.7112139825325189,0.7141847392125443
6226.72899998724,1.0,0.09198536521620025,0.7111603941961231,0.7141256624911333
6226.83100104332,1.0,0.09198718267044954,0.7111066685788353,0.7140662763762257
6226.92399993539,1.0,0.09198880900258205,0.7110585065529466,0.7140128988409308
6227.02600099146,1.0,0.09199056023662569,0.7110065504041664,0.7139551680407286
6227.12699621916,1.0,0.09199226112853859,0.7109559881240051,0.7138988342545395
6227.23300047219,1.0,0.09199401172553494,0.7109038402310972,0.7138405745673024
6227.33299992979,1.0,0.09199563157719662,0.7108554874610591,0.71378640952598
6227.43500098586,1.0,0.0919972529303444,0.7108069886992349,0.7137319386729717
6227.52799987793,1.0,0.09199870461190279,0.7107634757975952,0.7136829454165611
6227.62899510562,1.0,0.09200025314757623,0.7107169688997186,0.7136304510763936
6227.7300003916,1.0,0.09200177344752003,0.7106712168896749,0.7135786767333058
6227.83599458635,1.0,0.09200333911896724,0.7106239997086914,0.7135251065248236
6227.92399451137,1.0,0.0920046164805584,0.7105854009685515,0.7134812099937984
6228.02599556744,1.0,0.09200607184495892,0.7105413388481555,0.7134309812489811
6228.13199982047,1.0,0.09200755630793846,0.7104963016425684,0.7133795085144092
6228.23400087655,1.0,0.09200895857189778,0.7104536697243692,0.7133306617218099
6228.33400033414,1.0,0.09201030910292558,0.7104125283893219,0.7132834087682732
6228.42799499631,1.0,0.09201155719073041,0.710374437645257,0.7132395577903956
6228.52900028229,1.0,0.09201287592653001,0.7103341175291787,0.713193033242992
6228.63100133836,1.0,0.09201418473734232,0.710294026159643,0.7131466635965642
6228.73499393463,1.0,0.09201549607808505,0.7102537831839488,0.713100009177866
6228.82499545813,1.0,0.09201661238523358,0.7102194653104366,0.7130601337165783
6228.9260007441,1.0,0.09201784511995961,0.7101815040107156,0.7130159273764374
6229.03099916875,1.0,0.09201910482284104,0.7101426439046578,0.7129705690968438
6229.13399599493,1.0,0.0920203195545121,0.7101051063651034,0.7129266530988356
6229.23399545252,1.0,0.09202147943563864,0.7100692036556853,0.7128845543093006
6229.32699434459,1.0,0.09202254131072722,0.710036283488931,0.7128458703011277
6229.42899540067,1.0,0.09202368789961109,0.7100006833760842,0.7128039486257967
6229.53000068665,1.0,0.09202480517065442,0.7099659408971734,0.7127629481210737
6229.6449970454,1.0,0.0920260555032542,0.7099269968623187,0.7127168815908762
6229.72500063479,1.0,0.0920269120359531,0.7099002795857337,0.7126852114594298
6229.82599586248,1.0,0.09202797817312426,0.7098669814628389,0.7126456652110272
6229.93099428713,1.0,0.0920290691051442,0.7098328606081955,0.7126050549227005
6230.03199957311,1.0,0.09203010210120238,0.7098005067436121,0.7125664653308956
6230.13400062919,1.0,0.09203112928951616,0.709768291622228,0.7125279607993584
6230.22799529135,1.0,0.0920320620004541,0.7097390031227594,0.7124928845607077
6230.32799474895,1.0,0.09203304006627945,0.7097082538196662,0.7124559870900913
6230.42900003493,1.0,0.09203401343767038,0.7096776156196227,0.7124191495344551
6230.531001091,1.0,0.09203498195418103,0.7096470948899664,0.7123823801002872
6230.63599951565,1.0,0.09203596414978932,0.7096161079607081,0.7123449741169563
6230.72499521077,1.0,0.09203678519716428,0.7095901785849449,0.7123136152238397
6230.83800002933,1.0,0.0920378126333901,0.7095576939764546,0.7122742508598556
6230.93099892139,1.0,0.09203864567207042,0.7095313243233715,0.7122422318640473
6231.03199414909,1.0,0.09203953795381528,0.7095030498905472,0.7122078360283594
6231.13700263202,1.0,0.09204045226747327,0.7094740454236024,0.7121724824315268
6231.22799992561,1.0,0.09204123370734155,0.7094492301419014,0.7121421782553872
6231.32899515331,1.0,0.0920420893728173,0.7094220298631122,0.7121089004764724
6231.43999837339,1.0,0.09204301593538891,0.7093925422081272,0.71207275086308
6231.53599463403,1.0,0.09204380593684311,0.7093673754124833,0.7120418390807793
6231.62399455905,1.0,0.09204452137017058,0.709344567484632,0.7120137794749947
6231.72599561512,1.0,0.0920453400324958,0.7093184454807113,0.7119815868197726
6231.83199986815,1.0,0.09204617899530398,0.7092916501030819,0.7119485017564084
6231.93299509585,1.0,0.09204696731773604,0.7092664484449333,0.7119173261480832
6232.04300254583,1.0,0.09204781401495299,0.7092393549860518,0.7118837465405519
6232.12799504399,1.0,0.0920484597848939,0.7092186730520124,0.7118580684546252
6232.22900032997,1.0,0.0920492178893131,0.7091943736916683,0.7118278490259625
6232.32999555767,1.0,0.09204996619569232,0.7091703706945397,0.7117979467241701
6232.4359998107,1.0,0.09205074120717832,0.7091454905219035,0.7117668958555209
6232.53599926829,1.0,0.09205146273785413,0.709122308557403,0.711737912879361
6232.62499496341,1.0,0.09205209719794177,0.7091019092742152,0.7117123675254676
6232.73099921644,1.0,0.0920528436561219,0.7090778913665354,0.7116822406432304
6232.83199444413,1.0,0.09205354564950267,0.7090552868204187,0.711653836786831
6232.93299973011,1.0,0.09205423890891737,0.7090329470749173,0.7116257177918595
6233.02599862218,1.0,0.09205486965009872,0.7090126083685362,0.7116000767951969
6233.12799967825,1.0,0.09205555322046236,0.7089905513547373,0.7115722249340365
6233.22899490595,1.0,0.09205622171610077,0.7089689658699001,0.7115449231574108
6233.33499915898,1.0,0.09205691461468525,0.7089465769275137,0.7115165574738829
6233.43599438667,1.0,0.09205756658694725,0.7089254960143934,0.7114898043257469
6233.53599384427,1.0,0.09205820440442719,0.7089048592836861,0.7114635726157489
6233.62799696624,1.0,0.09205878454406574,0.7088860771112128,0.7114396616722005
6233.73099379241,1.0,0.0920594266007902,0.7088652783761,0.7114131429457655
6233.83199907839,1.0,0.09206004878807747,0.7088451115190517,0.711387388989509
6233.93699750304,1.0,0.09206068786122718,0.7088243848807253,0.711360877744245
6234.02699902654,1.0,0.09206122950674019,0.7088068082227891,0.71133836169845
6234.12900008261,1.0,0.09206183662314686,0.70878709634431,0.7113130731246425
6234.23399850726,1.0,0.09206245422080374,0.7087670326488676,0.7112872924539817
6234.33499373496,1.0,0.0920630413479217,0.7087479481066076,0.7112627314963805
6234.43699479103,1.0,0.09206362757980836,0.7087288824667881,0.7112381575485425
6234.54099744558,1.0,0.09206421849373461,0.7087096545269183,0.7112133368278369
6234.63099896908,1.0,0.09206472436341795,0.70869318572233,0.7111920472724853
6234.73099842668,1.0,0.09206528054841882,0.7086750702369289,0.7111685963160663
6234.8280005157,1.0,0.09206581424207709,0.7086576788215213,0.7111460502642762
6234.92599837482,1.0,0.0920663476870087,0.7086402872019536,0.7111234719857782
6235.02699360251,1.0,0.0920668915194075,0.70862254836323,0.7111004097922125
6235.14499738812,1.0,0.0920675194409405,0.7086020558971869,0.711073725631449
6235.23499891162,1.0,0.09206799301129198,0.7085865930493247,0.7110535607313936
6235.33599413931,1.0,0.09206851900512887,0.7085694106714239,0.7110311228603436
6235.43599359691,1.0,0.09206903427903797,0.7085525706802055,0.7110091011055498
6235.53099408746,1.0,0.09206951880152989,0.7085367288245165,0.710988356825727
6235.63199937344,1.0,0.09207002865277175,0.7085200512860396,0.7109664884286397
6235.74999310076,1.0,0.09207061745032598,0.7085007816298518,0.7109411827399253
6235.82699932158,1.0,0.0920709978174757,0.7084883276773022,0.7109248056501418
6235.92799454927,1.0,0.09207149207279774,0.708472138100493,0.7109034900725697
6236.03100143373,1.0,0.09207199086029379,0.7084557922462817,0.7108819385603109
6236.13499403,1.0,0.09207248905302846,0.7084394578596176,0.7108603715893372
6236.23599931598,1.0,0.09207296783973808,0.7084237519936567,0.7108396053600692
6236.34199351072,1.0,0.09207346494600599,0.7084074369119604,0.7108180030626264
6236.42999343574,1.0,0.09207387365107353,0.7083940178571341,0.7108002125689512
6236.53199449182,1.0,0.09207434298995318,0.7083786033300654,0.7107797519930666
6236.63000240922,1.0,0.09207478945508416,0.7083639337933396,0.7107602545886157
6236.72599866986,1.0,0.09207522254139984,0.7083496979865932,0.7107413095412818
6236.82699389756,1.0,0.09207567374032408,0.7083348606316385,0.7107215384969876
6236.93799711764,1.0,0.09207616447310189,0.7083187160243918,0.7106999957775271
6237.03499920666,1.0,0.0920765889319056,0.7083047456513616,0.7106813290582907
6237.13599443436,1.0,0.09207702658608106,0.7082903349792212,0.7106620493134439
6237.22500018775,1.0,0.09207740871269755,0.7082777476390779,0.7106451882642241
6237.3309943825,1.0,0.09207785946483475,0.7082628936617619,0.7106252659448349
6237.4309938401,1.0,0.09207828052192138,0.7082490120882097,0.7106066238191617
6237.53600232303,1.0,0.09207871839349538,0.7082345695911932,0.7105872046077312
6237.62400224805,1.0,0.09207908196680784,0.7082225726502477,0.7105710543076419
6237.72699907422,1.0,0.09207950364323403,0.7082086526033888,0.7105522930006646
6237.82699853182,1.0,0.09207990911953313,0.7081952612798442,0.7105342217701673
6237.93399855494,1.0,0.09208033875279208,0.7081810655003691,0.7105150406936575
6238.03499378264,1.0,0.09208074031728879,0.7081677908159858,0.7104970814759559
6238.13599906862,1.0,0.09208113812735219,0.7081546340327286,0.7104792599875088
6238.22999373078,1.0,0.09208150495882467,0.7081424961722687,0.7104627993416648
6238.33099901676,1.0,0.09208189557533732,0.7081295651843991,0.7104452425658382
6238.43300007284,1.0,0.09208228640098495,0.7081166224415728,0.7104276488080081
6238.526994735,1.0,0.09208264342939047,0.7081047964711529,0.7104115550082887
6238.62800002098,1.0,0.09208302370834434,0.7080921957756617,0.710394387365657
6238.72899524868,1.0,0.09208340050012007,0.7080797060472026,0.7103773509423369
6238.83399367332,1.0,0.09208378862429997,0.7080668360161524,0.7103597748864025
6238.9349989593,1.0,0.09208415857338836,0.7080545643756112,0.7103429961924155
6239.035994187,1.0,0.0920845251871717,0.7080423993671343,0.710326344091673
6239.12899307907,1.0,0.09208485989848615,0.7080312895840836,0.7103111196562216
6239.23099413514,1.0,0.09208522388380495,0.7080192046275449,0.7102945405946812
6239.33199942112,1.0,0.09208558113898122,0.7080073397247748,0.7102782447856112
6239.42400254309,1.0,0.09208590377653635,0.7079966193585571,0.7102635050741143
6239.52599354088,1.0,0.09208625826574894,0.7079848305394295,0.7102472790323392
6239.62699882686,1.0,0.09208660619252546,0.707973253773483,0.7102313269600595
6239.73800204694,1.0,0.09208698499358162,0.707960642263672,0.7102139287794588
6239.83399830759,1.0,0.09208730960006227,0.7079498284602895,0.710198993673124
6239.93599936366,1.0,0.09208765150574616,0.7079384312928025,0.7101832358369672
6240.0319956243,1.0,0.09208797047648278,0.7079277916534575,0.7101685094922784
6240.12999348342,1.0,0.09208829331088782,0.7079170157758856,0.7101535788558371
6240.2319945395,1.0,0.0920886263625784,0.7079058905348459,0.710138147440582
6240.34599512815,1.0,0.09208899503324917,0.7078935648600945,0.7101210309680889
6240.42699448764,1.0,0.09208925488449188,0.707884875537319,0.7101089517550745
6240.52799977362,1.0,0.09208957672226556,0.7078741180542224,0.7100939834421773
6240.63399396837,1.0,0.0920899115737851,0.7078629221118933,0.7100783879755588
6240.73499925435,1.0,0.0920902279658899,0.7078523406067869,0.7100636322953155
6240.83599448204,1.0,0.09209054174065628,0.7078418445153922,0.7100489801690718
6240.92799760401,1.0,0.09209082536757565,0.7078323555667216,0.7100357205565915
6241.03099443018,1.0,0.09209114043059995,0.7078218140143671,0.7100209750221007
6241.13199971616,1.0,0.09209144692970322,0.7078115587698318,0.7100066146751758
6241.23699814081,1.0,0.09209176300303573,0.7078009837282346,0.7099917905922865
6241.32499806583,1.0,0.09209202594873378,0.7077921872630453,0.7099794472992959
6241.42900072038,1.0,0.09209233413111825,0.7077818685730589,0.7099649536437068
6241.53299331665,1.0,0.09209263907600944,0.7077716334738536,0.7099505622891483
6241.63399860263,1.0,0.0920929327106999,0.707761770391526,0.709936679600922
6241.7359996587,1.0,0.09209322671049215,0.7077518870661952,0.7099227542015237
6241.82800278068,1.0,0.09209348972959021,0.7077430380125851,0.7099102739801529
6241.94199331105,1.0,0.09209381278385281,0.707732159218613,0.7098949154637495
6242.03099906445,1.0,0.0920940628756466,0.7077237294676659,0.7098830025928814
6242.13599748909,1.0,0.09209435549566071,0.7077138568775416,0.7098690375351597
6242.22800061107,1.0,0.09209460977284926,0.7077052692712997,0.7098568785775476
6242.32699424028,1.0,0.09209488117049568,0.7076960940882601,0.7098438758377715
6242.43200272322,1.0,0.09209516680168084,0.7076864353603204,0.7098301741101473
6242.53999851644,1.0,0.09209545843367758,0.7076765818969839,0.7098161809701047
6242.63499900699,1.0,0.09209571295901295,0.7076679786350212,0.7098039513882322
6242.73999743164,1.0,0.09209599211548286,0.7076585392935044,0.7097905205713306
6242.82599575818,1.0,0.09209621909857489,0.7076508616215734,0.7097795865280152
6242.93200001121,1.0,0.0920964968656416,0.7076414633924332,0.7097661901923988
6243.0319994688,1.0,0.09209675688936693,0.7076326629934482,0.7097536340697937
6243.12999732792,1.0,0.09209700985096457,0.7076240995526408,0.7097414049726805
6243.22799518704,1.0,0.09209726100717981,0.7076155954964548,0.7097292499184469
6243.32799464464,1.0,0.09209751546650566,0.7076069781278098,0.7097169220046488
6243.4409994632,1.0,0.09209780038127263,0.7075973147036085,0.709703083707605
6243.53499412537,1.0,0.0920980349319451,0.7075893381122588,0.7096916492839337
6243.63599941134,1.0,0.0920982849637266,0.7075808255825625,0.7096794357546652
6243.72800253332,1.0,0.09209851090350533,0.7075731243188699,0.709668376560851
6243.82999353111,1.0,0.09209875936518583,0.7075646448926757,0.7096561893111503
6243.93199458718,1.0,0.09209900575012743,0.7075562247702973,0.7096440763147739
6244.03799884021,1.0,0.09209925958763178,0.7075475370980724,0.7096315669705421
6244.12699453533,1.0,0.09209947095854644,0.7075402922749976,0.7096211262967821
6244.2289955914,1.0,0.09209971127507206,0.7075320429318099,0.7096092281740788
6244.33299824595,1.0,0.09209995417933821,0.7075236905582404,0.7095971708342298
6244.43499930203,1.0,0.09210019483373838,0.7075155574032165,0.7095854191083427
6244.55499462783,1.0,0.08775943607025645,0.7077175047199955,0.709812739079557
6244.64600197971,1.0,0.0877550943929366,0.7080269949201917,0.7101638750940938
6244.75100040436,1.0,0.08774481439299844,0.7083788493862173,0.7105638835089797
6244.84299346805,1.0,0.08773599382330308,0.7086829097555347,0.7109102884628651
6244.95099931955,1.0,0.0877258865125738,0.7090348239985103,0.7113121386133698
6245.04300244153,1.0,0.08771748198683993,0.7093303411092794,0.7116504010502915
6245.14800086617,1.0,0.08770810693728309,0.7096629010523329,0.7120319974084184
6245.2550008893,1.0,0.08769877616554164,0.7099967431191911,0.7124161035058431
6245.34899555147,1.0,0.08769075608733343,0.7102858776080082,0.7127496443565727
6245.45299820602,1.0,0.0876820671529459,0.7106013855313167,0.7131145654170891
6245.54500132799,1.0,0.08767453790103955,0.7108767036486239,0.713433840218123
6245.64199335873,1.0,0.08766675593202883,0.7111631797013003,0.7137669033777279
6245.74700184166,1.0,0.08765850649578365,0.7114690604304785,0.7141235028345212
6245.86699716747,1.0,0.08764929831412391,0.7118132847924002,0.7145260328476024
6245.94700075686,1.0,0.08764328570378586,0.7120397092026313,0.714791531318866
6246.05199918151,1.0,0.08763554522964064,0.7123332213413032,0.7151365595922681
6246.14999704063,1.0,0.08762847198778421,0.7126035025862474,0.7154551535739102
6246.2529938668,1.0,0.08762119181479845,0.7128838476964587,0.7157865061727197
6246.34400121868,1.0,0.08761488760035054,0.7131284527985683,0.7160763685455379
6246.44999541342,1.0,0.08760769385783285,0.7134097479637549,0.7164105843089543
6246.54400013387,1.0,0.08760144475339099,0.7136560621574473,0.716704012660765
6246.64800278842,1.0,0.08759467110192541,0.7139251884390436,0.7170254493440426
6246.75399698317,1.0,0.08758791555348808,0.7141958931050304,0.7173496542814839
6246.84800170362,1.0,0.08758204597507359,0.714433026115409,0.7176343847420346
6246.94100059569,1.0,0.08757634916482086,0.7146649517254511,0.7179135274495645
6247.05799855292,1.0,0.08756933366829471,0.7149530405501555,0.7182611875908516
6247.14199528098,1.0,0.08756439854999751,0.7151573913008837,0.7185084143628032
6247.24599793553,1.0,0.08755840251875573,0.7154076083004177,0.7188118347784863
6247.34199419618,1.0,0.08755297777535496,0.715635866368364,0.7190893052095614
6247.44700267911,1.0,0.08754716118610942,0.715882655595371,0.7193900318466092
6247.55200110376,1.0,0.08754146458011851,0.7161264614772153,0.7196878697377367
6247.64599576592,1.0,0.08753646358462806,0.7163422618110508,0.7199521159418383
6247.75099419057,1.0,0.08753098433449928,0.7165806438669371,0.7202446916188986
6247.84299731255,1.0,0.08752627387074234,0.7167872449511637,0.7204988381308265
6247.95099310577,1.0,0.08752084969486228,0.7170271048421384,0.720794570085651
6248.04299622774,1.0,0.08751631596291483,0.7172292310705645,0.7210443405191452
6248.14799465239,1.0,0.0875112372499435,0.7174574728669624,0.7213270003963045
6248.24299514294,1.0,0.08750672748774196,0.7176617917073238,0.721580589824801
6248.34799356759,1.0,0.0875018348971026,0.7178852450890624,0.7218585297683445
6248.45300205052,1.0,0.08749703563060278,0.7181062862190474,0.7221340878609758
6248.54800254107,1.0,0.08749277240699758,0.718304208504885,0.7223813470610702
6248.65300096571,1.0,0.0874881451054707,0.7185207403360477,0.7226524192882167
6248.74599985778,1.0,0.08748411889928115,0.7187106191222068,0.7228906102961906
6248.85000251234,1.0,0.08747969460664341,0.7189208866522232,0.7231549062865512
6248.96099567413,1.0,0.08747506170913583,0.7191429180143325,0.7234345912078511
6249.05000142753,1.0,0.08747141107325426,0.7193192348600133,0.7236571314350213
6249.14199449122,1.0,0.0874676967145097,0.7194998825053627,0.7238855414899975
6249.24199394882,1.0,0.08746372527469261,0.7196944572142148,0.7241320172004769
6249.34199340641,1.0,0.08745982108320856,0.7198871985070063,0.7243766362608113
6249.44700188935,1.0,0.08745579184436528,0.7200876608803144,0.7246315455284328
6249.54799711704,1.0,0.08745198300026005,0.720278631225717,0.7248748492838746
6249.64700080454,1.0,0.08744831085237967,0.7204641285442882,0.7251116132656966
6249.75099340081,1.0,0.08744451767743507,0.7206571892919328,0.725358483214756
6249.84900131822,1.0,0.08744100134395395,0.7208374992892664,0.7255894640922188
6249.95100237429,1.0,0.08743740057805768,0.7210234986301487,0.7258281525694102
6250.04499703646,1.0,0.08743413430690765,0.7211934302701686,0.7260465931096909
6250.15100128949,1.0,0.08743050893355465,0.7213834171375433,0.7262912325076659
6250.24699755013,1.0,0.08742727781356621,0.7215539806378457,0.7265112363346117
6250.35100020468,1.0,0.08742383155273592,0.7217372072525771,0.7267479674317328
6250.44199749827,1.0,0.0874208615704786,0.7218962125544305,0.7269537340043755
6250.55099911988,1.0,0.08741735833417698,0.7220851001013463,0.7271985676315748
6250.64199641347,1.0,0.0874144781240788,0.72224149462138,0.7274016093276052
6250.74699483812,1.0,0.08741120378454921,0.7224205170327364,0.7276343884467935
6250.84300115705,1.0,0.08740825476846344,0.7225828864613281,0.7278458452593941
6250.94799958169,1.0,0.0874050774062558,0.7227590467962275,0.7280756164097302
6251.05200223625,1.0,0.08740197846000129,0.7229321026280981,0.7283016966808141
6251.14799849689,1.0,0.08739915978069228,0.7230905925514319,0.728509058671599
6251.25299692154,1.0,0.08739612162231367,0.7232626023457969,0.7287344445997481
6251.34399421513,1.0,0.08739352572029221,0.7234105596127463,0.7289285926082084
6251.44000053406,1.0,0.08739082336190014,0.723565560013061,0.7291322561265384
6251.5459947288,1.0,0.0873878822893193,0.7237353967744404,0.7293557329317636
6251.64999738336,1.0,0.08738503897587775,0.7239007483874954,0.7295736286571424
6251.74200050533,1.0,0.08738255807767738,0.7240459721022526,0.7297652603506172
6251.84699892998,1.0,0.08737976537260898,0.724210524308834,0.7299826899576022
6251.94199942052,1.0,0.08737727337844126,0.7243583377744574,0.730178266346126
6252.05100104213,1.0,0.08737445366737027,0.7245267098074166,0.7304013453394098
6252.14299410582,1.0,0.0873721061629158,0.7246678066523254,0.7305885326636908
6252.24899835885,1.0,0.08736943703270054,0.7248292736258527,0.7308030186249665
6252.3430030793,1.0,0.08736710159059816,0.7249714757521208,0.7309921554767909
6252.44800150394,1.0,0.08736452737952474,0.7251292295806706,0.7312022404445526
6252.53999456763,1.0,0.08736230125625753,0.7252665228588134,0.7313853022012167
6252.64899618924,1.0,0.08735969796293674,0.7254281096200134,0.7316010202367302
6252.73999348283,1.0,0.08735755276773215,0.7255621137771631,0.731780131730283
6252.84599773586,1.0,0.08735508543278578,0.725717209646327,0.7319876783984537
6252.95299775898,1.0,0.08735262878172681,0.7258726804421909,0.732195987906617
6253.04700247943,1.0,0.08735049802807447,0.7260083866236325,0.7323780281559636
6253.15200090408,1.0,0.08734814794292386,0.7261590034305287,0.7325803007127666
6253.24399396777,1.0,0.08734611416860427,0.7262901474407611,0.7327566171956748
6253.35299558938,1.0,0.08734373441869388,0.7264445647309232,0.7329644560487715
6253.44400294125,1.0,0.08734177203435732,0.7265726936058846,0.7331371017985067
6253.549997136,1.0,0.08733951407955437,0.726721022723149,0.7333371800834375
6253.64400185645,1.0,0.08733753593723358,0.7268517756129906,0.7335137395576795
6253.7490002811,1.0,0.0873353530673893,0.7269969469410094,0.7337099752740586
6253.84099334478,1.0,0.08733346317916882,0.727123392809914,0.7338810740262329
6253.94899919629,1.0,0.08733127083144425,0.727270974026195,0.7340809775097542
6254.05300185084,1.0,0.08732918630736981,0.7274122063300941,0.7342724873211266
6254.14600074291,1.0,0.08732734400811111,0.7275377768466004,0.7344429280949992
6254.24199700356,1.0,0.08732546343059089,0.7276666929377122,0.7346180736141847
6254.35599759221,1.0,0.087323257459885,0.7278188758235972,0.7348250414391114
6254.45199385285,1.0,0.08732142241775127,0.727946268166096,0.7349984695623017
6254.56700026989,1.0,0.09164963535002484,0.7278957411684671,0.7349748735516234
6254.66900132596,1.0,0.09165665396077652,0.7276746964482238,0.7347527969475881
6254.76200021803,1.0,0.09166318932717549,0.7274769312437436,0.7345538309255195
6254.86299544573,1.0,0.09167014366267755,0.7272662208332231,0.7343414884912115
6254.96699810028,1.0,0.09167712143399959,0.7270535857642519,0.7341267853448546
6255.06999492645,1.0,0.09168386141461907,0.7268472833661523,0.7339180255933744
6255.15900067985,1.0,0.09168955972183102,0.7266723732394599,0.7337406515105309
6255.2639991045,1.0,0.09169614109698365,0.726469975481596,0.7335349312965372
6255.36600016057,1.0,0.09170239589799621,0.7262773602441146,0.7333386519928873
6255.46699538827,1.0,0.09170845940730772,0.7260904500441951,0.7331476891601196
6255.57099804282,1.0,0.09171457262227745,0.7259018445615697,0.7329544714732213
6255.66199533641,1.0,0.0917198151408843,0.7257399752724069,0.732788205647114
6255.76399639249,1.0,0.09172557615080952,0.7255619500975237,0.7326048579679979
6255.86899481714,1.0,0.09173138111101815,0.725382380748333,0.7324193835227696
6255.97200170159,1.0,0.09173695431737029,0.7252097643153698,0.7322405650838646
6256.06000162661,1.0,0.09174162145994098,0.7250650135038332,0.7320902043223604
6256.16500005126,1.0,0.09174707829373413,0.7248955002583413,0.7319136337462304
6256.26399368048,1.0,0.09175211323728112,0.7247387937776503,0.7317499234081551
6256.36900216341,1.0,0.09175733955266993,0.7245757856801556,0.7315791288781226
6256.4609952271,1.0,0.09176182283529688,0.7244356402899448,0.731431871455968
6256.57100267708,1.0,0.0917670694584649,0.724271229456327,0.7312586143481915
6256.66299574077,1.0,0.091771362891726,0.7241363370857343,0.7311160508571232
6256.76799416542,1.0,0.09177616085731051,0.723985191293283,0.7309558592249786
6256.86600208282,1.0,0.09178054290647568,0.723846753101976,0.7308087098680917
6256.97100050747,1.0,0.09178513655875478,0.7237012036233905,0.7306535550335232
6257.06299357116,1.0,0.09178907727775726,0.7235759751804245,0.7305196894748018
6257.16999359429,1.0,0.09179356458775914,0.7234329460961605,0.7303663665733984
6257.26999305189,1.0,0.09179766691151157,0.7233017681878162,0.7302253392810948
6257.36199617386,1.0,0.0918013650699564,0.7231831564171888,0.730097480024334
6257.46199563146,1.0,0.09180530387555096,0.7230564398686046,0.7299605204792166
6257.56500251591,1.0,0.09180927529329563,0.7229282562776252,0.7298215877489271
6257.67000094056,1.0,0.09181323615862858,0.7227999823730495,0.729682161424559
6257.77700096369,1.0,0.0918171842568486,0.7226716814777656,0.7295423042833181
6257.86099769175,1.0,0.0918202227352093,0.722572633336779,0.7294340564415794
6257.9659961164,1.0,0.09182394760954428,0.7224508376407739,0.7293006114513264
6258.06299820542,1.0,0.09182731827057684,0.7223402651662544,0.7291791376833507
6258.16900245845,1.0,0.09183092643045784,0.722221519033249,0.7290483350810004
6258.26099552214,1.0,0.09183399558822607,0.7221201947716746,0.7289364337212512
6258.37799347937,1.0,0.09183781776949632,0.721993589088475,0.7287962325259395
6258.46499763429,1.0,0.09184060280039527,0.7219010441079924,0.7286934798229948
6258.56600292027,1.0,0.09184377641323062,0.7217952825935114,0.728575770345011
6258.66099335253,1.0,0.09184670400623385,0.721697425973558,0.7284665877198244
6258.76099281013,1.0,0.09184972774661287,0.7215960532460688,0.7283532043459967
6258.86499546468,1.0,0.09185281089966715,0.7214923717431638,0.7282369427474548
6258.96699652076,1.0,0.09185577531353285,0.7213923785924572,0.7281245301366294
6259.06999334693,1.0,0.09185871058882202,0.7212930693805445,0.7280126051058992
6259.15799327195,1.0,0.09186117341783023,0.721209512977688,0.7279182144295522
6259.26300175488,1.0,0.09186405932139585,0.721111331895339,0.7278070433695932
6259.36500281096,1.0,0.09186680881764109,0.7210175170471668,0.7277005514869811
6259.46699380875,1.0,0.09186950652693528,0.7209252061925908,0.7275955124618877
6259.5700006932,1.0,0.09187218016823524,0.7208334597100098,0.7274908625245986
6259.6600022167,1.0,0.09187447538460167,0.7207544913588074,0.727400583709382
6259.76099744439,1.0,0.09187700672778691,0.7206671749003823,0.7273005391065895
6259.86500009894,1.0,0.09187956583345422,0.7205786609551432,0.7271988827419258
6259.96799692512,1.0,0.09188205377370552,0.7204923752304423,0.7270995504656527
6260.06900221109,1.0,0.0918844498958599,0.720409054966933,0.7270034095997832
6260.16200110316,1.0,0.09188661878354809,0.7203334503124516,0.7269159808742304
6260.26499792933,1.0,0.09188898015649369,0.7202509340905762,0.7268203508820564
6260.36499738693,1.0,0.09189123287859709,0.7201720172381985,0.726728686341656
6260.46999581158,1.0,0.09189355693642562,0.7200903983001399,0.7266336693215973
6260.56899949908,1.0,0.09189571056204947,0.7200145800241401,0.7265452088013358
6260.66100262105,1.0,0.09189767985145023,0.7199450949716298,0.7264639699315212
6260.76499521732,1.0,0.09189986947703149,0.7198676593366893,0.7263732450495369
6260.86399890482,1.0,0.09190191911881833,0.7197950053260733,0.7262879381947339
6260.96899732947,1.0,0.09190405654239624,0.7197190648944132,0.726198580264068
6261.06100045145,1.0,0.09190589940629806,0.7196534458706311,0.7261212077180945
6261.15999408066,1.0,0.09190785170588156,0.719583783941322,0.726038904773584
6261.2650025636,1.0,0.09190988878263896,0.7195109360921286,0.7259526564006182
6261.36799938977,1.0,0.09191185382704131,0.7194405086573705,0.7258690960209329
6261.46799884737,1.0,0.09191373113881766,0.7193730817387807,0.725788930625408
6261.56000196934,1.0,0.09191543235794289,0.7193118576031671,0.7257159989372796
6261.66500039399,1.0,0.09191734415038878,0.7192429164026761,0.7256337127570534
6261.7639940232,1.0,0.09191911825108022,0.719178808500368,0.7255570406448726
6261.86900250614,1.0,0.09192097077408803,0.7191117305694134,0.7254766555821536
6261.96099556983,1.0,0.09192256939574713,0.7190537338428664,0.725407019853411
6262.05899342895,1.0,0.09192424792826827,0.7189927257748135,0.7253336332020979
6262.16499768198,1.0,0.09192603585043799,0.718927614873347,0.725255157416804
6262.26999610662,1.0,0.0919277790470751,0.718864006183368,0.7251783379620351
6262.36699819565,1.0,0.09192936549611494,0.7188060082119451,0.7251081607518858
6262.45999708772,1.0,0.0919308653112848,0.7187510817064188,0.7250415816433928
6262.56499551237,1.0,0.09193253429013595,0.7186898504449123,0.7249672237179325
6262.6709997654,1.0,0.09193419364116008,0.7186288577456804,0.7248930116040018
6262.76800185442,1.0,0.09193569001097554,0.7185737573041225,0.7248258442922169
6262.87199445069,1.0,0.09193727126752936,0.7185154289133068,0.7247546117315935
6262.9800003022,1.0,0.09193888901127928,0.7184556463069701,0.7246814638858621
6263.06399703026,1.0,0.09194013022573919,0.7184097037907552,0.7246251538610734
6263.16899545491,1.0,0.09194166141498436,0.7183529392677347,0.7245554633361488
6263.27599547803,1.0,0.09194319900982957,0.7182958386789399,0.7244852297578253
6263.36000226438,1.0,0.09194439041920187,0.7182515263756759,0.7244306351180944
6263.46000172198,1.0,0.09194579093691574,0.7181993613056874,0.724366263587529
6263.55699375272,1.0,0.09194713115955874,0.7181493619071984,0.7243044593555398
6263.66999857128,1.0,0.0919486705731305,0.7180918349345795,0.7242332223728519
6263.76900225878,1.0,0.09195000018348588,0.7180420660091783,0.7241714815581676
6263.86499851942,1.0,0.09195127274174902,0.7179943608942956,0.724112203893639
6263.95999900997,1.0,0.09195251625585897,0.7179476764399305,0.7240541019047434
6264.06400166452,1.0,0.09195385987885732,0.7178971575098312,0.723991123843858
6264.17499482632,1.0,0.09195527378465373,0.7178439100247522,0.723924626757665
6264.26899954677,1.0,0.09195645544503507,0.7177993421687981,0.7238688752944995
6264.35999684036,1.0,0.09195758576664638,0.7177566562947649,0.7238153965907667
6264.46499526501,1.0,0.0919588737381349,0.7177079499950456,0.723754277791196
6274.48900043964,-1.0,0.09322857166476085,0.7083920744643536,0.7118718562106167
6284.48199592531,-1.0,0.09323621515783936,0.7035930040143333,0.7050969458737824
6294.48599517345,-1.0,0.09325505807620883,0.7001410871356336,0.7001661878328923
6297.80200012028,-1.0,0.09326438047786706,0.6987665165314176,0.6991938540208454
6298.8170016557,-1.0,0.0921235512525226,0.69950812894451,0.6999063268429195
6299.81899783015,-1.0,0.09212607801133,0.7001271445478037,0.7004888876167965
6300.81599503756,-1.0,0.09212867019531018,0.7006534137065108,0.700973177693988
6301.81399807334,-1.0,0.09213080919090029,0.7011076915729405,0.701382502023654
6302.81599424779,-1.0,0.0921325418403221,0.7015040798888845,0.7017328243116213
6303.80800254643,-1.0,0.09213393761120195,0.7018479162703304,0.7020314022535943
6304.81599345803,-1.0,0.09213511424509298,0.7021531721882128,0.7022947601738565
6305.81599809229,-1.0,0.09213610311465378,0.702417935338286,0.7025232533357162
6306.8119995296,-1.0,0.09213695156003278,0.702649422371869,0.7027239076149389
6307.82000049949,-1.0,0.09213770255588598,0.7028555083077683,0.702904076297959
6308.81899930537,-1.0,0.09213836327615771,0.7030352170555103,0.7030857469226572
6309.80599857867,-1.0,0.092138949160716,0.7031913068446541,0.7032623595584981
6310.8099963516,-1.0,0.09213948717502926,0.7033304931801215,0.7034262660633507
6311.81900314987,-1.0,0.09213997750838711,0.7034526223264246,0.7035770106528632
6312.81800195575,-1.0,0.09214042031961363,0.7035593452743241,0.703714132866724
6313.80799859762,-1.0,0.09214082210583559,0.7036557486095852,0.7038394985884653
6314.81300219893,-1.0,0.09214119583929406,0.703745470695246,0.7039572459489706
6315.80899357796,-1.0,0.0921415353427807,0.7038272264269843,0.7040654895238563
6316.8200019747,-1.0,0.09214185131632815,0.7039037383313936,0.7041676569319217
6317.8089927882,-1.0,0.0921421347311228,0.7039729477985797,0.7042608323773847
6318.81500221789,-1.0,0.09214239869979128,0.7040382239611637,0.7043494051704756
6319.80799622834,-1.0,0.09214263678888071,0.7040980946414658,0.7044312602658588
6320.8189945668,-1.0,0.09214285777977584,0.7041548506963999,0.7045094231775934
6321.80799543858,-1.0,0.0921430544885458,0.7042066582684571,0.70458126839375
6322.80800007284,-1.0,0.09214323493985925,0.7042556511252132,0.7046496595376505
6323.8189984113,-1.0,0.0921433997627985,0.7043020259171976,0.7047148080362465
6324.82099458575,-1.0,0.09214354664972033,0.704345129785081,0.7047757273814674
6325.81600025296,-1.0,0.09214367750789837,0.7043853569294414,0.7048329030854015
6326.80899426341,-1.0,0.09214379395780005,0.7044231546178309,0.7048869111300688
6327.80799306929,-1.0,0.09214389800375491,0.7044590041645461,0.7049383913838229
6328.80999930203,-1.0,0.09214398977055506,0.7044929412074551,0.7049873536658011
6329.81800027192,-1.0,0.09214407048641006,0.704525197787909,0.7050340949485888
6330.80799691379,-1.0,0.0921441390391124,0.7045551780565023,0.7050777123391982
6331.82000108063,-1.0,0.09214419934759069,0.7045842121512577,0.705120109446671
6332.80799612403,-1.0,0.09214424858281615,0.7046110980300038,0.705159502138534
6333.80599915981,-1.0,0.09214429046111422,0.704636896150501,0.7051974157353504
6334.80799533427,-1.0,0.09214432367490044,0.7046615174899069,0.7052336991317062
6335.8109973371,-1.0,0.09214435027607794,0.7046849657043237,0.7052683383859121
6336.81899830699,-1.0,0.09214436973735234,0.704707405395364,0.7053015587676817
6337.81000077724,-1.0,0.0921443839736531,0.7047284394505633,0.7053327551545819
6338.80899958313,-1.0,0.09214439079270076,0.7047486783747313,0.7053628184061788
6339.80999998748,-1.0,0.0921443949449841,0.7047680469582311,0.7053916254253457
6340.81599935889,-1.0,0.09214439057397361,0.7047866505509749,0.7054193224699697
6341.80899336934,-1.0,0.09214438742028912,0.7048042181251116,0.7054454963565995
6342.81899593771,-1.0,0.09214437607357236,0.7048213314059093,0.7054710045726843
6343.80900263786,-1.0,0.0921443628459781,0.704837398991432,0.7054949605025885
6344.80999298394,-1.0,0.09214434336648056,0.704852973851206,0.7055181824574676
6345.8090018481,-1.0,0.09214432571138434,0.7048678863167824,0.7055404117886163
6346.80800065398,-1.0,0.09214429972243225,0.7048822050669179,0.7055617462317675
6347.8230021894,-1.0,0.09214427916768866,0.7048961795912385,0.7055825534918677
6357.85300210118,-1.0,0.09214394605133018,0.7050090357759974,0.7057493575949083
6367.8400028497,-1.0,0.09214357209656941,0.7050888127388903,0.7058644225811943
6377.83799730241,-1.0,0.09214315874890937,0.7051476659082946,0.705946333057308
6387.83499598503,-1.0,0.09214271564725394,0.7051928904400596,0.7060067500916954
6397.8369936347,-1.0,0.09214236756550348,0.705228329330052,0.7060519380926488
6407.84600190818,-1.0,0.09214210514807111,0.7052567050783315,0.7060863405796004
6417.8439963609,-1.0,0.09214190511292306,0.7052798086422297,0.7061128778214533
6427.83500030637,-1.0,0.09214174832447734,0.7052989395252448,0.7061336176773483
6437.84499429166,-1.0,0.09214162187200645,0.7053150539348346,0.7061500357023754
6447.84700199962,-1.0,0.09214151806889248,0.7053287699830642,0.7061631059322641
6457.83900171518,-1.0,0.0921414314548384,0.7053405858410833,0.706173581586668
6467.846994102,-1.0,0.09214135801538964,0.7053509046526993,0.7061820427497009
6477.844998613,-1.0,0.09214129519653332,0.7053599844268122,0.7061888833020864
6487.84699626267,-1.0,0.09214124084421695,0.7053680609372676,0.7061944332373479
6497.84399494529,-1.0,0.09214119343877517,0.7053753009369725,0.7061989339447484
6507.84499682486,-1.0,0.09214115171904627,0.7053818488451887,0.7062025819862322
6517.83800236881,-1.0,0.09214111477366776,0.7053878072656441,0.7062055250493703
6527.84200161695,-1.0,0.0921410817697077,0.7053932761380324,0.7062078891863006
6537.8369987011,-1.0,0.09214105215879866,0.7053983165938307,0.7062097663280931
6547.83599898219,-1.0,0.09214102539926146,0.7054029946926493,0.7062112375926529
6557.83499926329,-1.0,0.09214100109378083,0.7054073571764272,0.7062123659002764
6567.83600114286,-1.0,0.09214097889990198,0.7054114454073487,0.7062132036369755
6577.83799879253,-1.0,0.09214095853989501,0.7054152927812827,0.7062137936760069
6587.8390006721,-1.0,0.09214093978296767,0.7054189270585894,0.706214171608601
6597.8470031172,-1.0,0.09214092241833186,0.7054223751018406,0.7062143673304583
6607.84099437296,-1.0,0.09214090631449737,0.7054256503557664,0.7062144055065263
6617.83699728549,-1.0,0.09214089130246622,0.7054287758665485,0.7062143073975207
6627.84599550068,-1.0,0.09214087724755285,0.7054317697804899,0.7062140902942813
6637.84100264311,-1.0,0.0921408640843664,0.7054346370102883,0.7062137697965698
6647.83499389887,-1.0,0.09214085170510619,0.705437392779319,0.7062133584825467
6657.84499794245,-1.0,0.09214084001366699,0.7054400513253781,0.7062128663801318
6667.84100085497,-1.0,0.09214082897874758,0.7054426131952327,0.7062123043096581
6677.84000113606,-1.0,0.09214081852244378,0.7054450904005385,0.7062116794973219
6687.83900141716,-1.0,0.09214080859754219,0.7054474887685913,0.7062109990683944
6697.84699380398,-1.0,0.09214079915109093,0.7054498162053672,0.70621026838458
6707.85499624908,-1.0,0.09214079015300103,0.7054520757253803,0.7062094932974786
6717.83799380064,-1.0,0.09214078158945857,0.7054542665547237,0.7062086804855439
6727.83699408174,-1.0,0.0921407733939598,0.7054564019032,0.7062078306608851
6737.83499859273,-1.0,0.09214076555387087,0.7054584817194041,0.7062069487054057
6747.84699417651,-1.0,0.09214075803362946,0.7054605123610072,0.7062060363363292
6757.83999972045,-1.0,0.09214075083582932,0.7054624901945832,0.7062050993128481
6767.83799417317,-1.0,0.09214074392278936,0.7054644228070956,0.7062041378645512
6777.84599661827,-1.0,0.09214073727387938,0.705466313551188,0.7062031536037536
6787.83900216222,-1.0,0.0921407308894249,0.7054681600017029,0.7062021509188325
6797.83800244331,-1.0,0.09214072474102747,0.7054699681684403,0.7062011294409966
6807.83599689603,-1.0,0.09214071881989742,0.705471738656069,0.7062000914013508
6817.83900037408,-1.0,0.09214071311035003,0.705473474257118,0.7061990375412107
6827.83699482679,-1.0,0.09214070760712827,0.7054751748465641,0.706197970154704
6837.8449972719,-1.0,0.0921407022917644,0.7054768444450412,0.7061968887472007
6847.85099811852,-1.0,0.09214069716143568,0.7054784823952857,0.7061957956163845
6857.83700309694,-1.0,0.0921406922162451,0.7054800871376239,0.7061946936863683
6867.84699708223,-1.0,0.09214068742635641,0.7054816669170686,0.7061935789336606
6877.84399576485,-1.0,0.09214068280223071,0.7054832169671278,0.7061924562261915
6887.83499971032,-1.0,0.09214067833344682,0.7054847394925505,0.7061913255022187
6887.85999454558,-1.0,0.09214067832245387,0.7054847432689905,0.7061913226630993
6887.98299729824,-1.0,0.09214067826836662,0.7054847618510106,0.70619130869071
6888.08400258422,-1.0,0.09214067822396395,0.7054847771070025,0.7061912972162118
6888.17799724638,-1.0,0.09214067818265563,0.7054847913017493,0.7061912865374036
6888.27799670398,-1.0,0.09214067813872151,0.7054848064008321,0.7061912751756051
6888.37900198996,-1.0,0.09214067809435927,0.7054848216491839,0.7061912636987089
6888.48499618471,-1.0,0.09214067804782075,0.7054848376478778,0.7061912516540565
6888.58600147069,-1.0,0.09214067800348687,0.7054848528908684,0.7061912401754776
6888.68600092828,-1.0,0.09214067795960812,0.7054848679794898,0.7061912288103954
6888.77899982035,-1.0,0.09214067791881334,0.7054848820095158,0.7061912182402152
6888.88100087643,-1.0,0.09214067787408316,0.7054848973950785,0.7061912066460558
6888.9830019325,-1.0,0.09214067782937063,0.705484912777988,0.7061911950510683
6889.08899612725,-1.0,0.09214067778292873,0.7054849287603058,0.7061911830012882
6889.17699605227,-1.0,0.09214067774438472,0.7054849420271797,0.706191172996476
6889.27699550986,-1.0,0.09214067770060011,0.7054849571007036,0.7061911616266728
6889.38199393451,-1.0,0.09214067765464434,0.7054849729250048,0.7061911496876356
6889.48399499059,-1.0,0.09214067761001797,0.7054849882948788,0.7061911380885779
6889.58599604666,-1.0,0.0921406775654091,0.7054850036620984,0.7061911264886916
6889.67399597168,-1.0,0.09214067752693765,0.7054850169178111,0.7061911164803932
6889.78000022471,-1.0,0.09214067748061285,0.7054850328829526,0.7061911044236308
6889.8809954524,-1.0,0.09214067743649525,0.7054850480910284,0.7061910929357563
6889.98299650848,-1.0,0.09214067739194992,0.705485063447928,0.7061910813326513
6890.07599540055,-1.0,0.09214067735134257,0.7054850774471899,0.7061910707528679
6890.17700068653,-1.0,0.09214067730725262,0.7054850926491726,0.7061910592614812
6890.27400277555,-1.0,0.09214067726492303,0.7054851072462045,0.7061910482247787
6890.38299433887,-1.0,0.09214067721737636,0.7054851236445775,0.7061910358230499
6890.48499539495,-1.0,0.09214067717289331,0.705485138988456,0.7061910242158935
6890.58199748397,-1.0,0.0921406771306028,0.7054851535778945,0.7061910131768296
6890.67899957299,-1.0,0.09214067708832423,0.7054851681649434,0.7061910021370233
6890.77999480069,-1.0,0.09214067704431776,0.7054851833499372,0.7061909906419699
6890.89500121772,-1.0,0.09214067699422157,0.7054852006384114,0.7061909775512154
6890.97499474883,-1.0,0.09214067695938971,0.7054852126615541,0.7061909684452338
6891.07600003481,-1.0,0.09214067691542578,0.7054852278404756,0.7061909569466821
6891.17899686098,-1.0,0.09214067687061032,0.7054852433160198,0.7061909452205855
6891.28199368715,-1.0,0.09214067682581042,0.705485258788876,0.7061909334936554
6891.38299897313,-1.0,0.09214067678189194,0.7054852739599408,0.7061909219926684
6891.48999899626,-1.0,0.09214067673538331,0.7054852900286014,0.7061909098082167
6891.5759973228,-1.0,0.09214067669801561,0.7054853029412451,0.7061909000146486
6891.67799837887,-1.0,0.09214067665370874,0.7054853182542724,0.706190888397925
6891.79600216448,-1.0,0.09214067660247013,0.7054853359664454,0.7061908749576622
6891.8849978596,-1.0,0.09214067656384102,0.7054853493222234,0.7061908648206109
6891.98600314558,-1.0,0.09214067652001258,0.7054853644778816,0.7061908533148578
6892.08899997175,-1.0,0.09214067647533442,0.7054853799297115,0.706190841581423
6892.18199886382,-1.0,0.0921406764350065,0.7054853938793263,0.7061908309862454
6892.28199832141,-1.0,0.09214067639165696,0.7054854088765734,0.7061908195927554
6892.39699468017,-1.0,0.09214067634182435,0.705485426119835,0.7061908064896231
6892.47600249946,-1.0,0.09214067630759828,0.7054854379648201,0.7061907974865684
6892.57600195706,-1.0,0.09214067626429175,0.7054854529546504,0.7061907860907907
6892.67799295485,-1.0,0.09214067622013782,0.7054854682404138,0.7061907744672596
6892.78399720788,-1.0,0.09214067617426264,0.7054854841248805,0.7061907623854972
6892.88500249386,-1.0,0.09214067613056617,0.7054854992576316,0.7061907508726776
6892.98599772155,-1.0,0.09214067608688768,0.705485514386307,0.7061907393602136
6893.080002442,-1.0,0.09214067604624414,0.7054855284655257,0.7061907286438892
6893.1809976697,-1.0,0.09214067600259182,0.705485543589245,0.7061907171299009
6893.28299872577,-1.0,0.09214067595851903,0.7054855588609799,0.7061907055004422
6893.37699338794,-1.0,0.09214067591791829,0.7054855729316709,0.7061906947831055
6893.47700290382,-1.0,0.0921406758747327,0.7054855879003272,0.7061906833792022
6893.57799813151,-1.0,0.09214067583113524,0.7054856030139673,0.7061906718621168
6893.68299655616,-1.0,0.0921406757858243,0.7054856187239579,0.7061906598876895
6893.78499761224,-1.0,0.09214067574182105,0.7054856339828283,0.7061906482542807
6893.88599283993,-1.0,0.09214067569826544,0.705485649088659,0.7061906367347993
6893.97900179029,-1.0,0.0921406756581667,0.7054856629977209,0.7061906261255361
6894.08100284636,-1.0,0.09214067561420569,0.7054856782490166,0.7061906144898055
6894.18199807405,-1.0,0.09214067557069236,0.7054856933473505,0.7061906029680268
6894.27400119603,-1.0,0.09214067553106554,0.7054857070991801,0.7061905924714084
6894.3760022521,-1.0,0.09214067548714629,0.7054857223429359,0.7061905808333688
6894.4760017097,-1.0,0.09214067544410295,0.7054857372850291,0.7061905694229326
6894.58199590445,-1.0,0.09214067539849456,0.7054857531201342,0.7061905573276313
6894.68199536204,-1.0,0.09214067535548015,0.7054857680570724,0.7061905459156188
6894.7850022465,-1.0,0.09214067531118686,0.7054857834406155,0.7061905341595981
6894.87699531019,-1.0,0.09214067527164227,0.7054857971770592,0.7061905236598829
6894.98000219464,-1.0,0.09214067522737968,0.70548581255558,0.7061905119023276
6895.08199319243,-1.0,0.09214067518357233,0.705485827779819,0.70619050025993
6895.17799951136,-1.0,0.09214067514235054,0.7054858421083484,0.7061904892999661
6895.27599737048,-1.0,0.09214067510028882,0.7054858567317324,0.7061904781119263
6895.37700265646,-1.0,0.0921406750569525,0.7054858718013798,0.7061904665797741
6895.48700004816,-1.0,0.09214067500977702,0.705485888209723,0.706190454020077
6895.58499790728,-1.0,0.09214067496776467,0.7054859028255498,0.7061904428297326
6895.68499736488,-1.0,0.09214067492491071,0.705485917737435,0.7061904314100742
6895.77999785542,-1.0,0.09214067488421458,0.7054859319015666,0.7061904205605802
6895.87999731302,-1.0,0.09214067484139356,0.7054859468085912,0.7061904091394416
6895.981002599,-1.0,0.09214067479815248,0.7054859618630274,0.7061903976026566
6896.08800262213,-1.0,0.09214067475235198,0.7054859778081856,0.7061903853803132
6896.17600254714,-1.0,0.09214067471469523,0.7054859909198106,0.7061903753276542
6896.27799354494,-1.0,0.09214067467106354,0.7054860061136374,0.7061903636759945
6896.37799300253,-1.0,0.09214067462829618,0.7054860210082676,0.7061903522510897
6896.48499302566,-1.0,0.09214067458254815,0.705486036942859,0.7061903400255365
6896.58500254154,-1.0,0.09214067453980106,0.7054860518338414,0.7061903285979204
6896.68500199914,-1.0,0.09214067449706977,0.7054860667208417,0.7061903171707004
6896.77899666131,-1.0,0.09214067445691464,0.705486080711639,0.7061903064289783
6896.88000194728,-1.0,0.09214067441377537,0.7054860957434995,0.7061902948853402
6896.99400253594,-1.0,0.09214067436510766,0.7054861127063123,0.7061902818555803
6897.07599766552,-1.0,0.09214067433012016,0.7054861249048519,0.7061902724832972
6897.17599712312,-1.0,0.09214067428746375,0.7054861397796655,0.7061902610523835
6897.27899394929,-1.0,0.09214067424354452,0.7054861550977429,0.706190249278057
6897.38200083375,-1.0,0.09214067419963719,0.7054861704146863,0.7061902375017849
6897.48299606144,-1.0,0.09214067415660322,0.7054861854299477,0.7061902259547237
6897.586998716,-1.0,0.09214067411230437,0.7054862008896918,0.7061902140630165
6897.67700023949,-1.0,0.0921406740739829,0.7054862142660404,0.7061902037715517
6897.77799546719,-1.0,0.09214067403099578,0.7054862292739256,0.706190192222261
6897.87900075316,-1.0,0.09214067398802075,0.7054862442807814,0.7061901806710581
6898.00000190735,-1.0,0.11072155331782867,0.7044244272719584,0.7049736022581667
6898.09099920094,-1.0,0.11073199916955116,0.7028456668698474,0.7031535378629091
6898.19899499416,-1.0,0.11074271395192646,0.7009863005570011,0.7010187569752236
6898.29099811614,-1.0,0.11075121653352922,0.6992214371165946,0.6994464270008668
6898.39599654078,-1.0,0.11076080477990893,0.6971937603125712,0.6977001337908203
6898.48799966276,-1.0,0.11076952925833611,0.6954372776753505,0.6961911673210991
6898.59499968588,-1.0,0.11078055859908864,0.6934178153499835,0.6944606725329796
6898.69900234044,-1.0,0.11079268401991119,0.6914785388952962,0.6928033470007893
6898.80699813366,-1.0,0.11080725255675429,0.6894889877807528,0.6911075880921591
6898.89999702573,-1.0,0.1108217836970935,0.6877951243648092,0.689667432569474
6898.9920001477,-1.0,0.11083826896427386,0.6861367918656375,0.6882606147851947
6899.08599480987,-1.0,0.11085755512811561,0.6844601734796826,0.6868413478424824
6899.19400066137,-1.0,0.11088311356936087,0.6825552966421959,0.685232455966405
6899.29799325764,-1.0,0.11091150546268945,0.6807427886983817,0.6837049523507631
6899.38799478114,-1.0,0.11093934030567677,0.6791910134644301,0.6823996293884418
6899.49699640274,-1.0,0.1109774328862503,0.6773323717455105,0.6808389075556244
6899.58899952471,-1.0,0.1110135860065774,0.6757810717295472,0.6795383215571443
6899.69100058079,-1.0,0.11105824660088696,0.6740797348465438,0.6781138244905479
6899.78899843991,-1.0,0.11110597598561146,0.6724633911174156,0.6767620192260387
6899.89300109446,-1.0,0.11116212168778224,0.6707674037889639,0.6753448507910589
6899.99699369073,-1.0,0.1112242575338559,0.6690914407185956,0.6739452648963136
6900.09399577975,-1.0,0.11128793312594033,0.6675459644778897,0.6726550037318971
6900.19799843431,-1.0,0.11136267448611405,0.6659080120255049,0.6712874549994025
6900.30299685895,-1.0,0.111445289700235,0.6642743541405318,0.6699228912282167
6900.3979973495,-1.0,0.11152655658890863,0.6628135448371073,0.6687017215028263
6900.48899464309,-1.0,0.11161048340524506,0.6614297091262263,0.6675436106876637
6900.60499683022,-1.0,0.1117265190957461,0.6596875291960488,0.6660831528586849
6900.68899355829,-1.0,0.11181715192480195,0.6584413994633666,0.6650363736821753
6900.79400204122,-1.0,0.11193861983489847,0.6569017836836558,0.6637399538695635
6900.91099999845,-1.0,0.11208510450714565,0.6552103491334458,0.6623108842016291
6900.99299512804,-1.0,0.11219505716782632,0.6540400797618657,0.6613186347736761
6901.10100097954,-1.0,0.11234942721273376,0.6525177058369221,0.6600228187349966
6901.19199827313,-1.0,0.1124881981501409,0.6512520418251917,0.6589405695262125
6901.29999406636,-1.0,0.11266360242257484,0.6497701900692312,0.6576669543826965
6901.39100141823,-1.0,0.11282073043830737,0.6485385741395064,0.6566024170431308
6901.4949940145,-1.0,0.1130110429831038,0.6471504939384879,0.6553953335133594
6901.58999450505,-1.0,0.11319521936476125,0.6459004538976761,0.6543009681320768
6901.69500298798,-1.0,0.11341057999432043,0.6445387787215432,0.6531001682047584
6901.79899558425,-1.0,0.11363636332031518,0.6432110474181862,0.6519197286652096
6901.89500190318,-1.0,0.11385611202379899,0.642003609223636,0.6508373173030653
6902.00099609792,-1.0,0.1141115921840244,0.6406909300202707,0.6496501498525504
6902.09199339151,-1.0,0.11434189432281637,0.6395809517482313,0.64863724158455
6902.20099501312,-1.0,0.11463132092562431,0.638271846762167,0.6474312402146462
6902.29299813509,-1.0,0.11488726545788314,0.6371841052224148,0.6464192692720659
6902.39700078964,-1.0,0.11518958241576613,0.6359732167514791,0.645281617127968
6902.49299705029,-1.0,0.11548096378601931,0.634872925247475,0.6442372704578025
6902.59699970484,-1.0,0.11581009446817514,0.6336993413794497,0.6431118155138384
6902.70100235939,-1.0,0.11615325478205184,0.6325445346378796,0.6419924086689345
6902.79699862003,-1.0,0.11648245510802376,0.6314948966203222,0.6409644005791509
6902.88900174201,-1.0,0.11680915596244539,0.6305031665469307,0.6399837658972735
6902.99400016665,-1.0,0.11719531479985819,0.6293878496923198,0.6388700504992592
6903.0890006572,-1.0,0.11755682874219128,0.628393394034511,0.6378673109176642
6903.19499485195,-1.0,0.11797360327546678,0.6272996435303771,0.6367540262693268
6903.2989975065,-1.0,0.11839608428079261,0.6262419148549934,0.6356672948222771
6903.39399799705,-1.0,0.1187934824590545,0.6252885405047631,0.6346795132987464
6903.49899642169,-1.0,0.11924514610020111,0.6242483232580399,0.6335932593104144
6903.59099954367,-1.0,0.11965134605624238,0.6233478850301438,0.6326462433022102
6903.69899533689,-1.0,0.120140177968809,0.6223033440509891,0.6315404030922803
6903.79199422896,-1.0,0.1205711343511562,0.6214139627801407,0.6305932392642783
6903.89599688351,-1.0,0.12106354777530748,0.6204297102065033,0.6295397365087847
6904.00200113654,-1.0,0.12157623521943203,0.6194370182711915,0.6284723147079794
6904.09399420023,-1.0,0.12202946580344169,0.6185835193666238,0.6275513110886419
6904.18899469078,-1.0,0.12250508355691754,0.617709345184729,0.6266055226761693
6904.29399311543,-1.0,0.12303906408637737,0.6167510659163332,0.6255666318086311
6904.39799576998,-1.0,0.12357581738974134,0.6158093901218219,0.6245444151404154
6904.4940020889,-1.0,0.12407752166853526,0.6149461991031825,0.6236069576585509
6904.59799468517,-1.0,0.12462693396837009,0.6140171986374962,0.6225983394380604
6904.68900203705,-1.0,0.12511216734560807,0.6132088828074747,0.6217215964879094
6904.79799360037,-1.0,0.1256978467115919,0.6122460620496943,0.6206790165399815
6904.88999672234,-1.0,0.12619539137869773,0.6114373495015579,0.6198053355846371
6904.99600097537,-1.0,0.1267675758194965,0.6105098942745834,0.6188062574342033
6905.09199723601,-1.0,0.12729402833471698,0.6096737884326849,0.6179092009803026
6905.19800148904,-1.0,0.12786860543922285,0.6087539839098453,0.6169263874425822
6905.28899878263,-1.0,0.12836889278110492,0.6079667800908324,0.6160889518651305
6905.39300143719,-1.0,0.1289362779096573,0.6070692022905296,0.6151383006958412
6905.48999346793,-1.0,0.12946400967028626,0.6062343571273198,0.6142588757057743
6905.59500195086,-1.0,0.1300329787822321,0.6053326898113096,0.613314561374342
6905.69899454713,-1.0,0.1305931723415193,0.604441739129789,0.6123873778015299
6905.79500086606,-1.0,0.1311067412391165,0.6036207697218294,0.6115384654360281
6905.8999992907,-1.0,0.13165964062412253,0.6027248235594235,0.6106186127284374
6905.9909965843,-1.0,0.13214114343365033,0.6019494554733391,0.6098278532136472
6906.0999982059,-1.0,0.13270377602527944,0.6010219448463614,0.6088881939949112
6906.19200132787,-1.0,0.13317965296317028,0.6002400225036268,0.6081015921197824
6906.29599392414,-1.0,0.1337027449136341,0.5993571791760638,0.6072198093019633
6906.39200024307,-1.0,0.1341856218512346,0.5985429715580652,0.6064125898426791
6906.49699866772,-1.0,0.13469778351652092,0.5976533432953595,0.60553722033593
6906.60100132227,-1.0,0.13519959160642314,0.5967731633948379,0.6046779401806781
6906.69299438596,-1.0,0.13563939994187318,0.5959950296110035,0.6039239522741833
6906.78900070488,-1.0,0.1360865542361476,0.5951833095340777,0.6031430701728052
6906.89399912953,-1.0,0.13656578023044402,0.5942961789377181,0.6022961798053204
6906.99899755418,-1.0,0.13703068120180278,0.5934098836183056,0.6014568499982577
6907.09499381483,-1.0,0.13745327715827924,0.5926000759812372,0.6006958355110144
6907.20000229776,-1.0,0.13789736198641436,0.5917147645677577,0.5998702341225768
6907.29099959135,-1.0,0.13827999455290316,0.5909480012980907,0.5991605092095293
6907.39899538457,-1.0,0.13871511784495166,0.5900384957618822,0.5983249985116242
6907.49099850655,-1.0,0.13908304964980805,0.5892640842628103,0.5976190879776596
6907.5950011611,-1.0,0.13948444078960187,0.5883888901890708,0.596827023231854
6907.69000165164,-1.0,0.1398374899336794,0.587590078041525,0.5961095731349754
6907.79500007629,-1.0,0.14022083580944827,0.5867078346622324,0.5953228916350413
6907.90099427104,-1.0,0.1405962946186359,0.5858176801067149,0.5945353122735614
6908.01899805665,-1.0,0.12204947990546552,0.5860285373622789,0.5946929470601181
6908.10799375176,-1.0,0.12160672746112133,0.5870785448046663,0.595577613372942
6908.20999480784,-1.0,0.12109690701608565,0.588264763675067,0.5965711886158143
6908.31599906087,-1.0,0.12056475924876889,0.5894777200689543,0.5975812149676771
6908.41599851847,-1.0,0.12006120128655731,0.5906032037130996,0.5985136479831531
6908.51699374616,-1.0,0.11955176459672644,0.5917211771353764,0.5994359434036324
6908.61000269651,-1.0,0.11908239591068585,0.5927339286782453,0.6002686056222583
6908.71099792421,-1.0,0.11857314680097876,0.5938152126684533,0.6011552298381101
6908.8119931519,-1.0,0.11806498044005773,0.5948771669649253,0.6020242139957778
6908.91899317503,-1.0,0.11752846784110871,0.5959810504359451,0.6029263316872273
6909.00699310005,-1.0,0.11708921211757944,0.5968725112683225,0.603654432029858
6909.10799838603,-1.0,0.1165878677812399,0.5978774471133506,0.6044752550400877
6909.2099994421,-1.0,0.11608523969937261,0.5988724793363449,0.6052885748245125
6909.31599363685,-1.0,0.11556746489621211,0.5998854388137627,0.6061177246796238
6909.41600315273,-1.0,0.11508376691307624,0.6008216689930533,0.6068855998802704
6909.52100157738,-1.0,0.11458155541936738,0.6017843568593921,0.6076771636299609
6909.60999727249,-1.0,0.11416083987789925,0.6025842408467126,0.6083367157793763
6909.71199832857,-1.0,0.11368452060555241,0.6034831084637968,0.6090802553876291
6909.81600098312,-1.0,0.11320587196086213,0.6043801689596823,0.609825117323807
6909.90600250661,-1.0,0.11279765798257711,0.6051408456541599,0.6104591770984765
6910.00799350441,-1.0,0.11234213344934771,0.6059856196775731,0.6111662037802705
6910.12500151992,-1.0,0.11182921026294437,0.6069326170949707,0.6119626638439408
6910.21499298513,-1.0,0.111441941350347,0.6076451902825092,0.6125648576774785
6910.31599827111,-1.0,0.1110149633719817,0.6084290101101746,0.613230295015699
6910.41099876165,-1.0,0.11062095134456973,0.6091511632799513,0.6138463223757381
6910.51000244915,-1.0,0.11021824457876897,0.6098885579124109,0.6144783880894988
6910.61099767685,-1.0,0.10981592975911846,0.6106251937335081,0.6151129622274335
6910.71999929845,-1.0,0.10939141388934163,0.6114030110231501,0.6157865420422927
6910.80599762499,-1.0,0.10906355439824478,0.6120043904513863,0.6163098707705463
6910.90799868107,-1.0,0.10868295855274002,0.612703992163491,0.6169215057608974
6911.02999560535,-1.0,0.10823931001526785,0.6135217835935908,0.6176403892482067
6911.11499816179,-1.0,0.10793770730133813,0.6140797253448216,0.6181333010914943
6911.21699921787,-1.0,0.10758384532419843,0.6147367503039073,0.6187163147814072
6911.31699867547,-1.0,0.10724538560222796,0.615368007741826,0.6192790884592395
6911.41099333763,-1.0,0.10693484444228055,0.6159500610305706,0.6198002782242059
6911.51100285351,-1.0,0.10661239358818024,0.6165576731476855,0.6203466872169286
6911.61999441683,-1.0,0.10627024672388126,0.6172065282438637,0.6209328066708616
6911.71800233424,-1.0,0.10597068434940805,0.6177784710580698,0.6214516825621713
6911.80600225925,-1.0,0.10570816746544424,0.6182829735492124,0.621911098762401
6911.90799325705,-1.0,0.10541141233225926,0.6188572809970968,0.6224360301664398
6912.01399751008,-1.0,0.10511137499482118,0.6194426787136024,0.6229732104616429
6912.11500279605,-1.0,0.10483328075517911,0.6199898747517152,0.6234772390723909
6912.21699379385,-1.0,0.10456003530436851,0.6205322235423433,0.6239785921065119
6912.3100027442,-1.0,0.1043173371317947,0.6210181249562144,0.6244292592951358
6912.41099797189,-1.0,0.10406065259771587,0.6215366285389524,0.6249116954322878
6912.51199319959,-1.0,0.10381094015397006,0.6220458912179341,0.6253870486174355
6912.61700168252,-1.0,0.10355852149184919,0.6225658818051713,0.6258739264394243
6912.71799691021,-1.0,0.10332251577598575,0.6230570978051553,0.6263352439646769
6912.80599683523,-1.0,0.10312215335797906,0.6234781881118711,0.6267317473292388
6912.91299685836,-1.0,0.10288498301635622,0.6239817457456986,0.6272071406661698
6913.01499791443,-1.0,0.10266531435201554,0.624453364974036,0.627653582283323
6913.11599314213,-1.0,0.10245381777232204,0.6249124730709579,0.6280892641807581
6913.20999786258,-1.0,0.10226218775994682,0.6253329468287109,0.6284892062252809
6913.30999732018,-1.0,0.10206371743130602,0.6257731802266757,0.6289088556469331
6913.41100260615,-1.0,0.10186872898789427,0.6262106337560793,0.6293267655326521
6913.5169968009,-1.0,0.10166985639051114,0.6266621157274578,0.6297589994473372
6913.60499672592,-1.0,0.10150909650188925,0.6270311981053761,0.6301130267202913
6913.70699778199,-1.0,0.10132755853005977,0.6274526315647072,0.6305179995661059
6913.81199620664,-1.0,0.1011459164745095,0.6278794755597841,0.6309289458954539
6913.91499303281,-1.0,0.10097273476934035,0.6282914909849934,0.6313263290454256
6914.01599831879,-1.0,0.1008075635312489,0.62868926109486,0.6317106210588384
6914.10899721086,-1.0,0.10065944680681471,0.6290501338411144,0.63205980224326
6914.21099826694,-1.0,0.10050123286163595,0.629440159312385,0.632437749842885
6914.31199349463,-1.0,0.100348818943944,0.6298205179263648,0.6328068749229606
6914.41599614918,-1.0,0.10019614087192974,0.6302062957009903,0.6331817918699408
6914.50599767268,-1.0,0.10006741650448057,0.630535418064268,0.6335020558412652
6914.60700295866,-1.0,0.09992659838578577,0.6308996788968159,0.6338569388291057
6914.70899395645,-1.0,0.09978820336800151,0.6312621426493258,0.6342105022494796
6914.812996611,-1.0,0.0996508899664347,0.631626344212671,0.6345661806796571
6914.91499766707,-1.0,0.09951984363059974,0.6319783499252443,0.6349103367666955
6915.01900032163,-1.0,0.09938980088515627,0.6323320997885477,0.6352565674291261
6915.11099338531,-1.0,0.099277687604323,0.6326407539709498,0.6355589514239829
6915.2110029012,-1.0,0.09915881324040307,0.6329718789096592,0.635883641309186
6915.30299596488,-1.0,0.09905215464064239,0.6332724739427514,0.636178647413974
6915.40599279106,-1.0,0.09893570104616627,0.6336045852193429,0.6365048541850415
6915.50699807703,-1.0,0.09882444495428129,0.6339258149961318,0.6368206342019567
6915.61699546874,-1.0,0.09870650473822412,0.6342707347068148,0.6371599749027753
6915.71399755776,-1.0,0.09860520316399149,0.6345707523883193,0.6374553596177519
6915.81500284374,-1.0,0.09850233560905731,0.6348791037042124,0.6377591542205844
6915.93200080097,-1.0,0.09838640830850504,0.6352312273894536,0.638106317574345
6916.01099856198,-1.0,0.09831003685984727,0.6354659797867985,0.6383379014410328
6916.11199378967,-1.0,0.09821456945634831,0.635762644270535,0.6386307139969247
6916.22400283813,-1.0,0.09811143768603929,0.6360872161049835,0.6389512567867711
6916.30599796772,-1.0,0.09803771091699297,0.6363219103190698,0.6391831530458457
6916.40599742532,-1.0,0.0979497449025889,0.6366048790769718,0.6394628711264247
6916.50599688292,-1.0,0.09786390812109445,0.6368843352375753,0.6397392418927105
6916.61400273442,-1.0,0.0977735069976866,0.637182299706648,0.6400340462592757
6916.71499796212,-1.0,0.09769107354869155,0.6374573648539374,0.6403063060863741
6916.81699901819,-1.0,0.09760981128047143,0.6377317498286037,0.6405779932143549
6916.90999791026,-1.0,0.09753741771309249,0.6379789811408324,0.6408228746302675
6917.01099313796,-1.0,0.0974605776413578,0.6382443566362813,0.6410858079016384
6917.12499372661,-1.0,0.09737599960745158,0.6385400862038105,0.6413789073297885
6917.20600314438,-1.0,0.09731724959826209,0.6387478181458268,0.641584845274504
6917.30699837208,-1.0,0.09724553332189001,0.6390040415375324,0.6418389124648787
6917.41599999368,-1.0,0.0971699812954394,0.6392772047447237,0.6421098406336871
6917.51300208271,-1.0,0.09710431283641856,0.6395174090667426,0.6423481290364744
6917.6139973104,-1.0,0.09703746336724803,0.6397646662274529,0.642593458093581
6917.72700212896,-1.0,0.09696445070177419,0.6400379623838718,0.6428646694833929
6917.80899725854,-1.0,0.0969126215330472,0.6402340796453764,0.6430593175792829
6917.91000254452,-1.0,0.09685006611048584,0.6404731868084036,0.6432966601486368
6918.01799833775,-1.0,0.09678471328864288,0.6407258688623616,0.6435475047464054
6918.11899356544,-1.0,0.09672498825859886,0.6409594422315619,0.6437794005045887
6918.20699349046,-1.0,0.09667401452154259,0.6411608486456388,0.6439793734469809
6918.30799877644,-1.0,0.0966166989952149,0.6413896372064984,0.6442065451506173
6918.41299720109,-1.0,0.09655842973322078,0.6416248171939954,0.6444400721056202
6918.51400248706,-1.0,0.09650360323677168,0.6418485461585866,0.6446622335319346
6918.61499771476,-1.0,0.09644995210852232,0.6420698380292497,0.644881976618023
6918.70799660683,-1.0,0.09640155616557915,0.6422715093580701,0.6450822354010481
6918.80900189281,-1.0,0.09635005946318229,0.6424883000490965,0.645297503932664
6918.9099971205,-1.0,0.09629964430869994,0.6427027769637422,0.6455104666759535
6919.0189987421,-1.0,0.09624640850695815,0.6429317281233893,0.6457377898245094
6919.1180024296,-1.0,0.09619908535931093,0.6431374433182434,0.6459420293613289
6919.20600235462,-1.0,0.09615782372790349,0.6433185367000998,0.6461218116320627
6919.31199654937,-1.0,0.0961091013198758,0.6435344994143202,0.6463361935532838
6919.41300183535,-1.0,0.09606363502595289,0.6437381397430767,0.6465383220335695
6919.51500289142,-1.0,0.09601865114816478,0.64394168485689,0.646740333697867
6919.62000131607,-1.0,0.09597329665528676,0.6441490408261268,0.6469461020569863
6919.70899701118,-1.0,0.09593559149849164,0.6443230970484576,0.6471188039781613
6919.81000229716,-1.0,0.09589359618773755,0.6445187856599048,0.6473129441432605
6919.91000175476,-1.0,0.09585283061548622,0.6447106149275691,0.6475032258547677
6920.01799754798,-1.0,0.09580969117820592,0.6449156814527491,0.6477066038532437
6920.11900283396,-1.0,0.09577015532807412,0.6451055306869325,0.6478948561989017
6920.21200172603,-1.0,0.09573442952922992,0.6452786962557137,0.6480665352592696
6920.31400278211,-1.0,0.09569597135532168,0.6454668506575001,0.6482530398653881
6920.4140022397,-1.0,0.09565898537730348,0.6456495409013856,0.6484340914255754
6920.5159932375,-1.0,0.09562197773462199,0.6458340896341523,0.6486169464129808
6920.60799635947,-1.0,0.09558919887972,0.6459990469054671,0.6487803555419853
6920.70900164545,-1.0,0.09555385768835309,0.6461785105230445,0.6489580965893189
6920.80699950457,-1.0,0.09552019760632487,0.6463510209976091,0.6491289117795915
6920.91699689627,-1.0,0.09548313439763668,0.6465427966882995,0.6493187553289792
6921.01800218225,-1.0,0.0954497543187756,0.646717190583404,0.6494913470927957
6921.11999318004,-1.0,0.09541666708784623,0.6468916566598393,0.6496639655584561
6921.21300213039,-1.0,0.0953870227597012,0.6470493514904329,0.649819950484207
6921.31399735808,-1.0,0.0953553908999872,0.6472190900273895,0.649987804686841
6921.4119952172,-1.0,0.09532524010560016,0.6473823227861321,0.6501491810352561
6921.50800153613,-1.0,0.09529620777038798,0.6475408564043369,0.6503058687559041
6921.60800099373,-1.0,0.09526648758982594,0.6477045507137724,0.6504676112913874
6921.71899415553,-1.0,0.09523410578274556,0.6478845547070321,0.6506454136365928
6921.81500047445,-1.0,0.09520659932378105,0.648038843284464,0.6507977676795352
6921.91700153053,-1.0,0.09517787371053923,0.6482013541703996,0.6509581921426395
6922.00599722564,-1.0,0.09515322090515636,0.6483419729319047,0.6510969640920851
6922.11200147867,-1.0,0.09512434416468488,0.6485080617571491,0.6512608207523808
6922.21299670637,-1.0,0.0950973141188288,0.6486649019312449,0.6514155012231533
6922.31400199234,-1.0,0.09507074113568718,0.6488204109533244,0.6515688178776979
6922.40700088441,-1.0,0.09504667169437911,0.6489624185080736,0.651708778147233
6922.50900194049,-1.0,0.09502070074349833,0.6491168952610897,0.6518609776064106
6922.60900139809,-1.0,0.09499566499510112,0.6492670617094408,0.65200887899871
6922.71399982274,-1.0,0.09496982089560445,0.6494233915443873,0.6521627958789876
6922.81600087881,-1.0,0.09494513947353557,0.6495739595098378,0.6523109856992726
6922.91800193489,-1.0,0.09492086731206573,0.6497232652996112,0.652457879721798
6923.0079934001,-1.0,0.09489978488808344,0.6498539578346312,0.6525864165345233
6923.11300188303,-1.0,0.09487556924999865,0.6500052503543765,0.6527351605108436
6923.21500293911,-1.0,0.09485243526339682,0.6501509800704364,0.6528783805591252
6923.32099713385,-1.0,0.09482879131226961,0.6503011488870851,0.6530259058706629
6923.40899705887,-1.0,0.09480946082639381,0.6504248568244652,0.6531473915544045
6923.51000234485,-1.0,0.09478760088947057,0.6505657799957828,0.6532857333084305
6923.60699437559,-1.0,0.09476693355342353,0.6507000433808129,0.6534174871651051
6923.71599599719,-1.0,0.09474407799999339,0.6508497080844035,0.6535642959039841
6923.81799705327,-1.0,0.0947230371500442,0.6509886041557447,0.6537004852754558
6923.91000017524,-1.0,0.09470434011510026,0.6511129394747676,0.6538223510059744
6924.01299700141,-1.0,0.09468371895727719,0.6512510807020023,0.6539576959829235
6924.11499805748,-1.0,0.09466361321025409,0.6513868059432165,0.6540906193263674
6924.20799694955,-1.0,0.0946455518658362,0.6515096276812317,0.6542108582098666
6924.30900223553,-1.0,0.09462622249306761,0.6516420365065079,0.6543404314468793
6924.40900169313,-1.0,0.09460737372626633,0.6517721272451625,0.6544676838895218
6924.51799325645,-1.0,0.09458715060934277,0.6519127981842353,0.6546052264523585
6924.61600117385,-1.0,0.09456924603999387,0.6520383104084749,0.6547278947067605
6924.71600063145,-1.0,0.09455124693081549,0.6521654265316739,0.6548520791391271
6924.82699379325,-1.0,0.0945315772351553,0.6523054120960745,0.6549887757236131
6924.9110005796,-1.0,0.09451689940783335,0.6524105982943165,0.6550914483921793
6925.01300163567,-1.0,0.09449931742228887,0.6525374417301157,0.6552152119932221
6925.11500269175,-1.0,0.09448199291268862,0.6526633383445404,0.6553379984214506
6925.20899735391,-1.0,0.0944662510667509,0.6527785249081793,0.6554502922958899
6925.31000263989,-1.0,0.09444956775440495,0.6529014281805173,0.6555700589164459
6925.41199363768,-1.0,0.09443296157119913,0.65302462271972,0.6556900568078488
6925.51799789071,-1.0,0.09441595394684754,0.6531517097304862,0.6558137903950394
6925.60599781573,-1.0,0.09440202469050904,0.6532564807164685,0.6559157537868265
6925.70700310171,-1.0,0.09438624439931888,0.6533759278672974,0.6560319521565654
6925.81299729645,-1.0,0.09436991802571434,0.6535003571781884,0.6561529423767761
6925.91400258243,-1.0,0.09435457737726964,0.6536180658796258,0.6562673457590974
6926.01499781013,-1.0,0.09433945141041498,0.6537349316471373,0.6563808791903679
6926.10799670219,-1.0,0.09432570626659893,0.6538418173445625,0.6564846725579632
6926.21099352837,-1.0,0.0943106845275206,0.6539593895082595,0.6565987935963522
6926.31199881434,-1.0,0.0942961551661676,0.6540738766979024,0.6567098697976583
6926.41699723899,-1.0,0.09428125991535241,0.6541920481691794,0.6568244678502925
6926.51800252497,-1.0,0.09426712893345124,0.6543049252210391,0.6569338811954981
6926.60600244999,-1.0,0.09425497368222648,0.6544026357632365,0.6570285533571525
6926.71199664474,-1.0,0.09424052332044916,0.6545195528268547,0.6571417855168683
6926.81399770081,-1.0,0.09422681145972768,0.6546312760900669,0.65724993700249
6926.91500298679,-1.0,0.09421341890118706,0.6547411546505487,0.6573562541673722
6927.02099718153,-1.0,0.09419956119073632,0.6548556626644565,0.6574669990545431
6927.10999287665,-1.0,0.09418806514402067,0.6549511841367526,0.6575593406009674
6927.21199393272,-1.0,0.0941750497792819,0.6550599724068693,0.6576644618527587
6927.31000185013,-1.0,0.09416270174829905,0.6551638127335142,0.6577647564821113
6927.41799764335,-1.0,0.09414926952331423,0.6552774620232004,0.6578744738606773
6927.51799710095,-1.0,0.09413699001134714,0.6553819814392324,0.6579753295750259
6927.61900238693,-1.0,0.09412474167732153,0.6554868624510044,0.6580764879711042
6927.71299704909,-1.0,0.09411348440556573,0.6555838481739075,0.6581699898046889
6927.81299650669,-1.0,0.09410165056891776,0.6556863848029961,0.6582687994887618
6927.92699709535,-1.0,0.09408833587204371,0.6558024756707042,0.6583806162165661
6937.9390027374,1.0,0.09167162081095648,0.6711011777510929,0.6721877290746322
6947.94599935412,1.0,0.09120534724978828,0.6801143826025617,0.6803590543671174
6957.94299803674,1.0,0.09098662405258351,0.6857814529492584,0.6872134488023245
6967.94399991632,1.0,0.09086561726541006,0.6902359793852123,0.6927168444989342
6977.94599756598,1.0,0.09079150641284758,0.6939385691405797,0.6973428812338484
6987.94499784708,1.0,0.09074252692987218,0.6971272610454898,0.7013554478649573
6997.94499389827,1.0,0.09070812532741791,0.6999440734424838,0.7049199536498928
7007.93599784374,1.0,0.090682797413451,0.7024761687953266,0.7081405515440444
7017.93699972332,1.0,0.0906633929222096,0.7047890795987433,0.7110969731050281
7027.93399840593,1.0,0.09064809858932776,0.7069225040346933,0.7138372709300469
7037.9359960556,1.0,0.0906357442790768,0.7089101150018184,0.7164024051958731
7047.93799370527,1.0,0.09062557975608475,0.7107748822176602,0.7188200046317061
7057.9429987818,1.0,0.09061708491060905,0.7125359852418247,0.7211131433611899
7067.93999746442,1.0,0.09060990229064922,0.7142063056415558,0.7232970049365661
7077.93999351561,1.0,0.09060375699846089,0.7157995956662633,0.7253881781503306
7087.93599642813,1.0,0.09059845481362183,0.7173244033273055,0.7273966757705718
7095.14799714088,1.0,0.09059506470084748,0.7183869510902212,0.7288003552950361
7095.27699463069,1.0,0.0918931560338996,0.718337514521686,0.7287474840434195
7095.36800198257,1.0,0.09189555664100756,0.7182560561180406,0.7286569785165217
7095.47699354589,1.0,0.09189846658456215,0.718160056070952,0.7285500794467799
7095.56800089777,1.0,0.09190085419498494,0.7180812092515418,0.7284620663059039
7095.67099772394,1.0,0.09190350021611489,0.7179933969683947,0.7283637998153784
7095.76699398458,1.0,0.0919059132297468,0.7179128915442474,0.7282734680122208
7095.87200246751,1.0,0.09190850002943521,0.717826280255089,0.7281760115514962
7095.97599506378,1.0,0.09191101190919303,0.7177419737345934,0.7280808628000064
7096.07200138271,1.0,0.09191328784382272,0.7176654123982692,0.7279942007374891
7096.17499820888,1.0,0.09191568450654101,0.7175846058924072,0.7279024605076215
7096.26599550247,1.0,0.09191776483851072,0.7175143360719024,0.7278224470617098
7096.37400135398,1.0,0.09192019035879383,0.7174322695240335,0.7277287150630914
7096.46499864757,1.0,0.0919221973000086,0.7173642302036665,0.7276507645341682
7096.56999707222,1.0,0.09192447190580509,0.7172869486436105,0.7275619555697597
7096.67699709535,1.0,0.09192674554967555,0.7172095157714266,0.7274726783333281
7096.76900021732,1.0,0.09192866525058868,0.7171439786202193,0.727396881407264
7096.87300287187,1.0,0.091930796687806,0.7170710288080305,0.727312253317413
7096.96899913251,1.0,0.09193272821039727,0.7170047405293839,0.727235113429158
7097.07499332726,1.0,0.09193482156145599,0.7169326875836256,0.7271510020466789
7097.16600067914,1.0,0.09193658650061821,0.7168717552909829,0.7270796554227288
7097.27099910378,1.0,0.09193858625210458,0.7168025019979717,0.7269983207765196
7097.36599959433,1.0,0.09194036251767979,0.7167407878879958,0.7269256182856405
7097.47000224888,1.0,0.09194227176726465,0.7166742319570553,0.726846974062373
7097.5689958781,1.0,0.0919440554258775,0.7166118361002454,0.7267730188774096
7097.6689953357,1.0,0.0919458246153138,0.7165497305024565,0.7266991873434753
7097.77299799025,1.0,0.0919476306114323,0.7164861006853366,0.7266233136873219
7097.88099378347,1.0,0.09194947009858132,0.7164210430191323,0.7265454936721202
7097.97400273383,1.0,0.09195102570659848,0.7163658226139228,0.7264792458091117
7098.06500002742,1.0,0.09195252262300435,0.7163125065766007,0.7264151108709882
7098.18299375474,1.0,0.09195442762343657,0.7162443942434862,0.7263329299929737
7098.26399311423,1.0,0.09195571231188068,0.7161982922864178,0.7262771461673767
7098.36799576879,1.0,0.09195733500284901,0.7161398622452039,0.7262062586724385
7098.4859995544,1.0,0.09195914049692211,0.7160745835800815,0.7261268139821618
7098.56900051236,1.0,0.0919603883083235,0.7160293010517995,0.7260715498163668
7098.67299310863,1.0,0.09196192648618856,0.7159732893922729,0.7260030137098781
7098.78199473023,1.0,0.09196350940183474,0.7159154236499552,0.7259320014837962
7098.87300208211,1.0,0.09196480861601741,0.7158677557944105,0.7258733453581415
7098.9639993757,1.0,0.0919660878402974,0.7158206666615784,0.7258152604093988
7099.08299893141,1.0,0.09196773134511611,0.7157599395581594,0.7257401420115608
7099.1639982909,1.0,0.09196883142286363,0.7157191466443183,0.7256895472497927
7099.26899671555,1.0,0.09197023569260691,0.7156669028654811,0.7256245930528685
7099.36399720609,1.0,0.09197148563254132,0.7156202383470353,0.7255664262166505
7099.46799986064,1.0,0.09197283200773011,0.7155697997588539,0.7255033942062455
7099.57299828529,1.0,0.09197416837640182,0.7155195547574014,0.725440435028499
7099.66399557889,1.0,0.09197530854673983,0.7154765439115425,0.7253864078044288
7099.77200143039,1.0,0.09197664073839068,0.7154261225609223,0.7253229160378231
7099.86399449408,1.0,0.09197775772867521,0.7153837057216752,0.7252693719427603
7099.96999874711,1.0,0.09197902493912868,0.7153354249553526,0.7252082756147674
7100.06499923766,1.0,0.0919801431168207,0.7152926832115785,0.7251540569546222
7100.16900189221,1.0,0.09198134881187361,0.7152464498055678,0.7250952698400007
7100.27299448848,1.0,0.09198253557577452,0.7152007928988121,0.7250370730548652
7100.3690008074,1.0,0.0919836147444786,0.7151591433105018,0.7249838582058128
7100.47399923205,1.0,0.09198477744638403,0.7151141298700474,0.7249262108801436
7100.56499652565,1.0,0.09198577062347298,0.7150755638944031,0.7248767090225057
7100.66600181162,1.0,0.09198685764381781,0.7150332310229937,0.7248222530289745
7100.76499544084,1.0,0.091987907610223,0.7149922176175353,0.7247693745764257
7100.86899809539,1.0,0.0919889946676265,0.71494962680512,0.724714337123743
7100.96499435604,1.0,0.09198998377152003,0.7149107591487932,0.7246639988683943
7101.06899701059,1.0,0.09199104024810331,0.7148691222975352,0.7246099549277939
7101.17399543524,1.0,0.09199209134121714,0.7148275736011059,0.7245559031368548
7101.26899592578,1.0,0.09199302919341984,0.7147903954453448,0.7245074326835403
7101.37500017881,1.0,0.09199406125419361,0.7147493666723236,0.724453827176025
7101.46500170231,1.0,0.09199492582531853,0.714714902151581,0.7244087046344699
7101.57299749553,1.0,0.09199594939715075,0.7146739876094046,0.7243550262571185
7101.6650006175,1.0,0.09199680971504968,0.7146395043374099,0.7243096914283031
7101.76899321377,1.0,0.09199776948678844,0.7146009322553624,0.7242588787737134
7101.87699906528,1.0,0.09199875237412679,0.7145613182129564,0.7242065806092247
7101.96999795735,1.0,0.09199958757413608,0.7145275665174629,0.724161931234252
7102.07299478352,1.0,0.09200050079195672,0.7144905661856266,0.7241128880615587
7102.16799527407,1.0,0.09200133235046122,0.714456786494775,0.7240680254699712
7102.27299369872,1.0,0.09200223964278617,0.7144198337500343,0.7240188517183381
7102.36400105059,1.0,0.0920030162130908,0.7143881241956924,0.7239765739011074
7102.46999524534,1.0,0.09200390937618518,0.7143515603678889,0.7239277301863498
7102.57300212979,1.0,0.09200476593080423,0.7143163999876435,0.7238806658852429
7102.66899839044,1.0,0.09200555421648987,0.7142839583226351,0.7238371571728682
7102.77300104499,1.0,0.0920063978471641,0.7142491544608466,0.7237903939887896
7102.86499410868,1.0,0.09200713520857377,0.7142186625409358,0.7237493506054196
7102.97399573028,1.0,0.09200799823545705,0.7141828853452953,0.723701103380385
7103.06599885225,1.0,0.0920087178381238,0.714152980115891,0.7236607002606754
7103.17000150681,1.0,0.0920095217354911,0.7141194916740679,0.7236153752434085
7103.26599776745,1.0,0.0920102549011746,0.7140888753010243,0.7235738624102205
7103.370000422,1.0,0.09201103980304905,0.714056018863567,0.7235292321979511
7103.47399301827,1.0,0.09201181501201043,0.7140234863861085,0.7234849599705315
7103.56899350882,1.0,0.09201251502236368,0.7139940411367517,0.7234448194141895
7103.67400199175,1.0,0.09201327994986493,0.7139617920390142,0.7234007814328759
7103.76599505544,1.0,0.09201394250105288,0.7139337949306638,0.7233624849240025
7103.87299507856,1.0,0.0920147044066694,0.7139015251896066,0.7233182690064783
7103.96499820054,1.0,0.09201535214768422,0.7138740277531691,0.7232805285438803
7104.06999662519,1.0,0.09201608319192592,0.7138429237424132,0.7232377673241547
7104.17399927974,1.0,0.09201679884326963,0.7138124017612738,0.7231957330504112
7104.26999554038,1.0,0.09201745205494215,0.7137844791203719,0.7231572147626938
7104.37499396503,1.0,0.09201815862431827,0.7137542073789114,0.7231153874280756
7104.4769950211,1.0,0.09201883737048508,0.7137250627583591,0.7230750513949528
7104.57399711013,1.0,0.09201947589332791,0.7136975849359702,0.7230369616387953
7104.66499440372,1.0,0.09202006882368617,0.7136720163050191,0.7230014655025756
7104.7659996897,1.0,0.09202072020008412,0.713643868219321,0.7229623292873993
7104.86699491739,1.0,0.09202136450903842,0.7136159640980464,0.7229234709851907
7104.97099757195,1.0,0.09202202080617151,0.7135874773273636,0.7228837381791294
7105.06899543107,1.0,0.09202263263370915,0.7135608624761502,0.7228465584755166
7105.17200231552,1.0,0.0920232689673026,0.7135331213427007,0.7228077458125842
7105.27700074017,1.0,0.09202391071791775,0.713505084147274,0.7227684587905304
7105.37700019777,1.0,0.09202451547534163,0.7134786058182945,0.7227312994073757
7105.46500012279,1.0,0.09202504254899826,0.7134554830120319,0.7226988039851718
7105.56900277734,1.0,0.09202565939133205,0.7134283674693028,0.7226606436888425
7105.68299330771,1.0,0.09202632802640844,0.7133989080730833,0.7226191189619904
7105.76999746263,1.0,0.09202683320847296,0.7133766034777586,0.7225876335890501
7105.87400011718,1.0,0.09202743131905719,0.7133501433233885,0.7225502309069887
7105.96599318087,1.0,0.09202795519658395,0.7133269198419161,0.7225173574141368
7106.07399903238,1.0,0.09202856423399043,0.7132998664323148,0.7224790091818359
7106.16499632597,1.0,0.09202907236595513,0.7132772494437023,0.7224469052080698
7106.26699738204,1.0,0.09202963658331513,0.7132520865900289,0.7224111397390768
7106.36499524117,1.0,0.09203017339980822,0.7132280969929579,0.722376995026133
7106.46999366581,1.0,0.0920307429353062,0.7132025927832514,0.7223406443243864
7106.57300055027,1.0,0.09203129609678776,0.7131777696605849,0.7223052146118394
7106.67000263929,1.0,0.09203181204354999,0.7131545698093702,0.7222720573612907
7106.77399523556,1.0,0.09203235990063395,0.7131298852636823,0.7222367310246478
7106.87700212002,1.0,0.09203289727257638,0.7131056229374148,0.722201961570901
7106.97299838066,1.0,0.09203339340128393,0.7130831782283211,0.7221697550548303
7107.06599727273,1.0,0.09203386980293683,0.7130615853785718,0.7221387329256873
7107.16299936175,1.0,0.09203436233258011,0.7130392193948799,0.7221065607820532
7107.26700201631,1.0,0.09203488551291543,0.7130154142593451,0.7220722746102478
7107.37099461257,1.0,0.09203540365445345,0.7129917899898579,0.7220382042000508
7107.46900252998,1.0,0.0920358874808995,0.7129696864593897,0.7220062866301533
7107.56999775767,1.0,0.09203638155827298,0.712947070603682,0.7219735889292129
7107.67400041223,1.0,0.09203688565050598,0.71292395016279,0.7219401195804441
7107.77299404144,1.0,0.09203736110383602,0.7129021002357415,0.7219084503486544
7107.87399932742,1.0,0.09203784187227913,0.7128799626778666,0.7218763250465147
7107.96499662101,1.0,0.09203827129514558,0.7128601521859033,0.7218475432463618
7108.07199664414,1.0,0.09203877181668121,0.7128370173590062,0.7218138919185739
7108.16499553621,1.0,0.09203920301718642,0.7128170480696182,0.7217848106741437
7108.26899819076,1.0,0.092039681082367,0.7127948663595479,0.7217524701038786
7108.37599821389,1.0,0.09204016841139799,0.7127722089264908,0.7217193953407287
7108.46899710596,1.0,0.09204058830678587,0.71275264925495,0.7216908096394581
7108.57500135899,1.0,0.0920410628240878,0.7127305031582597,0.7216584071281663
7108.66599865258,1.0,0.09204146672918224,0.7127116172341119,0.7216307437711363
7108.77500027418,1.0,0.09204194643201184,0.7126891446165521,0.7215977897703075
7108.86599756777,1.0,0.09204234348184809,0.7126705080719319,0.7215704302175805
7108.97000022233,1.0,0.0920427935162501,0.7126493446965985,0.7215393272294701
7109.06599648297,1.0,0.09204320540490099,0.7126299381636698,0.7215107747087129
7109.17099490762,1.0,0.09204365212087123,0.7126088503388147,0.7214797143718594
7109.27499756217,1.0,0.0920440907391968,0.712588103500199,0.7214491215597214
7109.37099382281,1.0,0.09204449222507331,0.7125690768363208,0.7214210350129574
7109.47499647737,1.0,0.09204492359538312,0.7125485949788536,0.7213907679987109
7109.56599377096,1.0,0.09204529798902523,0.7125307854022904,0.7213644226765559
7109.67199802399,1.0,0.09204573059959281,0.7125101678948581,0.7213338919751671
7109.76600274444,1.0,0.09204611110193753,0.7124919992328722,0.7213069593996108
7109.87100116909,1.0,0.0920465326625938,0.7124718321763627,0.7212770334918864
7109.96600165963,1.0,0.09204691099152787,0.7124536990959339,0.7212500979513157
7110.07100008428,1.0,0.09204732576116928,0.7124337817769737,0.7212204816991507
7110.17500273883,1.0,0.09204773314691424,0.7124141803349686,0.7211913041307624
7110.27099899948,1.0,0.09204810616103108,0.7123961987441606,0.7211645107201966
7110.37599742413,1.0,0.09204851088693558,0.7123766514058897,0.7211353548980761
7110.46699471772,1.0,0.09204885891476236,0.7123598113583635,0.7211102125961104
7110.57500056922,1.0,0.09204926874414501,0.7123399437196631,0.7210805208752353
7110.66599786282,1.0,0.09204961132850528,0.7123233048481722,0.721055630146258
7110.77000051737,1.0,0.09204999988140566,0.7123043987489872,0.7210273208732528
7110.87799631059,1.0,0.09205039999780165,0.7122848904667785,0.7209980799170544
7110.96999943256,1.0,0.09205073819627249,0.7122683694152965,0.7209732926980772
7111.07499785721,1.0,0.09205112120889271,0.7122496241019949,0.7209451418727754
7111.18299365044,1.0,0.09205151190547821,0.7122304638919258,0.7209163389220298
7111.27499677241,1.0,0.09205184217496688,0.7122142361557149,0.7208919213063015
7111.365994066,1.0,0.0920521665323973,0.712198271008298,0.7208678782634371
7111.47100254893,1.0,0.09205253801773622,0.7121799518397338,0.7208402650495443
7111.56600303948,1.0,0.09205287152713736,0.712163473791236,0.7208154041458877
7111.67199723423,1.0,0.09205324078025591,0.7121451944138649,0.7207878001937469
7111.77599988878,1.0,0.09205360020475477,0.712127365519264,0.7207608508827995
7111.86999455094,1.0,0.09205392262162354,0.7121113426712059,0.7207366098017376
7111.97499297559,1.0,0.09205428009682354,0.7120935444833573,0.7207096587240017
7112.06699609756,1.0,0.0920545910171792,0.7120780352605866,0.7206861531491757
7112.17399612069,1.0,0.09205494993536512,0.7120600981020123,0.7206589439416038
7112.26599924266,1.0,0.09205525626706866,0.712044760207893,0.7206356573069007
7112.37099766731,1.0,0.09205560332113068,0.7120273511343982,0.7206092034720412
7112.47899346054,1.0,0.0920559574848539,0.7120095499186899,0.7205821288922801
7112.57099658251,1.0,0.09205625699130762,0.7119944677872241,0.720559170228686
7112.67499923706,1.0,0.09205659314219954,0.7119775095180291,0.7205333341390471
7112.76399493217,1.0,0.09205687877441422,0.7119630741032749,0.720511323751471
7112.87499815226,1.0,0.0920572324168125,0.7119451663565721,0.7204839958756183
7112.96700127423,1.0,0.09205752333556587,0.7119304049834929,0.7204614502737424
7113.07400129735,1.0,0.09205785922953849,0.7119133288468068,0.72043534773413
7113.1690017879,1.0,0.09205815527098037,0.7118982492925877,0.7204122779954465
7113.27299438417,1.0,0.09205847700135361,0.711881829494205,0.7203871374307584
7113.37100230157,1.0,0.09205877800526006,0.7118664371437936,0.7203635506834772
7113.47199752927,1.0,0.09205908595933554,0.7118506585588457,0.7203393526960744
7113.57699595392,1.0,0.09205940374714108,0.7118343429127073,0.7203143104561422
7113.67499381304,1.0,0.0920596981834736,0.7118191955502033,0.7202910426263708
7113.77599909902,1.0,0.09205999948785079,0.7118036638431378,0.7202671656905104
7113.86699639261,1.0,0.09206026911562391,0.7117897405325744,0.7202457451681132
7113.97300064564,1.0,0.09206058105626867,0.7117736032793988,0.7202208994459348
7114.06800113618,1.0,0.09206085864357218,0.7117592156002385,0.720198730196904
7114.17199373245,1.0,0.09206116039265086,0.7117435459947214,0.7201745671954672
7114.28200118244,1.0,0.09206147721979974,0.7117270601147654,0.7201491246683809
7114.37200270593,1.0,0.0920617346346182,0.7117136405612061,0.7201283986365563
7114.465001598,1.0,0.09206199894591155,0.7116998379975751,0.7201070663287964
7114.58400115371,1.0,0.09206233469937482,0.711682270372114,0.7200798934029782
7114.6650005132,1.0,0.09206256168005503,0.7116703723656638,0.7200614762956628
7114.76899310946,1.0,0.09206285126951452,0.711655167172133,0.720037923811711
7114.88299369812,1.0,0.09206316625494348,0.7116385886544533,0.7200122234772239
7114.96799625456,1.0,0.0920633994377295,0.7116262878685898,0.7199931406817965
7115.07400050759,1.0,0.09206368828957745,0.7116110199066701,0.7199694383203185
7115.16499780118,1.0,0.09206393453394487,0.7115979766323678,0.7199491751995406
7115.19000269473,1.0,0.09206400192191472,0.711594402668134,0.7199436206199802
7115.30799642205,1.0,0.08340367340445957,0.7119930390445085,0.7203913917992969
7115.42300283909,1.0,0.08338744393259633,0.7127761024550218,0.7212799722606554
7115.5129943043,1.0,0.0833711835817141,0.7133797808305703,0.7219664953589231
7115.60799479485,1.0,0.08335439063841367,0.7140086325837108,0.7226831742317266
7115.71800224483,1.0,0.08333545298723327,0.7147261692223761,0.7235029517374431
7115.81300273538,1.0,0.08331951168401924,0.7153367732335594,0.724202356533092
7115.90899899602,1.0,0.08330376682593292,0.7159454065547145,0.7249012285389058
7116.00399948657,1.0,0.08328852426587892,0.7165395857241366,0.7255852324529016
7116.11599847674,1.0,0.08327096465420214,0.7172298800614048,0.7263821069596196
7116.20999313891,1.0,0.08325655554355053,0.7178008552282026,0.7270431055856207
7116.30399785936,1.0,0.08324243327311517,0.7183644242762763,0.7276972335522087
7116.41500107944,1.0,0.08322611728079406,0.7190204864106096,0.7284609000680226
7116.50899574161,1.0,0.08321259769235047,0.7195682203582796,0.729100307949719
7116.60300046206,1.0,0.0831993418832975,0.7201090113914649,0.729733281012738
7116.71399362385,1.0,0.08318402363489216,0.7207387159474127,0.7304724494586707
7116.8089941144,1.0,0.08317119238917264,0.7212702720924574,0.7310982143897528
7116.91699996591,1.0,0.08315691047221112,0.72186648133926,0.7318020856113385
7117.01499782503,1.0,0.08314422698935653,0.7224001398725916,0.7324339205358169
7117.10999831557,1.0,0.08313217535190816,0.7229109905706089,0.733040370033484
7117.20399297774,1.0,0.08312048226086637,0.7234102841054306,0.7336346429794472
7117.31499619782,1.0,0.08310696195405881,0.7239922270061053,0.7343292293136654
7117.41100251675,1.0,0.08309551418841186,0.724488974834117,0.7349237963089792
7117.50499717891,1.0,0.08308452173059123,0.7249695409840834,0.7355004659020183
7117.61499457061,1.0,0.08307192159918955,0.7255248332473345,0.7361686177904945
7117.71100088954,1.0,0.08306115065553,0.7260033849582355,0.736746000013522
7117.80600138009,1.0,0.0830506949020819,0.7264714421065641,0.7373121321171889
7117.91499294341,1.0,0.08303894062607517,0.7270018651630759,0.7379553939275812
7118.01099926233,1.0,0.08302879476159827,0.7274634101172508,0.73851659655903
7118.10599975288,1.0,0.08301894182548011,0.7279149950911733,0.7390670192857545
7118.21500137448,1.0,0.08300785929652128,0.728426992761602,0.7396926747077948
7118.31099763513,1.0,0.08299829068580307,0.7288725859912807,0.7402385706729199
7118.40500235558,1.0,0.0829890898074928,0.7293042148509846,0.7407685921623473
7118.50899495184,1.0,0.08297910118621309,0.7297763783214986,0.741349781477959
7118.6120018363,1.0,0.0829693984718998,0.7302386712409988,0.7419202343903288
7118.70599649847,1.0,0.08296070616581108,0.7306559334517015,0.742436323978973
7118.80899332464,1.0,0.08295135349792788,0.7311082429892375,0.7429970531123289
7118.91299597919,1.0,0.08294208713883038,0.7315598658500704,0.7435582731342599
7119.00700069964,1.0,0.08293386097065183,0.7319637547496726,0.744061312715415
7119.12699602544,1.0,0.08292356062297404,0.7324734867010674,0.7446977132099735
7119.21299435198,1.0,0.08291186670133566,0.7328345844901368,0.7451496878661592
7119.30699907243,1.0,0.0829040742257065,0.7332258697656115,0.7456403710430968
7119.42399702966,1.0,0.08289901862973165,0.7337072663500791,0.7462454916614357
7119.51300278306,1.0,0.08289191631622234,0.7340694341249855,0.7467017905232586
7119.60699744523,1.0,0.08288453518664235,0.7344483239500129,0.7471801025610816
7119.71199586987,1.0,0.08287640866041936,0.7348679980833718,0.7477108445399105
7119.81300115585,1.0,0.0828687197266984,0.7352678147805578,0.7482175053900086
7119.90600004792,1.0,0.0828617532244448,0.7356324857531956,0.7486805395431398
7120.01000270247,1.0,0.08285408861828741,0.7360364304726927,0.7491944654149747
7120.11299952865,1.0,0.08284662454460434,0.73643255958729,0.749699480190341
7120.20800001919,1.0,0.08283985030152494,0.7367945136552856,0.7501618344232119
7120.30300050974,1.0,0.08283317859205747,0.7371532661753656,0.7506209470593797
7120.41399367154,1.0,0.08282551010191253,0.7375684436428478,0.7511533192105773
7120.50999999046,1.0,0.08281898561759468,0.7379241433473159,0.7516103335181327
7120.60399465263,1.0,0.0828126917870031,0.7382694077465883,0.7520547298552333
7120.71499787271,1.0,0.08280537684303033,0.7386733965242426,0.7525757074316642
7120.80999836326,1.0,0.08279921535564,0.7390159766194835,0.7530183344294068
7120.90399302542,1.0,0.08279320639446724,0.739352121224731,0.7534533908760545
7121.0149962455,1.0,0.08278621914873315,0.7397455628449687,0.7539635382276338
7121.10999673605,1.0,0.0827803305453369,0.7400793111007158,0.7543970710317687
7121.2049972266,1.0,0.08277452415776346,0.7404103694766558,0.754827820754
7121.31699621677,1.0,0.08276778168742592,0.7407972797659088,0.7553321340390718
7121.41199670732,1.0,0.08276214728527523,0.7411226600410619,0.7557569849102848
7121.50600142777,1.0,0.08275664687282099,0.7414421397699746,0.756174786071007
7121.60399928689,1.0,0.08275099134082135,0.7417725864589524,0.7566076165211107
7121.71300090849,1.0,0.08274479185927797,0.7421370908665628,0.7570858561210713
7121.80800139904,1.0,0.08273946497866574,0.7424522104193546,0.7574999728531473
7121.90499342978,1.0,0.0827340985864199,0.7427714907451787,0.7579202025068406
7122.01299928129,1.0,0.08272820613640477,0.7431241897195965,0.758385160673472
7122.10899554193,1.0,0.08272304072500103,0.7434352096093664,0.7587958178177696
7122.20500186086,1.0,0.08271794207613864,0.7437439739622621,0.7592040975554385
7122.31499925256,1.0,0.08271218172628654,0.744094969103229,0.7596689447804144
7122.40899391472,1.0,0.08270732705445495,0.7443925997017447,0.7600637210921118
7122.50700183213,1.0,0.08270232952404306,0.7447007211793385,0.7604729930036002
7122.61499762535,1.0,0.0826968960546112,0.745037671730924,0.7609212293531689
7122.7090023458,1.0,0.08269222802480387,0.745328809877298,0.7613090865922196
7122.80599437654,1.0,0.08268747050179086,0.7456271298305844,0.7617070511186791
7122.91499599814,1.0,0.08268219608473353,0.7459599275379512,0.7621516486423274
7123.00999648869,1.0,0.08267765995189465,0.7462478914871005,0.7625368918592124
7123.10499697924,1.0,0.082673179913276,0.7465339480444876,0.7629200764752617
7123.20400066674,1.0,0.08266856562400848,0.7468300574789749,0.7633172449211696
7123.31199645996,1.0,0.08266359466587687,0.7471507750404048,0.7637480093866137
7123.42399545014,1.0,0.08265850526210647,0.7474809072885423,0.7641920550815975
7123.50600063801,1.0,0.08265482409300345,0.7477210564684414,0.7645154728564653
7123.61300066113,1.0,0.08265007831862467,0.7480324359086054,0.764935323624524
7123.71500171721,1.0,0.08264561436854256,0.7483272274350334,0.7653333307996766
7123.80499318242,1.0,0.08264172235774482,0.748585682586535,0.7656826956631434
7123.91299903393,1.0,0.0826371013979028,0.7488938924576816,0.7660998223430326
7124.00899529457,1.0,0.08263304024835695,0.7491660422157833,0.7664686023431576
7124.10699315369,1.0,0.08262893731566481,0.7494421559767421,0.7668431898700434
7124.2149990052,1.0,0.08262447432375572,0.7497444997318908,0.767253862125366
7124.30899366736,1.0,0.08262063631086927,0.7500059689249426,0.7676094337090678
7124.40700158477,1.0,0.0826166796253102,0.7502769910711986,0.767978403679438
7124.51499737799,1.0,0.08261237099941936,0.7505737545071407,0.7683828924213038
7124.61099363863,1.0,0.08260858577015853,0.7508359190859811,0.7687406321058032
7124.71699789166,1.0,0.08260445405581997,0.7511236693464504,0.7691337229689779
7124.8029962182,1.0,0.08260113822284547,0.7513557839404819,0.7694511442260104
7124.91199783981,1.0,0.08259698075653511,0.7516482997839177,0.7698515873266344
7125.01899786294,1.0,0.08259294803055241,0.7519336432772217,0.7702426602448844
7125.10600201786,1.0,0.08258970385002963,0.75216436666232,0.7705591966676046
7125.21499358118,1.0,0.08258568432628698,0.7524517761622541,0.7709539060108334
7125.33799633384,1.0,0.0912165340158396,0.7523415203814952,0.7709034581880073
7125.42999945581,1.0,0.09122918668642,0.751940303334818,0.7705020157824726
7125.53400211036,1.0,0.09124379618054172,0.7514953165273538,0.7700561014446787
7125.62499940395,1.0,0.09125630298931171,0.7511133487247174,0.7696726537973163
7125.73400102556,1.0,0.09127090079750834,0.7506647284307968,0.769221377809797
7125.82599408925,1.0,0.0912829115597213,0.7502935592499044,0.7688471829874151
7125.93199834228,1.0,0.09129642665770393,0.7498741630901236,0.7684233791016502
7126.02699883282,1.0,0.09130826210467995,0.7495057211272987,0.7680501316717717
7126.13199725747,1.0,0.09132105525616685,0.749106498998952,0.7676446484002079
7126.2389972806,1.0,0.09133379438362028,0.7487081207217053,0.7672388624879418
7126.33300200105,1.0,0.09134474621401205,0.7483650146628095,0.7668883984388297
7126.42499506474,1.0,0.0913552513985267,0.7480353540626906,0.7665507775699855
7126.54299885035,1.0,0.09136842577571239,0.7476211190723917,0.7661252516566528
7126.62599980831,1.0,0.09137749306554635,0.7473354394369168,0.7658309195037493
7126.72899663448,1.0,0.09138851984264276,0.746987307046387,0.7654712558185329
7126.84299722314,1.0,0.09140043865402214,0.7466100126722934,0.7650802038339186
7126.92399658263,1.0,0.09140872757176488,0.7463469445240567,0.7648067460317571
7127.0259976387,1.0,0.09141895694700117,0.7460214421850282,0.7644674589005485
7127.12799869478,1.0,0.09142895761324805,0.7457022292784364,0.7641337066325371
7127.23399288952,1.0,0.091439112156613,0.7453770163186091,0.7637926172690436
7127.32200287282,1.0,0.09144736326464524,0.7451118932819285,0.7635137403799503
7127.42099650204,1.0,0.09145645230826456,0.7448188800964328,0.7632046626894248
7127.53099389374,1.0,0.09146631846795289,0.7444995948324192,0.7628668206181121
7127.63299494982,1.0,0.09147525304782961,0.7442092949090457,0.762558678545165
7127.73299440742,1.0,0.09148381681454344,0.7439299493641981,0.7622612763043559
7127.82799489796,1.0,0.09149177736894482,0.7436692739396146,0.7619829527284356
7127.92999595404,1.0,0.0915001391241806,0.7433943710528726,0.7616885902147763
7128.02899964154,1.0,0.09150807602818815,0.7431323621878594,0.7614072112744821
7128.12600173056,1.0,0.09151568556028263,0.7428801408563577,0.7611355734635431
7128.22800278664,1.0,0.09152351356229937,0.7426196008907177,0.7608541716063086
7128.34000177681,1.0,0.09153190923886906,0.7423389111822606,0.7605500776202696
7128.42300273478,1.0,0.09153799985800228,0.7421344474169147,0.7603279510925302
7128.52399796247,1.0,0.0915452640145932,0.7418896382477917,0.7600613038218087
7128.6309979856,1.0,0.09155278872300086,0.7416349318427247,0.7597830679852329
7128.73299904168,1.0,0.09155980236278698,0.741396477987114,0.7595218288757855
7128.83299849927,1.0,0.0915665314467381,0.7411667276868268,0.7592694235365547
7128.92300002277,1.0,0.09157246660750018,0.7409632760816279,0.7590453283878046
7129.02899421751,1.0,0.09157931325231518,0.7407276229441427,0.7587850730639657
7129.13099527359,1.0,0.09158575973387487,0.7405047885648166,0.7585382841152756
7129.23299632967,1.0,0.09159207058188353,0.7402857260207207,0.7582950103222487
7129.32599522173,1.0,0.0915977094823946,0.7400892095012787,0.7580762090826413
7129.42799627781,1.0,0.09160377149574743,0.7398771130206175,0.7578394547017009
7129.52999733388,1.0,0.091609708560647,0.7396685360844641,0.7576060083146903
7129.62400205433,1.0,0.09161507252861373,0.739479356650745,0.7573937338969547
7129.72599305212,1.0,0.09162077854862395,0.7392773343901549,0.7571664776821644
7129.8269983381,1.0,0.09162631594645461,0.7390805029836471,0.7569444871342318
7129.93399836123,1.0,0.09163206225048419,0.7388754224347766,0.756712584455429
7130.02199828625,1.0,0.0916366983383352,0.7387093453921967,0.7565243271262189
7130.12399934232,1.0,0.091641973263006,0.7385197021802111,0.756308848406944
7130.22999353707,1.0,0.09164734527908754,0.7383258136840226,0.7560879807374451
7130.33199459314,1.0,0.09165241251121463,0.7381422187319778,0.7558783066257668
7130.43399564922,1.0,0.09165738204645062,0.7379614888520198,0.7556713936423544
7130.52800036967,1.0,0.09166187777623323,0.7377974080979873,0.7554830989454142
7130.63000142574,1.0,0.09166666688038483,0.7376220047716284,0.755281339665398
7130.73099665344,1.0,0.09167131977065343,0.7374509755239884,0.7550841381339364
7130.82299977541,1.0,0.09167548324377135,0.73729741652676,0.7549066776944856
7130.92599660158,1.0,0.09168006142399876,0.7371279900776466,0.7547104344439229
7131.02799765766,1.0,0.0916845115359636,0.7369627250040223,0.7545185593772387
7131.12900294363,1.0,0.09168883800332685,0.7368014980010323,0.7543309366562504
7131.2229976058,1.0,0.0916927942596402,0.736653583909669,0.7541584240986215
7131.32599443197,1.0,0.09169705391598991,0.7364938046351617,0.7539716580101444
7131.42999708652,1.0,0.0917012771823389,0.7363348525865676,0.753785428501161
7131.5329939127,1.0,0.0917053844288545,0.7361797495530106,0.7536032918551144
7131.63399919868,1.0,0.09170934133392261,0.736029834404978,0.7534268515589531
7131.73899762332,1.0,0.09171338205927634,0.7358762419883326,0.7532456759637693
7131.82999491692,1.0,0.09171682549598724,0.7357449483600212,0.7530904736533953
7131.93100020289,1.0,0.09172058583961813,0.7356011465807308,0.7529201359289539
7132.02499486506,1.0,0.09172402804649474,0.7354691172023233,0.7527634181118603
7132.12699592113,1.0,0.09172770254610405,0.7353277574720996,0.7525952770881894
7132.22800120711,1.0,0.09173128014042861,0.7351897038872286,0.7524307180552289
7132.33700282872,1.0,0.0917350744745304,0.7350428267397328,0.7522552577264477
7132.42399692535,1.0,0.09173805457402426,0.7349271378761795,0.7521167763673026
7132.52599798143,1.0,0.09174149543050096,0.734793194225801,0.7519561333190211
7132.62599743903,1.0,0.09174481412408418,0.7346636287914988,0.7518004217808003
7132.72199369967,1.0,0.09174795021189502,0.7345408484343476,0.7516525722721001
7132.82299898565,1.0,0.09175119852280143,0.7344133188744479,0.7514987005454468
7132.93599374592,1.0,0.09175477163460873,0.7342726208085062,0.7513285809428212
7133.03099423647,1.0,0.09175772711531854,0.7341559078768977,0.7511871728578859
7133.13299529254,1.0,0.09176085208370881,0.7340321684632815,0.7510369629227126
7133.22799578309,1.0,0.09176371855559735,0.7339183605271697,0.7508985447421206
7133.32900106907,1.0,0.0917667207065621,0.7337988515763864,0.7507529185671293
7133.42999629676,1.0,0.09176967675676827,0.7336808623182185,0.7506088673704446
7133.53499472141,1.0,0.09177270246549883,0.7335597647600434,0.7504607328010975
7133.62499624491,1.0,0.09177525829390826,0.7334572125457861,0.7503350540497946
7133.72699730098,1.0,0.09177811369606576,0.7333423553305887,0.7501940432292683
7133.82899835706,1.0,0.091780926266684,0.7332289248636817,0.7500545208218469
7133.92199724913,1.0,0.09178345407790742,0.7331267258130532,0.7499285878732683
7134.0239983052,1.0,0.09178618735386405,0.7330159482118911,0.7497918411980977
7134.12599936128,1.0,0.09178888045728067,0.7329065204011759,0.749656511000433
7134.2339951545,1.0,0.09179168901516797,0.7327921044633573,0.7495147447521378
7134.32199507952,1.0,0.09179394570774059,0.7326999500105956,0.7494003619795495
7134.4230003655,1.0,0.09179650137484566,0.7325953470056707,0.7492703108715386
7134.53000038862,1.0,0.09179916929063685,0.7324858761910881,0.7491339591175843
7134.63099561632,1.0,0.0918016510725659,0.7323837902929984,0.7490065753267932
7134.73299667239,1.0,0.09180412246012393,0.7322818884197813,0.7488791983092689
7134.82700139284,1.0,0.09180636951130271,0.7321890243677931,0.7487629237333869
7134.92799662054,1.0,0.0918087516446056,0.7320903559620751,0.7486391771478068
7135.03299504519,1.0,0.09181119378228193,0.7319889641323817,0.7485117946892889
7135.12999713421,1.0,0.09181341942496415,0.7318963500142,0.7483952442584058
7135.22200025618,1.0,0.09181550399502009,0.7318094290635435,0.748285687949162
7135.23600138724,1.0,0.09181581904877884,0.7317962788966647,0.7482690989151883
7145.24099640548,-1.0,0.09319833892409851,0.7193611474861134,0.7321681731033562
7155.25100044906,-1.0,0.09317823667875083,0.7129461767004803,0.722921426627031
7165.2469933033,-1.0,0.0931788160765654,0.7084957363043903,0.7162611523496122
7175.24200044572,-1.0,0.09319856138515673,0.7049808500821682,0.7109587586622841
7185.2530002594,-1.0,0.09322052377697015,0.7020119724960778,0.7065014107514889
7195.23799940944,-1.0,0.09324227596938597,0.699437273125038,0.7026723788098442
7202.57499441504,-1.0,0.09326689742265178,0.6977107065342303,0.7001376353552129
7203.58999595046,-1.0,0.09212177083181111,0.6984817374198129,0.7009564155581499
7204.5929979533,-1.0,0.09212400067397934,0.6991192306056365,0.7016487799797513
7205.60399629176,-1.0,0.09212639999613267,0.6996613482481864,0.7022517244932206
7206.59200139344,-1.0,0.09212834467646729,0.7001136336993403,0.702765882791906
7207.59599916637,-1.0,0.09212994536140655,0.7005102708944081,0.7032257285730595
7208.5990011692,-1.0,0.09213124736650043,0.7008551218123668,0.7036327055441206
7209.59300100803,-1.0,0.09213231967836212,0.7011553574551959,0.7039927026775324
7210.59799455106,-1.0,0.09213323979960258,0.7014241330914417,0.7043196163643596
7211.6000007838,-1.0,0.09213402946584637,0.7016630031396103,0.7046139435903812
7212.59199902415,-1.0,0.09213471290859747,0.7018753285311675,0.7048786267790111
7213.59799839556,-1.0,0.09213532726319738,0.7020697387873001,0.7051235600797321
7214.60199616849,-1.0,0.092135875021718,0.7022457249213876,0.7053474516930965
7215.59299863875,-1.0,0.09213636072410229,0.7024041370165575,0.7055507764245534
7216.59399904311,-1.0,0.09213680338486643,0.7025506968516149,0.7057404153224034
7217.59099625051,-1.0,0.09213720278245564,0.7026848735439762,0.7059153259077476
7218.59499402344,-1.0,0.09213756767461598,0.7028094874762216,0.7060788821733959
7219.59799602628,-1.0,0.09213789812095143,0.7029246323591003,0.7062309598640334
7220.59499323368,-1.0,0.0921381957161872,0.7030308283510195,0.706372019228652
7221.59699946642,-1.0,0.09213846642396804,0.7031301199856118,0.7065045907377286
7222.60199300945,-1.0,0.09213871159817126,0.7032229636597717,0.7066291353376625
7223.59599284828,-1.0,0.092138929844038,0.7033087851809633,0.7067447432071741
7224.60000067949,-1.0,0.0921391274219748,0.7033899685684247,0.7068545102196441
7225.59299468994,-1.0,0.09213930175835246,0.7034653079888474,0.7069567075857238
7226.59700252116,-1.0,0.0921394582002854,0.7035369092277887,0.7070541061831297
7227.59899869561,-1.0,0.09213959569368406,0.7036041670169132,0.7071458127084108
7228.59599590302,-1.0,0.09213971526891683,0.7036672648995519,0.7072320116980796
7229.59899790585,-1.0,0.09213981934587237,0.703727198940366,0.7073140090914792
7230.59000037611,-1.0,0.09213990738781036,0.703783193593824,0.7073906961466543
7231.59300237894,-1.0,0.09213998249505702,0.7038368496806672,0.7074642248356009
7232.60199911892,-1.0,0.09214004494964635,0.7038879888229196,0.7075343169572742
7233.5909999907,-1.0,0.09214009423024831,0.7039355498149653,0.7075994887967387
7234.59900096059,-1.0,0.09214013330741488,0.7039815945966007,0.7076625408951931
7235.59099920094,-1.0,0.09214016161282959,0.7040246758694809,0.7077214709500792
7236.59600280225,-1.0,0.0921401811078099,0.7040662139688496,0.7077782052579784
7237.5989947468,-1.0,0.09214019148766417,0.7041056913658511,0.7078320218150324
7238.59400041401,-1.0,0.09214019443031082,0.7041430270771485,0.7078828011570043
7239.59299921989,-1.0,0.09214018952442501,0.7041787958621,0.7079313176314345
7240.60100018978,-1.0,0.09214017841443957,0.7042132491464814,0.7079779038338617
7241.59200266004,-1.0,0.09214016136525549,0.7042456148462248,0.7080215135710758
7242.59999357164,-1.0,0.09214013963721673,0.7042770939690592,0.7080637628942362
7243.5999982059,-1.0,0.0921401116322783,0.7043069697283479,0.7081036870404913
7244.59499381483,-1.0,0.09214008158347813,0.7043354328060054,0.7081415453196894
7245.60099318624,-1.0,0.09214004421348321,0.7043630009079171,0.7081780267874431
7246.59500308335,-1.0,0.09214000836007774,0.7043891109223895,0.7082123896948259
7247.60999456048,-1.0,0.09213996548424241,0.704414684960418,0.7082458498228337
7248.59099909663,-1.0,0.09213992229935221,0.704438399891906,0.7082766835995682
7249.59799423814,-1.0,0.09213987324666345,0.7044617696035118,0.7083068671975332
7250.59099830687,-1.0,0.09213982690980173,0.7044839019468985,0.7083352511132313
7251.59400030971,-1.0,0.09213977363966161,0.7045053858135171,0.7083625988592605
7252.59899385273,-1.0,0.09213972252646192,0.7045260802110968,0.7083887348781136
7262.61599846184,-1.0,0.09213893379562085,0.7046945241054349,0.7085913026070598
7272.60700240731,-1.0,0.09213781415811173,0.7048120049454405,0.7087156177941961
7282.61100165546,-1.0,0.09213698450782312,0.7048958390885234,0.7087884951986538
7292.61700250208,-1.0,0.0921364519385623,0.7049569399164827,0.70882740949919
7302.61900015175,-1.0,0.09213612540612644,0.7050017014077642,0.708842687081589
7312.61800043285,-1.0,0.09213593704674765,0.705034548850132,0.7088414000227955
7322.61200174689,-1.0,0.09213583843919511,0.7050586151224797,0.7088284823144954
7332.61299356818,-1.0,0.09213580030277656,0.7050761504661909,0.7088073422385383
7342.61799864471,-1.0,0.09213580423425448,0.7050887541591156,0.7087804058078504
7352.61099413037,-1.0,0.09213583793368019,0.7050976006834744,0.708749470704772
7362.62399554253,-1.0,0.09213589309241399,0.7051036044165035,0.7087157089849375
7372.60899469256,-1.0,0.09213596343494569,0.7051074102009149,0.7086802204029562
7382.61899873614,-1.0,0.09213604495503713,0.7051095517285583,0.7086435114608566
7392.60800108314,-1.0,0.09213613404582564,0.7051104110500409,0.7086062655078712
7402.61599346995,-1.0,0.09213622861862192,0.7051102968333308,0.7085687193215048
7412.60699741542,-1.0,0.09213632648267386,0.7051094459012753,0.7085312952259223
7422.61200249195,-1.0,0.09213642652142834,0.7051080413166059,0.7084940916090815
7432.61299431324,-1.0,0.09213652746970852,0.7051062302256511,0.7084573347476177
7442.61399619281,-1.0,0.09213662853229007,0.7051041265706947,0.7084211260904941
7452.61499807239,-1.0,0.09213672906860208,0.7051018205220261,0.7083855497127568
7462.611996755,-1.0,0.09213682855039566,0.7050993841764123,0.7083506785289039
7472.6109970361,-1.0,0.09213692666775058,0.7050968721198058,0.7083165312474021
7482.61100314558,-1.0,0.0921370231330057,0.705094328654992,0.7082831366651479
7492.60999336839,-1.0,0.09213711772284827,0.705091788880275,0.7082505151859718
7502.62999534607,-1.0,0.09213721049319826,0.7050892743078896,0.7082186021422129
7512.61600032449,-1.0,0.09213730083809317,0.7050868195898892,0.7081875693604589
7522.61299900711,-1.0,0.0921373891074095,0.7050844295250756,0.7081572673668289
7532.61099345982,-1.0,0.09213747517280625,0.7050821187521178,0.7081277169783466
7542.61699430645,-1.0,0.09213755907777677,0.7050798947648698,0.7080988847191981
7552.61799618602,-1.0,0.09213764071587782,0.7050777669686545,0.7080707925109896
7562.61499486864,-1.0,0.09213772011590195,0.7050757394650821,0.7080434192028459
7572.61799834669,-1.0,0.09213779738459402,0.7050738130711912,0.7080167191978973
7582.60700069368,-1.0,0.09213787240599977,0.7050719930307184,0.7079907260628192
7592.61800050735,-1.0,0.09213794549053533,0.7050702733892742,0.7079653275158333
7602.61700078845,-1.0,0.0921380164330918,0.7050686598020803,0.7079405912767989
7612.61399947107,-1.0,0.09213808535908774,0.7050671494509281,0.7079164718542461
7622.60699495673,-1.0,0.09213815230843417,0.7050657410571646,0.7078929543243435
7632.61799477041,-1.0,0.09213821747783099,0.7050644298518699,0.7078699691930592
7642.61599928141,-1.0,0.0921382807182381,0.7050632177983911,0.7078475695283869
7652.61299796402,-1.0,0.09213834216353305,0.7050621008524846,0.7078257092247173
7662.60900087655,-1.0,0.09213840186810146,0.7050610764462458,0.7078043705225606
7672.60899692774,-1.0,0.09213845991417147,0.7050601414673257,0.7077835259364778
7682.60700143874,-1.0,0.0921385163189403,0.705059293797685,0.7077631715591693
7692.60600171983,-1.0,0.09213857115096419,0.7050585304365923,0.7077432852449133
7702.61599570513,-1.0,0.09213862451239785,0.7050578480298394,0.7077238324795602
7712.61400021613,-1.0,0.09213867632979159,0.7050572454105315,0.7077048429472161
7722.62000106275,-1.0,0.09213872675528313,0.7050567186376182,0.7076862640388021
7732.60999917984,-1.0,0.09213877571563378,0.7050562662480817,0.7076681259837184
7742.61800162494,-1.0,0.0921388234217505,0.7050558841405619,0.7076503538262731
7752.61500030756,-1.0,0.09213886977702307,0.7050555709806815,0.7076329866771967
7762.60799579322,-1.0,0.09213891485868725,0.705055323948762,0.707615999176565
7772.6089976728,-1.0,0.0921389587602439,0.7050551404175276,0.7075993592859489
7782.60700218379,-1.0,0.09213900147143927,0.7050550183375864,0.7075830741685566
7792.61100143194,-1.0,0.09213904306750077,0.7050549554094276,0.7075671183801325
7792.72799938917,-1.0,0.09213904354736302,0.705054955015346,0.7075669337395566
7792.82299987972,-1.0,0.09213904393689214,0.7050549547011001,0.70756678384738
7792.92000196874,-1.0,0.0921390443345254,0.7050549543855408,0.7075666308276264
7793.02399456501,-1.0,0.09213904476069874,0.7050549540531955,0.7075664668147016
7793.13299618661,-1.0,0.0921390452072713,0.7050549537114535,0.7075662949398069
7793.22900250554,-1.0,0.09213904560049421,0.7050549534160574,0.7075661435882985
7793.31999979913,-1.0,0.09213904597310993,0.705054953140915,0.7075660001612706
7793.41500028968,-1.0,0.09213904636202175,0.7050549528586945,0.7075658504534736
7793.52400191128,-1.0,0.09213904680812972,0.7050549525412037,0.7075656787182169
7793.62799450755,-1.0,0.09213904723361653,0.7050549522445982,0.7075655149110828
7793.72699819505,-1.0,0.09213904763858165,0.7050549519679328,0.7075653589952681
7793.81999708712,-1.0,0.09213904801888753,0.7050549517131189,0.7075652125653061
7793.92499551177,-1.0,0.0921390484481508,0.7050549514313297,0.7075650472756635
7794.01900023222,-1.0,0.0921390488323671,0.7050549511843537,0.7075648993230104
7794.12800185382,-1.0,0.09213904927775876,0.7050549509042553,0.7075647278031171
7794.22100074589,-1.0,0.09213904965765987,0.7050549506706061,0.7075645814950683
7794.32399757206,-1.0,0.0921390500782895,0.7050549504175617,0.7075644194910052
7794.42699439824,-1.0,0.09213905049880176,0.7050549501705302,0.7075642575215836
7794.52699385583,-1.0,0.09213905090696485,0.7050549499364389,0.7075641002988591
7794.61899697781,-1.0,0.09213905128239244,0.7050549497260686,0.7075639556770832
7794.72000226378,-1.0,0.09213905169444671,0.7050549495006336,0.7075637969364039
7794.82599645853,-1.0,0.0921390521267322,0.7050549492702725,0.707563630390896
7794.92799751461,-1.0,0.09213905254261472,0.7050549490545913,0.7075634701542737
7795.01599743962,-1.0,0.09213905290131859,0.7050549488732438,0.7075633319397102
7795.12099586427,-1.0,0.09213905332919888,0.7050549486625941,0.7075631670599541
7795.22599428892,-1.0,0.09213905375695634,0.7050549484581755,0.7075630022161089
7795.32599374652,-1.0,0.09213905416423883,0.7050549482692795,0.7075628452538437
7795.41700109839,-1.0,0.0921390545348031,0.7050549481022778,0.7075627024341612
7795.52099369466,-1.0,0.09213905495812937,0.7050549479171712,0.7075625392694671
7795.6260021776,-1.0,0.09213905538547043,0.7050549477364492,0.7075623745465427
7795.72699740529,-1.0,0.09213905579636487,0.7050549475685018,0.7075622161528952
7795.81900052726,-1.0,0.09213905617057778,0.7050549474205142,0.7075620718906832
7795.92100158334,-1.0,0.09213905658534748,0.705054947262022,0.7075619119837259
7796.02300263941,-1.0,0.0921390570000028,0.7050549471093923,0.7075617521105731
7796.12800106406,-1.0,0.09213905742672361,0.7050549469583989,0.70756158757474
7796.21600098908,-1.0,0.092139057784268,0.7050549468366315,0.707561449703664
7796.31899781525,-1.0,0.09213905820263793,0.7050549466996497,0.7075612883686013
7796.4239962399,-1.0,0.09213905862901907,0.7050549465661505,0.7075611239336547
7796.5239956975,-1.0,0.09213905903498805,0.7050549464447723,0.707560967360695
7796.62700258195,-1.0,0.09213905945305191,0.7050549463256225,0.7075608061127995
7796.71899564564,-1.0,0.09213905982631695,0.7050549462242539,0.707560662135116
7796.82099670172,-1.0,0.09213906024008159,0.7050549461174166,0.7075605025260617
7796.9329956919,-1.0,0.09213906069427158,0.7050549460068373,0.7075603273112829
7797.01700247824,-1.0,0.09213906103485468,0.7050549459285179,0.7075601959150635
7797.11899347603,-1.0,0.09213906144824638,0.7050549458387552,0.7075600364201926
7797.22499772906,-1.0,0.09213906187778427,0.7050549457516453,0.7075598706850253
7797.32599295676,-1.0,0.09213906228691301,0.7050549456745135,0.7075597128151775
7797.42799401283,-1.0,0.09213906270000438,0.7050549456024173,0.7075595534065674
7797.5199971348,-1.0,0.09213906307250867,0.705054945542389,0.7075594096517228
7797.62199819088,-1.0,0.0921390634853857,0.7050549454813805,0.7075592503070969
7797.72299341857,-1.0,0.09213906389408047,0.7050549454267138,0.7075590925668913
7797.82800190151,-1.0,0.09213906431889868,0.7050549453759292,0.7075589285934955
7797.91699759662,-1.0,0.09213906467884297,0.7050549453377194,0.7075587896523545
7798.01999442279,-1.0,0.09213906509530835,0.7050549452990291,0.7075586288844052
7798.12399707735,-1.0,0.09213906551572476,0.7050549452659799,0.7075584665812006
7798.22699390352,-1.0,0.09213906593196046,0.7050549452392088,0.7075583058820579
7798.32899495959,-1.0,0.09213906634405916,0.7050549452185368,0.7075581467702742
7798.41699488461,-1.0,0.09213906669950132,0.7050549452053716,0.7075580095258592
7798.52399490774,-1.0,0.09213906713157498,0.7050549451951883,0.7075578426825808
7798.62599596381,-1.0,0.09213906754334793,0.7050549451914293,0.7075576836684561
7798.72999861836,-1.0,0.09213906796308625,0.7050549451935728,0.7075575215684596
7798.81700277328,-1.0,0.0921390683141322,0.7050549451999997,0.7075573859893237
7798.92099536955,-1.0,0.09213906873361695,0.7050549452132174,0.707557223968965
7799.02299642563,-1.0,0.09213906914495577,0.7050549452320365,0.7075570650852383
7799.1259932518,-1.0,0.09213906956019728,0.7050549452569199,0.7075569046844012
7799.21799637377,-1.0,0.09213906993102071,0.7050549452841425,0.7075567614333279
7799.31900165975,-1.0,0.09213907033801869,0.7050549453194551,0.7075566041970144
7799.41900111735,-1.0,0.0921390707408531,0.705054945360009,0.7075564485587965
7799.52600114048,-1.0,0.09213907117176794,0.7050549454095619,0.7075562820605534
7799.62699636817,-1.0,0.0921390715783857,0.7050549454621747,0.7075561249398633
7799.72899742424,-1.0,0.0921390719889403,0.7050549455210654,0.707555966287631
7799.81899894774,-1.0,0.09213907235110251,0.7050549455778288,0.7075558263271869
7799.92399737239,-1.0,0.09213907277349993,0.7050549456497369,0.7075556630780734
7800.02800002694,-1.0,0.0921390731917728,0.7050549457269973,0.7075555014120319
7800.11699572206,-1.0,0.09213907354959755,0.7050549457978759,0.7075553631009779
7800.2219941467,-1.0,0.09213907397165302,0.7050549458871499,0.7075551999522273
7800.32700262964,-1.0,0.09213907439363235,0.7050549459825478,0.7075550368231941
7800.4209972918,-1.0,0.09213907477125227,0.7050549460731249,0.7075548908339302
7800.52799731493,-1.0,0.09213907520100499,0.7050549461821941,0.7075547246796365
7800.62999837101,-1.0,0.09213907561056547,0.7050549462920724,0.7075545663220933
7800.72499886155,-1.0,0.09213907599191656,0.7050549463995913,0.7075544188629483
7800.81899352372,-1.0,0.09213907636913503,0.7050549465108892,0.7075542729934714
7800.91799721122,-1.0,0.09213907676635372,0.7050549466334047,0.7075541193811012
7801.0190024972,-1.0,0.09213907717149558,0.705054946763985,0.7075539626953948
7801.12699829042,-1.0,0.09213907760455721,0.7050549469098433,0.7075537952016637
7801.22699774802,-1.0,0.09213907800544355,0.7050549470506503,0.7075536401429184
7801.32399983704,-1.0,0.09213907839420984,0.7050549471925163,0.7075534897624136
7801.41699872911,-1.0,0.09213907876683733,0.7050549473334078,0.7075533456162129
7801.52699612081,-1.0,0.09213907920745534,0.7050549475062158,0.7075531751583731
7801.6179934144,-1.0,0.09213907957186707,0.7050549476542224,0.7075530341732976
7801.72199606895,-1.0,0.09213907998825274,0.7050549478289766,0.7075528730709548
7801.8160007894,-1.0,0.09213908036451177,0.7050549479920647,0.7075527274853205
7801.92199498415,-1.0,0.09213908078864677,0.705054948181797,0.7075525633653287
7802.02799923718,-1.0,0.09213908121270288,0.70505494837774,0.70755239926559
7802.12099812925,-1.0,0.09213908158463473,0.7050549485547414,0.7075522553282781
7802.22799815238,-1.0,0.09213908201244826,0.705054948764283,0.7075520897550711
7802.32000127435,-1.0,0.09213908238019486,0.7050549489494962,0.7075519474174239
7802.42200233042,-1.0,0.09213908278779494,0.7050549491602816,0.7075517896435237
7802.52000018954,-1.0,0.09213908317929119,0.7050549493681854,0.7075516380929147
7802.62399278581,-1.0,0.09213908359462132,0.705054949594583,0.707551477305059
7802.74599976838,-1.0,0.12701433113638083,0.7029241897385409,0.7050766022742403
7802.8430018574,-1.0,0.12703822089874744,0.699590240152058,0.7011307322176388
7802.94199548662,-1.0,0.1270640224323703,0.696235252739024,0.6971484767131768
7803.04899550974,-1.0,0.12709715153368192,0.6926621452107106,0.6928940446836722
7803.14500182867,-1.0,0.1271342244941431,0.6891203012125089,0.6895024539645712
7803.24299968779,-1.0,0.1271820382526702,0.6853103550825067,0.6863215334890642
7803.34399491549,-1.0,0.12724507161007673,0.6814280685408135,0.6830891818946904
7803.4319948405,-1.0,0.12731424693559118,0.6780817991966348,0.6803098209195498
7803.54299806058,-1.0,0.1274248376309581,0.6739093690662611,0.6768518296032583
7803.64000014961,-1.0,0.1275471941233402,0.6703079407915573,0.6738724190322068
7803.7319932133,-1.0,0.12768962011593823,0.6669316147808756,0.6710821306825053
7803.84400226176,-1.0,0.12790389797784252,0.6628732759906262,0.6677292413159226
7803.93799692392,-1.0,0.1281239919257344,0.6595136018327237,0.6649516307168993
7804.03499901295,-1.0,0.12839563011822544,0.6560921370439611,0.66211784489845
7804.13299687207,-1.0,0.12872222742709116,0.6526847492983967,0.6592868067484475
7804.2390011251,-1.0,0.12914226662934042,0.649057460899365,0.6562581297608977
7804.33699898422,-1.0,0.1295996058967891,0.6457610619441907,0.6534870029711918
7804.43499684334,-1.0,0.1301302140496519,0.6425221873649622,0.6507412507634299
7804.54499423504,-1.0,0.13082103470783354,0.638958532363955,0.6476867288130108
7804.63899895549,-1.0,0.13149704728571882,0.6359755359767547,0.6450970719161824
7804.73299361765,-1.0,0.13225635496459742,0.6330520256645206,0.6425249160915617
7804.84500266612,-1.0,0.1332737341233322,0.6296463473808652,0.6394801290719513
7804.93999309838,-1.0,0.13423388093330016,0.6268242739294305,0.6369139625555579
7805.0359994173,-1.0,0.13529434484505204,0.6240321147251097,0.63433433922053
7805.13399727643,-1.0,0.13646690790816632,0.6212414711346004,0.6317153405160192
7805.24200312793,-1.0,0.13785759360869362,0.6182304117234044,0.6288457094824509
7805.33699356019,-1.0,0.13915706594998956,0.6156328191833027,0.6263373234468348
7805.4350014776,-1.0,0.1405614118570339,0.612996357817961,0.6237657622199317
7805.54299727082,-1.0,0.14216748319590672,0.6101349615010094,0.6209536836173742
7805.63799776137,-1.0,0.14361516418311362,0.6076491105202075,0.6185008178851601
7805.73700144887,-1.0,0.1451413321157493,0.6050831249403142,0.6159676419641371
7805.84199987352,-1.0,0.14675977011498886,0.6023825663348453,0.6133093189819439
7805.94299510121,-1.0,0.1482972677682355,0.5997992843884657,0.6107821162940915
7806.04099296033,-1.0,0.1497544017199805,0.5973013670697829,0.608359735138678
7806.13599345088,-1.0,0.15112068444891436,0.5948844781785096,0.6060409091460572
7806.24399930239,-1.0,0.1526046609741026,0.5921388120098499,0.6034411977978942
7806.34199716151,-1.0,0.1538770989274347,0.5896470998648053,0.6011168585165164
7806.43699765205,-1.0,0.155036674915391,0.5872296383127821,0.5988953348681396
7806.54499344528,-1.0,0.1562614957157172,0.5844779700538767,0.5964079692870691
7806.64300136268,-1.0,0.1572849865361218,0.5819770017873193,0.5941855002861409
7806.73800185323,-1.0,0.15819721970513384,0.5795492333769582,0.5920624865647777
7806.83300234377,-1.0,0.15903236890170103,0.577118169496423,0.5899696956276481
7806.93300180137,-1.0,0.15983146717789978,0.5745559994351634,0.587798852460243
7807.03599862754,-1.0,0.16057286684667407,0.5719142960141075,0.5855964485279601
7807.13599808514,-1.0,0.1612185053212936,0.5693476336248988,0.5834897350496999
7807.23500177264,-1.0,0.16179105175126438,0.5668056061417115,0.5814337604630839
7807.34399333596,-1.0,0.1623510257112486,0.5640071879175813,0.5792034684582422
7807.43799805641,-1.0,0.16277997199637237,0.5615946067850185,0.5773067280301493
7807.53700174391,-1.0,0.16318298375796428,0.559055768768628,0.575335072357294
7807.63399377465,-1.0,0.16353358288795228,0.5565714652198467,0.573428411789963
7807.74099379778,-1.0,0.16387510412859532,0.5538352727510921,0.5713526023287436
7807.83900171518,-1.0,0.1641505901105683,0.5513340575580414,0.5694757092617713
7807.93499797583,-1.0,0.164389630777762,0.5488896846258945,0.5676591811554909
7808.04299376905,-1.0,0.16462640245646032,0.5461471985729096,0.5656404740179336
7808.14199745655,-1.0,0.16481661150664492,0.5436407861683159,0.5638121484434164
7808.236002177,-1.0,0.16497632718609628,0.5412684269871842,0.5620951611373294
7808.34499374032,-1.0,0.16513906268108686,0.5385277311591812,0.5601267963718439
7808.44300165772,-1.0,0.16526710317108653,0.5360729020693639,0.5583765628740001
7808.53899791837,-1.0,0.1653777173086183,0.5336778434782199,0.5566797634004396
7808.63300263882,-1.0,0.16547339329310104,0.5313418937434242,0.5550344004092809
7808.73300209641,-1.0,0.16556321469738236,0.528867627978672,0.553301162532523
7808.84299948812,-1.0,0.1656493034770022,0.5261591192732159,0.5514142497774509
7808.93899574876,-1.0,0.16571490664505492,0.52380695248742,0.5497837439553593
7809.03699360788,-1.0,0.1657738232320172,0.521417167366825,0.5481343328040914
7809.14499945939,-1.0,0.1658304441122495,0.5187969831135167,0.5463335784398059
7809.23899412155,-1.0,0.16587347981670633,0.5165285605227543,0.5447805753585687
7809.33899357915,-1.0,0.16591364881517204,0.5141275036800067,0.5431423769983887
7809.4329982996,-1.0,0.1659467516287275,0.5118820719429575,0.5416151816144619
7809.54099409282,-1.0,0.1659798605678123,0.5093165496264149,0.5398755522711269
7809.63999778032,-1.0,0.16600617248843455,0.5069779900035669,0.5382943383589945
7809.73499827087,-1.0,0.16602820326661935,0.5047460516476364,0.5367889254053877
7809.84999462962,-1.0,0.1660512229898208,0.5020602120710574,0.5349817551158981
7809.94299352169,-1.0,0.16606725067610054,0.4999008832626287,0.5335320545711121
7810.03899984062,-1.0,0.1660817020635561,0.49768370268918255,0.5320462258123259
7810.14399826527,-1.0,0.1660953427500837,0.49527277960030647,0.530433430014455
7810.23399978876,-1.0,0.16610547979184206,0.49321778502755026,0.529060881877199
7810.34099981189,-1.0,0.16611588925288537,0.4907885416692214,0.5274406923350612
7810.44199503958,-1.0,0.16612430413742268,0.48850942769929634,0.5259226982281687
7810.54000295699,-1.0,0.1661313461666818,0.48631050438685813,0.5244598156008067
7810.63499338925,-1.0,0.1661372615569692,0.484191254738942,0.5230513499410291
7810.74999980628,-1.0,0.1661434096013126,0.48164116247564814,0.5213581580796964
7810.84399446845,-1.0,0.16614774108402633,0.47956970849966896,0.5199838969956226
7810.938994959,-1.0,0.16615159278979305,0.47748767964306943,0.5186034891235891
7811.04999817908,-1.0,0.16615554689841938,0.47506963764727594,0.517001211461527
7811.137002334,-1.0,0.16615831729662348,0.4731854105121154,0.5157532060673834
7811.23200282454,-1.0,0.1661610881236287,0.4711390340600858,0.5143982178951728
7811.33099645376,-1.0,0.16616376393270696,0.469018839144244,0.512994675389502
7811.44400127232,-1.0,0.16616664772597686,0.4666137105667623,0.5114027298211594
7811.53799593449,-1.0,0.16616897716673032,0.46462543796024597,0.5100867318337446
7811.63999699056,-1.0,0.16617149883364465,0.46248034915185526,0.5086668234334706
7811.7359932512,-1.0,0.16617391332893902,0.4604734280373976,0.5073381268445588
7811.84199750423,-1.0,0.16617668876426903,0.458270626463861,0.5058793116335853
7811.94300279021,-1.0,0.16617949457462958,0.4561847054859816,0.5044973217315764
7812.04399801791,-1.0,0.16618250481340666,0.4541116420139676,0.5031231372220507
7812.13600113988,-1.0,0.1661854622000688,0.4522341383257574,0.5018778410502606
7812.23199740052,-1.0,0.16618880670881434,0.4502862971435153,0.5005850047800331
7812.33699582517,-1.0,0.16619281230161162,0.4481688202136021,0.4991783844046979
7812.44099847972,-1.0,0.1661971718458863,0.44608483108217234,0.49779261501094796
7812.53699474037,-1.0,0.1662015769462946,0.4441731137381565,0.49652001505342647
7812.64199316502,-1.0,0.16620685525427462,0.44209514703078007,0.4951350508129043
7812.75499798357,-1.0,0.13188383534542528,0.44232955473501756,0.4955458733437975
7812.85999640822,-1.0,0.1318537839626111,0.4447178314604831,0.4976955578064571
7812.94999793172,-1.0,0.13183352590000702,0.4467247665479902,0.4995038921606925
7813.05299475789,-1.0,0.1318151984527704,0.4489771547122667,0.5015347895387581
7813.15400004387,-1.0,0.13180149162875102,0.4511413708806815,0.5034870471433952
7813.24699893594,-1.0,0.13179202878648433,0.45309609400157946,0.5052506212450703
7813.34899999201,-1.0,0.13178453483505023,0.4551993925967565,0.5071481148658482
7813.45499418676,-1.0,0.13177935940666452,0.45734129928704287,0.5090798418973567
7813.55199627578,-1.0,0.1317764466453003,0.4592635707381482,0.5108125901488395
7813.65800052881,-1.0,0.13177479638961254,0.46132395048064023,0.5126685093784633
7813.74699622393,-1.0,0.13177432549746684,0.46302215920798034,0.5141968848083547
7813.85300047696,-1.0,0.13177451952555766,0.46500837376877086,0.5159826334608604
7813.95399570465,-1.0,0.13177517697038357,0.46686479774248413,0.5176495962990414
7814.05599676073,-1.0,0.13177605694310107,0.46870513145320053,0.5192998112522185
7814.14899565279,-1.0,0.13177686277158257,0.47035359435336205,0.5207757851283155
7814.25000093877,-1.0,0.13177757306646298,0.4721130162805521,0.52234856608758
7814.36599306762,-1.0,0.13177798573186494,0.47409485138283053,0.5241166898937979
7814.45900201797,-1.0,0.131777872727776,0.4756549953709525,0.5255057482768145
7814.55900147557,-1.0,0.1317771919342885,0.4773044152158841,0.5269713114630207
7814.65299613774,-1.0,0.1317759305765391,0.47882904412592964,0.5283230470672386
7814.75400142372,-1.0,0.13177381038154112,0.48044032583879986,0.5297482860468555
7814.85600247979,-1.0,0.13177077655197664,0.48203981106217597,0.5311594527562084
7814.94999714196,-1.0,0.1317671133169953,0.4834897865896197,0.5324353461797627
7815.05299396813,-1.0,0.1317620717732543,0.4850529601599949,0.5338070014774869
7815.15399925411,-1.0,0.1317560136833363,0.4865605487760791,0.535125834257819
7815.25899767876,-1.0,0.13174847721919364,0.4881018700778654,0.5364697742505764
7815.34899920225,-1.0,0.13174096051785664,0.48940262677134644,0.5376002617770528
7815.44999442995,-1.0,0.13173131105539942,0.4908404427523811,0.5388456748565401
7815.5539970845,-1.0,0.13171997766237659,0.4922976054829652,0.5401030676935401
7815.65699391067,-1.0,0.13170730309660703,0.4937178795984719,0.5413236976058907
7815.75799919665,-1.0,0.13169342264332182,0.49508929336259117,0.5424974197678674
7815.84699489176,-1.0,0.13167996584960429,0.4962805692411434,0.5435128181983497
7815.95500074327,-1.0,0.13166204750192226,0.4977054281882093,0.5447219424673002
7816.05700179935,-1.0,0.1316434861408961,0.4990306427678025,0.5458409519785986
7816.14599749446,-1.0,0.13162595949658476,0.5001711440594017,0.5467994573916108
7816.25099591911,-1.0,0.13160365057257906,0.5014983936348629,0.5479093407938466
7816.35200120509,-1.0,0.1315804911741599,0.5027569785184269,0.5489559732131891
7816.45400226116,-1.0,0.13155537997432265,0.5040104153510557,0.5499923732999302
7816.55799485743,-1.0,0.13152796500674435,0.5052707110320105,0.5510281395442996
7816.64900220931,-1.0,0.131502449294569,0.5063594731456199,0.5519175897512797
7816.75299480557,-1.0,0.13147152718343505,0.5075878824155279,0.5529148866958049
7816.85699746013,-1.0,0.13143869553712528,0.5088001649334413,0.5538923024641985
7816.95800274611,-1.0,0.13140496466136295,0.5099624456351217,0.55482277245686
7817.06199534237,-1.0,0.1313683177144976,0.5111440831381403,0.5557617799251242
7817.15399846435,-1.0,0.13133425997899575,0.5121771727882556,0.5565767500485553
7817.25300215185,-1.0,0.1312958835563572,0.5132763503589464,0.5574374702104063
7817.35499314964,-1.0,0.13125446633017354,0.5143955379461118,0.5583068351345014
7817.45099946856,-1.0,0.13121372561277647,0.5154372352117872,0.5591093996905772
7817.54899732769,-1.0,0.13117037986998023,0.516489091910353,0.5599130964646833
7817.65099838376,-1.0,0.13112337091527,0.5175720200942336,0.5607332660550169
7817.76000000536,-1.0,0.13107099938250774,0.518716304576217,0.561591620944864
7817.84899570048,-1.0,0.13102660276086456,0.5196409563264486,0.5622788121092426
7817.94799938798,-1.0,0.13097548584336577,0.5206597638806418,0.56302914916661
7818.05700100958,-1.0,0.1309171062622589,0.5217698756599732,0.563838355195433
7818.15799623728,-1.0,0.13086105546637983,0.5227879818119121,0.5645726096869398
7818.25699992478,-1.0,0.13080428801950064,0.5237765742027749,0.5652781802330817
7818.35299618542,-1.0,0.13074753068829714,0.5247265065543599,0.5659491388571365
7818.4540014714,-1.0,0.13068599944182924,0.5257171336670285,0.5666413619944235
7818.55299510062,-1.0,0.13062390206996294,0.5266794940746607,0.5673063844213738
7818.64900141954,-1.0,0.13056199673294083,0.5276050070384579,0.5679389014435989
7818.74999664724,-1.0,0.13049510058324287,0.5285705902963896,0.5685913285955253
7818.84999610484,-1.0,0.13042708761085073,0.5295188154343305,0.5692244971635441
7818.95800195634,-1.0,0.1303516628509625,0.5305344985771192,0.569894329911669
7819.04799342155,-1.0,0.13028727387407107,0.5313742850379244,0.5704415436872533
7819.14699710906,-1.0,0.13021483184427085,0.5322915789033134,0.5710323584542656
7819.25599873066,-1.0,0.13013315101099684,0.5332937758653149,0.571669559531287
7819.35699395835,-1.0,0.13005569220556523,0.5342153690943301,0.5722478211559817
7819.44999285042,-1.0,0.1299828724500454,0.5350582405109299,0.5727702118741713
7819.55799870193,-1.0,0.1298965269193902,0.5360304187775801,0.573365044313455
7819.65399496257,-1.0,0.12981820124618237,0.536888634585997,0.5738832898158878
7819.75200287998,-1.0,0.12973671916497204,0.537759317142497,0.5744025011777799
7819.85399387777,-1.0,0.12965032150685585,0.5386596387949925,0.5749324575345356
7819.94899436831,-1.0,0.12956839327739642,0.5394931306495795,0.5754168253970492
7820.06099335849,-1.0,0.12947003144332803,0.5404695985497119,0.5759766895821895
7820.14999911189,-1.0,0.12939051237872667,0.5412409716070046,0.5764132190315973
7820.25900073349,-1.0,0.12929152360015783,0.5421802077946819,0.5769379398310794
7820.35799436271,-1.0,0.12920011239350257,0.5430281529514172,0.577405322783135
7820.44700011611,-1.0,0.12911671239002454,0.5437865333179487,0.5778183107838217
7820.55400013924,-1.0,0.1290149527240784,0.5446933162692876,0.5783059708777333
7820.66199593246,-1.0,0.12891060881820507,0.545603206215578,0.5787886871943113
7820.75600065291,-1.0,0.12881846141588227,0.5463909432422447,0.5792013461177867
7820.85800170898,-1.0,0.12871711123179402,0.5472412680237282,0.5796414175659438
7820.95899693668,-1.0,0.12861537706637388,0.5480787451104632,0.5800695033648186
7821.04999423027,-1.0,0.128522549183313,0.548829565164025,0.5804488931474955
7821.15399688482,-1.0,0.1284151192359794,0.5496833885648927,0.5808753977982807
7821.2559979409,-1.0,0.12830839054458945,0.5505163636710081,0.5812865620678992
7821.36200219393,-1.0,0.12819605716497795,0.5513774338704314,0.581706631334219
7821.45000211895,-1.0,0.1281017229656558,0.552088720372486,0.5820499306393556
7821.55099734664,-1.0,0.12799226371995145,0.5529011072624216,0.5824380622011132
7821.65099680424,-1.0,0.12788263865212013,0.553701343144157,0.5828163941704381
7821.74700312316,-1.0,0.12777623780101935,0.5544657457650574,0.5831742160397375
7821.84799835086,-1.0,0.12766310074291298,0.5552657592073323,0.5835451154225924
7821.95699997246,-1.0,0.12753961936594954,0.5561244420010484,0.5839392981092557
7822.05699943006,-1.0,0.1274251053293317,0.5569078476148991,0.5842955494848958
7822.15699888766,-1.0,0.12730942984769705,0.5576870461806998,0.584646848745767
7822.27199524641,-1.0,0.1271749815893341,0.5585778408118388,0.5850449432456045
7822.3529946059,-1.0,0.12707937624064417,0.5592018674143926,0.5853217039499786
7822.45399989188,-1.0,0.12695912142450552,0.5599760105270344,0.5856627594947169
7822.55499511957,-1.0,0.12683774096755493,0.5607455611128734,0.585999434034564
7822.65600040555,-1.0,0.12671522543327754,0.5615106086162177,0.5863319694758875
7822.7609988302,-1.0,0.1265866911705456,0.5623009671039773,0.5866734084531742
7822.85100035369,-1.0,0.12647557203949536,0.5629743558467096,0.5869627671334943
7822.95199558139,-1.0,0.12634985503246762,0.5637254249830402,0.587283972611449
7823.069999367,-1.0,0.1262016104814936,0.5645967233617485,0.5876547777048932
7823.14699552953,-1.0,0.1261041045322555,0.5651615233068052,0.5878942161473465
7823.24899658561,-1.0,0.12597400250489932,0.5659051447228823,0.5882084904609411
7823.35799820721,-1.0,0.12583382152739964,0.5666939083227205,0.5885408050618502
7823.45700189471,-1.0,0.1257054812080229,0.567404911157973,0.588839608589132
7823.55700135231,-1.0,0.1255748837451661,0.5681177145193997,0.5891386139386152
7823.66699874401,-1.0,0.1254301276418766,0.5688954288319515,0.5894643987606223
7823.75299707055,-1.0,0.12531616506794127,0.5694987215233016,0.5897169244605087
7823.85499812663,-1.0,0.12518011501805532,0.5702087758720938,0.5900140662597373
7823.95599335432,-1.0,0.12504448162870052,0.5709058552004329,0.5903058488715438
7824.0579944104,-1.0,0.12490658487072684,0.5716036930350974,0.5905981838382285
7824.15099330246,-1.0,0.12478007716007017,0.5722344162763014,0.5908627422384569
7824.25199858844,-1.0,0.12464185466062258,0.5729133480350009,0.5911480285347486
7824.35699701309,-1.0,0.12449728239531288,0.5736122637827809,0.5914424246058111
7824.44699853659,-1.0,0.12437266043327433,0.5742056903326357,0.5916930841254545
7824.54799376428,-1.0,0.12423206696218304,0.5748653069549446,0.5919725888223417
7824.64999482036,-1.0,0.1240892961089817,0.5755245961291591,0.5922530429355577
7824.75699484348,-1.0,0.123938718003906,0.5762086244540356,0.592545341116621
7824.85800012946,-1.0,0.123795843523017,0.5768471049698641,0.5928195481189981
7824.94800165296,-1.0,0.12366795806433523,0.5774100330120857,0.5930625309670872
7825.0539958477,-1.0,0.12351667986408749,0.57806565260307,0.5933471165760115
7825.15599690378,-1.0,0.12337043717127934,0.5786890078745349,0.5936194398379182
7825.25799795985,-1.0,0.12322358001953687,0.5793048524002526,0.593890300237836
7825.3529984504,-1.0,0.12308627632888236,0.5798716114198681,0.5941412985477206
7825.452997908,-1.0,0.1229412285620917,0.5804610312904356,0.5944042201438423
7825.55399313569,-1.0,0.12279422650130137,0.5810488135403635,0.5946684620237198
7825.64999945462,-1.0,0.12265403995760502,0.5816005274477617,0.5949184751827371
7825.74899308383,-1.0,0.12250905908939967,0.5821621680199763,0.5951751093026381
7825.85099413991,-1.0,0.12235925028546712,0.5827331714942701,0.5954383347268798
7825.95799416304,-1.0,0.12220167403864979,0.5833237412610377,0.5957131775484847
7826.05899944901,-1.0,0.1220525613201253,0.5838733092726592,0.5959714434069178
7826.14799514413,-1.0,0.12192091194860252,0.5843511678212805,0.5961980707067186
7826.25600099564,-1.0,0.12176084123377597,0.5849231090948521,0.5964719561694817
7826.35499462485,-1.0,0.12161385650992712,0.585439576914099,0.5967219058583734
7826.45699568093,-1.0,0.12146217526344538,0.5859640465435553,0.5969783779291792
7826.55100040138,-1.0,0.12132220546777857,0.586440525452629,0.5972137930589186
7826.65099985898,-1.0,0.12117314987063028,0.5869401956910406,0.5974632301626169
7826.75199508667,-1.0,0.1210224729284436,0.5874373715947319,0.5977141237131184
7826.84499397874,-1.0,0.12088363047931487,0.5878886049960064,0.597944246043789
7826.94800086319,-1.0,0.12072977574716076,0.5883810305817878,0.598198127191927
7827.05000191927,-1.0,0.12057738059453597,0.588861106270743,0.5984484920929688
7827.1570019424,-1.0,0.12041750484074794,0.589356755873774,0.5987100210245873
7827.25700139999,-1.0,0.12026811017547097,0.5898127079845173,0.5989534175561496
7827.35799662769,-1.0,0.12011727957802432,0.5902661715932136,0.599198236791831
7827.44999974966,-1.0,0.11997994892646716,0.590673202982105,0.5994203828609224
7827.55400240421,-1.0,0.1198248054947906,0.5911264079844799,0.5996704975332487
7827.65499763191,-1.0,0.11967427572456041,0.5915595964229166,0.5999123575562408
7827.76199765503,-1.0,0.11951496470756874,0.5920112542093007,0.6001674962368676
7827.86100134254,-1.0,0.11936773836721429,0.5924225969806629,0.6004025559846794
7827.94999703765,-1.0,0.1192355598739997,0.5927870698928175,0.6006130218859715
7828.05299386382,-1.0,0.11908280190712976,0.5932027463218912,0.6008556125116385
7828.15699651837,-1.0,0.11892883288303446,0.5936158987947111,0.6010994888239738
7828.24799381196,-1.0,0.11879437400336292,0.5939720599255056,0.6013119711023652
7828.34899909794,-1.0,0.11864542301442865,0.5943616930494585,0.6015468388826449
7828.46799865365,-1.0,0.11847036956354506,0.5948132069622277,0.6018222145046928
7828.55699434876,-1.0,0.11833978334313333,0.5951456657498507,0.6020272106400614
7828.65799963474,-1.0,0.11819194209159957,0.5955177011050745,0.6022588829537457
7828.75399589539,-1.0,0.11805179033593324,0.5958661812269128,0.6024780882354593
7828.85299958289,-1.0,0.11790761882189585,0.5962204776399895,0.6027031578826936
7828.95299904048,-1.0,0.11776240736785615,0.5965731932882897,0.602929454220694
7829.06400226057,-1.0,0.11760171417812987,0.5969588041146697,0.6031794270402869
7829.15000058711,-1.0,0.11747758701442873,0.597253364757847,0.6033722019534433
7829.2500000447,-1.0,0.11733366205035654,0.5975913861634632,0.6035953846650209
7829.35400269926,-1.0,0.1171844960630708,0.5979379205532371,0.6038263797438991
7829.45799529552,-1.0,0.11703593949231553,0.5982794313014915,0.6040561980183728
7829.5590005815,-1.0,0.1168922015315145,0.5986064738925065,0.6042783093889059
7829.6590000391,-1.0,0.1167504494993364,0.5989258501939652,0.6044971319509003
7829.75400052965,-1.0,0.11661631214772583,0.5992252966468058,0.6047040192841316
7829.85600158572,-1.0,0.1164728823916635,0.5995426171118924,0.604925067388831
7829.95999418199,-1.0,0.11632727495378699,0.5998617639703452,0.6051492736570615
7830.05100153387,-1.0,0.11620034450781609,0.6001375139769846,0.6053445251391579
7830.15300258994,-1.0,0.11605866739623014,0.6004427553191376,0.605562293649717
7830.25300204754,-1.0,0.11592037941324809,0.6007381863482503,0.6057746888958734
7830.35199567676,-1.0,0.11578408228659849,0.6010270174716419,0.6059838726019005
7830.45599833131,-1.0,0.1156415368719758,0.6013266784255878,0.6062024859751647
7830.5469956249,-1.0,0.11551740295905384,0.6015857328618595,0.606392797958271
7830.65500147641,-1.0,0.11537077011195751,0.6018895240587495,0.6066175092518263
7830.7469945401,-1.0,0.1152464839171028,0.6021452025024431,0.6068079005843641
7830.85099719465,-1.0,0.1151066543747487,0.60243094179995,0.6070220343386334
7830.95900304615,-1.0,0.1149622190568555,0.602724048220057,0.6072431606071874
7831.05200193822,-1.0,0.11483849068064116,0.6029735116932706,0.6074325455880333
7831.15599453449,-1.0,0.11470084512145484,0.6032493594039955,0.6076432043074083
7831.25099502504,-1.0,0.1145757625079431,0.6034985538014619,0.6078346213365035
7831.35499767959,-1.0,0.11443955768999485,0.603768365851411,0.6080430556978841
7831.44700080156,-1.0,0.11431970974448644,0.6040044946273145,0.6082264669739087
7831.55499659479,-1.0,0.11417979828285799,0.604278710317896,0.6084405914831724
7831.64699971676,-1.0,0.11406126713269099,0.604509845961453,0.6086220155347593
7831.74999654293,-1.0,0.11392929836060212,0.6047659653103523,0.6088240391921985
7831.85899816453,-1.0,0.1137904748046369,0.6050340568182379,0.6090366029478752
7831.94999545813,-1.0,0.1136752449969082,0.6052555897844598,0.6092130846179377
7832.05599971116,-1.0,0.11354178632366113,0.6055110836866547,0.609417559679665
7832.14999437332,-1.0,0.11342414332248374,0.6057353724683667,0.6095978722689593
7832.25499279797,-1.0,0.11329350472376414,0.605983459720104,0.6097981903116054
7832.35899545252,-1.0,0.11316491619993731,0.6062266880908871,0.609995465687677
7832.4500028044,-1.0,0.11305305951211982,0.606437520080751,0.6101671621511623
7832.55799859762,-1.0,0.11292112819445704,0.6066853545555392,0.6103697881617401
7832.64899589121,-1.0,0.11281064382447828,0.6068922246112277,0.6105395813059026
7832.66299702227,-1.0,0.11279369971502155,0.6069238978248002,0.6105656302039683
7842.67699420452,1.0,0.09978569975513508,0.6300623988702303,0.6317177426889901
7852.66999974847,1.0,0.09532728986316343,0.6434935347225925,0.6444625615339258
7862.67600059509,1.0,0.09338608374003715,0.6532009750334081,0.6535051607604887
7872.67000190914,1.0,0.09241169095059998,0.6604554966487793,0.6608321949232157
7882.6729953289,1.0,0.09186076507934177,0.6660963142584793,0.6671517444020865
7892.67899617553,1.0,0.09152142060630658,0.6708398834191309,0.6725596138257169
7902.67099589109,1.0,0.09129844369771362,0.6749294335543411,0.6772939669170894
7912.67499513924,1.0,0.09114376411762228,0.6785365149148258,0.6815277840440954
7922.67799861729,1.0,0.09103215109413583,0.6817642085102079,0.6853642808033767
7932.67099410295,1.0,0.09094895442076235,0.684687231462641,0.6888789335210203
7942.67899654806,1.0,0.0908850794132956,0.6873689621717034,0.6921377935920595
7952.67099626362,1.0,0.09083507998883178,0.6898433695410048,0.6951740995895082
7962.66900077462,1.0,0.09079510407893573,0.6921487128479713,0.6980282904527274
7972.67399579287,1.0,0.09076262790085374,0.6943104181624182,0.7007266372177099
7982.67599344254,1.0,0.09073590698346459,0.6963466099524537,0.7032874581764132
7992.68099851906,1.0,0.09071364422312768,0.6982750028016397,0.7057294578008474
8002.67999880016,1.0,0.09069491783155278,0.7001074123108614,0.7080646172065688
8012.67799325287,1.0,0.09067901166255313,0.7018560420319468,0.7103059812145134
8022.66800142825,1.0,0.09066539891018306,0.7035291362767732,0.7124620022017377
8032.68899917603,1.0,0.09065361975940175,0.7051409091913157,0.7145492512291401
8042.67199672759,1.0,0.09064343022387579,0.7066870712587102,0.7165606445135774
8052.68099494278,1.0,0.0906345056738834,0.7081834413060201,0.7185154386806435
8062.66900151968,1.0,0.09062668414728671,0.7096279513005445,0.7204098171771105
8072.67099916935,1.0,0.09061977117676831,0.7110300672564359,0.7222552131963873
8082.67999738455,1.0,0.09061363885658857,0.7123924864871014,0.7240543505449726
8092.67800189555,1.0,0.09060818626747451,0.7137161383747809,0.7258077129107247
8102.68799588084,1.0,0.09060330846423847,0.7150070297875266,0.7275226081106064
8112.67999559641,1.0,0.09059894250925166,0.7162639550870983,0.7291968592536711
8122.67099954188,1.0,0.09059501491957889,0.7174914854105454,0.7308360385499633
8132.6770003885,1.0,0.09059146558515326,0.7186936261636723,0.7324450560884052
8142.68199540675,1.0,0.09058825443018949,0.7198702889452678,0.73402340336876
8152.67099775374,1.0,0.09058534571783863,0.7210214772255145,0.7355707218830629
8162.67099380493,1.0,0.09058269728034823,0.7221518593684744,0.7370929669854106
8167.49799437821,1.0,0.09058150434912753,0.7226900111225134,0.7378186469560636
8167.61599816382,1.0,0.09187942984572034,0.7226405607204494,0.7377650747270799
8167.72299818695,1.0,0.09188218070762494,0.72254115721149,0.7376541633742678
8167.81199388206,1.0,0.0918844976476077,0.7224597351558805,0.7375631185294724
8167.91899390519,1.0,0.0918872334698368,0.7223633579589622,0.7374550956089877
8168.01399439573,1.0,0.09188960864015806,0.7222791590434443,0.7373604797045827
8168.11599545181,1.0,0.09189210419563626,0.7221901663425239,0.7372602149128022
8168.22499707341,1.0,0.09189471540642544,0.722096651281912,0.7371545490658089
8168.31700019538,1.0,0.09189687769548277,0.72201897067655,0.7370665257124014
8168.42100284994,1.0,0.0918992765254521,0.7219325110160691,0.7369682774972793
8168.51299591362,1.0,0.0919013597406784,0.7218572087655599,0.7368824618398625
8168.61999593675,1.0,0.09190373934237193,0.7217709795781703,0.7367839028960755
8168.7249943614,1.0,0.09190602973590796,0.7216877520866074,0.7366884721133072
8168.81699748337,1.0,0.09190800052183691,0.7216159316200668,0.7366058759844951
8168.91199797392,1.0,0.09191000084761389,0.7215428327121709,0.7365215714584915
8169.02899593115,1.0,0.0919124169052351,0.721454256563114,0.7364190886314114
8169.12199482322,1.0,0.09191430049332837,0.7213849645618321,0.7363386620035185
8169.21599954367,1.0,0.09191617184046101,0.7213159013723132,0.7362582748221903
8169.32599693537,1.0,0.09191832051233884,0.7212363098972164,0.7361653489019254
8169.41300109029,1.0,0.09191998941285484,0.7211742610375845,0.7360926930656896
8169.52000111341,1.0,0.09192200518274893,0.7210990331836656,0.7360043503173936
8169.61300000548,1.0,0.0919237247787495,0.7210346007838528,0.7359284590305879
8169.71799843013,1.0,0.09192563095833546,0.7209628861869314,0.7358437451245899
8169.81299892068,1.0,0.09192732363792501,0.7208989341498103,0.7357679764463254
8169.91700157523,1.0,0.09192914297631044,0.7208299027944552,0.7356859547350657
8170.02299576998,1.0,0.09193096115712059,0.7207605964852016,0.7356033526025537
8170.11799626052,1.0,0.09193256077051642,0.7206993493973697,0.7355301446625331
8170.22199891508,1.0,0.09193427999132517,0.7206332261777547,0.7354508821498675
8170.31400203705,1.0,0.09193577362533566,0.7205755219722884,0.7353815184466421
8170.42199783027,1.0,0.091937495154647,0.7205087086941709,0.735300979709836
8170.52399888635,1.0,0.09193909031603067,0.7204464975085233,0.7352257694970301
8170.61799354851,1.0,0.091940534430836,0.7203899198581452,0.7351571856378005
8170.71299403906,1.0,0.09194196949655938,0.720333454959617,0.7350885612802837
8170.83000205457,1.0,0.09194370399933026,0.7202648748294772,0.7350049752095972
8170.92300094664,1.0,0.09194505731267913,0.7202111077074316,0.7349392610495528
8171.01800143719,1.0,0.09194641716829884,0.7201568470779524,0.7348727799128693
8171.11399769783,1.0,0.09194776833085055,0.7201026950591185,0.7348062626509276
8171.21599875391,1.0,0.09194917957252746,0.7200458782270303,0.734736292868105
8171.32199294865,1.0,0.09195062008526046,0.7199876073971808,0.7346643415675
8171.41899503767,1.0,0.09195191579441783,0.7199349529854974,0.7345991582847373
8171.52000032365,1.0,0.09195324258696698,0.7198807970354564,0.7345319488267216
8171.6259945184,1.0,0.09195461107767554,0.7198246827169448,0.7344621312584304
8171.72299660742,1.0,0.09195584269281741,0.7197739563609832,0.7343988621049334
8171.8240018934,1.0,0.09195710446767451,0.7197217629411153,0.734333607496625
8171.91499918699,1.0,0.09195822333979486,0.7196752841387789,0.7342753610036847
8172.01299704611,1.0,0.09195941001398739,0.7196257879061365,0.734213194011778
8172.11599387228,1.0,0.09196063733089445,0.719574377259267,0.7341484706993464
8172.21999652684,1.0,0.09196185644530483,0.7195230867544965,0.7340837437043426
8172.31799438596,1.0,0.09196298695479928,0.7194753208802597,0.7340233235305444
8172.41999544203,1.0,0.09196414548392824,0.7194261688002952,0.7339610092200571
8172.52399809659,1.0,0.09196530820790112,0.7193766320558147,0.733898063222851
8172.62300178409,1.0,0.09196639797727153,0.7193300115993313,0.7338386894253063
8172.71499484777,1.0,0.0919673958170278,0.7192871556033028,0.7337839932501421
8172.81699590385,1.0,0.09196848617121597,0.7192401444303337,0.7337238672927693
8172.92799912393,1.0,0.09196965409554742,0.7191895771627645,0.7336590455090092
8173.01899641752,1.0,0.09197059735280566,0.7191485756528952,0.7336063732552492
8173.1209974736,1.0,0.09197163978832269,0.7191030920991474,0.7335478241210426
8173.21599796414,1.0,0.09197259691166833,0.7190611728796238,0.7334937528758477
8173.32399375737,1.0,0.09197366923563595,0.7190140273778975,0.733432813893239
8173.41299951077,1.0,0.09197454072366028,0.7189755702207744,0.7333830062075792
8173.51999953389,1.0,0.09197557408001558,0.7189298047599114,0.7333236174030628
8173.61500002444,1.0,0.0919764787599648,0.7188895901830317,0.7332713281574735
8173.71700108051,1.0,0.0919774370463228,0.7188468414096424,0.7332156376679859
8173.82799424231,1.0,0.09197846459513778,0.7188008240580452,0.7331555644523922
8173.91900159419,1.0,0.0919792954041355,0.7187634776715051,0.7331067139723604
8174.01200048625,1.0,0.09198013383048693,0.7187256632961098,0.7330571641008657
8174.117994681,1.0,0.09198107662991016,0.718682988611386,0.7330011395561377
8174.21299517155,1.0,0.09198191027066957,0.7186451177954295,0.7329513269574548
8174.31999519467,1.0,0.0919828365617365,0.7186028842978652,0.7328956701612269
8174.42300207913,1.0,0.09198371583410594,0.7185626417700972,0.7328425324094555
8174.5160009712,1.0,0.09198449950569322,0.7185266503410926,0.7327949224555147
8174.62399676442,1.0,0.09198539806910001,0.7184852459212059,0.7327400566981166
8174.71300251782,1.0,0.09198612926969563,0.7184514382895595,0.7326951786191443
8174.82199408114,1.0,0.0919870133662424,0.7184104218335865,0.7326406356239218
8174.91699457169,1.0,0.09198777402009481,0.7183750085483448,0.7325934591675597
8175.01899562776,1.0,0.09198858060149318,0.7183373302587063,0.7325431791510707
8175.11300034821,1.0,0.09198931483020358,0.7183029167962098,0.7324971780108119
8175.22099614143,1.0,0.09199014776936404,0.7182637431167447,0.7324447233961822
8175.32299719751,1.0,0.09199092448657509,0.718227089565528,0.7323955581795792
8175.41899345815,1.0,0.09199164667600593,0.7181928974612356,0.7323496190803521
8175.5129981786,1.0,0.09199234576510328,0.7181596954666292,0.7323049404214228
8175.61499923468,1.0,0.09199309540100153,0.7181239784784031,0.7322568005490768
8175.7219992578,1.0,0.09199387198537151,0.7180868513347528,0.7322066754935209
8175.81799551845,1.0,0.09199456033375178,0.7180538340271013,0.7321620265960272
8175.91999657452,1.0,0.09199528322281414,0.7180190488592111,0.7321149131333043
8176.01499706507,1.0,0.0919959488554021,0.7179869201686025,0.7320713315954538
8176.12299285829,1.0,0.0919966966789022,0.7179507082214723,0.7320221342635758
8176.22499391437,1.0,0.09199739449525084,0.7179168059443309,0.7319760009092685
8176.31899863482,1.0,0.09199803043320123,0.7178858149842277,0.7319337666664267
8176.42699442804,1.0,0.09199875268175095,0.717850506965764,0.7318855763820932
8176.52799971402,1.0,0.09199942025461094,0.7178177658415453,0.7318408202436032
8176.62399597466,1.0,0.09200004774719397,0.7177868966046133,0.731798561827246
8176.71499326825,1.0,0.09200063645401514,0.717757853756635,0.7317587501834011
8176.81599855423,1.0,0.09200128302850877,0.717725863186082,0.731714837486698
8176.91599801183,1.0,0.09200191615049703,0.7176944429329744,0.7316716460343407
8177.02099643648,1.0,0.09200257354396674,0.7176617174268773,0.7316265954274561
8177.12000012398,1.0,0.09200318660056307,0.7176311056591091,0.7315843946882679
8177.22099535167,1.0,0.09200380530018096,0.7176001198031836,0.7315416192077487
8177.31200270355,1.0,0.09200435711909212,0.7175724044359739,0.7315033082374998
8177.42200009525,1.0,0.09200501705526105,0.717539161434074,0.7314572945556688
8177.51299738884,1.0,0.0920055572796528,0.717511868994632,0.7314194670075903
8177.61700004339,1.0,0.09200616845934648,0.7174809040643532,0.7313764940819827
8177.71900109947,1.0,0.09200676150306104,0.7174507680607191,0.7313346151595927
8177.81699895859,1.0,0.09200732542501339,0.71742202894889,0.7312946256754391
8177.92100161314,1.0,0.09200791773545187,0.7173917551126416,0.731252446030773
8178.01999524236,1.0,0.09200847571381708,0.7173631527304043,0.73121254367057
8178.12100052834,1.0,0.09200903928621196,0.7173341806421953,0.7311720745170395
8178.21299359202,1.0,0.09200954759852294,0.7173079770573004,0.7311354282458076
8178.32099944353,1.0,0.09201013842618055,0.717277432575625,0.7310926580325402
8178.42599786818,1.0,0.09201070679335248,0.7172479617475016,0.7310513380761902
8178.51699516177,1.0,0.09201119463848827,0.7172225965789053,0.7310157325398046
8178.61199565232,1.0,0.09201169930612779,0.7171962879143986,0.7309787613218449
8178.71399670839,1.0,0.09201223596056472,0.7171682341226254,0.730939291381896
8178.82299833,1.0,0.09201280357873062,0.7171384735430348,0.7308973678119981
8178.91700305045,1.0,0.0920132883011068,0.7171129865869251,0.7308614216421807
8179.01899404824,1.0,0.09201380924393715,0.7170855195163331,0.7308226384643203
8179.12499830127,1.0,0.09201434528686495,0.7170571733532705,0.7307825657382742
8179.22200039029,1.0,0.09201483104803981,0.7170314123850229,0.730746105042719
8179.32299561799,1.0,0.0920153320324831,0.7170047695302463,0.7307083533384261
8179.41499873996,1.0,0.09201578437593493,0.7169806522528828,0.7306741446528637
8179.51299659908,1.0,0.09201626197656315,0.7169551233826899,0.7306378963159167
8179.61499765515,1.0,0.09201675447648149,0.7169287258159658,0.7306003733663241
8179.71900030971,1.0,0.09201725186670366,0.7169019908242882,0.7305623281494498
8179.81799393892,1.0,0.09201772088554694,0.7168767107069235,0.7305263138298499
8179.919994995,1.0,0.09201819970933338,0.7168508311038143,0.7304894057371107
8180.01199811697,1.0,0.0920186277805024,0.7168276331707795,0.7304562879096088
8180.12399710715,1.0,0.09201914406326002,0.7167995768123026,0.7304161908800653
8180.21299280226,1.0,0.09201955057636706,0.7167774248607076,0.7303844987286567
8180.31699545681,1.0,0.09202002150331005,0.716751694979277,0.7303476506091239
8180.41499331594,1.0,0.09202046131300894,0.7167276013515216,0.730313111302119
8180.51699437201,1.0,0.0920209150810812,0.7167026773147626,0.7302773462615954
8180.62200285494,1.0,0.09202137797418097,0.7166771814569344,0.7302407228886084
8180.71799911559,1.0,0.09202179741527677,0.7166540166885753,0.7302074149209514
8180.82000017166,1.0,0.09202223924712949,0.716629550685436,0.7301722018134693
8180.91399483383,1.0,0.09202264293433174,0.7166071383257433,0.7301399137245735
8181.02099485695,1.0,0.09202309848579815,0.7165817785980344,0.7301033441752964
8181.12499751151,1.0,0.09202353725614298,0.7165572842018781,0.7300679868576627
8181.21700063348,1.0,0.0920239221407052,0.7165357417316827,0.7300368617213646
8181.31299689412,1.0,0.09202432050477448,0.7165133888035567,0.7300045370648077
8181.41200058162,1.0,0.09202472801583657,0.7164904660752877,0.7299713589465143
8181.52199797332,1.0,0.09202517685398282,0.7164651516111087,0.7299346843822928
8181.61699846387,1.0,0.09202556118777698,0.7164434176548722,0.7299031678643367
8181.71199895442,1.0,0.09202594249503457,0.7164218020158554,0.7298717961837946
8181.81400001049,1.0,0.09202634857561806,0.7163987237576165,0.7298382723816469
8181.92199580371,1.0,0.09202677482027335,0.7163744344312107,0.7298029566888575
8182.01499469578,1.0,0.09202713886391466,0.7163536364235658,0.7297726906554394
8182.11899735034,1.0,0.09202754272614881,0.7163305058334523,0.7297390014201786
8182.22699314356,1.0,0.09202795850461917,0.7163066288786023,0.7297041934269499
8182.31599889696,1.0,0.09202829845850165,0.7162870578161044,0.7296756386196106
8182.41300098598,1.0,0.09202866614061854,0.716265837185026,0.7296446529428716
8182.52000100911,1.0,0.0920290683656823,0.7162425596043298,0.7296106349330064
8182.62399360538,1.0,0.0920294559757388,0.7162200660078093,0.7295777339058397
8182.71799832582,1.0,0.09202980358013728,0.7161998416322682,0.7295481279568807
8182.82599411905,1.0,0.09203019969716537,0.7161767333823866,0.7295142725118385
8182.91599564254,1.0,0.09203052720560086,0.716157577468541,0.7294861850509098
8183.02299566567,1.0,0.09203091351524036,0.7161349230338978,0.7294529415564057
8183.11400301754,1.0,0.0920312394964535,0.7161157557390598,0.7294247928948876
8183.22100304067,1.0,0.09203161974512564,0.7160933378656219,0.7293918446307316
8183.31400193274,1.0,0.09203194761038751,0.7160739557381989,0.729363335609349
8183.41900035739,1.0,0.09203231506650847,0.7160521849514269,0.7293312888742642
8183.51799398661,1.0,0.09203265887402809,0.7160317672826698,0.7293012105486927
8183.6179934442,1.0,0.09203300354376001,0.7160112479372742,0.7292709594347503
8183.72199609876,1.0,0.0920333592441896,0.7159900188098707,0.7292396376600905
8183.81999395788,1.0,0.09203369186085815,0.7159701185360028,0.7292102541173765
8183.92199501395,1.0,0.09203403547653874,0.7159495106005861,0.7291798028689174
8184.01399813592,1.0,0.0920343431772043,0.7159310138611256,0.7291524514556307
8184.11199599504,1.0,0.09203466862721299,0.7159114062359555,0.7291234369367731
8184.2150028795,1.0,0.09203500818930509,0.7158909003427643,0.7290930707046104
8184.31899547577,1.0,0.09203534841489419,0.7158703053054856,0.7290625492936812
8184.41699333489,1.0,0.09203566639176662,0.7158509948697176,0.7290339108673791
8184.51899439096,1.0,0.09203599475003339,0.7158309946667126,0.729004228417438
8184.62299704552,1.0,0.09203632695250402,0.7158107049075116,0.7289740943311745
8184.72099490464,1.0,0.09203663759711876,0.7157916806511422,0.7289458198104137
8184.81700122356,1.0,0.09203693971397595,0.7157731305157834,0.7289182314561586
8184.91700068116,1.0,0.09203725208902935,0.7157538999104914,0.7288896119200309
8185.01499854028,1.0,0.0920375559500291,0.7157351433877739,0.7288616792450552
8185.11699959636,1.0,0.09203786987051056,0.7157157133340655,0.7288327242049627
8185.22100225091,1.0,0.0920381875058307,0.7156959981835503,0.7288033243506292
8185.31900011003,1.0,0.09203848456660216,0.7156775091425946,0.7287757347840884
8185.42100116611,1.0,0.09203879164348533,0.7156583571561015,0.7287471362721203
8185.5119984597,1.0,0.09203906375446236,0.7156413492134585,0.7287217229402018
8185.62399744987,1.0,0.09203939625997845,0.7156205146258935,0.7286905714326543
8185.71299314499,1.0,0.09203965860477041,0.7156040360537164,0.7286659171568097
8185.81699579954,1.0,0.0920399631220464,0.715584864024655,0.7286372156356328
8185.91300211847,1.0,0.09204024227785551,0.715567246738642,0.7286108252076735
8186.02299951017,1.0,0.09204055985100716,0.7155471561813275,0.7285807107922343
8186.12299896777,1.0,0.0920408464928227,0.7155289779073174,0.7285534453995045
8186.22099682689,1.0,0.09204112551769915,0.7155112422019254,0.7285268280517806
8186.32200211287,1.0,0.09204141118841584,0.7154930428038826,0.7284994987708963
8186.41399517655,1.0,0.09204166933284766,0.715476541139346,0.7284747033524469
8186.52200102806,1.0,0.09204197009508695,0.7154572547466301,0.7284457055647999
8186.62599362433,1.0,0.09204225748194673,0.715438772139408,0.7284178988002327
8186.71900257468,1.0,0.09204251270069203,0.7154223133391772,0.7283931224861343
8186.81400306523,1.0,0.09204277162839727,0.7154055712981694,0.7283679060232081
8186.91400252283,1.0,0.09204304227783065,0.7153880230636909,0.7283414604750202
8187.02299408615,1.0,0.09204333505840633,0.7153689832938693,0.728312750119528
8187.11900040507,1.0,0.09204359106580119,0.7153522857973423,0.7282875572312619
8187.21699826419,1.0,0.09204385057092745,0.7153353125278746,0.7282619345005852
8187.31499612331,1.0,0.09204410825840856,0.715318409832716,0.7282364046316131
8187.42300197482,1.0,0.0920443913263232,0.7152998651769887,0.728208377584351
8187.51699663699,1.0,0.09204463668835,0.7152837967758736,0.7281840788262577
8187.54099570215,1.0,0.09204469913944738,0.7152797044181435,0.7281778883156846
8187.65099309385,1.0,0.074922770251642,0.7160341036039166,0.7290334981083078
8187.74900101125,1.0,0.07489007088559332,0.7173799234124156,0.7305728809778077
8187.85699680448,1.0,0.07485358485320931,0.7188412516904338,0.7322481020829305
8187.9549946636,1.0,0.0748212661920504,0.7201478959470111,0.7337496024118159
8188.04899938405,1.0,0.07479102489760137,0.7213842105899465,0.7351736314667207
8188.15699517727,1.0,0.0747571452012319,0.7227842064737565,0.7367903490269055
8188.25199566782,1.0,0.07472804936687716,0.723998072122585,0.7381958743478809
8188.34999352694,1.0,0.0746986757403079,0.7252332198826961,0.7396297772134417
8188.45699355006,1.0,0.07466729940981075,0.7265624627553896,0.7411772888001713
8188.55299986899,1.0,0.07463973117239177,0.7277382661457525,0.742550070406547
8188.65099772811,1.0,0.07461213545958777,0.7289223426485281,0.7439363241713128
8188.75899352133,1.0,0.07458233666141091,0.7302087437914981,0.7454468251582049
8188.85299824178,1.0,0.07455690362413293,0.7313130341231471,0.7467472760313904
8188.9509961009,1.0,0.07453087527063564,0.7324492507856866,0.7480890498478511
8189.05799612403,1.0,0.07450300526382093,0.733672766235596,0.7495382140662897
8189.15400244296,1.0,0.07447847437355033,0.7347557343432637,0.7508246886971917
8189.25200030208,1.0,0.07445388631502732,0.7358470088766849,0.752124674071379
8189.35099393129,1.0,0.07442950058004177,0.7369351627197657,0.7534246318484938
8189.45400081575,1.0,0.07440459640520691,0.7380526275135704,0.7547634802593007
8189.55199867487,1.0,0.07438133694277656,0.73910205631546,0.7560244259140877
8189.6689966321,1.0,0.07435410786504652,0.740337841208838,0.7575138340261992
8189.75399918854,1.0,0.07433468452395117,0.7412242653683204,0.7585852349038449
8189.85199704766,1.0,0.07431265826980674,0.7422345260476302,0.7598094618681303
8189.95800130069,1.0,0.07428926437870614,0.7433135243751696,0.7611207230156384
8190.05499333143,1.0,0.07426824222216204,0.7442885252235012,0.762308939583328
8190.15300124884,1.0,0.07424736135230305,0.7452621112893647,0.7634986130350957
8190.25699384511,1.0,0.0742255926774587,0.7462826518073384,0.7647490961050276
8190.35599753261,1.0,0.07420522900711947,0.7472425427054528,0.7659284911425603
8190.45299962163,1.0,0.07418560935923585,0.7481722057986873,0.7670737463503864
8190.5469942838,1.0,0.07416690433877537,0.7490630414167411,0.7681739551932714
8190.6550001353,1.0,0.07414577296337263,0.7500747728414924,0.769426797029216
8190.75399376452,1.0,0.07412673659566063,0.7509911530464766,0.7705646291048741
8190.84799848497,1.0,0.07410894486257032,0.7518518908691222,0.771636034657291
8190.95599427819,1.0,0.07408471579618056,0.7528290172878445,0.7728556653828471
8191.05099476874,1.0,0.07407148342840426,0.7536788863493559,0.7739191865565815
8191.14900268614,1.0,0.07405383290540649,0.7545462862542037,0.7750072802394834
8191.25699847937,1.0,0.07403054748605231,0.7554916995021881,0.776196235736841
8191.35199896991,1.0,0.07401812230326131,0.7563142682727241,0.7772332873210297
8191.44999682903,1.0,0.07400128677776403,0.7571539753039352,0.7782944449666488
8191.55800268054,1.0,0.0739788724723434,0.758069721338494,0.7794545270511183
8191.65199734271,1.0,0.07396736048892102,0.7588582718341856,0.7804558871372477
8191.74999520183,1.0,0.07395127485114818,0.7596721621882067,0.7814917813695286
8191.85800105333,1.0,0.07392966643756399,0.7605600546723077,0.7826245422515425
8191.95300154388,1.0,0.07391867787779947,0.7613330130256034,0.7836129916609975
8192.050999403,1.0,0.07390329109409345,0.7621225231403133,0.784624862451511
8192.15899519622,1.0,0.07388656350614448,0.762984433782184,0.7857319024481422
8192.25399568677,1.0,0.07387205946567783,0.7637351794868507,0.7866983404377308
8192.35199354589,1.0,0.07385730098485635,0.7645024039021231,0.7876881039105659
8192.4599993974,1.0,0.07384126623190411,0.7653397372259192,0.7887707258345288
8192.55399405956,1.0,0.07382750611073338,0.766061489102839,0.7897059566941174
8192.65200197697,1.0,0.07381334764439065,0.7668072815678116,0.7906743401212549
8192.75999777019,1.0,0.07379796362561392,0.7676212541671926,0.7917335635471779
8192.85599403083,1.0,0.07378447612432126,0.7683380220014487,0.7926682976949642
8192.95400194824,1.0,0.07377088328336345,0.7690633775243262,0.7936161393274074
8193.04599501193,1.0,0.07375828418961748,0.7697384173313484,0.79449995514675
8193.15699823201,1.0,0.07374328502107842,0.7705455513118424,0.7955589283661554
8193.25199872255,1.0,0.07373062069650496,0.7712300317396225,0.7964588585513303
8193.3469992131,1.0,0.07371811067380722,0.7719088468466152,0.7973530327067972
8193.45800243318,1.0,0.07370368526032363,0.7726949447879325,0.7983906405162676
8193.55199709535,1.0,0.07369162799372853,0.773354766958937,0.7992633162914953
8193.66300031543,1.0,0.07367757095595168,0.7741272483239278,0.8002870144169244
8193.75899657607,1.0,0.07366557031872481,0.7747895100314023,0.801166387308015
8193.85399706662,1.0,0.07365383350039631,0.7754397209699264,0.8020313177590389
8193.9650002867,1.0,0.07364029126962045,0.7761930535969427,0.8030353525466504
8194.04699541628,1.0,0.07363040421632483,0.7767451694405144,0.8037725189255942
8194.15500126779,1.0,0.07361752836802084,0.777466890992048,0.8047378072785519
8194.25999969244,1.0,0.0736051691803893,0.7781625776314238,0.8056700685207171
8194.34899538755,1.0,0.07359481286488097,0.7787477433407186,0.8064555823248225
8194.45599541068,1.0,0.07358250396963531,0.7794459172137413,0.8073944234889767
8194.55200172961,1.0,0.07357158950122576,0.7800674547992257,0.8082316960910224
8194.64899376035,1.0,0.07356068521168159,0.780690747094904,0.8090727353826039
8194.75900121033,1.0,0.07354846373221498,0.781392143823659,0.8100208453918506
8194.84799690545,1.0,0.07353868786041651,0.7819553461320364,0.8107834347400987
8194.95199956,1.0,0.07352738775607066,0.782608799332588,0.8116696625185675
8195.05999535322,1.0,0.07351579255252019,0.7832820595846107,0.8125843598072424
8195.14900110662,1.0,0.07350634046545071,0.7838329604658114,0.8133340277152972
8195.25299370289,1.0,0.07349541427599292,0.7844721408285549,0.8142051932317507
8195.34799419343,1.0,0.07348554143776487,0.7850519028587072,0.8149966402006712
8195.44699788094,1.0,0.0734753607104489,0.785651956146389,0.8158170486591544
8195.55300213397,1.0,0.07346458040373662,0.7862898291409202,0.8166905713883903
8195.64800262451,1.0,0.07345502306363276,0.7868575006450815,0.8174691755401995
8195.74699625373,1.0,0.07344516636562287,0.7874450987316849,0.8182763102945293
8195.85500210524,1.0,0.07343452946074479,0.7880816850250661,0.8191521103013413
8195.95000259578,1.0,0.07342527313562558,0.7886377819882116,0.8199183478107859
8196.04699462652,1.0,0.07341591704227407,0.7892019044193185,0.8206967520246812
8196.15599624813,1.0,0.07340551411158669,0.7898315713770283,0.8215669107378082
8196.25000096858,1.0,0.0733966362884014,0.7903709908134661,0.8223134589622356
8196.3479988277,1.0,0.07338747196435566,0.7909298269348566,0.8230879469151167
8196.45599462092,1.0,0.07337747790341906,0.7915416126675255,0.8239370564345019
8196.55099511147,1.0,0.07336877627879729,0.79207630772461,0.8246802305411287
8196.64899297059,1.0,0.07335988668141948,0.7926245223631078,0.8254432176586249
8196.75400145352,1.0,0.07335045703536006,0.7932082400538071,0.8262567491118756
8196.85199931264,1.0,0.07334174515496962,0.7937495711807487,0.8270122475091038
8196.95100300014,1.0,0.07333302916918343,0.7942931577102801,0.8277719002092626
8197.05899879336,1.0,0.0733236177816007,0.7948823910922466,0.8285964790272498
8197.15299345553,1.0,0.07331550703282301,0.7953921168455558,0.8293107440300578
8197.25199714303,1.0,0.07330704371026907,0.7959259185476562,0.8300596864173054
8197.35999293625,1.0,0.07329790362727759,0.7965046418006619,0.8308727400171788
8197.4549934268,1.0,0.07328994153745878,0.7970106984879342,0.8315846258758742
8197.5530013442,1.0,0.0732818029132402,0.7975298498670889,0.8323158228650199
8197.67099507153,1.0,0.09031838366941432,0.7973245366678777,0.8322378452505464
8197.76099659503,1.0,0.09034525899569068,0.796544062276185,0.8314640009166275
8197.86900244653,1.0,0.0903781726511491,0.7956254550290296,0.8305516533253454
8197.96099551022,1.0,0.09040556406818337,0.7948583600321261,0.8297882494584308
8198.06599393487,1.0,0.09043601069549805,0.7939997960368973,0.8289319370104511
8198.16099442542,1.0,0.09046284162954675,0.7932383438213854,0.8281706477398018
8198.26699867845,1.0,0.09049203359922173,0.7924056217267502,0.8273359464691014
8198.35799597204,1.0,0.09051650320519791,0.7917047777537715,0.8266315568888006
8198.46499599516,1.0,0.09054461670758632,0.7908968931584495,0.8258173072817633
8198.55799488723,1.0,0.09056849528143977,0.7902086707585994,0.8251216292388294
8198.66299331188,1.0,0.09059485539457189,0.789446901969157,0.8243493134377027
8198.77099916339,1.0,0.09062132510927422,0.7886798150270665,0.823569058552477
8198.86199645698,1.0,0.09064312872607432,0.7880462179911558,0.822922579698127
8198.96800071001,1.0,0.09066796676921855,0.7873224206213599,0.8221817666103104
8199.06199537218,1.0,0.09068949290875189,0.7866931954595451,0.8215356946230113
8199.16799962521,1.0,0.09071322020400417,0.7859974075225584,0.8208189866360137
8199.2589969188,1.0,0.09073313234654631,0.7854115451349194,0.8202135947520474
8199.36599694192,1.0,0.09075601648534569,0.7847358219052454,0.8195131183485772
8199.47099536657,1.0,0.09077792769670162,0.7840862344577522,0.81883743274087
8199.56200271845,1.0,0.09079649111080847,0.7835337519826614,0.818260938785208
8199.67099428177,1.0,0.09081821101893452,0.7828846589638824,0.8175814607859445
8199.76999796927,1.0,0.09083746764014172,0.782306628916637,0.8169743570977183
8199.86799582839,1.0,0.09085609538254856,0.7817450566923101,0.8163826871844996
8199.96299631894,1.0,0.09087375120843853,0.7812104730207693,0.8158177281951876
8200.06999634206,1.0,0.09089317465822225,0.7806196496493627,0.8151913453002556
8200.15999786556,1.0,0.0909091422206996,0.780131722538049,0.8146724532126594
8200.26899948716,1.0,0.09092803909731141,0.7795515679452115,0.8140535695626292
8200.35999678075,1.0,0.09094345372840314,0.7790760694449398,0.8135447581844714
8200.4649952054,1.0,0.09096084294578785,0.7785371454112747,0.812966342584116
8200.55899992585,1.0,0.09097605842733157,0.7780632908100704,0.8124562208868887
8200.6639983505,1.0,0.09099267066506501,0.7775434353215985,0.8118948931494865
8200.76899677515,1.0,0.09100889260366188,0.7770332724390333,0.8113422951693396
8200.85999406874,1.0,0.09102264058866065,0.776598788266581,0.8108702975418762
8200.97000151873,1.0,0.09103888624827569,0.7760827918299585,0.8103080872218276
8201.0729983449,1.0,0.09105373884365778,0.7756086381918187,0.8097898565129842
8201.16899460554,1.0,0.09106727804704719,0.7751743236407636,0.8093137971598183
8201.26099772751,1.0,0.09107998658276882,0.7747648043755854,0.8088637033709067
8201.36599615216,1.0,0.09109417858691034,0.7743053048245727,0.8083572591951752
8201.46999880672,1.0,0.09110791782505318,0.7738582313604705,0.8078630549905521
8201.56599506736,1.0,0.09112032643810647,0.7734525289386166,0.8074133276788333
8201.66999772191,1.0,0.09113348247522489,0.7730203482457827,0.8069329191995677
8201.76200084388,1.0,0.09114487823831884,0.7726442636860766,0.8065137401968869
8201.86999663711,1.0,0.09115797270345039,0.7722100960946664,0.8060285046167613
8201.97199769318,1.0,0.09117006834517585,0.7718070894221065,0.8055768188517972
8202.06600241363,1.0,0.0911809883658152,0.7714416090200963,0.8051661185993162
8202.16099284589,1.0,0.09119180724000527,0.7710779497820268,0.8047564410274819
8202.2789966315,1.0,0.09120495375191125,0.7706339189148912,0.8042548221178281
8202.35799439251,1.0,0.09121357785423717,0.7703413439386743,0.8039234532206342
8202.46499441564,1.0,0.09122503913898526,0.7699509075630042,0.8034801880368647
8202.58000083268,1.0,0.09123708363087031,0.76953859267215,0.8030107556430822
8202.66100019217,1.0,0.09124540063698736,0.7692526572067628,0.8026844009054959
8202.77099758387,1.0,0.09125648167645581,0.7688701200684663,0.8022467446781896
8202.86300070584,1.0,0.09126556584883502,0.7685551556964293,0.8018854918596408
8202.96799913049,1.0,0.0912757337623547,0.7682011369357847,0.8014784593413604
8203.06299962103,1.0,0.09128475522549352,0.7678857097692031,0.8011149124451916
8203.16799804568,1.0,0.09129453429740517,0.7675423643397848,0.8007182310988146
8203.26000116765,1.0,0.09130294169537628,0.7672459728247656,0.8003749882374477
8203.36700119078,1.0,0.09131253513671393,0.7669063897939343,0.7999807980277047
8203.45799848437,1.0,0.09132054166000948,0.7666218381792926,0.7996497186709086
8203.5640027374,1.0,0.09132969683362836,0.7662951722048853,0.7992687655209143
8203.65899316967,1.0,0.0913377477748474,0.7660067542800915,0.7989316354609877
8203.76299582422,1.0,0.09134640101158563,0.7656955410825063,0.7985670317110578
8203.86799424887,1.0,0.09135497017729673,0.7653860894903309,0.7982036318820326
8203.96400056779,1.0,0.09136266250295279,0.7651072191355076,0.7978754046194992
8204.06799316406,1.0,0.09137084460265207,0.7648094537727155,0.7975241579341915
8204.15999628603,1.0,0.09137795638553851,0.7645496734196445,0.7972170555665415
8204.26899790764,1.0,0.09138623175368402,0.7642462435703399,0.7968575641051803
8204.35999520123,1.0,0.09139301833448814,0.7639964713818624,0.7965610021425353
8204.46599945426,1.0,0.09140078777101956,0.763709483007449,0.7962195313665641
8204.55999411643,1.0,0.0914075571495191,0.7634585161023042,0.7959202842823391
8204.66399677098,1.0,0.091414919280452,0.7631845904785527,0.7955929795785593
8204.75800149143,1.0,0.09142146070404555,0.7629403317413561,0.7953005183664068
8204.86599728465,1.0,0.09142884657604068,0.762663545876734,0.7949684176988437
8204.95800040662,1.0,0.09143503235865877,0.7624309121072377,0.79468871950683
8205.06299883127,1.0,0.09144197525354629,0.7621689031602249,0.7943730724177142
8205.1709946245,1.0,0.09144898980631222,0.7619032103347629,0.7940523006821932
8205.26099614799,1.0,0.09145473972169217,0.7616846719305325,0.7937879351455074
8205.36700040102,1.0,0.09146140300174854,0.7614305703289361,0.793479952408775
8205.46099506319,1.0,0.09146721498383889,0.7612081805244105,0.7932098764703037
8205.56599348783,1.0,0.09147360276247611,0.7609629409313007,0.792911474862412
8205.67100197077,1.0,0.09147988334649093,0.7607209729378186,0.792616458249834
8205.76699823141,1.0,0.09148553280320529,0.760502597506249,0.7923496957089435
8205.857995525,1.0,0.09149080856524246,0.7602980408475261,0.7920993707652078
8205.95900081098,1.0,0.09149657594214194,0.7600737240871764,0.7918243692400372
8206.05900026858,1.0,0.09150219609163404,0.7598544248849393,0.7915550158328248
8206.16399869323,1.0,0.09150800324884109,0.7596270861015669,0.7912752598166296
8206.25999495387,1.0,0.091513230214136,0.759421808986443,0.79102218800721
8206.36300183833,1.0,0.09151875345431602,0.7592042190299542,0.7907534532173759
8206.46800026298,1.0,0.0915242943983009,0.7589852230254811,0.7904824763226056
8206.56099915504,1.0,0.0915291285557786,0.7587935731857645,0.7902449173030069
8206.66399598122,1.0,0.09153440363895958,0.7585838133469092,0.7899844600933347
8206.75800070167,1.0,0.09153914743535783,0.758394613232471,0.7897491263739902
8206.86500072479,1.0,0.09154446665895047,0.7581818186110998,0.7894839833367441
8206.97200074792,1.0,0.09154970222532006,0.7579716990172027,0.7892216915350297
8207.06399381161,1.0,0.09155413807035204,0.7577931480733818,0.7889984286399586
8207.16599486768,1.0,0.09155898716368427,0.7575974019987818,0.7887532623638426
8207.26099535823,1.0,0.0915634392871653,0.7574171615224911,0.7885271432773563
8207.36900120974,1.0,0.09156842733341222,0.7572146287349112,0.7882726287526681
8207.46699906886,1.0,0.09157288687544929,0.7570330170575583,0.788044017318376
8207.56600275636,1.0,0.09157732949848534,0.7568515848036326,0.7878152642354798
8217.58599467576,-1.0,0.09321552083391081,0.738731498570548,0.7641580928993968
8227.57799439132,-1.0,0.09315088351559206,0.7295605245200714,0.7509358387864185
8237.58399523795,-1.0,0.09313406384123422,0.7233486113231968,0.7416321041874007
8247.58299551904,-1.0,0.09312731527571667,0.7186001083111301,0.7344265002477821
8257.57399946451,-1.0,0.09313356902462755,0.7147150702765438,0.7285243267351162
8267.57799871266,-1.0,0.09314865194712943,0.7113709614803194,0.7234654130069131
8277.59399749339,-1.0,0.09315899076443444,0.7084335308071753,0.7190360876619626
8287.57599927485,-1.0,0.09317939850176316,0.705799991247837,0.7150836269949392
8297.58099429309,-1.0,0.09319379473492934,0.7033999402491216,0.7114920564039422
8307.58100040257,-1.0,0.09321777984930313,0.7011830704890918,0.7081902778556701
8317.57500171661,-1.0,0.09323950140527386,0.6991124358930194,0.7051198423177182
8327.57999673486,-1.0,0.09326300443894284,0.6971686732757344,0.7022509705567949
8337.58599758148,-1.0,0.0932842605161442,0.6953456032871398,0.6995740663805514
8341.01199992001,-1.0,0.09329727962538474,0.6947392921474009,0.6986900160842965
8342.01799929142,-1.0,0.09215005814719097,0.6955549912488256,0.6995776397060411
8343.01899969578,-1.0,0.0921505292143372,0.6962414833814103,0.700343339968881
8344.02499906719,-1.0,0.09215143156226709,0.6968301429124818,0.7010169025183624
8345.01699730754,-1.0,0.09215211873577975,0.6973313453584015,0.7016039577449263
8346.0379935801,-1.0,0.0921525998017114,0.697781142942947,0.7021420375226605
8347.02699445188,-1.0,0.09215289527775451,0.6981649037988521,0.7026098378381246
8348.01799692214,-1.0,0.09215307401624445,0.6985072888849241,0.7030341516263778
8349.02500212193,-1.0,0.09215317384936217,0.698819250279073,0.7034265552998417
8350.02799406648,-1.0,0.09215321414655439,0.6990997206986865,0.7037841035309248
8351.02899447083,-1.0,0.09215321259863667,0.6993541323948304,0.7041123317136678
8352.02199853957,-1.0,0.0921531824265647,0.6995849574615267,0.7044133334510196
8353.02899368107,-1.0,0.09215312950255576,0.6998000980996651,0.7046966124995322
8354.01799455285,-1.0,0.0921530593396748,0.6999952274206988,0.7049557984750604
8355.02399392426,-1.0,0.09215297258221199,0.7001792989481643,0.7052022346381837
8356.01499639452,-1.0,0.09215287465946713,0.7003480715358334,0.7054298109126581
8357.01999999583,-1.0,0.09215276415155742,0.7005079207410913,0.7056467539996374
8358.03500153124,-1.0,0.09215264180120926,0.7006590335621705,0.7058530583464844
8359.02799554169,-1.0,0.09215251235518962,0.700797851652471,0.7060435859490144
8360.02099961042,-1.0,0.09215237395825608,0.7009286192764554,0.7062239122600066
8361.02400161326,-1.0,0.09215222569088068,0.7010532879265375,0.7063965586295676
8362.02899515629,-1.0,0.09215206884108956,0.7011713971640696,0.7065607432331026
8363.01700025797,-1.0,0.09215190696489442,0.7012814380348752,0.7067142215718127
8364.02500122786,-1.0,0.09215173435553914,0.7013880157848129,0.7068633025100325
8365.01699946821,-1.0,0.09215155770728933,0.7014877368494755,0.7070031430850156
8366.03200100362,-1.0,0.09215137028231997,0.7015848781347204,0.7071396567254854
8367.02399924397,-1.0,0.0921511811854359,0.7016753927412347,0.7072670824082841
8368.01699325442,-1.0,0.09215098628933416,0.701761933407243,0.707389083523342
8369.01999525726,-1.0,0.09215078451242309,0.7018455054073217,0.7075070249932836
8370.02399303019,-1.0,0.09215057773069918,0.701925556769392,0.7076200820522244
8371.01699709892,-1.0,0.09215036927528222,0.7020014190898428,0.7077272688583611
8372.02099487185,-1.0,0.09215015477015913,0.702074986419615,0.7078312266442549
8373.03399480879,-1.0,0.09214993554236729,0.7021462180421518,0.7079318679986933
8374.02799464762,-1.0,0.09214971717598812,0.7022133670526282,0.7080266999363375
8375.02399608493,-1.0,0.09214949698486413,0.7022780839854991,0.7081180337310408
8376.02600231767,-1.0,0.09214927256849229,0.7023407469074325,0.70820638483373
8377.0399980247,-1.0,0.09214904504563876,0.7024018033497114,0.7082923676759265
8378.02100256085,-1.0,0.09214882339332428,0.7024587424089055,0.7083724381269367
8379.02899347246,-1.0,0.0921485965416363,0.7025151827629832,0.7084516769574306
8380.01900017262,-1.0,0.09214837134736602,0.7025686841404016,0.7085266499452656
8381.03599324822,-1.0,0.09214814320178971,0.7026217523173891,0.7086008617653762
8382.01799355447,-1.0,0.09214791897661723,0.7026712657896872,0.7086699461578735
8383.01999978721,-1.0,0.09214769728655899,0.7027201232939005,0.7087379497132592
8384.02399756014,-1.0,0.09214747144041506,0.7027674836619451,0.708803695755154
8385.02999693155,-1.0,0.09214724801146412,0.7028133936678608,0.7088672488460663
8386.0219951719,-1.0,0.09214702605698617,0.7028572202009142,0.7089277375275833
8387.02599294484,-1.0,0.09214680844136819,0.7029001867530835,0.708986853682405
8388.02899494767,-1.0,0.09214658563487708,0.702941780038183,0.7090438914827761
8389.01900164783,-1.0,0.09214635373927839,0.7029815911664525,0.7090982986793729
8390.02599678934,-1.0,0.09214609233175372,0.703020873915642,0.7091517923141212
8391.02899879217,-1.0,0.09214582516881252,0.7030588336319773,0.709203291279075
8401.03599540889,-1.0,0.09214288343157674,0.7033830049739187,0.7096334326640426
8411.04800105095,-1.0,0.09214044540965749,0.7036305471233961,0.7099457993666072
8421.04299813509,-1.0,0.0921386511537393,0.7038224813230122,0.7101733863260304
8431.03799521923,-1.0,0.09213733904048398,0.7039749991709996,0.7103416180014598
8441.04599766433,-1.0,0.09213637754951591,0.7040971215251473,0.710464760702006
8451.03599578142,-1.0,0.09213565983681846,0.704195407479636,0.7105533471491707
8461.04899719357,-1.0,0.09213511541485152,0.7042753181980801,0.7106156005485701
8471.04299850762,-1.0,0.09213470263271882,0.7043403005306567,0.7106570552166639
8481.03599399328,-1.0,0.09213439023025498,0.7043934072653326,0.7106822162359606
8491.04099906981,-1.0,0.09213415639687439,0.7044369317679182,0.7106944348287675
8501.04599408805,-1.0,0.09213398556260442,0.7044725677054944,0.7106962698281606
8511.0399954021,-1.0,0.09213386564891629,0.7045016866833929,0.7106897714132246
8521.04399465024,-1.0,0.0921337869221098,0.7045254723867703,0.7106765427402818
8531.04099333286,-1.0,0.09213374204142066,0.7045447882003839,0.7106578953282647
8541.03600047529,-1.0,0.09213372493278862,0.7045603878269214,0.7106348689561649
8551.04099549353,-1.0,0.09213373073427078,0.7045728918916915,0.7106082782835897
8561.03699840605,-1.0,0.09213375545669736,0.7045827763620741,0.7105788652552503
8571.03899605572,-1.0,0.09213379584835225,0.7045904726805015,0.7105471559351563
8581.0399979353,-1.0,0.09213384917536152,0.7045963204322957,0.7105136402595604
8591.03800244629,-1.0,0.0921339131575368,0.7046006099009124,0.7104787147917545
8601.04200169444,-1.0,0.09213398596367105,0.7046035887749607,0.7104426709008944
8611.04199774563,-1.0,0.09213406593396403,0.7046054601526175,0.7104058137601001
8621.04099802673,-1.0,0.09213415174785981,0.7046064003531695,0.7103683579580996
8631.04099407792,-1.0,0.09213424229051452,0.7046065582574459,0.7103304843572811
8641.04599915445,-1.0,0.09213433664200969,0.7046060601002707,0.7102923353330092
8651.04399360716,-1.0,0.09213443387316059,0.7046050150034224,0.7102540891119163
8661.03699915111,-1.0,0.0921345333055167,0.7046035163920713,0.7102158489998035
8671.03800103068,-1.0,0.0921346344785563,0.704601641683748,0.710177658267433
8681.03799708188,-1.0,0.09213473679892005,0.7045994605915187,0.7101396292452409
8691.03699736297,-1.0,0.09213483983566259,0.7045970321004253,0.7101018269291722
8701.04000084102,-1.0,0.09213494327250192,0.7045944056739905,0.7100642867996929
8711.04199849069,-1.0,0.09213504674363242,0.7045916263562241,0.7100270728552228
8721.03800140321,-1.0,0.09213514992909093,0.7045887334826708,0.7099902405258248
8731.0389932245,-1.0,0.0921352527136052,0.7045857565403596,0.7099537798362765
8741.04800149798,-1.0,0.09213535493203605,0.7045827227160212,0.7099177054113457
8751.03799961507,-1.0,0.09213545614405563,0.7045796646300219,0.7098821339579403
8761.04100309312,-1.0,0.09213555653428214,0.7045765935373441,0.7098469669269414
8771.04199491441,-1.0,0.09213565583177809,0.7045735321746025,0.7098122701410718
8781.03999942541,-1.0,0.09213575392800741,0.7045704964606505,0.7097780558765717
8791.04100130498,-1.0,0.09213585079837446,0.7045674980240187,0.7097443102877021
8801.04700215161,-1.0,0.09213594639160919,0.7045645478625003,0.7097110316008902
8811.04400083423,-1.0,0.09213604051787268,0.7045616599497964,0.7096782685819923
8821.03600054979,-1.0,0.09213613317272666,0.704558841415467,0.7096460079461465
8831.04099556804,-1.0,0.0921362244836508,0.7045560944118283,0.7096141916408312
8841.04100167751,-1.0,0.09213631425618937,0.7045534300065069,0.7095828757110365
8851.04299932718,-1.0,0.09213640252193828,0.7045508522183103,0.7095520398222812
8861.03599481285,-1.0,0.09213648917947938,0.7045483671735677,0.7095217089940522
8871.05599679053,-1.0,0.09213657454435699,0.7045459687447928,0.7094917668510214
8881.047000736,-1.0,0.09213665812034348,0.7045436739258558,0.7094623799622383
8891.04199782014,-1.0,0.09213674018811142,0.7045414769858406,0.7094334440805694
8901.04799866676,-1.0,0.09213682080470154,0.7045393783078855,0.7094049340675097
8911.03999838233,-1.0,0.09213689977508054,0.7045373843430881,0.7093769147368505
8921.04399763048,-1.0,0.09213697731358322,0.7045354907315619,0.7093493065193864
8931.03599734604,-1.0,0.0921370532451214,0.7045337025283438,0.7093221689025019
8931.049002707,-1.0,0.09213705334297173,0.7045337002681477,0.7093221338627107
8931.16699643433,-1.0,0.0921370542306226,0.7045336797700645,0.7093218159905357
8931.27500228584,-1.0,0.09213705504295316,0.7045336610197214,0.7093215250780415
8931.36800117791,-1.0,0.09213705574227382,0.704533644884331,0.7093212746268852
8931.4589984715,-1.0,0.09213705642641505,0.7045336291048825,0.7093210296022072
8931.56699426472,-1.0,0.09213705723819238,0.704533610388916,0.7093207388526469
8931.65899738669,-1.0,0.09213705792961795,0.7045335944540436,0.7093204911986628
8931.76399581134,-1.0,0.09213705871855017,0.7045335762790962,0.7093202086084558
8931.85800053179,-1.0,0.09213705942473713,0.704533560016809,0.7093199556467042
8931.96399472654,-1.0,0.09213706022083185,0.704533541691378,0.7093196704675315
8932.06899315119,-1.0,0.09213706100928012,0.7045335235495691,0.7093193880151649
8932.16299787164,-1.0,0.09213706171503364,0.704533507316951,0.7093191351768013
8932.26799629629,-1.0,0.09213706250316582,0.7045334891967645,0.7093188528143353
8932.35999941826,-1.0,0.09213706319361635,0.7045334733286307,0.7093186054379054
8932.46699944139,-1.0,0.09213706399645774,0.7045334548849396,0.7093183177838498
8932.55900256336,-1.0,0.09213706468663957,0.7045334390357502,0.7093180704861534
8932.66400098801,-1.0,0.09213706547415422,0.7045334209585891,0.7093177883024943
8932.77100101113,-1.0,0.09213706627651232,0.7045334025485571,0.709317500788286
8932.8639999032,-1.0,0.09213706697374204,0.7045333865571317,0.7093172509357597
8932.96800255775,-1.0,0.09213706775331655,0.7045333686841787,0.7093169715643451
8933.07500258088,-1.0,0.0921370685551907,0.7045333503078067,0.709316684189915
8933.16800147295,-1.0,0.09213706925200019,0.7045333343456371,0.7093164344588563
8933.25899876654,-1.0,0.09213706993368817,0.7045333187356815,0.7093161901386712
8933.37899409235,-1.0,0.09213707083242144,0.7045332981644138,0.7093158680155364
8933.45999345183,-1.0,0.09213707143896006,0.7045332842867996,0.7093156506106213
8933.56399610639,-1.0,0.09213707221760659,0.7045332664779882,0.7093153715054134
8933.65699499846,-1.0,0.09213707291373285,0.704533250562876,0.7093151219696111
8933.76500084996,-1.0,0.09213707372202815,0.7045332320908212,0.7093148322135296
8933.86899344623,-1.0,0.0921370745001236,0.7045332143165531,0.709314553271433
8933.96700136364,-1.0,0.09213707523329182,0.7045331975754211,0.7093142904246656
8934.05599705875,-1.0,0.09213707589891731,0.7045331823823142,0.7093140517834093
8934.1609954834,-1.0,0.0921370766840791,0.7045331644678033,0.7093137702746383
8934.26699973643,-1.0,0.0921370774765943,0.7045331463932535,0.70931348611712
8934.36299599707,-1.0,0.09213707819414148,0.7045331300351771,0.7093132288288323
8934.46400128305,-1.0,0.09213707894898086,0.7045331128338418,0.709312958158049
8934.57699604332,-1.0,0.0921370797932395,0.7045330936031936,0.7093126554100683
8934.66600179672,-1.0,0.09213708045812541,0.7045330784645518,0.7093124169745932
8934.75799486041,-1.0,0.09213708114520193,0.704533062826425,0.7093121705721505
8934.86199751496,-1.0,0.09213708192182248,0.704533045157305,0.7093118920458066
8934.95899960399,-1.0,0.09213708264602113,0.7045330286876064,0.7093116323092203
8935.06300225854,-1.0,0.09213708342232761,0.7045330110401183,0.7093113538724077
8935.17000228167,-1.0,0.09213708422083773,0.7045329928957091,0.7093110674593478
8935.26300117373,-1.0,0.09213708491472171,0.7045329771351497,0.7093108185637259
8935.36699377,-1.0,0.09213708569047803,0.7045329595220815,0.7093105402891772
8935.46199426055,-1.0,0.09213708639901495,0.7045329434417734,0.7093102861171211
8935.56700274348,-1.0,0.09213708718203707,0.7045329256783233,0.7093100052137997
8935.65800003707,-1.0,0.09213708786044766,0.7045329102942627,0.7093097618293138
8935.7650000602,-1.0,0.09213708865800455,0.7045328922157315,0.7093094756886875
8935.85799895227,-1.0,0.09213708935106053,0.7045328765124294,0.709309227029812
8935.96200160682,-1.0,0.09213709012596656,0.7045328589616904,0.709308948993066
8936.07099317014,-1.0,0.09213709093787041,0.7045328405810696,0.7093086576687856
8936.16200052202,-1.0,0.09213709161566944,0.70453282524277,0.7093084144535265
8936.26599311829,-1.0,0.09213709239002751,0.7045328077264406,0.7093081365788052
8936.35799624026,-1.0,0.09213709307497374,0.7045327922389262,0.7093078907792373
8936.46400049329,-1.0,0.09213709386399892,0.7045327744053648,0.7093076076184733
8936.55799515545,-1.0,0.09213709456349223,0.7045327586019553,0.7093073565781303
8936.6629935801,-1.0,0.09213709534471766,0.7045327409592821,0.7093070761936285
8936.78099736571,-1.0,0.09213709622251103,0.704532721144959,0.7093067611362056
8936.86399832368,-1.0,0.09213709683980466,0.7045327072166833,0.7093065395681862
8936.96800097823,-1.0,0.09213709761314663,0.7045326897742034,0.7093062619784192
8937.06300146878,-1.0,0.09213709831940926,0.704532673851274,0.7093060084563523
8937.16799989343,-1.0,0.09213709909984287,0.7045326562634655,0.7093057282982107
8937.25899718702,-1.0,0.09213709977607563,0.7045326410301496,0.709305485536116
8937.36599721014,-1.0,0.09213710057107226,0.7045326231288712,0.7093052001272153
8937.45899610221,-1.0,0.09213710126190285,0.7045326075796275,0.7093049521042113
8937.56299875677,-1.0,0.09213710203432011,0.7045325902011736,0.7093046747784585
8937.66799718142,-1.0,0.09213710281396885,0.7045325726676829,0.7093043948442453
8937.75899447501,-1.0,0.0921371034895211,0.7045325574814407,0.7093041522761873
8937.86700032651,-1.0,0.092137104291182,0.7045325394678149,0.7093038644148654
8937.95999921858,-1.0,0.09213710498131568,0.7045325239667766,0.7093036165904992
8938.06900084019,-1.0,0.09213710579003899,0.7045325058097961,0.7093033261688128
8938.16099390388,-1.0,0.09213710647243116,0.704532490495586,0.7093030811037674
8938.26400078833,-1.0,0.09213710723637204,0.7045324733582807,0.7093028067412204
8938.36999498308,-1.0,0.09213710802230217,0.7045324557354342,0.7093025244690394
8938.46399970353,-1.0,0.09213710871919344,0.7045324401157113,0.7093022741659482
8938.56800235808,-1.0,0.0921371094900503,0.704532422845394,0.709301997285545
8938.65999542177,-1.0,0.09213711017175924,0.7045324075786735,0.7093017524159742
8938.76800127327,-1.0,0.09213711097196942,0.7045323896657217,0.7093014649691093
8938.85999433696,-1.0,0.09213711165340496,0.7045323744180337,0.7093012201778385
8938.96399699152,-1.0,0.09213711242364991,0.7045323571903206,0.7093009434727071
8939.05999325216,-1.0,0.09213711313445708,0.7045323412987715,0.7093006881098903
8939.16399590671,-1.0,0.09213711390439373,0.7045323240925746,0.7093004114932364
8939.26799856126,-1.0,0.09213711467417031,0.7045323068975663,0.7093001349225803
8939.36299905181,-1.0,0.09213711537717753,0.704532291200685,0.7092998823312587
8939.46899324656,-1.0,0.09213711616137771,0.7045322736983384,0.7092996005546957
8939.56099636853,-1.0,0.0921371168419279,0.7045322585156965,0.7092993560109249
8939.66900222003,-1.0,0.09213711764068959,0.7045322407034067,0.7092990689778929
8939.75999951363,-1.0,0.09213711831352855,0.7045322257055282,0.7092988271847539
8939.86400216818,-1.0,0.09213711908237832,0.7045322085746364,0.7092985508775448
8939.95999842882,-1.0,0.09213711979189643,0.7045321927724545,0.709298295881956
8940.06499685347,-1.0,0.09213712056779248,0.704532175499318,0.7092980170186651
8940.15699997544,-1.0,0.0921371212475227,0.7045321603733928,0.7092977727078288
8940.26499576867,-1.0,0.0921371220452467,0.7045321426293358,0.7092974859749037
8940.35699889064,-1.0,0.09213712272470076,0.7045321275224421,0.7092972417421802
8940.46100154519,-1.0,0.09213712349262251,0.7045321104557684,0.7092969656985938
8940.56800156832,-1.0,0.09213712428250893,0.7045320929089063,0.7092966817473011
8940.66100046039,-1.0,0.09213712496889889,0.7045320776676979,0.7092964349909626
8940.76599888504,-1.0,0.09213712574369817,0.7045320604706852,0.7092961564400508
8940.8599935472,-1.0,0.09213712643715986,0.7045320450855793,0.7092959071207471
8940.96599780023,-1.0,0.09213712721906672,0.7045320277456983,0.7092956259911503
8941.0589966923,-1.0,0.09213712790490611,0.7045320125427674,0.7092953793917788
8941.17700047791,-1.0,0.14039982371602489,0.7014621225140353,0.7056588560926534
8941.27099514008,-1.0,0.14043795924210314,0.6966751344361739,0.6997866071290906
8941.37699939311,-1.0,0.14049267643330504,0.6913541502097648,0.693234247867621
8941.47599302232,-1.0,0.14056247751355322,0.6864591837478717,0.6871825645844503
8941.56999774277,-1.0,0.1406597166836619,0.6814954530903352,0.6818751054616514
8941.66999720037,-1.0,0.1408086390317565,0.6755103189466066,0.6770658244445561
8941.7760014534,-1.0,0.14103027234985555,0.6692412883142497,0.672041181427736
8941.87100194395,-1.0,0.14130377604903094,0.6636924501584096,0.6675991857069162
8941.96499660611,-1.0,0.1416721413965048,0.6582721173277462,0.6632579218271921
8942.07599982619,-1.0,0.14225575763146456,0.6519695187000378,0.658194383829686
8942.17100031674,-1.0,0.14291421193562845,0.6466712722497256,0.6539100575138788
8942.28199347854,-1.0,0.14391798550900944,0.6406082136994696,0.6489538737366874
8942.37199500203,-1.0,0.14493787718625642,0.6358042933359062,0.6449677357605159
8942.47199445963,-1.0,0.1463224880876772,0.6305957532125407,0.6405663993964494
8942.56599918008,-1.0,0.1478720601853261,0.6258290240483347,0.6364500691236687
8942.67799817026,-1.0,0.1500344105094322,0.62031194480859,0.6315680816527973
8942.77200289071,-1.0,0.15209417651950716,0.6158081383853174,0.6274886568883367
8942.86699332297,-1.0,0.15436341188040534,0.6113580724789819,0.6233860046674278
8942.96500124037,-1.0,0.1568438030177387,0.6068509799540034,0.6191795592083184
8943.0720012635,-1.0,0.15962493238037184,0.6019985840352182,0.6146280326528473
8943.16599592566,-1.0,0.16204893284456812,0.5977700193284003,0.6106747076900827
8943.27799491584,-1.0,0.16481392219477534,0.5927459256442279,0.6060309533794468
8943.37199963629,-1.0,0.16696503880402977,0.5885245134545186,0.6021972796734302
8943.46599429846,-1.0,0.16891854971976933,0.5842894577479296,0.5984274084298963
8943.57699751854,-1.0,0.17094313543338782,0.5792629525331423,0.5940604473472166
8943.67299377918,-1.0,0.1724424034937717,0.5748920212306932,0.5903590387274631
8943.76699849963,-1.0,0.1736935667106032,0.5705912803418747,0.5868011482169603
8943.87899748981,-1.0,0.1749280923737589,0.5654447514013723,0.5826458618457033
8943.97499375045,-1.0,0.17579063920819488,0.5610187491641225,0.5791537034121184
8944.0689984709,-1.0,0.17648501217697585,0.5566760714240644,0.575793036437477
8944.17800009251,-1.0,0.1771331941080225,0.5516360658324158,0.5719654738542518
8944.27399635315,-1.0,0.17758813366348114,0.5471985544317622,0.5686527152129689
8944.3680010736,-1.0,0.17794730774263703,0.5428585126209041,0.5654584247595865
8944.4779984653,-1.0,0.1782793197184486,0.537791837203804,0.5617796356629702
8944.57500055432,-1.0,0.17850830639019896,0.5333381230971873,0.5585852435383153
8944.67000104487,-1.0,0.17868598915935022,0.5289924279606978,0.5554995101423941
8944.77900266647,-1.0,0.17884430141635674,0.524029059220237,0.5520083751432094
8944.87499892712,-1.0,0.17895167608747028,0.5196803587679517,0.5489752899539578
8944.96999941766,-1.0,0.17903416322304574,0.5153992418451004,0.5460101162735994
8945.07400207222,-1.0,0.1791028128394734,0.5107396921973169,0.5428036883154465
8945.17499729991,-1.0,0.1791522618547948,0.5062434683846869,0.5397279996369443
8945.26999779046,-1.0,0.17918657142221053,0.5020407781616713,0.5368676669179141
8945.39099894464,-1.0,0.17921696348157617,0.49672633770166924,0.5332686457359886
8945.47699727118,-1.0,0.17923138227197102,0.49297601063416097,0.5307396898977432
8945.57100199163,-1.0,0.1792417776149495,0.488902348224862,0.5280018445764989
8945.68699412048,-1.0,0.1792489789310035,0.4839134783045516,0.5246605742121639
8945.77699564397,-1.0,0.17925117665640172,0.48007138636166496,0.5220951863705462
8945.87100036442,-1.0,0.17925105020281223,0.4760855807590846,0.519440260086591
8945.97699455917,-1.0,0.1792489324295946,0.471624929786628,0.5164759325878381
8946.07699401677,-1.0,0.17924599569830735,0.46744929506425054,0.5137067922493075
8946.17199450731,-1.0,0.17924261554516724,0.46351198273376076,0.5111001175992416
8946.27699293196,-1.0,0.17923866756412432,0.4591940281250888,0.5082455628297753
8946.37799821794,-1.0,0.17923528370485875,0.4550739180084435,0.5055250072327612
8946.47200293839,-1.0,0.17923291194959942,0.45126921028390427,0.5030147670351947
8946.57499976456,-1.0,0.1792313869085106,0.44713387531500187,0.5002877887711561
8946.67799659073,-1.0,0.17923128426953286,0.4430337321877981,0.4975845340206013
8946.77399285138,-1.0,0.17923287105292504,0.43924433821648917,0.4950857296937876
8946.87200076878,-1.0,0.17923646955787567,0.43540789596062995,0.4925545530364098
8946.96700125933,-1.0,0.17924206362391137,0.4317209295448083,0.49011974022639776
8947.07499705255,-1.0,0.17925120926269775,0.42756823059177335,0.4873734855774744
8947.17199914157,-1.0,0.17926225362975154,0.423874033669226,0.48492573904615033
8947.26799540222,-1.0,0.17927609541364983,0.4202521437288414,0.48252040457349177
8947.37600125372,-1.0,0.17929548171241966,0.41621867503216675,0.47983365102216224
8947.46999591589,-1.0,0.1793159300738735,0.41274508450277353,0.47751160518298646
8947.56799377501,-1.0,0.17934102956842887,0.4091611423339034,0.47510600950862747
8947.67499379814,-1.0,0.17937317123396548,0.4052929554253355,0.4724965666273802
8947.76999428868,-1.0,0.17940624900743876,0.4018994272862512,0.47019402864829973
8947.86800220609,-1.0,0.17944514093569033,0.39843997257530933,0.4678319836848718
8947.97699376941,-1.0,0.17949436453554254,0.3946442984380153,0.465220294563955
8948.07199425995,-1.0,0.1795427646450752,0.39138157824599185,0.46295606640067793
8948.16899634898,-1.0,0.17959793190702894,0.38809577514648663,0.46065509021043133
8948.27799797058,-1.0,0.1796671637794464,0.38446048427174034,0.45808178220882256
8948.37200269103,-1.0,0.17973323749259723,0.38137559655368247,0.45587216668612035
8948.47099632025,-1.0,0.17980967583267154,0.378179053619072,0.453554122689735
8948.5650010407,-1.0,0.17988925461413932,0.3751946995453411,0.4513605232948556
8948.67299683392,-1.0,0.17998924431850646,0.37182959788731385,0.4488486320542782
8948.77299629152,-1.0,0.18009018079374772,0.36877605116419643,0.4465295858727982
8948.86599518359,-1.0,0.18019190887748618,0.3659915730230842,0.4443779542526053
8948.97499680519,-1.0,0.1803212599878993,0.36279765233613676,0.4418612685986523
8949.07199889421,-1.0,0.18044554380486402,0.36001991841106457,0.4396253927836567
8949.16699938476,-1.0,0.1805760274009646,0.35735970334740874,0.4374382181261269
8949.27499517798,-1.0,0.18073549296418398,0.3544090030739135,0.43495387802310703
8949.3729930371,-1.0,0.18089055494574596,0.3517998499602676,0.4327004219984628
8949.46699775755,-1.0,0.18104875330061165,0.3493588106595458,0.4305387171020708
8949.57499355078,-1.0,0.18124256718410847,0.3466291545286929,0.42805415615165965
8949.67399723828,-1.0,0.18143181883914114,0.3441972032814664,0.42577444027502354
8949.76899772882,-1.0,0.18162388374470814,0.34192651155937825,0.4235842191135313
8949.87799935043,-1.0,0.1818574226200258,0.33939645753027087,0.42106694031124664
8949.97599720955,-1.0,0.18207982580668367,0.3371896923109186,0.4187989717378941
8950.0709977001,-1.0,0.18230668292661006,0.33511047486748297,0.4165952382518276
8950.17799772322,-1.0,0.18257585863348055,0.33283818875356663,0.41410616457240906
8950.27599558234,-1.0,0.18283563461673888,0.33081985400903313,0.4118192094424828
8950.37000030279,-1.0,0.18309687309418374,0.3289385182063953,0.40961818492441443
8950.47799609601,-1.0,0.1834117679609437,0.32684111283751793,0.40707998039648596
8950.57599395514,-1.0,0.18371184173507396,0.3249945755524676,0.404767205270892
8950.66900290549,-1.0,0.18400955477091882,0.32328995833552787,0.40256314386036496
8950.76499916613,-1.0,0.18433018140354882,0.3215771653063487,0.40027857895394486
8950.87699815631,-1.0,0.18472205046255744,0.3196356397661671,0.39760001948183155
8950.9669996798,-1.0,0.18505142447734657,0.3181172516631771,0.39543682849179046
8951.06599330902,-1.0,0.1854288896172289,0.3164875854692592,0.39304604663146464
8951.07999444008,-1.0,0.18548358300081988,0.31626036508276084,0.3927069115860145
8951.18699446321,-1.0,0.1384861055784551,0.31780452934976805,0.3928170588447851
8951.29199288785,-1.0,0.13779025945745094,0.32235351539932083,0.3956233850286498
8951.39799714088,-1.0,0.13716943785858668,0.32673671392202286,0.3984389071153773
8951.49200186133,-1.0,0.1366792237594214,0.33046332300014997,0.4009169298984935
8951.59700028598,-1.0,0.13619100871199724,0.33446307965764194,0.4036603336623942
8951.68899334967,-1.0,0.13580919272500175,0.33783773440754167,0.4060403121580872
8951.7959933728,-1.0,0.1354125973422278,0.3416230365590648,0.4087782945237103
8951.88799649477,-1.0,0.13510806582322007,0.34476638569001483,0.41110489695107455
8951.99299491942,-1.0,0.13479692817492125,0.34823707415917804,0.4137273806662297
8952.08799540997,-1.0,0.1345451103915729,0.35127780502874023,0.41606893227500735
8952.19299383461,-1.0,0.13429584059762464,0.354536156179364,0.41862146544303536
8952.28499695659,-1.0,0.1340996748348019,0.357308412857836,0.4208269200730187
8952.39199697971,-1.0,0.13389488329579086,0.3604417731325283,0.4233547344435895
8952.49699540436,-1.0,0.13371551774142457,0.3634271194743798,0.42579613011899303
8952.58899852633,-1.0,0.1335740113408996,0.365974130866437,0.4279033684974461
8952.68399901688,-1.0,0.13344166949754094,0.3685403161728689,0.43004786727987415
8952.78899744153,-1.0,0.13330994425750242,0.3713052035022974,0.4323810210029503
8952.89500169456,-1.0,0.13319080441204365,0.3740246402125157,0.4346972423051204
8952.99000218511,-1.0,0.1330945523005723,0.3764034510772193,0.4367397132809932
8953.09599637985,-1.0,0.13299772984894645,0.378995576629655,0.438981704431911
8953.18699367344,-1.0,0.13292253922030367,0.3811711014204219,0.4408757922805053
8953.29399369657,-1.0,0.13284273311325173,0.3836731477462885,0.44306715419034937
8953.38500104845,-1.0,0.13278128710640225,0.38575545893852636,0.44490087206288187
8953.48999947309,-1.0,0.1327171284245341,0.38810753955949656,0.4469825170875818
8953.58499996364,-1.0,0.13266469939102138,0.39019108070622893,0.448835031067804
8953.68799678981,-1.0,0.1326133272462642,0.3924039964888316,0.45081077840328104
8953.79499681294,-1.0,0.132565308547963,0.3946542461385108,0.45282788357414405
8953.88900153339,-1.0,0.1325272256639742,0.39659182232548673,0.4545707118502732
8953.99399995804,-1.0,0.1324887916466045,0.3987140420934492,0.4564855216245287
8954.0879946202,-1.0,0.1324577207907553,0.40057755856961563,0.4581716416450557
8954.19600047171,-1.0,0.1324255388389896,0.40267800090157974,0.4600770095793541
8954.29100096226,-1.0,0.13240005996725732,0.4044906185705549,0.46172508367540044
8954.39300201833,-1.0,0.1323753747220957,0.4064016406946468,0.4634661159231649
8954.48499508202,-1.0,0.13235528258757212,0.4080948729361868,0.46501147667526965
8954.60599623621,-1.0,0.132331681986525,0.4102797512970241,0.4670089619069306
8954.68499399722,-1.0,0.1323178541590569,0.411681042811696,0.468291894311064
8954.78899665177,-1.0,0.1323013858987616,0.4134965040223,0.46995591119680596
8954.88800033927,-1.0,0.1322873871266808,0.4151945581658294,0.4715140304164941
8954.99000139534,-1.0,0.13227452119836428,0.416914172542635,0.4730934097236273
8955.09399399161,-1.0,0.13226288002319386,0.4186370573818673,0.47467709173778244
8955.18500134349,-1.0,0.1322538148698449,0.4201203809311198,0.47604147437330646
8955.29400296509,-1.0,0.13224420342817975,0.42186784441084724,0.47764968060837953
8955.38500025868,-1.0,0.13223713005558047,0.4233029780701104,0.478971008870195
8955.49400188029,-1.0,0.13222970013049853,0.4249944346497497,0.4805288478625589
8955.58599494398,-1.0,0.1322242248728478,0.42639915497881,0.48182287096964926
8955.69099336863,-1.0,0.13221879242209145,0.4279776122958504,0.4832771172570194
8955.80300241709,-1.0,0.13221386898995158,0.4296330239600554,0.4848023138731515
8955.8910023421,-1.0,0.13221056574551132,0.43091355414578425,0.4859820332003882
8955.99600076675,-1.0,0.1322072205221025,0.43241893224109823,0.48736870752422917
8956.1019949615,-1.0,0.13220443681789465,0.43391436919464593,0.4887458972902566
8956.19599968195,-1.0,0.13220241568781776,0.43522080379257977,0.4899486626252648
8956.28699697554,-1.0,0.1322008259063773,0.4364680806935744,0.49109657592394745
8956.40299916267,-1.0,0.1321992661658114,0.4380339321965252,0.49253703199876286
8956.48699589074,-1.0,0.13219843025777298,0.43915124539036315,0.4935643544505541
8956.59000277519,-1.0,0.1321977057591009,0.4405029416009105,0.49480653015530096
8956.68499320745,-1.0,0.13219730099354185,0.44173178980359945,0.49593511981946403
8956.79000169039,-1.0,0.13219711240608367,0.4430709862004079,0.49716422147511047
8956.89500011504,-1.0,0.1321971617780634,0.4443903145451623,0.4983741537593674
8956.99099637568,-1.0,0.13219738962613384,0.4455796543937236,0.49946401179529837
8957.09599480033,-1.0,0.1321978104134862,0.4468624966700241,0.500638554598197
8957.1870021522,-1.0,0.13219829902795116,0.44795949298650506,0.5016420611762855
8957.29499794543,-1.0,0.13219900285144875,0.44924371057554713,0.5028157313638731
8957.3870010674,-1.0,0.13219968922114225,0.4503230452196497,0.503801176783122
8957.49199949205,-1.0,0.1322005501335712,0.45153866706180423,0.5049099186991766
8957.5869999826,-1.0,0.13220138308931018,0.4526240014062381,0.5058987550199567
8957.69199840724,-1.0,0.13220234435180842,0.4538078439309631,0.5069761220562206
8957.7960010618,-1.0,0.13220332017426442,0.45496454750590326,0.5080274974579269
8957.89100155234,-1.0,0.1322042168724668,0.45600758969852,0.5089744093449693
8957.99699574709,-1.0,0.13220520791148624,0.45715640646240685,0.5100160195578946
8958.08799304068,-1.0,0.13220603991037036,0.4581303780646327,0.5108979588278155
8958.19599889219,-1.0,0.13220698951938703,0.459271962729191,0.5119302764203204
8958.28699618578,-1.0,0.13220774663813598,0.4602218588798202,0.5127880527472887
8958.39399620891,-1.0,0.1322085735643301,0.4613251640727297,0.513782928002479
8958.48800092936,-1.0,0.13220923354955333,0.46228254843936645,0.5146449272745902
8958.58899615705,-1.0,0.1322098635165745,0.4632989485517789,0.5155586989410224
8958.69700200856,-1.0,0.13221043375088798,0.46437224079240236,0.5165220230600571
8958.7929982692,-1.0,0.13221084062757518,0.4653145840330339,0.5173664089563061
8958.88899452984,-1.0,0.13221114416862145,0.46624622823460476,0.5181998642468632
8958.98999981582,-1.0,0.1322113445358088,0.4672151613739664,0.5190652087571634
8959.09699983895,-1.0,0.1322114159609067,0.4682291926896832,0.5199691648309983
8959.18999873102,-1.0,0.13221135123082722,0.46910037836329305,0.5207443684301678
8959.29400138557,-1.0,0.13221113076253344,0.4700636831542474,0.5215999636537156
8959.38799604774,-1.0,0.13221078986509147,0.4709245295664815,0.5223631032253808
8959.49299447238,-1.0,0.13221024343642093,0.47187541075391765,0.5232044098838836
8959.58400182426,-1.0,0.13220962317141602,0.472690588110563,0.5239242282189255
8959.69199761748,-1.0,0.1322087022780151,0.47364731536933674,0.5247673005561904
8959.80300083756,-1.0,0.1322075384985094,0.4746189178594784,0.5256214918869141
8959.8889991641,-1.0,0.13220648001663013,0.47536361832735197,0.5262747962551612
8959.99699495733,-1.0,0.13220495051723838,0.4762890640008332,0.5270849073678113
8960.08299328387,-1.0,0.13220356848361542,0.4770183916083118,0.5277219282028605
8960.19399650395,-1.0,0.1322015628875277,0.4779499959996186,0.5285337506118036
8960.2889969945,-1.0,0.13219964246776783,0.4787387077976214,0.5292193567881661
8960.38300171494,-1.0,0.1321975518902772,0.47951150802457254,0.529889573501754
8960.5070002377,-1.0,0.13219449915295056,0.48051948530345856,0.5307613557378346
8960.59000119567,-1.0,0.13219226411193918,0.4811870918909337,0.5313372181324354
8960.68599745631,-1.0,0.13218948284554527,0.4819522599058901,0.531995677868093
8960.79000011086,-1.0,0.13218622741643637,0.4827729689934854,0.5327000301448257
8960.89799590409,-1.0,0.1321825750699479,0.48361626041403355,0.5334216461284299
8960.99599376321,-1.0,0.13217901769960005,0.4843737647270974,0.5340679667124707
8961.09499745071,-1.0,0.13217518489009783,0.4851317340243593,0.5347128420972316
8961.1859947443,-1.0,0.13217144701629335,0.4858220471390479,0.5352985066032727
8961.30399852991,-1.0,0.13216628867791708,0.48670834193159596,0.5360480671571625
8961.38699948788,-1.0,0.13216244729889962,0.48732583803547275,0.5365686744412632
8961.49100214243,-1.0,0.13215738034365931,0.4880928309301935,0.5372134113173439
8961.58600263298,-1.0,0.1321525025537913,0.4887869947697709,0.5377950540825367
8961.69100105762,-1.0,0.1321468309642971,0.4895471991632707,0.5384299313227779
8961.79599948227,-1.0,0.13214086091712723,0.4903001831001203,0.5390565517492711
8961.89099997282,-1.0,0.1321351987258858,0.490975367965802,0.5396164919433466
8961.99599839747,-1.0,0.13212865114014005,0.4917149971859938,0.5402277174558071
8962.08800151944,-1.0,0.13212266094768738,0.49235748484067277,0.5407567856304144
8962.19599731266,-1.0,0.13211532474028007,0.4931051113790863,0.5413701730705285
8962.28800043464,-1.0,0.13210881289272627,0.49373655493917823,0.5418862979397763
8962.39199303091,-1.0,0.13210115953736878,0.49444434477552296,0.5424626591497453
8962.48599775136,-1.0,0.13209397330051276,0.49507882953835725,0.5429773333090471
8962.590996176,-1.0,0.13208564322327246,0.49578165378135813,0.5435451869204717
8962.69499883056,-1.0,0.13207707469242214,0.4964718323353071,0.5441004598333244
8962.7909950912,-1.0,0.13206888409277392,0.4971037001538998,0.5446067164449302
8962.89699934423,-1.0,0.1320595240378545,0.49779577980287076,0.545158853218563
8962.9890024662,-1.0,0.1320511270862551,0.49839172080697386,0.5456322680343102
8963.09600248933,-1.0,0.1320410421493556,0.4990793848116891,0.5461761678137383
8963.1890013814,-1.0,0.13203199634762275,0.49967242289941777,0.546643132851485
8963.29199820757,-1.0,0.13202167177692808,0.500324273864918,0.5471541244860458
8963.38599286973,-1.0,0.13201196702191023,0.5009147028131532,0.5476148608629736
8963.48899975419,-1.0,0.13200102272373657,0.5015569593428774,0.5481137200405015
8963.58400024474,-1.0,0.1319906403901663,0.5021449454300049,0.548568263978898
8963.69199603796,-1.0,0.13197850001810085,0.5028083933938147,0.5490786125273969
8963.79699446261,-1.0,0.13196635066785514,0.5034484581626291,0.5495683796866215
8963.88800181448,-1.0,0.1319555435633936,0.5039993478508675,0.5499878326417144
8963.99599760771,-1.0,0.13194238802638109,0.504648480981043,0.5504795747380223
8964.08800072968,-1.0,0.1319308959162175,0.5051976293149469,0.5508934139519494
8964.19299915433,-1.0,0.13191746075203375,0.5058200930816905,0.5513600667505376
8964.28899541497,-1.0,0.13190487965362507,0.5063852988095775,0.5517815137187159
8964.39399383962,-1.0,0.13189079289561,0.5069993359991429,0.5522368710540564
8964.48700278997,-1.0,0.13187802660925352,0.5075396861947735,0.5526353952408762
8964.5940028131,-1.0,0.13186300736260279,0.5081572510373106,0.5530883194969711
8964.6949980408,-1.0,0.13184850424992695,0.5087362421597592,0.5535104480192307
8964.79099430144,-1.0,0.13183442453419542,0.5092831185649491,0.5539069029974597
8964.88599479198,-1.0,0.13182020822047869,0.5098210681864099,0.5542947158055136
8964.98499847949,-1.0,0.1318050946092493,0.5103783055903366,0.5546941332768811
8965.09600169957,-1.0,0.13178778629118892,0.5109990595695666,0.5551362860900203
8965.19100219011,-1.0,0.1317726684340604,0.5115270124102512,0.5555099930234522
8965.28999581933,-1.0,0.13175661590004906,0.512073971930368,0.555894852439284
8965.38699790835,-1.0,0.1317405911500978,0.5126068339597553,0.5562675149732736
8965.49499370158,-1.0,0.13172241141598068,0.5131965550627705,0.5566772924257141
8965.59300161898,-1.0,0.13170560342195417,0.5137285775968973,0.5570445629418872
8965.6919952482,-1.0,0.1316883291018114,0.5142629594500028,0.5574111334316534
8965.78699573874,-1.0,0.1316714725523228,0.5147730117139245,0.5577588174277559
8965.89799895883,-1.0,0.1316514300721317,0.5153656067620108,0.5581600479437661
8965.99599681795,-1.0,0.13163342278874177,0.5158858077383036,0.5585098315527613
8966.09099730849,-1.0,0.13161568904620174,0.5163874956606374,0.5588449967824708
8966.18599779904,-1.0,0.1315976829523179,0.5168866688258535,0.5591763517371295
8966.28799885511,-1.0,0.1315780473243884,0.5174198783558915,0.5595279369956208
8966.39599464834,-1.0,0.1315569170415277,0.5179813845579502,0.5598955236285753
8966.48799777031,-1.0,0.13153864058380094,0.5184573196242616,0.5602049442045395
8966.59200042486,-1.0,0.13151767585249344,0.5189926987522543,0.5605506430325825
8966.68499931693,-1.0,0.13149865611799508,0.5194691124670382,0.560856148448776
8966.79199934006,-1.0,0.13147645460777785,0.5200145913925031,0.5612034805876147
8966.89600199461,-1.0,0.1314545525332669,0.5205421148843061,0.5615368689143787
8966.98900088668,-1.0,0.1314347019453851,0.5210116343001602,0.5618315150900203
8967.0969966799,-1.0,0.131411335427192,0.5215543204423643,0.5621696229738283
8967.19999350607,-1.0,0.13138873757695851,0.5220693833711832,0.5624880801333209
8967.29399822652,-1.0,0.131367848023988,0.5225373852614492,0.5627753740105913
8967.38800294697,-1.0,0.13134670475873467,0.5230034254440897,0.5630595054492501
8967.5059966743,-1.0,0.13131980689945705,0.5235856695621492,0.5634117336708027
8967.58499443531,-1.0,0.13130157743246568,0.5239738206913541,0.5636448471993211
8967.69399605691,-1.0,0.1312761343636415,0.5245072400429192,0.5639629876485378
8967.80399344862,-1.0,0.13125011944632312,0.5250430444318755,0.5642799665009511
8967.89000183344,-1.0,0.13122954185411687,0.525460288009576,0.5645250126836449
8967.99799762666,-1.0,0.1312034115312199,0.5259821106518915,0.5648292709028107
8968.10299605131,-1.0,0.131177695760054,0.5264872613022595,0.5651214751488517
8968.19499917328,-1.0,0.13115491207785107,0.526928147806661,0.565374633719741
8968.28899383545,-1.0,0.13113139444808813,0.5273769238154221,0.5656305346049277
8968.40600185096,-1.0,0.13110178276746032,0.5279332817991363,0.565945282976564
8968.48499961197,-1.0,0.13108158104894518,0.5283074897818181,0.5661554330576336
8968.59400123358,-1.0,0.13105343071729145,0.5288219809378019,0.5664423361873829
8968.68499852717,-1.0,0.13102968667981632,0.5292498784646161,0.5666791691624745
8968.78999695182,-1.0,0.13100201604520725,0.5297418195700185,0.566949459038589
8968.88499744236,-1.0,0.13097672499228677,0.5301852877932541,0.5671913005842216
8968.98999586701,-1.0,0.13094849106254433,0.5306736534160981,0.5674556459172811
8969.09499429166,-1.0,0.13091996390570368,0.5311601852191941,0.5677169469416857
8969.18899901211,-1.0,0.13089417529109035,0.5315942430224357,0.5679483487155681
8969.29399743676,-1.0,0.13086509369816865,0.5320773768045631,0.5682040227707629
8969.38600055873,-1.0,0.13083937961816397,0.5324992736281755,0.5684256707717659
8969.49099898338,-1.0,0.13080976900906094,0.532979141036555,0.5686759535042036
8969.58599947393,-1.0,0.13078273597393864,0.5334118456800518,0.5688999896339579
8969.69099789858,-1.0,0.1307525932516876,0.5338884861507324,0.5691449805692061
8969.79500055313,-1.0,0.1307224653568389,0.5343589696112196,0.5693849799906082
8969.8889952153,-1.0,0.13069498864048978,0.5347827846120736,0.5695996355500397
8969.99499946833,-1.0,0.130663727803083,0.5352591907327328,0.5698392044613951
8970.0870025903,-1.0,0.13063636244760787,0.5356713517086003,0.570045009910459
8970.19499838352,-1.0,0.13060396377519695,0.5361536136187639,0.5702841224505434
8970.28799727559,-1.0,0.13057582519493302,0.5365675882110335,0.5704879341003951
8970.39199993014,-1.0,0.13054410642856168,0.537029092003286,0.5707135910661055
8970.48599459231,-1.0,0.13051520901148686,0.5374448938884328,0.5709155154304985
8970.59100307524,-1.0,0.13048266702016753,0.5379079866335095,0.5711388789059793
8970.69600149989,-1.0,0.1304498569013474,0.5383695446906422,0.5713599230212472
8970.79100199044,-1.0,0.1304199384725824,0.5387858855543356,0.5715579789208609
8970.89600041509,-1.0,0.130386599499522,0.539244615381615,0.5717747556406132
8970.98799347878,-1.0,0.13035716300993805,0.5396453270288747,0.5719628950053784
8971.0949935019,-1.0,0.13032265776289897,0.5401100132746841,0.5721796686648116
8981.10400177538,1.0,0.12221126218902616,0.5849503117645329,0.5930488515006895
8991.10599942505,1.0,0.11268574265661138,0.6067150942045979,0.6088365944493458
9001.1099986732,1.0,0.10496672174454068,0.6199300355879027,0.6209393622422974
9011.11100055277,1.0,0.10003871869860176,0.6298296852828743,0.6303496016682323
9021.11200243235,1.0,0.09702153292548106,0.6377942184357686,0.637960220404623
9031.11600168049,1.0,0.09514068082611489,0.6443155598514299,0.644509534394559
9041.1049939692,1.0,0.09392713591436305,0.6497454064992338,0.6503003065701094
9051.10599584877,1.0,0.09311116450813993,0.6544880369512582,0.6554249611266022
9061.1110009253,1.0,0.0925432316190697,0.6586916419843377,0.6600318770008776
9071.11500017345,1.0,0.09213548018044838,0.662463480689773,0.6642258880125727
9081.11100308597,1.0,0.09183475600471143,0.6658820929818456,0.6680821205232497
9091.10100120306,1.0,0.09160755202066603,0.6690096239566687,0.6716596006664315
9101.11400261521,1.0,0.09143185937856407,0.6719013973674401,0.6750120188483973
9111.10899969935,1.0,0.0912941257330126,0.6745822379476841,0.6781596952048977
9121.11000157893,1.0,0.09118416790780356,0.6770883726901382,0.6811377115763728
9131.11499659717,1.0,0.09109519714651687,0.6794428515737148,0.6839671332759854
9141.10199734569,1.0,0.09102247749372312,0.6816602782275749,0.6866599457330566
9151.10599659383,1.0,0.09096218270849575,0.6837645831194189,0.6892404565295606
9161.10900007188,1.0,0.09091180282272339,0.6857652067441997,0.6917162025395703
9171.11399509013,1.0,0.09086932752418761,0.6876741348564931,0.694098467725035
9181.10700063407,1.0,0.09083328219480705,0.6894985152567121,0.6963930701033317
9191.10299348831,1.0,0.09080242690228338,0.6912494800883812,0.6986113207960211
9201.12699866295,1.0,0.09077578253103426,0.6929382499067313,0.7007651819166432
9211.10400147736,1.0,0.0907528080524359,0.6945585702022867,0.7028446135134806
9221.10199593008,1.0,0.09073275069565573,0.6961271291088723,0.7048692117888037
9231.10599517822,1.0,0.0907151824762498,0.6976461025234021,0.7068402820406338
9241.1060012877,1.0,0.09069973937186429,0.699118147156095,0.7087599106513675
9251.10699310899,1.0,0.0906860995192003,0.700547727228613,0.7106327131280197
9261.10799498856,1.0,0.09067400610702511,0.7019379961487876,0.7124617610951789
9271.11199423671,1.0,0.09066324149500575,0.7032922986250897,0.7142505193496452
9281.11299611628,1.0,0.09065363274592278,0.7046124632426073,0.7160005705572302
9291.10400006175,1.0,0.0906450338474564,0.7059000010325177,0.7177131666460765
9301.10399611294,1.0,0.09063730102693963,0.7071595031195634,0.7193937555128395
9311.11400015652,1.0,0.09063032764176242,0.7083929544195807,0.7210444126494121
9321.11599780619,1.0,0.09062403402587693,0.7095998873366217,0.722663987865407
9331.12299442291,1.0,0.0906183324037235,0.7107834857285183,0.724256280224482
9341.10499620438,1.0,0.09061317011519154,0.7119417299710915,0.725818139385417
9351.10899545252,1.0,0.090608463745437,0.7130814177771923,0.7273583509353976
9361.11400052905,1.0,0.09060417363873476,0.7142013103592448,0.7288749107413883
9371.10600024462,1.0,0.09060026058586396,0.7153009996549996,0.7303669527118108
9381.11400268972,1.0,0.09059667446873776,0.7163847072290057,0.7318399273680692
9391.10499657691,1.0,0.0905933930218046,0.7174498164096809,0.7332900263393289
9401.1139947921,1.0,0.09059037478311764,0.7185009426481062,0.7347233054540256
9411.10799610615,1.0,0.09058760341495178,0.7195354316350717,0.7361359397237234
9421.11500278115,1.0,0.09058504768570044,0.7205569473231853,0.7375327437466873
9431.10999986529,1.0,0.09058269331146365,0.7215636401702726,0.7389110180290035
9441.10499694943,1.0,0.09058051871037154,0.7225574013245258,0.740273193197313
9451.11299939454,1.0,0.09057850498228757,0.7235401124880068,0.7416217097874748
9461.10900230706,1.0,0.09057664253535103,0.7245098891522938,0.7429538526225998
9471.11599892378,1.0,0.09057491393374915,0.7254695001275612,0.7442733064883019
9473.23599345982,1.0,0.09057456404315956,0.7256714004123934,0.7445510722787942
9473.34399931133,1.0,0.0918723477357382,0.7256243744892104,0.7444999484879025
9473.44899773598,1.0,0.0918750015118343,0.7255250690744902,0.7443890409988297
9473.55300039053,1.0,0.0918776701269171,0.7254282755179621,0.744280692177803
9473.64800088108,1.0,0.09188006301358906,0.7253412295937656,0.7441830230424762
9473.75299930573,1.0,0.09188264825624115,0.7252465223139078,0.7440764899525172
9473.8450024277,1.0,0.0918848649805536,0.7251648099781954,0.7439843368617307
9473.95299822092,1.0,0.09188741592570157,0.7250703838012728,0.7438775569001171
9474.04500134289,1.0,0.0918895473240934,0.7249911876558185,0.7437877505954289
9474.14999976754,1.0,0.09189193388766537,0.7249021799054344,0.7436865359969762
9474.24500025809,1.0,0.0918940532734352,0.7248228858977622,0.7435961068692749
9474.34999868274,1.0,0.09189635308492003,0.7247365873231901,0.7434974017266436
9474.44200180471,1.0,0.09189833172552174,0.7246621030015049,0.7434119618852123
9474.54999759793,1.0,0.09190061228136537,0.7245759923382088,0.743312892839291
9474.65400025249,1.0,0.0919027659123499,0.7244943846793483,0.7432187082465868
9474.74699914455,1.0,0.09190465682341113,0.7244224829659838,0.7431354818032097
9474.85399916768,1.0,0.09190679230231445,0.7243409799230976,0.7430408608927868
9474.94499646127,1.0,0.09190857515329372,0.7242726742038346,0.7429613280250298
9475.05599968135,1.0,0.09191070927049119,0.7241905768357286,0.7428654508624267
9475.14600120485,1.0,0.09191240730702345,0.7241249792241656,0.7427886157290609
9475.25199539959,1.0,0.09191437061992429,0.7240488103078937,0.742699141959889
9475.34199692309,1.0,0.09191600726795503,0.7239850353332197,0.7426240129205183
9475.45099854469,1.0,0.09191795272521128,0.7239088801044246,0.7425340411848114
9475.54300166667,1.0,0.09191956408544959,0.7238455043328703,0.7424589511974928
9475.64199529588,1.0,0.09192126711748563,0.7237782159674842,0.7423790085490253
9475.74300058186,1.0,0.09192297257237654,0.723710503803347,0.7422983347867912
9475.84699317813,1.0,0.09192469526095257,0.7236417622349418,0.742216199366815
9475.95200166106,1.0,0.09192640137201911,0.7235733280558531,0.7421341939117527
9476.0489936918,1.0,0.09192794812107427,0.7235109723810534,0.7420592647181083
9476.15299634635,1.0,0.09192957637105806,0.723445000495309,0.7419797731272535
9476.24900266528,1.0,0.09193105220226162,0.7233849013502811,0.7419071622955623
9476.35299526155,1.0,0.0919326220573692,0.7233206506971026,0.7418293282957383
9476.44400261343,1.0,0.09193397193690166,0.7232651309421958,0.7417618974545231
9476.55299417675,1.0,0.09193555983822697,0.7231994903151294,0.7416819657483252
9476.64499729872,1.0,0.09193687645460202,0.7231447874959595,0.7416151795828935
9476.74899995327,1.0,0.09193833921869798,0.7230837115937384,0.741540425237851
9476.84400044382,1.0,0.0919396522138847,0.723028613728121,0.7414728174676101
9476.94899886847,1.0,0.09194107831159175,0.7229684688176132,0.7413988315282924
9477.05300152302,1.0,0.09194246557471188,0.722909655455182,0.741326295869347
9477.14800201356,1.0,0.09194371129944874,0.7228565806856423,0.7412606777916115
9477.25300043821,1.0,0.09194506489045971,0.7227986245560739,0.7411888508090295
9477.3449935019,1.0,0.09194623126324517,0.722748442306556,0.7411265111379685
9477.45199352503,1.0,0.09194756550842795,0.7226907587289285,0.7410546834983303
9477.5539945811,1.0,0.09194881555782994,0.7226364418783685,0.7409868819657294
9477.64899507165,1.0,0.09194996111289504,0.7225864306418236,0.7409243119377892
9477.7439955622,1.0,0.09195108907611357,0.7225369658195054,0.7408622901634778
9477.86600254476,1.0,0.09195251245611254,0.7224742212498447,0.740783424346381
9477.95400246978,1.0,0.09195352195514643,0.7224295012372389,0.7407270815715202
9478.04900296032,1.0,0.0919545960356195,0.722381717490852,0.7406667564275758
9478.14499922097,1.0,0.09195566516229023,0.7223339442204346,0.7406063177612868
9478.24599444866,1.0,0.0919567727828717,0.7222842275942738,0.7405432855148687
9478.35400030017,1.0,0.09195793827134653,0.7222316638454759,0.740476494231677
9478.44900079072,1.0,0.09195894755984228,0.7221859352039629,0.7404182630281211
9478.55100184679,1.0,0.0919600150888943,0.7221373539349037,0.7403562711828341
9478.64600233734,1.0,0.09196099466136762,0.7220925796019276,0.7402990200133699
9478.75399813056,1.0,0.0919620914209151,0.7220422236417173,0.7402344972018458
9478.86500135064,1.0,0.09196320055123731,0.7219910549227772,0.7401687871389083
9478.95199544728,1.0,0.0919640572347525,0.7219513623918312,0.7401177137119458
9479.04600016773,1.0,0.09196497080743912,0.7219088682536536,0.7400629371218245
9479.1480012238,1.0,0.09196594811378994,0.7218632178634277,0.7400039786052068
9479.25599701703,1.0,0.0919669673506848,0.7218153948944651,0.7399420879323926
9479.35099750757,1.0,0.0919678510412052,0.7217737525142068,0.7398880905202171
9479.45299856365,1.0,0.09196878680965195,0.7217294752664207,0.7398305698379858
9479.54799905419,1.0,0.09196964641232594,0.7216886346105895,0.7397774155194046
9479.64199371636,1.0,0.09197048581549279,0.7216485972587741,0.7397252152215946
9479.74399477243,1.0,0.0919713844854354,0.7216055597046029,0.7396690021702232
9479.84899319708,1.0,0.09197229654191268,0.7215616954630654,0.7396116013931292
9479.94700111449,1.0,0.09197313625481096,0.7215211445124639,0.7395584398327528
9480.04900217056,1.0,0.09197399853345212,0.7214793367821852,0.7395035336400678
9480.15299476683,1.0,0.09197486565578097,0.7214371209370859,0.7394479912469715
9480.25100268424,1.0,0.0919756720256496,0.7213977051386948,0.7393960418517883
9480.35299368203,1.0,0.09197650021797478,0.721357062617837,0.7393423836072356
9480.4440010339,1.0,0.09197722998418802,0.7213211145048138,0.7392948452978039
9480.55600002408,1.0,0.09197811640176184,0.7212772777087757,0.7392367764234523
9480.64199835062,1.0,0.09197878844978497,0.7212439148601527,0.7391925092926669
9480.74899837375,1.0,0.0919796144188529,0.7212027586224461,0.7391378150744975
9480.86000159383,1.0,0.09198045957976214,0.7211604704825075,0.7390815171261064
9480.94499409199,1.0,0.09198109879991881,0.7211283674531263,0.7390387112471133
9481.05399571359,1.0,0.091981908763854,0.7210875401432796,0.7389841886214547
9481.14599883556,1.0,0.09198258398241885,0.7210533760987066,0.7389384922933856
9481.25000149012,1.0,0.09198333815296811,0.7210150773669167,0.7388871875129943
9481.34599775076,1.0,0.09198402584263184,0.7209800245913738,0.7388401587166888
9481.45000040531,1.0,0.09198476194857737,0.7209423653181593,0.7387895560351004
9481.54599666595,1.0,0.09198543331488297,0.720907892893399,0.7387431659204962
9481.64999932051,1.0,0.09198615208259885,0.720870852035011,0.7386932452973743
9481.75400197506,1.0,0.09198686208876945,0.7208341248503607,0.7386436717362029
9481.85199983418,1.0,0.09198752324214073,0.72079980043873,0.7385972733981199
9481.95499666035,1.0,0.09198821006435239,0.7207640153986655,0.7385488308628342
9482.04599395394,1.0,0.09198881012829649,0.7207326430747579,0.7385063034112409
9482.14499764144,1.0,0.09198945594257608,0.7206987659298056,0.7384603193469714
9482.24600292742,1.0,0.09199010738985547,0.7206644739073275,0.7384137076832205
9482.34999552369,1.0,0.09199077042665477,0.7206294479132146,0.7383660316794254
9482.44999498129,1.0,0.09199140075956301,0.7205960312963993,0.7383204832365673
9482.55100026727,1.0,0.09199203025605324,0.7205625391695694,0.7382747691042827
9482.64299333096,1.0,0.09199259749424128,0.7205322586433816,0.738233385416782
9482.75300078094,1.0,0.09199326832267954,0.7204963235879798,0.7381842084772389
9482.84199647605,1.0,0.09199380515423702,0.7204674682446448,0.7381446688609921
9482.94599913061,1.0,0.0919944259772919,0.7204339882041948,0.7380987351125721
9483.04399698973,1.0,0.09199500462209531,0.7204026754344922,0.7380557194816327
9483.1469938159,1.0,0.09199560627637665,0.7203700065639175,0.7380107840818672
9483.25099647045,1.0,0.09199620715653843,0.7203372656427317,0.7379656915169214
9483.34899432957,1.0,0.09199676733552425,0.7203066387085473,0.7379234580018766
9483.45099538565,1.0,0.09199734430769178,0.7202749879620196,0.7378797593762525
9483.54299850762,1.0,0.09199785947522304,0.7202466362281145,0.7378405692306893
9483.6540017277,1.0,0.0919984745269559,0.7202126733209939,0.7377935658558056
9483.74299742281,1.0,0.09199896258274395,0.7201856338510153,0.7377560999476273
9483.84700007737,1.0,0.09199952733183404,0.7201542459093802,0.7377125596696968
9483.94699953496,1.0,0.09200006473830079,0.7201242776473393,0.737670939609544
9484.04900059104,1.0,0.09200060733647399,0.7200939200533654,0.7376287300824125
9484.15299318731,1.0,0.09200115484074133,0.7200631854180307,0.7375859464880112
9484.25100110471,1.0,0.09200166566849254,0.7200344159828604,0.7375458532516697
9484.35399793088,1.0,0.09200219718618124,0.7200043845525134,0.7375039547825756
9484.44499522448,1.0,0.09200266230645765,0.7199780224517665,0.7374671363780797
9484.5429930836,1.0,0.09200315854209794,0.7199498096345591,0.7374276921116202
9484.64499413967,1.0,0.09200367003087336,0.7199206363023857,0.7373868609588745
9484.7500026226,1.0,0.09200419133806718,0.719890804559577,0.7373450621658424
9484.84199568629,1.0,0.0920046437117637,0.7198648362835156,0.7373086388128473
9484.9500015378,1.0,0.09200516976080424,0.7198345429092726,0.7372661046366875
9485.04199460149,1.0,0.09200561356788142,0.7198089047705966,0.7372300695191504
9485.14699302614,1.0,0.09200611541417288,0.7197798239325338,0.7371891544018809
9485.25499887764,1.0,0.09200662648614928,0.719750109664925,0.7371473030211197
9485.34799776971,1.0,0.09200706243002446,0.7197246839889838,0.7371114559260147
9485.45200042427,1.0,0.0920075454962315,0.7196964230792066,0.7370715724865377
9485.54099611938,1.0,0.0920079551418567,0.7196723838595427,0.737037614413863
9485.65099351108,1.0,0.09200845682755612,0.7196428521178048,0.7369958570734517
9485.74200086296,1.0,0.09200886808628339,0.7196185676507919,0.7369614859488351
9485.86300201714,1.0,0.0920094096178961,0.7195864855635263,0.7369160324576456
9485.94199977815,1.0,0.09200975996732176,0.7195656654790741,0.7368865069157142
9486.0469982028,1.0,0.0920102217731132,0.7195381440628319,0.7368474444282345
9486.1479934305,1.0,0.09201066187753751,0.7195118328226884,0.7368100639511372
9486.246997118,1.0,0.0920110894634069,0.7194861915805546,0.7367736019389658
9486.35099977255,1.0,0.09201153460417298,0.7194594147685387,0.7367354900832103
9486.45399659872,1.0,0.09201197141314146,0.7194330557845593,0.7366979379393818
9486.55199445784,1.0,0.09201238333364843,0.7194081214786183,0.7366623833508704
9486.64399757981,1.0,0.09201276684281959,0.7193848395831872,0.7366291571105048
9486.75299920142,1.0,0.09201321723589888,0.71935741353914,0.7365899822226692
9486.84399649501,1.0,0.09201358997820988,0.7193346468088262,0.7365574344333117
9486.94799914956,1.0,0.09201401241267358,0.7193087684917986,0.7365204073196853
9487.06099390984,1.0,0.09201446710173622,0.7192808225798157,0.7364803850371553
9487.14899383485,1.0,0.09201481817412775,0.7192591794333889,0.7364493629906731
9487.25299648941,1.0,0.09201522970562413,0.7192337354734999,0.736412863989124
9487.3420022428,1.0,0.09201557902123558,0.719212075281524,0.7363817680805139
9487.4529954046,1.0,0.09201601095953456,0.7191852110903083,0.7363431696602377
9487.54400275648,1.0,0.09201636210996199,0.719163304741024,0.7363116686596158
9487.6420006156,1.0,0.09201673724728637,0.7191398354540174,0.7362778945844635
9487.74400167167,1.0,0.09201712446109431,0.7191155378711501,0.7362429007331798
9487.84900009632,1.0,0.09201751963802961,0.7190906636278606,0.736207047181973
9487.94799372554,1.0,0.09201788908296056,0.7190673380505544,0.7361733991463624
9488.04999478161,1.0,0.09201826661308068,0.7190434304051666,0.7361388847256141
9488.15399743617,1.0,0.09201864831410737,0.7190191843525885,0.7361038542398298
9488.25199529529,1.0,0.09201900502416811,0.7189964576067512,0.7360709937794071
9488.34300264716,1.0,0.0920193337551828,0.7189754546508228,0.7360406042726161
9488.44599947333,1.0,0.09201970288173857,0.7189518027578629,0.7360063573171621
9488.54399733245,1.0,0.09202005124255837,0.7189294142692007,0.7359739155033351
9488.64599838853,1.0,0.09202041093059837,0.7189062291695575,0.7359402948437548
9488.75000104308,1.0,0.09202077466527296,0.718882711625283,0.7359061667088985
9488.8489946723,1.0,0.09202111809160675,0.7188604404064023,0.73587382372131
9488.94999995828,1.0,0.09202146572643438,0.7188378296302413,0.7358409643291361
9489.05400261283,1.0,0.09202182078926227,0.7188146658656589,0.7358072770623786
9489.15299624205,1.0,0.09202215606254786,0.7187927277346884,0.7357753497183065
9489.24200199544,1.0,0.092022455296079,0.7187730936879897,0.735746757079981
9489.34700042009,1.0,0.09202280563445117,0.7187500409888796,0.7357131637063327
9489.45699781179,1.0,0.0920231695926707,0.7187260163019108,0.7356781284075417
9489.54599350691,1.0,0.09202346178638306,0.718706671802694,0.7356498993072633
9489.65100198984,1.0,0.09202380397843159,0.7186839526071008,0.7356167241752071
9489.74299505353,1.0,0.0920241014908012,0.7186641426746396,0.735587778426386
9489.85199667513,1.0,0.09202445130206528,0.7186407817139314,0.7355536215964246
9489.94299396873,1.0,0.0920247411084327,0.7186213712043051,0.7355252224686666
9490.04800245166,1.0,0.09202507304988301,0.7185990747487507,0.7354925804614736
9490.1439987123,1.0,0.09202537419626594,0.7185787872531644,0.7354628605893065
9490.24800136685,1.0,0.09202569800090422,0.7185569095003879,0.7354307909058259
9490.35199396312,1.0,0.09202601924664405,0.7185351386346863,0.7353988571934512
9490.44699445367,1.0,0.09202631052840753,0.718515340960775,0.7353697998916517
9490.55199287832,1.0,0.0920266300581075,0.7184935596235889,0.7353378114712037
9490.64399600029,1.0,0.09202690798882449,0.718474559369514,0.7353098906752927
9490.75099602342,1.0,0.09202722883894988,0.7184525611951833,0.7352775450644881
9490.84399491549,1.0,0.09202750564401424,0.7184335273546303,0.7352495414209729
9490.94799757004,1.0,0.09202781295475837,0.7184123350319392,0.7352183439205191
9491.04099646211,1.0,0.09202808576301916,0.7183934678588878,0.7351905532501891
9491.14900231361,1.0,0.09202840026274973,0.7183716534737313,0.735158402671322
9491.25400073826,1.0,0.09202870362963163,0.7183505458001048,0.7351272745807177
9491.3409948349,1.0,0.09202895322185718,0.718333130950733,0.7351015783356969
9491.45399965346,1.0,0.09202927508978077,0.7183106076393649,0.7350683255563667
9491.54499694705,1.0,0.09202953236224272,0.7182925509545721,0.7350416518602373
9491.64099320769,1.0,0.09202980193847304,0.7182735791095298,0.7350136116922219
9491.74499586225,1.0,0.09203009189924476,0.7182531131327778,0.7349833465311698
9491.8489985168,1.0,0.09203037969960715,0.7182327380084679,0.7349531985951262
9491.94600060582,1.0,0.09203064620072333,0.7182138154812866,0.734925184746405
9492.04999320209,1.0,0.0920309298629833,0.718193615440991,0.7348952634788692
9492.15399585664,1.0,0.0920312114587159,0.7181735017754627,0.7348654536830539
9492.25099794567,1.0,0.092031472231938,0.7181548208643992,0.7348377526714696
9492.35399477184,1.0,0.09203174716783363,0.7181350680329222,0.7348084468828511
9492.44500212371,1.0,0.092031988440853,0.7181176847314951,0.7347826436310362
9492.55399368703,1.0,0.09203227536227919,0.7180969522378161,0.7347518530756725
9492.64700263739,1.0,0.09203251847882365,0.7180793333440162,0.7347256731845092
9492.75099523365,1.0,0.09203278843772103,0.7180597130750446,0.7346965049712436
9492.8559936583,1.0,0.0920330590269754,0.7180399872021097,0.7346671644487317
9492.95099414885,1.0,0.09203330215299009,0.7180222118487997,0.7346407120615467
9493.04299727082,1.0,0.09203353608558724,0.7180050621698157,0.734615179059254
9493.14200095832,1.0,0.09203378616061683,0.7179866782383223,0.7345877957442459
9493.24299618602,1.0,0.09203403951264992,0.7179679993487715,0.7345599596667358
9493.25600154698,1.0,0.09203407200951133,0.7179655994901302,0.7345563823181738
9493.35610052526,1.0,0.061707713392668034,0.7192297498672465,0.7360054573406414
