Time,X-averaged positive electrode hysteresis state,Minimum negative surface potential [V],Minimum negative particle surface stoichiometry,Maximum negative particle surface stoichiometry
0.0,1.0,0.6179712430505961,0.056168299843460015,0.056168299843460015
1.0030364544404402,0.9999999999995676,0.617971243050941,0.05616829984342342,0.05616829984342439
2.00411620065231,0.9999999999990856,0.6179712430511805,0.056168299843396725,0.056168299843398016
3.00913661355349,0.9999999999985744,0.6179712430513882,0.05616829984337342,0.05616829984337499
4.01619583927884,0.9999999999980765,0.6179712430515331,0.05616829984335658,0.05616829984335828
5.02020622409459,0.9999999999975805,0.6179712430516775,0.056168299843339785,0.056168299843341596
6.02325825009626,0.999999999997066,0.6179712430517984,0.056168299843325865,0.05616829984332778
7.02327275996014,0.9999999999965484,0.6179712430519123,0.05616829984331282,0.05616829984331481
8.02330921156939,0.9999999999960305,0.6179712430520261,0.05616829984329976,0.05616829984330184
9.029348500033981,0.9999999999955095,0.6179712430521407,0.05616829984328663,0.0561682998432888
10.03041019739078,0.9999999999949913,0.6179712430522547,0.05616829984327355,0.056168299843275815
11.036485229666381,0.9999999999946199,0.6179712430522886,0.05616829984326929,0.05616829984327153
12.04149608729138,0.9999999999942886,0.6179712430523009,0.05616829984326741,0.05616829984326957
13.049540214264681,0.9999999999939565,0.6179712430523132,0.05616829984326552,0.056168299843267606
14.05456841294648,0.9999999999936253,0.6179712430523255,0.05616829984326362,0.056168299843265636
15.056594839301482,0.999999999993295,0.6179712430523377,0.056168299843261736,0.056168299843263686
16.05964863479878,0.9999999999929069,0.6179712430523925,0.05616829984325553,0.0561682998432575
17.066670701116582,0.999999999992504,0.6179712430524571,0.05616829984324831,0.05616829984325031
18.075711761907982,0.9999999999921003,0.6179712430525218,0.056168299843241044,0.05616829984324308
19.07695819460488,0.9999999999916995,0.617971243052586,0.056168299843233876,0.056168299843235944
20.08181333661748,0.9999999999912976,0.6179712430526505,0.05616829984322666,0.05616829984322877
21.08385604233198,0.9999999999908371,0.6179712430527307,0.05616829984321762,0.0561682998432198
22.09289250243478,0.9999999999903622,0.6179712430528144,0.056168299843208175,0.056168299843210416
23.09791220753778,0.9999999999898892,0.6179712430528977,0.05616829984319875,0.056168299843201056
24.10596376639258,0.9999999999894148,0.6179712430529815,0.056168299843189315,0.056168299843191695
25.11605696926458,0.9999999999889392,0.6179712430530653,0.056168299843179864,0.05616829984318232
26.11703373083278,0.9999999999885708,0.6179712430530906,0.056168299843176735,0.05616829984317914
27.117089292994482,0.9999999999882178,0.6179712430531075,0.05616829984317449,0.056168299843176846
28.11712822189758,0.9999999999878646,0.6179712430531243,0.05616829984317227,0.05616829984317458
29.11716078061648,0.9999999999875118,0.6179712430531412,0.05616829984317006,0.05616829984317229
30.123206793164382,0.9999999999871565,0.6179712430531582,0.056168299843167804,0.05616829984317001
31.13122720889678,0.9999999999867172,0.6179712430532233,0.05616829984316052,0.05616829984316276
32.13124207265978,0.9999999999862699,0.6179712430532943,0.05616829984315259,0.0561682998431549
33.14033267932778,0.9999999999858186,0.6179712430533659,0.05616829984314461,0.056168299843146974
34.14137562003128,0.9999999999853708,0.6179712430534371,0.05616829984313667,0.0561682998431391
35.14937975640418,0.9999999999849201,0.6179712430535086,0.0561682998431287,0.05616829984313118
36.153467291227884,0.9999999999844711,0.6179712430535663,0.05616829984312209,0.0561682998431246
37.15745644209648,0.9999999999840222,0.6179712430536226,0.05616829984311563,0.05616829984311814
38.15949242372768,0.9999999999835738,0.6179712430536789,0.056168299843109185,0.0561682998431117
39.16156450306898,0.9999999999831259,0.6179712430537351,0.056168299843102745,0.05616829984310527
40.16559258284068,0.9999999999826769,0.6179712430537914,0.056168299843096285,0.05616829984309881
41.16660827331208,0.9999999999822292,0.617971243053843,0.056168299843090345,0.05616829984309289
42.16966950069078,0.9999999999817807,0.6179712430538944,0.05616829984308446,0.05616829984308701
43.17679348995488,0.9999999999813305,0.617971243053946,0.05616829984307854,0.0561682998430811
44.18677202951238,0.9999999999808787,0.6179712430539978,0.05616829984307258,0.056168299843075184
45.19280176270068,0.9999999999804289,0.6179712430540493,0.05616829984306666,0.0561682998430693
46.20185131707098,0.9999999999800226,0.6179712430540795,0.05616829984306309,0.0561682998430657
47.20692339924348,0.9999999999796206,0.6179712430541086,0.05616829984305967,0.056168299843062236
48.21292800559448,0.999999999979218,0.6179712430541376,0.05616829984305622,0.05616829984305878
49.21733086453308,0.9999999999788161,0.6179712430541666,0.05616829984305279,0.05616829984305531
50.21999324760478,0.9999999999784149,0.6179712430541956,0.05616829984304937,0.05616829984305186
51.23004044359128,0.9999999999780108,0.6179712430542312,0.05616829984304528,0.05616829984304778
52.23403950363528,0.999999999977609,0.6179712430542669,0.056168299843041204,0.05616829984304369
53.24311949332968,0.9999999999772056,0.6179712430543027,0.0561682998430371,0.05616829984303958
54.24913365495688,0.9999999999768029,0.6179712430543384,0.05616829984303302,0.0561682998430355
55.25922791952618,0.9999999999763995,0.6179712430543739,0.05616829984302895,0.05616829984303144
56.26622733630038,0.9999999999760503,0.6179712430543881,0.0561682998430272,0.05616829984302965
57.26726355292068,0.9999999999757037,0.6179712430544023,0.05616829984302549,0.05616829984302787
58.27728031358288,0.9999999999753534,0.6179712430544165,0.056168299843023746,0.05616829984302608
59.044338251115484,0.9999999999750875,0.6179712430544274,0.05616829984302243,0.05616829984302471
60.04688855912718,0.9999999999756009,0.5716320836270768,0.06038865380320702,0.060574249924968196
61.07267258723528,0.9999999999766179,0.5311833392477152,0.06633631396993976,0.06664063533887389
62.075984021291184,0.9999999999775705,0.5083795557468489,0.07030215531596266,0.07069976522039026
63.08094674863588,0.9999999999784844,0.49199527878792776,0.07349036062676446,0.07397674954305072
64.08103345392009,0.9999999999793561,0.4791141937185294,0.07622442587454385,0.0767942833093944
65.08610907508378,0.9999999999801956,0.4683175620371549,0.07868348248840486,0.07933219015446726
66.08809091014977,0.9999999999809979,0.4590216104599457,0.08092834619705423,0.08165050606244316
67.08811072850048,0.9999999999817654,0.45079969859312424,0.0830126305163783,0.08380287344746044
68.09716913034868,0.9999999999825079,0.443307433944102,0.08499081305904752,0.08584436840928816
69.10660974324539,0.9999999999832199,0.4364361448268591,0.08686751026216284,0.08777893529149405
70.11022588444258,0.9999999999838989,0.43009073664336467,0.08864903073247596,0.08961258983456342
71.11425361031517,0.9999999999845499,0.42413161611955125,0.09035990411914369,0.09137029277612181
72.12142891495148,0.9999999999851764,0.41847223763891217,0.09201382934825846,0.09306595013993413
73.12332404473338,0.9999999999857738,0.41310004463392413,0.09360493715722039,0.09469359103886157
74.13285737919918,0.9999999999863513,0.4079019951553979,0.09516001509922688,0.09628072540541563
75.13842527403737,0.9999999999869027,0.40290104082652856,0.09666620587054943,0.09781444682702836
76.14047470383518,0.9999999999874299,0.39806231885081966,0.09812928897278841,0.0993009782577037
77.14252024074258,0.9999999999879355,0.3933455923037699,0.09955814135471037,0.10074968283281081
78.15059161794808,0.9999999999884235,0.38870627860394935,0.10096374211713813,0.102172012711605
79.15980042692178,0.999999999988892,0.38415030456271393,0.10234168922632675,0.10356390387638344
80.16370074911158,0.999999999989339,0.37969572307312643,0.1036855877632595,0.10491928990368035
81.16567550619519,0.9999999999897672,0.3753155844342817,0.10500211600544741,0.10624531852879919
82.16776138760218,0.9999999999901776,0.3709923393020195,0.10629605773487745,0.10754720301632982
83.17774912853668,0.9999999999905744,0.36668907405689233,0.10757852445349671,0.10883643155986145
84.18375515048407,0.999999999990954,0.36245013037559753,0.10883564669901531,0.11009940998722831
85.18882900215227,0.9999999999913175,0.3582623668682631,0.11007255002950904,0.11134158070073451
86.19187359627249,0.9999999999916656,0.35412673159248115,0.11128885331324102,0.11256283919697414
87.19389082125038,0.999999999991999,0.35003661880368614,0.11248725231072892,0.11376617847527806
88.19694072385738,0.9999999999923196,0.34598536156599347,0.11367090435572128,0.11495496667614005
89.20702012466369,0.9999999999926291,0.3419488209695478,0.11484746122473677,0.11613710458888837
90.21505151126868,0.9999999999929254,0.3379660882484849,0.11600704562997347,0.11730284929836579
91.22408903306888,0.99999999999321,0.3340241707555305,0.11715394803793687,0.11845669014973174
92.22910838427268,0.9999999999934818,0.33014732976196576,0.1182830799789068,0.11959363549505143
93.23715180344779,0.9999999999937436,0.326308628370534,0.11940286871534982,0.1207223013165021
94.24719793773698,0.9999999999939949,0.32251495446207434,0.12051297113935595,0.12184248660337782
95.24723615884179,0.999999999994234,0.3188131384494556,0.12160073076642496,0.12294148554978501
96.25525409728039,0.9999999999944653,0.31514032912145284,0.12268604457672554,0.12403948847739023
97.26331167242019,0.9999999999946869,0.31152912587170095,0.12376050961806197,0.12512808713315274
98.26531828042458,0.9999999999948984,0.30800029340925955,0.12481857107435036,0.12620174817542257
99.27338364134498,0.9999999999951026,0.30451752779852875,0.12587316715122115,0.12727363498571317
100.27739473395899,0.9999999999952978,0.3011175446206116,0.12691369354639923,0.12833302800496182
101.28548592951498,0.9999999999954857,0.29777286725752844,0.12794936066232174,0.12938941331790116
102.29450292516599,0.9999999999956662,0.294497646858098,0.12897724457073748,0.13043985709300748
103.30059105170898,0.9999999999958392,0.2913079425558678,0.12999319969791467,0.13148014390835094
104.30155967359798,0.9999999999960042,0.2882079601940163,0.1309957857931443,0.1325088622338607
105.30267834871297,0.9999999999961625,0.2851835863896438,0.1319907576733506,0.1335319598849186
106.30864650345498,0.9999999999963152,0.2822216330041681,0.13298278510772563,0.13455427556910252
107.31370832255298,0.9999999999964616,0.2793413056753353,0.13396638469717118,0.13557024401180523
108.31474984765998,0.9999999999966017,0.2765496575365554,0.13493895881858872,0.1365772172741224
109.31878535931298,0.9999999999967364,0.27382933872665544,0.1359074508486097,0.13758242442542026
110.31979857248999,0.9999999999968655,0.27119488618134374,0.1368662763874556,0.13858012021984292
111.32791737217798,0.9999999999969905,0.268623023243583,0.1378249926998218,0.1395803109304884
112.33788635645898,0.9999999999971102,0.2661255699793959,0.13877868326830467,0.1405779273892418
113.33793448673899,0.9999999999972244,0.26373105427737076,0.13971666664207388,0.14156186571297427
114.34395678804599,0.9999999999973341,0.26139949520099814,0.14065404121664724,0.14254796623475335
115.34601754261598,0.9999999999974396,0.25915358525881843,0.14158165450290428,0.14352666464589553
116.34800574786598,0.9999999999975405,0.2569830775165795,0.14250327155965095,0.144501969005998
117.35409033541798,0.9999999999976379,0.25487810614785583,0.14342283630870364,0.14547811539124483
118.35511876625698,0.9999999999977308,0.25285640875000565,0.14433211821193506,0.14644641488698965
119.36115663912499,0.9999999999978207,0.25089618028975363,0.14524038102608525,0.14741678196940097
120.37120383511198,0.9999999999979071,0.24899893938196965,0.14614676287637135,0.14838838434388832
121.37124807250198,0.9999999999979896,0.24718836053647808,0.14703884876016154,0.14934792759017376
122.37727462059799,0.9999999999980689,0.24543420479642772,0.14793103668662022,0.1503109222274862
123.37932263479898,0.9999999999981448,0.24375134869679746,0.14881457786189972,0.15126797668917955
124.38039778032298,0.9999999999982178,0.24213288582900155,0.14969225915475512,0.1522221240677762
125.38941442207498,0.9999999999982883,0.2405632795269782,0.15057194009720604,0.1531819797154589
126.39943967631598,0.999999999998356,0.2390516152493837,0.15144763698132965,0.15414109165030518
127.40445194953699,0.9999999999984208,0.23760518089351082,0.15231430218302217,0.15509394051260741
128.41153700989798,0.999999999998483,0.23621219847697497,0.15317799325421624,0.15604720349781503
129.419536545583,0.9999999999985428,0.23487225448133772,0.15403776917469808,0.15699985058901417
130.42260945163198,0.9999999999986,0.23359109668112915,0.15488865738042737,0.1579463608057396
131.42261299062397,0.9999999999986547,0.23236327217827457,0.15573251494232282,0.15888876096338836
132.424700287627,0.9999999999987076,0.23118014360550668,0.15657395493319473,0.15983221482485524
133.434723418474,0.9999999999987584,0.23003421001258648,0.15741791492328225,0.16078232297711997
134.43876176131997,0.9999999999988073,0.22894026682284233,0.15825268275208756,0.16172586526702282
135.44481520574897,0.9999999999988542,0.22788610265564377,0.15908509505047527,0.16267051283206138
136.45485496985398,0.9999999999988992,0.22686971619380236,0.1599167379491694,0.16361808967037278
137.47186371540897,0.9999999999989428,0.22588645749966726,0.16075007229659757,0.16457142050036086
138.47392907066697,0.9999999999989844,0.22495491678941967,0.1615674126836089,0.16551015759730311
139.47997012862697,0.9999999999990239,0.22405741273137553,0.16238402300057553,0.16645170803109227
140.48800222303097,0.9999999999990622,0.22319234109742683,0.1631984397739243,0.16739431990507112
141.49402417043797,0.999999999999099,0.22236245738382107,0.16400758070850746,0.1683343588592212
142.49406770002997,0.9999999999991344,0.22156807970780543,0.16480851702147384,0.16926828111170128
143.50313636495298,0.9999999999991682,0.22079727161558724,0.1656133644308823,0.17021013481518196
144.50714816536498,0.9999999999992005,0.22005871211301833,0.1664108056587958,0.1711465446654856
145.515303416662,0.999999999999232,0.21934442507272967,0.16720823131147533,0.1720860535990545
146.517233228557,0.9999999999992619,0.21866175801661208,0.16799753142960142,0.17301896097397132
147.527265206882,0.9999999999992906,0.21799932400924635,0.16878995024484375,0.17395839854417652
148.52830779368597,0.9999999999993182,0.21736456950194832,0.16957242849043588,0.17488869805021467
149.533324667596,0.9999999999993449,0.21675058137113165,0.17035527981692608,0.17582192505045124
150.54139816819597,0.9999999999993706,0.21615607896999883,0.17113782584267015,0.17675710752973842
151.54542306287598,0.999999999999395,0.2155848959933047,0.17191444563194472,0.17768731841940924
152.54746647638797,0.9999999999994187,0.21503507151852347,0.17268666261069177,0.1786141425823168
153.55650258259197,0.9999999999994412,0.21449941816645157,0.17346173219019004,0.17954605849540353
154.560523938281,0.9999999999994631,0.21398257032781065,0.17423072958298783,0.18047209073612425
155.56459448594697,0.999999999999484,0.2134829682350781,0.17499760600031677,0.18139675520574006
156.56960640526898,0.9999999999995041,0.21299905408527844,0.1757630082063631,0.1823205875395201
157.57266904824397,0.9999999999995233,0.2125310992892538,0.17652468652253409,0.18324060973142445
158.57768379875898,0.9999999999995417,0.21207601502053583,0.17728583120184366,0.18416039497522005
159.581738774864,0.9999999999995595,0.21163410285193807,0.17804458604459136,0.18507742055672616
160.58675140198497,0.9999999999995766,0.21120452996717964,0.17880245721441115,0.18599321154638254
161.590825842541,0.9999999999995933,0.21078720667641795,0.17955802718010383,0.18690580188403624
162.590865125343,0.9999999999996089,0.21038252463644042,0.18030911669820526,0.18781231164319662
163.59790099372697,0.9999999999996243,0.20998603476596017,0.18106398386136702,0.18872241673730983
164.60094488004898,0.9999999999996386,0.2096010029434415,0.1818144453615822,0.18962595819503525
165.61097827396898,0.9999999999996528,0.20922267078912787,0.1825689016444926,0.19053277824766846
166.618016973546,0.9999999999996663,0.208854489151479,0.18331998535664779,0.19143371155941433
167.62507089078397,0.999999999999679,0.2084937403765763,0.1840702467626692,0.1923315537451091
168.63008741079497,0.9999999999996917,0.20814224915309823,0.18481812062903205,0.1932241742270489
169.63833715315698,0.9999999999997035,0.20779630299686852,0.1855675652770259,0.1941160425365365
170.64818404224198,0.9999999999997151,0.2074566743609111,0.18631765942918693,0.19500579616544428
171.657181573442,0.9999999999997262,0.20712372873820634,0.18706657538216245,0.1958910225139321
172.658253533873,0.9999999999997365,0.20679917607558487,0.18780909686746164,0.19676537189474305
173.65828573869297,0.9999999999997469,0.2064805769268373,0.18855040694308026,0.1976347772550733
174.66730804283097,0.9999999999997569,0.20616371055770494,0.1892981908680176,0.19850800178554345
175.671396993251,0.9999999999997663,0.20585304925889075,0.1900422306228795,0.19937289905209818
176.67738213514997,0.999999999999775,0.20554550749997386,0.19078774472139898,0.2002353837366641
177.68642213424397,0.999999999999784,0.2052420480442816,0.19153529908992448,0.20109591549045908
178.687521698807,0.9999999999997922,0.20494492696362204,0.1922767823803809,0.20194503615361226
179.69551663380298,0.9999999999998002,0.20464789497917196,0.19302357721872157,0.20279565133032385
180.69856335131797,0.999999999999808,0.20435527678347115,0.1937671060121737,0.20363785720214037
181.70658801383897,0.9999999999998154,0.20406419409051418,0.19451465025681136,0.20447979482246245
182.709637562547,0.9999999999998225,0.203776536015238,0.19525885763375533,0.20531311390361012
183.709695955902,0.9999999999998292,0.20349170947292083,0.19600136317827058,0.20613962534823582
184.713723327875,0.9999999999998359,0.20320744724701706,0.1967474164257634,0.20696508574101222
185.71575400101997,0.9999999999998423,0.20292630346546955,0.19749232182199786,0.20778423543656063
186.72281181114897,0.9999999999998482,0.20264410876030897,0.19824140801880177,0.20860290684423682
187.72389757364598,0.9999999999998541,0.20236533592730518,0.19898665552567174,0.2094123080511906
188.734012718263,0.9999999999998597,0.2020842107876535,0.19973940933883236,0.21022475198000098
189.73796683311897,0.9999999999998651,0.2018063739176879,0.20048813129574225,0.21102774073429106
190.73993769731197,0.9999999999998704,0.201529217083796,0.20123594180284873,0.211824724516286
191.744024524337,0.9999999999998754,0.20125171821619278,0.20198604649633825,0.21261916685550883
192.746092710789,0.9999999999998802,0.20097492315303087,0.20273538211734754,0.21340783966530644
193.74708752121197,0.9999999999998845,0.2006983974993263,0.20348458366823297,0.21419151670312936
194.74713600539098,0.9999999999998893,0.2004219242299972,0.20423380643614783,0.21497040668438094
195.74724288292498,0.9999999999998934,0.2001447556852771,0.20498390553773202,0.21574551144240756
196.75316927757098,0.9999999999998974,0.1998654186161282,0.20573911752888863,0.21652125919714052
197.76323735360498,0.9999999999999013,0.19958430029016305,0.20649818547649124,0.21729634119880165
198.76439283422897,0.9999999999999053,0.1993048075786194,0.2072512820071163,0.21806089277611374
199.769374672126,0.9999999999999089,0.19902325683485425,0.20800797828388615,0.21882472551432675
200.77534176516997,0.9999999999999122,0.19874019032408333,0.20876613708348965,0.2195857822623405
201.77735191216598,0.9999999999999157,0.19845676915308574,0.2095221046855343,0.22034056918694744
202.78639863534298,0.999999999999919,0.19816999049287268,0.2102840638710846,0.2210973397058415
203.78851247478,0.9999999999999221,0.19788409517221744,0.21104128895642169,0.22184553971210888
204.79251896670598,0.999999999999925,0.19759606481708808,0.21180057922439585,0.22259209501036345
205.80255873081097,0.999999999999928,0.1973044779011331,0.2125650407278977,0.22334014200745503
206.808512375689,0.9999999999999305,0.19701185717447778,0.2133269937201907,0.2240822754196472
207.809658654935,0.9999999999999333,0.1967186641765201,0.21408586029663018,0.22481813109987042
208.81367187094298,0.999999999999936,0.1964227820304076,0.2148473562280404,0.22555342774087342
209.81570112849099,0.9999999999999383,0.1961259888403762,0.21560765703803203,0.22628455479941392
210.81875138499797,0.9999999999999408,0.19582610199288378,0.21636928736933997,0.2270141869286363
211.82777227353898,0.9999999999999429,0.19552173357536118,0.21713597742187504,0.22774591035316885
212.829806485675,0.9999999999999452,0.19521705051323715,0.21789780078584184,0.2284703882685131
213.83197730286997,0.9999999999999474,0.19491021887031043,0.21865994253674756,0.22919278013515137
214.83892292697797,0.9999999999999493,0.19459941924091134,0.21942601971734713,0.22991659961526295
215.842920571426,0.9999999999999513,0.19428661877390402,0.22019022076121872,0.2306365146820496
216.84900232778497,0.999999999999953,0.19397045310060912,0.2209562036812783,0.2313561011424145
217.84900232778497,0.9999999999999548,0.1936536910744089,0.22171764425214904,0.23206954365882804
218.85607464777797,0.9999999999999566,0.19333206386756632,0.2224845423657299,0.23278630812637044
219.86107276503398,0.9999999999999584,0.19300768441856375,0.2232500963810646,0.2335002113152378
220.86313104231,0.9999999999999598,0.19268125230859295,0.22401349276694527,0.23421063123584507
221.869174931463,0.9999999999999615,0.19235066710183096,0.22477995534581505,0.23492256052066296
222.87222624966597,0.9999999999999629,0.192018521758245,0.22554411048605918,0.23563112912229506
223.87224571411798,0.9999999999999643,0.19168429762576175,0.22630592138639777,0.23633644686943797
224.87434929048098,0.9999999999999656,0.1913459911692931,0.2270692525799563,0.23704220191411593
225.883340805396,0.9999999999999669,0.19100168472122803,0.22783774607311236,0.23775185838209917
226.89236452512998,0.999999999999968,0.19065403002086884,0.22860619706264437,0.23846073333592935
227.89843920350697,0.9999999999999692,0.1903055242771351,0.2293718613859638,0.23916636245680414
228.90644546327397,0.9999999999999706,0.18995303567914043,0.2301387136550015,0.239872512726097
229.91350221170597,0.9999999999999717,0.1895967750514553,0.2309046700394,0.24057739205957454
230.91654255903697,0.9999999999999727,0.18923911382597497,0.23166720577876426,0.24127875827097747
231.92459234839598,0.9999999999999738,0.1888755838302143,0.2324335685282875,0.24198349102457378
232.932602854953,0.9999999999999747,0.18850897420204876,0.23319934022244054,0.24268740443987624
233.93764697909498,0.9999999999999759,0.18814058412574464,0.23396243997740812,0.24338881274954313
234.94269110323697,0.9999999999999767,0.1877691631169644,0.2347249849870497,0.24408966811125263
235.944738763539,0.9999999999999777,0.1873951142056564,0.2354849203871536,0.2447882292213014
236.94675775801298,0.9999999999999785,0.18701725407535152,0.2362445373084363,0.24548666487900395
237.954783128333,0.9999999999999791,0.18663378709588024,0.23700824664808715,0.24618904544098175
238.95483692099899,0.9999999999999798,0.1862501320103354,0.23776547734260256,0.24688576893518446
239.96387161160598,0.9999999999999807,0.18586006189235849,0.23852890630343435,0.24758854691825694
240.97392376218,0.9999999999999816,0.1854657707631784,0.23929260857042772,0.24829202156357685
241.98196895085098,0.9999999999999822,0.18506967353814835,0.24005408045508878,0.24899390410532796
242.99100010246698,0.9999999999999829,0.1846689530248809,0.24081587413397162,0.24969667384398436
244.000045410048,0.9999999999999836,0.18426600899757006,0.24157689020629286,0.25039928772010756
245.000095309824,0.999999999999984,0.18386299910923584,0.24233044966822667,0.25109564572917153
246.00911938345698,0.999999999999985,0.18345303969764148,0.24309015524757782,0.25179838246691016
247.01318179144397,0.9999999999999853,0.18304191746633316,0.2438455061456244,0.25249783322925334
248.022214004757,0.9999999999999859,0.18262568669665574,0.24460392729818317,0.2532009093918754
249.02224833297197,0.9999999999999865,0.1822103879158813,0.24535480487811595,0.2538977874956098
250.023297997758,0.999999999999987,0.18179106737021475,0.24610584065623656,0.2545956745298441
251.02732253853898,0.9999999999999875,0.18136719846156973,0.2468585773310522,0.2552960620308132
252.02759822595198,0.999999999999988,0.18094249102380067,0.24760782434221393,0.2559941245262791
253.03656426013097,0.9999999999999883,0.18051097429499702,0.24836289015904298,0.25669857602770024
254.04060543416998,0.9999999999999888,0.1800781807683762,0.2491136601456269,0.2574000323701204
255.040605788069,0.9999999999999893,0.17964476396593684,0.2498606348661359,0.2580989520587183
256.04864248316096,0.9999999999999897,0.17920546237522852,0.2506127693657335,0.25880372810218405
257.056694395915,0.9999999999999901,0.17876307809769612,0.251364197515302,0.259508923501717
258.058684016761,0.9999999999999906,0.17832066288318438,0.2521103964451443,0.2602103059718039
259.06587843194995,0.9999999999999908,0.1778733432195342,0.25285974940133343,0.2609157729482116
260.078730632353,0.9999999999999911,0.17742097081503466,0.25361257220660477,0.2616256754995423
261.07889731883796,0.9999999999999915,0.17697175501073406,0.25435523935984206,0.2623271494769718
262.084913957759,0.9999999999999919,0.1765174497677683,0.2551015671957315,0.2630332680157332
263.09400279493195,0.999999999999992,0.1760592859479023,0.25584949381419725,0.2637421022081278
264.104820783199,0.9999999999999923,0.17559807064555977,0.2565979544164507,0.26445265142591273
265.10685711872895,0.9999999999999926,0.17513901408177973,0.2573390844972799,0.26515745251205763
266.117108514508,0.9999999999999929,0.17467414255427152,0.2580854981193525,0.2658684934089154
267.127961892687,0.999999999999993,0.17420722850429166,0.258831477208582,0.2665803668012937
268.129974163077,0.9999999999999934,0.1737425312632582,0.2595700993585934,0.26728644210836966
269.140024544156,0.9999999999999937,0.17327176629960417,0.26031413207823745,0.2679990103822351
270.145069376096,0.999999999999994,0.17280116444654953,0.261053850264338,0.26870873301126735
271.149058526965,0.9999999999999941,0.17232998480107625,0.2617918931870864,0.26941811261932397
272.154143349506,0.9999999999999942,0.17185697113734294,0.2625299041927583,0.2701287327723288
273.159156330525,0.9999999999999944,0.17138194932811482,0.2632673903638675,0.2708401841429272
274.16638436613,0.9999999999999949,0.1709038828052051,0.2640060049608252,0.27155406218412037
275.16840689959497,0.999999999999995,0.17042805969630484,0.26473972003170265,0.27226446973954405
276.171294008607,0.9999999999999952,0.16995103958631866,0.2654731847226199,0.2729759213828304
277.17435488208696,0.9999999999999953,0.16947271552216675,0.2662061330075258,0.2736881912506412
278.176378477249,0.9999999999999954,0.16899380024751479,0.2669376117274138,0.2744003549527186
279.184408802157,0.9999999999999957,0.1685109071058593,0.26767278342887746,0.27511746011132904
280.18547191511,0.9999999999999959,0.16803022113495716,0.2684023435790222,0.275830450969807
281.18647274181797,0.999999999999996,0.16754902314613113,0.26913110764133585,0.2765439944272408
282.19553574435497,0.9999999999999962,0.16706380229519663,0.26986487440116697,0.2772637736633579
283.20058234579096,0.9999999999999963,0.16657964036510897,0.2705953324483806,0.2779816932998172
284.208625411067,0.9999999999999964,0.1660938295663169,0.2713271829267995,0.27870233746315515
285.210646528935,0.9999999999999966,0.16561116953528118,0.2720536437735766,0.27941900282264376
286.213694662047,0.9999999999999967,0.16512759088765533,0.2727803829794458,0.2801373100359522
287.216756243325,0.9999999999999968,0.1646436244345934,0.27350658223975033,0.2808564634305031
288.22177877961997,0.9999999999999969,0.16415829917490837,0.2742336578242028,0.2815778872188152
289.225783855949,0.999999999999997,0.16367436221747894,0.27495905188995207,0.2822989917092983
290.229935446514,0.999999999999997,0.16319076157102994,0.2756838605828408,0.28302088750790133
291.238892987113,0.9999999999999971,0.162705042402698,0.2764116330932195,0.28374713439454397
292.24593204058897,0.9999999999999973,0.1622209311507246,0.2771372786362072,0.28447264627883045
293.250936528029,0.9999999999999973,0.1617389001340145,0.27786057144883314,0.2851971709541414
294.25900224284896,0.9999999999999974,0.16125608635595787,0.2785853156160692,0.2859245408759528
295.265048609296,0.9999999999999974,0.1607738739636609,0.27930823210817946,0.2866515167072503
296.265083999208,0.9999999999999976,0.1602961566194716,0.2800261622019638,0.2873748724497459
297.272103234333,0.9999999999999976,0.15981645027816294,0.28074834250157316,0.28810390667375846
298.28215219981496,0.9999999999999978,0.15933658331728245,0.2814719382608589,0.2888357833803614
299.29019314169597,0.9999999999999979,0.1588588704082021,0.28219338730904825,0.2895669099992985
300.294251302893,0.9999999999999979,0.1583843048945419,0.2829112844707874,0.2902958507798062
301.299246942856,0.9999999999999979,0.15791083216353766,0.28362922179934374,0.29102626339519155
302.30126664512795,0.999999999999998,0.15744016201441377,0.2843443724746746,0.2917552597712484
303.302345683541,0.999999999999998,0.1569715869936249,0.28505823734039926,0.29248437723934506
304.30934863930696,0.9999999999999982,0.15650193991887157,0.28577571270118507,0.2932186294859953
305.31542048649,0.9999999999999982,0.15603443424061625,0.2864919114513289,0.2939530275415391
306.318486314557,0.9999999999999984,0.15557027236229679,0.2872054062162036,0.294686119070762
307.319497758239,0.9999999999999984,0.15510887614841268,0.2879168553125607,0.29541855959620217
308.32356653641,0.9999999999999986,0.15464825350926134,0.28862984382533424,0.29615404876350265
309.331593676225,0.9999999999999986,0.1541881726883564,0.28934498424196237,0.2968932367128977
310.33364664501397,0.9999999999999987,0.15373325437042035,0.2900552196461077,0.29762882656946094
311.33368274272397,0.9999999999999987,0.1532818696434032,0.29076324227061967,0.29836358305553506
312.340748692533,0.9999999999999987,0.152830099144183,0.2914754321697842,0.2991041408882145
313.342758839529,0.9999999999999987,0.15238346887847545,0.29218322217524995,0.2998415989172601
314.345010345723,0.9999999999999988,0.1519387924881676,0.29289070843955195,0.3005802470562457
315.35182785834996,0.9999999999999988,0.15149442482066394,0.2936008533089371,0.3013231865572994
316.35785759153896,0.9999999999999989,0.1510528381709952,0.2943098943910056,0.30206650094841175
317.368101201536,0.999999999999999,0.1506126687401745,0.295021231348593,0.3028137851886921
318.368920124097,0.999999999999999,0.15017968218629385,0.2957253309178064,0.30355501897308035
319.375738344523,0.999999999999999,0.1497470601407613,0.2964330283357137,0.304301596960362
320.377031491903,0.9999999999999992,0.14931979241816665,0.2971362164684172,0.3050449727851767
321.38406523689196,0.9999999999999992,0.14889319358875253,0.29784279820780185,0.3057935097026751
322.386109358203,0.9999999999999992,0.14847189738711766,0.2985452299859834,0.3065392237368637
323.39613638194,0.9999999999999992,0.14805051947482753,0.29925260407972093,0.3072917833668596
324.398173071369,0.9999999999999993,0.14763577735079822,0.29995374849576933,0.3080393168116054
325.403216133814,0.9999999999999993,0.14722316147204104,0.3006563570314329,0.3087900222414831
326.40445513462896,0.9999999999999993,0.14681552602835526,0.3013556701045253,0.3095388215751021
327.411304144278,0.9999999999999993,0.146409109373303,0.3020582618522494,0.31029276784836063
328.416345437227,0.9999999999999993,0.146006864470804,0.3027589391328929,0.31104630677171324
329.42336148725997,0.9999999999999993,0.14560738048499958,0.3034603439589347,0.3118022894727126
330.43241139553,0.9999999999999993,0.14521069999822894,0.30416251224672103,0.3125607739739077
331.440450567915,0.9999999999999993,0.1448180702249025,0.3048633229897526,0.3133194810933317
332.443563110666,0.9999999999999993,0.1444310658063551,0.30556005684054727,0.3140754652723291
333.454509564314,0.9999999999999993,0.1440448414113419,0.3062615720988143,0.31483835671044924
334.46160064096,0.9999999999999993,0.1436639216908041,0.3069597523821027,0.3155993475390272
335.46559651591195,0.9999999999999994,0.1432880315755079,0.3076551298776956,0.3163590101153243
336.46864111003197,0.9999999999999994,0.142916321118928,0.3083491968085844,0.3171189757922384
337.469689005323,0.9999999999999994,0.14254891042646306,0.3090412508870176,0.3178784840189393
338.469739258998,0.9999999999999994,0.14218559056153662,0.3097319759675206,0.3186382850590784
339.475814291274,0.9999999999999996,0.14182384475909152,0.31042621890009675,0.3194037347166942
340.48081665532,0.9999999999999996,0.14146625915966904,0.31111907869707245,0.32016945350651765
341.489841436752,0.9999999999999996,0.14111135322276175,0.31181408665994614,0.3209393758860424
342.49189122044896,0.9999999999999996,0.14076294713537157,0.3125036695962336,0.32170511384282746
343.501912581799,0.9999999999999996,0.14041585779880913,0.313198113856982,0.3224781036112595
344.50597711318,0.9999999999999996,0.14007493399420803,0.31388784525971475,0.32324770648711576
345.50899976555496,0.9999999999999996,0.1397383024022229,0.3145761867648927,0.3240176236986404
346.517027613169,0.9999999999999996,0.13940373130000977,0.31526720505124795,0.32479242818248594
347.517068665467,0.9999999999999996,0.13907568444623794,0.31595203730833316,0.3255621865229626
348.51809037222296,0.9999999999999996,0.13875116679209068,0.31663681726752324,0.32633378605605146
349.52409250128,0.9999999999999996,0.13842892591425127,0.31732426513240175,0.3271103226993974
350.524203625604,0.9999999999999996,0.13811290812668373,0.3180070623317816,0.3278835448692968
351.52503635023,0.9999999999999997,0.1378006925845022,0.3186896649198059,0.3286584655167424
352.534273117235,0.9999999999999997,0.13748993798869885,0.31937730316089746,0.32944104861678447
353.53931830307397,0.9999999999999997,0.13718454822490272,0.32006139073343226,0.3302215344958087
354.54031771418596,0.9999999999999997,0.13688409386534248,0.3207421104934475,0.331000198998212
355.541394629205,0.9999999999999997,0.1365873072514403,0.32142227188056743,0.33178024594945943
356.54344547459897,0.9999999999999997,0.13629406952418974,0.3221024513799784,0.3325623015228438
357.54368506430296,0.9999999999999997,0.13600519092565438,0.3227807592487917,0.33334419044028796
358.54673036622097,0.9999999999999997,0.13571955088957466,0.323460208921987,0.33412946113910813
359.55677013032596,0.9999999999999997,0.1354360110601603,0.324143629445702,0.3349214119175783
360.560249666463,0.9999999999999997,0.13515830572784393,0.32482189018335356,0.335709437769341
361.568809778352,0.9999999999999997,0.13488315716277652,0.3255028725803143,0.3365027026531253
362.572885988404,0.9999999999999997,0.13461282212697304,0.32618020615894433,0.33729387432735075
363.57895075760496,0.9999999999999997,0.1343457613142583,0.3268582058256419,0.3380879322056231
364.58791254499397,0.9999999999999997,0.13408176135913988,0.3275374788765367,0.338885602930864
365.59637745801996,0.9999999999999997,0.13382173742625839,0.32821566868342195,0.33968417385915073
366.604044328532,0.9999999999999997,0.13356576464955863,0.328892549009042,0.3404833916015317
367.612033247243,0.9999999999999997,0.1333135485591918,0.3295689099279448,0.3412841619678468
368.618059795339,0.9999999999999997,0.13306561025470834,0.33024320690258113,0.3420846726469819
369.627976048652,0.9999999999999997,0.1328204548461042,0.3309193393573013,0.34288959268664404
370.631978647687,0.9999999999999997,0.13258049666243202,0.3315907613420107,0.3436910984084017
371.640028437046,0.9999999999999997,0.13234323661573968,0.3322641822877371,0.3444972040189329
372.641076686236,0.9999999999999997,0.13211074045034094,0.33293244563189894,0.3452993852551523
373.64710040314,0.9999999999999997,0.13188052500113567,0.33360341679667227,0.34610704641907253
374.650168708501,0.9999999999999997,0.1316544154950111,0.3342718044054863,0.34691382489695655
375.65219407315897,0.9999999999999997,0.1314322453278263,0.33493865711021226,0.34772105394724123
376.65623666279396,0.9999999999999997,0.13121319463387204,0.33560612836315007,0.3485313016826674
377.65722934982296,0.9999999999999997,0.13099836004081525,0.33627084157587905,0.34934046787345996
378.66082142588,0.9999999999999997,0.1307865088182564,0.3369364287209615,0.35015300267934374
379.66537752313695,0.9999999999999997,0.1305780142640905,0.3376018624756072,0.35096764837275973
380.66836266220497,0.9999999999999997,0.13037330311574546,0.3382654879352976,0.35178237937054074
381.67443804837995,0.9999999999999997,0.13017100781105204,0.33893049145251825,0.35260112339865973
382.68344796604896,0.9999999999999997,0.1299714233274533,0.33959670615680027,0.3534236901979124
383.69249645872196,0.9999999999999997,0.12977506960911445,0.3402622228339785,0.3542477443604199
384.697536336074,0.9999999999999997,0.1295825723258065,0.34092438935500813,0.3550700125159161
385.699578333991,0.9999999999999997,0.12939379361027054,0.34158387106150023,0.3558912812061904
386.707617152477,0.9999999999999997,0.12920701457236317,0.34224659315842626,0.35671895274055787
387.717644884012,0.9999999999999997,0.1290229723598382,0.34290992188854696,0.35754978043720625
388.72366612362197,0.9999999999999997,0.12884278135761812,0.3435699148946427,0.35837880875691747
389.731733607937,0.9999999999999997,0.12866532320634777,0.3442305063125172,0.3592109842278175
390.738768060724,0.9999999999999997,0.12849113277170077,0.34488965881917083,0.3600437495864866
391.74579755892296,0.9999999999999997,0.1283200398615715,0.3455480656762262,0.3608779710269064
392.754853129579,0.9999999999999997,0.12815159823928438,0.3462070079757789,0.36171527584480145
393.75486940893796,0.9999999999999997,0.1279875649244687,0.34685924413050195,0.362546435685689
394.759932289733,0.9999999999999997,0.1278255992058043,0.34751396095611864,0.36338314294807733
395.75997369593,0.9999999999999997,0.12766699714956725,0.3481648103998063,0.36421727453970987
396.769010156033,0.9999999999999997,0.12750944751457774,0.34882094543313763,0.3650605718879035
397.77300956997595,0.9999999999999997,0.12735506746230568,0.34947326069023515,0.3659013436627328
398.774076221921,0.9999999999999997,0.1272042908482937,0.35012282280217916,0.36674096864001937
399.779123177256,0.9999999999999997,0.12705593446819669,0.3507741760107407,0.3675853190139055
400.78214016724496,0.9999999999999997,0.12691092382556535,0.3514234036626639,0.36842932662489
401.78621036101197,0.9999999999999997,0.126767968854862,0.35207260215022473,0.369275678537451
402.788248466038,0.9999999999999997,0.1266277096284024,0.35271972536859275,0.3701217135006487
403.788272177279,0.9999999999999997,0.12649011081293265,0.3533648539596858,0.37096750998608535
404.79034744171196,0.9999999999999997,0.12635460200544216,0.35401068050045714,0.3718165848859945
405.79537599429295,0.9999999999999997,0.12622101870016203,0.354657772926546,0.372669698712244
406.801390863718,0.9999999999999997,0.1260899313764242,0.35530475313358445,0.37352505652440354
407.809618664334,0.9999999999999997,0.12596113699729908,0.3559524349016545,0.37438373689686005
408.814479468733,0.9999999999999997,0.12583508528758552,0.3565972860950218,0.37524103898747974
409.8244944599,0.9999999999999997,0.12571055417774515,0.3572448039566807,0.3761042667619572
410.824556038346,0.9999999999999997,0.12558943185970717,0.35788527840272727,0.37696045487001334
411.825592962765,0.9999999999999997,0.1254705713110773,0.3585255937075267,0.37781877786740903
412.82661077663096,0.9999999999999997,0.1253540156675587,0.3591651230489054,0.3786783909547022
413.83464534832797,0.9999999999999997,0.1252388811845251,0.3598083661699328,0.37954532788547424
414.83567696425996,0.9999999999999997,0.12512678022302207,0.36044638037281235,0.38040754243617114
415.83877322765096,0.9999999999999997,0.1250164639102486,0.3610850432727511,0.3812729376675559
416.838792338204,0.9999999999999997,0.12490809413133738,0.36172125093165236,0.38213725538943255
417.83979564220596,0.9999999999999997,0.12480145052273219,0.36235749398134,0.38300389991629236
418.848827855519,0.9999999999999997,0.12469642638950276,0.3629980442303401,0.38387871336339646
419.856866320107,0.9999999999999997,0.12459377736431301,0.3636372325402923,0.3847539796994016
420.86295444665,0.9999999999999997,0.12449291613192685,0.3642746500369558,0.385629064470389
421.876025356708,0.9999999999999997,0.12439288782343547,0.3649159728317204,0.3865117699007188
422.881988202963,0.9999999999999997,0.12429547290949927,0.3655521757361413,0.387389679255229
423.887016401645,0.9999999999999997,0.12420024114844753,0.36618712084357385,0.388268088869
424.88812552148397,0.9999999999999997,0.12410728290723538,0.36681891757762186,0.3891443509016297
425.890162564812,0.9999999999999997,0.12401609755291591,0.3674505972244436,0.3900226450172524
426.897176845349,0.9999999999999997,0.1239262729106589,0.36808470946363947,0.39090651415603195
427.93090130798896,0.9999999999999997,0.1238358990777652,0.36873489593832204,0.3918150570901012
428.937260167358,0.9999999999999997,0.12374956142159906,0.3693672254340008,0.3927008207404706
429.944322578175,0.9999999999999997,0.12366470388675849,0.3699993959177584,0.39358848689007286
430.945312080112,0.9999999999999997,0.12358198754018011,0.3706271280611164,0.3944720241547484
431.946311845123,0.9999999999999997,0.12350094765308957,0.37125423487235715,0.39535675704329765
432.954452232657,0.9999999999999997,0.12342100938174863,0.37188515752621687,0.3962489584902672
433.963446224865,0.9999999999999997,0.12334268510414581,0.3725159322795501,0.39714302806152785
434.967482444317,0.9999999999999997,0.12326619161282026,0.3731430096810896,0.3980338860557274
435.968536001994,0.9999999999999997,0.12319114633179554,0.37376770009186605,0.39892333430020255
436.970546856787,0.9999999999999997,0.12311723838824364,0.37439247786337454,0.3998148672982899
437.980622718603,0.9999999999999997,0.12304424989040491,0.3750217509804135,0.4007147915555865
438.98665705248,0.9999999999999997,0.12297295200229111,0.375648012996248,0.40161235460372735
439.994680299405,0.9999999999999997,0.1229029868804602,0.3762749655140278,0.40251284721856634
441.004737404567,0.9999999999999997,0.12283439593810122,0.37690262494625437,0.4034162870320914
442.011761948178,0.9999999999999997,0.12276752133665207,0.3775278093025508,0.40431807604433834
443.01678236108,0.9999999999999997,0.12270224119966577,0.3781510496723408,0.4052189617500947
444.016902332881,0.9999999999999997,0.12263875781545935,0.3787705426133805,0.4061163013684605
445.02288075069697,0.9999999999999997,0.12257578734807799,0.3793932360612433,0.4070200645241364
446.03191190231297,0.9999999999999997,0.12251341949742717,0.38001739773890375,0.4079277339618884
447.039937272633,0.9999999999999997,0.12245223579249681,0.3806404653295292,0.40883556601293264
448.04601195101,0.9999999999999997,0.12239286864894271,0.3812617431888136,0.40974255450160957
449.054046876606,0.9999999999999997,0.1223346681466254,0.3818837165160827,0.41065230662231694
450.05508203152897,0.9999999999999997,0.12227782270330209,0.3825008929602757,0.41155671272979505
451.061117073204,0.9999999999999997,0.1222217991885526,0.38312065351282826,0.41246660977472965
452.067146452493,0.9999999999999997,0.12216707592339734,0.38373980971175053,0.41337727321675527
453.07320237421595,0.9999999999999997,0.12211357676849015,0.38435842069193704,0.4142888118145025
454.081219958756,0.9999999999999997,0.12206075250562924,0.3849778521436091,0.41520312139387355
455.09128732699196,0.9999999999999997,0.12200865390364604,0.38559813590270914,0.4161202720382692
456.099303849834,0.9999999999999997,0.12195772377126345,0.3862167244763759,0.4170364704489701
457.10936944857497,0.9999999999999997,0.12190783138467488,0.38683613029725133,0.41795542020368354
458.111365085706,0.9999999999999997,0.12185935994823566,0.3874501491830453,0.41886788731754154
459.116419472923,0.9999999999999997,0.12181169788636384,0.3880655957840203,0.41978394371172995
460.122432218954,0.9999999999999997,0.12176497924718804,0.3886811750189696,0.42070166759354993
461.125536975924,0.9999999999999997,0.12171935421370714,0.3892944765510587,0.42161734840191406
462.13152424121796,0.9999999999999997,0.12167457099549457,0.38990906083115956,0.4225363514273055
463.137570961564,0.9999999999999997,0.12163075953555037,0.3905232010761962,0.42345610074850026
464.147643638287,0.9999999999999997,0.12158775304348779,0.39113931570312893,0.42438022684614096
465.15372291735196,0.9999999999999997,0.12154561762922306,0.3917526431703736,0.42530139372202386
466.156706994723,0.9999999999999997,0.12150440836800849,0.3923636874759996,0.4262204160900019
467.164742628118,0.9999999999999997,0.12146383993972286,0.39297738844945446,0.4271447605827625
468.16677011616997,0.9999999999999997,0.12142435623618818,0.39358701344551866,0.4280642847335374
469.173833588685,0.9999999999999997,0.12138545434582126,0.3941993233410367,0.42898907679537157
470.183858135128,0.9999999999999997,0.12134714640670745,0.394813099839992,0.4299171861322153
471.187913465132,0.9999999999999997,0.12130984384335249,0.39542287072085947,0.4308404560113406
472.191938005912,0.9999999999999997,0.12127331905638808,0.39603224582508745,0.43176434127754326
473.201064356391,0.9999999999999997,0.12123734943668142,0.3966443572281914,0.4326934924932428
474.20400667366596,0.9999999999999997,0.12120229377950735,0.3972523798267284,0.43361743914339024
475.213056581935,0.9999999999999997,0.12116776357700645,0.3978637458023399,0.4345475808185638
476.220085372336,0.9999999999999997,0.12113404148809413,0.39847352792691754,0.435476427933824
477.228135869494,0.9999999999999997,0.12110095680909759,0.3990835934344828,0.43640671879423437
478.237176576386,0.9999999999999997,0.12106845657859534,0.39969394226785204,0.4373383700496508
479.246231793142,0.9999999999999997,0.12103663210997917,0.40030396270759305,0.43827054023092166
480.251258576228,0.9999999999999997,0.1210056068835473,0.40091121261695883,0.4391994914344789
481.25732157593296,0.9999999999999997,0.12097516071830469,0.40151878319803186,0.4401298353247264
482.260335026931,0.9999999999999997,0.12094537641197434,0.40212422690712785,0.4410577491282589
483.264374785373,0.9999999999999997,0.1209161772938089,0.4027299824866447,0.44198705338379113
484.269414662726,0.9999999999999997,0.12088756599021826,0.4033360332047581,0.44291772518785166
485.27544298031796,0.9999999999999997,0.12085951484194467,0.4039423796267324,0.4438497007958696
486.278503499899,0.9999999999999997,0.12083210406766684,0.4045466462659786,0.4447792624608433
487.28050692281096,0.9999999999999997,0.12080528747697766,0.40514998324333845,0.4457081959159188
488.28457251588895,0.9999999999999997,0.12077897361753322,0.4057542708454378,0.4466393774419041
489.287589859777,0.9999999999999997,0.1207532360325699,0.4063576391741138,0.4475699068737272
490.29372965559196,0.9999999999999997,0.12072791937918008,0.406962640018777,0.448503670644296
491.30368908459695,0.9999999999999997,0.12070297360098618,0.407569721434717,0.4494413255643319
492.308726838555,0.9999999999999997,0.12067862130318062,0.40817361556221327,0.450374726529998
493.31576659982795,0.9999999999999997,0.12065467509340638,0.40877849483889533,0.45131029292663716
494.31881968752697,0.9999999999999997,0.1206312585857968,0.40938077394812356,0.4522424508574905
495.322833611334,0.9999999999999997,0.12060830734158035,0.40998339915830057,0.453175748058227
496.33188104231,0.9999999999999997,0.120585752869851,0.4105888045194415,0.45411394198141664
497.336930828838,0.9999999999999997,0.12056375437625357,0.4111915958060778,0.45504864105876175
498.339977192454,0.9999999999999997,0.12054225913932233,0.41179297564941814,0.45598168157228663
499.34203157683896,0.9999999999999997,0.12052123855249498,0.4123935560245957,0.4569139871731258
500.34214305506197,0.9999999999999997,0.12050067078994653,0.41299277909881127,0.45784467523303424
501.34703606427996,0.9999999999999997,0.12048039867637558,0.4135946806487045,0.4587799965366383
502.35446971527296,0.9999999999999997,0.12046047847184241,0.4141979188665638,0.45971784451611775
503.36011829910996,0.9999999999999997,0.12044098522031682,0.41479990917240356,0.4606541792768525
504.360358242713,0.9999999999999997,0.12042197413835998,0.41539849012571073,0.4615856123915923
505.360651978982,0.9999999999999997,0.12040336084655762,0.4159969157918275,0.4625171920654935
506.361277318725,0.9999999999999997,0.12038514232442615,0.41659534959969896,0.4634491548234069
507.36530822968996,0.9999999999999997,0.12036724398677201,0.4171956412728418,0.46438435846869025
508.369357897307,0.9999999999999997,0.12034972278802226,0.4177957671226478,0.4653196316151103
509.37838727942795,0.9999999999999997,0.12033248954810964,0.41839869317924355,0.4662595785185707
510.397407233676,0.9999999999999997,0.12031540841041061,0.41900745499074005,0.46720890787783265
511.397477305701,0.9999999999999997,0.1202989388812317,0.41960478041957755,0.46814065759652335
512.3985029053479,0.9999999999999997,0.12028275318318495,0.4202025530817312,0.46907333970948945
513.4075740475649,0.9999999999999997,0.12026672707410671,0.4208050140328093,0.47001355250601146
514.4125972916589,0.9999999999999997,0.12025104069437541,0.4214049511008307,0.47095001976579876
515.421641537542,0.9999999999999997,0.12023562617465176,0.42200716210834327,0.4718902161647575
516.430899184594,0.9999999999999997,0.1202205449145861,0.4226093770091676,0.47283057810975865
517.4316919186209,0.9999999999999997,0.1202058936488611,0.42320643373165756,0.47376301945787397
518.440724131934,0.9999999999999997,0.12019142474541394,0.42380830262304475,0.4747030901918479
519.4498143847029,0.9999999999999997,0.12017725626847296,0.4244101070911197,0.4756431538277167
520.4608185239069,0.9999999999999997,0.12016334882712688,0.4250129387999692,0.4765848066091925
521.4618600490139,0.9999999999999997,0.12014986681567874,0.4256097164029386,0.47751702006610147
522.4619110104869,0.9999999999999997,0.12013668907549745,0.4262057959777254,0.47844819457367765
523.4649552507079,0.9999999999999997,0.12012376398587721,0.42680355176721035,0.47938203924512185
524.4654584952559,0.9999999999999997,0.12011116305820747,0.4273996855940668,0.4803134015340239
525.4720279246,0.9999999999999997,0.12009855116779086,0.4279994904013512,0.4812503337085101
526.4750679180319,0.9999999999999997,0.12008609430118772,0.42859721555749547,0.4821838956304215
527.4801028407969,0.9999999999999997,0.12007379553384288,0.42919610103323913,0.48311921643284705
528.486177165274,0.9999999999999997,0.12006166738743812,0.4297955773146856,0.48405540642471734
529.486182119862,0.9999999999999997,0.12004979418524063,0.43039140880533305,0.4849858513611802
530.4892344997629,0.9999999999999997,0.12003825452234487,0.43098898670520164,0.4859187497097288
531.498278745646,0.9999999999999997,0.12002697293147745,0.43159007442841685,0.48685690547536264
532.5022749744969,0.9999999999999997,0.12001601954704803,0.43218810716903244,0.48779013544279565
533.5093327846259,0.9999999999999997,0.12000530508837848,0.4327879155706805,0.48872597829853254
534.5093685284369,0.9999999999999997,0.1199949041537151,0.4333834821822792,0.48965498158156334
535.5123993204919,0.9999999999999997,0.11998462447442138,0.43398073993299957,0.4905862206994164
536.51641678329,0.9999999999999997,0.1199745560535011,0.43457851853073226,0.4915180112884281
537.5194684553919,0.9999999999999997,0.11996471847740235,0.4351756555039149,0.4924485413316978
538.5215026675279,0.9999999999999997,0.11995511159728468,0.435772120290227,0.49337776397540506
539.5225880761259,0.9999999999999997,0.11994551121143454,0.4363681371797038,0.49430571377628546
540.530740850129,0.9999999999999997,0.11993590358512722,0.43696842791514706,0.49523982621334506
541.5336608717589,0.9999999999999997,0.11992645795824329,0.4375656261137265,0.4961687104706253
542.5429864674419,0.9999999999999997,0.11991706491649931,0.438166661967632,0.4971031450639551
543.5437792014679,0.9999999999999997,0.11990790886326544,0.43876264609092647,0.4980292054770846
544.554899419583,0.9999999999999997,0.11989892182369248,0.43936482439578634,0.4989641244900274
545.5648001013349,0.9999999999999997,0.11989012404973128,0.43996630880982507,0.49989739569673697
546.564850355009,0.9999999999999997,0.11988158780601366,0.4405619583491182,0.5008210516256131
547.5679062739019,0.9999999999999997,0.11987315654358664,0.44115945755264135,0.5017469162626496
548.5769657374469,0.9999999999999997,0.11986468233050954,0.44176066913310325,0.5026775962106856
549.5849143116579,0.9999999999999997,0.1198563178142439,0.44236129842411526,0.5036066384026395
550.5930097540039,0.9999999999999997,0.11984805241325022,0.442962094800116,0.5045352030130569
551.5990451495779,0.9999999999999997,0.11983992065340335,0.4435617420315613,0.5054611570455204
552.6051014251999,0.9999999999999997,0.11983195730630533,0.44416147790277544,0.506386101196624
553.6181227893819,0.9999999999999997,0.11982407098685345,0.44476544452939026,0.5073166418649486
554.620165141198,0.9999999999999997,0.11981640060541181,0.4453629431136449,0.5082363007516987
555.6261955821839,0.9999999999999997,0.11980882629427361,0.44596289885654156,0.5091587172900573
556.6262433585649,0.9999999999999997,0.11980140871594107,0.446559370430167,0.5100743759067907
557.6362792297799,0.9999999999999997,0.1197940401923675,0.4471618803415871,0.5109981630313414
558.6373264172729,0.9999999999999997,0.11978685934753515,0.447759108620677,0.5119127208387175
559.645341170619,0.9999999999999997,0.11977972787576181,0.44836059269760725,0.5128325880792836
560.6484013363009,0.9999999999999997,0.11977260583751463,0.44895931505367753,0.513746659355049
561.6544738912829,0.9999999999999997,0.11976547954133646,0.4495599975432512,0.514662275025034
562.6544760146779,0.9999999999999997,0.11975839326678714,0.45015723188793283,0.5155711386767858
563.6564974864449,0.9999999999999997,0.11975128685164818,0.45075586172102117,0.5164805480623896
564.6665549455059,0.9999999999999997,0.1197442177205132,0.45135948457257546,0.5173957215621418
565.676646378882,0.9999999999999997,0.11973718121773981,0.4519633417036198,0.5183094181169278
566.6826350597729,0.9999999999999997,0.11973020426465307,0.45256497207845575,0.5192178397502212
567.6896606650819,0.9999999999999997,0.11972325281385791,0.4531674596657825,0.5201255576173144
568.6917143416689,0.9999999999999997,0.11971639388898692,0.4537672048782393,0.5210270035397749
569.6947352245479,0.9999999999999997,0.11970957544560719,0.45436777969412145,0.5219274999761898
570.7017994048609,0.9999999999999997,0.11970277940583574,0.45497103857448035,0.5228297154871454
571.7108344493679,0.9999999999999997,0.1196960135567068,0.45557575516254006,0.5237316869237202
572.718871852258,0.9999999999999997,0.11968920472747971,0.45618018181179987,0.5246305803152
573.7269212877179,0.9999999999999997,0.11968238107320987,0.4567849274541569,0.5255272521118692
574.7279783843859,0.9999999999999997,0.11967557871686485,0.4573858004232041,0.5264154017380301
575.7299867618859,0.9999999999999997,0.1196687284999762,0.45798758439494724,0.5273020029148585
576.7390225141909,0.9999999999999997,0.11966171722980742,0.45859402013895534,0.5281922809405709
577.74507171183,0.9999999999999997,0.11965462255674951,0.45919908042295843,0.5290773008846077
578.753074786506,0.9999999999999997,0.11964738972216658,0.45980576017469,0.5299613145218988
579.7601272881479,0.9999999999999997,0.11964003024018757,0.4604123313846197,0.5308416612591721
580.7681646910379,0.9999999999999997,0.11963274681823396,0.4610198788021815,0.5317196937727299
581.7762173115899,0.9999999999999997,0.11962549745917968,0.46162785578726184,0.5325944937399133
582.7782398450549,0.9999999999999997,0.11961838062286188,0.46223260316843423,0.5334606701725745
583.793484757401,0.9999999999999997,0.11961130623550964,0.4628457389998592,0.5343346479305572
584.8063995979479,0.9999999999999997,0.1196038751113024,0.46345809472143074,0.5352029800287949
585.8163774297079,0.9999999999999997,0.11959632493217938,0.46406921988597966,0.5360649524272448
586.816471920772,0.9999999999999997,0.11958868335809218,0.4646749248375882,0.5369145654836521
587.8194899724589,0.9999999999999997,0.11958082837577734,0.46528298583758987,0.5377625962032414
588.8204808899919,0.9999999999999997,0.11957282316803236,0.4658905288379674,0.5386046976037492
589.826541058504,0.9999999999999997,0.11956456570119106,0.46650185281449735,0.5394466806681042
590.8305748006619,0.9999999999999997,0.11955609325099037,0.4671126870279086,0.5402824411894595
591.834617744197,0.9999999999999997,0.11954736933441779,0.4677243053740216,0.5411135413975074
592.8386373303889,0.9999999999999997,0.11953867755737407,0.468336557890408,0.5419394497611647
593.8457422091009,0.9999999999999997,0.11952987231859027,0.46895143570176423,0.542762670024339
594.8497150806099,0.9999999999999997,0.11952102631428294,0.46956515938130705,0.543577928922719
595.8557671094429,0.9999999999999997,0.1195121142233574,0.470180928697517,0.5443892721340369
596.861815953184,0.9999999999999997,0.11950292297391095,0.470797590885379,0.5451949260369707
597.861840018324,0.9999999999999997,0.11949360017144105,0.47141143340294034,0.5459898942937718
598.861927077507,0.9999999999999997,0.11948408358443571,0.4720262117547067,0.5467788898520325
599.869917411814,0.9999999999999997,0.11947428189676895,0.472646786054324,0.5475678481819348
600.870944073159,0.9999999999999997,0.11946407555960793,0.47326421458100854,0.5483450571514906
601.879979471564,0.9999999999999997,0.11945335238905008,0.4738877237042547,0.5491219284092921
602.888103579738,0.9999999999999997,0.11944216566472894,0.47451185973911464,0.5498913556986075
603.8891454587439,0.9999999999999997,0.11943053873797627,0.47513284405555617,0.5506485479417367
604.8921012241859,0.9999999999999997,0.11941861786398598,0.4757562575882511,0.5514001422413971
605.9021562059529,0.9999999999999997,0.11940630071957366,0.47638539449588974,0.552149763516293
606.9021993816449,0.9999999999999997,0.11939382728668584,0.47700963448343603,0.5528845670948385
607.902234417658,0.9999999999999997,0.119381143086407,0.477635239375178,0.5536118309472439
608.9032823129489,0.9999999999999997,0.11936817420511225,0.47826277975108145,0.5543321114194879
609.9132930573269,0.9999999999999997,0.11935485975783384,0.4788973133696119,0.5550508327822024
610.9213644345319,0.9999999999999997,0.1193413832356178,0.4795320418400457,0.5557599707727565
611.9253811895319,0.9999999999999997,0.11932769746559993,0.48016568713037794,0.5564580049936898
612.9304299143629,0.9999999999999997,0.11931329383421449,0.4808016675270567,0.5571486645617764
613.9344654260159,0.9999999999999997,0.11929836289321684,0.48143865782473017,0.5578302681444616
614.937561689407,0.9999999999999997,0.119282845187742,0.48207675929886057,0.558502773626619
615.940546474576,0.9999999999999997,0.11926693287571911,0.4827164896053121,0.5591666582860203
616.94259767387,0.9999999999999997,0.11925076372670908,0.4833573351807364,0.5598212928296964
617.9476308271389,0.9999999999999997,0.11923417690212723,0.4840018737433706,0.5604690883590625
618.9496791952399,0.9999999999999997,0.11921724309142039,0.4846463488016504,0.5611061981835821
619.9587103468559,0.9999999999999997,0.11919967884994034,0.4852973083933057,0.5617391028721654
620.9657564783139,0.9999999999999997,0.11918168108571563,0.48594900516930095,0.5623619431991076
621.971751175489,0.9999999999999997,0.11916321506712116,0.48660209591160747,0.5629753027317019
622.9788429599339,0.9999999999999997,0.11914410584774889,0.48725804582192694,0.5635804774535383
623.9838821294879,0.9999999999999997,0.11912442496298546,0.4879148596486006,0.5641755481859202
624.987907731966,0.9999999999999997,0.11910411755224365,0.4885732690150403,0.564761140244465
625.990941355213,0.9999999999999997,0.1190832130811337,0.48923337309160886,0.5653375840625339
626.9919800491269,0.9999999999999997,0.11906170826430475,0.4898945680335019,0.5659043609492728
627.999001761546,0.9999999999999997,0.1190393967888898,0.4905622032486884,0.5664659373083174
629.0021461552179,0.9999999999999997,0.1190166697803142,0.49122973238690937,0.5670167409746684
630.0070766777429,0.9999999999999997,0.11899359328302597,0.49190089161967726,0.5675598533402582
631.0151292982949,0.9999999999999997,0.11897008901228626,0.49257667204144157,0.5680959937935153
632.0151692888959,0.9999999999999997,0.11894636813041587,0.49324965507796725,0.5686193887017
633.0252189621759,0.9999999999999997,0.11892156942992017,0.49393214656010365,0.5691397942778873
634.0282639101949,0.9999999999999997,0.11889610184911678,0.49461271419793357,0.5696484616713263
635.0373095716749,0.9999999999999997,0.11886944505548994,0.495300282865676,0.5701521878090162
636.0443857845579,0.9999999999999997,0.11884256898979348,0.49598937111620106,0.5706469368628901
637.0523711642779,0.9999999999999997,0.11881505979270063,0.4966820696717189,0.5711343257727184
638.0564349878599,0.9999999999999997,0.11878706381904738,0.49737510398583806,0.571612178953742
639.057418119613,0.9999999999999997,0.11875852319194252,0.4980689999786581,0.5720810474817303
640.0584911417409,0.9999999999999997,0.11872937324757586,0.4987660174152602,0.57254258530748
641.0645290146099,0.9999999999999997,0.11869943919796652,0.4994696379818352,0.572999126148789
642.0695809245319,0.9999999999999997,0.11866860454591636,0.5001759505766923,0.5734482930158789
643.0786085371569,0.9999999999999997,0.11863675045088713,0.5008884796222348,0.5738923592756262
644.086647709543,0.9999999999999997,0.11860405264393518,0.501603793865711,0.5743292523828961
645.0956756760669,0.9999999999999997,0.11857091411925753,0.5023232020318468,0.5747598006158181
646.098742919731,0.9999999999999997,0.11853743975662756,0.503041834365566,0.5751812878420048
647.1088201971419,0.9999999999999997,0.1185031351533418,0.5037690566676815,0.575599324459315
648.1138377788499,0.9999999999999997,0.11846796347846507,0.5044963293181971,0.5760092007984238
649.1178421473809,0.9999999999999997,0.11843191147039332,0.5052265803166234,0.5764127281567307
650.120904436457,0.9999999999999997,0.1183949709116599,0.5059600006396591,0.5768101932695828
651.1229407719879,0.9999999999999997,0.11835713309636801,0.5066966592790327,0.5772018129693502
652.1229747463029,0.9999999999999997,0.11831837613136496,0.5074358988645532,0.5775874096470215
653.1299968126209,0.9999999999999997,0.11827880998147221,0.5081842078194583,0.5779702486661853
654.1373299562639,0.9999999999999997,0.11823864071348084,0.5089367789704822,0.5783479436231412
655.1381991325,0.9999999999999997,0.11819806957992218,0.5096885871916998,0.5787181892098886
656.1452165981299,0.9999999999999997,0.11815615622926208,0.5104492685466707,0.5790860078071759
657.1551172798809,0.9999999999999997,0.11811311877636356,0.5112164416551311,0.5794502499495269
658.165217560735,0.9999999999999997,0.11806902803638795,0.5119882129714975,0.5798100633751239
659.1682625087549,0.9999999999999997,0.11802416023762087,0.5127591016997576,0.5801630616420694
660.170380241082,0.9999999999999997,0.1179783006073318,0.5135337981774108,0.5805115875362408
661.1733398994139,0.9999999999999997,0.11793173601224759,0.5143135905697985,0.5808562650654199
662.174361960069,0.9999999999999997,0.11788456009202108,0.5150963945306635,0.5811963006207967
663.1764276692269,0.9999999999999997,0.11783618123511697,0.5158847796854544,0.5815331179506968
664.182476159068,0.9999999999999997,0.11778644999432654,0.5166811624786923,0.5818678366430292
665.182505886594,0.9999999999999997,0.11773584027053481,0.5174776707563002,0.5821972085226853
666.1930138592339,0.9999999999999997,0.11768348649212264,0.5182875284440588,0.5825266644321301
667.1995245413249,0.9999999999999997,0.11763008033191197,0.5190992756917051,0.5828516467201234
668.2045683115679,0.9999999999999997,0.11757572713993161,0.5199149655947817,0.5831732499119623
669.2160682634369,0.9999999999999997,0.1175199452023714,0.520741146247927,0.5834941172096363
670.222673082694,0.9999999999999997,0.1174632252834409,0.5215686585006537,0.5838107749646152
671.2277575513359,0.9999999999999997,0.11740526946582196,0.5224003234869345,0.5841244456637338
672.2284749048499,0.9999999999999997,0.11734620323138323,0.5232338171055241,0.5844343952459831
673.2287849204779,0.9999999999999997,0.11728584325123242,0.5240724526149687,0.5847419950744572
674.2358331753309,0.9999999999999997,0.11722365683058493,0.5249223621108989,0.5850495565396588
675.2398605473039,0.9999999999999997,0.11716033700970462,0.5257753436253676,0.5853541931522623
676.241889450953,0.9999999999999997,0.11709578488536304,0.5266322995961743,0.5856563618211923
677.2479443109789,0.9999999999999997,0.11702960382085853,0.5274984552455918,0.5859579984682364
678.24902441109,0.9999999999999997,0.1169622254424711,0.528366153939877,0.5862565873091138
679.254083752894,0.9999999999999997,0.11689286029388235,0.5292432564508218,0.5865549917514652
680.2550803328129,0.9999999999999997,0.11682207952386799,0.5301227934308206,0.5868509409657235
681.261107588707,0.9999999999999997,0.11674916889427436,0.531012837397192,0.5871472689796556
682.2631747134609,0.9999999999999997,0.11667505852036315,0.5319053915612485,0.5874413197346978
683.2682191915019,0.9999999999999997,0.1165990744967169,0.5328067339934862,0.5877353190221954
684.2732247406409,0.9999999999999997,0.1165214238245002,0.5337142406094036,0.5880285038275218
685.2742616650589,0.9999999999999997,0.116442172443106,0.5346242603780799,0.5883198688192262
686.2833313916789,0.9999999999999997,0.11636033178010805,0.535547788455708,0.5886130278898966
687.293341782157,0.9999999999999997,0.11627640688438892,0.5364784562024103,0.5889060399725186
688.3013767077539,0.9999999999999997,0.11619046474649636,0.5374136580229721,0.589198329709444
689.304429087654,0.9999999999999997,0.11610266695458096,0.5383505938780023,0.5894892172729993
690.3144440788209,0.9999999999999997,0.11601188648793881,0.5393004707400257,0.5897823026197012
691.3229171315269,0.9999999999999997,0.11591889174179489,0.5402552727032092,0.590075175959217
692.331531036081,0.9999999999999997,0.11582355800540302,0.5412165078086013,0.5903683799799563
693.334584477679,0.9999999999999997,0.11572633351327265,0.5421787452074848,0.5906604323762409
694.3425935686399,0.9999999999999997,0.11562606229777224,0.5431519962164432,0.5909546263812764
695.3496418234929,0.9999999999999997,0.11552309146311424,0.5441304459384841,0.5912495778094848
696.3506996279589,0.9999999999999997,0.11541793668470396,0.5451091601137841,0.5915438979915099
697.3547471721819,0.9999999999999997,0.11530954742453277,0.5460968246393856,0.5918403581807162
698.3597799715529,0.9999999999999997,0.11519794708655143,0.5470913620455368,0.5921383512631945
699.3657859934999,0.9999999999999997,0.11508303688466717,0.5480927505083266,0.5924380985374281
700.3718373145349,0.9999999999999997,0.11496480554939743,0.5490999761806046,0.5927394929685063
701.3818607992799,0.9999999999999997,0.11484275431563574,0.5501165464085774,0.5930442378589303
702.3869077546149,0.9999999999999997,0.11471783047566082,0.5511334462712797,0.5933497012915118
703.3919309987099,0.9999999999999997,0.11458934564574513,0.5521554971875523,0.5936575885769491
704.3979600240999,0.9999999999999997,0.11445671704077508,0.5531833561703456,0.593968076368109
705.4051452379109,0.9999999999999997,0.11431985276269792,0.5542170702592565,0.5942814768976632
706.4101373388829,0.9999999999999997,0.11417905217026363,0.5552529994989784,0.5945968951912706
707.4161702571629,0.9999999999999997,0.11403392220307823,0.5562938764179095,0.5949159564794657
708.426168968971,0.9999999999999997,0.11388388015193765,0.5573424776611406,0.595239847013281
709.434204602365,0.9999999999999997,0.11372964679350704,0.5583924106611553,0.5955668727633141
710.444255337343,0.9999999999999997,0.11357019313754606,0.559447307463101,0.5958981653288835
711.4472900222879,0.9999999999999997,0.11340668358641223,0.5604972869933958,0.5962307423580773
712.454365173473,0.9999999999999997,0.11323721924833545,0.5615536028702373,0.59656851063509
713.4573457118529,0.9999999999999997,0.11306312635580446,0.5626071539090776,0.5969093825933903
714.461404934747,0.9999999999999997,0.11288353838347381,0.5636627411067081,0.5972558908726968
715.464419447442,0.9999999999999997,0.11269860016485679,0.5647177856690222,0.5976073607854461
716.4724727757929,0.9999999999999997,0.11250685524289346,0.5657781604190648,0.5979658432275605
717.477497435483,0.9999999999999997,0.11230925485045723,0.5668347489910186,0.5983276106465809
718.479557128356,0.9999999999999997,0.11210577056264955,0.5678871849893696,0.598693185592771
719.4805997151599,0.9999999999999997,0.11189594994486755,0.5689369463337867,0.5990635596761639
720.4836142278549,0.9999999999999997,0.11167984171646608,0.569986242194037,0.599441594739758
721.4906684989929,0.9999999999999997,0.11145653417720866,0.5710367742687352,0.5998278618252212
722.4977011822839,0.9999999999999997,0.11122661448876536,0.5720836787907398,0.6002208786265228
723.5037578118059,0.9999999999999997,0.11098962468653326,0.57312535893421,0.6006196282717353
724.505742124165,0.9999999999999997,0.1107463597413227,0.5741580372584407,0.6010233359087066
725.5078485317209,0.9999999999999997,0.11049583390948299,0.575185697896988,0.6014339320617876
726.513867647936,0.9999999999999997,0.1102369081857622,0.5762116810250418,0.6018531825559045
727.5209335977449,0.9999999999999997,0.10997010038316216,0.5772325361777748,0.6022801187843202
728.5289398575119,0.9999999999999997,0.1096953638536158,0.5782479766181037,0.6027150404885336
729.531988698422,0.9999999999999997,0.10941420009424913,0.57925157994347,0.6031555265153951
730.5400020361719,0.9999999999999997,0.10912407040675808,0.5802527492704568,0.6036058722869315
731.5450670403619,0.9999999999999997,0.10882737394764894,0.5812431115213816,0.604062578853715
732.5530924106819,0.9999999999999997,0.1085223168599393,0.5822281256238049,0.6045284719697718
733.553151865734,0.9999999999999997,0.10821226897362121,0.5831973980434952,0.6049983493516772
734.5601898575119,0.9999999999999997,0.10789265290888095,0.5841649596338426,0.6054793125153087
735.5652099165139,0.9999999999999997,0.10756627505962037,0.5851218368247046,0.6059672977585553
736.5702076798719,0.9999999999999997,0.10723251074770287,0.5860696872895549,0.6064634501073364
737.5752932102109,0.9999999999999997,0.10689135583175104,0.5870083719307674,0.606967875692488
738.5793439395259,0.9999999999999997,0.10654342433182985,0.5879373911407432,0.6074797019025276
739.585543190393,0.9999999999999997,0.10618761566016091,0.5888593990571375,0.608000686543517
740.5954003425519,0.9999999999999997,0.1058236248168724,0.589775872989386,0.6085316927947307
741.5984753719969,0.9999999999999997,0.1054557090180366,0.5906777222106082,0.6090672152229428
742.6045058129829,0.9999999999999997,0.10508043923022051,0.5915737411256925,0.6096124072920613
743.6135971274499,0.9999999999999997,0.10469784980893558,0.5924639874037584,0.61016722449164
744.6155485271909,0.9999999999999997,0.10431206486285138,0.5933396191253191,0.6107259973760786
745.624576847614,0.9999999999999997,0.10391789420846469,0.594213187303861,0.6112966601793048
746.625641022265,0.9999999999999997,0.10352163333646476,0.5950718549279324,0.6118707752872108
747.6337070909839,0.9999999999999997,0.10311757414651133,0.5959285659402537,0.6124568713872945
748.638731042876,0.9999999999999997,0.10271034700155926,0.5967748360190446,0.6130486865662854
749.6407811804719,0.9999999999999997,0.10230036497147388,0.5976109057476141,0.6136460263821149
750.650811035402,0.9999999999999997,0.1018833641856628,0.5984460615903915,0.6142555274941155
751.6609537841499,0.9999999999999997,0.10146242611073934,0.5992742278473865,0.614873121371332
752.6618912629159,0.9999999999999997,0.10104188539593591,0.6000879778491266,0.6154928399944675
753.667909671333,0.9999999999999997,0.10061661991498348,0.6008990675531394,0.616123124496854
754.674975975041,0.9999999999999997,0.1001889611427507,0.6017043311408284,0.6167613038443963
755.6780598519629,0.9999999999999997,0.0997613539970425,0.6024999977293534,0.6174041461887197
756.6820366163629,0.9999999999999997,0.09933165207001424,0.6032902363884922,0.6180546867359288
757.6860876995769,0.9999999999999997,0.09890071596489214,0.6040745719239846,0.6187122890025285
758.696564529094,0.9999999999999997,0.09846646247575261,0.6048580468036195,0.6193811642889968
759.698159906322,0.9999999999999997,0.0980359132034076,0.6056289971029207,0.6200510841130953
760.6992148795949,0.9999999999999997,0.09760596312417187,0.6063939828123827,0.620727463752429
761.702240009264,0.9999999999999997,0.09717606781131848,0.6071549053206143,0.6214119588725875
762.7092826017309,0.9999999999999997,0.09674580000518813,0.6079134997953585,0.6221059495243988
763.7173235436119,0.9999999999999997,0.09631679744725256,0.6086680074405603,0.6228072750442012
764.725372271274,0.9999999999999997,0.09588996894375405,0.6094178145047431,0.6235151877049546
765.7313821861119,0.9999999999999997,0.09546592246231822,0.6101611086863222,0.6242285202483449
766.7384598145909,0.9999999999999997,0.09504369177386743,0.6109003747345733,0.6249494300373215
767.7464653665609,0.9999999999999997,0.09462439824040586,0.6116356555916971,0.6256777308919848
768.751583455619,0.9999999999999997,0.0942098720752006,0.6123642019338232,0.6264105958852033
769.757537100497,0.9999999999999997,0.09379879268505259,0.6130889769571428,0.6271507020375746
770.762596442301,0.9999999999999997,0.09339220117493166,0.6138089181599609,0.6278967384335228
771.764602696406,0.9999999999999997,0.09299174796384668,0.6145224954775695,0.6286468383510794
772.7666478794139,0.9999999999999997,0.09259638150858267,0.6152319515796776,0.6294032371184549
773.7756875246089,0.9999999999999997,0.09220332343926439,0.6159424546417684,0.6301714523530452
774.77885244443,0.9999999999999997,0.09181770725869509,0.6166449221956025,0.6309416590384364
775.7858033770249,0.9999999999999997,0.09143637818962456,0.6173462453436142,0.6317211687538526
776.7928066866889,0.9999999999999997,0.09106078185984583,0.6180438541557518,0.6325073156781141
777.8019128649189,0.9999999999999997,0.09069032857543505,0.6187392385741374,0.6333018647516729
778.8119968664139,0.9999999999999997,0.09032636026104418,0.6194314038090462,0.6341035330076378
779.8219393082609,0.9999999999999997,0.08996913374170368,0.6201197126327982,0.6349115218412823
780.8250359255519,0.9999999999999997,0.0896208519764464,0.620800052942473,0.6357205255209242
781.834033456751,0.9999999999999997,0.08927737405390664,0.6214806686437147,0.636540665951365
782.8402772989069,0.9999999999999997,0.08894187364198952,0.6221555087505822,0.6373648571104253
783.8460766437689,0.9999999999999997,0.08861366518632727,0.6228271190755496,0.6381951518460445
784.8551290293319,0.9999999999999997,0.08829142404167352,0.6234976743567137,0.639034681951809
785.8611584086209,0.9999999999999997,0.08797681217270911,0.6241626645993963,0.6398784968721309
786.8697422317509,0.9999999999999997,0.08766881278036548,0.624825982222738,0.6407308726452113
787.87324123234,0.9999999999999997,0.08737009793168446,0.6254826738534578,0.6415851463627626
788.8824291612649,0.9999999999999997,0.08707705404980966,0.6261400557759229,0.6424506305191912
789.8894229156539,0.9999999999999997,0.08679199802681664,0.6267928512986393,0.6433205953803307
790.8993352760759,0.9999999999999997,0.08651329765309008,0.6274442248006383,0.6441994904087182
791.900447934906,0.9999999999999997,0.08624422493774205,0.6280868107351063,0.6450770202124521
792.903487220539,0.9999999999999997,0.08598186839741781,0.6287276819973998,0.6459624791167903
793.9074951280609,0.9999999999999997,0.08572618958215407,0.629366282192083,0.6468551457589635
794.912536067111,0.9999999999999997,0.0854773103895585,0.6300026597023298,0.6477550135683469
795.920642480329,0.9999999999999997,0.08523551037260947,0.6306378368983033,0.648663568532284
796.9236761035769,0.9999999999999997,0.08500200289650178,0.6312668327924632,0.6495735073204981
797.9286728052369,0.9999999999999997,0.08477430916635242,0.6318942050583446,0.6504912190265778
798.9377878309439,0.9999999999999997,0.08455272693207282,0.632521313852946,0.6514186618204736
799.9467708522799,0.9999999999999997,0.08433801783157499,0.6331455535513916,0.65235190609896
800.9518117913299,0.9999999999999997,0.08413071629365101,0.6337646165066834,0.6532872997906146
801.9598184049969,0.9999999999999997,0.08392931462972349,0.634382776331761,0.6542311383726896
802.9598410545409,0.9999999999999997,0.08373579724124239,0.6349934008865167,0.6551730580312172
803.969379697493,0.9999999999999997,0.08354658956147695,0.63560727015246,0.6561295146141111
804.9699427509919,0.9999999999999997,0.08336500302999848,0.6362132012309925,0.6570829219152217
805.979972252022,0.9999999999999997,0.08318772501795792,0.6368223299025728,0.6580506390677258
806.9850135449709,0.9999999999999997,0.08301739168638171,0.6374258763251884,0.6590186130310425
807.99503986091,0.9999999999999997,0.08285217244749331,0.6380298867584514,0.6599963602564493
809.0051465119479,0.9999999999999997,0.08269254778824119,0.6386315134323994,0.6609790798292534
810.0092708522799,0.9999999999999997,0.08253909402903521,0.639227261156118,0.6619607349708084
811.0161701156039,0.9999999999999997,0.08239038268938519,0.6398223534348805,0.6629497150874224
812.0201787309239,0.9999999999999997,0.0822471805518607,0.6404135607886888,0.6639403562897225
813.0202296923969,0.9999999999999997,0.08210941178224417,0.6410003325398798,0.6649314381820935
814.0242560026729,0.9999999999999997,0.08197589526113509,0.6415873526467237,0.6659306481237569
815.029334808929,0.9999999999999997,0.08184729180892547,0.6421727627918618,0.6669346770591358
816.062502942154,0.9999999999999997,0.08172018711966589,0.6427722944369157,0.6679705880712181
817.0684654345089,0.9999999999999997,0.0816009289749098,0.643354008208752,0.6689828920225607
818.0714431416959,0.9999999999999997,0.08148588604836576,0.6439321837081848,0.6699957875268953
819.0794900998629,0.9999999999999997,0.08137406149738564,0.6445114836343405,0.6710172268833422
820.079524428077,0.9999999999999997,0.08126730614085087,0.6450843673920429,0.6720336546600115
821.0855407130989,0.9999999999999997,0.08116396524584146,0.6456589234965632,0.6730591357912622
822.0906428766959,0.9999999999999997,0.08106457606237603,0.6462312597242648,0.674086502129583
823.099658456751,0.9999999999999997,0.08096844083817638,0.646804166168161,0.6751205199066621
824.102672969446,0.9999999999999997,0.08087641962321636,0.6473720678320294,0.6761508469633105
825.1067194519719,0.9999999999999997,0.08078777448734804,0.6479389441202903,0.6771844351248941
826.1167496608009,0.9999999999999997,0.08070197646537282,0.6485076223063934,0.6782262268190319
827.1258055853549,0.9999999999999997,0.08061932890900689,0.6490743451459642,0.6792690548999535
828.127823872031,0.9999999999999997,0.08053996132819377,0.6496359090795903,0.6803066441749956
829.1297363428689,0.9999999999999997,0.08046324696933725,0.65019624091204,0.6813459548286132
830.1379156593059,0.9999999999999997,0.08038926898084038,0.6507587552509223,0.6823932025589242
831.1449356022289,0.9999999999999997,0.08031840085395965,0.651319400875324,0.6834405845307298
832.149951414442,0.9999999999999997,0.08025025642671121,0.6518778323250698,0.6844869281245011
833.164221334715,0.9999999999999997,0.08018409916804711,0.6524402846098075,0.685544015394413
834.177521571403,0.9999999999999997,0.08012055419387605,0.6530011162453896,0.6866011074465226
835.1831085767939,0.9999999999999997,0.08005969955905635,0.653556728410593,0.687650900817551
836.1861301674709,0.9999999999999997,0.08000135671797518,0.6541099160332087,0.6886988946401544
837.196187980431,0.9999999999999997,0.07994453822630539,0.654666280184982,0.6897547617451174
838.196677776812,0.9999999999999997,0.07989032576450655,0.6552165687132957,0.6908012700829377
839.2042671434169,0.9999999999999997,0.07983802716906525,0.6557698784348327,0.6918554116300395
840.2043598649869,0.9999999999999997,0.07978856435834725,0.6563181426325717,0.6929015516387207
841.208341583974,0.9999999999999997,0.079741078607708,0.656867704139636,0.6939518800052725
842.2095742146049,0.9999999999999997,0.0796941386259732,0.6574155555676771,0.6949997276389198
843.2124149628329,0.9999999999999997,0.07964879868153413,0.6579637067019852,0.6960492532570323
844.220511820775,0.9999999999999997,0.07960568401268533,0.6585139918896152,0.6971038283037592
845.2296689604769,0.9999999999999997,0.07956434408558777,0.6590643301073725,0.6981592482412029
846.2315407329169,0.9999999999999997,0.07952497033543506,0.6596102159896338,0.6992067752088207
847.2335519416099,0.9999999999999997,0.0794866485415939,0.6601558559973132,0.7002540846621212
848.2406210765109,0.9999999999999997,0.07944936978043965,0.6607039087391732,0.7013063014986831
849.2506307591909,0.9999999999999997,0.07941318565653341,0.661253290349367,0.7023611258406155
850.2516836090689,0.9999999999999997,0.07937888347754746,0.661797480395133,0.7034059783452655
851.2559279212029,0.9999999999999997,0.07934610596947786,0.6623430908284318,0.7044534358738063
852.263823764445,0.9999999999999997,0.0793142983594322,0.662890426518918,0.7055039185225234
853.265875671537,0.9999999999999997,0.07928394352517107,0.6634343060497485,0.7065473891948021
854.269848896945,0.9999999999999997,0.07925502582872457,0.6639789051982363,0.7075917803239756
855.27387945401,0.9999999999999997,0.07922690779805272,0.6645234153357484,0.7086353060919816
856.2819444610319,0.9999999999999997,0.07919944088989504,0.6650700735242918,0.7096820712718694
857.284948356754,0.9999999999999997,0.07917319418893431,0.6656140112454723,0.7107226351819588
858.2890709275899,0.9999999999999997,0.07914797248149198,0.6661585294630072,0.7117633054011886
859.2920412028949,0.9999999999999997,0.07912383736064307,0.6667023934312405,0.7128016891823056
860.295090043805,0.9999999999999997,0.0791003380782529,0.6672463950171437,0.713839095134033
861.3031044432519,0.9999999999999997,0.07907765274214008,0.6677931318511633,0.7148804909732506
862.3041576470299,0.9999999999999997,0.07905636050922858,0.6683360966973096,0.7159134260008312
863.3131902142429,0.9999999999999997,0.0790352660557891,0.6688835874527629,0.716953488589432
864.3192624153249,0.9999999999999997,0.0790146550376906,0.6694296728678444,0.7179893712646839
865.3202597030419,0.9999999999999997,0.07899584526997419,0.6699730158569903,0.7190185976078225
866.327384400105,0.9999999999999997,0.07897750074915101,0.6705198825974219,0.7200528898561269
867.331374612671,0.9999999999999997,0.07895891298468682,0.6710654044489476,0.7210828668876224
868.3414373802179,0.9999999999999997,0.07894148516229657,0.6716144379605853,0.7221177555577764
869.3474165058329,0.9999999999999997,0.07892502239190409,0.672161405748395,0.7231470458401945
870.3484445827729,0.9999999999999997,0.07890935765202188,0.6727058196907505,0.7241698150788067
871.3506012440039,0.9999999999999997,0.07889414568070602,0.6732510575449161,0.7251923373452261
872.358599010193,0.9999999999999997,0.07887927511425555,0.6737998000679626,0.7262195051973218
873.367603973274,0.9999999999999997,0.07886483491383336,0.6743494934344494,0.7272464298058886
874.3686313424159,0.9999999999999997,0.07885094669500446,0.6748952797453573,0.7282640091047865
875.3756753504799,0.9999999999999997,0.07883743351323776,0.6754447618149865,0.729286445082173
876.3776897442649,0.9999999999999997,0.07882464141296389,0.6759917996994192,0.730302341295333
877.3847333984289,0.9999999999999997,0.07881234701356762,0.6765419394948133,0.7313219824420457
878.3918046567239,0.9999999999999997,0.07880052970552877,0.6770924724240306,0.7323402935197101
879.396837456094,0.9999999999999997,0.07878910541642373,0.6776422939123599,0.7333551887598194
880.4008888932079,0.9999999999999997,0.07877813065354412,0.6781919633726119,0.7343677422005888
881.4079024659469,0.9999999999999997,0.0787676221896324,0.6787436036923292,0.7353818390147211
882.41094989126,0.9999999999999997,0.07875764597239684,0.6792934226007522,0.7363905127378134
883.4159883530159,0.9999999999999997,0.0787481073402835,0.6798447005926461,0.7373997837571885
884.4230210363079,0.9999999999999997,0.07873878036186019,0.6803975338941416,0.7384097435070927
885.4240756556819,0.9999999999999997,0.07872974644607503,0.6809475395980081,0.7394124005373214
886.428429322643,0.9999999999999997,0.078720943848825,0.6814998273961156,0.7404170682904382
887.428548232747,0.9999999999999997,0.07871252160791797,0.682050260290809,0.7414162210806967
888.434200355576,0.9999999999999997,0.0787043415097286,0.6826042399566087,0.742419640975816
889.4452462548759,0.9999999999999997,0.07869652365550818,0.6831616264252592,0.7434270872701456
890.4532479139549,0.9999999999999997,0.07868916476654463,0.6837177610679265,0.7444301372548824
891.4533109079979,0.9999999999999997,0.07868225968951961,0.6842699582410656,0.745423970731832
892.457537879075,0.9999999999999997,0.0786753568064687,0.6848250551932102,0.7464208302349853
893.460437020657,0.9999999999999997,0.0786685435540906,0.6853800006570768,0.7474152372331518
894.470420514802,0.9999999999999997,0.07866179466080875,0.6859394512156427,0.7484155230375652
895.4794251239839,0.9999999999999997,0.07865524790592693,0.6864989240300245,0.7494136686199935
896.47946299119,0.9999999999999997,0.07864888407086891,0.6870540139540249,0.7504018335671154
897.4865310643929,0.9999999999999997,0.07864291422550067,0.6876134549672831,0.751395674967407
898.4935924135129,0.9999999999999997,0.07863743541493703,0.6881733247811718,0.7523882210665627
899.5016291086049,0.9999999999999997,0.07863242538393914,0.6887341696489477,0.7533804463082988
900.506806298816,0.9999999999999997,0.07862746093422285,0.6892939716310308,0.7543687340082046
901.5138021765989,0.9999999999999997,0.07862243089062629,0.6898553500056624,0.7553577141374478
902.5237502808319,0.9999999999999997,0.07861740954763402,0.6904189507558219,0.7563485171985105
903.5308215391279,0.9999999999999997,0.07861263107836289,0.6909815028563334,0.7573354151218387
904.5319278277739,0.9999999999999997,0.07860799371908413,0.691541286626448,0.7583154221783641
905.5388840688549,0.9999999999999997,0.07860375854797924,0.6921047193596876,0.7592998835321227
906.5419859946329,0.9999999999999997,0.0785999545111247,0.6926663858880049,0.7602793362685963
907.5519057869359,0.9999999999999997,0.07859625027819567,0.6932324072340265,0.7612644024063426
908.5520193885529,0.9999999999999997,0.07859261332248475,0.6937935068295075,0.7622389447220494
909.5580324884829,0.9999999999999997,0.07858899752197335,0.694358457456155,0.7632182329824226
910.559397123486,0.9999999999999997,0.0785854494551924,0.69492126422894,0.7641918943731627
911.561116365406,0.9999999999999997,0.0785818898777219,0.6954847587226718,0.7651648448568661
912.568121090667,0.9999999999999997,0.07857846726712764,0.696051792543239,0.7661420109404291
913.570251563363,0.9999999999999997,0.07857518357329785,0.6966166393666641,0.7671135341384228
914.5782755180859,0.9999999999999997,0.0785721106974474,0.6971852935165507,0.7680897638257476
915.589724508483,0.9999999999999997,0.07856937301408741,0.6977562865883865,0.7690681977731579
916.5922913387919,0.9999999999999997,0.0785669571372733,0.6983226941840948,0.7700369956716249
917.599327207176,0.9999999999999997,0.07856443008455635,0.698892202235181,0.7710092909161468
918.6013794681669,0.9999999999999997,0.07856185899022425,0.6994594386784573,0.7719759395506499
919.6073865518109,0.9999999999999997,0.07855918501919086,0.7000294745013826,0.7729455868108878
920.609431027021,0.9999999999999997,0.07855644838861164,0.7005978176250421,0.7739105897932917
921.6174889560599,0.9999999999999997,0.07855377020158559,0.701170103962907,0.7748805539128338
922.618526588277,0.9999999999999997,0.0785513643612969,0.7017389042973317,0.7758429389111196
923.6285493652239,0.9999999999999997,0.07854909217020987,0.7023133205614919,0.7768131198343718
924.6306087041979,0.9999999999999997,0.07854711059421154,0.7028835445958543,0.7777746675595836
925.6326804296399,0.9999999999999997,0.07854534995677744,0.7034541836767748,0.7787353103027925
926.6386786658069,0.9999999999999997,0.07854350788355213,0.7040275734776591,0.7796989736252498
927.6446991976179,0.9999999999999997,0.07854152111695907,0.7046015163364439,0.7806619553498432
928.6447473278979,0.9999999999999997,0.07853959227621346,0.7051725060647095,0.7816184194620618
929.6538060836449,0.9999999999999997,0.07853799004303,0.7057489516126783,0.7825825428939919
930.659871206746,0.9999999999999997,0.0785365880296153,0.7063240719399833,0.7835429220271862
931.6618756913549,0.9999999999999997,0.0785351062701563,0.706897348119516,0.7844987401520862
932.6638957475259,0.9999999999999997,0.07853361673781321,0.7074710830178861,0.7854538363318099
933.665963226179,0.9999999999999997,0.07853208675452833,0.7080453373530826,0.7864083152893885
934.6670489886759,0.9999999999999997,0.07853047212893689,0.7086195648831448,0.7873612767138964
935.67202799538,0.9999999999999997,0.07852883313816623,0.7091965153578711,0.7883172863347019
936.673050409935,0.9999999999999997,0.07852763037017028,0.7097714519669436,0.7892686417073295
937.68316236946,0.9999999999999997,0.07852687157744302,0.7103518593949001,0.7902277242387885
938.691124037939,0.9999999999999997,0.07852596280538943,0.7109314936902793,0.7911841258860485
939.698180432471,0.9999999999999997,0.07852455033021222,0.7115111838705886,0.7921391862919723
940.7032762258839,0.9999999999999997,0.07852287665469701,0.712090250350821,0.793091842039919
941.704276344795,0.9999999999999997,0.07852169490802675,0.7126672834962625,0.7940398930253567
942.7103156332589,0.9999999999999997,0.07852080406209769,0.7132475915436582,0.7949920554098132
943.719344307581,0.9999999999999997,0.07851992819925716,0.7138299838822036,0.7959463749120275
944.723435027497,0.9999999999999997,0.07851913465140052,0.7144098726175425,0.7968953605638037
945.7294336175629,0.9999999999999997,0.07851823782945896,0.714991259246478,0.7978455560915184
946.736904427964,0.9999999999999997,0.0785172429465919,0.7155738961789646,0.7987965654583985
947.742495680144,0.9999999999999997,0.07851625337771519,0.7161558826996022,0.799745286700827
948.746543224367,0.9999999999999997,0.07851528600322429,0.7167373925146355,0.8006920327810249
949.754578857761,0.9999999999999997,0.07851447211552537,0.7173215629449146,0.8016419539074885
950.755592778737,0.9999999999999997,0.07851375079100054,0.7179020218335919,0.8025847039460869
951.7586511749229,0.9999999999999997,0.07851296717409859,0.7184840280887782,0.8035288447928316
952.7691237576499,0.9999999999999997,0.07851227196870365,0.7190706345807725,0.8044793639643263
953.7697593604679,0.9999999999999997,0.07851177983858583,0.7196517888263282,0.8054199972298253
954.7707718658469,0.9999999999999997,0.07851115047988308,0.7202335368904692,0.806360508533473
955.7778126888179,0.9999999999999997,0.07851026883243785,0.7208192050271509,0.8073062555791364
956.785320304727,0.9999999999999997,0.07850953075831539,0.7214055134637786,0.8082519776706544
957.7899015288219,0.9999999999999997,0.0785089913521656,0.7219904825129988,0.8091944920885398
958.7979244218479,0.9999999999999997,0.07850854124994665,0.7225776854317829,0.8101396367608831
959.8009739705559,0.9999999999999997,0.07850818508146579,0.7231622230384769,0.8110795261889556
960.8070652821909,0.9999999999999997,0.07850750239457052,0.7237489742572034,0.8120219478367927
961.8170608089059,0.9999999999999997,0.0785065689205803,0.7243384107297164,0.8129676579941079
962.8171414979049,0.9999999999999997,0.07850613481808615,0.7249222548598895,0.813903499429406
963.8191169627869,0.9999999999999997,0.07850629622117827,0.7255073644443877,0.8148404963796103
964.824174535096,0.9999999999999997,0.07850583954442741,0.7260946676264751,0.8157800433880084
965.829155311296,0.9999999999999997,0.07850495371511057,0.7266822914453889,0.8167191648217033
966.8293796833369,0.9999999999999997,0.07850431866760922,0.7272674704559354,0.817653474556598
967.8332676190579,0.9999999999999997,0.07850395138747045,0.7278550553039114,0.8185907605490376
968.849004805079,0.9999999999999997,0.07850408790456256,0.7284496820125855,0.819538474304334
969.855368619035,0.9999999999999997,0.07850406271800824,0.7290390787749602,0.820477002968832
970.8654182923159,0.9999999999999997,0.07850361087043443,0.729630930295123,0.821418585534887
971.8654522666309,0.9999999999999997,0.0785031575311212,0.7302171953847653,0.8223504499954951
972.870488958891,0.9999999999999997,0.07850264950047317,0.7308067229327547,0.8232866656928606
973.8805202294179,0.9999999999999997,0.07850215817160756,0.7313995582654881,0.8242272887397212
974.8845670658429,0.9999999999999997,0.07850188896172011,0.7319890845686793,0.8251618991258737
975.885595496682,0.9999999999999997,0.07850193285924888,0.7325769763068131,0.8260931932546536
976.893640331454,0.9999999999999997,0.0785017339133397,0.7331692222091413,0.8270306318218222
977.9016699485629,0.9999999999999997,0.07850144906722452,0.7337616821032147,0.827967657893116
978.908715018324,0.9999999999999997,0.07850131812989429,0.7343537885088185,0.8289033918478543
979.91675419071,0.9999999999999997,0.07850111175131866,0.7349467536047737,0.8298397353562391
980.9227970181649,0.9999999999999997,0.07850064028707333,0.7355388795527739,0.8307739980514875
981.9228118819279,0.9999999999999997,0.07850031960421475,0.7361276982127007,0.8317023445301507
982.9298972961889,0.9999999999999997,0.07850019156066149,0.7367209104993442,0.8326369240408537
983.931909566579,0.9999999999999997,0.07849994933691543,0.7373113499796086,0.83356646894026
984.939977050894,0.9999999999999997,0.07849966499628068,0.7379055941012133,0.8345013249882842
985.943452340242,0.9999999999999997,0.0784993499509605,0.7384974054396204,0.8354316804545066
986.9440907742529,0.9999999999999997,0.07849908399177931,0.7390877646135797,0.8363591057498599
987.945085938575,0.9999999999999997,0.07849901390795788,0.7396784868210868,0.8372864943721118
988.948096912279,0.9999999999999997,0.07849893424956285,0.7402705884415912,0.838215432520675
989.9521441026029,0.9999999999999997,0.07849874235710938,0.7408635049911205,0.839145035682603
990.957193889131,0.9999999999999997,0.07849834006141769,0.7414573251514188,0.84007541007469
991.959260659986,0.9999999999999997,0.07849784886171637,0.7420496469980998,0.8410028202512365
992.9592886180159,0.9999999999999997,0.07849792829114371,0.7426407824069754,0.841927858136378
993.960477365156,0.9999999999999997,0.07849807697746283,0.7432327768393641,0.8428536772130494
994.9683516205529,0.9999999999999997,0.07849761293937146,0.7438290972381723,0.843785628798399
995.9733840660239,0.9999999999999997,0.07849727624880236,0.7444239276323401,0.8447146999147085
996.9784048328239,0.9999999999999997,0.07849705792939358,0.7450189229796935,0.8456434845068674
997.9874501404049,0.9999999999999997,0.07849727721339579,0.7456162705218534,0.8465754788718465
998.9954723256309,0.9999999999999997,0.07849741533664684,0.7462131745404311,0.8475062496926892
999.9975451127709,0.9999999999999997,0.07849684208416917,0.7468069111594888,0.8484314911123748
1001.0025442917309,0.9999999999999997,0.0784966508655379,0.7474024841277157,0.8493591057104417
1002.011618619031,0.9999999999999997,0.07849700595965235,0.7480005293128036,0.850290100877183
1003.0206568486309,0.9999999999999997,0.07849698616180487,0.7485987132966085,0.8512208113362009
1004.030700859531,0.9999999999999997,0.0784967321400019,0.7491977441394365,0.8521523115153453
1005.0387205674609,0.9999999999999997,0.07849624156905671,0.7497958936282265,0.8530818973998487
1006.0417871033309,0.9999999999999997,0.07849623053182926,0.7503911570114575,0.8540065674803529
1007.0518031561909,0.9999999999999997,0.07849637299801104,0.7509906401215349,0.8549373443356488
1008.059911338901,0.9999999999999997,0.0784964601311057,0.7515890694161326,0.8558660491690361
1009.065938594801,0.9999999999999997,0.07849657295335853,0.7521863464969583,0.8567925354269631
1010.0740372222409,0.9999999999999997,0.07849649746144702,0.752785056369677,0.8577207737962557
1011.0819673936909,0.9999999999999997,0.07849578336098925,0.7533841213485928,0.8586490125697301
1012.0860011358509,0.9999999999999997,0.07849545971604241,0.7539810034718598,0.8595734456308259
1013.0920393626209,0.9999999999999997,0.07849592218167419,0.7545790589631882,0.8604993349284672
1014.0980627256209,0.9999999999999997,0.07849603105307602,0.7551771624421156,0.861424911030047
1015.0991385789409,0.9999999999999997,0.0784959254424016,0.7557724438919674,0.8623457187330286
1016.1015454468509,0.9999999999999997,0.07849556638694366,0.7563687245995452,0.8632676444332794
1017.1052797903609,0.9999999999999997,0.0784951202211757,0.75696610447688,0.8641908097212377
1018.106233902381,0.9999999999999997,0.07849523348049882,0.7575618087299103,0.8651110495952684
1019.1132895891109,0.9999999999999997,0.07849559235491825,0.7581612330314902,0.8660366699331619
1020.113413453811,0.9999999999999997,0.07849550057711391,0.7587568108838136,0.8669559323296774
1021.1223734717009,0.9999999999999997,0.07849497823370537,0.7593578106570185,0.8678831789219549
1022.1244536907209,0.9999999999999997,0.07849486338038199,0.7599547417613977,0.8688038202082412
1023.132461012181,0.9999999999999997,0.07849495647709964,0.7605552897507292,0.8697296936371258
1024.135505606311,0.9999999999999997,0.07849481593540801,0.7611530762314928,0.8706509316179086
1025.138580635751,0.9999999999999997,0.07849490160579695,0.7617508744771343,0.871571883953177
1026.142598452451,0.9999999999999997,0.07849498344037063,0.7623493186075138,0.8724934991235008
1027.143241841041,0.9999999999999997,0.07849497423422892,0.7629458669567329,0.8734118568772512
1028.1516536692009,0.9999999999999997,0.07849500366960234,0.763547124154317,0.8743371394677728
1029.1527645585409,0.9999999999999997,0.07849498580368132,0.7641441514128856,0.875255580356353
1030.160743214171,0.9999999999999997,0.07849492637132575,0.7647454011909434,0.8761801841584625
1031.1627416825008,0.9999999999999997,0.07849486740448833,0.7653432047307965,0.8770991648799491
1032.171788405681,0.9999999999999997,0.07849481890231794,0.7659453278816417,0.8780244687244286
1033.181743941791,0.9999999999999997,0.07849478055032502,0.7665481047976556,0.8789504646627682
1034.1858781913008,0.9999999999999997,0.07849473650043005,0.7671475145079873,0.8798709837080151
1035.1870803866009,0.9999999999999997,0.0784946840410114,0.7677452762509988,0.8807886765043248
1036.189960417631,0.9999999999999997,0.07849462996989057,0.7683441447062945,0.8817077757053084
1037.189973865801,0.9999999999999997,0.07849457203807268,0.7689414038884796,0.8826241188842829
1038.1942397657808,0.9999999999999997,0.07849450953130918,0.7695413027678909,0.8835442300365023
1039.196047836381,0.9999999999999997,0.07849449649156076,0.7701398053368443,0.884461929933506
1040.204118151891,0.9999999999999997,0.0784945268361705,0.7707421224534626,0.8853852114884024
1041.213148595711,0.9999999999999997,0.07849456506604162,0.7713450960539128,0.8863092314143841
1042.216229287541,0.9999999999999997,0.07849440389302997,0.7719446666940423,0.8872277489728347
1043.227227410451,0.9999999999999997,0.0784940675671827,0.7725491102955292,0.888153450442669
1044.230246169941,0.9999999999999997,0.07849371511255769,0.7731488885673846,0.8890717439906956
1045.239316250461,0.9999999999999997,0.07849366939596011,0.7737523158232517,0.8899953908010497
1046.239328283031,0.9999999999999997,0.07849387555795924,0.7743503716810269,0.8909105829959862
1047.242363675771,0.9999999999999997,0.07849409579528313,0.774950308341888,0.8918284127777657
1048.266086241511,0.9999999999999997,0.07849416265944394,0.7755627113769288,0.8927650622633398
1049.2674501687209,0.9999999999999997,0.07849412313852772,0.7761618171667649,0.8936811356672009
1050.2745040859509,0.9999999999999997,0.07849400137587259,0.7767644645521922,0.8946023706550712
1051.279693308741,0.9999999999999997,0.07849375818658788,0.7773661445456315,0.8955218725401176
1052.288582192911,0.9999999999999997,0.07849337324482085,0.7779701952125081,0.8964447430158842
1053.289619825121,0.9999999999999997,0.07849324631023996,0.7785695877257103,0.8973602905389475
1054.2946597024809,0.9999999999999997,0.07849330676689237,0.7791714491640891,0.8982793955013695
1055.3037173965208,0.9999999999999997,0.07849356262648986,0.7797757680586732,0.8992020482612624
1056.311792666621,0.9999999999999997,0.07849371753946216,0.780379495631956,0.9001236089003757
1057.317945202801,0.9999999999999997,0.07849374020142127,0.7809820430484035,0.9010431904846757
1058.321820044261,0.9999999999999997,0.07849359368554279,0.7815832390690755,0.9019605194313236
1059.328884932371,0.9999999999999997,0.07849337283422199,0.7821865044872522,0.902880766498198
1060.3389045242209,0.9999999999999997,0.07849294696788121,0.7827917264716181,0.9038037473045182
1061.342929772801,0.9999999999999997,0.07849285408529097,0.7833933271979865,0.9047210361446888
1062.351046095201,0.9999999999999997,0.07849327704760324,0.7839973372379409,0.9056418345802901
1063.353089508711,0.9999999999999997,0.07849388683000486,0.7845977182766571,0.9065569232781779
1064.357063795811,0.9999999999999997,0.07849348655493928,0.7851994809103222,0.9074738698908184
1065.365130926231,0.9999999999999997,0.07849282141964217,0.7858038072374482,0.9083945158024755
1066.367140365431,0.9999999999999997,0.07849290248918155,0.7864044950428227,0.909309455876461
1067.374165262941,0.9999999999999997,0.07849322973820608,0.7870082290327999,0.9102288587771694
1068.384210335531,0.9999999999999997,0.07849305780026064,0.7876138677883479,0.911150967627565
1069.387248913371,0.9999999999999997,0.07849287211711836,0.7882153563189538,0.9120665807646968
1070.392333382011,0.9999999999999997,0.07849289251172582,0.7888181019638558,0.9129839394642705
1071.401334452201,0.9999999999999997,0.0784927010153134,0.7894233725192038,0.9139049277009537
1072.4063619430808,0.9999999999999997,0.07849235341005159,0.7900264279453169,0.914822337667891
1073.416472840911,0.9999999999999997,0.078492332709415,0.790632489613085,0.9157441841289362
1074.423455270531,0.9999999999999997,0.07849253788706168,0.7912366414294558,0.9166629874811728
1075.4294871271109,0.9999999999999997,0.07849272511022413,0.7918402059389446,0.9175807559560886
1076.438532788591,0.9999999999999997,0.07849281352005655,0.7924456028641311,0.9185011533291217
1077.449373072501,0.9999999999999997,0.0784926471981977,0.7930521586634851,0.9194231337167713
1078.461011045031,0.9999999999999997,0.07849248332832962,0.7936592834266505,0.9203458000591903
1079.4616427549508,0.9999999999999997,0.07849233427735577,0.7942599036659825,0.9212584020838184
1080.465655263161,0.9999999999999997,0.07849234929112502,0.7948625656507962,0.9221739601887003
1081.473719916291,0.9999999999999997,0.07849246905512293,0.7954676873725199,0.9230931045734315
1082.482760977081,0.9999999999999997,0.07849244540635013,0.7960734518210929,0.9240130668348694
1083.483778790941,0.9999999999999997,0.07849236469556369,0.7966744501030293,0.9249256365818478
1084.4938309415209,0.9999999999999997,0.07849225594365197,0.7972809281077121,0.9258463700973324
1085.497893703401,0.9999999999999997,0.07849218625445814,0.7978838603519236,0.9267615675597677
1086.500970502341,0.9999999999999997,0.0784921667596852,0.7984862514359545,0.9276757921127772
1087.508966145141,0.9999999999999997,0.07849212961912837,0.7990916442953402,0.9285944220915437
1088.513063589141,0.9999999999999997,0.07849208285932012,0.7996947427566754,0.9295094220441598
1089.519034575071,0.9999999999999997,0.07849201968917326,0.8002990126462816,0.9304260517340877
1090.523083888791,0.9999999999999997,0.07849183234535331,0.8009022406707506,0.9313409343229783
1091.531166590771,0.9999999999999997,0.0784913985795219,0.8015080811392578,0.9322595890885076
1092.534208353691,0.9999999999999997,0.0784913491370235,0.8021108190446904,0.9331734345244945
1093.543217209671,0.9999999999999997,0.07849175120262236,0.8027170338155021,0.9340924581759856
1094.550225120021,0.9999999999999997,0.07849187225179934,0.8033221034598641,0.9350095984767884
1095.559331298251,0.9999999999999997,0.07849167152837747,0.803928540047563,0.9359286463996246
1096.5597287269609,0.9999999999999997,0.07849111948497853,0.8045299585209797,0.9368398894694668
1097.566346640481,0.9999999999999997,0.07849107201859858,0.8051350682451804,0.9377566157771848
1098.5713801476509,0.9999999999999997,0.07849142753123577,0.80573910658135,0.9386716286315584
1099.577497293921,0.9999999999999997,0.07849193805436305,0.806343610584071,0.9395872729004099
1100.584463444181,0.9999999999999997,0.07849139537283666,0.8069490330044653,0.9405040456674313
1101.594588497971,0.9999999999999997,0.07849108082393995,0.8075563934364358,0.9414236090861298
1102.6035732888008,0.9999999999999997,0.07849129633649847,0.8081629960369175,0.9423419166235185
1103.604586501981,0.9999999999999997,0.0784912778891098,0.8087648664982063,0.9432529102981997
1104.608602903081,0.9999999999999997,0.07849073136985715,0.8093687841682095,0.9441667972758646
1105.611722169921,0.9999999999999997,0.07849074391257958,0.8099720090063627,0.9450795529655882
1106.6197429395509,0.9999999999999997,0.07849097517362547,0.81057814226126,0.9459965906182028
1107.6287390551508,0.9999999999999997,0.07849097366970936,0.8111849744930474,0.94691451771085
1108.638783066051,0.9999999999999997,0.07849048367982685,0.8117926400606126,0.9478335049986658
1109.641796163141,0.9999999999999997,0.07849061193599834,0.8123959777327572,0.948745848531183
1110.641865173471,0.9999999999999997,0.0784905067931111,0.8129976328943023,0.9496554835364482
1111.648876622821,0.9999999999999997,0.07849007514469089,0.8136035374708784,0.9505713799291713
1112.6559956574908,0.9999999999999997,0.07848999898056903,0.8142094016854472,0.9514871107535968
1113.656982328241,0.9999999999999997,0.07849055304157349,0.8148115458715824,0.9523970931693957
1114.662008049621,0.9999999999999997,0.0784909062182724,0.8154161583604922,0.953310644988816
1115.6667740090609,0.9999999999999997,0.07849052264306819,0.816020744496932,0.9542239653784899
1116.667106674231,0.9999999999999997,0.07848997666477021,0.8166227465655858,0.9551332074823616
1117.673135345721,0.9999999999999997,0.07848981765589237,0.8172282282567969,0.9560475399870381
1118.6811571770509,0.9999999999999997,0.07848972865583728,0.8178350278347982,0.9569636750073571
1119.6911888014808,0.9999999999999997,0.07848997504456741,0.8184428587503098,0.9578812649151878
1120.701446921341,0.9999999999999997,0.07849011215318266,0.8190508003497665,0.958798867272308
1121.702430053091,0.9999999999999997,0.07848989970901239,0.8196532288123027,0.9597079608840168
1122.7063353298709,0.9999999999999997,0.07848953995581154,0.8202575220017421,0.9606196659773555
1123.711414136121,0.9999999999999997,0.07848916658283495,0.820862755780549,0.961532545508026
1124.713417205141,0.9999999999999997,0.07848928298846629,0.8214660338571961,0.9624423282218686
1125.713443039771,0.9999999999999997,0.0784894162124389,0.8220681068517642,0.9633501179165036
1126.7135516868009,0.9999999999999997,0.0784891759671289,0.8226703341146315,0.9642579241850472
1127.719472772961,0.9999999999999997,0.07848904605388199,0.8232760654396103,0.9651708180752034
1128.7215855507009,0.9999999999999997,0.07848962075948271,0.8238791954932142,0.9660796799668753
1129.729590394871,0.9999999999999997,0.07848944766021101,0.8244861604628917,0.9669940159914903
1130.729641710241,0.9999999999999997,0.0784890636164209,0.8250884347650393,0.9679010291041893
1131.732685950471,0.9999999999999997,0.07848876564191287,0.8256925487512833,0.9688105663474889
1132.7407378632208,0.9999999999999997,0.07848870573976942,0.8262997142001602,0.9697244447270799
1133.746802632421,0.9999999999999997,0.07848865287496122,0.8269057148635759,0.9706363026762833
1134.753853718471,0.9999999999999997,0.07848779668958561,0.8275126800257364,0.9715492267062742
1135.755894300791,0.9999999999999997,0.07848755307077704,0.8281165831520384,0.9724572850099515
1136.759204319241,0.9999999999999997,0.0784878682612376,0.828721085470827,0.9733660014922803
1137.766909056961,0.9999999999999997,0.07848785873813445,0.8293281806990928,0.9742783060857249
1138.770003550861,0.9999999999999997,0.07848797918121111,0.8299324074417384,0.9751859765847666
1139.777063484381,0.9999999999999997,0.07848771628591013,0.8305391317328047,0.9760969800025002
1140.779067261191,0.9999999999999997,0.0784873358337693,0.8311429490533354,0.977003163517755
1141.784136512171,0.9999999999999997,0.07848669536058663,0.831748891048198,0.9779120105040784
1142.794130269391,0.9999999999999997,0.07848634531856495,0.83235788379048,0.9788249394779482
1143.8041247344108,0.9999999999999997,0.07848617050584068,0.832966863093113,0.9797373378179753
1144.805206604021,0.9999999999999997,0.07848598887572425,0.8335704198597501,0.9806410610255123
1145.807208965231,0.9999999999999997,0.07848600162326042,0.8341744477122927,0.9815448845315264
1146.809466133811,0.9999999999999997,0.07848586248973831,0.8347785829205479,0.9824481755944585
1146.8422538254808,0.9999999999999997,0.0784858487860207,0.8347983472888078,0.9824777137748246
1147.846592047071,0.9999999999999997,0.07870475914641882,0.8353272740574804,0.9832916707119431
1148.8485682197509,0.9999999999999997,0.07892766133889331,0.8357509922721114,0.983976375426562
1149.8536820620209,0.9999999999999997,0.07910774977487567,0.8361223927424586,0.984591751141856
1150.854648914411,0.9999999999999997,0.07926947505973304,0.8364676789038012,0.9851665126933137
1151.855676991351,0.9999999999999997,0.07942084583600739,0.836796206048973,0.9857127837242361
1152.8617042472408,0.9999999999999997,0.07956448229843098,0.8371129830140521,0.9862375428681072
1153.8697653613808,0.9999999999999997,0.07969833130786508,0.8374205298824667,0.9867437517611495
1154.869803582481,0.9999999999999997,0.07982893404687308,0.8377168624089776,0.9872282984699094
1155.870823519741,0.9999999999999997,0.079952890146603,0.8380053996835949,0.9876969891931954
1156.878859860931,0.9999999999999997,0.08007809093382999,0.8382876842895958,0.9881527686487477
1157.881870126841,0.9999999999999997,0.08019793730394636,0.8385607717433139,0.988591015551297
1158.8869358388308,0.9999999999999997,0.08031691294477268,0.8388272521271929,0.9890159391330188
1159.8956619294008,0.9999999999999997,0.08043778515419467,0.8390860338547844,0.9894266273415742
1160.900030460131,0.9999999999999997,0.08055356369921923,0.8393360606321165,0.9898211737522735
1161.905572874231,0.9999999999999997,0.08066804447253022,0.839579777467552,0.9902032026681888
1162.916091109941,0.9999999999999997,0.08078648239394151,0.8398166003041998,0.9905725459449598
1163.9211511595508,0.9999999999999997,0.08090012402994934,0.8400441752654882,0.9909256233130209
1164.929185731241,0.9999999999999997,0.0810119139567421,0.8402661339019626,0.9912675344883943
1165.930229379741,0.9999999999999997,0.08112650916199243,0.840479078615951,0.9915936631148559
1166.935271026591,0.9999999999999997,0.0812373372399617,0.8406857022272517,0.9919081129725456
1167.945317160881,0.9999999999999997,0.08134563416226777,0.8408881743073896,0.9922135226276753
1168.9514024562309,0.9999999999999997,0.08145978104298059,0.8410823186917622,0.9925045305503603
1169.957569856181,0.9999999999999997,0.08156756599580868,0.841269415419145,0.992782973715365
1170.9584393863108,0.9999999999999997,0.081677181039889,0.8414494378836591,0.9930486037310479
1171.9634463510508,0.9999999999999997,0.0817866965419182,0.8416232354925888,0.9933030311519454
1172.9695780071809,0.9999999999999997,0.08189421026643717,0.8417911638272911,0.9935465457160194
1173.974524455171,0.9999999999999997,0.08200245661920107,0.8419525794481048,0.9937783614771094
1174.981596421261,0.9999999999999997,0.08211188022988489,0.842107312184574,0.9939984939504132
1175.9816640159909,0.9999999999999997,0.0822172895069816,0.8422549902519102,0.9942062482035962
1176.9856457349808,0.9999999999999997,0.08232211353394751,0.8423979722229878,0.9944048516080651
1177.990699060501,0.9999999999999997,0.0824271901961759,0.8425357483576255,0.9945937035000538
1178.998963312721,0.9999999999999997,0.08253225890985448,0.8426681670796012,0.9947727658480197
1180.002842754871,0.9999999999999997,0.08263577997377089,0.842794466509716,0.994941064851848
1181.012814924241,0.9999999999999997,0.0827403441224065,0.8429157953529071,0.9951002415253635
1182.019057704701,0.9999999999999997,0.08284319130195612,0.8430312093585323,0.9952491195729025
1183.028917334151,0.9999999999999997,0.0829434420174208,0.8431426490261678,0.9953901506858817
1184.037944946781,0.9999999999999997,0.0830490227619763,0.8432480372470722,0.9955209882830751
1185.045051241081,0.9999999999999997,0.08314758524326497,0.8433478943396306,0.9956423863824767
1186.055007838901,0.9999999999999997,0.08325136284267966,0.8434427588309659,0.995755121127157
1187.061115783791,0.9999999999999997,0.08334973122910133,0.8435320513555721,0.9958586414251605
1188.066270324461,0.9999999999999997,0.08344865429791115,0.8436171246433237,0.9959546613971388
1189.071139622431,0.9999999999999997,0.08354685103306046,0.8436975186657998,0.9960428150760325
1190.0761855160708,0.9999999999999997,0.08364322745739805,0.8437738142391492,0.9961239150603725
1191.084216194881,0.9999999999999997,0.08374191623215663,0.8438452068335985,0.996197148772652
1192.086245098531,0.9999999999999997,0.08383733600042272,0.8439117879856437,0.9962628749870301
1193.087320597951,0.9999999999999997,0.08393098095158265,0.8439747145830996,0.9963225379889991
1194.094760619131,0.9999999999999997,0.08402515193163117,0.8440342361134874,0.9963764406947435
1195.101382071641,0.9999999999999997,0.08411904465350038,0.8440895608022503,0.9964239230864266
1196.108430680391,0.9999999999999997,0.08421427459413604,0.844140069960039,0.9964644263686208
1197.116467021591,0.9999999999999997,0.08430813081828144,0.8441860259108678,0.9964984052118935
1198.1184998181309,0.9999999999999997,0.08439911068999895,0.8442279672964222,0.9965267342163154
1199.127494518131,0.9999999999999997,0.08448865704914452,0.8442673637461764,0.9965509519351631
1200.133592553851,0.9999999999999997,0.08457962950423409,0.8443030682201683,0.9965700433835393
1201.138602349781,0.9999999999999997,0.08466756683033301,0.8443353499200345,0.9965844390470846
1202.1486619322309,0.9999999999999997,0.08475873121705485,0.844364006489387,0.9965938691434306
1203.149657804361,0.9999999999999997,0.08484632542528228,0.8443883241729977,0.9965979594328661
1204.149733538771,0.9999999999999997,0.08493112907186454,0.8444101813830633,0.9965987533626574
1205.153760202941,0.9999999999999997,0.08501647264820798,0.8444296653259787,0.9965962805575246
1206.154801020251,0.9999999999999997,0.08510389898809816,0.8444449548731521,0.9965887286838996
1207.154832517271,0.9999999999999997,0.08518879483435683,0.8444565670549785,0.9965767305357466
1208.1558853671509,0.9999999999999997,0.08527015399769215,0.8444662123124816,0.9965622276111985
1209.1649221811508,0.9999999999999997,0.0853522530599787,0.8444739819765387,0.9965451623794871
1210.166877827681,0.9999999999999997,0.08543347161335198,0.8444791279904482,0.9965251139637175
1211.1679922560108,0.9999999999999997,0.0855140894059939,0.8444814605807895,0.9965017755237547
1212.1740945385209,0.9999999999999997,0.08559508169351664,0.8444808697482645,0.9964749120356814
1213.176082389871,0.9999999999999997,0.08567493069595908,0.8444774820967335,0.9964449234694437
1214.176122734371,0.9999999999999997,0.08575307512620758,0.8444717774236544,0.9964123235651333
1215.178148806821,0.9999999999999997,0.08582962079077273,0.8444641850986025,0.9963775096368257
1216.179639076011,0.9999999999999997,0.08590757058565883,0.8444537075122945,0.9963394312029573
1217.183234337161,0.9999999999999997,0.08598156270068688,0.8444418420528167,0.9962997267791168
1218.1923599798408,0.9999999999999997,0.08605761408844698,0.8444278766125075,0.9962575009967377
1219.198322118301,0.9999999999999997,0.08613169480111457,0.8444117399018639,0.9962129186548374
1220.1993562115308,0.9999999999999997,0.086203752672239,0.8443941364968641,0.9961668360279186
1221.206438086801,0.9999999999999997,0.08627692031794047,0.8443744598607097,0.9961182761894849
1222.2124257059909,0.9999999999999997,0.08634908768328672,0.8443526575179554,0.9960673693559988
1223.2194513113009,0.9999999999999997,0.08642057134338277,0.8443288881593508,0.9960142438671119
1224.229505231371,0.9999999999999997,0.08648994907969952,0.8443036907831265,0.9959594595704272
1225.231558907951,0.9999999999999997,0.0865604603431879,0.8442768261289758,0.9959030227673148
1226.2345914695009,0.9999999999999997,0.08663031954030798,0.8442476290878697,0.9958439358678878
1227.240597491451,0.9999999999999997,0.08669802240872139,0.8442167202177137,0.9957828603800367
1228.2406516380208,0.9999999999999997,0.08676447367724838,0.8441848331465029,0.9957208519539198
1229.2468416875108,0.9999999999999997,0.0868309142640743,0.8441513828040469,0.9956569268432773
1230.256862694961,0.9999999999999997,0.08689493371474133,0.8441172264861465,0.9955921252625664
1231.264842058391,0.9999999999999997,0.08696147450400703,0.8440813331356369,0.9955254114596546
1232.2677964082409,0.9999999999999997,0.08702293255324499,0.844044606719767,0.995457901697396
1233.2708693142908,0.9999999999999997,0.08708731246009382,0.8440066777167964,0.995389033095611
1234.2748814686008,0.9999999999999997,0.08715041447463384,0.8439669029593796,0.9953180463006445
1235.281944233321,0.9999999999999997,0.08721013149099766,0.843926540351954,0.9952463259117406
1236.282964524481,0.9999999999999997,0.08727095103150075,0.8438855576047111,0.9951740575429141
1237.284027283531,0.9999999999999997,0.08732931343054567,0.8438440766318255,0.9951012311366672
1238.287050997601,0.9999999999999997,0.0873877284966448,0.8438017315371652,0.9950273820034387
1239.287093819391,0.9999999999999997,0.08744440827078023,0.8437589946268669,0.9949531794365993
1240.293151156711,0.9999999999999997,0.08750356869840588,0.8437144637810773,0.9948767863688898
1241.297185252771,0.9999999999999997,0.08755979872781249,0.8436690014567896,0.9947993892749151
1242.3002712530908,0.9999999999999997,0.08761613305784825,0.8436230091407871,0.9947214160524083
1243.3092496737409,0.9999999999999997,0.08767159600834798,0.8435759288669288,0.9946420519025988
1244.3133071271309,0.9999999999999997,0.08772509196489665,0.843528858801511,0.9945628328822448
1245.313346409941,0.9999999999999997,0.08777839679228672,0.8434814549056143,0.9944833427530876
1246.320824298321,0.9999999999999997,0.08783277444103132,0.8434325567924895,0.9944019600053784
1247.325388535261,0.9999999999999997,0.0878851251337929,0.8433832323711379,0.9943201694161007
1248.3314313627109,0.9999999999999997,0.0879363194279793,0.8433335644950135,0.9942379581795622
1249.3385164230708,0.9999999999999997,0.08798817219695802,0.8432831687983079,0.9941548957852576
1250.342544856741,0.9999999999999997,0.08803721736337253,0.8432328188213282,0.9940719764923559
1251.345565031821,0.9999999999999997,0.08808980780001048,0.8431813191400055,0.993987773584575
1252.3496047902709,0.9999999999999997,0.08813727741457823,0.8431292309430272,0.9939028781653992
1253.349637702891,0.9999999999999997,0.08818577697009548,0.8430775401063906,0.993818548682559
1254.3536629514608,0.9999999999999997,0.0882338434425767,0.8430250351401118,0.9937331986302723
1255.363778803881,0.9999999999999997,0.08827940545380598,0.8429724895244265,0.9936476745307873
1256.365403200841,0.9999999999999997,0.08832521774181441,0.8429205731911594,0.9935631197894673
1257.369812076061,0.9999999999999997,0.08837101321025857,0.8428680981970748,0.993477894437631
1258.371976523071,0.9999999999999997,0.08841499411214228,0.8428157573727382,0.9933929247054326
1259.380983255651,0.9999999999999997,0.08845861967897485,0.842763237314678,0.9933076324446083
1260.3899326565709,0.9999999999999997,0.08850284614413634,0.8427103762092063,0.993222003843205
1261.392977604591,0.9999999999999997,0.08854511756628744,0.8426579693491504,0.9931371022149352
1262.403069391861,0.9999999999999997,0.08859018168602487,0.842604079833884,0.9930503737205556
1263.407025984011,0.9999999999999997,0.08863254407960683,0.8425499277532416,0.9929635326941552
1264.4171701483608,0.9999999999999997,0.08867255699240359,0.842496192585777,0.9928770646581024
1265.4242201727109,0.9999999999999997,0.08871309894083586,0.8424429742156848,0.9927913240880243
1266.4311233289209,0.9999999999999997,0.08875410285577526,0.8423894737869222,0.9927053249202646
1267.4321722859108,0.9999999999999997,0.08879392407981299,0.8423360669584183,0.9926196388326052
1268.435260409621,0.9999999999999997,0.08883242628517887,0.8422827816180595,0.9925341105516562
1269.443272331771,0.9999999999999997,0.08887199733509557,0.8422289424643981,0.9924478926498148
1270.443389826281,0.9999999999999997,0.08891032070532384,0.8421753862841399,0.9923622553243306
1271.4523770944108,0.9999999999999997,0.08894894380998902,0.842121097600992,0.9922756241195206
1272.4524797251509,0.9999999999999997,0.08898536184700497,0.842067621044772,0.9921902040781067
1273.461323664131,0.9999999999999997,0.08902001675027044,0.8420146695783338,0.9921052607784042
1274.462415442911,0.9999999999999997,0.08905521810145985,0.8419626965102941,0.9920217283173851
1275.467572460881,0.9999999999999997,0.08909352612867391,0.8419094159649293,0.9919366877771275
1276.471608680331,0.9999999999999997,0.08912936575457782,0.8418555095167551,0.9918510302414596
1277.480628153271,0.9999999999999997,0.08915947740964358,0.8418029762386744,0.9917669221041157
1278.481641720351,0.9999999999999997,0.08919593224724523,0.8417514041072776,0.9916842125380582
1279.486656470861,0.9999999999999997,0.08922948140358804,0.8416988358671815,0.9916003656241297
1280.489773614301,0.9999999999999997,0.08926076301067162,0.841647282490376,0.991517833168712
1281.500910819581,0.9999999999999997,0.08929638930198809,0.8415949922800394,0.9914343755753512
1282.5048337913108,0.9999999999999997,0.08932805726372066,0.8415426042887476,0.9913510656659781
1283.505855144171,0.9999999999999997,0.08935941095258353,0.8414910929604865,0.9912689220706427
1284.5088462995209,0.9999999999999997,0.0893906586530299,0.84143990099204,0.9911872034382382
1285.517891253201,0.9999999999999997,0.08942214888828823,0.8413884375998695,0.9911051434681954
1286.524999670901,0.9999999999999997,0.08945304895976579,0.8413370864659239,0.9910233643237203
1287.531231480491,0.9999999999999997,0.08948203774910828,0.8412863905596709,0.990942469376438
1288.5360190277709,0.9999999999999997,0.08951153342814162,0.8412363176345963,0.990862442634167
1289.538111279361,0.9999999999999997,0.08953882291172935,0.8411873317325046,0.9907838621618441
1290.5475186257408,0.9999999999999997,0.08957040436910685,0.841137356003789,0.9907041112405294
1291.548136887501,0.9999999999999997,0.08959801911347183,0.8410878617607718,0.9906252250869785
1292.5571680391208,0.9999999999999997,0.08962753474032413,0.8410378560768196,0.990545676497803
1293.558229382581,0.9999999999999997,0.08965411127200053,0.8409888318887502,0.9904675412676621
1294.560301108021,0.9999999999999997,0.08968162950282664,0.8409403008555281,0.9903900704332537
1295.564760944711,0.9999999999999997,0.0897062738034811,0.8408924523089784,0.9903134639670476
1296.5693043016008,0.9999999999999997,0.08973249985581243,0.8408454150009176,0.9902379366632711
1297.579375208831,0.9999999999999997,0.0897601575700437,0.8407976741100244,0.9901616273797793
1298.582389013731,0.9999999999999997,0.0897861096738007,0.84075014996185,0.9900858444276815
1299.585447409911,0.9999999999999997,0.089811603798451,0.8407029553382724,0.990010560940137
1300.590863835931,0.9999999999999997,0.08983532147831842,0.840656578807404,0.989936300847695
1301.599534010441,0.9999999999999997,0.08985947329213545,0.8406107863311906,0.9898627900793228
1302.609604563771,0.9999999999999997,0.08988569778174892,0.8405645245441005,0.9897888481663084
1303.614626392271,0.9999999999999997,0.08991007235978765,0.8405185793376515,0.9897155051582244
1304.623689394811,0.9999999999999997,0.08993343612179573,0.8404729330049486,0.9896425533054953
1305.631679021321,0.9999999999999997,0.08995609938659092,0.8404281231034634,0.9895707232502133
1306.6394846202809,0.9999999999999997,0.08997882408085472,0.840383894814453,0.9894997113686977
1307.649823783041,0.9999999999999997,0.0900023045730171,0.8403396084332537,0.9894287254123406
1308.6557721194308,0.9999999999999997,0.09002484552127016,0.8402957172648078,0.9893584197076289
1309.663836772561,0.9999999999999997,0.09005000758527847,0.8402509679971075,0.9892872035338808
1310.6661137594908,0.9999999999999997,0.09007020745054606,0.8402071051393787,0.9892172328972946
1311.670952976041,0.9999999999999997,0.09009024545130123,0.8401647283315747,0.9891490588937413
1312.6819599464409,0.9999999999999997,0.09011027412983778,0.8401230241649721,0.9890817034861633
1313.6849942774809,0.9999999999999997,0.0901301988763692,0.8400822818774648,0.9890157789508516
1314.685033206391,0.9999999999999997,0.09015011074837595,0.840042078937305,0.9889507031507331
1315.691069663661,0.9999999999999997,0.09017353080470031,0.8400007186343585,0.9888843325189238
1316.701109427761,0.9999999999999997,0.09019414660233123,0.8399591030841002,0.9888177219505987
1317.702179618701,0.9999999999999997,0.09021304485867121,0.8399184549251821,0.9887525150602522
1318.712211243121,0.9999999999999997,0.09023333440882665,0.8398778999999045,0.9886873784020783
1319.714234130491,0.9999999999999997,0.09025135942163542,0.8398384669293553,0.9886238144084768
1320.714336053431,0.9999999999999997,0.09026991781923245,0.839799846923509,0.9885613689999528
1321.723312350691,0.9999999999999997,0.090289462040354,0.8397609482758686,0.988498594223683
1322.727352816931,0.9999999999999997,0.0903079689726317,0.8397223718718981,0.9884364207656513
1323.7313727570208,0.9999999999999997,0.09032524650574368,0.8396846060683746,0.9883753249467622
1324.741444018141,0.9999999999999997,0.09034470461787761,0.8396466176762127,0.9883140111289914
1325.744443313181,0.9999999999999997,0.09036213456702934,0.8396090469318872,0.988253434397499
1326.751524834551,0.9999999999999997,0.0903805133965271,0.8395715974075353,0.9881930574161643
1327.751623926301,0.9999999999999997,0.09039899655845801,0.8395342783036918,0.988133070040824
1328.756596562821,0.9999999999999997,0.0904144733479828,0.8394977664411278,0.9880740537502216
1329.763629246111,0.9999999999999997,0.09043050429059173,0.8394621759964308,0.9880162098879856
1330.770670069081,0.9999999999999997,0.090445349529312,0.8394276055008221,0.9879597029290195
1331.780708771491,0.9999999999999997,0.09046310381977758,0.8393928692104032,0.9879031187232413
1332.7847467604408,0.9999999999999997,0.09048036498298792,0.8393578746942147,0.9878464754854732
1333.787247765511,0.9999999999999997,0.0904948645379206,0.8393237020242562,0.987790938725685
1334.797824748481,0.9999999999999997,0.09051034074402937,0.8392901924235435,0.9877361814763593
1335.799843742951,0.9999999999999997,0.09052627374089013,0.8392570204842048,0.9876820957622083
1336.8098831531609,0.9999999999999997,0.09054090014084314,0.8392239192019529,0.9876281085871844
1337.809938361421,0.9999999999999997,0.09055506393538496,0.8391919734934367,0.9875757540132527
1338.817009973621,0.9999999999999997,0.09057129443055457,0.8391597798064826,0.9875231477558457
1339.817023421781,0.9999999999999997,0.0905862230235002,0.8391276940439334,0.987470906812907
1340.8221114294208,0.9999999999999997,0.09060076356161033,0.8390958445731272,0.9874189841436084
1341.823047846481,0.9999999999999997,0.0906136846383427,0.8390650940314228,0.9873685220672433
1342.823128535481,0.9999999999999997,0.09062792298626027,0.8390347965902301,0.987318734297242
1343.8281698284309,0.9999999999999997,0.09064112962291535,0.8390047184905277,0.9872692669223455
1344.8352570121908,0.9999999999999997,0.09065520391688386,0.8389749494262345,0.9872202673290624
1345.841244631381,0.9999999999999997,0.09067220230594386,0.8389443324243533,0.987170428077866
1346.8513491590209,0.9999999999999997,0.09068622415046655,0.8389132345931213,0.9871200701612133
1347.859318967181,0.9999999999999997,0.09069713715450628,0.8388837974579427,0.9870717613647557
1348.868434346791,0.9999999999999997,0.09071236563942545,0.8388543960577424,0.9870235948920396
1349.872410049491,0.9999999999999997,0.09072384554809408,0.8388257303926134,0.9869764688709103
1350.872441192611,0.9999999999999997,0.09073658517593386,0.8387978510950481,0.9869304328579761
1351.8815657736009,0.9999999999999997,0.09074746791667972,0.8387704517420118,0.9868849618162933
1352.886557520671,0.9999999999999997,0.09076195412227174,0.8387430436910244,0.9868396760238005
1353.889594682911,0.9999999999999997,0.09077346327721544,0.8387158935047778,0.9867948369803065
1354.8955918573809,0.9999999999999997,0.09078499010405282,0.8386893793441158,0.9867508183540592
1355.897646595661,0.9999999999999997,0.09079872635934506,0.8386626850341411,0.986706763653076
1356.899666651831,0.9999999999999997,0.09081012326586169,0.8386362728878457,0.9866631454734043
1357.9097343739709,0.9999999999999997,0.09082133271423291,0.8386103132029786,0.9866200596095918
1358.912766935521,0.9999999999999997,0.09083302268647246,0.8385848711975343,0.9865777800354548
1359.923945546991,0.9999999999999997,0.09084385159106612,0.8385597807737385,0.9865359246762625
1360.927913463911,0.9999999999999997,0.09085371689529466,0.8385357434434866,0.9864955075750382
1361.933927979441,0.9999999999999997,0.09086707449139288,0.8385113508350303,0.986454784854519
1362.934092896431,0.9999999999999997,0.09087672671827451,0.838487159065914,0.9864144799666063
1363.944016935521,0.9999999999999997,0.0908879531311686,0.8384633355992007,0.986374591100279
1364.9450089147508,0.9999999999999997,0.09089836067416568,0.8384399846039373,0.9863354703254744
1365.951060589681,0.9999999999999997,0.09090988842462223,0.8384164990708883,0.9862962417414312
1366.953093032321,0.9999999999999997,0.09091988015031456,0.8383934465269959,0.9862576641310737
1367.9571296056708,0.9999999999999997,0.09092831934682387,0.8383715042890926,0.9862204588827461
1368.965162053981,0.9999999999999997,0.09094104601756611,0.8383490814348483,0.9861827710902743
1369.9741659553608,0.9999999999999997,0.090953891609226,0.8383253530427837,0.9861436488925928
1370.980275315851,0.9999999999999997,0.09095981140198531,0.8383034175509309,0.986106709920145
1371.988292192591,0.9999999999999997,0.09097253654823569,0.8382819036962467,0.9860703449612425
1372.991313783271,0.9999999999999997,0.09098179584185775,0.8382600037535601,0.9860336871769885
1373.994394475101,0.9999999999999997,0.09098962079431387,0.8382391946058342,0.985998384733921
1375.001426096691,0.9999999999999997,0.09099941187316024,0.8382190905145941,0.9859639672422486
1376.0104908687308,0.9999999999999997,0.09100807750010083,0.8381990949449455,0.9859297749794285
1377.018477310141,0.9999999999999997,0.09101690937791299,0.8381795028320836,0.9858961792042065
1378.0275714558009,0.9999999999999997,0.09102637115324025,0.8381600611342399,0.9858628599856083
1379.029597882161,0.9999999999999997,0.09103471787959852,0.8381410868658851,0.9858302654077373
1380.032590453111,0.9999999999999997,0.09104351957496609,0.838122368530463,0.9857980631915808
1381.042623493131,0.9999999999999997,0.09105106195706293,0.8381042602435638,0.98576660530163
1382.043669265021,0.9999999999999997,0.09106063287891683,0.8380861985749855,0.9857354032249399
1383.043962293501,0.9999999999999997,0.09107137113605594,0.8380673932000723,0.985703439331188
1384.051830886511,0.9999999999999997,0.09107881286946974,0.8380487776546373,0.9856716944258958
1385.059779106821,0.9999999999999997,0.0910885688888719,0.838030498918922,0.9856404116856964
1386.0687578813609,0.9999999999999997,0.09109654338214114,0.8380124115195423,0.985609414445474
1387.077887770831,0.9999999999999997,0.09110509314340795,0.8379947045033296,0.9855789365497651
1388.082881995201,0.9999999999999997,0.09111347414829553,0.8379772459344416,0.9855488696447333
1389.0889669366509,0.9999999999999997,0.09112102409336556,0.837960278757273,0.9855194468430765
1390.098701639721,0.9999999999999997,0.09112843531158427,0.8379437757177818,0.9854906178655247
1391.106028059281,0.9999999999999997,0.09113600771141776,0.8379276580920214,0.9854623536979925
1392.1160872878309,0.9999999999999997,0.09114286394491555,0.837912081752875,0.9854347920778617
1393.123133419291,0.9999999999999997,0.09115158718352058,0.8378964797710747,0.9854073317508796
1394.136143104801,0.9999999999999997,0.09115867654507259,0.8378808540286176,0.985379876391155
1395.141359223921,0.9999999999999997,0.09116673059754599,0.8378654629655781,0.9853528482861065
1396.1422110591009,0.9999999999999997,0.09117404511794693,0.8378502860577904,0.9853261863046315
1397.149258252251,0.9999999999999997,0.0911799273626787,0.837835928538092,0.985300504861565
1398.1562958901309,0.9999999999999997,0.09118899911684039,0.8378212177959973,0.9852745002230028
1399.166396170981,0.9999999999999997,0.09119778296939206,0.8378057030491182,0.9852476039500752
1400.1703669191008,0.9999999999999997,0.09120184376150282,0.8377916169459619,0.9852224775949153
1401.1734139905109,0.9999999999999997,0.09120811432941296,0.8377785996743549,0.9851986872035661
1402.173632346271,0.9999999999999997,0.09121594422543516,0.8377652954521022,0.9851746864144822
1403.175545171011,0.9999999999999997,0.09122283959171719,0.8377518226958227,0.9851505596035759
1404.178514384611,0.9999999999999997,0.09123211448038027,0.8377376611045101,0.9851256917154894
1405.188549548031,0.9999999999999997,0.09123585265329753,0.8377245167677796,0.9851020007853041
1406.196602876381,0.9999999999999997,0.09124471192652787,0.8377113907663546,0.9850784210888468
1407.2026892334309,0.9999999999999997,0.09124854374799408,0.8376990581838842,0.9850558502414727
1408.210685584021,0.9999999999999997,0.09125699964566893,0.8376866391250241,0.9850332460535343
1409.2137071747009,0.9999999999999997,0.09126326119605574,0.8376739950341957,0.9850104892252004
1410.218812877291,0.9999999999999997,0.09126820518455257,0.8376622619558387,0.9849888376773771
1411.222803443751,0.9999999999999997,0.09127444964522839,0.8376509018452593,0.9849677098275509
1412.222856528621,0.9999999999999997,0.09127998249584929,0.8376397654384251,0.984946954791003
1413.226951495331,0.9999999999999997,0.09128893019996662,0.8376278443984547,0.9849253336383924
1414.2349892521108,0.9999999999999997,0.0912934323214352,0.83761611374462,0.9849039510334474
1415.239022286471,0.9999999999999997,0.09129737076956,0.8376058155964096,0.984884326569601
1416.2419907922808,0.9999999999999997,0.09130579445691316,0.8375950874767315,0.9848642919218733
1417.244066764521,0.9999999999999997,0.09131305192808391,0.8375834931741317,0.984843315509515
1418.249084346221,0.9999999999999997,0.09131537966200313,0.8375731178266316,0.9848237777939831
1419.256111013231,0.9999999999999997,0.0913208829651513,0.8375637940697592,0.9848055208372181
1420.2561552506208,0.9999999999999997,0.09132924420794172,0.8375533759818388,0.9847861279716714
1421.258624758671,0.9999999999999997,0.09133401303640763,0.8375429744882169,0.9847667917913518
1422.2672790077308,0.9999999999999997,0.09134195159243721,0.837532070939713,0.9847468720929763
1423.2692997716908,0.9999999999999997,0.09134734128777443,0.8375213995317883,0.9847272959518885
1424.272372323851,0.9999999999999997,0.0913516295733235,0.837511535921585,0.9847086850111447
1425.275347199841,0.9999999999999997,0.09135360600249649,0.837503303468792,0.9846920264385042
1426.280403356551,0.9999999999999997,0.09136233865111923,0.8374943516428688,0.9846746130713457
1427.287410913011,0.9999999999999997,0.09136755446801335,0.8374846644183253,0.9846563942341552
1428.293475682211,0.9999999999999997,0.09136957766162986,0.8374764289724305,0.9846399155373297
1429.301490435551,0.9999999999999997,0.09137643799891415,0.8374683120250247,0.9846236395043222
1430.305442427011,0.9999999999999997,0.09138167921598511,0.8374597759892707,0.9846069723058848
1431.311596378791,0.9999999999999997,0.09138641009954014,0.8374515256255174,0.9845906768064853
1432.320628592111,0.9999999999999997,0.09139354893495402,0.8374426289771486,0.9845736593222724
1433.3237092839408,0.9999999999999997,0.09139834063167578,0.8374338485735069,0.9845568504390485
1434.332716724311,0.9999999999999997,0.09140006307853353,0.8374266434177791,0.9845418787223853
1435.3347597839308,0.9999999999999997,0.09140387844127444,0.8374203560371011,0.9845280942360778
1436.3407980106908,0.9999999999999997,0.0914119543167361,0.8374126238039378,0.9845126814421
1437.3468259743909,0.9999999999999997,0.09141506426619958,0.8374052357261921,0.9844977211063067
1438.346839776451,0.9999999999999997,0.09141900737718682,0.8373985278860508,0.9844836404873372
1439.352996913321,0.9999999999999997,0.09142409117993287,0.8373917933094996,0.9844695485959346
1440.361000341901,0.9999999999999997,0.09143020903656307,0.8373844840956937,0.9844548303124983
1441.366991146181,0.9999999999999997,0.09143340445702129,0.8373776228875631,0.9844406837028352
1442.3750844651308,0.9999999999999997,0.09144110212957811,0.8373700820423368,0.9844257733589937
1443.3760562721109,0.9999999999999997,0.09144584800927469,0.8373620958086045,0.9844104016302836
1444.3831636281209,0.9999999999999997,0.09144843261201543,0.837355303964804,0.984396393352809
1445.3911366213708,0.9999999999999997,0.09145288609286653,0.837349084934283,0.9843830898564089
1446.394174491411,0.9999999999999997,0.09145585750895052,0.837343358588245,0.9843704455115501
1447.3992324176108,0.9999999999999997,0.09146012430328607,0.8373378031504954,0.9843580525381236
1448.407313704001,0.9999999999999997,0.09146322926699525,0.8373325352124504,0.9843460389271504
1449.410299904761,0.9999999999999997,0.09146876374477354,0.8373271186306377,0.9843339458575298
1450.414344617791,0.9999999999999997,0.0914715473951691,0.8373218351137812,0.9843220518829351
1451.4183847301308,0.9999999999999997,0.09147753368394046,0.8373161486525765,0.9843097371144464
1452.421409152001,0.9999999999999997,0.09148045656921323,0.837310658256267,0.9842976880989641
1453.422459524591,0.9999999999999997,0.09148312641098447,0.8373061471100491,0.9842868291949046
1454.4264953901409,0.9999999999999997,0.09148889856722417,0.8373011698762248,0.9842754675708556
1455.434548718491,0.9999999999999997,0.09149487798837042,0.8372950940694639,0.9842628405630909
1456.436536923741,0.9999999999999997,0.09149791155073914,0.8372894541893181,0.9842507633577765
1457.436624690721,0.9999999999999997,0.09150007994312283,0.8372849400344228,0.9842400291615339
1458.4436028735508,0.9999999999999997,0.09150207928664846,0.8372813941114738,0.984230433352129
1459.446769562871,0.9999999999999997,0.09150805035989933,0.8372773237469581,0.9842203182505861
1460.456779245551,0.9999999999999997,0.09151233797445346,0.8372724527667694,0.9842092844900541
1461.467867612741,0.9999999999999997,0.09151457353120168,0.8372682296963657,0.9841990249002327
1462.470804621531,0.9999999999999997,0.0915184017527572,0.8372643585821816,0.9841892554257516
1463.478825037261,0.9999999999999997,0.09152113030830476,0.83726074880727,0.9841798070808508
1464.4868822585008,0.9999999999999997,0.09152373365119441,0.8372576498820825,0.9841710039302686
1465.4879283843009,0.9999999999999997,0.09152607328590787,0.8372551127128077,0.9841629515068053
1466.4969506884408,0.9999999999999997,0.09153190293901166,0.8372515840123389,0.9841537583418953
1467.505989271931,0.9999999999999997,0.09153876219790644,0.8372466591797415,0.9841429662302842
1468.5060391717109,0.9999999999999997,0.09154076157205178,0.8372419903102809,0.9841325110481598
1469.515061829751,0.9999999999999997,0.09154171064884938,0.8372389890870106,0.9841239562883942
1470.5195959852608,0.9999999999999997,0.09154438924448133,0.8372368497512084,0.9841164754608059
1471.523145239521,0.9999999999999997,0.09154843542511494,0.8372342417790057,0.9841085178591774
1472.5291923137709,0.9999999999999997,0.09155179107039345,0.83723132616719,0.9841002356802628
1473.530234546671,0.9999999999999997,0.09155552608491568,0.8372283234205344,0.984091909082291
1474.535275131821,0.9999999999999997,0.09156012362866502,0.8372248567081091,0.9840830458946386
1475.5403369509208,0.9999999999999997,0.09156215079173588,0.8372220019022828,0.9840749116379278
1476.547361140631,0.9999999999999997,0.09156407805811045,0.8372200307488432,0.9840678305930188
1477.5534050297908,0.9999999999999997,0.09156790974077769,0.8372177769630303,0.9840604704314683
1478.563432053521,0.9999999999999997,0.09157064534148866,0.837215458718305,0.9840530493248586
1479.566481956131,0.9999999999999997,0.09157321014309253,0.8372135005100343,0.984046113866334
1480.5685943799708,0.9999999999999997,0.09157763601511328,0.8372110516705058,0.9840386433629956
1481.570554273291,0.9999999999999997,0.09158252180246172,0.8372078909736168,0.9840303610389445
1482.570586832011,0.9999999999999997,0.0915862339183177,0.8372045832623399,0.9840219160547531
1483.570628592111,0.9999999999999997,0.09158703255221723,0.8372024019043292,0.984014787370373
1484.570669290511,0.9999999999999997,0.09158946939697728,0.8372007968427198,0.9840083556478579
1485.573844827301,0.9999999999999997,0.09159201602233794,0.8371993675818002,0.9840021542173332
1486.574241548211,0.9999999999999997,0.0915961562933841,0.8371973075974518,0.9839952678144481
1487.5788093241408,0.9999999999999997,0.09159823728163888,0.8371955363052344,0.9839887268068057
1488.5788755032809,0.9999999999999997,0.09160063671930163,0.8371941861604153,0.9839827332488509
1489.583858048971,0.9999999999999997,0.09160346144675449,0.8371928377289959,0.9839767470559846
1490.5939119690408,0.9999999999999997,0.09160729624230676,0.8371910732340703,0.9839702812705153
1491.593924001611,0.9999999999999997,0.09160901528806503,0.8371897793776022,0.9839644306671279
1492.598999268881,0.9999999999999997,0.09161313256610318,0.8371880587092693,0.983958086315438
1493.606992434381,0.9999999999999997,0.09161418074981463,0.8371870063368053,0.9839525224414661
1494.6101431982308,0.9999999999999997,0.09161866831079049,0.8371854778877306,0.9839464554214006
1495.6141157158409,0.9999999999999997,0.0916207378372962,0.8371840262036293,0.9839404859337896
1496.6171447384008,0.9999999999999997,0.09162265097147616,0.8371830440191268,0.9839350836356479
1497.619177534941,0.9999999999999997,0.09162348963237185,0.837182853952127,0.9839306361694714
1498.622279814621,0.9999999999999997,0.09162574769177881,0.8371829686796102,0.9839265872226673
1499.627488855751,0.9999999999999997,0.09162924510790799,0.8371825774766976,0.9839219907114802
1500.6333090806609,0.9999999999999997,0.09163455949844439,0.8371809507362036,0.9839159814998748
1501.647381879121,0.9999999999999997,0.09163523475803183,0.8371796284694482,0.9839102850464319
1502.6483476698209,0.9999999999999997,0.09163655832833403,0.8371795725852457,0.9839061219297759
1503.6554143274209,0.9999999999999997,0.09164150990164684,0.8371786840654656,0.9839009962992045
1504.660516137121,0.9999999999999997,0.09164255573832286,0.8371780138618221,0.983896146132931
1505.6643693907308,0.9999999999999997,0.09164437196530523,0.8371779372997694,0.9838920141440927
1506.6725656943208,0.9999999999999997,0.09164662954616096,0.8371779028906492,0.9838879435651865
1507.676575725241,0.9999999999999997,0.09164986121204356,0.8371775386767258,0.9838835309007258
1508.679588822341,0.9999999999999997,0.09165221870538738,0.8371771120258662,0.9838790657213374
1509.684608173541,0.9999999999999997,0.09165479975762988,0.8371768056916761,0.9838747462168005
1510.689688749291,0.9999999999999997,0.09165559837548957,0.8371770797113456,0.9838711207361337
1511.695707157711,0.9999999999999997,0.09165873569692623,0.8371771296494798,0.9838672589818972
1512.706148243421,0.9999999999999997,0.09165960495867477,0.8371775710257526,0.9838638585833593
1513.709801190121,0.9999999999999997,0.09166448147386423,0.8371772954152915,0.9838596770637547
1514.714889905551,0.9999999999999997,0.09166532877964846,0.8371770614620246,0.983855543185172
1515.723887082851,0.9999999999999997,0.09166776111622978,0.8371772779132114,0.9838519287703269
1516.7319131609709,0.9999999999999997,0.09167011931024187,0.8371773924484943,0.9838482165982145
1517.739960119141,0.9999999999999997,0.09167214997602349,0.8371776208699064,0.9838446527885342
1518.7449876100209,0.9999999999999997,0.09167458494295813,0.8371777836418465,0.9838410393355387
1519.754041765081,0.9999999999999997,0.09167571657543548,0.8371783740830824,0.9838379248852575
1520.761086480941,0.9999999999999997,0.09167761399150752,0.8371792760414188,0.983835205885223
1521.7613872951908,0.9999999999999997,0.09168052055282434,0.8371797378171563,0.9838320238296846
1522.765144288241,0.9999999999999997,0.09168135650508603,0.837180626760284,0.9838293470189885
1523.769206342331,0.9999999999999997,0.0916874821427711,0.8371801582009298,0.9838251072744526
1524.770238312161,0.9999999999999997,0.09168799348731853,0.8371797099697523,0.9838208830328311
1525.7792634474908,0.9999999999999997,0.09169177205970185,0.8371794320623078,0.9838168156851617
1526.7803145278708,0.9999999999999997,0.09169218411949137,0.8371796753082669,0.9838133769217466
1527.7835459807309,0.9999999999999997,0.09169126947091856,0.8371815493750345,0.9838118510765822
1528.7933691585708,0.9999999999999997,0.09169396038224539,0.8371831695829531,0.983810063565784
1529.7944131609709,0.9999999999999997,0.09169695808852374,0.8371839867676043,0.9838074039683172
1530.7944726160208,0.9999999999999997,0.09169895769999208,0.8371846540972109,0.9838045872122966
1531.801497867431,0.9999999999999997,0.09170063815353381,0.83718548479326,0.9838019446573547
1532.8065703035109,0.9999999999999997,0.09170139879732139,0.8371868488479142,0.9837999438273959
1533.807603335031,0.9999999999999997,0.09170310350429378,0.8371883999498291,0.9837982002565256
1534.813606171891,0.9999999999999997,0.09170587568110479,0.8371893521434801,0.9837957687448666
1535.813666334741,0.9999999999999997,0.09170723595583136,0.8371905397664714,0.9837936403963976
1536.816978122691,0.9999999999999997,0.09170668773712137,0.8371929001966074,0.98379289021402
1537.823743612151,0.9999999999999997,0.09171010633910363,0.8371944880723092,0.9837912669745086
1538.8317831384409,0.9999999999999997,0.0917125037952754,0.837195586911604,0.9837890801796242
1539.831791985911,0.9999999999999997,0.0917139501043077,0.8371969239228733,0.9837872024826404
1540.840286272571,0.9999999999999997,0.09171690294932709,0.8371979396040687,0.9837849270596205
1541.843900998171,0.9999999999999997,0.09171964130211292,0.837198496315448,0.9837821289907432
1542.848929904651,0.9999999999999997,0.09172235463443566,0.8371987402202533,0.9837789424648566
1543.850972610361,0.9999999999999997,0.09172367880735918,0.8371994619503123,0.9837763099074234
1544.8539896003508,0.9999999999999997,0.09172606434068371,0.8372001611967929,0.9837736457818282
1545.855038203441,0.9999999999999997,0.09172847995811231,0.837200556155271,0.9837706273359701
1546.8621137085308,0.9999999999999997,0.09172672999401305,0.8372023161236238,0.98376917389638
1547.867127751241,0.9999999999999997,0.09172776607547913,0.8372049618502624,0.9837688030971378
1548.8751817873908,0.9999999999999997,0.09172852144873807,0.8372077482134197,0.9837686401082523
1549.882205977101,0.9999999999999997,0.09173303578182324,0.8372090038970726,0.9837667306307383
1550.884250806211,0.9999999999999997,0.09173522544287904,0.8372097856094631,0.9837642773614876
1551.885291269621,0.9999999999999997,0.09173592680204497,0.8372112805757097,0.9837626514309538
1552.8853287829309,0.9999999999999997,0.09173570955172444,0.8372135932813042,0.9837619922465246
1553.8933658319208,0.9999999999999997,0.09173760360256016,0.8372159007821506,0.9837613270971663
1554.897416561241,0.9999999999999997,0.09173971895965619,0.8372178096517663,0.9837602345159753
1555.905436623071,0.9999999999999997,0.09174025503348848,0.8372199984151145,0.9837594703956115
1556.908497142651,0.9999999999999997,0.09174135471737233,0.8372224658245596,0.9837590711728446
1557.917539265141,0.9999999999999997,0.09174436790290322,0.8372242261828527,0.9837578460473211
1558.926557676391,0.9999999999999997,0.0917457551959349,0.8372259680695588,0.9837565982781099
1559.934589416891,0.9999999999999997,0.09174551848409121,0.8372286691372005,0.9837564815219275
1560.936053497541,0.9999999999999997,0.09174634480522449,0.8372316862250505,0.9837567854172264
1561.937695943361,0.9999999999999997,0.09175034688110074,0.837233310800123,0.9837554853990543
1562.947710226721,0.9999999999999997,0.09175117460386507,0.837235098919027,0.9837543384117977
1563.950759775431,0.9999999999999997,0.09175294921122537,0.8372370265301615,0.9837533747093157
1564.955775233751,0.9999999999999997,0.09175454160566655,0.8372389305639789,0.9837523772713596
1565.9618308015708,0.9999999999999997,0.091754182395945,0.83724179378819,0.9837525058186745
1566.961858759601,0.9999999999999997,0.09175577466397748,0.8372444809079567,0.983752472603895
1567.9709716619109,0.9999999999999997,0.09175796463321621,0.8372466047904977,0.9837517675544515
1568.980938522801,0.9999999999999997,0.09175971217802098,0.8372486325952485,0.983750947980832
1569.985994679511,0.9999999999999997,0.09176196482961683,0.837250418280274,0.9837498592119253
1570.991026063291,0.9999999999999997,0.09176117819280195,0.8372532055416712,0.9837499377156667
1571.9940724269009,0.9999999999999997,0.0917632463678124,0.8372557144605989,0.9837497174316712
1572.995098734351,0.9999999999999997,0.09176451306922893,0.8372581619895016,0.9837494425269598
1574.002121508461,0.9999999999999997,0.09176714441988205,0.8372600887489868,0.9837485461582121
1575.005182735841,0.9999999999999997,0.09176876231772443,0.8372618355739526,0.9837474414580663
1576.008262719871,0.9999999999999997,0.09176878514288721,0.8372643712074312,0.9837472529628951
1577.012362641171,0.9999999999999997,0.0917698843804891,0.837267156256843,0.9837473682475575
1578.0163103858408,0.9999999999999997,0.09177408023672196,0.8372685012408588,0.9837458108613417
1579.017339524481,0.9999999999999997,0.09177395821190042,0.8372704404585312,0.9837449335921967
1580.026405712101,0.9999999999999997,0.0917777123416218,0.8372717752853633,0.9837433231418146
1581.033499266041,0.9999999999999997,0.09177487536689398,0.837274711540154,0.9837435680967572
1582.039492193721,0.9999999999999997,0.09177863234039052,0.837277042757208,0.983743141277941
1583.0455293587909,0.9999999999999997,0.09177916560896697,0.837279326195889,0.9837426623182138
1584.052568058371,0.9999999999999997,0.09178089329406756,0.8372815119136525,0.9837420710942096
1585.053578086461,0.9999999999999997,0.09178051428195619,0.8372843370649123,0.9837422487864674
1586.087721565651,0.9999999999999997,0.09178182117586206,0.8372874193853981,0.9837426472298224
1587.095673678851,0.9999999999999997,0.09178400559023048,0.8372898138207127,0.983742340547251
1588.097702582501,0.9999999999999997,0.0917841845201919,0.8372924573893622,0.9837423436994477
1589.1027375052709,0.9999999999999997,0.09178556953336743,0.8372952580744191,0.9837425294464717
1590.1107692457708,0.9999999999999997,0.09178605749879849,0.8372983217764551,0.9837430256575175
1591.111847222491,0.9999999999999997,0.09179065533708271,0.8373001346600848,0.9837420975987875
1592.1178401501709,0.9999999999999997,0.0917919942705861,0.8373014108209641,0.9837405081766459
1593.1248845121308,0.9999999999999997,0.091790381930225,0.8373041021658905,0.9837405396775359
1594.124931226811,0.9999999999999997,0.09179183795875001,0.8373071755807755,0.9837410469035947
1595.133056396691,0.9999999999999997,0.09179237189149782,0.8373102652079434,0.9837415695751125
1596.136000483461,0.9999999999999997,0.09179433589814576,0.8373129165745894,0.9837416194550764
1597.146033877381,0.9999999999999997,0.09179469306185754,0.8373158380992463,0.9837419684952231
1598.155096172121,0.9999999999999997,0.09179558906759822,0.8373189312833632,0.9837425344715645
1599.160259206361,0.9999999999999997,0.09179768806898417,0.8373213980231183,0.9837423898691343
1600.170185368851,0.9999999999999997,0.09179708950405872,0.8373246921537209,0.9837431961749665
1601.174194691971,0.9999999999999997,0.09179798886975934,0.8373281354151939,0.9837442155658855
1602.1792604039608,0.9999999999999997,0.09179965773640844,0.8373310501828893,0.9837446310117982
1603.1842705537808,0.9999999999999997,0.0918029401631571,0.8373328992572155,0.9837437958958021
1604.194370834641,0.9999999999999997,0.09180182215472069,0.837335893359431,0.9837442644053125
1605.198366355691,0.9999999999999997,0.09180080156868974,0.837340117406126,0.9837462051737829
1606.204462268011,0.9999999999999997,0.09180518901470995,0.8373429795366688,0.9837465843893944
1607.2114907045209,0.9999999999999997,0.09180557312414005,0.8373452507973422,0.9837462670447648
1608.221480568851,0.9999999999999997,0.09180679547792549,0.8373479202249889,0.9837463896239801
1609.2275209190109,0.9999999999999997,0.091807610429885,0.8373507254807072,0.9837466770264721
1610.232546286501,0.9999999999999997,0.0918088162686405,0.8373535282943622,0.9837469644471745
1611.2375900567408,0.9999999999999997,0.09181097804762231,0.837355877337372,0.9837467202862763
1612.2455538486108,0.9999999999999997,0.09181092549663739,0.8373587569384978,0.9837470800349359
1613.245708148631,0.9999999999999997,0.09181369535352651,0.8373609716203807,0.9837466866521515
1614.251790612791,0.9999999999999997,0.09181229198051705,0.8373641848432368,0.9837474310782778
1615.258784721071,0.9999999999999997,0.09181332577633178,0.8373675076547266,0.9837483190134307
1616.258900799981,0.9999999999999997,0.0918137610354016,0.8373709217859013,0.9837493521640286
1617.264786850131,0.9999999999999997,0.09181649142073232,0.8373733970852837,0.9837492802827033
1618.268893141611,0.9999999999999997,0.0918185547662793,0.8373753227053383,0.9837485543376593
1619.279930901231,0.9999999999999997,0.09181635689712347,0.8373789262305221,0.9837497522254568
1620.289123784741,0.9999999999999997,0.09182007923871396,0.8373816406395924,0.9837499435437828
1621.292165547671,0.9999999999999997,0.09182152913267623,0.837383633854225,0.9837492976529051
1622.300036971871,0.9999999999999997,0.0918205442845024,0.8373868065688609,0.9837500001587001
1623.303063517141,0.9999999999999997,0.09182265140206705,0.8373895826534511,0.9837502653312353
1624.310165564661,0.9999999999999997,0.09182339325380856,0.8373922375995175,0.9837503748691551
1625.3150783922208,0.9999999999999997,0.09182302826521155,0.8373955864751895,0.9837513004884212
1626.3231890522309,0.9999999999999997,0.09182564179472892,0.8373984073323197,0.9837516168324509
1627.332303724041,0.9999999999999997,0.09182477622417934,0.837401656111536,0.9837524303409668
1628.334265386861,0.9999999999999997,0.09182524223568814,0.8374052559930566,0.9837536895364164
1629.339304556411,0.9999999999999997,0.09182789993900951,0.8374078679645376,0.9837538012155901
1630.343320957511,0.9999999999999997,0.09182820613016979,0.8374106716586566,0.9837541290987326
1631.3483902084909,0.9999999999999997,0.09182803285539665,0.8374140917274708,0.9837551739204896
1632.355296195901,0.9999999999999997,0.09182902691041148,0.837417431360339,0.9837561340431235
1633.3614781057108,0.9999999999999997,0.09183050378591179,0.8374204019019954,0.9837566714022571
1634.369514446901,0.9999999999999997,0.09183311259957772,0.8374225515668428,0.9837562344720574
1635.374538752691,0.9999999999999997,0.09183216728931394,0.8374257241027929,0.9837569865962602
1636.377578746121,0.9999999999999997,0.09183098212789276,0.8374299167170085,0.9837589508558652
1637.3786779567909,0.9999999999999997,0.09183249881797823,0.837433635829354,0.9837604002965725
1638.381666634851,0.9999999999999997,0.09183490609141925,0.8374363490590917,0.9837606795003064
1639.3868785071709,0.9999999999999997,0.09183402902235187,0.8374398158207279,0.9837618224036246
1640.395753589281,0.9999999999999997,0.0918365934328574,0.8374427001025125,0.983762282483189
1641.3978083275608,0.9999999999999997,0.09183857108663698,0.8374448329162243,0.9837618703874359
1642.397838055091,0.9999999999999997,0.09183653915614053,0.8374481539853602,0.9837628320067512
1643.403850093321,0.9999999999999997,0.09183763633162047,0.8374519566357989,0.9837643513295675
1644.4120513515008,0.9999999999999997,0.09184034986949373,0.8374545961475733,0.9837645191338552
1645.4229613535408,0.9999999999999997,0.09184143055240913,0.8374570822228687,0.9837644835820897
1646.423038503551,0.9999999999999997,0.09184152955537896,0.8374600899658619,0.983765078128266
1647.425002643661,0.9999999999999997,0.09184240291199082,0.8374630707336729,0.9837656359997979
1648.429074960821,0.9999999999999997,0.09184262583239539,0.8374663784444654,0.9837665742782095
1649.432162376731,0.9999999999999997,0.09184275153979644,0.8374699029055892,0.983767777918122
1650.4391058774509,0.9999999999999997,0.09184501434598294,0.8374724859509368,0.9837678717060718
1651.442183384181,0.9999999999999997,0.09184456953410053,0.8374757300162565,0.9837687426156129
1652.4492026193109,0.9999999999999997,0.0918438634081072,0.8374798286097874,0.9837706133374193
1653.459248045801,0.9999999999999997,0.09184714998959558,0.837482651488182,0.9837710065885218
1654.461273056561,0.9999999999999997,0.0918451039455029,0.8374863942668148,0.9837724886948789
1655.466334521761,0.9999999999999997,0.0918485692018858,0.8374892818530436,0.9837729795420869
1656.466730534871,0.9999999999999997,0.09184896257589026,0.8374919762983755,0.983773243609556
1657.471453672511,0.9999999999999997,0.09184905954217387,0.8374952297999342,0.983774139218271
1658.472427602891,0.9999999999999997,0.09184951046952487,0.8374986343793641,0.9837752264937709
1659.472997734371,0.9999999999999997,0.09185195588377926,0.8375013251586916,0.9837754849405633
1660.4745283480609,0.9999999999999997,0.09185260745866874,0.8375040125805878,0.9837757252610086
1661.478741870971,0.9999999999999997,0.09185391155267532,0.8375065205293573,0.9837757340319221
1662.4866048015908,0.9999999999999997,0.09185329890934568,0.8375096949564873,0.98377649893988
1663.492702483411,0.9999999999999997,0.0918521714271113,0.8375137788199388,0.9837783434223416
1664.497684321311,0.9999999999999997,0.09185364042281265,0.8375173693949463,0.9837796418848037
1665.503728564361,0.9999999999999997,0.09185470082868105,0.8375205383338865,0.9837804526726837
1666.509740602591,0.9999999999999997,0.09185442014055151,0.8375242491701689,0.9837818998384097
1667.513825660121,0.9999999999999997,0.09185654675105626,0.8375272079256129,0.9837824830452105
1668.514847366881,0.9999999999999997,0.09185734752553869,0.8375299975055384,0.9837828660256756
1669.517845246321,0.9999999999999997,0.09185726436632162,0.837533318760376,0.9837838569572253
1670.5249044720408,0.9999999999999997,0.09185874264691353,0.8375361189494793,0.9837842227906387
1671.527964283821,0.9999999999999997,0.09185890331493289,0.8375392912105607,0.9837850308523712
1672.528995191961,0.9999999999999997,0.09186048153582117,0.8375421006478833,0.9837854202068053
1673.529039783251,0.9999999999999997,0.09186178974281657,0.8375446309170553,0.9837854754486782
1674.5320528803409,0.9999999999999997,0.0918631357515028,0.8375470030265376,0.9837853229859715
1675.541115528981,0.9999999999999997,0.09186412024916207,0.8375493450460316,0.983785101300839
1676.5433167815008,0.9999999999999997,0.09186245766135931,0.8375526916719177,0.9837860599120691
1677.549193630271,0.9999999999999997,0.09186226159002618,0.8375565895289308,0.9837876662661533
1678.557237049451,0.9999999999999997,0.09186140214381669,0.8375610867837494,0.9837900014150818
1679.562289667171,0.9999999999999997,0.09186201152782393,0.837565362789854,0.983792123891803
1680.562336027951,0.9999999999999997,0.09186459770451452,0.8375683634351246,0.9837927905240647
1681.564566300201,0.9999999999999997,0.09186710763920165,0.837570396156904,0.9837922999836595
1682.567477828251,0.9999999999999997,0.09186775225107498,0.837572696650904,0.983792087034105
1683.5678511918209,0.9999999999999997,0.09186865997566644,0.8375751510356256,0.9837920390687173
1684.569671294991,0.9999999999999997,0.09186632245004872,0.8375790626390732,0.9837936809674833
1685.579485625361,0.9999999999999997,0.09186769784948232,0.8375826498076492,0.9837949462880833
1686.587541431001,0.9999999999999997,0.0918685123126781,0.8375858908956539,0.9837958226190929
1687.594561727821,0.9999999999999997,0.0918684906405977,0.8375893760740266,0.9837969910627137
1688.598629090401,0.9999999999999997,0.09186902505550354,0.8375928957767212,0.9837982170811356
1689.602649738291,0.9999999999999997,0.09187006056934234,0.837596093695225,0.9837990736139628
1690.6066742790708,0.9999999999999997,0.09187082291162493,0.8375991679041119,0.9837997828918899
1691.6097599254908,0.9999999999999997,0.09187269197805248,0.8376016879916678,0.983799838310779
1692.615790366471,0.9999999999999997,0.09187122027370442,0.8376052509126732,0.9838010901407483
1693.623885808821,0.9999999999999997,0.09187427473849674,0.8376078871050261,0.9838012635747627
1694.626869886191,0.9999999999999997,0.09187408389129165,0.8376105411047214,0.9838014529845044
1695.631897377071,0.9999999999999997,0.09187326712920862,0.8376141904618535,0.9838027937156507
1696.640936314471,0.9999999999999997,0.09187420058925848,0.8376175722993804,0.9838038247689819
1697.642966279811,0.9999999999999997,0.09187487673402565,0.8376207840070197,0.9838046827045084
1698.649085549481,0.9999999999999997,0.09187503376178983,0.8376241978896486,0.9838057693777894
1699.657039786081,0.9999999999999997,0.09187664546853364,0.8376269503108773,0.9838060740179252
1700.661094762181,0.9999999999999997,0.09187678912602763,0.8376300852484356,0.9838068316139125
1701.667114586201,0.9999999999999997,0.09187643830062654,0.8376337713179983,0.9838082376877727
1702.6711890267509,0.9999999999999997,0.09187772292415053,0.8376367500363742,0.9838088196779795
1703.6732034205409,0.9999999999999997,0.09187904835387072,0.8376394409154772,0.983809064652363
1704.673243411141,0.9999999999999997,0.09187938502551318,0.8376423627558286,0.983809576582074
1705.6784499749708,0.9999999999999997,0.0918797785301705,0.8376454014667587,0.9838102054611344
1706.6823272937208,0.9999999999999997,0.0918805854653415,0.8376481709159177,0.9838105154345713
1707.686367406061,0.9999999999999997,0.09187842821784062,0.8376522337800607,0.9838123382742802
1708.686418367541,0.9999999999999997,0.09188010507480457,0.8376559671041253,0.9838138187008424
1709.6874765259008,0.9999999999999997,0.09188144337254314,0.837658876860128,0.9838143420520374
1710.695546487511,0.9999999999999997,0.09188281482209112,0.8376614385496685,0.983814425665731
1711.6966821497808,0.9999999999999997,0.09188275560776545,0.83766440152097,0.9838149841102369
1712.698558169011,0.9999999999999997,0.09188302272679295,0.8376675774717296,0.9838157861970688
1713.703747391791,0.9999999999999997,0.0918823471350154,0.8376712846395382,0.9838172048265726
1714.705658800941,0.9999999999999997,0.09188360677711929,0.8376744961547807,0.9838180658318637
1715.709707760761,0.9999999999999997,0.09188330951135304,0.8376780830757832,0.9838193635598528
1716.709859583481,0.9999999999999997,0.09188454081276268,0.8376812602169715,0.983820200412503
1717.713891202241,0.9999999999999997,0.0918855322892852,0.8376841251771576,0.9838206568117117
1718.723864787211,0.9999999999999997,0.09188469471876295,0.83768775911959,0.9838219903502015
1719.734815133751,0.9999999999999997,0.09188618956269658,0.8376908569442283,0.9838227007864817
1720.7378738838308,0.9999999999999997,0.09188619984254895,0.8376940960309334,0.9838235954844218
1721.740982179791,0.9999999999999997,0.09188827764710403,0.8376966658913617,0.9838237055440551
1722.744178950541,0.9999999999999997,0.09188930030447727,0.8376989564333955,0.9838234655607871
1723.749536629301,0.9999999999999997,0.091887710952861,0.8377024358608121,0.9838245957752723
1724.750076325451,0.9999999999999997,0.09188898826295998,0.8377056543291715,0.9838254462870981
1725.753044123461,0.9999999999999997,0.09188587043642595,0.8377101645941202,0.9838278045974269
1726.757096976181,0.9999999999999997,0.09188748287256593,0.8377142485186014,0.9838297027563044
1727.765182509351,0.9999999999999997,0.09189040261269445,0.8377167169248064,0.9838297122775715
1728.7712033950609,0.9999999999999997,0.09189317941262289,0.8377181913300867,0.9838285317139247
1729.781235727281,0.9999999999999997,0.09189076505185127,0.8377211522420475,0.9838290360375822
1730.7913200826708,0.9999999999999997,0.09189097158838991,0.8377247724300025,0.9838303154919834
1731.796606273811,0.9999999999999997,0.09189073303918345,0.8377284616049253,0.9838317054547462
1732.804356310621,0.9999999999999997,0.09189199766762399,0.8377316722576739,0.9838325429740125
1733.812226673121,0.9999999999999997,0.09189416657750665,0.8377339790458417,0.9838323174438481
1734.813416481961,0.9999999999999997,0.09189209070186871,0.8377372210220873,0.983833183277692
1735.8214623784309,0.9999999999999997,0.09189309098397191,0.8377408092614517,0.9838344413127688
1736.827497774011,0.9999999999999997,0.09189377235360514,0.8377440132704365,0.9838352684252233
1737.8305579396908,0.9999999999999997,0.09189512791566369,0.8377467688962733,0.9838355801261806
1738.8385857873009,0.9999999999999997,0.0918942724491774,0.8377500534892577,0.9838364881536686
1739.838594634781,0.9999999999999997,0.09189500793561083,0.837753318479504,0.9838374001278712
1740.843677687821,0.9999999999999997,0.09189619912770744,0.837756109913023,0.9838377431892129
1741.845695266701,0.9999999999999997,0.09189700219599377,0.8377587815413301,0.9838379429332763
1742.8507531929108,0.9999999999999997,0.09189745260066985,0.8377615538740246,0.9838382418719028
1743.850779027541,0.9999999999999997,0.091897643077574,0.83776446477804,0.9838387112563334
1744.8598250429209,0.9999999999999997,0.09189832159371329,0.8377673713130883,0.9838391466201285
1745.867839442371,0.9999999999999997,0.09189976924355946,0.8377697609879702,0.9838389726261123
1746.8739088122609,0.9999999999999997,0.09189971837252986,0.8377724384063543,0.9838391270295656
1747.874914593561,0.9999999999999997,0.09190092829033138,0.837774874423685,0.9838390073184495
1748.8829845551709,0.9999999999999997,0.09189733881168857,0.837778937887204,0.983840759215898
1749.8880060297608,0.9999999999999997,0.09189876634679871,0.8377828015370316,0.983842328147474
1750.897058415331,0.9999999999999997,0.09189918978207413,0.8377862542227442,0.9838434246412295
1751.905062551701,0.9999999999999997,0.09190065009828069,0.8377892004617833,0.9838439413515305
1752.907599654481,0.9999999999999997,0.09190088620062609,0.837792130593863,0.9838444464505616
1753.9121791090809,0.9999999999999997,0.0919014482966434,0.8377950515922492,0.9838449259166883
1754.913216387401,0.9999999999999997,0.09190204538850529,0.8377978883579251,0.9838453110943076
1755.921215923081,0.9999999999999997,0.09190218889403019,0.83780096554808,0.9838459549618764
1756.923308528571,0.9999999999999997,0.0919022329917871,0.8378041632621656,0.9838467582552669
1757.933703607401,0.9999999999999997,0.09190335223888287,0.8378069347038153,0.9838470372979031
1758.942429697971,0.9999999999999997,0.09190366908941788,0.8378098553851666,0.9838474899796493
1759.949408942501,0.9999999999999997,0.09190393883733287,0.8378128111081775,0.9838479844292639
1760.955445399771,0.9999999999999997,0.09190448196055907,0.837815659112162,0.98384835234801
1761.961498136401,0.9999999999999997,0.09190386159677516,0.8378190637226828,0.9838493715252837
1762.968553469231,0.9999999999999997,0.0919045908226813,0.8378221957367489,0.9838500781250478
1763.9735597261708,0.9999999999999997,0.09190254659341367,0.8378263727047349,0.9838520196196143
1764.977613286681,0.9999999999999997,0.0919047092241504,0.8378297623837775,0.9838530725825497
1765.979642544231,0.9999999999999997,0.09190481925789264,0.8378328760743817,0.9838538098724917
1766.9806638970808,0.9999999999999997,0.09190518156397896,0.8378360738256843,0.9838546466842251
1767.9827288984409,0.9999999999999997,0.09190643648686675,0.8378388702918357,0.983855009560993
1768.987779038871,0.9999999999999997,0.09190625142391823,0.8378420062326724,0.9838557502452073
1769.9967801090609,0.9999999999999997,0.09190989130819578,0.8378436286827022,0.9838547011560851
1770.996847703791,0.9999999999999997,0.0919074259034872,0.837846366707076,0.9838549405485434
1772.0018582075209,0.9999999999999997,0.0919079134095551,0.8378496281466149,0.9838557794993622
1773.004912003011,0.9999999999999997,0.09190853957644933,0.8378525703083568,0.9838562573282564
1774.010951999281,0.9999999999999997,0.09190928841369785,0.8378552722345339,0.983856441877222
1775.012973824941,0.9999999999999997,0.09190989733926899,0.8378579145543307,0.9838565618246139
1776.015043073091,0.9999999999999997,0.09190834942295409,0.8378614139974794,0.9838576831854443
1777.0160499160909,0.9999999999999997,0.09190922698339113,0.8378647543128009,0.9838586390789108
1778.0191143285608,0.9999999999999997,0.09191011699648405,0.8378675989050515,0.9838590146452741
1779.0231466551209,0.9999999999999997,0.0919110721107926,0.8378701918417714,0.9838590876453207
1780.029201161241,0.9999999999999997,0.09191077538171627,0.8378730805973911,0.9838594903781889
1781.0312077692508,0.9999999999999997,0.09191219148008432,0.8378755909005623,0.98385945785375
1782.033301082541,0.9999999999999997,0.09191086871890727,0.8378789695162336,0.9838604349182724
1783.034272889521,0.9999999999999997,0.09191117802756031,0.8378822897748803,0.9838613598733795
1784.0383862589808,0.9999999999999997,0.09191190035782784,0.8378852628326343,0.9838618769820376
1785.042392043101,0.9999999999999997,0.09191255620305624,0.8378880828474103,0.9838622140586886
1786.046430385951,0.9999999999999997,0.09191183870024786,0.8378915309458937,0.9838632857117476
1787.049462593601,0.9999999999999997,0.09191247972968423,0.8378946752506188,0.9838640134933635
1788.057584578381,0.9999999999999997,0.09191357064015555,0.837897347142141,0.983864172609602
1789.061570544161,0.9999999999999997,0.09191422026807398,0.83789992951522,0.9838642282744003
1790.066586710271,0.9999999999999997,0.09191431068489753,0.8379027745812584,0.9838645774326151
1791.073785018351,0.9999999999999997,0.09191420860757216,0.8379058550628748,0.983865196625703
1792.081666351731,0.9999999999999997,0.09191399753847747,0.837909155363639,0.9838660777011261
1793.084701390571,0.9999999999999997,0.09191399408518593,0.8379124581493961,0.9838669833383419
1794.0878348133708,0.9999999999999997,0.09191422936795182,0.8379156969113232,0.9838678203523148
1795.104922124531,0.9999999999999997,0.09191409897687916,0.8379192123891787,0.9838689493255426
1796.1072490112408,0.9999999999999997,0.09191902062589762,0.8379204485734436,0.9838674550406735
1797.118890522751,0.9999999999999997,0.09191861758772173,0.8379219900170802,0.9838662354617246
1798.1268918279309,0.9999999999999997,0.09191813211858123,0.8379245618200983,0.983866199936122
1799.128923562781,0.9999999999999997,0.09191776320216258,0.8379274741357651,0.9838665791313459
1800.1342837188308,0.9999999999999997,0.09191609273411035,0.8379312599354249,0.9838679823848836
1801.139252462461,0.9999999999999997,0.0919175726844381,0.8379343693094905,0.9838686222127316
1802.144042840931,0.9999999999999997,0.09191768872164703,0.8379373563674828,0.9838691249984729
1803.144200679941,0.9999999999999997,0.09191981556365086,0.8379394674572622,0.9838686146777974
1804.146125183351,0.9999999999999997,0.0919194475766414,0.8379420025834969,0.9838685768246646
1805.153188655871,0.9999999999999997,0.09191802120864631,0.8379453903171231,0.9838695163463395
1806.1591982168009,0.9999999999999997,0.09191939431266949,0.837948453254784,0.9838700938751715
1807.1622513045008,0.9999999999999997,0.091919877739129,0.8379510859982071,0.9838701813672894
1808.164284454941,0.9999999999999997,0.09191945254090257,0.8379541328472261,0.983870753182267
1809.167310292411,0.9999999999999997,0.09191923538060787,0.8379573899355176,0.9838715752675359
1810.1744063236408,0.9999999999999997,0.09192051157165754,0.8379600249538538,0.9838716601473197
1811.183403147041,0.9999999999999997,0.09191924834633308,0.8379632882378555,0.9838724685117739
1812.190423797761,0.9999999999999997,0.09192028744402936,0.8379663917039661,0.9838731082552074
1813.192491630321,0.9999999999999997,0.09192148245939837,0.8379687961791885,0.9838729414341573
1814.200528325411,0.9999999999999997,0.09192055405311539,0.8379719252437601,0.9838735960238264
1815.205565725471,0.9999999999999997,0.09192148353859439,0.8379746632613386,0.9838738047639728
1816.213596758171,0.9999999999999997,0.0919207424483199,0.8379779667034465,0.9838746658537456
1817.214639344981,0.9999999999999997,0.09192134524064961,0.8379810822917909,0.9838753393068218
1818.214866548211,0.9999999999999997,0.09192119927192391,0.8379842519380118,0.9838760826464636
1819.2207412735909,0.9999999999999997,0.09192284796143732,0.8379868237894789,0.9838761137672398
1820.2238279817009,0.9999999999999997,0.09192608114666023,0.837988163926752,0.9838746992764641
1821.223836829181,0.9999999999999997,0.09192619633286654,0.8379895838657966,0.9838733463331855
1822.2288232677708,0.9999999999999997,0.09192597384934204,0.8379916836770175,0.9838727283632687
1823.232949377591,0.9999999999999997,0.09192283204736422,0.8379954447930568,0.983874052145706
1824.238904438071,0.9999999999999997,0.09192349014222415,0.8379990713793637,0.9838752514800428
1825.2409669621309,0.9999999999999997,0.09192447596266909,0.8380019556055578,0.9838756185516606
1826.2479968142309,0.9999999999999997,0.09192880987124054,0.8380028954638628,0.983873687289111
1827.257146168151,0.9999999999999997,0.09192501723215663,0.8380055896575047,0.9838737567938005
1828.2661168030209,0.9999999999999997,0.09192773641307245,0.8380079196285968,0.9838734083443761
1829.2741527903108,0.9999999999999997,0.09192492142021974,0.8380111874856069,0.9838741496342819
1830.2842810292009,0.9999999999999997,0.09192764718399203,0.8380137105032073,0.9838740356749521
1831.294193743521,0.9999999999999997,0.09192771096369858,0.8380160066717814,0.9838736498081645
1832.295301801661,0.9999999999999997,0.09192677108598145,0.838018965709584,0.9838740594442617
1833.3032408206009,0.9999999999999997,0.0919262790498819,0.8380222743525387,0.9838748696483154
1834.3123477066208,0.9999999999999997,0.09192671486137347,0.8380253311297637,0.9838754012574817
1835.313407280581,0.9999999999999997,0.09192676005153974,0.8380283931212701,0.9838759708814591
1836.318248620531,0.9999999999999997,0.091927214040738,0.838031233584438,0.9838762741901985
1837.321095385041,0.9999999999999997,0.0919272188394128,0.8380343282625144,0.9838768879571159
1838.3304899910609,0.9999999999999997,0.09192976112922675,0.8380362237995899,0.9838760770492814
1839.331475600101,0.9999999999999997,0.09192964274185657,0.8380382478577787,0.9838754133475587
1840.335645947321,0.9999999999999997,0.09192910058930938,0.8380409944430502,0.9838755709515914
1841.343589920841,0.9999999999999997,0.09193077679845016,0.8380431841618713,0.9838750670745099
1842.344475022541,0.9999999999999997,0.09193091604802586,0.8380452684385159,0.9838744462528004
1843.3456457208208,0.9999999999999997,0.09193044416450884,0.8380478150847754,0.9838743555040586
1844.350149441011,0.9999999999999997,0.09193003643150724,0.8380506963648331,0.9838746480106895
1845.351841786601,0.9999999999999997,0.09192986470038449,0.8380537584694246,0.9838751690993073
1846.3568420272509,0.9999999999999997,0.09192953791258003,0.8380568652746384,0.9838757456817121
1847.359883082381,0.9999999999999997,0.09193072081209208,0.8380594856797252,0.9838757723580164
1848.359931212661,0.9999999999999997,0.09193113325484677,0.8380619955488335,0.9838756767574255
1849.3689152956908,0.9999999999999997,0.09193116217891831,0.8380646903334247,0.9838757673245276
1850.3740061345209,0.9999999999999997,0.0919311862930054,0.8380675008342081,0.9838760080625067
1851.381994345431,0.9999999999999997,0.09193120853113133,0.8380703654926699,0.9838763055050846
1852.3844787172509,0.9999999999999997,0.09193147984170039,0.8380730886171942,0.9838764555840691
1853.391093091781,0.9999999999999997,0.0919317362152604,0.8380758379405038,0.9838766250709866
1854.3971111463009,0.9999999999999997,0.09193147359042188,0.838078909314946,0.9838771821411125
1855.4011233006108,0.9999999999999997,0.09193154446217681,0.8380818119572394,0.9838775480342161
1856.409169197081,0.9999999999999997,0.09193224987446447,0.8380844165209226,0.9838775533539929
1857.4142710067708,0.9999999999999997,0.09193195526863478,0.8380874121179961,0.9838780257778124
1858.4162404553708,0.9999999999999997,0.09193256001016019,0.8380900397808042,0.9838780779123457
1859.416345917311,0.9999999999999997,0.09193260611642443,0.8380927717035026,0.9838782556210047
1860.419385202941,0.9999999999999997,0.09193265975953847,0.8380955822281945,0.98387851677176
1861.4233739999108,0.9999999999999997,0.091934300927343,0.8380976898011004,0.9838779500002663
1862.4339155929708,0.9999999999999997,0.0919322947301363,0.8381008557158695,0.9838785871797939
1863.4344528118309,0.9999999999999997,0.09193406471391587,0.8381034573369011,0.983878607589739
1864.435484427761,0.9999999999999997,0.09193345255501038,0.8381062311027543,0.9838788242002535
1865.4405299675009,0.9999999999999997,0.09193512339079214,0.8381084278200739,0.9838783533349128
1866.445602403571,0.9999999999999997,0.0919334996388579,0.8381113767952044,0.9838787495976151
1867.448610546081,0.9999999999999997,0.09193495877865059,0.8381140225145713,0.9838788062020624
1868.4496276521509,0.9999999999999997,0.09193518488482338,0.83811643639793,0.9838785932724387
1869.455689590161,0.9999999999999997,0.09193609072476273,0.8381185972206989,0.9838780608861551
1870.457712477521,0.9999999999999997,0.09193527422766176,0.8381213667600624,0.9838782440401271
1871.4648063853608,0.9999999999999997,0.09193528982600942,0.8381242126003524,0.9838785056544477
1872.468780318571,0.9999999999999997,0.09193772878413702,0.8381259061664592,0.9838774280507626
1873.472798843061,0.9999999999999997,0.09193691400736817,0.8381281688892154,0.9838769937425135
1874.4788462712108,0.9999999999999997,0.09193529563383758,0.8381314820444069,0.983877783370526
1875.4877231228108,0.9999999999999997,0.09193716474575275,0.838134096242208,0.9838777635050929
1876.5215551707809,0.9999999999999997,0.09193461290673828,0.8381374301255488,0.9838785078708621
1877.530167659741,0.9999999999999997,0.09193793891923813,0.8381397502638409,0.9838781650472416
1878.5329563848009,0.9999999999999997,0.09193900293999928,0.8381412408732615,0.9838768495297703
1879.538084029131,0.9999999999999997,0.09193699191938277,0.838144038866385,0.983877031328619
1880.5441742790708,0.9999999999999997,0.09193799057693791,0.8381466362106437,0.9838769841625674
1881.5462371570309,0.9999999999999997,0.09193860351232444,0.8381488622733699,0.9838765142356342
1882.557266776971,0.9999999999999997,0.09193614717429077,0.8381524095616054,0.9838775618135405
1883.5662565223909,0.9999999999999997,0.09193761653707745,0.8381553182040379,0.9838778935354179
1884.5702686767008,0.9999999999999997,0.09193870908249911,0.8381575295013156,0.9838774270354886
1885.575319878831,0.9999999999999997,0.0919388021902127,0.8381598557927736,0.9838770795423665
1886.582336636661,0.9999999999999997,0.09193663343329936,0.8381633318122002,0.9838780705850322
1887.587460388101,0.9999999999999997,0.09193863355130714,0.8381659305533119,0.9838780621690526
1888.5874727745709,0.9999999999999997,0.09193742164864752,0.8381689703649591,0.9838785816627545
1889.5954719563608,0.9999999999999997,0.09193778591157037,0.8381719831541168,0.983879057435513
1890.606944304101,0.9999999999999997,0.09193987991721082,0.8381739066710618,0.9838782462268134
1891.611555963511,0.9999999999999997,0.09194122685126317,0.838175460112788,0.9838769986771614
1892.621590773031,0.9999999999999997,0.09194138624852576,0.838177317976058,0.9838760628887939
1893.623692579901,0.9999999999999997,0.09194159936602248,0.8381793238067671,0.9838753053414389
1894.626735050621,0.9999999999999997,0.09194208254502541,0.838181279580368,0.9838744774383584
1895.627125755251,0.9999999999999997,0.09194276891860932,0.8381831210490466,0.9838735169178401
1896.634757589751,0.9999999999999997,0.09193825822479315,0.8381869038700719,0.9838747917393449
1897.641788149651,0.9999999999999997,0.09194085463406033,0.8381902456713116,0.9838755987163676
1898.6458420640608,0.9999999999999997,0.09194083730360537,0.8381926785974945,0.9838753755353723
1899.648875687301,0.9999999999999997,0.0919399196112215,0.8381956336887464,0.983875763433481
1900.656375517431,0.9999999999999997,0.0919424940167549,0.8381976087966462,0.9838749998053501
1901.656971483551,0.9999999999999997,0.09194313620265682,0.8381992985734419,0.9838739024289409
1902.6620347182409,0.9999999999999997,0.09194251467493252,0.8382016414878899,0.9838735338613936
1903.6680456947809,0.9999999999999997,0.09194159331331683,0.8382045686093584,0.9838738492344467
1904.673066815481,0.9999999999999997,0.09194304287764048,0.8382067116298687,0.9838732555509375
1905.6801210866108,0.9999999999999997,0.09194387662612816,0.8382085847711429,0.9838723317563853
1906.682141496681,0.9999999999999997,0.0919422677053528,0.838211391094696,0.9838725040660974
1907.691189989361,0.9999999999999997,0.09194433324788204,0.8382133927085273,0.9838717232983836
1908.699216775271,0.9999999999999997,0.0919444657796529,0.8382153173655682,0.9838708420382195
1909.7072669185309,0.9999999999999997,0.09194350565200131,0.8382179976110813,0.9838708371321593
1910.716253832761,0.9999999999999997,0.09194312156146238,0.8382209193891824,0.9838711241567053
1911.718396338021,0.9999999999999997,0.09194350251222054,0.8382235984943723,0.9838711608672872
1912.726307045031,0.9999999999999997,0.09194393633861546,0.8382260091142741,0.9838708715435598
1913.7324263146909,0.9999999999999997,0.09194423067394328,0.8382283343113573,0.9838704835635231
1914.742461478111,0.9999999999999997,0.09194436857354772,0.8382307256043043,0.98387015829037
1915.746700835661,0.9999999999999997,0.09194352492844697,0.8382336683846994,0.9838705006579631
1916.752579100021,0.9999999999999997,0.091944106351338,0.838236275332319,0.9838704548066372
1917.760588898781,0.9999999999999997,0.09194520653407257,0.8382383617386954,0.9838697918443529
1918.764624056541,0.9999999999999997,0.09194540919181714,0.8382405062582152,0.9838691971469409
1919.766132020681,0.9999999999999997,0.09194568250252552,0.8382426545628034,0.9838686044645786
1920.772660043831,0.9999999999999997,0.0919460226704158,0.8382447755355726,0.9838679581140057
1921.772787093611,0.9999999999999997,0.09194664228797791,0.8382466862817457,0.9838670750141081
1922.7757725865808,0.9999999999999997,0.0919465886015817,0.8382489350081282,0.9838665753278382
1923.775813992781,0.9999999999999997,0.091946056865819,0.8382515075500904,0.983866466651584
1924.7758699088408,0.9999999999999997,0.09194527805948242,0.8382544937896768,0.983866852514939
1925.782896221951,0.9999999999999997,0.09194712913123569,0.8382565559449523,0.9838661460378063
1926.786930318001,0.9999999999999997,0.09194670175838207,0.8382587929891492,0.9838656429611011
1927.787032948751,0.9999999999999997,0.09194720754546701,0.8382609160039616,0.9838650135011203
1928.797035553441,0.9999999999999997,0.09194776376746787,0.8382629218886432,0.9838642097375643
1929.8020481805609,0.9999999999999997,0.09194735692629082,0.838265330422293,0.9838638892026856
1930.807055499201,0.9999999999999997,0.09194768319023122,0.8382675781634678,0.9838633809810005
1931.814121802911,0.9999999999999997,0.09194756643312492,0.8382700062998447,0.9838630785615623
1932.815154126641,0.9999999999999997,0.09194801777359396,0.8382722048539831,0.9838625268852599
1933.816298636391,0.9999999999999997,0.0919483215482214,0.8382743602798441,0.9838619213711451
1934.821205447671,0.9999999999999997,0.09194742174191262,0.8382771279793395,0.983862024534795
1935.828287676841,0.9999999999999997,0.09194732420281723,0.8382799076850168,0.9838621456968479
1936.838312223281,0.9999999999999997,0.09194753452588339,0.8382824863283347,0.9838620321181424
1937.8473713329308,0.9999999999999997,0.09194797278215097,0.8382848247049751,0.9838616417835243
1938.8494161620408,0.9999999999999997,0.09194820589666029,0.8382871541593089,0.9838612602378234
1939.8584458980608,0.9999999999999997,0.09194814301933964,0.8382896296889624,0.9838610278207178
1940.862784347361,0.9999999999999997,0.0919479680250764,0.8382922057532691,0.983860929652563
1941.864616836991,0.9999999999999997,0.09194805463758843,0.838294784273234,0.983860846553582
1942.8734816560209,0.9999999999999997,0.09194801579824195,0.8382973978155325,0.983860788099502
1943.875570014721,0.9999999999999997,0.0919484945187165,0.8382997622178431,0.98386045973785
1944.878836503591,0.9999999999999997,0.09195034541246504,0.8383013459879469,0.9838592103139646
1945.884807843431,0.9999999999999997,0.09194991915049552,0.838303269250352,0.9838583250919962
1946.889738365951,0.9999999999999997,0.09195024141310026,0.8383053240552417,0.9838575858230006
1947.899941631451,0.9999999999999997,0.09195086298033493,0.838307198399839,0.983856611794792
1948.9057951228808,0.9999999999999997,0.09195051096156628,0.8383094496449909,0.9838560875421328
1949.9087983108009,0.9999999999999997,0.0919515501610592,0.8383112684114333,0.983855064938924
1950.908963227791,0.9999999999999997,0.0919491702330832,0.8383142372168598,0.9838553914720437
1951.909138761751,0.9999999999999997,0.09195039554178759,0.8383167265455606,0.9838551770671897
1952.912085679721,0.9999999999999997,0.09195160444262657,0.8383184705573102,0.9838540829126042
1953.912196450141,0.9999999999999997,0.09195236671038907,0.8383200420875025,0.983852782364616
1954.9190224563508,0.9999999999999997,0.0919542935057092,0.838320886130264,0.983850586466528
1955.929114597521,0.9999999999999997,0.09195175639133359,0.838323208310628,0.9838500808256917
1956.935174412131,0.9999999999999997,0.09195278518777344,0.8383253909532119,0.983849436411282
1957.9413255327208,0.9999999999999997,0.09195293962866957,0.8383273750921559,0.9838485628932371
1958.945198958581,0.9999999999999997,0.09195224785431882,0.8383297027517317,0.9838480986945918
1959.953212296331,0.9999999999999997,0.09195321013926135,0.8383316931900358,0.98384723373478
1960.9613293265209,0.9999999999999997,0.09195217092422285,0.8383342581943249,0.9838470424487388
1961.972336650811,0.9999999999999997,0.09195253130935417,0.8383366853999232,0.9838466927480388
1962.973264220411,0.9999999999999997,0.09195415675100285,0.8383383622213979,0.9838455015192128
1963.976411091371,0.9999999999999997,0.09195148697687475,0.8383410120034498,0.9838454283072496
1964.983432803791,0.9999999999999997,0.09195414273480981,0.838343132656127,0.9838447392915305
1965.9874007207109,0.9999999999999997,0.0919530088793849,0.8383451864597666,0.9838439798057129
1966.992554553581,0.9999999999999997,0.09195291645736446,0.8383476878525506,0.9838437390078796
1967.998523062221,0.9999999999999997,0.09195423788870104,0.8383494419686562,0.9838426224696334
1969.0100063808309,0.9999999999999997,0.09195336431201652,0.8383517333622663,0.9838421100786265
1970.0147995905008,0.9999999999999997,0.09195302624037717,0.8383543396702109,0.983841993641257
1971.024660281651,0.9999999999999997,0.09195243585032782,0.8383572111031433,0.9838421887362732
1972.029760321851,0.9999999999999997,0.09195316182711535,0.8383595593324262,0.9838417968902861
1973.039742754301,0.9999999999999997,0.09195422051049908,0.8383614722548344,0.9838408792466595
1974.0417536090908,0.9999999999999997,0.0919536757213824,0.8383638697542286,0.983840548219697
1975.0518765394909,0.9999999999999997,0.09195426410278648,0.8383659520366903,0.9838398220614182
1976.0619060405209,0.9999999999999997,0.09195464646062451,0.8383678843513974,0.9838389128743634
1977.063892476281,0.9999999999999997,0.09195348821434424,0.8383705299780286,0.9838388623976264
1978.064994518131,0.9999999999999997,0.09195354674344605,0.8383730265357892,0.9838386487144817
1979.074976950581,0.9999999999999997,0.09195396342105999,0.8383753385583745,0.9838381974967494
1980.076005735321,0.9999999999999997,0.09195424549805714,0.8383775639373239,0.9838376727833246
1981.0770408902408,0.9999999999999997,0.09195438121226124,0.8383797759834998,0.9838371311353652
1982.0820835987909,0.9999999999999997,0.09195460860192747,0.8383819112942759,0.9838364804479319
1983.082161456591,0.9999999999999997,0.09195483486830233,0.8383840360567446,0.9838358329748557
1984.090186826911,0.9999999999999997,0.09195497244113322,0.8383862260581031,0.9838352362477111
1985.100254549051,0.9999999999999997,0.09195501330214656,0.8383884723228741,0.9838346982168555
1986.1112194054508,0.9999999999999997,0.09195511602589083,0.8383906746038748,0.9838341039977654
1987.1182683681009,0.9999999999999997,0.09195537202226886,0.8383927540733126,0.9838333736114148
1988.1184212525209,0.9999999999999997,0.0919555891082871,0.8383948460376672,0.9838326800391844
1989.120405918781,0.9999999999999997,0.09195536409181307,0.8383972602124443,0.9838323640468493
1990.1204752830108,0.9999999999999997,0.0919551977005852,0.8383996377686421,0.983832011099205
1991.126358148061,0.9999999999999997,0.09195567956220614,0.8384016721132961,0.9838312370909916
1992.128474110891,0.9999999999999997,0.09195622358149134,0.838403587597261,0.9838303303208784
1993.131512688731,0.9999999999999997,0.09195678654979283,0.8384053804349841,0.9838292697096654
1994.132577571181,0.9999999999999997,0.09195510659226737,0.838408208084314,0.9838294263239855
1995.1426045949208,0.9999999999999997,0.09195556894456076,0.8384107258498448,0.983829207610691
1996.147691540851,0.9999999999999997,0.09195591811998052,0.8384129457533022,0.9838286609657594
1997.150695790471,0.9999999999999997,0.09195644448556214,0.8384149341688695,0.9838278459596765
1998.160722460311,0.9999999999999997,0.09195728165328618,0.8384166446226309,0.9838266747935488
1999.1697500729308,0.9999999999999997,0.09195649989247953,0.8384189897389652,0.9838262436981013
2000.1758459852608,0.9999999999999997,0.09195671907063473,0.838421183811494,0.983825648148472
2001.1798269964509,0.9999999999999997,0.09195663757555267,0.8384235101643305,0.9838252175646257
2002.183881618651,0.9999999999999997,0.09195645322824292,0.838425900317203,0.9838248638981854
2003.191922206631,0.9999999999999997,0.09195962067184167,0.8384268077724951,0.9838227593794073
2004.1939712825308,0.9999999999999997,0.09196071864087406,0.8384273771645113,0.9838202395872222
2005.196056810041,0.9999999999999997,0.0919597757748105,0.8384288115823838,0.9838186968709751
2006.205984742021,0.9999999999999997,0.09195791862293962,0.8384313302351333,0.9838183918886932
2007.206078171391,0.9999999999999997,0.09195760594731903,0.8384340756707098,0.9838184092586348
2008.216094578151,0.9999999999999997,0.09195934076815623,0.8384358945481118,0.9838173277045642
2009.217118762201,0.9999999999999997,0.09195958201948837,0.838437473524281,0.9838159852434398
2010.222235081771,0.9999999999999997,0.09195819828238457,0.8384399186676076,0.9838156381118002
2011.2282064216008,0.9999999999999997,0.09195928608722408,0.8384419509028752,0.9838148180928932
2012.234259158231,0.9999999999999997,0.09195943984722561,0.8384438125039868,0.9838137967874513
2013.235305991831,0.9999999999999997,0.09195890227863818,0.8384460869046276,0.9838132748586682
2014.236324513491,0.9999999999999997,0.0919578144945507,0.8384488937421813,0.9838133885411294
2015.2384372912309,0.9999999999999997,0.09195883232523686,0.8384509859910618,0.9838126747497414
2016.241396595661,0.9999999999999997,0.0919595134426796,0.8384528188883108,0.9838116513431605
2017.247473751331,0.9999999999999997,0.09195994221329944,0.8384545421922909,0.9838104807284888
2018.253477295991,0.9999999999999997,0.09195837947541284,0.8384570298498749,0.9838101995424363
2019.2565438318509,0.9999999999999997,0.09195948664812077,0.8384591905207631,0.9838095572359773
2020.2634636213209,0.9999999999999997,0.09196034251402102,0.8384607976128629,0.9838082522450442
2021.264626533831,0.9999999999999997,0.09195976299328538,0.8384628293364216,0.9838074517417248
2022.272655089241,0.9999999999999997,0.0919601479196318,0.8384648686057533,0.9838066392743856
2023.2768395924209,0.9999999999999997,0.09195856852880258,0.8384676223464161,0.9838066778989351
2024.277927832211,0.9999999999999997,0.09195856290379921,0.8384703328953692,0.9838066957836399
2025.287774013501,0.9999999999999997,0.09196008140112917,0.838472213795704,0.9838057265457844
2026.292797965391,0.9999999999999997,0.09196108528538716,0.8384736178377572,0.983804202228961
2027.295899183371,0.9999999999999997,0.09196056621410512,0.8384755659997137,0.9838033032626342
2028.304872649431,0.9999999999999997,0.09196160458663835,0.8384770734250427,0.9838018642288221
2029.3078949479109,0.9999999999999997,0.09196107939957616,0.8384790061075864,0.9838009303630318
2030.3089605381608,0.9999999999999997,0.09196118563297943,0.8384808935578909,0.9837999471430933
2031.309997816471,0.9999999999999997,0.09196139408718297,0.838482788012324,0.9837989715361869
2032.3253814572709,0.9999999999999997,0.09196142050947924,0.8384847669768893,0.9837980484407461
2033.3292952276308,0.9999999999999997,0.09196138986527026,0.8384867798303826,0.9837972023356493
2034.333125123901,0.9999999999999997,0.09196134929862822,0.8384888980098064,0.9837964884061492
2035.3381614622608,0.9999999999999997,0.09196130786817971,0.8384910273982383,0.9837957844672283
2036.344213844991,0.9999999999999997,0.09196122912971613,0.8384932131560705,0.9837951477570881
2037.3482490027409,0.9999999999999997,0.09196107365842708,0.8384955063958227,0.9837946525041764
2038.349311761801,0.9999999999999997,0.09196091864740351,0.8384977928465469,0.9837941587174376
2039.3493460900108,0.9999999999999997,0.09196113645724266,0.8384998245258786,0.9837933712012942
2040.354348100161,0.9999999999999997,0.09196136170306228,0.8385018619937117,0.9837925747563191
2041.357395171571,0.9999999999999997,0.09196158042394711,0.8385038478717378,0.9837917223836873
2042.367437766871,0.9999999999999997,0.09196179721792119,0.8385058205868016,0.9837908314663638
2043.3734887340108,0.9999999999999997,0.09196204474394058,0.8385077015063261,0.9837898389557923
2044.382550320951,0.9999999999999997,0.09196230714223617,0.8385095504765551,0.9837887964513254
2045.385527320331,0.9999999999999997,0.09196236195468153,0.8385115374923965,0.9837879370564245
2046.3876029386709,0.9999999999999997,0.09196234573606366,0.8385135741299278,0.9837871393611404
2047.395608136741,0.9999999999999997,0.09196210286641517,0.8385158650505998,0.9837866307116886
2048.405669842591,0.9999999999999997,0.09196179826293438,0.8385182261209323,0.9837862004301134
2049.415732256241,0.9999999999999997,0.09196218330627212,0.8385203053196933,0.9837854427180714
2050.416762102671,0.9999999999999997,0.09196296816161922,0.838522098040986,0.9837843752344791
2051.419855888771,0.9999999999999997,0.09196342154974771,0.8385238093134363,0.9837831962296077
2052.429840798511,0.9999999999999997,0.09196231345549392,0.8385260236285385,0.9837825770777787
2053.434850948341,0.9999999999999997,0.09196173311657056,0.8385284768013779,0.9837822593946088
2054.4399647906107,0.9999999999999997,0.09196412822839754,0.8385300631661444,0.983780937898829
2055.447013399361,0.9999999999999997,0.09196383033201137,0.8385317485267669,0.983779712822993
2056.456970704971,0.9999999999999997,0.09196333024246364,0.8385336985208578,0.9837787799406368
2057.464990059001,0.9999999999999997,0.09196317947484849,0.8385357912109304,0.9837780208136396
2058.4710619061907,0.9999999999999997,0.09196464974999888,0.8385371297197803,0.9837763822718186
2059.472063440691,0.9999999999999997,0.09196419277345583,0.8385388404372698,0.9837751824057108
2060.475196155701,0.9999999999999997,0.09196452510631202,0.8385405426582193,0.9837739609782606
2061.481171388421,0.9999999999999997,0.09196652937053582,0.8385414798888243,0.9837718283317258
2062.483283104461,0.9999999999999997,0.09196510135120321,0.8385428937614763,0.9837702444919989
2063.489262583981,0.9999999999999997,0.09196280867261122,0.8385456736838137,0.9837702377145968
2064.4923567239707,0.9999999999999997,0.09196432897561627,0.8385478998964899,0.9837696244945074
2065.500339980301,0.9999999999999997,0.09196306465359014,0.8385505082673748,0.9837694556556819
2066.509392719761,0.9999999999999997,0.09196682606327351,0.8385515688861185,0.9837674920209203
2067.5164377895208,0.9999999999999997,0.09196621947198916,0.8385526576562566,0.983765535157401
2068.518476956241,0.9999999999999997,0.09196478662753621,0.8385547680585833,0.9837647739349664
2069.520548681691,0.9999999999999997,0.0919649547661963,0.8385568278627595,0.9837639631552786
2070.5315496358007,0.9999999999999997,0.09196406084180858,0.8385593295202651,0.983763651049359
2071.531678808981,0.9999999999999997,0.09196583463594162,0.8385609700422543,0.9837623796335035
2072.533651088771,0.9999999999999997,0.09196476781959492,0.8385630106946244,0.9837615632564396
2073.537649794911,0.9999999999999997,0.09196369182276934,0.8385656666203132,0.9837614693679178
2074.544697695861,0.9999999999999997,0.0919652688048185,0.8385676705148084,0.9837606184510194
2075.5531342969607,0.9999999999999997,0.09196622037275372,0.8385690327936658,0.9837590118962489
2076.553827585331,0.9999999999999997,0.09196534881572276,0.8385706593997274,0.9837577208509747
2077.554839736811,0.9999999999999997,0.0919654098556757,0.838572673832718,0.9837568735594219
2078.557846817631,0.9999999999999997,0.09196577715088447,0.838574500947044,0.9837558033259882
2079.5608677005107,0.9999999999999997,0.09196594979398402,0.8385762954812354,0.9837546939701239
2080.560895304641,0.9999999999999997,0.09196583383405123,0.8385782187490817,0.9837537448732401
2081.562982955541,0.9999999999999997,0.09196548837787379,0.8385803441826049,0.9837530295438233
2082.564009616891,0.9999999999999997,0.09196537872773543,0.838582487463683,0.9837523449943819
2083.5641168483207,0.9999999999999997,0.09196491281151888,0.8385848532995613,0.983751933327096
2084.564313970131,0.9999999999999997,0.09196540099564582,0.8385868250292331,0.9837510654958909
2085.565136077781,0.9999999999999997,0.09196558052713712,0.8385887784735858,0.9837501741127128
2086.567163919731,0.9999999999999997,0.09196492787822562,0.8385911589049819,0.9837497840727557
2087.572203443191,0.9999999999999997,0.09196569877115812,0.8385930530179561,0.9837488193627064
2088.581685462281,0.9999999999999997,0.09196572791481171,0.8385949798654718,0.9837478749904464
2089.585301249581,0.9999999999999997,0.09196692655356926,0.8385963934768601,0.9837463428441998
2090.588317177871,0.9999999999999997,0.09196700486003682,0.8385978686309504,0.9837448684849582
2091.594362128721,0.9999999999999997,0.09196610721482873,0.838599964147374,0.9837441029774271
2092.599381126021,0.9999999999999997,0.09196560666058577,0.8386023264963627,0.9837436617035816
2093.6034155759808,0.9999999999999997,0.09196611250035952,0.8386043568496981,0.9837428457836072
2094.605522337441,0.9999999999999997,0.09196698439771432,0.8386060092861315,0.983741594520944
2095.612582978761,0.9999999999999997,0.09196674660882614,0.838607823925004,0.9837405086554083
2096.620599855501,0.9999999999999997,0.09196671238562369,0.8386097032529503,0.9837394924616583
2097.622595492631,0.9999999999999997,0.09196690065700426,0.838611505754368,0.9837384040033224
2098.623827061561,0.9999999999999997,0.0919668762857131,0.838613436292777,0.9837374696879999
2099.633997768341,0.9999999999999997,0.09196669490982144,0.8386154795502472,0.9837366401490474
2100.641708876251,0.9999999999999997,0.09196669439944966,0.8386174849728513,0.9837357777822867
2101.648745098531,0.9999999999999997,0.09196681144427259,0.8386194453655804,0.9837348655040205
2102.652782733581,0.9999999999999997,0.09196906599470751,0.8386202083796186,0.9837325495643726
2103.657884543271,0.9999999999999997,0.09196872332297847,0.8386214956632603,0.9837308214618776
2104.661866970061,0.9999999999999997,0.09197059613795117,0.8386220206153051,0.9837281841373985
2105.672931979911,0.9999999999999997,0.09196747069337695,0.8386240523185721,0.9837272628089418
2106.683021289891,0.9999999999999997,0.0919686739645028,0.8386260512393677,0.9837263254786391
2107.6849631343607,0.9999999999999997,0.09196749926695903,0.8386282947896176,0.9837257111762189
2108.6910487836108,0.9999999999999997,0.09196709919127949,0.8386308222765606,0.9837254355465554
2109.694045247451,0.9999999999999997,0.09196935439278714,0.8386321577595448,0.9837237916007852
2110.695092081041,0.9999999999999997,0.09196906504098012,0.8386335238504259,0.983722173449151
2111.733823154521,0.9999999999999997,0.09196805875632737,0.8386358353388674,0.9837215369652281
2112.741177178211,0.9999999999999997,0.09197000959762514,0.8386369862392086,0.9837196450545962
2113.745291963261,0.9999999999999997,0.09197138535431269,0.8386375878534875,0.9837171029453268
2114.745566235081,0.9999999999999997,0.09196878355735977,0.8386396520253295,0.9837162602713073
2115.756290086181,0.9999999999999997,0.0919691335682749,0.8386417311352535,0.9837154167837566
2116.761348366291,0.9999999999999997,0.0919692266548927,0.8386436049005356,0.9837143623248873
2117.761385525701,0.9999999999999997,0.09196927497184854,0.8386454207128986,0.9837132610894253
2118.770415969521,0.9999999999999997,0.09196951598093613,0.8386471313341664,0.9837120096078903
2119.7724487660607,0.9999999999999997,0.09197113241913966,0.8386481411530804,0.9837099550063885
2120.776502326561,0.9999999999999997,0.09197161286570556,0.8386490651618206,0.983707774130261
2121.784533005371,0.9999999999999997,0.09197214347717746,0.8386500167727992,0.9837055951897085
2122.786586681961,0.9999999999999997,0.0919683593899258,0.8386527123221145,0.9837054635221573
2123.792602613081,0.9999999999999997,0.0919684672959635,0.838655505312022,0.9837054742135928
2124.793707132231,0.9999999999999997,0.09196761782272388,0.8386582989573561,0.9837055324404653
2125.797676464751,0.9999999999999997,0.0919718776259752,0.8386591629064307,0.9837033475921362
2126.798737100411,0.9999999999999997,0.09197084756200698,0.8386601998457562,0.9837013402132871
2127.807817444001,0.9999999999999997,0.09196771983004022,0.838663122860622,0.9837015017944652
2128.816829131171,0.9999999999999997,0.09197039943874395,0.838664930530121,0.9837003878067115
2129.825850373611,0.9999999999999997,0.09197027939385238,0.8386664448798863,0.9836989268460038
2130.829086781051,0.9999999999999997,0.09196932707074501,0.8386685560855169,0.9836981777116137
2131.836952542871,0.9999999999999997,0.09196854744654528,0.8386710986803477,0.9836979307128564
2132.846957624861,0.9999999999999997,0.09197003087679566,0.8386727666453466,0.9836966665453615
2133.8540646269607,0.9999999999999997,0.09196974156787116,0.8386745753168293,0.9836955702819399
2134.860019333541,0.9999999999999997,0.09197103905734853,0.8386758455418721,0.9836938417158111
2135.865150162971,0.9999999999999997,0.09196952040503077,0.8386778835532531,0.9836930016877652
2136.872107819641,0.9999999999999997,0.09196821744030995,0.8386806461166044,0.9836930153038885
2137.878370064551,0.9999999999999997,0.09197001489957025,0.8386824473265141,0.9836919270472804
2138.889231936311,0.9999999999999997,0.09197314730275614,0.8386826051327431,0.9836888880306848
2139.894248456321,0.9999999999999997,0.09196955476208256,0.8386842108661787,0.983687520120314
2140.904262739691,0.9999999999999997,0.09197132715511563,0.8386861210620696,0.9836864932797935
2141.9123220843308,0.9999999999999997,0.09197029079276943,0.8386880857655383,0.9836855410496637
2142.915439581671,0.9999999999999997,0.09197158161261207,0.8386896834212357,0.9836841861587874
2143.9183928698108,0.9999999999999997,0.09197121236359306,0.8386913212764097,0.9836828734077988
2144.932861327491,0.9999999999999997,0.09197130514117238,0.8386929964110806,0.9836815652299182
2145.935476641981,0.9999999999999997,0.09197138111653648,0.838694677461179,0.9836803017935077
2146.9445782195207,0.9999999999999997,0.09197153013451088,0.8386963073443258,0.9836789557762285
2147.9465915516107,0.9999999999999997,0.09197221305844294,0.8386976365694089,0.9836772762574452
2148.9485790490608,0.9999999999999997,0.09197176945133823,0.8386993533131872,0.983676046094795
2149.954061300311,0.9999999999999997,0.0919717623227036,0.8387010781494182,0.9836748159870257
2150.961694550411,0.9999999999999997,0.09197177275074765,0.8387028252082566,0.983673608594936
2151.971727590431,0.9999999999999997,0.09197183371759012,0.8387045361286458,0.9836723503733451
2152.979734204101,0.9999999999999997,0.09197230629077899,0.8387059151456226,0.9836707038134702
2153.983796258181,0.9999999999999997,0.0919727703538627,0.838707263794106,0.9836690318587802
2154.983841557271,0.9999999999999997,0.09197320380764236,0.8387084992500802,0.9836672291565883
2155.983886856361,0.9999999999999997,0.09197309211303879,0.8387099902622822,0.9836657221526113
2156.988900191281,0.9999999999999997,0.09197274984800775,0.8387116411694091,0.9836643856132959
2157.9989771147907,0.9999999999999997,0.0919726117501633,0.8387134428032177,0.9836632152016472
2159.007009209191,0.9999999999999997,0.09197264083017936,0.8387151886614433,0.9836619914785041
2160.016105832151,0.9999999999999997,0.09197198407758365,0.838717224700219,0.983661107935742
2161.021081653761,0.9999999999999997,0.09197397955853537,0.8387184696064888,0.9836593219794268
2162.0270901530007,0.9999999999999997,0.0919696552054901,0.8387212844649452,0.98365935682205
2163.028151142561,0.9999999999999997,0.09197064755725361,0.8387240554102584,0.9836593935487654
2164.035228063241,0.9999999999999997,0.09197448114736402,0.8387247295558204,0.9836569810571361
2165.038232312861,0.9999999999999997,0.09197354096218399,0.8387256977595465,0.9836548880799741
2166.042245882771,0.9999999999999997,0.0919721432130016,0.8387276902618229,0.9836539745811436
2167.044297082061,0.9999999999999997,0.09197191006481985,0.8387298728391244,0.9836532998719161
2168.052318559491,0.9999999999999997,0.0919733480404247,0.8387312480104323,0.9836516705604013
2169.057393118961,0.9999999999999997,0.09197304836351221,0.838732774165468,0.9836502180243514
2170.062411762361,0.9999999999999997,0.09197215124747071,0.8387348353379248,0.9836493902778072
2171.0644643772507,0.9999999999999997,0.09196999847717982,0.8387379542742912,0.9836498268867448
2172.074556164531,0.9999999999999997,0.09197343081964013,0.8387394850924521,0.9836484148690307
2173.077532102221,0.9999999999999997,0.09197317505482668,0.8387406820383424,0.9836466166998171
2174.083554757431,0.9999999999999997,0.0919736548044291,0.838741893089797,0.9836448054756451
2175.093618586671,0.9999999999999997,0.09197160696184628,0.838744195023952,0.983644248637075
2176.0997109600007,0.9999999999999997,0.09197215624881747,0.8387463115569181,0.983643505098171
2177.107716511971,0.9999999999999997,0.09197007859636497,0.8387491984308586,0.983643668307396
2178.110729609071,0.9999999999999997,0.0919713221913822,0.8387515252692184,0.9836432216082935
2179.1147714909107,0.9999999999999997,0.09197389332340017,0.8387523970126164,0.9836410763828345
2180.123807243211,0.9999999999999997,0.0919747858413291,0.8387529437071365,0.9836385010160896
2181.128859507041,0.9999999999999997,0.09197573255308457,0.8387534073141463,0.9836357941678923
2182.1328939569908,0.9999999999999997,0.0919760857838698,0.838754050080238,0.9836332720310539
2183.142906116961,0.9999999999999997,0.09197654672111882,0.8387547445165005,0.9836307698520396
2184.147010638951,0.9999999999999997,0.0919764711780557,0.8387556300761523,0.9836284946571391
2185.149057591451,0.9999999999999997,0.09197293407669276,0.8387581967310939,0.9836281858364702
2186.153028693461,0.9999999999999997,0.0919738081348882,0.8387605467042647,0.9836276585353052
2187.153040018241,0.9999999999999997,0.09197486131404176,0.8387620866464149,0.9836262181828909
2188.160093227681,0.9999999999999997,0.09197542208112622,0.8387632681646097,0.9836243377000873
2189.169127918281,0.9999999999999997,0.09197436886641865,0.8387648135494221,0.9836228651188015
2190.1741890295807,0.9999999999999997,0.09197489929802612,0.8387664764505468,0.9836215429722324
2191.199239070921,0.9999999999999997,0.0919744207888517,0.838768229765937,0.9836202652501479
2192.205270927501,0.9999999999999997,0.0919743718837452,0.8387700813508048,0.983619171589562
2193.213305853101,0.9999999999999997,0.0919735516997921,0.8387723098916468,0.9836185247619722
2194.215414737951,0.9999999999999997,0.09197390034759234,0.83877426093222,0.9836175862280214
2195.2224378659607,0.9999999999999997,0.09197529849842137,0.8387754537737296,0.9836157465189772
2196.225460872241,0.9999999999999997,0.09197499209815785,0.8387768581584193,0.9836141541895653
2197.228023455761,0.9999999999999997,0.09197469397069995,0.8387785854951371,0.9836129375614653
2198.232581322511,0.9999999999999997,0.09197526858508988,0.8387800290768826,0.9836113831524875
2199.233610107251,0.9999999999999997,0.09197309624625175,0.8387824325521318,0.9836109625373514
2200.2415986720607,0.9999999999999997,0.09197548552063457,0.8387839164650717,0.9836094634186002
2201.243658718831,0.9999999999999997,0.09197557385230937,0.8387850805238863,0.9836075991722031
2202.2526711137907,0.9999999999999997,0.09197537563921711,0.8387865567990446,0.983606065690677
2203.256699901361,0.9999999999999997,0.09197451999728544,0.8387885072705994,0.9836051034944496
2204.258766672221,0.9999999999999997,0.0919739576229615,0.8387906946567444,0.9836044369701429
2205.258798169241,0.9999999999999997,0.09197454595095442,0.8387924406091526,0.9836032715810357
2206.263822121131,0.9999999999999997,0.09197540524530691,0.8387938062943953,0.9836016442428026
2207.272864243621,0.9999999999999997,0.09197507797734675,0.8387953885662288,0.9836002491782614
2208.272930068861,0.9999999999999997,0.09197261807533881,0.8387980699745666,0.9836001696603266
2209.2729491794107,0.9999999999999997,0.09197467983544991,0.8387998979383517,0.9835991206207175
2210.2810042772608,0.9999999999999997,0.09197368532984943,0.8388018127834677,0.9835981466361552
2211.283009823561,0.9999999999999997,0.09197494833604399,0.8388033586091204,0.9835967642423146
2212.289065745291,0.9999999999999997,0.09197506575503339,0.8388048041685876,0.9835952420360278
2213.290515669981,0.9999999999999997,0.09197613144669493,0.8388057736848079,0.9835931631910546
2214.295156703021,0.9999999999999997,0.09197811262062006,0.8388059651696749,0.9835901375533621
2215.297164018821,0.9999999999999997,0.09197830453646416,0.8388064308376331,0.9835874089584645
2216.2991953997707,0.9999999999999997,0.09197623727736037,0.8388082805042227,0.9835862841048977
2217.309326115951,0.9999999999999997,0.09197701227514754,0.8388097289342556,0.9835846746581899
2218.311311490001,0.9999999999999997,0.09197575643484864,0.8388116153967319,0.9835836085255251
2219.316320578131,0.9999999999999997,0.09197440534774802,0.8388142296692932,0.9835834049676727
2220.317380859891,0.9999999999999997,0.09197663313947704,0.838815596408497,0.9835817785013365
2221.3194338286808,0.9999999999999997,0.09197604408432382,0.8388171551878575,0.9835803684854274
2222.3234700481307,0.9999999999999997,0.09197699507472049,0.8388182852735062,0.9835784452421281
2223.330572803451,0.9999999999999997,0.09197705960482554,0.8388194753590025,0.9835765705227498
2224.334626363961,0.9999999999999997,0.09197508145692472,0.8388218076706976,0.9835760417030909
2225.335580475981,0.9999999999999997,0.09197561119735198,0.8388237893799867,0.983575133016946
2226.343659638971,0.9999999999999997,0.09197567889626868,0.8388255961427938,0.9835740066413545
2227.351715090711,0.9999999999999997,0.09197485416519335,0.8388277821303993,0.983573331392716
2228.356687019441,0.9999999999999997,0.09197662875416689,0.8388291853942416,0.9835717604951105
2229.366740231711,0.9999999999999997,0.09197601315869385,0.8388307389485194,0.9835703396667625
2230.369746958621,0.9999999999999997,0.09197747990070616,0.8388316321180029,0.9835681585329203
2231.370787775931,0.9999999999999997,0.09197752986060656,0.838832669425356,0.9835661340044798
2232.371844872601,0.9999999999999997,0.0919778051607652,0.838833776053799,0.983564176513475
2233.381909763541,0.9999999999999997,0.09197697014262535,0.8388354080708017,0.983562798690191
2234.388900332841,0.9999999999999997,0.09197605602679018,0.8388375307393178,0.9835620142430247
2235.3989669932807,0.9999999999999997,0.0919772609976826,0.8388389327835112,0.9835603893135695
2236.399008399471,0.9999999999999997,0.09197744251560003,0.8388402763772976,0.9835587234813994
2237.401050397391,0.9999999999999997,0.09197699913884426,0.8388419176157601,0.9835573983713678
2238.409094170461,0.9999999999999997,0.09197605467990261,0.8388439794071,0.9835565513449787
2239.413186659871,0.9999999999999997,0.09197476119340921,0.838846546126512,0.9835563241949977
2240.419146321041,0.9999999999999997,0.09197619704911769,0.8388485834757341,0.9835554955465092
2241.4292044879007,0.9999999999999997,0.09197733801637797,0.8388498990086375,0.9835538161139673
2242.433281405751,0.9999999999999997,0.09197709905516031,0.8388511072368292,0.9835520179635314
2243.443292150121,0.9999999999999997,0.09197641330008646,0.8388528124573819,0.9835507687006596
2244.450365531811,0.9999999999999997,0.09197702330572641,0.8388542941962501,0.9835492677164375
2245.460383708071,0.9999999999999997,0.09197804517298842,0.8388553294365253,0.983547227151669
2246.463387957691,0.9999999999999997,0.09197860822088721,0.8388561929426759,0.9835449878902518
2247.467509466831,0.9999999999999997,0.09197835233873575,0.838857451504509,0.9835431960768041
2248.470479742141,0.9999999999999997,0.0919786225264523,0.8388585997939183,0.9835412733187886
2249.477470665331,0.9999999999999997,0.091979000604914,0.8388596608928697,0.9835392274052388
2250.4815419208007,0.9999999999999997,0.09197953799130354,0.8388605387227841,0.9835369695563992
2251.484603148181,0.9999999999999997,0.09197578535930362,0.8388631444119156,0.9835367275768782
2252.4866515162807,0.9999999999999997,0.09197695070206625,0.8388654312806764,0.9835361574295907
2253.487686317301,0.9999999999999997,0.09197758786042295,0.8388669480493604,0.9835347082763419
2254.488723241721,0.9999999999999997,0.09197750203414168,0.8388685630472887,0.9835333742626508
2255.498832370051,0.9999999999999997,0.09197722691088957,0.8388703560841827,0.9835322229456741
2256.502803118171,0.9999999999999997,0.0919770562034413,0.8388721709021614,0.9835311215295188
2257.504825651631,0.9999999999999997,0.09197717350872937,0.8388738689886936,0.9835298929318392
2258.5078780315307,0.9999999999999997,0.09197761563922838,0.8388753394612559,0.983528393969392
2259.523819063441,0.9999999999999997,0.0919781208323504,0.8388766114989009,0.9835266135676545
2260.527949420061,0.9999999999999997,0.09198078483193914,0.8388767084911048,0.9835234830226727
2261.528980682091,0.9999999999999997,0.09197926618166417,0.8388777061708594,0.9835213810390736
2262.536082375711,0.9999999999999997,0.09198061748485316,0.8388784516871672,0.9835189542851127
2263.542035312791,0.9999999999999997,0.09197687757503933,0.8388807927728017,0.9835183849765883
2264.548197050351,0.9999999999999997,0.09197863696448191,0.8388826812039145,0.9835173220037281
2265.550200119371,0.9999999999999997,0.09197773181856926,0.8388845355496891,0.9835162453010149
2266.560190337591,0.9999999999999997,0.0919772569654112,0.8388867150778629,0.9835155381682729
2267.563292617271,0.9999999999999997,0.09198088656192238,0.8388872106863474,0.9835128962611072
2268.564284950401,0.9999999999999997,0.09198104324464687,0.8388874845735698,0.9835099643980084
2269.5713027699308,0.9999999999999997,0.09197905381315395,0.8388888502421815,0.9835082640183763
2270.575347836861,0.9999999999999997,0.09197782430689544,0.8388911880077331,0.9835077166512329
2271.575379687781,0.9999999999999997,0.09197816516642368,0.8388931717083042,0.9835067955422001
2272.575477717831,0.9999999999999997,0.09197754214529846,0.8388952678630807,0.9835060206855193
2273.584449060501,0.9999999999999997,0.09197937432961283,0.8388965078935994,0.9835042298528678
2274.593559839421,0.9999999999999997,0.09197789536471042,0.838898321460298,0.9835030998367367
2275.602508532541,0.9999999999999997,0.0919783687876464,0.8389000401290344,0.9835018674412154
2276.6056341695607,0.9999999999999997,0.09197926480314457,0.8389013068185505,0.9835001263635832
2277.607614589031,0.9999999999999997,0.09197881873512391,0.8389026551227183,0.9834984760189944
2278.617662138911,0.9999999999999997,0.09197900687619096,0.8389041904056757,0.9834970133957414
2279.623709213161,0.9999999999999997,0.09197881504983448,0.8389057932151696,0.9834956436422071
2280.626731157731,0.9999999999999997,0.09198009400029902,0.8389067083058354,0.9834934749113947
2281.630767731081,0.9999999999999997,0.09197965497833241,0.8389080427501862,0.9834917828490726
2282.6348623438907,0.9999999999999997,0.09197823314601333,0.8389101560647264,0.9834910045649581
2283.636923452361,0.9999999999999997,0.09197925694110165,0.8389116406495178,0.9834895105262371
2284.638921212891,0.9999999999999997,0.09197947507439581,0.8389129198630695,0.9834877740981134
2285.645007569931,0.9999999999999997,0.0919793709839446,0.8389144004024469,0.983486255545708
2286.6459776074207,0.9999999999999997,0.09197941090633081,0.8389158585896717,0.9834847268484824
2287.646014766821,0.9999999999999997,0.09197965969381343,0.838917211001419,0.9834830759515963
2288.647031165091,0.9999999999999997,0.09197941095676088,0.8389187489057048,0.9834816383585404
2289.6501408766508,0.9999999999999997,0.09197864473891978,0.8389206867221927,0.9834806682383826
2290.657219212931,0.9999999999999997,0.09197870980670976,0.8389224766802574,0.9834795227769331
2291.661200224121,0.9999999999999997,0.09197971520986062,0.8389236788646321,0.9834776999909655
2292.663210017221,0.9999999999999997,0.09197970489930628,0.8389249491819463,0.9834759544038915
2293.669341673351,0.9999999999999997,0.09197918894351703,0.8389265631563357,0.9834745945622825
2294.679297917261,0.9999999999999997,0.09198028310225878,0.8389277483438734,0.983472723045149
2295.682333663911,0.9999999999999997,0.09197702832124428,0.8389300205609025,0.9834721367974837
2296.691324471021,0.9999999999999997,0.09198050068942312,0.8389316121043535,0.983470762139369
2297.7004009217308,0.9999999999999997,0.09198169941012396,0.8389319172919324,0.9834678829954018
2298.706458612941,0.9999999999999997,0.09198129742299874,0.8389326012306906,0.9834654215209484
2299.706576107451,0.9999999999999997,0.09198092799457715,0.8389337946371598,0.9834635543704064
2300.710504033771,0.9999999999999997,0.09198176231530222,0.8389348300812177,0.9834614843268351
2301.710552164051,0.9999999999999997,0.09198115340517314,0.8389361300836088,0.9834597311663923
2302.713610206341,0.9999999999999997,0.09198377438606763,0.8389364300275037,0.9834567976744305
2303.713685232951,0.9999999999999997,0.0919816406235551,0.8389375058750645,0.9834547551477024
2304.716693021561,0.9999999999999997,0.09198219576561747,0.8389387248633252,0.9834528720692187
2305.7257181569007,0.9999999999999997,0.0919815197834567,0.838940167714555,0.9834512341779951
2306.736763348401,0.9999999999999997,0.09198227925588084,0.8389412866211928,0.9834492189325521
2307.739832007661,0.9999999999999997,0.0919805047850075,0.8389431984215309,0.9834481587704067
2308.7438813213807,0.9999999999999997,0.09198011412601784,0.8389453576166609,0.9834474083395521
2309.748902442081,0.9999999999999997,0.09198221371206954,0.8389463250651551,0.9834452791054615
2310.753909052911,0.9999999999999997,0.09198049345140724,0.8389479483871842,0.9834439061843646
2311.756946922951,0.9999999999999997,0.09198079516181426,0.8389496453378013,0.983442635579474
2312.760027968681,0.9999999999999997,0.09198012852369006,0.8389515802633047,0.9834416543095543
2313.768083066521,0.9999999999999997,0.0919811821578892,0.8389529248826403,0.9834399764679481
2314.776070923541,0.9999999999999997,0.09198013708281447,0.8389546900116208,0.9834387875067098
2315.782113397091,0.9999999999999997,0.09198150753987085,0.838955859299117,0.9834369133723349
2316.790145491501,0.9999999999999997,0.09198066351703023,0.8389573839134458,0.9834354398055241
2317.794250013481,0.9999999999999997,0.09198122876209652,0.8389587681936121,0.9834338171151081
2318.796235741441,0.9999999999999997,0.09198119404017473,0.8389601376457463,0.9834321808900577
2319.800270191391,0.9999999999999997,0.09198149903464634,0.8389613822955225,0.9834303887553089
2320.808312902771,0.9999999999999997,0.09198106206251751,0.8389629394622826,0.9834289484957286
2321.815370712901,0.9999999999999997,0.09198219432558616,0.8389639856956541,0.9834269144555193
2322.819398084871,0.9999999999999997,0.09198156999630026,0.8389652763811853,0.9834251660249944
2323.822398087701,0.9999999999999997,0.09198117503029948,0.8389669142524504,0.9834238298773761
2324.8235298570808,0.9999999999999997,0.09198109242527741,0.8389685195169458,0.9834224682944116
2325.8334818542107,0.9999999999999997,0.09198107048257512,0.8389700983724758,0.9834210546954458
2326.834504268761,0.9999999999999997,0.09198105475682611,0.8389716503152692,0.9834196412606607
2327.8425901558307,0.9999999999999997,0.09198086201645035,0.8389732946859887,0.983418315659425
2328.847575178821,0.9999999999999997,0.09198218419596055,0.8389743986689125,0.9834163710795819
2329.854719340331,0.9999999999999997,0.09198433820954854,0.8389744074463408,0.9834131223320032
2330.863713686441,0.9999999999999997,0.09198135972945079,0.8389759319128302,0.9834116061063538
2331.869808537071,0.9999999999999997,0.09198310019994971,0.8389771313208843,0.9834097286964341
2332.871747904241,0.9999999999999997,0.09198296483088976,0.8389781122791874,0.9834076036427928
2333.878775986841,0.9999999999999997,0.09198118647985785,0.8389800286876897,0.983406554608234
2334.882852904691,0.9999999999999997,0.09198156810172889,0.838981809964257,0.983405377818509
2335.887155256281,0.9999999999999997,0.09198198346932804,0.8389831784436296,0.9834037275810504
2336.891935371681,0.9999999999999997,0.09198177300351643,0.8389846301517183,0.9834021732513517
2337.894040009741,0.9999999999999997,0.09198005114120125,0.8389869918815082,0.983401700844756
2338.903004982221,0.9999999999999997,0.09198232093796986,0.8389882583485249,0.9833999478877292
2339.913067041971,0.9999999999999997,0.09198217346097418,0.8389893347563989,0.9833979573301954
2340.915161770861,0.9999999999999997,0.09198174996482097,0.8389908245363354,0.983396467681474
2341.919111638921,0.9999999999999997,0.09198279590849724,0.8389919319651402,0.9833945248484105
2342.921165669411,0.9999999999999997,0.09198225717302827,0.8389932702786925,0.983392849427766
2343.922244353921,0.9999999999999997,0.09198191477518229,0.8389948056057337,0.9833914081760259
2344.929251202581,0.9999999999999997,0.09198134884914853,0.8389966319306535,0.9833902990816221
2345.929297209471,0.9999999999999997,0.09198150293257462,0.8389981220068011,0.9833888201836526
2346.9303196240207,0.9999999999999997,0.09198326890704495,0.8389988637093484,0.9833864607708125
2347.9393681166907,0.9999999999999997,0.09198246164439003,0.8390001961803101,0.9833847542459303
2348.944376850921,0.9999999999999997,0.0919829529820019,0.8390012913410942,0.9833827796508091
2349.952498481801,0.9999999999999997,0.09198235881813555,0.8390027811590666,0.9833812543775076
2350.9596493674007,0.9999999999999997,0.09198188434723253,0.8390044778371594,0.983379978816111
2351.970519378841,0.9999999999999997,0.09198012105963038,0.839006957908297,0.9833796214677573
2352.9765307092707,0.9999999999999997,0.0919794672661777,0.8390095619551745,0.9833794566196233
2353.983646912761,0.9999999999999997,0.09198315701823184,0.8390103585298948,0.9833771975350069
2354.991605396141,0.9999999999999997,0.09198517130126416,0.8390100839481135,0.9833736505413692
2356.001689043741,0.9999999999999997,0.09198536258681965,0.8390100582718529,0.9833703332535859
2357.009775992511,0.9999999999999997,0.0919820951404003,0.839011886160463,0.9833691627736002
2358.012771040751,0.9999999999999997,0.09198245873623614,0.8390137709871159,0.9833680991810908
2359.014747213431,0.9999999999999997,0.09198136865347387,0.8390158492913845,0.9833672855607589
2360.024841831901,0.9999999999999997,0.09198224340503836,0.839017426835126,0.9833658791186326
2361.032888790061,0.9999999999999997,0.09198350718153428,0.8390182369461608,0.9833635787607624
2362.037923358931,0.9999999999999997,0.09198310569310746,0.8390193758135912,0.983361659638071
2363.044954272731,0.9999999999999997,0.09198146807653848,0.8390214454408575,0.983360824634886
2364.053993564021,0.9999999999999997,0.09198211559705094,0.8390231266056883,0.9833595460872463
2365.060031082991,0.9999999999999997,0.09198157864025282,0.8390249763794997,0.9833584842005486
2366.068144928091,0.9999999999999997,0.09198349191670738,0.8390257877057132,0.9833562024675011
2367.0781114350807,0.9999999999999997,0.09198393805502121,0.839026496875232,0.9833537741111331
2368.087122060541,0.9999999999999997,0.09198395592593603,0.8390274174517237,0.9833515796245109
2369.093178690071,0.9999999999999997,0.09198408351571218,0.8390284115630391,0.9833494689412515
2370.100700108041,0.9999999999999997,0.09198393198900476,0.8390296156833424,0.9833475975393785
2371.101304567741,0.9999999999999997,0.09198399300289754,0.8390307283086579,0.9833456381114674
2372.1024554476708,0.9999999999999997,0.09198479890461825,0.8390314620765191,0.9833432268222623
2373.110785879031,0.9999999999999997,0.09198390559990109,0.8390329198910791,0.9833416375694884
2374.115351531561,0.9999999999999997,0.09198447546195224,0.8390340186232366,0.983339644847927
2375.117412640031,0.9999999999999997,0.09198356039418266,0.839035560718081,0.9833381801688634
2376.120465727731,0.9999999999999997,0.0919831294704168,0.8390372978878603,0.9833369525949155
2377.130503722341,0.9999999999999997,0.09198493218751828,0.8390380752147973,0.9833345852769748
2378.1375427758207,0.9999999999999997,0.0919842216139371,0.8390392778980975,0.9833327159928675
2379.145573100721,0.9999999999999997,0.09198405166894093,0.8390406343360626,0.9833310224292654
2380.145608844541,0.9999999999999997,0.09198398228693246,0.8390419944853273,0.9833293634022711
2381.152655329891,0.9999999999999997,0.09198304957194438,0.8390438311537002,0.9833282473050686
2382.160676807321,0.9999999999999997,0.09198535897785652,0.8390444925205071,0.9833257603540235
2383.170737805371,0.9999999999999997,0.09198380623804492,0.8390458196298864,0.9833240276854867
2384.1767732009507,0.9999999999999997,0.09198495438335537,0.8390468720557217,0.9833219903123795
2385.181001233721,0.9999999999999997,0.09198361492166857,0.8390483983254355,0.9833205075811391
2386.183867816591,0.9999999999999997,0.09198358954095932,0.8390500515361039,0.9833191904383315
2387.186887283871,0.9999999999999997,0.09198381915003896,0.8390514720706753,0.9833176084349041
2388.191914774751,0.9999999999999997,0.09198334775613926,0.8390531980850761,0.9833163882952209
2389.200061886371,0.9999999999999997,0.09198331873795118,0.8390547658363045,0.9833149771047731
2390.2100064516108,0.9999999999999997,0.09198409268386495,0.8390558824404253,0.9833130323381835
2391.219076532131,0.9999999999999997,0.09198361539898574,0.8390573439217346,0.9833114895391802
2392.219153682141,0.9999999999999997,0.09198293359611284,0.8390591452598233,0.9833103791626235
2393.220133628801,0.9999999999999997,0.09198240002192329,0.8390611067346041,0.9833094661072669
2394.221157812851,0.9999999999999997,0.09198299762755457,0.8390626215763273,0.9833080411944183
2395.230197458041,0.9999999999999997,0.09198394032533448,0.839063721960931,0.9833061041807916
2396.239267184661,0.9999999999999997,0.09198461306407933,0.83906461736524,0.9833039179926353
2397.239291603701,0.9999999999999997,0.09198465843167546,0.8390655669177773,0.9833018107346989
2398.247318035721,0.9999999999999997,0.09198450090755668,0.8390667048980324,0.9832998861581952
2399.247517988721,0.9999999999999997,0.09198421257402215,0.8390681278166424,0.9832983171979492
2400.253394129691,0.9999999999999997,0.09198390525808926,0.8390696509614327,0.9832968518635229
2401.261445334651,0.9999999999999997,0.09198355032943596,0.8390713037903654,0.9832955389290936
2402.2625480843008,0.9999999999999997,0.09198310016824342,0.8390731106258982,0.9832944405485213
2403.272524146571,0.9999999999999997,0.09198445844496063,0.839074120649346,0.9832923821453259
2404.279042614441,0.9999999999999997,0.09198516700825683,0.8390748532551882,0.9832899982959556
2405.279605667941,0.9999999999999997,0.09198476650407235,0.8390759696267795,0.9832880682599587
2406.279632210371,0.9999999999999997,0.09198446345174768,0.8390773002311722,0.9832863882002971
2407.281718091781,0.9999999999999997,0.09198310704049124,0.8390792799585934,0.9832854684164295
2408.2857567885208,0.9999999999999997,0.0919835254843314,0.839080926408681,0.9832841694642234
2409.2897845144007,0.9999999999999997,0.0919840713191438,0.8390822223867479,0.98328246515868
2410.292779916541,0.9999999999999997,0.091983890504663,0.839083617751491,0.9832808789313404
2411.297837134951,0.9999999999999997,0.09198336147693459,0.8390852980175696,0.9832796225308646
2412.3078995486007,0.9999999999999997,0.09198452394926063,0.839086405934052,0.9832776844775855
2413.308927625541,0.9999999999999997,0.09198523206565422,0.8390871668635185,0.9832753587470839
2414.314927985101,0.9999999999999997,0.09198359111414904,0.8390888282427321,0.9832740582733871
2415.314955235331,0.9999999999999997,0.09198354015031164,0.8390905560850095,0.9832728661539432
2416.325092675591,0.9999999999999997,0.09198353667114118,0.8390921685513235,0.9832715178911298
2417.353192619541,0.9999999999999997,0.09198379523584095,0.8390936781439314,0.9832699967264918
2418.357122315351,0.9999999999999997,0.09198611255787789,0.839094064276065,0.983267235225808
2419.364159245431,0.9999999999999997,0.09198584879099743,0.8390946340990167,0.983264649526983
2420.374198655641,0.9999999999999997,0.0919858035349179,0.8390955735357747,0.983262468145955
2421.383224144871,0.9999999999999997,0.09198655908832729,0.8390961994013275,0.9832599131294811
2422.390270630231,0.9999999999999997,0.0919864818884076,0.8390970131886802,0.9832575729663243
2423.390657441961,0.9999999999999997,0.0919861371732755,0.8390981030075867,0.9832555738054112
2424.397265446311,0.9999999999999997,0.09198875149980351,0.8390980284713951,0.9832521895562061
2425.406390735091,0.9999999999999997,0.09198604008125884,0.839099130830326,0.9832501436622569
2426.413767054431,0.9999999999999997,0.09198823585118963,0.8390997738733537,0.9832475753917498
2427.418535845061,0.9999999999999997,0.09198531031230904,0.8391014949893505,0.9832462698568567
2428.426534319041,0.9999999999999997,0.09198879272352967,0.839102140575528,0.9832437206429523
2429.432526892821,0.9999999999999997,0.09198513847201455,0.8391037394351998,0.983242277460819
2430.432643679531,0.9999999999999997,0.09198884660348271,0.8391044998184937,0.9832398992877684
2431.438612542071,0.9999999999999997,0.09198465062154929,0.8391061179103063,0.983238487446871
2432.441659613491,0.9999999999999997,0.09198717275530738,0.8391073491546345,0.9832366567938469
2433.443776638021,0.9999999999999997,0.09198800875118025,0.8391077059332405,0.9832338024887541
2434.450721554331,0.9999999999999997,0.09198435041697076,0.8391098807166191,0.9832330425988306
2435.456794817111,0.9999999999999997,0.0919856089967983,0.8391117564416577,0.9832319716943941
2436.465787393721,0.9999999999999997,0.09198494094977032,0.8391134016172003,0.9832306386617967
2437.465857465741,0.9999999999999997,0.09198501767891515,0.8391150399232451,0.9832293388036578
2438.4758731647107,0.9999999999999997,0.09198599665445657,0.8391160869377288,0.9832273183937067
2439.479944066281,0.9999999999999997,0.09198410469632208,0.8391180711052946,0.9832264107513943
2440.485973091671,0.9999999999999997,0.09198390038254256,0.8391201660682378,0.9832256459812294
2441.496020995451,0.9999999999999997,0.09198708769838268,0.839120857080453,0.98322323833879
2442.506103227451,0.9999999999999997,0.09198659768832346,0.8391214710612115,0.9832207148781205
2443.508124699221,0.9999999999999997,0.09198642627762177,0.8391224847606888,0.9832186663578129
2444.510187223281,0.9999999999999997,0.09198615630566837,0.8391237151955722,0.9832168669699274
2445.518178265391,0.9999999999999997,0.09198595809380289,0.8391250767771867,0.9832152053896673
2446.5221953742907,0.9999999999999997,0.09198569025580242,0.8391265867365977,0.9832137391482451
2447.5232110647607,0.9999999999999997,0.09198549833248218,0.8391280494684847,0.9832122274314418
2448.531297659631,0.9999999999999997,0.09198581557677342,0.8391292322232377,0.9832103661651683
2449.538420587191,0.9999999999999997,0.09198579943042355,0.8391305977174199,0.9832087250960994
2450.543343323941,0.9999999999999997,0.09198519222054333,0.8391322865254013,0.9832074752179328
2451.545409033091,0.9999999999999997,0.09198530474390851,0.8391337155050026,0.9832059356689743
2452.545444776901,0.9999999999999997,0.09198544306555043,0.83913506990394,0.9832043174497012
2453.5524767524007,0.9999999999999997,0.09198554872809764,0.8391363411053822,0.9832025764528347
2454.552523113181,0.9999999999999997,0.09198581277388784,0.8391374591833369,0.9832006736892065
2455.557622091691,0.9999999999999997,0.09198604498037773,0.8391386037890746,0.983198786026483
2456.563582814551,0.9999999999999997,0.0919855120960725,0.8391402310383405,0.983197466891882
2457.568652773331,0.9999999999999997,0.09198521109357691,0.8391417749005118,0.9831960546883316
2458.576685221631,0.9999999999999997,0.09198545276364029,0.8391431308295489,0.9831944169685114
2459.578764732851,0.9999999999999997,0.09198570403818382,0.8391443312805044,0.9831926138204324
2460.582747513541,0.9999999999999997,0.09198563301450553,0.8391456727951291,0.9831909697131788
2461.587859940211,0.9999999999999997,0.09198544396947538,0.8391470931597335,0.9831894151776446
2462.591840951401,0.9999999999999997,0.09198544212023385,0.8391484896538838,0.9831878383695072
2463.593870562841,0.9999999999999997,0.0919854615295071,0.8391498461243428,0.9831862229839542
2464.599922945581,0.9999999999999997,0.0919854821328004,0.8391512060813985,0.9831845989265983
2465.6049253096207,0.9999999999999997,0.09198577044427507,0.839152422395224,0.9831828086816965
2466.606988187591,0.9999999999999997,0.09198691596436354,0.8391530743175986,0.9831803578554164
2467.617081744361,0.9999999999999997,0.09198797708164025,0.8391533759728602,0.9831774511337121
2468.625065354581,0.9999999999999997,0.091987699295884,0.839154123295529,0.9831750539997626
2469.627142034611,0.9999999999999997,0.09198686386712675,0.8391553884563744,0.9831732767472994
2470.630153008311,0.9999999999999997,0.09198740419931623,0.8391562824635558,0.9831710624496681
2471.636201144261,0.9999999999999997,0.09198740802675637,0.839157324592428,0.9831690104375553
2472.641258008771,0.9999999999999997,0.09199081604575277,0.8391570234170771,0.9831653890221845
2473.643249399111,0.9999999999999997,0.09199012022075113,0.8391568824950444,0.9831619230864851
2474.653364189831,0.9999999999999997,0.09198833872178047,0.8391580474638752,0.9831599351030166
2475.6603526357308,0.9999999999999997,0.09198898824914153,0.839159057102773,0.9831577882138458
2476.664406550141,0.9999999999999997,0.0919869470794971,0.839160890317024,0.9831566253483447
2477.671610874501,0.9999999999999997,0.09198645268978377,0.8391629193479297,0.9831557104598542
2478.674441005761,0.9999999999999997,0.09198902044699946,0.8391637749808952,0.9831534608747492
2479.677494447351,0.9999999999999997,0.09198882758228995,0.8391642922410241,0.9831508079042129
2480.686540462731,0.9999999999999997,0.09198608888030949,0.83916606268938,0.9831495859382929
2481.687632241511,0.9999999999999997,0.09198696299272306,0.839167814859301,0.9831483925441373
2482.693640740761,0.9999999999999997,0.09198924796281223,0.8391682223835453,0.9831456220800721
2483.7036748424707,0.9999999999999997,0.09198799643268356,0.8391691454541984,0.9831434185482054
2484.706680861591,0.9999999999999997,0.09198837127007656,0.8391702010812888,0.9831413904587524
2485.7127371372108,0.9999999999999997,0.09198796972921694,0.8391714429961404,0.9831395714624707
2486.720805329331,0.9999999999999997,0.09198762908003662,0.8391728423924777,0.9831379366076934
2487.730802271641,0.9999999999999997,0.09198781435065828,0.8391740860441564,0.9831361200187123
2488.733909859801,0.9999999999999997,0.09198741221891588,0.8391754774483121,0.9831345028829721
2489.7369038463507,0.9999999999999997,0.09198826302226158,0.8391763734460643,0.9831323081735989
2490.737002938101,0.9999999999999997,0.09198742434369592,0.8391777935624372,0.98313073499945
2491.745396717401,0.9999999999999997,0.09198626269778705,0.8391797425554888,0.9831297656829087
2492.754007082971,0.9999999999999997,0.09198852782091473,0.8391804752650557,0.9831273862177511
2493.757635610631,0.9999999999999997,0.0919864490703307,0.839182014798578,0.983125951950324
2494.762071736091,0.9999999999999997,0.09198681355188285,0.83918369006731,0.9831246873932546
2495.764134967951,0.9999999999999997,0.09198764082932658,0.8391846816747793,0.9831226371287403
2496.7651729540707,0.9999999999999997,0.09198737327226733,0.8391858793100595,0.9831208258005598
2497.767222029971,0.9999999999999997,0.09198702295153671,0.8391873289952303,0.9831193076367281
2498.776239379521,0.9999999999999997,0.09198748371462027,0.8391884858285893,0.9831174271364461
2499.7802869237407,0.9999999999999997,0.09198763666056543,0.8391895865475502,0.9831154922106595
2500.784342961541,0.9999999999999997,0.09198801082378018,0.8391905124232473,0.9831133462990427
2501.789372575821,0.9999999999999997,0.09198882049989729,0.8391911215393782,0.9831108166016556
2502.793405964081,0.9999999999999997,0.0919865476055391,0.8391929480665036,0.983109710125184
2503.798486185931,0.9999999999999997,0.09198638399532014,0.8391948853048541,0.9831087517988468
2504.804476636321,0.9999999999999997,0.0919873178801324,0.8391961888239869,0.9831070654227196
2505.813517343211,0.9999999999999997,0.09198770715113028,0.8391971784588055,0.9831049980764801
2506.813554148721,0.9999999999999997,0.09198789881607146,0.8391981578011196,0.9831029397619496
2507.8176066475307,0.9999999999999997,0.09198820151748395,0.8391990693756876,0.9831007817650596
2508.825698904781,0.9999999999999997,0.09198702998154606,0.8392005434252976,0.9830992627203525
2509.831684754481,0.9999999999999997,0.09198683458275786,0.8392022079319951,0.983097986138955
2510.832707169041,0.9999999999999997,0.0919873124751648,0.8392034306591891,0.9830962174830694
2511.8407757150508,0.9999999999999997,0.09198743292729113,0.8392046494754739,0.9830944211073495
2512.849842964371,0.9999999999999997,0.09198792321723546,0.8392055937438788,0.9830922955011242
2513.850846622281,0.9999999999999997,0.09198787498398463,0.8392068357577953,0.9830905460553018
2514.854844620621,0.9999999999999997,0.09198650361538747,0.8392086083022786,0.9830894067868852
2515.858922600171,0.9999999999999997,0.09198513283834275,0.8392109062155344,0.9830889034873581
2516.8619947984207,0.9999999999999997,0.09198549362000821,0.8392127520985914,0.9830878928883774
2517.862058500261,0.9999999999999997,0.09198717320355815,0.839213920076024,0.9830861082311654
2518.872099679961,0.9999999999999997,0.09199122793050989,0.8392133929160696,0.9830823014426024
2519.878073497091,0.9999999999999997,0.0919887257873364,0.8392133268886991,0.9830789918644782
2520.8871311911407,0.9999999999999997,0.0919892228688227,0.8392141969420939,0.9830767299241905
2521.896216489321,0.9999999999999997,0.09198941353435969,0.8392150175899465,0.9830744053753322
2522.897224040111,0.9999999999999997,0.09198782897696062,0.8392166533622946,0.9830730634391232
2523.901202927911,0.9999999999999997,0.09198803068808027,0.8392181238882447,0.9830715370663874
2524.9082688777207,0.9999999999999997,0.09198892664964503,0.8392189968486542,0.9830693096415706
2525.917348159611,0.9999999999999997,0.0919865153875879,0.8392207680693206,0.9830681215394799
2526.922344861271,0.9999999999999997,0.0919890628067561,0.8392219249253853,0.9830662494917937
2527.9264267337107,0.9999999999999997,0.09198947416978502,0.8392224015340916,0.9830635846500878
2528.9266266867107,0.9999999999999997,0.09198759376382874,0.8392237261041082,0.9830619049786719
2529.930416238481,0.9999999999999997,0.09198766968099455,0.8392254426276755,0.983060678362798
2530.940590838151,0.9999999999999997,0.09199031518882995,0.8392259957188273,0.9830580879598125
2531.9455383478307,0.9999999999999997,0.09198838602513368,0.8392270704813608,0.9830561068308135
2532.953642637651,0.9999999999999997,0.09198915730761144,0.8392281158849692,0.983054081173338
2533.955629073411,0.9999999999999997,0.09198946094189638,0.8392288556168889,0.9830517108406894
2534.958660573261,0.9999999999999997,0.09198882655388675,0.8392300354368283,0.9830498476743909
2535.963717083871,0.9999999999999997,0.09198864405599654,0.839231329047743,0.9830481159291061
2536.971763688141,0.9999999999999997,0.09198864423771984,0.8392325601122136,0.983046308153608
2537.972982516711,0.9999999999999997,0.0919886447047378,0.839233760479773,0.9830444902603862
2538.977815716971,0.9999999999999997,0.09198872908042818,0.8392348661794281,0.9830425493170339
2539.982844623451,0.9999999999999997,0.09198884457757725,0.8392359353938581,0.9830405648127264
2540.993699063331,0.9999999999999997,0.0919889607441921,0.8392370108058659,0.9830385688054698
2542.003973462551,0.9999999999999997,0.09198936386283171,0.8392378977013251,0.9830363506254258
2543.0069766504707,0.9999999999999997,0.09198916750946258,0.8392389080142382,0.9830342965418288
2544.012010511541,0.9999999999999997,0.0919873634832002,0.8392409268914673,0.9830334226413415
2545.0190562891007,0.9999999999999997,0.09198740542045654,0.839242736777348,0.9830323210977188
2546.022110792401,0.9999999999999997,0.09198749879786894,0.8392442671395195,0.9830309217255954
2547.024145712331,0.9999999999999997,0.09198780584538274,0.8392456125791184,0.9830293143245163
2548.026176031581,0.9999999999999997,0.09198937243429987,0.8392460493936322,0.9830266306151093
2549.035223108651,0.9999999999999997,0.09198980211817218,0.8392465496081164,0.983023984095317
2550.036252247291,0.9999999999999997,0.09199003014072184,0.8392471451247409,0.9830214557405923
2551.038345914481,0.9999999999999997,0.09198879632158638,0.8392484546553062,0.9830197507960443
2552.044384849041,0.9999999999999997,0.09198811619396625,0.8392501312463715,0.983018472945079
2553.048437701751,0.9999999999999997,0.09198969781814025,0.839250938768679,0.9830161973456605
2554.054425674851,0.9999999999999997,0.09198871962831864,0.8392521697148707,0.9830144035528154
2555.062431934611,0.9999999999999997,0.09198867494725249,0.8392535105031954,0.9830127367384967
2556.071479365591,0.9999999999999997,0.09198709291106927,0.8392555302000347,0.9830118704991695
2557.081513113411,0.9999999999999997,0.09198751382511569,0.8392572348528029,0.9830106555387187
2558.087595931461,0.9999999999999997,0.09198799374804885,0.8392585514648782,0.9830090082226853
2559.092584493441,0.9999999999999997,0.09198842027172885,0.8392596731217775,0.9830071357709217
2560.094626491361,0.9999999999999997,0.09199022480669505,0.8392599831043803,0.9830043135019827
2561.100751777311,0.9999999999999997,0.09198928497905927,0.8392608317929722,0.9830020831740105
2562.101678993001,0.9999999999999997,0.09198963322996845,0.8392616966271047,0.9829998806515975
2563.111808293581,0.9999999999999997,0.09198722511746464,0.8392637641285253,0.9829990528493695
2564.1137812811708,0.9999999999999997,0.09199184946981903,0.8392639392154517,0.9829960656684664
2565.117834487781,0.9999999999999997,0.0919922749540547,0.8392634227841608,0.9829922226293312
2566.1239470333608,0.9999999999999997,0.0919900132531529,0.8392643301875453,0.9829900010649396
2567.123978884291,0.9999999999999997,0.09198959228472407,0.8392658141980031,0.9829884826088233
2568.130950343031,0.9999999999999997,0.09198990226813235,0.8392669619443249,0.9829865637429938
2569.135043540241,0.9999999999999997,0.09199073686699888,0.8392676419404107,0.9829841079276341
2570.1410283282407,0.9999999999999997,0.09199194119548755,0.8392679077744074,0.9829811542260845
2571.143120579831,0.9999999999999997,0.09199251401732149,0.8392681449151419,0.9829781660804479
2572.146105011101,0.9999999999999997,0.09199044892461378,0.8392692851836471,0.9829762154253613
2573.187294621751,0.9999999999999997,0.09198930172107096,0.8392710614750567,0.9829748937676833
2574.1962086327608,0.9999999999999997,0.09198978530967443,0.8392724756670736,0.9829732819706908
2575.205214657541,0.9999999999999997,0.09198945364649332,0.8392739586484583,0.9829717638782555
2576.212262912391,0.9999999999999997,0.09198898667646371,0.8392755680430679,0.9829704146851062
2577.221296541301,0.9999999999999997,0.09198939118952201,0.8392768001104467,0.9829686263306643
2578.229373934791,0.9999999999999997,0.09198860065114149,0.8392784685557442,0.9829673594639159
2579.238393053841,0.9999999999999997,0.09198935935184355,0.8392796116556582,0.982965483443106
2580.242489082241,0.9999999999999997,0.09198782233198449,0.8392814232015713,0.9829644050257063
2581.246482126001,0.9999999999999997,0.09198730409538915,0.8392835249857324,0.9829636865225975
2582.249568126321,0.9999999999999997,0.09198860017232331,0.8392847975226797,0.9829620185131173
2583.2545623506808,0.9999999999999997,0.09198909564326443,0.8392857044775032,0.9829599106026013
2584.257602344121,0.9999999999999997,0.09198786184854504,0.8392873227365165,0.982958632003468
2585.265639393111,0.9999999999999997,0.09199134410541797,0.8392874687381893,0.9829556188046772
2586.275649783591,0.9999999999999997,0.09199228023980292,0.8392871102694235,0.9829519747830662
2587.278695085501,0.9999999999999997,0.09199295414632397,0.8392868192324433,0.9829483850752767
2588.2807328366307,0.9999999999999997,0.09199027637958258,0.8392880219014219,0.9829465180230137
2589.288793950761,0.9999999999999997,0.09199246819112843,0.8392885446820865,0.982943849739691
2590.295786289551,0.9999999999999997,0.09198895108776085,0.8392902682447613,0.982942580666442
2591.301866630321,0.9999999999999997,0.09198832559017367,0.8392925705103467,0.9829420263499414
2592.3118982547408,0.9999999999999997,0.09198816787962649,0.839294570717844,0.9829411418295391
2593.315026369051,0.9999999999999997,0.09198851554863396,0.839296074601288,0.9829397229905362
2594.323990633741,0.9999999999999997,0.09199009697723791,0.8392968098821945,0.9829373876580918
2595.333019661961,0.9999999999999997,0.09199100893418603,0.8392971818850441,0.9829346097212319
2596.333111321831,0.9999999999999997,0.09199088021177984,0.839297839366548,0.9829321729930449
2597.340134803741,0.9999999999999997,0.09198947194365627,0.8392993163676062,0.9829306670219596
2598.349162770271,0.9999999999999997,0.09198830610543698,0.8393013156429202,0.9829297807240929
2599.357161244251,0.9999999999999997,0.09198983308444945,0.839302400148238,0.982927847497776
2600.357183539901,0.9999999999999997,0.09198997569866106,0.8393033492629304,0.9829257769309154
2601.363350585951,0.9999999999999997,0.09198993863299011,0.8393044018503211,0.9829238021264338
2602.371328179891,0.9999999999999997,0.09198977870592108,0.8393056376139902,0.9829220377800771
2603.378351307901,0.9999999999999997,0.09198960854472946,0.8393068862215401,0.9829202916733668
2604.388375146541,0.9999999999999997,0.09199205145752525,0.8393069529007221,0.9829171472603574
2605.392415258891,0.9999999999999997,0.09199351585007096,0.839306421800779,0.982913290572041
2606.401483569911,0.9999999999999997,0.09199039652334355,0.8393076326236392,0.9829114197944167
2607.411545629661,0.9999999999999997,0.09199163332655279,0.8393087144814816,0.9829094107872808
2608.412562027931,0.9999999999999997,0.09199041734816932,0.8393100345143863,0.982907716059182
2609.414571113231,0.9999999999999997,0.09198837785708719,0.8393122759675332,0.9829071135790046
2610.415587157601,0.9999999999999997,0.0919885730902097,0.8393142239691235,0.9829062087811211
2611.416638945781,0.9999999999999997,0.09199042223767889,0.8393151029769722,0.9829040664731739
2612.421683423821,0.9999999999999997,0.09199151881293312,0.8393154490982232,0.9829012771673675
2613.424784641801,0.9999999999999997,0.0919906058398298,0.8393163201279078,0.9828990860211277
2614.4308200373707,0.9999999999999997,0.09199059642527971,0.8393174386620507,0.982897171425045
2615.436850832261,0.9999999999999997,0.09199057523435461,0.8393185404544905,0.982895239610052
2616.443848479541,0.9999999999999997,0.09199031840508688,0.8393198604708151,0.9828935710972224
2617.445873490301,0.9999999999999997,0.09199006284406301,0.8393211739687917,0.9828919108236452
2618.4489725848807,0.9999999999999997,0.09198975875373054,0.8393226190883175,0.982890412527634
2619.4549941783907,0.9999999999999997,0.0919894248997156,0.8393241216675977,0.982888976525372
2620.455975540651,0.9999999999999997,0.09198875013742602,0.8393260405302421,0.9828880744607416
2621.465012000751,0.9999999999999997,0.09198838075480714,0.839327823705206,0.9828869898023808
2622.468092338681,0.9999999999999997,0.09198887257192799,0.8393291892912162,0.9828854389558644
2623.4741079159007,0.9999999999999997,0.09199163333394764,0.8393293071011245,0.9828824144024955
2624.480146850471,0.9999999999999997,0.09199411026389465,0.8393283234779801,0.982878053178783
2625.485249014071,0.9999999999999997,0.0919950907543515,0.8393274142632958,0.9828737299001428
2626.4962474908907,0.9999999999999997,0.09199252702693948,0.8393281365350519,0.9828712566104976
2627.499264834771,0.9999999999999997,0.09199134168492482,0.8393296785692486,0.982869779042449
2628.502311198391,0.9999999999999997,0.09199059403514415,0.8393313668670003,0.9828684957967919
2629.5075336876907,0.9999999999999997,0.09198971574785736,0.8393332232710204,0.9828674258258727
2630.517450648801,0.9999999999999997,0.09199262153269734,0.8393339842570684,0.9828650854732504
2631.527446529411,0.9999999999999997,0.09199101148480447,0.8393348984418194,0.98286291910059
2632.5304773214707,0.9999999999999997,0.09199028075450752,0.83933647794432,0.9828615527814752
2633.534546807441,0.9999999999999997,0.09199114593234782,0.8393374193819036,0.9828594469812616
2634.543558140701,0.9999999999999997,0.091991672114882,0.8393381581452116,0.9828570842265169
2635.547583389281,0.9999999999999997,0.09199098910739167,0.8393393454918867,0.9828552584343431
2636.5566336514507,0.9999999999999997,0.09198902848986493,0.8393413933149012,0.9828544312920492
2637.557659958891,0.9999999999999997,0.0919911410406278,0.8393423534116619,0.9828523814192742
2638.5577413556907,0.9999999999999997,0.09199058073051021,0.8393434252811364,0.9828504577892806
2639.559935176331,0.9999999999999997,0.09198959460248203,0.839345102460095,0.9828492403957452
2640.561827121021,0.9999999999999997,0.09198900116367621,0.8393469240711667,0.9828482081450322
2641.567843759941,0.9999999999999997,0.09198897647337999,0.8393485981047327,0.9828470051437315
2642.568064592991,0.9999999999999997,0.0919899117516086,0.8393496645723405,0.982845114555764
2643.574869365251,0.9999999999999997,0.09199059781131289,0.8393504635073953,0.9828428819500864
2644.5799909933007,0.9999999999999997,0.0919933696242624,0.8393501459985936,0.982839331302879
2645.5819091265207,0.9999999999999997,0.09199291433007771,0.8393501960186607,0.9828361797441578
2646.588964459361,0.9999999999999997,0.09199328627932457,0.8393504082493702,0.9828331768276543
2647.597111217081,0.9999999999999997,0.09198972789601528,0.8393522861737874,0.9828321041162055
2648.605154990151,0.9999999999999997,0.09199197534840725,0.8393537128008906,0.9828305367932915
2649.613151694641,0.9999999999999997,0.0919901327077773,0.8393550504947584,0.9828288784777387
2650.623869883361,0.9999999999999997,0.09198956171847658,0.8393568520657084,0.9828277657758099
2651.626265780391,0.9999999999999997,0.0919899518900207,0.8393581938267861,0.9828261669350242
2652.628459601031,0.9999999999999997,0.09199052065463113,0.8393592843686402,0.9828242757199999
2653.637353085891,0.9999999999999997,0.09199164672636775,0.8393597597900374,0.9828216291603633
2654.643321948431,0.9999999999999997,0.09199125713184497,0.8393606156160491,0.9828194276067695
2655.649418568551,0.9999999999999997,0.09199180103071367,0.8393613736760528,0.9828171067210535
2656.651471891241,0.9999999999999997,0.09199204229076176,0.8393620960215292,0.9828147468303041
2657.652490059001,0.9999999999999997,0.09199172777631943,0.8393631230894748,0.9828127455967742
2658.653481684341,0.9999999999999997,0.09199082082493404,0.8393645786930616,0.9828112498425727
2659.653526629521,0.9999999999999997,0.09199011865084261,0.8393662337170896,0.9828100069435972
2660.6565443273107,0.9999999999999997,0.09198987425847373,0.8393678675967845,0.9828087452571558
2661.665631041091,0.9999999999999997,0.0919900341814602,0.8393692783392863,0.982807214858149
2662.675605333861,0.9999999999999997,0.09198929263400729,0.8393710020811359,0.9828060563223436
2663.679740645061,0.9999999999999997,0.09199170336984723,0.8393717347868295,0.9828037677336997
2664.684758226771,0.9999999999999997,0.0919920856542123,0.8393720391801012,0.9828009541404598
2665.6867786368407,0.9999999999999997,0.09199391796592811,0.8393717134269236,0.9827973808565333
2666.686857910241,0.9999999999999997,0.09199083895167373,0.8393728823054657,0.9827955303349937
2667.6908477689108,0.9999999999999997,0.09199175648985208,0.839374058917675,0.9827936903705216
2668.6928975526107,0.9999999999999997,0.09199214941728037,0.8393748153610123,0.982791368753412
2669.7019127787607,0.9999999999999997,0.09199051380116918,0.8393764091644832,0.982790004400508
2670.711000554241,0.9999999999999997,0.09199210522694466,0.8393772748616205,0.9827878045022487
2671.720018965481,0.9999999999999997,0.09199136006032714,0.8393782962551748,0.9827857815681705
2672.724035720481,0.9999999999999997,0.09199082944468309,0.839379729331315,0.9827842619203265
2673.734184131621,0.9999999999999997,0.09199213979527096,0.8393804499712182,0.9827818946295737
2674.7431317630408,0.9999999999999997,0.09199161552869828,0.8393815237267517,0.9827799392450411
2675.746223071851,0.9999999999999997,0.09199129996202128,0.8393827273052834,0.9827781567716742
2676.754203850881,0.9999999999999997,0.09199135979135754,0.8393838747411133,0.9827762960299445
2677.757226149351,0.9999999999999997,0.09199495435755332,0.8393833946115515,0.9827725446422464
2678.758288908411,0.9999999999999997,0.091995042275164,0.8393828830621032,0.9827687174060985
2679.765291864171,0.9999999999999997,0.09199226246933523,0.839384091393231,0.9827668510650336
2680.7684992518907,0.9999999999999997,0.09199591762793084,0.8393839666603543,0.9827634533777452
2681.778139463891,0.9999999999999997,0.0919912849126002,0.8393854286795865,0.9827618636342499
2682.778456911401,0.9999999999999997,0.09199295702761659,0.8393868960483588,0.9827603429379627
2683.788459869991,0.9999999999999997,0.09199219458760319,0.8393881117238948,0.9827585154104146
2684.792520154591,0.9999999999999997,0.09199263304829124,0.8393890990493313,0.9827564501300516
2685.801562277071,0.9999999999999997,0.0919907160930904,0.8393909240527695,0.9827553543276749
2686.808591421371,0.9999999999999997,0.09199191769293062,0.8393922563753297,0.9827537139199412
2687.818561113451,0.9999999999999997,0.09199195994894765,0.8393932743541073,0.9827517012615704
2688.822663158141,0.9999999999999997,0.09199187852110649,0.8393943825169845,0.9827498127952131
2689.828760132161,0.9999999999999997,0.09199173592006682,0.8393955600840172,0.9827480005392472
2690.832752114221,0.9999999999999997,0.09199111612973705,0.8393971360363546,0.982746674872172
2691.833768866391,0.9999999999999997,0.0919911344779714,0.8393985697395033,0.9827451963282091
2692.8408259687208,0.9999999999999997,0.09199379903457554,0.8393986220004183,0.9827420819758281
2693.843839419721,0.9999999999999997,0.09199423218142455,0.839398528524343,0.9827387766800469
2694.852908438541,0.9999999999999997,0.09199414626768045,0.8393988768929782,0.9827359389991281
2695.859910686511,0.9999999999999997,0.09199128014214807,0.8394006619719041,0.9827347825025264
2696.860976276761,0.9999999999999997,0.0919919765871541,0.8394021687566754,0.9827333483892013
2697.864997632451,0.9999999999999997,0.0919926234466365,0.8394030670162675,0.9827312054295265
2698.871032674121,0.9999999999999997,0.09199101887701182,0.8394047043128128,0.9827299237430802
2699.871138489961,0.9999999999999997,0.0919905434850156,0.8394065078553224,0.9827288748589896
2700.872146394651,0.9999999999999997,0.09199183452379799,0.8394075040222743,0.9827268916549702
2701.873159607831,0.9999999999999997,0.0919924286370245,0.8394081797191537,0.9827245281240257
2702.8772722694907,0.9999999999999997,0.09199251016982851,0.8394089590644584,0.9827222609101931
2703.886267677291,0.9999999999999997,0.09199199258427708,0.8394101362525351,0.9827204431767618
2704.892298118281,0.9999999999999997,0.09199118594979334,0.8394116465697159,0.9827190301102285
2705.901332454991,0.9999999999999997,0.09199121975067677,0.8394129488869795,0.9827173718441259
2706.911380712671,0.9999999999999997,0.09199249824055493,0.8394135807673168,0.9827149253301947
2707.919413160971,0.9999999999999997,0.09199203227100178,0.8394145267636359,0.982712843811814
2708.925426968701,0.9999999999999997,0.09199191193707168,0.8394156519084657,0.9827109769814197
2709.934499880411,0.9999999999999997,0.09199116766631174,0.8394172026695707,0.9827096063111336
2710.939502952261,0.9999999999999997,0.09198936802283411,0.8394194621242154,0.9827090953094029
2711.941586002471,0.9999999999999997,0.09199074522283118,0.8394207844516782,0.9827075195042883
2712.945624345321,0.9999999999999997,0.09199238967036034,0.8394212303409253,0.9827049073707014
2713.946737358051,0.9999999999999997,0.09199372216441759,0.8394212147597593,0.9827017408818424
2714.952694541921,0.9999999999999997,0.09199616399333818,0.839420504765202,0.9826977195720733
2715.9568716132208,0.9999999999999997,0.09199682928936687,0.8394197730591706,0.9826936340938175
2716.964775242241,0.9999999999999997,0.09199255471130913,0.8394210346247386,0.9826918249218864
2717.968802260311,0.9999999999999997,0.0919924102901724,0.8394228679383098,0.9826907116499627
2718.977904191751,0.9999999999999997,0.09198988217150245,0.83942531492476,0.9826903411412986
2719.9829008934107,0.9999999999999997,0.09199001772569657,0.8394276142592335,0.9826898618953278
2720.985966013681,0.9999999999999997,0.09199332773069331,0.8394280509524751,0.9826872388975921
2721.990023820981,0.9999999999999997,0.09199356060971793,0.8394281865801332,0.982684234065889
2722.995023707731,0.9999999999999997,0.09199277942308692,0.8394290977058032,0.9826821100780943
2724.005089660371,0.9999999999999997,0.0919927413582855,0.8394300679978117,0.9826800368861339
2725.009065009181,0.9999999999999997,0.09199105292252177,0.8394318227431871,0.9826789060604202
2726.016108663341,0.9999999999999997,0.0919924294571339,0.8394330578476765,0.9826771757687438
2727.0251387532608,0.9999999999999997,0.09199319841147911,0.8394335817347203,0.9826746086236616
2728.031202460761,0.9999999999999997,0.09199331536682863,0.8394341903111745,0.9826721321167425
2729.0402389208607,0.9999999999999997,0.09199137953750797,0.8394357172746311,0.9826707157063541
2730.047327874121,0.9999999999999997,0.0919917063288693,0.8394371861345743,0.9826692549882156
2731.056329652111,0.9999999999999997,0.09199155063022584,0.8394385313334992,0.9826676558190715
2732.062333196761,0.9999999999999997,0.09199389571824382,0.839438843673932,0.9826648605012213
2733.071388767411,0.9999999999999997,0.0919937186031382,0.839439133158251,0.9826620034809954
2734.073450937581,0.9999999999999997,0.09199365010492531,0.8394397943338888,0.9826595849181283
2735.0824265270307,0.9999999999999997,0.09199225374894134,0.8394412860467614,0.982658119157671
2736.082698321561,0.9999999999999997,0.09199253958476226,0.8394424293439928,0.9826562843273411
2737.092613867071,0.9999999999999997,0.09199314637071977,0.839443222760164,0.9826540113944522
2738.122600093321,0.9999999999999997,0.09199340117543443,0.8394439273156605,0.9826515658771378
2739.127865404411,0.9999999999999997,0.09199227353705139,0.8394451263343484,0.9826497734048526
2740.136860458321,0.9999999999999997,0.09199211408113774,0.83944653199971,0.9826482189643168
2741.139885587981,0.9999999999999997,0.09199253825449172,0.8394474947641288,0.9826461763481765
2742.149278778401,0.9999999999999997,0.09199182113337369,0.8394488599459095,0.9826445862797561
2743.151012884081,0.9999999999999997,0.09199275318462505,0.839449933509151,0.9826426892289156
2744.153052050811,0.9999999999999997,0.09199430193734216,0.8394500735811191,0.9826396920675774
2745.154393328471,0.9999999999999997,0.09199584550853214,0.8394496990311187,0.9826360705469472
2746.163087214221,0.9999999999999997,0.09199486483444666,0.8394500243592901,0.9826332092387232
2747.1711706240008,0.9999999999999997,0.09199137687717664,0.8394522138382549,0.9826325285205141
2748.178205430681,0.9999999999999997,0.09199302449455647,0.839453616975642,0.9826309708708733
2749.186264067521,0.9999999999999997,0.0919900839254707,0.839455837275522,0.9826303816588325
2750.197070731021,0.9999999999999997,0.09199400888276428,0.8394564670252173,0.9826279554317329
2751.197110721621,0.9999999999999997,0.09199360697486171,0.839456807410893,0.9826252052455411
2752.201164282131,0.9999999999999997,0.09199228334676345,0.8394581424531783,0.9826235913715097
2753.2053877142107,0.9999999999999997,0.09199205072038448,0.8394596080221846,0.9826221405744342
2754.2062452117807,0.9999999999999997,0.09199218304871132,0.8394608287970636,0.9826204254976562
2755.214228114201,0.9999999999999997,0.09199260273079073,0.83946179439105,0.9826183903226043
2756.2254123880607,0.9999999999999997,0.09199272306729485,0.8394627563452114,0.9826163380904348
2757.2313472762808,0.9999999999999997,0.09199218309579342,0.8394640433003037,0.9826146841747172
2758.238353063241,0.9999999999999997,0.09199195016790737,0.8394654401802347,0.9826131613416825
2759.241416767911,0.9999999999999997,0.09199418841854842,0.8394659211611173,0.9826105854457909
2760.242460062521,0.9999999999999997,0.09199633690403193,0.8394653461911996,0.9826067618772019
2761.247907985551,0.9999999999999997,0.09199605528647894,0.8394649700668906,0.9826031143938653
2762.249545122881,0.9999999999999997,0.09199542345660047,0.8394652618229339,0.9826002255745141
2763.256548786441,0.9999999999999997,0.09199309847034619,0.839466692479609,0.9825986413226747
2764.266600937011,0.9999999999999997,0.09199378056333246,0.8394679679732183,0.9825968897245158
2765.2676074261108,0.9999999999999997,0.09199405109265607,0.8394688559192096,0.9825947291781096
2766.274715136011,0.9999999999999997,0.09199236109332583,0.8394705233050158,0.9825934680814318
2767.2807445153007,0.9999999999999997,0.09199330499455412,0.8394717480940954,0.9825917171304743
2768.280751593281,0.9999999999999997,0.09199426755608994,0.8394723247264094,0.9825892308816476
2769.2908044516607,0.9999999999999997,0.09199422542628412,0.8394730226832466,0.9825868433284124
2770.298811419221,0.9999999999999997,0.09199341766443783,0.839474204057528,0.9825850272716619
2771.298921127951,0.9999999999999997,0.09199330302019557,0.839475377904036,0.9825832344064427
2772.302964425381,0.9999999999999997,0.09199384386896714,0.8394760782859698,0.9825808742706711
2773.307102567781,0.9999999999999997,0.09199163572585974,0.8394779616242976,0.9825799003658525
2774.313002066091,0.9999999999999997,0.09199366968327921,0.839479009235798,0.9825779696263495
2775.315053619291,0.9999999999999997,0.09199274274196213,0.8394800939509869,0.9825760914897663
2776.316199190731,0.9999999999999997,0.09199265428115311,0.8394813415895417,0.9825744105493791
2777.317104818581,0.9999999999999997,0.09199286513390403,0.8394823992886453,0.9825725102068423
2778.3271704173208,0.9999999999999997,0.09199324052615168,0.8394832954767795,0.9825703912903946
2779.329163931061,0.9999999999999997,0.09199407970138775,0.839483722941424,0.9825677353410335
2780.337261850701,0.9999999999999997,0.0919928232773524,0.8394848851462271,0.9825659150026091
2781.340290873261,0.9999999999999997,0.09199161437709685,0.8394867456659365,0.9825649381875576
2782.348315889681,0.9999999999999997,0.09199310668390613,0.8394877394834064,0.9825629519368634
2783.356086806531,0.9999999999999997,0.09199129161409356,0.8394895016978556,0.9825618653736459
2784.360419593441,0.9999999999999997,0.09199654382603567,0.8394891704489211,0.9825583591149637
2785.3624470815007,0.9999999999999997,0.09199447338116148,0.8394891552282748,0.9825551804645383
2786.367489436141,0.9999999999999997,0.09199498358770365,0.8394897148342808,0.9825526394802976
2787.369494628551,0.9999999999999997,0.09199562241773637,0.8394899532407296,0.9825497190632652
2788.370587469031,0.9999999999999997,0.09199666478472054,0.8394898137491859,0.9825463417171821
2789.373426093861,0.9999999999999997,0.09199692422764971,0.8394897347983227,0.9825430097584458
2790.382698604681,0.9999999999999997,0.09199467832413569,0.8394908977340741,0.9825411002864953
2791.3916731324307,0.9999999999999997,0.09199292749098067,0.839492958905442,0.9825402671904698
2792.395630432381,0.9999999999999997,0.09199216392174674,0.8394950617187723,0.98253953370808
2793.3967409678207,0.9999999999999997,0.09198991550037924,0.8394976514794081,0.9825394141111116
2794.404784740891,0.9999999999999997,0.0919945095651274,0.8394986089550833,0.9825374098852687
2795.404921699851,0.9999999999999997,0.09199276830248447,0.8394993656977616,0.9825351888932117
2796.405859532521,0.9999999999999997,0.09199295406627334,0.8395005011285394,0.9825333991982128
2797.4119062528607,0.9999999999999997,0.0919922579835772,0.8395019191701727,0.9825319246430322
2798.412939638291,0.9999999999999997,0.09199285787765539,0.8395030208491799,0.982530101797548
2799.416067752601,0.9999999999999997,0.09199405083751022,0.839503566738773,0.9825276183815108
2800.416997799491,0.9999999999999997,0.09199332010936997,0.8395044900837411,0.9825255679467927
2801.424070827281,0.9999999999999997,0.0919927514481263,0.8395058033680289,0.9825239541109648
2802.4281866740307,0.9999999999999997,0.09199314398554163,0.8395067790479925,0.9825219582541879
2803.430160015521,0.9999999999999997,0.09199404243708124,0.8395073673700401,0.9825195113240934
2804.432165915721,0.9999999999999997,0.09199426863353406,0.8395080411675958,0.9825171543699474
2805.436199657881,0.9999999999999997,0.09199288843690727,0.8395094242264323,0.9825156172064042
2806.443256406311,0.9999999999999997,0.09199315199781727,0.839510634395725,0.9825138805242206
2807.452288265731,0.9999999999999997,0.09199550600371359,0.8395107121336988,0.9825108124096811
2808.459332627691,0.9999999999999997,0.09199620733108965,0.8395104827771083,0.9825073579383006
2809.4633830031107,0.9999999999999997,0.09199302161768942,0.8395118528989195,0.9825057623436589
2810.4694120285008,0.9999999999999997,0.09199184372395064,0.8395140643849609,0.9825051697803067
2811.471383954391,0.9999999999999997,0.09199282977603118,0.8395154652591801,0.9825036789349729
2812.4755118337107,0.9999999999999997,0.09199483837410859,0.8395157020861009,0.9825008202265889
2813.476534248261,0.9999999999999997,0.09199598905495524,0.8395155384673505,0.9824974783760505
2814.505245022091,0.9999999999999997,0.09199547955004211,0.8395158546737237,0.9824945841259104
2815.514618748051,0.9999999999999997,0.09199299184763225,0.8395173217101267,0.9824930857191563
2816.517699085981,0.9999999999999997,0.09199333032807062,0.8395189317740752,0.9824917951555845
2817.522718791081,0.9999999999999997,0.09199294329420427,0.8395203966921265,0.9824903545718612
2818.525740381761,0.9999999999999997,0.09199499320558176,0.8395208585464036,0.982487758659967
2819.526778721781,0.9999999999999997,0.0919950762445143,0.8395212287219,0.9824850443245458
2820.526810218801,0.9999999999999997,0.09199627280208707,0.8395211974565363,0.9824818406759607
2821.530852808431,0.9999999999999997,0.09199776430551927,0.8395206225330428,0.9824779606217341
2822.533086973571,0.9999999999999997,0.0919963588170725,0.8395210126464134,0.9824751881322389
2823.542906612421,0.9999999999999997,0.0919929411740636,0.8395232290813184,0.9824745349492814
2824.547960999641,0.9999999999999997,0.0919920952072582,0.8395257236030936,0.9824742721984898
2825.557180779491,0.9999999999999997,0.09199641479905295,0.8395259429469165,0.9824713756569176
2826.5620330903107,0.9999999999999997,0.09199560618563724,0.8395261103615834,0.982468403106421
2827.5630958493607,0.9999999999999997,0.09199412536830426,0.8395273952925469,0.9824667365800841
2828.5701225163707,0.9999999999999997,0.09199342987858049,0.8395289949518905,0.982465433829346
2829.575138682481,0.9999999999999997,0.09199339960704546,0.8395303864368021,0.9824639167951491
2830.576214535801,0.9999999999999997,0.09199397113708335,0.8395313301397179,0.9824618913580071
2831.577229872371,0.9999999999999997,0.09199445682394561,0.8395320971060822,0.9824596565797366
2832.584267510251,0.9999999999999997,0.09199408046931874,0.8395331926693429,0.9824577869078044
2833.588322840251,0.9999999999999997,0.09199434126120996,0.8395341223644902,0.9824557339409006
2834.598342786011,0.9999999999999997,0.09199300654676285,0.8395356370467969,0.9824543449518757
2835.605437047751,0.9999999999999997,0.09199277504173255,0.8395372218861511,0.9824530645252311
2836.605447310821,0.9999999999999997,0.09199197753580131,0.8395390402571749,0.9824521008372855
2837.611473505021,0.9999999999999997,0.09199489619732205,0.8395394475183471,0.9824494762671
2838.618515035791,0.9999999999999997,0.09199631591695558,0.8395390236970964,0.9824458474079706
2839.623563406721,0.9999999999999997,0.0919945562024618,0.8395396971393927,0.982443470030695
2840.623602689521,0.9999999999999997,0.09199359460287067,0.839541155598452,0.9824420275034484
2841.629637731201,0.9999999999999997,0.0919937386816948,0.83954239701168,0.9824403285779408
2842.6376475299608,0.9999999999999997,0.09199336483031238,0.8395437928330566,0.9824388194349878
2843.641690473491,0.9999999999999997,0.09199294949438441,0.8395452361782703,0.9824373861720612
2844.641755237031,0.9999999999999997,0.0919933465627717,0.8395463435607357,0.982435579428804
2845.651791462141,0.9999999999999997,0.09199465358726974,0.8395467729096552,0.98243294272869
2846.653847969921,0.9999999999999997,0.09199456811750971,0.8395473898093487,0.9824305359848019
2847.654855166821,0.9999999999999997,0.0919950879393689,0.8395478713101021,0.9824279619761648
2848.655911201791,0.9999999999999997,0.09199356114629983,0.8395491620219087,0.9824263283652341
2849.663955682661,0.9999999999999997,0.09199426270441355,0.839550134053222,0.9824243107534839
2850.6719778678907,0.9999999999999997,0.09199409074669036,0.8395511961306568,0.9824224012473634
2851.678018571951,0.9999999999999997,0.09199402957194078,0.8395522382828142,0.9824204779219257
2852.685044531161,0.9999999999999997,0.09199443143119668,0.8395530899506138,0.9824183301632828
2853.690102811261,0.9999999999999997,0.09199391653430752,0.8395541247023193,0.982416400369356
2854.697128062671,0.9999999999999997,0.09199535452758047,0.8395546704047266,0.9824138926795564
2855.703190000681,0.9999999999999997,0.09199452620263496,0.8395555704790499,0.9824117928340995
2856.708204397301,0.9999999999999997,0.09199397037999321,0.8395567477014293,0.982410022330148
2857.711248991421,0.9999999999999997,0.09199426288550357,0.8395576787233774,0.9824079760338904
2858.7203134095507,0.9999999999999997,0.09199396103640355,0.8395588451301366,0.9824061898117421
2859.729351285251,0.9999999999999997,0.09199345678498722,0.8395601761314493,0.9824046014336846
2860.734404610771,0.9999999999999997,0.09199674832878238,0.839559929907898,0.9824011838858728
2861.743499818131,0.9999999999999997,0.09199417022189893,0.8395607888655404,0.9823990132945003
2862.744439066391,0.9999999999999997,0.09199397859626,0.8395621958213499,0.9823975157290242
2863.7484820099207,0.9999999999999997,0.09199425451047376,0.8395632988659681,0.9823956677419599
2864.757531210391,0.9999999999999997,0.09199574580952578,0.8395636000330745,0.9823928659027781
2865.7605733272208,0.9999999999999997,0.09199473067357569,0.8395644403241876,0.9823906988321245
2866.765580999751,0.9999999999999997,0.09199398049887413,0.839565798244216,0.9823891365904277
2867.772662875021,0.9999999999999997,0.09199351286906696,0.8395672759536829,0.9823877237747765
2868.776714666031,0.9999999999999997,0.0919935883225647,0.8395685478110277,0.982386091478496
2869.783748764921,0.9999999999999997,0.0919943572838329,0.8395693433862282,0.9823838945635026
2870.795383198461,0.9999999999999997,0.09199443368378571,0.8395701900364793,0.9823817381693333
2871.802816495551,0.9999999999999997,0.09199410780849557,0.8395712637802237,0.9823798595210863
2872.809819097421,0.9999999999999997,0.09199421196822513,0.8395722509948205,0.982377882266164
2873.814894718581,0.9999999999999997,0.09199453380220468,0.8395730623609093,0.9823757031425068
2874.818965974051,0.9999999999999997,0.0919947815377954,0.83957376593034,0.9823733915486016
2875.821947220221,0.9999999999999997,0.09199501492895434,0.8395744404841384,0.9823710461009645
2876.831990523321,0.9999999999999997,0.09199423378209663,0.8395757087334869,0.9823693758845324
2877.841040077691,0.9999999999999997,0.09199591283154308,0.8395762458550956,0.982366859190143
2878.845034890951,0.9999999999999997,0.09199668098464808,0.8395761294417161,0.9823635762009755
2879.8481350472307,0.9999999999999997,0.09199517483678385,0.8395769627541305,0.9823613840230893
2880.8541757512908,0.9999999999999997,0.0919938431260775,0.8395785299152029,0.9823600465536819
2881.8631665584007,0.9999999999999997,0.09199444703801653,0.839579713117672,0.9823582737501639
2882.864240642231,0.9999999999999997,0.0919933501049038,0.839581348410013,0.9823570683616617
2883.869468440021,0.9999999999999997,0.09199432328719533,0.8395823246304487,0.9823550915178682
2884.870309304321,0.9999999999999997,0.09199429864992327,0.8395833191523416,0.9823531512751682
2885.878345999411,0.9999999999999997,0.0919957017894906,0.8395836576484351,0.9823504160406639
2886.881412535281,0.9999999999999997,0.0919975595564116,0.8395831510219415,0.9823466822035495
2887.889393668211,0.9999999999999997,0.09199388172901671,0.8395844632435933,0.9823450297884465
2888.899032818511,0.9999999999999997,0.09199474186542182,0.839585854491339,0.9823434876845983
2889.905773888931,0.9999999999999997,0.09199308026883501,0.839587573751151,0.9823423545116354
2890.910529231391,0.9999999999999997,0.09199555662654219,0.8395881704519993,0.9823399345128542
2891.910572760981,0.9999999999999997,0.09199629612348817,0.8395882894470726,0.9823369558670981
2892.918664310441,0.9999999999999997,0.09199527440614504,0.8395891708527293,0.982334826620506
2893.927614065261,0.9999999999999997,0.09199461563782074,0.8395903829650831,0.982333085408392
2894.932742771291,0.9999999999999997,0.09199404150266025,0.8395918322987289,0.9823316499779919
2895.942775811311,0.9999999999999997,0.09199373374129706,0.8395932715519399,0.9823302019584207
2896.946659500241,0.9999999999999997,0.09199405067474277,0.8395944423850139,0.9823284664036561
2897.9568234829408,0.9999999999999997,0.09199496019437377,0.8395949270982008,0.9823258981236372
2898.967253243871,0.9999999999999997,0.09199292371441581,0.8395965245688329,0.9823246306518797
2899.969889792311,0.9999999999999997,0.09199535006221873,0.8395970984061254,0.9823222059963832
2900.9729478345907,0.9999999999999997,0.09199472311069563,0.8395978076592165,0.9823199234751934
2901.982028532091,0.9999999999999997,0.09199555600760217,0.8395983779339753,0.9823174519681183
2902.984105212121,0.9999999999999997,0.09199782419600058,0.8395979612184925,0.9823138327971106
2903.992671340291,0.9999999999999997,0.09199524140210197,0.839598762814517,0.9823115862568225
2904.999117966641,0.9999999999999997,0.09199521769341129,0.8395999710698899,0.9823098300296005
2906.0091566690508,0.9999999999999997,0.09199468273922962,0.8396012851940181,0.9823082042962817
2907.017198318731,0.9999999999999997,0.09199463881805242,0.8396024785190047,0.9823064559581305
2908.0212299374907,0.9999999999999997,0.09199465503782119,0.8396035687299792,0.9823046072589827
2909.024017954751,0.9999999999999997,0.09199484586042486,0.8396044594848797,0.9823025313796485
2910.025307917041,0.9999999999999997,0.09199519559726357,0.8396052456945059,0.9823003362554881
2911.035308398341,0.9999999999999997,0.09199624435243087,0.8396055384861992,0.9822975275350588
2912.035394041931,0.9999999999999997,0.09199614869369448,0.8396060367250554,0.9822949770401427
2913.035654511681,0.9999999999999997,0.09199421513783833,0.839607518578716,0.9822935748824893
2914.041453856541,0.9999999999999997,0.09199463450843479,0.8396088170325983,0.9822919610413713
2915.042487595871,0.9999999999999997,0.09199419889446318,0.8396101614635039,0.9822904304577826
2916.047554369551,0.9999999999999997,0.09199346285923947,0.8396117764751087,0.982289216556077
2917.050554018481,0.9999999999999997,0.09199376284094486,0.8396130274369291,0.98228759457912
2918.056624450071,0.9999999999999997,0.09199409211671485,0.8396140978155551,0.9822857561734086
2919.061623982921,0.9999999999999997,0.091994568203607,0.8396148130325936,0.9822834970778126
2920.070668582711,0.9999999999999997,0.09199442232857878,0.8396158297327226,0.9822815783502059
2921.074715065231,0.9999999999999997,0.09199408624476943,0.8396170836552281,0.9822799539796133
2922.078779950511,0.9999999999999997,0.09199787882754945,0.8396166517863769,0.9822763578656786
2923.080816639941,0.9999999999999997,0.09199813278422557,0.839616018348903,0.9822724846988365
2924.087894622321,0.9999999999999997,0.09199883335534365,0.8396154826996932,0.9822686670942907
2925.092910434531,0.9999999999999997,0.09199644390408436,0.8396163118793477,0.98226642773633
2926.096920111551,0.9999999999999997,0.09199407301407604,0.8396184540674533,0.9822657455650173
2927.102969309191,0.9999999999999997,0.09199620285952109,0.8396194414689607,0.9822637484586474
2928.103479631721,0.9999999999999997,0.09199528159558702,0.8396204058991134,0.982261746137593
2929.108054131731,0.9999999999999997,0.0919957740685127,0.8396211658089593,0.9822594968247532
2930.110100376441,0.9999999999999997,0.09199356659669766,0.8396229805317899,0.9822584919091247
2931.115132114111,0.9999999999999997,0.09199519703734842,0.8396241571715619,0.9822567599726635
2932.123436710841,0.9999999999999997,0.09199607058017034,0.8396245501751612,0.9822541006088245
2933.135192885671,0.9999999999999997,0.09199483447838862,0.839625694219182,0.9822522989405468
2934.142267329051,0.9999999999999997,0.09199379594891109,0.8396273759778757,0.9822511514603133
2935.150262617951,0.9999999999999997,0.0919945478587985,0.8396285173896801,0.9822493831165748
2936.152325142011,0.9999999999999997,0.09199482974705223,0.8396294360135711,0.9822473745212341
2937.155404418251,0.9999999999999997,0.09199559381701645,0.8396299133144163,0.9822448363803291
2938.1633731647107,0.9999999999999997,0.0919949357640495,0.8396309264721337,0.9822429042262624
2939.166436515481,0.9999999999999997,0.09199476989170763,0.8396320398334925,0.9822411067656632
2940.166484645761,0.9999999999999997,0.09199641585728767,0.8396322749089286,0.9822382884146026
2941.171496211191,0.9999999999999997,0.09199823251420143,0.8396317340559493,0.9822345216412015
2942.171796671541,0.9999999999999997,0.09199609585595506,0.8396324285098411,0.982232184769373
2943.179508841141,0.9999999999999997,0.09199716417944427,0.8396329812194092,0.982229661576665
2944.181572073001,0.9999999999999997,0.09199651465974121,0.8396337268775669,0.982227378419546
2945.1866791911907,0.9999999999999997,0.0919961054806881,0.8396347334969817,0.9822253979499159
2946.199819111571,0.9999999999999997,0.09199646718816872,0.8396354992948035,0.9822231167578788
2946.852736443571,0.9999999999999997,0.09199720654683316,0.8396356074650595,0.9822211922324973
2946.8633422573507,0.9999999999999997,0.0919972185567767,0.8396356092221483,0.9822211609710239
2947.875078032421,0.9999985721815232,0.09200470936429074,0.8396335134716149,0.9822155312448587
2948.883131714671,0.9999937622459856,0.09200555843061255,0.8396302717231758,0.9822084746857248
2949.883183030041,0.999993297062058,0.09200569127821454,0.839628265421003,0.9822027965921121
2950.887234113251,0.9999929526294451,0.09200580154104213,0.8396267663767083,0.9821976536571136
2951.896231998351,0.9999926900989378,0.0920058939040996,0.8396256276227674,0.9821928856368156
2952.902282965491,0.9999924790414084,0.09200597352634936,0.8396247032081159,0.9821883667100616
2953.906336525991,0.9999923121804165,0.09200604108353402,0.839623965858463,0.9821840647452061
2954.908373215421,0.9999921711238706,0.09200610001932605,0.8396233460929782,0.9821799068372526
2955.916403186431,0.9999920590450136,0.0920061499733004,0.8396228560157517,0.9821758777159151
2956.875465551951,0.9999919748388313,0.09200571752434672,0.8396225118995237,0.9821721899642375
2957.883136172991,0.9999914747107332,0.09196786010470644,0.8396358492876856,0.9821842993089717
2958.890152930821,0.9999914649933157,0.09198260664890273,0.8396479629237344,0.9821954581559449
2959.897212510441,0.9999914655812026,0.09198924782763465,0.8396501016138329,0.982195243609429
2960.9022619430707,0.9999914660656916,0.09198942507868219,0.8396512301834793,0.9821938372855747
2961.9063066561007,0.9999914665019282,0.09199192336866972,0.8396521240031429,0.9821921029138702
2962.911327776801,0.9999914668416865,0.09199570478513062,0.8396516303711465,0.982188685626091
2963.913353141461,0.9999914671309459,0.09199573610841355,0.8396512320522296,0.9821852907007229
2964.918419915141,0.9999914673754984,0.09199774136922075,0.839650495790963,0.9821814283022249
2965.925428533291,0.9999914676660507,0.09199441011788459,0.8396513844559872,0.9821793942972639
2966.925487988351,0.9999914680136052,0.09199373075888768,0.8396531961221947,0.982178461946188
2967.935533060941,0.9999914683459653,0.09199458965434772,0.8396543256252198,0.9821767206301603
2968.9426382935508,0.9999914686655557,0.09199483971870803,0.8396552444671131,0.9821747404806587
2969.951641487141,0.9999914689759728,0.09199506538823955,0.8396560677618048,0.9821726347126407
2970.959630405851,0.9999914693041395,0.09199459954285139,0.8396572442962605,0.9821709446651927
2971.963746606501,0.999991469636253,0.0919943547151934,0.8396584687417661,0.9821693251949049
2972.967709214931,0.9999914699492535,0.09199500479419256,0.8396593005554747,0.9821672470591916
2973.974767378961,0.9999914702580809,0.0919952147363206,0.8396601191445766,0.9821651371883493
2974.9789702849007,0.9999914705951077,0.09199436658737171,0.8396614743423684,0.9821636661543566
2975.983833212691,0.9999914708937792,0.09199550147930169,0.8396620631473416,0.98216129545401
2976.985919094101,0.9999914711796954,0.091995810788927,0.8396625942778813,0.9821588521952518
2977.986939739161,0.999991471467731,0.09199570055344158,0.8396633092850442,0.9821566160475134
2978.997948832951,0.9999914718180449,0.0919932355869247,0.839665210645462,0.9821557363387676
2979.999011592001,0.9999914721435479,0.09199502419429328,0.8396662795679104,0.9821539393853748
2981.006516730621,0.9999914724605149,0.09199473180486076,0.8396672145204328,0.9821519647468201
2982.015079319801,0.9999914727776453,0.09199505469214095,0.8396681676906812,0.9821500069624177
2983.025124038491,0.9999914730660734,0.09199629440971939,0.8396685768386625,0.9821474052537894
2984.029219359101,0.9999914733300174,0.0919964951643785,0.8396688027442525,0.9821445878806303
2985.056377931381,0.999991473673777,0.0919933677992249,0.839670692294555,0.9821436301546311
2986.059243452551,0.9999914740120948,0.0919945481981093,0.8396721311764764,0.9821422495635843
2987.0672695306707,0.9999914743358492,0.09199459656124635,0.8396731746763741,0.9821404001971513
2988.073269536331,0.9999914746811112,0.09199371677051563,0.839674647563799,0.982139061975674
2989.073980873561,0.9999914750314348,0.09199373456567625,0.8396760850045287,0.9821377101812612
2990.077481643641,0.9999914753256967,0.09199614733662564,0.8396763231268389,0.9821349526649209
2991.079422072511,0.9999914756310213,0.09199475003810721,0.8396771569978765,0.9821328721731158
2992.079475865181,0.9999914759660627,0.09199410270277035,0.8396785407129274,0.9821314408355535
2993.088542052811,0.9999914762567922,0.09199609679495555,0.8396789075479312,0.9821287968528742
2994.094546659161,0.9999914765610065,0.091994937714875,0.8396798156435582,0.9821267781529223
2995.104580406981,0.9999914768593384,0.09199575232358183,0.8396805497585939,0.9821245435407411
2996.108602470461,0.9999914771264158,0.09199648904626918,0.8396808524563324,0.9821218106810262
2997.112655677071,0.999991477340235,0.09199819473806986,0.8396804110380819,0.9821181832167407
2998.115708056971,0.9999914775711429,0.09199761416342643,0.8396806316260587,0.9821153094076189
2999.1247646893307,0.9999914778819887,0.09199464663222501,0.8396824500803122,0.9821142820339333
3000.127791942391,0.9999914781513061,0.09199744497080536,0.8396830215307729,0.982111844879126
3001.130916517711,0.9999914783974673,0.09199697947431709,0.8396833291333249,0.9821090906207931
3002.138839965091,0.9999914786871706,0.09199570114933316,0.8396845978411241,0.9821074391219591
3003.140908505441,0.9999914789790078,0.09199587382247723,0.8396857308156299,0.9821056616698008
3004.140930801081,0.9999914792766581,0.09199555941561685,0.8396868638341535,0.9821039034939995
3005.1479808254307,0.9999914795769804,0.09199548021705957,0.8396879558588475,0.9821020822671327
3006.148226077521,0.9999914798524379,0.09199616655054026,0.8396886120339194,0.982099771678546
3007.149063048931,0.9999914801169877,0.09199652305686694,0.8396891631795814,0.9820973291477858
3008.1570732015907,0.999991480412018,0.09199557106533922,0.8396903144824792,0.9820955652441201
3009.1621410369708,0.9999914807301892,0.09199477817902982,0.8396917691739912,0.9820941784301245
3010.163181146491,0.9999914810344889,0.09199510172935019,0.8396928519877637,0.9820923783342846
3011.1652171281207,0.9999914813385551,0.09199531963068672,0.8396938663769264,0.9820905011773691
3012.173506153281,0.9999914816454745,0.09199527477557773,0.8396949000919275,0.9820886290560005
3013.178295116161,0.9999914819114508,0.09199700466656455,0.8396951713728187,0.9820858729489705
3014.187409434071,0.9999914821126944,0.09199911866165802,0.8396944782359212,0.9820819506337133
3015.1943865552007,0.9999914823773908,0.09199485401264382,0.8396956131117841,0.982080134467985
3016.197426902531,0.9999914826432168,0.09199836553685554,0.8396963984162833,0.9820779393317249
3017.200442830821,0.9999914828653114,0.09199807858157812,0.8396963895163266,0.9820748143660826
3018.204643259461,0.9999914831153222,0.09199700664473702,0.8396972132121006,0.9820726420830665
3019.206634649801,0.9999914834172584,0.09199528589313566,0.8396989072822963,0.9820715072888629
3020.2156792495907,0.9999914837014414,0.09199617107133136,0.8396999346700815,0.9820695924198823
3021.225674776301,0.999991483983171,0.09199619014471161,0.8397008750841793,0.9820675796515267
3022.227648471691,0.9999914842482198,0.09199684056627709,0.8397015294975242,0.982065258365284
3023.233789683101,0.9999914844806388,0.09199789819411867,0.839701675070161,0.9820623185818873
3024.240737076701,0.9999914847379499,0.09199667347874967,0.8397025024217649,0.9820601611111246
3025.244841952581,0.9999914850252789,0.09199592221062114,0.8397038050908626,0.9820585778138502
3026.253791353501,0.99999148533042,0.09199539600360616,0.8397052495400648,0.9820571604307451
3027.260045458731,0.9999914856405039,0.09199525217147288,0.8397066324418945,0.9820556937793266
3028.262899655131,0.9999914859074897,0.09199680272318889,0.8397071157451851,0.9820531917041376
3029.262946369811,0.9999914861731481,0.09199653933748136,0.8397077651116512,0.9820508818083007
3030.272972685751,0.9999914865282175,0.09199316845185405,0.8397100893605708,0.9820505056766088
3031.281030968691,0.999991486831626,0.09199665685510663,0.8397108922307709,0.9820483889790566
3032.282048428651,0.9999914870970018,0.09199648536726686,0.8397112536765424,0.9820457636453627
3033.287164040421,0.999991487376228,0.09199604580324984,0.8397120651219253,0.9820436374588929
3034.290149533391,0.9999914876559749,0.09199613571617495,0.8397129055264516,0.9820415486336741
3035.291155314681,0.9999914879484018,0.09199571729305167,0.8397139904728282,0.9820397523855002
3036.2964772496307,0.9999914882426796,0.09199568700825436,0.8397150299600642,0.9820378943202822
3037.305252178291,0.9999914885368674,0.09199584404112064,0.8397160090060235,0.9820359585233555
3038.310304442111,0.9999914887756534,0.09199801357044701,0.8397159664288433,0.9820328343651329
3039.313327802281,0.9999914889653759,0.09199932772066145,0.8397153897414935,0.9820290606020385
3040.313362838291,0.9999914891411666,0.09199959395782702,0.8397150745434355,0.9820255608901607
3041.319415574921,0.9999914893486325,0.09199857024931007,0.839715536763084,0.9820229373949645
3042.325449554901,0.9999914896115643,0.09199644544396142,0.8397170292874744,0.9820215235957934
3043.3324967480607,0.9999914898480835,0.09199824751559858,0.8397176345824974,0.9820190948701185
3044.340523533971,0.9999914900568702,0.09199856100368133,0.8397178350198979,0.9820161839692192
3045.3465617607408,0.999991490335413,0.09199556962075132,0.8397195129451341,0.9820150053589242
3046.346636079561,0.9999914906133953,0.09199658038839441,0.8397207993553409,0.9820134163562322
3047.350644694881,0.9999914908717636,0.09199703895138174,0.8397215717704087,0.9820112270775635
3048.358665818411,0.9999914911402465,0.09199664946676155,0.8397225676122119,0.9820092877705506
3049.3667159616707,0.9999914914320265,0.09199602820601277,0.8397238751770302,0.9820077264627838
3050.371749468831,0.9999914917539361,0.09199511623891382,0.8397255805254805,0.9820066572409256
3051.376834999171,0.9999914920621903,0.09199552133736127,0.8397268949063449,0.9820051397819355
3052.386827694701,0.9999914923418626,0.09199675323141852,0.839727561248462,0.9820028551457172
3053.390846573091,0.9999914926096868,0.09199667704905286,0.8397281688278718,0.9820005113584592
3054.393910985561,0.9999914928892677,0.09199598888847237,0.8397291386798298,0.9819985849336742
3055.4019250311107,0.9999914931714923,0.09199596740628004,0.839730126131276,0.9819966623373391
3056.406981541721,0.9999914934895808,0.09199460898700001,0.8397317576981593,0.9819955083562161
3057.412006201411,0.9999914938093427,0.091995152067679,0.8397331385729863,0.9819940815286229
3058.445701290421,0.9999914940597775,0.09199817021697618,0.8397329800132329,0.9819907695782285
3059.446137294141,0.9999914943411026,0.09199525136518527,0.8397340943411797,0.9819890148667869
3060.451201944431,0.9999914946292939,0.09199648173675211,0.8397350911739943,0.9819871192814674
3061.4601803650808,0.9999914948869553,0.09199701069884093,0.8397355335830861,0.9819845591862111
3062.466668043721,0.9999914951512555,0.0919966974586335,0.8397362665133746,0.9819823359779247
3063.476256232551,0.9999914954015569,0.09199731751381018,0.8397367604583288,0.9819798186475313
3064.486292457671,0.9999914956134851,0.09199874816150691,0.8397366574972784,0.9819765886876064
3065.493388488901,0.9999914958610653,0.09199614266773043,0.8397375828882502,0.9819745499584432
3066.503388616311,0.9999914961448301,0.09199610950519961,0.839739032347059,0.9819731245828401
3067.504405722371,0.9999914963950847,0.0919973598751579,0.8397395897721902,0.9819707040829331
3068.508515198941,0.9999914966796228,0.09199564127445711,0.8397409176270616,0.9819691728510106
3069.514581737641,0.9999914969719249,0.09199593114862152,0.8397421729220735,0.9819675673212331
3070.5235368009407,0.9999914972832176,0.09199512976089881,0.8397436568792092,0.9819662333707354
3071.531635782281,0.9999914975683534,0.09199620775637667,0.8397444963223893,0.9819641590581343
3072.536593555041,0.9999914978443155,0.09199610870830174,0.8397452726216791,0.9819620150076336
3073.544925048101,0.9999914981488579,0.09199515413835105,0.8397466141187251,0.98196052118177
3074.5466835728207,0.9999914983867907,0.09199842631527379,0.8397465517937838,0.9819574109955254
3075.555066381251,0.9999914986339636,0.09199670782620856,0.8397470806145142,0.9819549433382468
3076.5658549958907,0.9999914989068077,0.09199648351228874,0.8397481226330623,0.9819530638932767
3077.571783867831,0.9999914991855168,0.09199623202694113,0.8397491965683376,0.981951243548366
3078.575830704251,0.9999914994278704,0.09199785859134958,0.8397495003013922,0.9819485320723138
3079.5768888626208,0.9999914996792599,0.09199671441780513,0.8397502461027458,0.9819463313631334
3080.586303640881,0.9999914999153052,0.09199799337711331,0.8397506281847039,0.9819436791062015
3081.616706760291,0.9999915001875561,0.09199621340723328,0.8397517966633344,0.9819418727600153
3082.629814829751,0.9999915004892111,0.09199548701170474,0.8397533957019401,0.9819406390494227
3083.633538556281,0.9999915007761987,0.09199601190866526,0.8397544809157396,0.9819388547282647
3084.648316321791,0.9999915010516609,0.091996475289709,0.8397552881849292,0.9819367141756827
3085.662155192941,0.9999915013256666,0.09199645031292136,0.8397561288209044,0.981934612870415
3086.676118990481,0.9999915016331024,0.09199549007299498,0.8397575860987371,0.9819332368553763
3087.690182233661,0.9999915018562147,0.09199933824343866,0.8397572259674878,0.9819297430214171
3088.6967750203507,0.9999915020845651,0.09199695211019607,0.8397576299276738,0.9819271249774961
3089.699279918311,0.9999915023325675,0.09199770531236952,0.8397584175484549,0.981924963598757
3090.708250199281,0.9999915025567028,0.09199815319065344,0.8397587509485688,0.9819222471879948
3091.714350712291,0.9999915027894599,0.09199770253551756,0.8397593897203733,0.9819198888166685
3092.718341278761,0.9999915030560119,0.09199595523183651,0.8397607182663038,0.9819183438844605
3093.727435424421,0.9999915033008719,0.09199804124038978,0.8397613218885058,0.9819159540663868
3094.735432482811,0.9999915035433494,0.09199727855127322,0.8397620147902515,0.9819136674045459
3095.743521201071,0.9999915038151244,0.09199653658038723,0.8397632453128917,0.9819120141134378
3096.748583727971,0.9999915041098116,0.09199571621355339,0.8397647608991181,0.9819107183856939
3097.754561791881,0.9999915043982995,0.09199608135859405,0.8397659478721684,0.9819090519891341
3098.754658760241,0.9999915046580776,0.09199686176753163,0.8397665911135932,0.9819067697125635
3099.756051707171,0.9999915049196616,0.09199679574447167,0.8397673611618168,0.9819046261736261
3100.764077077501,0.9999915051752527,0.0919971703392706,0.8397680291240914,0.9819023394093871
3101.778061401181,0.9999915054564833,0.09199630621775161,0.8397691982182378,0.9819006197852478
3102.792019536331,0.9999915057334231,0.09199647146656632,0.8397701953122081,0.9818987049924364
3103.806024032261,0.9999915060136573,0.09199634416587422,0.8397712208498832,0.9818968268772378
3104.819976505031,0.9999915062612849,0.09199747978938991,0.8397716351073597,0.9818942311744357
3105.834340208571,0.999991506495911,0.09199784535651112,0.8397719817133885,0.9818915413329828
3106.847935597121,0.9999915067243564,0.09199798930621388,0.8397723862546104,0.9818889077688322
3107.861957788011,0.999991506966646,0.09199752723463062,0.8397731370111078,0.9818866719691101
3108.875907783481,0.9999915071910359,0.09199833461856977,0.8397735450549985,0.9818840336606585
3109.8899352828607,0.9999915074358687,0.09199744322746486,0.8397744374897114,0.9818819574097839
3110.904071075371,0.9999915077410522,0.09199503042596938,0.8397763944591582,0.9818811373581307
3111.917878449491,0.9999915080390144,0.09199604040919208,0.8397777640749222,0.9818796642263488
3112.931837292441,0.9999915083111145,0.09199661996952481,0.839778572106192,0.9818775419510254
3113.9458608989307,0.9999915085620552,0.09199730767601112,0.8397790754316901,0.9818750563314319
3114.9598232808708,0.9999915087967909,0.09199782959368791,0.8397794331455306,0.9818723877585251
3115.9738359164808,0.9999915090561324,0.09199675397971335,0.8397803979039525,0.9818704205073605
3116.987777418371,0.9999915093570132,0.0919955398985361,0.8397820067600245,0.9818692198702944
3118.001794654671,0.9999915096314718,0.0919964456936558,0.8397829333273656,0.9818672321646936
3119.015723416201,0.9999915098752145,0.09199760071833536,0.8397833170424691,0.9818646060075747
3120.029778165811,0.9999915101209007,0.09199752182609963,0.8397839133833482,0.981862216448954
3121.043714713111,0.9999915103460504,0.09199815645213895,0.8397842171821959,0.9818594758009005
3122.0458218284607,0.9999915105389298,0.0919992264134546,0.8397841280220031,0.9818562960122015
3123.056097289381,0.999991510785344,0.09199644375927357,0.8397853133042962,0.9818545653977196
3124.070081613071,0.9999915110740242,0.09199620779606668,0.8397869763239171,0.9818534044105894
3125.0840556736807,0.9999915113139636,0.09199818874909246,0.8397873962817839,0.9818508116367171
3126.098053091631,0.9999915115235516,0.0919986976558369,0.8397874754596579,0.9818478056748878
3127.112012288481,0.9999915117978346,0.09199581150588876,0.839789053865366,0.9818465398244502
3128.126024570191,0.9999915120813544,0.09199652787400331,0.839790414234852,0.9818450454744923
3129.139986244331,0.9999915123755799,0.0919959662879709,0.8397918175866829,0.9818436181350235
3130.1539426099907,0.9999915126288651,0.09199775914464806,0.8397922955616067,0.9818411178581257
3131.167959138491,0.9999915128907992,0.0919966702741827,0.8397931797223342,0.9818390788190055
3132.181960803231,0.9999915131356687,0.09199778437978164,0.83979370271761,0.9818366169134538
3133.1959132760007,0.9999915133555194,0.09199857754362091,0.8397938826336833,0.9818337424820872
3134.209919187531,0.9999915135857755,0.09199802017509028,0.8397944969030131,0.9818313588434484
3135.223870598591,0.9999915138224522,0.09199782550426093,0.8397952570576321,0.9818291434861632
3136.237986926651,0.9999915140580717,0.09199785336242275,0.8397959871002797,0.9818268930996586
3137.251861541611,0.9999915142862396,0.09199802470846048,0.8397966101795705,0.9818245165471028
3138.265870284331,0.9999915145271226,0.09199756722371598,0.8397974847683527,0.9818224345374913
3139.279830896771,0.9999915148200635,0.09199564590836463,0.8397992629524821,0.9818214212216368
3140.293782661741,0.9999915150872543,0.0919971155389061,0.8398002034577842,0.9818194522671426
3141.307784326481,0.9999915153551157,0.09199677633140496,0.839801193845739,0.9818175429326065
3142.3217845756308,0.9999915156128263,0.09199711418637195,0.8398019889017765,0.9818154058965795
3143.3357876559608,0.9999915158928852,0.09199627661801099,0.8398032264672998,0.9818137877913781
3144.3497457911108,0.9999915161684257,0.0919965294949423,0.8398042654520508,0.9818119453704166
3145.363714897141,0.9999915164224458,0.09199713203363834,0.8398049087057872,0.9818096381469541
3146.377720808671,0.9999915166729563,0.09199735104858069,0.8398055668503605,0.9818073421320116
3147.391687437401,0.9999915169416849,0.09199661731836978,0.8398066336536549,0.9818055209130673
3148.405686270941,0.9999915172208238,0.09199626047915951,0.8398078145813438,0.9818038395294958
3149.4196702407307,0.9999915174691028,0.09199757409424787,0.8398083243968844,0.9818013769890885
3150.433613158221,0.9999915176437871,0.09200021835753595,0.8398076328895732,0.9817974897853361
3151.4476197775507,0.9999915178428379,0.09199852779971243,0.8398079412017133,0.981794735176197
3152.461631705361,0.9999915180862256,0.09199751109436885,0.8398090950205702,0.9817929684615493
3153.475599749691,0.99999151833405,0.09199753418462037,0.8398101258153843,0.9817910731194986
3154.489583719471,0.9999915185759225,0.09199766754324139,0.839810970120343,0.9817889668230693
3155.503564150271,0.999991518853562,0.09199601418266273,0.8398124903679549,0.9817876567715857
3156.517546350561,0.9999915191356584,0.09199625935784332,0.8398138070821306,0.9817861317142134
3157.531548369201,0.999991519434167,0.09199588914604921,0.8398152734783269,0.9817847977756441
3158.545538001371,0.9999915196973155,0.09199710828348226,0.8398159642033879,0.9817825634859111
3159.5594943670208,0.9999915199950238,0.09199558411364793,0.8398173831983757,0.9817811812466805
3160.5734836453007,0.999991520277261,0.09199648664745136,0.8398183714449738,0.9817793028296731
3161.587477170361,0.9999915205793822,0.09199551589598175,0.8398197580906439,0.9817778916667572
3162.601449461471,0.9999915208223378,0.09199858246462729,0.8398198460804821,0.9817749681224773
3163.615429538371,0.9999915210461519,0.09199788068841738,0.8398200078278827,0.9817720998889901
3164.629434742101,0.9999915212700838,0.09199825315876049,0.8398203830499429,0.9817694614648743
3165.643389692161,0.9999915214933506,0.09199820747876504,0.8398208692439632,0.981766941449506
3166.657379678231,0.9999915217431297,0.09199721500098978,0.8398219016084332,0.9817650582596458
3167.671364709711,0.9999915220741459,0.0919942914658954,0.8398243533745597,0.981764850808994
3168.685352218491,0.9999915223261072,0.09199915295392193,0.8398245931237432,0.9817621003288384
3169.699333710981,0.999991522497661,0.0919999479259327,0.839823826572445,0.981758137666571
3170.713330775031,0.999991522681357,0.0919991274589726,0.839823854442128,0.9817550628973815
3171.727298465461,0.9999915229377001,0.09199646056363485,0.8398254261270289,0.9817537830000191
3172.741300130201,0.9999915232264618,0.0919962298149542,0.8398271616002219,0.9817527271378944
3173.755263927741,0.9999915234989967,0.0919967018601322,0.839828273656289,0.9817509689329752
3174.769250728711,0.999991523754467,0.0919972397549214,0.8398290397077556,0.9817488101256906
3175.7832300978107,0.9999915240098864,0.09199719459773054,0.8398298655894905,0.9817467191250561
3176.797227161861,0.9999915242890409,0.09199662443393938,0.8398311124624307,0.981745125262613
3177.811202638071,0.9999915244940453,0.09199988214975295,0.8398308239988618,0.9817417383557866
3178.825194747541,0.999991524683033,0.09199909284557369,0.8398307687361307,0.9817385867435923
3179.8395715453407,0.9999915248760612,0.09199913593508602,0.839831030888334,0.9817357835709605
3180.853137914171,0.9999915250955724,0.09199791306491395,0.8398319228922482,0.9817337110648815
3181.8671232995507,0.9999915253447385,0.09199732811443985,0.8398332105497348,0.9817321130956854
3182.881120363601,0.9999915255520273,0.09199945009622368,0.8398334484893665,0.9817293044325233
3183.895076375361,0.9999915258166177,0.0919959635320661,0.8398350665157215,0.9817280991902531
3184.909059991251,0.9999915260921781,0.09199730029885199,0.8398364697744911,0.9817266719294748
3185.923051392911,0.999991526345649,0.09199735452185029,0.839837306615446,0.9817245967992777
3186.937032531511,0.9999915265909217,0.09199754770837214,0.8398380566971628,0.9817224180272155
3187.9510111928007,0.9999915268313984,0.09199771310310292,0.8398387659153944,0.9817201877708395
3188.965020997231,0.9999915270755882,0.09199769924114674,0.8398395712107475,0.9817180685072389
3189.9789755933807,0.9999915273226047,0.09199758959540083,0.839840437065507,0.9817160201098879
3190.992964871661,0.9999915275678813,0.09199754978722322,0.839841273932432,0.981713937457637
3192.006943886851,0.9999915278103668,0.09199762133422183,0.8398420645255564,0.981711800322274
3193.020941658701,0.9999915280461846,0.09199787376268356,0.8398427464182522,0.9817095341932514
3194.034895900961,0.9999915282602471,0.09199857599355686,0.839843098929233,0.9817068751453667
3195.048902874191,0.9999915284570333,0.09199903247122843,0.839843275722298,0.9817039979939656
3196.062879058201,0.999991528725936,0.09199581428762808,0.8398450102531313,0.9817029355284735
3197.076861258491,0.9999915290080104,0.09199672498304493,0.839846509822678,0.981701631913431
3198.090852306261,0.9999915292554051,0.09199770375299783,0.8398471765407539,0.9816993687881612
3199.1048394611307,0.999991529431519,0.09200053796608197,0.8398466025179455,0.9816956427326785
3200.118812106151,0.9999915296776245,0.09199624014026395,0.839847978497481,0.9816941609284148
3201.132819433271,0.9999915299517592,0.091997000057538,0.839849455203444,0.9816928233052027
3202.146770136541,0.9999915302341991,0.0919959271095837,0.839850927614979,0.9816914972637704
3203.160744197151,0.9999915305008372,0.09199718435634494,0.8398518518921695,0.9816895489665988
3204.174717196071,0.999991530768297,0.09199678386715576,0.839852852018658,0.9816876881934941
3205.188724877091,0.9999915310385661,0.09199673982639671,0.8398538829597696,0.9816858656610092
3206.202706369581,0.9999915312425012,0.09199937568872242,0.8398536675461383,0.9816825782657636
3207.216709096021,0.9999915314342848,0.09199925950088185,0.8398536455628265,0.9816794854722655
3208.230789326371,0.9999915317255486,0.09199507783088184,0.8398557552891603,0.9816788746461315
3209.244776835141,0.9999915319849816,0.09199842708998855,0.839856605472264,0.9816768300650145
3210.258659943681,0.9999914440520256,0.09200277284148284,0.8398550958454879,0.9816720180887414
3211.272649221951,0.9999910762662643,0.09199967701209276,0.8398546281320713,0.9816683595347008
3212.286607357101,0.9999910388360402,0.09199755058494781,0.8398561091005399,0.9816669508231566
3213.300622116111,0.9999910338145297,0.09199641053551946,0.8398580972251705,0.9816661629435621
3214.314549108141,0.9999910333512214,0.09199849075781057,0.8398590758392576,0.9816642384647838
3215.328558204761,0.9999910334844703,0.09199790395575504,0.8398597849021883,0.9816620084997616
3216.3425481908307,0.9999910337529043,0.09199735981096328,0.839860941744584,0.9816603065579523
3217.356538530801,0.9999910340290923,0.09199722139360102,0.8398621152559226,0.9816586326010599
3218.370518253801,0.9999910342488995,0.09199928172025411,0.8398622131128122,0.9816557019537098
3219.3845209802407,0.9999910344511914,0.09199926089119889,0.8398623218498779,0.9816527606922074
3220.398483716081,0.9999910347327003,0.0919963388075229,0.8398640352239963,0.9816516878539258
3221.4124330037507,0.9999910349929054,0.09199847093271898,0.8398649177195538,0.9816496708373442
3222.426452363451,0.9999910352095179,0.09199906739900006,0.83986511293315,0.9816468443378785
3223.4404455346107,0.9999910354197378,0.09199910521642696,0.8398654345358906,0.9816441485490323
3224.454383497511,0.9999910356992056,0.09199615968665624,0.8398671457140502,0.981643072348392
3225.4684056884007,0.9999910359744366,0.09199783820628851,0.8398682999827579,0.9816413763628475
3226.482376210021,0.9999910362104595,0.09199842744712962,0.839868744266935,0.9816388529486317
3227.496356994711,0.9999910364563318,0.09199802286406508,0.8398695174794993,0.98163670565849
3228.5103795395007,0.9999910367149466,0.0919977411513291,0.8398704900440138,0.9816347943657603
3229.5243366129507,0.999991036965534,0.09199783027321393,0.8398713119856394,0.9816327071377297
3230.538321998331,0.9999910371976188,0.09199846937909531,0.8398718242147235,0.981630254782805
3231.552302783031,0.9999910374100904,0.09199907700295938,0.8398721112493616,0.9816275285482583
3232.566244284921,0.9999910376107424,0.09199944097658026,0.8398723699261775,0.9816247545749072
3233.580266829711,0.9999910378564156,0.09199790472481491,0.8398735001221679,0.9816229984874499
3234.594231688941,0.9999910380823677,0.09199907051588274,0.8398740937785358,0.9816206258985708
3235.6082298146907,0.9999910382609898,0.0920003420502147,0.8398739509788697,0.9816173821277548
3236.622215553971,0.9999910384993038,0.09199749386674293,0.8398751864271656,0.9816157341922858
3237.636222881101,0.9999910387698658,0.09199733563250267,0.8398766884069109,0.9816144211805826
3238.650196941711,0.9999910390497049,0.09199711110150113,0.8398780776862856,0.9816130005887616
3239.664166401631,0.9999910392850279,0.09199874895963094,0.8398785282379794,0.9816104921382565
3240.678156741601,0.9999910395261459,0.09199805671421245,0.8398792860897977,0.9816083320123445
3241.692126555421,0.999991039787134,0.09199755212537816,0.8398803911896308,0.9816065799951462
3242.706137067641,0.9999910400357681,0.09199799962553788,0.8398811911123825,0.9816044760485721
3243.720104050271,0.9999910402554344,0.09199886892780373,0.8398815382990404,0.9816018362067623
3244.734064308821,0.9999910404867306,0.09199855952466363,0.8398822170101248,0.9815995763399468
3245.748064557961,0.9999910407304029,0.09199819268048172,0.8398831151178525,0.9815975737962312
3246.762056313531,0.999991040965095,0.0919985896538397,0.8398838201234656,0.9815953469057036
3247.776022942251,0.9999910411456784,0.09200025494926772,0.8398836332149168,0.9815920675334011
3248.7900277920908,0.9999910413769888,0.09199763211178336,0.839884706855675,0.9815902420120528
3249.8040234405407,0.9999910416671632,0.09199672932944443,0.8398865801325776,0.9815893714461359
3250.817975913311,0.9999910418762212,0.0920005427621446,0.83988652224005,0.9815862721159258
3251.832363681991,0.999991042024011,0.09200109301934177,0.839885850525415,0.9815824207042321
3252.845959424441,0.9999910422607631,0.09199722618875071,0.8398873133224998,0.9815810346432702
3253.859948348811,0.9999910425128283,0.09199850063204962,0.8398885602750755,0.981579425312614
3254.873880295431,0.9999910427583113,0.0919980386302716,0.8398895582082517,0.981577538894907
3255.887909564301,0.9999910430109171,0.09199793374873523,0.8398905929928495,0.9815757059267365
3256.901878316431,0.9999910432935953,0.09199703017709228,0.8398920542144027,0.9815743846482794
3257.915857331621,0.9999910435459479,0.09199796368210598,0.8398928485814023,0.9815722911720001
3258.929860765861,0.9999910437661444,0.09199895027639118,0.8398931550244858,0.9815696194940906
3259.943775725321,0.9999910439794096,0.09199917899516372,0.839893526055521,0.9815670093579859
3260.957823043041,0.9999910442075849,0.0919987415171726,0.8398942541352516,0.9815648103288305
3261.971795688061,0.9999910444278887,0.09199898217382314,0.8398948574667016,0.9815624627835399
3262.985771164271,0.9999910446658282,0.09199856706766556,0.8398957743011192,0.9815604837926631
3263.999780260891,0.9999910449072824,0.09199826925062701,0.8398967202490065,0.9815585418557919
3265.013764230671,0.9999910451587489,0.0919980506617234,0.8398977560086912,0.9815567134045706
3266.027739352981,0.9999910454096518,0.0919979432129463,0.8398987336439437,0.9815548216745577
3267.041716244781,0.9999910456225395,0.09199960666156326,0.8398990042294888,0.9815521021252877
3268.0556956138807,0.9999910457875013,0.0920005642731329,0.8398986685185966,0.9815486528319058
3269.069690554541,0.999991046055879,0.09199537433749268,0.8399006401415161,0.9815478778931208
3270.083668508041,0.9999910463412901,0.09199856489400828,0.8399021690852069,0.9815466320584986
3271.0976673415907,0.9999910465955699,0.09199776208745628,0.8399029946881142,0.9815445813199322
3272.111621937751,0.9999910468032261,0.09199985558911215,0.8399030216577598,0.9815415940049304
3273.125612985521,0.9999910470399196,0.09199774631010045,0.8399039513997651,0.981539638279872
3274.139617835351,0.9999910472769897,0.09199873975948211,0.8399047393959232,0.9815375234474423
3275.1535972044508,0.9999910474387115,0.09200122842018621,0.83990421343551,0.9815338636761203
3276.167562771481,0.9999910476201633,0.09199979211020573,0.8399045165735357,0.9815311415654377
3277.181548510761,0.9999910478436007,0.09199875016402538,0.8399055844603118,0.9815293134498475
3278.195529649351,0.9999910480728088,0.09199875219620826,0.8399065811160389,0.9815274148222173
3279.209526359501,0.9999910482914971,0.09199909107308767,0.839907304270286,0.9815252036731498
3280.223502189611,0.9999910485118604,0.09199886857270656,0.8399080759541986,0.981523050669989
3281.237590559641,0.9999910487924695,0.09199654801047462,0.8399099007353097,0.9815221375563828
3282.251468005791,0.9999910490433073,0.09199840591628422,0.8399108073942296,0.9815201773764344
3283.265448082681,0.9999910492770987,0.09199847480864487,0.8399114493862783,0.9815179075319183
3284.279422497191,0.9999910495181678,0.09199826560424976,0.8399122984629407,0.9815158760948813
3285.293420269041,0.9999910497596664,0.09199826118920786,0.8399131454437223,0.981513842754535
3286.307391852361,0.9999910500101857,0.09199808427416807,0.8399141169308705,0.9815119587348807
3287.321371221461,0.9999910502765668,0.09199756845163437,0.8399153119166824,0.9815103421284278
3288.3353364345908,0.999991050520764,0.09199798787794142,0.8399160766323691,0.9815082232078584
3289.349350131901,0.9999910507566091,0.09199840553429209,0.8399167257442812,0.9815059659263266
3290.363324546411,0.9999910509755576,0.09199883965180727,0.8399171851081892,0.9815034769842239
3291.3773028538108,0.9999910511751449,0.0919994036661078,0.8399174474493212,0.9815007443801806
3292.391283992401,0.9999910513745763,0.09199941472695376,0.8399178273401411,0.9814981400221877
3293.405274332371,0.9999910516253216,0.09199757809469121,0.8399191779365519,0.9814966708797765
3294.419234944811,0.9999910519167546,0.09199665285296953,0.8399209716600877,0.9814957434989321
3295.433260320801,0.9999910521238793,0.09200029778181654,0.8399209182043784,0.9814926747894145
3296.447191559611,0.9999910637945895,0.09200438766656518,0.8399188491122864,0.9814872119323258
3297.461215873901,0.9999912909374582,0.09199899598645225,0.8399193087619329,0.9814846315278033
3298.475150651711,0.9999912729892606,0.09199717172647895,0.8399216066306039,0.9814842180478389
3299.4891947843407,0.9999912732566367,0.09199754644028033,0.8399233263808007,0.9814831809337362
3300.503133455041,0.9999912734562887,0.09199993847902473,0.8399235123940428,0.9814803738815806
3301.517145382861,0.9999912736540132,0.09199921029805479,0.8399239839039092,0.9814778834683439
3302.531099271221,0.9999912738819239,0.09199831139998861,0.8399250839403726,0.9814761254077152
3303.545105182751,0.9999912740976777,0.09199897671007487,0.8399258164641551,0.981473946469819
3304.559070395881,0.9999912742706307,0.09200061050462686,0.8399257949074457,0.9814708809594526
3305.573093648471,0.9999912744966387,0.09199779635219285,0.8399270602891442,0.9814693042492141
3306.5870323191707,0.9999912747593697,0.09199750381370174,0.8399286803511385,0.9814681663687704
3307.601052740561,0.9999912750028411,0.09199828863852509,0.8399296535540027,0.981466294276258
3308.614968053921,0.9999912751577521,0.09200210906471032,0.8399289350966903,0.9814624434446925
3309.629035190001,0.9999912753801296,0.0919965415198877,0.8399302902513764,0.9814609684014002
3310.642981646471,0.999991275625178,0.0919989799189517,0.8399315129148216,0.9814593695106035
3311.6569726942407,0.9999912758373993,0.09199908312236252,0.8399320600611261,0.9814569879896065
3312.6709361378807,0.9999912760091532,0.09200107783039832,0.8399319359860641,0.9814538145310389
3313.684967176251,0.9999912761935855,0.09199951028537158,0.8399324448524851,0.9814513544569577
3314.698856301071,0.9999912764019585,0.09199920359926525,0.8399333715304208,0.981449383739119
3315.7129152974708,0.9999912766282373,0.09199857956298198,0.8399344915458357,0.98144765066597
3316.726806899581,0.9999912769191871,0.0919960785476021,0.8399366710902189,0.9814471740093735
3317.7409193347507,0.9999912771851244,0.09199784494918695,0.8399378657551203,0.9814455821424657
3318.754782624931,0.9999912774289205,0.09199800293582361,0.8399386583929889,0.9814435244327685
3319.768863916981,0.9999912776867996,0.09199771668236524,0.8399397513864554,0.9814418170017354
3320.782796571391,0.9999912778745877,0.09200052634362661,0.8399395078101749,0.9814385435751095
3321.796800713431,0.9999912781087108,0.09199707335493292,0.8399406535269847,0.9814368615020308
3322.810801670371,0.999991278399987,0.09199645189659306,0.8399425548957669,0.981436082799635
3323.824774669281,0.9999912786719849,0.09199748450550574,0.839943710881167,0.9814344601134027
3324.839213753341,0.9999912788445456,0.09200110182482756,0.8399430116012865,0.9814306624567045
3325.852729514591,0.9999912790508555,0.09199780231511115,0.8399436695386948,0.981428407771547
3326.866712422671,0.9999912793124913,0.0919974934605556,0.8399452149187555,0.9814271949225738
3327.880713025721,0.9999912795345095,0.09199910183892149,0.8399457210788857,0.9814247856363785
3328.894621614991,0.9999912797321922,0.09199942639423014,0.8399459583726828,0.9814220502189787
3329.908676364601,0.9999912799802897,0.09199734207258017,0.8399473239970572,0.9814206236364146
3330.9226458245207,0.9999912801848161,0.09200025133880767,0.839947557889549,0.9814178910930634
3331.936657044541,0.9999912803064079,0.09200256549819726,0.8399465153724863,0.981413643775325
3332.950585098261,0.9999912804745261,0.09199935968422099,0.8399470647555305,0.981411209730052
3333.964603042371,0.9999912807287186,0.09199746310255506,0.839949014019332,0.9814104265225142
3334.978577102981,0.999991280981554,0.09199808004650627,0.8399504213359439,0.9814090474851451
3335.992582306711,0.9999912811748185,0.09200020363240101,0.8399505405629926,0.9814061764360051
3337.0065369028707,0.9999912813277771,0.092001007213334,0.8399502469431802,0.9814028003097255
3338.0205463533907,0.9999912815022558,0.09199975322031179,0.8399507337378803,0.9814003101539271
3339.034474407111,0.9999912817275084,0.09199814949663881,0.8399521574066499,0.9813989167334137
3340.0527607284907,0.9999912819341574,0.09199972652798633,0.8399528375313212,0.981396667205332
3341.062482337291,0.999991282179285,0.09199759979323993,0.839954314704108,0.9813953792892917
3342.076487894921,0.9999912824756946,0.09199617598355132,0.8399564643171853,0.9813948893048626
3343.090416302541,0.9999912827064309,0.09199956758686534,0.839956893058269,0.9813924207120783
3344.104460081281,0.9999912828740556,0.09200052859156362,0.8399564953623149,0.9813889622665346
3345.1183913200907,0.999991283123467,0.09199656856346972,0.8399581239100568,0.981387842661346
3346.132427313051,0.9999912834319084,0.09199600777899436,0.8399603628075952,0.9813874693604688
3347.1463642142508,0.9999912836373102,0.09200084332576587,0.8399601510131127,0.9813842632273327
3348.160379681061,0.9999912838268004,0.0919992933777507,0.8399602771861497,0.9813814124972325
3349.174292517121,0.9999912840506096,0.09199859821150051,0.8399612141439482,0.9813794956378187
3350.188348682331,0.999991284307913,0.0919976598449733,0.8399626097126689,0.981378126249189
3351.202322389041,0.9999912845241987,0.09199898227769233,0.8399631158605029,0.9813757231730569
3352.216314852401,0.9999912847179414,0.09199969731337425,0.8399633402417601,0.9813729800416126
3353.234075987491,0.9999912849775117,0.09199698063147443,0.8399649748056455,0.9813718655663314
3354.244274298401,0.9999912851464601,0.09200249321806518,0.839964466243811,0.9813682916943477
3355.258241281021,0.9999912852969904,0.09199998450632269,0.8399643187208476,0.9813650835601466
3356.272268426501,0.9999912855075639,0.09199906922958427,0.8399654308152595,0.9813633354190113
3357.286182324261,0.9999912857565588,0.09199791872816108,0.83996699388985,0.981362135870484
3358.300202037861,0.9999912860028731,0.09199799909533926,0.8399682457187735,0.9813605929212265
3359.3141389390607,0.9999912862333742,0.09199847340324396,0.8399690925766656,0.9813585870213789
3360.328178117111,0.9999912864687857,0.09199834588061184,0.8399700229524253,0.981356681768681
3361.342122804091,0.9999912866892753,0.09199865046450442,0.8399706966473773,0.9813544753234237
3362.3561471183807,0.9999912868957618,0.0919991691876832,0.8399711779325422,0.9813520376965019
3363.370090743661,0.9999912870769186,0.09200032283334021,0.8399712745370274,0.9813491421131875
3364.384121782031,0.9999912871978912,0.09200218163295742,0.8399705773797714,0.9813452889435239
3365.398088056861,0.9999912873616849,0.09200033307718178,0.8399710389967516,0.9813427673398755
3366.4120791046307,0.9999912874904621,0.09200257473504109,0.8399708001400443,0.9813394234064678
3367.426034408591,0.9999912876524708,0.09200001051347624,0.8399715140632346,0.9813371739664809
3368.4400488137007,0.9999912877850433,0.09200241801350725,0.8399714937389103,0.9813340746743163
3369.454015796321,0.9999912880011705,0.09199723980061608,0.8399733463778488,0.9813331540776035
3370.468012506481,0.9999912882826382,0.09199705261623126,0.8399757110979004,0.9813328859320717
3371.481981966401,0.9999912885734169,0.09199665383086601,0.8399776711100465,0.9813321959715756
3372.4959712446707,0.9999912888170777,0.09199849891662054,0.839978474986147,0.9813301777607888
3373.509955568361,0.9999912890255463,0.09199938024198732,0.839978786645541,0.981327574583074
3374.523969265671,0.9999912891852653,0.09200093703909297,0.8399784690352652,0.9813242116391012
3375.537908290271,0.9999912893709585,0.09199958992757885,0.839979018423981,0.9813218349830655
3376.551915971291,0.999991289568082,0.09199966435947315,0.839979758706764,0.9813196792852696
3377.565881538321,0.9999912898000851,0.09199814811304116,0.839981110445615,0.9813182434308181
3378.579876478981,0.9999912900789998,0.0919968866955199,0.8399830460570431,0.9813175150380667
3379.593859740971,0.9999912903252475,0.09199841383210418,0.8399840067942849,0.9813156729497129
3380.607848665341,0.9999912905514333,0.091998606990604,0.8399846636063926,0.9813134731983602
3381.621808923891,0.9999912908080385,0.09199759556479252,0.8399859570397498,0.9813120157239221
3382.635832176471,0.9999912910293512,0.09199876721341055,0.8399864923467931,0.981309675232363
3383.649779694651,0.9999912912596902,0.09199830654369326,0.8399873223231584,0.9813076713424408
3384.663782421091,0.9999912914625069,0.09199972828808153,0.8399876274771331,0.9813050506673701
3385.677745864731,0.9999912917060669,0.09199755332319029,0.8399889039457625,0.9813035537533148
3386.691760269831,0.999991291990386,0.09199676848475279,0.8399906785798819,0.9813026586975424
3387.7057251290707,0.9999912922073396,0.09199967248769425,0.8399909165253183,0.9812999826775942
3388.719701666971,0.9999912923363166,0.09200202435405523,0.8399898509036102,0.9812957546116546
3389.733704747311,0.9999912925331774,0.09199726505975853,0.8399908055117831,0.98129384072989
3390.747674561131,0.9999912927993565,0.09199758535628931,0.8399927734105965,0.9812931247000787
3391.7616518068307,0.9999912930426608,0.09199856285764635,0.83999379357561,0.9812913369087506
3392.775659841761,0.9999912932623279,0.09199909031576314,0.8399943402095325,0.9812890030633586
3393.7896066521407,0.9999912934926526,0.09199817262005303,0.8399952205276232,0.9812870543080535
3394.8036139792607,0.9999912937139945,0.09199884511253058,0.839995917644212,0.9812848907259191
3395.817587332081,0.9999912938970305,0.09200018061894051,0.8399959754545104,0.9812819709796284
3396.831798858991,0.9999912940585292,0.09200059697846802,0.839995897220679,0.9812788704274338
3397.845541115681,0.999991294289809,0.09199781625561987,0.8399973510440996,0.9812775496319154
3398.8595459655207,0.9999912945644935,0.09199703764498596,0.8399992340347343,0.9812767580113988
3399.8735125942408,0.9999912948044491,0.09199850081088935,0.840000099242197,0.981274803213487
3400.887519213571,0.9999912950317873,0.09199857173673011,0.8400008022335104,0.9812726570702052
3401.901487965701,0.9999912952651362,0.09199857917285328,0.8400016592597643,0.9812706894612617
3402.9154330065808,0.9999912954215737,0.09200175825459887,0.8400010831349519,0.9812670397056842
3403.929442457101,0.999991295575374,0.0920005152111172,0.8400010472510673,0.9812639798132715
3404.943449430331,0.9999912957474051,0.09200038828556495,0.8400015066205403,0.9812614837393483
3405.957423137041,0.999991295926863,0.09200025852723537,0.8400020982789185,0.9812591421614085
3406.971409230221,0.9999912961135978,0.09199996030794827,0.8400028136306475,0.9812569471812587
3407.985388599321,0.9999912962670469,0.09200087347338425,0.8400029525715712,0.9812540738373786
3408.9993711535108,0.9999912964281428,0.09200081926952708,0.8400033377346232,0.9812514826421269
3410.013370694851,0.9999912966579241,0.0919978337702838,0.8400050535491532,0.9812504503156146
3411.027357849731,0.9999912969070059,0.09199817234362435,0.8400066362246181,0.9812492995420358
3412.041330848641,0.999991297135601,0.09199867047417051,0.840007599616419,0.981247446482426
3413.055273058331,0.99999129735928,0.09199883274296894,0.8400084601911183,0.9812454775316031
3414.069303388901,0.9999912975143083,0.09200140121514071,0.8400080710183639,0.9812420409197755
3415.083281342401,0.9999912977035823,0.09199888572587865,0.840008825495141,0.9812399097690416
3416.097255403011,0.9999912979172936,0.09199929199329507,0.8400098720516069,0.9812381286321412
3417.1112535287607,0.9999912981398876,0.09199874384206405,0.8400109631777838,0.9812364100766677
3418.1252318361608,0.9999912983765092,0.09199828280262187,0.8400122002196266,0.9812348730775884
3419.139206604571,0.9999912985586328,0.09200059892838947,0.8400122713805456,0.9812319810561567
3420.153192697751,0.9999912987366559,0.09199992392194452,0.840012602779127,0.9812293714934948
3421.167172420751,0.9999912989161771,0.09200000696100367,0.8400130865395586,0.9812269289205297
3422.181166653611,0.9999912991721023,0.09199694747600246,0.840015032772989,0.9812261989385539
3423.195118418581,0.9999912994216853,0.09199853497254146,0.8400163091673818,0.9812247235732607
3424.209117959921,0.9999912996464436,0.09199873180687138,0.8400170705733578,0.9812226537020892
3425.223095913421,0.999991299864244,0.09199885558674811,0.8400177833471792,0.9812205223212238
3426.237175789871,0.9999913000752713,0.09199910687773917,0.8400184185173971,0.9812182957217394
3427.251085440841,0.9999913003200392,0.09199806831359406,0.8400196824091929,0.9812168071900318
3428.265052777371,0.9999913005545659,0.09199853730657068,0.8400206180099034,0.981214943181323
3429.2790505492208,0.9999913007902856,0.09199833631016831,0.8400215658026279,0.9812130950298233
3430.293017885741,0.9999913010036793,0.09199914060676945,0.8400220985519817,0.9812107597967241
3431.307004686721,0.9999913011957972,0.09199981277038274,0.8400223649689721,0.9812081018739374
3432.3210180301307,0.9999913013730942,0.09200018759836559,0.8400225715716512,0.981205355780064
3433.3349301584008,0.9999913015696186,0.09199951402698063,0.8400232613233866,0.9812031659854447
3434.348960488971,0.9999913018131903,0.09199782319768719,0.8400247667600539,0.9812019366830579
3435.362941273661,0.9999913020261106,0.0919995674666444,0.8400254059713534,0.9811997130086992
3436.376927720741,0.9999913022269755,0.09199932551218232,0.8400259484851899,0.9811973697842892
3437.3909092132308,0.9999913024242687,0.09199957519736018,0.8400265098848677,0.981195042177742
3438.404890351831,0.999991302647925,0.09199879575120613,0.8400275681467765,0.9811932971991959
3439.418863350741,0.999991302832058,0.09200024949026887,0.840027830851562,0.9811906230327525
3440.432846966631,0.9999913030030256,0.09200047792584971,0.8400280343564825,0.9811878662249318
3441.446840845591,0.9999913031708325,0.09200056032452546,0.8400283569901471,0.9811852349039434
3442.460819152991,0.9999913033160245,0.09200129016483631,0.8400283821374896,0.9811822443875848
3443.474761716571,0.9999913035028586,0.09199961702685827,0.8400293172549302,0.9811803117458188
3444.488816112281,0.9999913036961341,0.09199997341480667,0.8400301806229332,0.981178308317017
3445.502770708441,0.9999913038658195,0.09200058707613505,0.8400305600296935,0.9811757433244472
3446.516754678231,0.9999913040813617,0.09199861308108284,0.8400318933181625,0.9811742926799917
3447.530750326691,0.9999913042992545,0.09199927855349811,0.8400329747962904,0.9811725693665149
3448.544727218491,0.999991304505721,0.09199936899125336,0.8400337670159029,0.9811705163306967
3449.558716850661,0.9999913046997299,0.09199974177862065,0.8400343566041826,0.9811682256362636
3450.572697635351,0.9999913049131256,0.09199911274722525,0.840035332404245,0.9811663872702205
3451.5866816051407,0.9999913051542938,0.0919982691368768,0.8400367080269889,0.9811650275664617
3452.600653896251,0.999991305366881,0.09199922612785,0.8400374169223621,0.9811628965549956
3453.614820477981,0.9999913055450459,0.09200041745880407,0.8400375633882383,0.9811601002175253
3454.628624667021,0.999991305777862,0.09199789693165891,0.8400389389895726,0.9811587320267241
3455.642602266621,0.9999913060406179,0.09199751965332496,0.8400405890608633,0.981157704879086
3456.656605700861,0.9999913063137329,0.09199715003244188,0.8400421310483642,0.9811565759390931
3457.670577284171,0.9999913065085441,0.09200049530802208,0.8400420339806365,0.981153538894098
3458.684560900061,0.9999913066848253,0.09199993327446596,0.8400420878716642,0.9811506445487174
3459.6985423925507,0.9999913068741256,0.09199985720578545,0.8400426025821554,0.9811482695140636
3460.712514683661,0.9999913070729818,0.09199966344984188,0.840043321127524,0.9811461286081175
3461.726537582351,0.9999913072576752,0.09199987530396507,0.8400438234282492,0.9811437298127351
3462.7405088117707,0.9999913074288368,0.09200044737369101,0.8400441243120557,0.981141090643981
3463.7544765022008,0.999991307585199,0.09200087810450683,0.8400443041043969,0.9811382974716507
3464.768445608221,0.9999913077302982,0.09200124248697729,0.8400444369835343,0.9811354366425237
3465.7824377176808,0.9999913078801658,0.09200127622352748,0.8400447423013034,0.9811327719490552
3466.796421333571,0.9999913080514735,0.09200038062619215,0.8400454884378334,0.9811306218461149
3467.810412735241,0.9999913082569518,0.09199935693074876,0.8400467582754536,0.9811290954281264
3468.8246992887707,0.9999913084885146,0.0919986140192525,0.840048236047358,0.981127835926981
3469.8388049998507,0.9999913086932392,0.09199954881838743,0.8400490161928652,0.9811257766981786
3470.852345887941,0.9999913089092229,0.09199895208983838,0.8400500239800198,0.9811239887690638
3471.8663652476407,0.999991309104693,0.09199982964169721,0.8400505962816431,0.9811216936894785
3472.8803276295807,0.9999913092735256,0.09200073595518568,0.8400507785302966,0.9811189339534252
3473.894313722761,0.9999913093957369,0.0920021545811271,0.8400503405988664,0.9811154270704371
3474.908286013871,0.9999913095521218,0.09200050182171397,0.8400508892482755,0.9811130503270497
3475.922268214161,0.9999913096683416,0.09200300431939282,0.8400505831404783,0.9811096751100834
3476.9405481653507,0.9999913097649943,0.09200273195797999,0.8400502790077421,0.9811062621756305
3477.950246770711,0.9999913099196046,0.09200056202865216,0.8400512912284918,0.9811044017107056
3478.964218000121,0.9999913101394422,0.09199825502776554,0.8400532661092367,0.9811036760411583
3479.978215064181,0.9999913103718864,0.09199886151824184,0.8400549442662897,0.9811026444632159
3480.992194433271,0.9999913105728143,0.09200002085838892,0.8400556987814105,0.9811005619506515
3482.006173448471,0.9999913107909337,0.09199828273616452,0.8400568595636984,0.9810989581274747
3483.020160249451,0.9999913110085595,0.0919993251970975,0.8400578669964405,0.9810971861382858
3484.034167576581,0.9999913111991172,0.09200032490402482,0.8400583009505668,0.9810947477122537
3485.048112263561,0.9999913113917994,0.09199958776965181,0.8400589510434923,0.9810925515344076
3486.062105080821,0.9999913115382728,0.09200183177825955,0.8400587938253467,0.9810894011845828
3487.076105683871,0.9999913117276416,0.09199917802124713,0.8400598035680998,0.9810875919766371
3488.090068065811,0.9999913118673313,0.09200276651503397,0.8400596276670217,0.9810844064004668
3489.104050266101,0.99999131198038,0.09200227983076673,0.8400593615575105,0.9810810865612164
3490.118049807441,0.9999913121134085,0.09200160583146952,0.8400597296850577,0.9810784888763834
3491.132036962321,0.9999913123233859,0.09199874340133811,0.8400615207468449,0.981077560233989
3492.146008545641,0.9999913125554032,0.09199887327831893,0.8400631931031202,0.9810765326057166
3493.159994284921,0.9999913127482165,0.09199991525408861,0.8400638636128291,0.9810743570579046
3494.173988871681,0.9999913129217116,0.0920005618941793,0.8400642637033943,0.9810718609402328
3495.187953023111,0.9999913130796436,0.09200103035189827,0.8400645240436715,0.9810691906406609
3496.201934161711,0.9999913132579463,0.09199996052965066,0.8400653011129627,0.9810671163993534
3497.215914238601,0.9999913134673477,0.09199868833359096,0.840066603999728,0.9810656626005663
3498.230009686611,0.9999913136365167,0.09200156378672764,0.8400668753982439,0.9810630179369331
3499.243910490101,0.9999913138333562,0.09199892176630009,0.8400679539831997,0.9810613039074175
3500.257876411031,0.999991314073256,0.09199827038127832,0.8400695956793064,0.9810602668820874
3501.2718058803507,0.9999913143282464,0.09199781724362599,0.8400712306139516,0.9810592455900493
3502.285848951291,0.9999913144527682,0.09200418004075264,0.8400700605477579,0.9810549623778639
3503.2998173495207,0.999991317396103,0.09199805082997689,0.8400708220592074,0.9810528703296438
3504.313819722061,0.9999913175869568,0.09199878354355588,0.8400726292134635,0.9810520106469436
3505.327801568451,0.9999913178209252,0.09199839714125439,0.8400739313174406,0.9810505941579419
3506.341760765291,0.9999913180437144,0.09199905195053726,0.8400748415575648,0.9810487339383773
3507.3559107137708,0.9999913182011222,0.09200146461926774,0.8400745778792554,0.981045493874882
3508.369752062211,0.9999913183774113,0.09199997719807711,0.8400750989756504,0.9810431434827773
3509.383731431301,0.9999913185549366,0.0920003322207252,0.8400756623976663,0.981040836986504
3510.397701599021,0.999991318749959,0.09199977547110669,0.840076556009251,0.9810389165145145
3511.411685214911,0.9999913189460555,0.09199982043391111,0.8400773931921109,0.9810369353940295
3512.425691480341,0.9999913191518061,0.0919992507926919,0.8400783803024382,0.9810351334917483
3513.439661648061,0.9999913194085092,0.09199769386361409,0.8400801924138848,0.9810343103490503
3514.4536371242707,0.9999913195472908,0.09200380742829138,0.8400793620489015,0.9810304194578287
3515.467621801851,0.9999912926616822,0.09199870907502636,0.8400799311921067,0.9810281076726198
3516.481590200071,0.9999912063830573,0.09200027337277637,0.8400809330163215,0.981026310471678
3517.495558244401,0.9999912065785634,0.09199972295538494,0.8400817450911287,0.9810242980731331
3518.5095209802407,0.9999912067383122,0.09200159139942742,0.8400818319334546,0.981021440584659
3519.523566528471,0.999991206913831,0.09200008226764483,0.8400825026134154,0.9810192479340495
3520.537510507661,0.9999912071222987,0.09199941482858787,0.8400836804328286,0.9810176566852218
3521.551511464601,0.999991207328663,0.09199968298166762,0.840084632405127,0.9810158154093477
3522.565477031631,0.9999912074644459,0.09200243901915077,0.8400842458933979,0.9810124080677745
3523.579497099131,0.9999912076474528,0.09199911372179836,0.8400852415457011,0.9810105864437556
3524.593439308821,0.9999912078804933,0.09199878107812932,0.8400868553525065,0.9810095088421843
3525.607450528831,0.99999120805625,0.09200122586613521,0.8400870911065716,0.9810068405880725
3526.621423881641,0.9999911028250444,0.09200403276639937,0.840085823885419,0.981002386315739
3527.635389802571,0.9999910315559444,0.09199881583591456,0.8400869379232143,0.9810006699420789
3528.6493815581407,0.9999910318047431,0.09199853110558759,0.8400890183636637,0.9810001171238065
3529.663380037791,0.9999910320124259,0.09200006479823843,0.8400898427787736,0.9809981340723597
3530.677322955281,0.9999910321369364,0.09200264454797093,0.8400892727470574,0.9809945128458033
3531.691357178741,0.9999910322917857,0.0920001468905394,0.8400897458434503,0.9809920810541949
3532.705269307001,0.999991032492286,0.09199968595216124,0.8400910375692203,0.9809906057762201
3533.719327595601,0.9999910326805802,0.09200096379880003,0.8400917957447719,0.9809885257947727
3534.7332896236408,0.9999910328475319,0.09200112843222437,0.8400921670324559,0.9809859971691135
3535.747276070721,0.9999910330403783,0.092000127800188,0.8400931181754858,0.980984143381338
3536.7612529625308,0.9999910332505412,0.09199958648590892,0.8400942623928748,0.9809825252276914
3537.775235870611,0.999991033460414,0.09199967964909433,0.8400952644366111,0.9809807516008854
3538.789214531911,0.9999910336477381,0.09200060024122636,0.8400957887856428,0.9809784245453689
3539.803214781061,0.9999910338430823,0.09199977083691857,0.8400965837069729,0.980976407093084
3540.817183533181,0.9999910340624447,0.09199924541345941,0.8400977552961365,0.9809748353175904
3541.831541220441,0.9999910342651194,0.09199996768697229,0.8400984960663483,0.9809727668480968
3542.8451451025708,0.9999910344459533,0.09200047024587368,0.8400989084275907,0.9809703115087123
3543.859158092081,0.9999910346228514,0.09200056580842032,0.8400993908425142,0.9809679258714803
3544.873113042141,0.9999910347915401,0.09200093472562397,0.8400997755426219,0.9809654213460752
3545.887119307571,0.999991034911468,0.09200268463063715,0.840099410892716,0.980962026419656
3546.901070364741,0.9999910350456567,0.09200165923609717,0.840099655580228,0.9809593193414353
3547.915050441631,0.9999910352579177,0.09199914127188319,0.8401012951778845,0.9809582479815826
3548.929035473111,0.9999910354922227,0.09199879037867006,0.840102912991026,0.9809571832127539
3549.943059433501,0.9999910357270014,0.09199886895967573,0.8401042112176222,0.9809557730719201
3550.957010844571,0.9999910359420682,0.09199945549408801,0.8401050623632028,0.9809538489530459
3551.971024187981,0.9999910361623804,0.09199900256120692,0.8401060436386467,0.9809520770810958
3552.9850067421708,0.9999910363505018,0.09200033417397759,0.8401064238270604,0.9809496015924477
3553.998990004161,0.9999910365282121,0.09200055253981886,0.8401067804883567,0.9809470860996413
3555.0129626491707,0.9999910367292933,0.09199989629408022,0.8401076650969913,0.980945180413002
3556.026958651531,0.9999910369909298,0.09199782577640084,0.8401095016568063,0.9809444020846667
3557.040901922911,0.9999910372005183,0.0919999835701733,0.8401100793754036,0.9809421708726911
3558.0548777530207,0.9999910373208921,0.09200275790437971,0.8401092806765541,0.9809383085001404
3559.068877648261,0.9999910374538246,0.09200106650313707,0.8401092428324258,0.9809352994051419
3560.082881082501,0.9999910376758819,0.09199829475089902,0.8401109863490508,0.980934361157274
3561.096829662371,0.999991037930891,0.09199835261510943,0.8401127635942908,0.9809335020516929
3562.110856453951,0.9999910381532167,0.09199944024760764,0.8401136497410538,0.9809316246415603
3563.124812465711,0.9999910383187071,0.09200160774895473,0.8401135515345397,0.9809285929008265
3564.138818731141,0.9999910384884457,0.0920006522482084,0.8401139261535958,0.980926088124631
3565.152792791751,0.9999910386768586,0.09200016111125008,0.8401146962949266,0.9809240402645362
3566.1667824239207,0.9999910388512124,0.0920006875358201,0.8401151665491651,0.9809216423559916
3567.180746221461,0.9999910390633301,0.09199907693976422,0.840116385669681,0.9809201187706087
3568.195279088771,0.9999910392977145,0.09199878827698454,0.8401177665955274,0.9809188013338079
3569.208722654611,0.9999910395441064,0.091998315744063,0.8401191608529546,0.9809175208162669
3570.2228064239407,0.9999910397204596,0.09200108220557623,0.8401191263717944,0.9809145763225813
3571.236801364601,0.9999910399200567,0.09199895646530919,0.8401199212251111,0.9809125772820995
3572.2506745639607,0.9999910401508837,0.09199891394517522,0.840121169866807,0.9809111154299691
3573.264637299801,0.9999910403506689,0.09199994908066937,0.8401217137920213,0.9809088374783199
3574.278657367301,0.9999910404818046,0.09200256193662125,0.8401211324374823,0.9809052308010408
3575.292627181121,0.999991040646279,0.09200002667365235,0.840121686920172,0.980902917134177
3576.306614335991,0.9999910408550483,0.09199956673478057,0.8401229112443602,0.9809013936809817
3577.320582380321,0.9999910410412061,0.09200040642482446,0.840123533456433,0.9808991790240551
3578.334588291851,0.9999910412218784,0.0920003605623869,0.8401241094765783,0.9808969083389514
3579.348552797181,0.9999910414641867,0.09199819024600223,0.8401258169198401,0.980895965205739
3580.362565786701,0.999991041615416,0.09200333294631934,0.84012539383165,0.9808925577369217
3581.376518967261,0.9999910417311484,0.09200181462238248,0.8401249943194424,0.9808891354471364
3582.390517800811,0.9999910418740915,0.09200160944009693,0.8401253936984207,0.98088662069099
3583.404494692611,0.9999910420589043,0.09200006544203707,0.8401265344301065,0.9808849747047815
3584.418483970881,0.9999910422959641,0.09199834849731175,0.8401283696320012,0.980884162896808
3585.432462278281,0.99999104257176,0.0919972650841471,0.840130509971191,0.9808837416331069
3586.446447663661,0.999991042765136,0.09200184965763332,0.8401306485274127,0.9808810139698539
3587.460396597441,0.9999910429567594,0.09199846786637497,0.8401312199415121,0.9808787702320679
3588.474445684661,0.9999910431858589,0.09199945124931849,0.840132458024024,0.980877303724565
3589.4883960340308,0.9999910433505423,0.09200215167514705,0.8401322790361889,0.9808741925162895
3590.502395575381,0.999991043513762,0.09200015230363937,0.8401325798154068,0.9808716101494723
3591.516329645391,0.9999910436549838,0.09200258960179328,0.8401325226414238,0.9808685980601594
3592.530357498661,0.9999910438049346,0.09200066323713996,0.8401329731387175,0.9808661544592978
3593.5443205884008,0.9999910439912816,0.09200040065550068,0.8401339807487118,0.9808643689122318
3594.558333931811,0.9999910441495505,0.09200141359733217,0.8401343604227899,0.9808618564979311
3595.572296667651,0.9999910443461293,0.09199951440571436,0.8401355370949772,0.9808602742445939
3596.586272497761,0.9999910445608203,0.09199944709300073,0.8401367839842002,0.9808587947165637
3597.600252220751,0.9999910447745003,0.09199949469214752,0.8401378293111497,0.9808570959875548
3598.614270164851,0.9999910449760805,0.09199999978886725,0.8401385912049695,0.9808550716797443
3599.628224407111,0.9999910452015486,0.0919985720659883,0.8401398245134194,0.9808536000566441
3600.642212977591,0.9999910454412704,0.09199873193014578,0.8401411049018928,0.9808521996803904
3601.656188453801,0.9999910456484543,0.09199994705689542,0.8401416926025254,0.9808499957334804
3602.670180563261,0.9999910458230009,0.09200104553348651,0.8401417974506131,0.9808472182568053
3603.684161347951,0.9999910460301353,0.0919993710862541,0.8401427363354055,0.9808454007094957
3604.698162304901,0.9999910462464937,0.09199941143032898,0.8401437804546293,0.9808437078066485
3605.7121317648207,0.9999910464501551,0.09199970155462715,0.8401445144744222,0.9808416567986027
3606.726114319011,0.9999910466717518,0.09199900125651549,0.8401455846223381,0.9808399998959273
3607.740095811501,0.9999910468813942,0.09199976719501336,0.8401463231971924,0.9808379625571
3608.754093229451,0.9999910470256727,0.09200206442589416,0.8401459477060268,0.9808346133333761
3609.768047825611,0.9999910471614337,0.09200173637497926,0.840145870729432,0.9808315798524795
3610.782052675441,0.999991047309672,0.09200155533881331,0.8401461954407798,0.9808290007416998
3611.7959361378807,0.9999910474034144,0.09200375061600667,0.8401455948408295,0.9808253292175647
3612.810004335651,0.9999910474826702,0.09200352258550736,0.8401451620203639,0.9808218214125479
3613.824233911431,0.9999910476318832,0.09200109826021155,0.8401462126403009,0.9808200349934812
3614.838011204131,0.9999910477740063,0.092002255028508,0.8401468142770493,0.9808177459775173
3615.851983495241,0.999991047949435,0.09200014846055014,0.8401480205424775,0.9808161711109047
3616.865959325351,0.9999910481891645,0.0919979083298635,0.8401501574583075,0.9808157085821667
3617.879927369671,0.9999910484408036,0.09199892588441622,0.8401519398547227,0.980814876582459
3618.893947083271,0.9999910486320724,0.09200132945330645,0.8401522594573934,0.9808123642565327
3619.907919374391,0.9999910488271132,0.0919987810819734,0.8401529890976478,0.9808103163048342
3620.921900159081,0.9999910490138139,0.09200119515019622,0.8401535553327019,0.9808080741173927
3621.935821488721,0.9999910491721944,0.09200120082268286,0.8401537238498735,0.9808053557970045
3622.949882254611,0.9999910493210347,0.09200131529380684,0.840153960297495,0.9808026965492097
3623.963832250081,0.9999910495389521,0.09199861290011753,0.8401555458200811,0.9808016115801346
3624.977834976521,0.9999910498024843,0.09199792678207777,0.8401575244023964,0.9808010185870946
3625.991813637821,0.999991050008681,0.09200043113611675,0.8401580475269727,0.9807987526478972
3627.0057820360507,0.9999910501868096,0.09200050478063895,0.8401583210051162,0.9807961793820641
3628.0197851163807,0.9999910503751296,0.09200022743566906,0.840158961589868,0.9807940214371023
3629.033777933651,0.9999910505452905,0.09200060130871039,0.8401593735117399,0.9807915850529514
3630.047743500681,0.999991050703011,0.09200117960321105,0.8401596292817547,0.9807889593809205
3631.061724993171,0.999991050836265,0.09200188714056112,0.840159623609938,0.9807860118552365
3632.075666495061,0.9999910509191405,0.09200309008811021,0.840159062719278,0.9807823839796809
3633.089697887331,0.9999910510587962,0.0920017870874721,0.8401596407580663,0.9807800830532828
3634.103687165601,0.9999910511756142,0.09200265609661876,0.8401597668582427,0.9807772536337044
3635.117664765201,0.999991051291444,0.09200252921308749,0.8401599811219966,0.9807745207333268
3636.131662890951,0.9999910515115292,0.09199829441354059,0.8401621511163749,0.9807740789536338
3637.145632350871,0.9999910517434751,0.09199956835183186,0.8401638286148015,0.9807731130562937
3638.159610658271,0.9999910519241006,0.09200111562690425,0.8401643100162357,0.9807707715903331
3639.173589673471,0.9999910521368928,0.09199880135832257,0.8401655732622495,0.9807693391690895
3640.187576120551,0.9999910523605886,0.09199943509202543,0.8401668082853435,0.9807678906725209
3641.2015661066207,0.9999910525497981,0.09200030449077709,0.8401673475534659,0.9807656328412755
3642.2154909752508,0.9999910527046015,0.09200137425808981,0.840167414453297,0.9807628100420083
3643.229753463651,0.999991052861822,0.09200129900914036,0.8401677393183298,0.9807602714077034
3644.243524032261,0.9999910530868973,0.09199859096046344,0.8401693934302301,0.9807592847862792
3645.257499508471,0.9999910533348311,0.09199859933302439,0.840171036460092,0.9807583147161941
3646.271478523671,0.9999910535309614,0.09200079513993419,0.8401714783399408,0.9807559578227679
3647.285481957911,0.9999910536261307,0.09200404851276793,0.8401703164674802,0.9807517052257382
3648.299433015071,0.9999910537921609,0.09199889560200587,0.840171287908959,0.9807498928598707
3649.3134353876108,0.9999910540394404,0.09199855775589422,0.8401733118570179,0.9807493357860346
3650.327406970931,0.9999910542150051,0.09200138859270565,0.8401735567252647,0.980746729751747
3651.341607526981,0.9999910543793185,0.09200072191965737,0.8401738989283108,0.9807442201563126
3652.355333858201,0.9999910545440064,0.09200098804360857,0.8401743646024143,0.9807418469172318
3653.3693033181207,0.9999910547002783,0.0920012228690188,0.8401747743326349,0.9807393989827287
3654.383355236541,0.9999910548364261,0.09200179479252338,0.8401749304246641,0.9807366442005282
3655.397336729031,0.9999910549397254,0.09200292266897384,0.8401746600030077,0.9807333757973169
3656.411311143541,0.9999910551347791,0.09199929746780457,0.8401762487376142,0.9807322741370407
3657.4252887431408,0.999991055393356,0.09199794030057826,0.8401785084691942,0.9807319943270354
3658.439279790911,0.9999910556101463,0.09200006723433364,0.8401794348781471,0.9807301982636903
3659.453270484781,0.9999910557644607,0.09200213170248094,0.8401792705061327,0.9807271256836014
3660.467242775891,0.9999910559174611,0.09200072474300336,0.8401795194106132,0.98072450874518
3661.481438023451,0.9999910560793087,0.09200121989137308,0.8401800664489383,0.9807222254779092
3662.495172140461,0.9999910562181167,0.09200181904642928,0.8401802742650633,0.980719537294879
3663.5091808831908,0.999991056349701,0.09200194894440401,0.8401804670007338,0.9807168215154096
3664.523184317421,0.9999910565633549,0.09199845344052467,0.8401822658974666,0.9807159811991495
3665.5371785502807,0.9999910567499133,0.09200121117030356,0.8401830161219676,0.980713951017375
3666.551150841401,0.9999910569235191,0.09200061666624053,0.8401836125019765,0.9807117403683024
3667.565321669921,0.9999910571278605,0.0919995553076998,0.8401848098787972,0.9807102324967073
3668.579114534181,0.9999910573352915,0.09199994007201528,0.8401858530276506,0.9807085608929202
3669.593103812451,0.9999910574866332,0.09200200072445455,0.840185822051224,0.9807056345402343
3670.607076811361,0.9999910576213482,0.09200180362366545,0.8401858498934098,0.9807027513803641
3671.621080599501,0.9999910577908547,0.0920009286422084,0.8401866498242099,0.9807007603918894
3672.635056783501,0.9999910580088112,0.09199912141118192,0.8401882233886372,0.9806996842003891
3673.649029428521,0.9999910582158016,0.09199974825055127,0.8401892729110388,0.9806980184791387
3674.663027554271,0.9999910584063946,0.09200018461435411,0.8401899837813634,0.980695961352203
3675.677014355251,0.999991058566808,0.09200115086040926,0.8401902284449161,0.9806933519965709
3676.690985584661,0.999991058757446,0.09199938755696899,0.8401912007258282,0.9806915835548986
3677.7049553984807,0.9999910589776635,0.0919994695414676,0.840192505847126,0.9806902189350792
3678.719147460951,0.9999910591807062,0.09199991457785066,0.8401933263231567,0.9806882999090462
3679.732948110991,0.9999910593360899,0.09200155288837993,0.8401933416152277,0.9806854339789921
3680.746932080781,0.9999910594634818,0.09200221896195614,0.8401931661848537,0.9806823194380574
3681.760889862031,0.9999910596139738,0.09200144982741307,0.840193639964254,0.9806799471356507
3682.774877016911,0.9999910597707218,0.09200131506843597,0.840194230506103,0.9806777094484616
3683.788871249771,0.999991059898958,0.09200200881977696,0.8401943563312516,0.9806749219810079
3684.8028548656507,0.9999910601001784,0.09199870211095205,0.840195956207689,0.9806738535495823
3685.816822909981,0.9999910603152115,0.09200001907190684,0.8401972825116218,0.9806725021681751
3686.831154408701,0.9999910605038387,0.09200042003881075,0.8401979861685875,0.9806704363858889
3687.8447912034508,0.9999910606285206,0.09200290291074704,0.8401975961916843,0.9806670870694572
3688.858964863161,0.9999910607927507,0.09200025375932606,0.8401983882355977,0.9806650894561889
3689.872763035911,0.9999910609742539,0.0920008416067007,0.8401993058046198,0.9806632497884671
3690.886745590101,0.999991061119941,0.09200226317513012,0.840199485795173,0.9806605516639483
3691.900733806671,0.9999910612346699,0.09200297251299011,0.8401992893296679,0.9806573998560373
3692.9147177764607,0.9999910613630032,0.09200200667745988,0.8401996195467897,0.9806548448361696
3693.928691483171,0.9999910614858396,0.09200245703386005,0.8401999243757016,0.9806522518939644
3694.942671206171,0.9999910616030944,0.09200245485180866,0.8402002070950985,0.9806496266685332
3695.956659422741,0.9999910617515442,0.09200121195749607,0.8402011069254628,0.9806477224270476
3696.970663918681,0.9999910619514837,0.09199971753801164,0.8402027301410675,0.9806466841083387
3697.984823776321,0.9999910621505421,0.09200029542795951,0.840203933590861,0.9806451869039069
3698.9986024846207,0.9999910623329565,0.09200066852775651,0.8402047277295741,0.9806432238510843
3700.012591762891,0.9999910625275968,0.09200030038717916,0.8402057146296066,0.9806414922099639
3701.026591658141,0.9999910627284397,0.09199999193307455,0.8402067559126988,0.9806398295845388
3702.040581290311,0.9999910629252339,0.09200013151290677,0.840207660689909,0.980638012257756
3703.054737962871,0.9999910630768274,0.09200193159960496,0.8402077287163242,0.9806352142683035
3704.068550999381,0.9999910632206693,0.092001573867715,0.840207960580479,0.9806325869592497
3705.082513381321,0.9999910633402374,0.09200271586456056,0.8402078876395338,0.9806295882018478
3706.096456652701,0.9999910634538346,0.09200267234028361,0.8402079460099733,0.9806267236993097
3707.110480259191,0.9999910635479139,0.0920033094739037,0.8402078423290259,0.9806236518458251
3708.1244748459508,0.9999910636579448,0.09200281457971773,0.8402081584844071,0.9806210622005821
3709.138436166191,0.9999910638381528,0.09200040752990817,0.8402096995953736,0.9806199136941091
3710.152419428181,0.9999910640627101,0.09199912441423543,0.840211648019581,0.9806192745333422
3711.166417553931,0.9999910642157204,0.0920024011125118,0.8402118609198856,0.9806166362322302
3712.1803983386208,0.99999106433773,0.09200241626309834,0.840211812193099,0.9806136748371421
3713.194366029051,0.9999910645240705,0.09199992999751781,0.8402131658070435,0.9806123412706387
3714.208356015121,0.9999910647009551,0.09200128564767551,0.8402140126867469,0.9806104360312116
3715.222490038131,0.999991064830246,0.09200232022603301,0.8402140481319746,0.9806075772582477
3716.236499134751,0.999991064962643,0.09200187634424033,0.8402143757657271,0.9806050446372734
3717.250317125851,0.9999910651630609,0.09199922417084316,0.8402160007027167,0.9806040288575233
3718.264301449541,0.9999910654218432,0.0919981928580426,0.8402182105372559,0.9806037340789606
3719.278275864051,0.9999910655827888,0.09200278892996058,0.8402181105917081,0.9806007725436585
3720.292271158601,0.9999910656359322,0.0920052238360733,0.8402165783309636,0.9805960981817307
3721.306237079531,0.9999910657898313,0.09199964963299347,0.8402178200446159,0.9805946049145342
3722.320226711711,0.9999910660012317,0.0920001825050613,0.8402195576304187,0.9805937224952151
3723.3342032496107,0.9999910661833108,0.0920007416209172,0.8402203818666529,0.9805918019940383
3724.348183326501,0.999991066356825,0.0920009019856418,0.8402210605666981,0.9805897147006983
3725.3621856990408,0.9999910665062552,0.09200174374402596,0.8402213529415669,0.9805871713246606
3726.3761342789207,0.9999910666468634,0.09200184424378248,0.8402216506222433,0.9805846220064114
3727.390146560631,0.9999910667932981,0.09200172995099358,0.8402221647327998,0.9805823166881511
3728.404118851751,0.9999910669511011,0.09200142654217983,0.8402228736125777,0.9805802406611674
3729.418125824981,0.9999910671288802,0.09200084051037828,0.8402238660703595,0.980578503686808
3730.432112979851,0.9999910673266575,0.09200005195729033,0.8402251126348006,0.9805770739617907
3731.446077485191,0.9999910675364525,0.09199957887308623,0.8402264146544925,0.9805757229766273
3732.460058269881,0.9999910677320057,0.09200002441990025,0.8402272834045218,0.9805738794248566
3733.474035515581,0.999991067908117,0.09200067260664496,0.8402278368472714,0.9805716638905597
3734.488029040641,0.9999910680488118,0.09200166575238206,0.8402279192182708,0.9805688822115866
3735.502211193941,0.9999910681825205,0.09200199644654626,0.8402280593912663,0.9805661528497542
3736.515964421501,0.9999910683326775,0.09200150756432889,0.8402286124354205,0.9805638990703013
3737.529992982571,0.9999910685353542,0.09199945535085696,0.8402301070805027,0.980562749235373
3738.543985445941,0.9999910687285616,0.0920006931203351,0.8402310624844784,0.9805609938629135
3739.557933318011,0.999991068905161,0.09200072277618095,0.8402317101173863,0.9805588817967579
3740.571921180691,0.9999910690757938,0.0920009355884395,0.8402323029341869,0.980556702248829
3741.585918952541,0.9999910692208936,0.09200173967241058,0.8402325174679391,0.9805540720309774
3742.599892659251,0.9999910693462231,0.09200234444258458,0.8402325538033628,0.9805512183245457
3743.613874151741,0.9999910694715692,0.09200232243889597,0.8402327693432948,0.9805485599840892
3744.6278471506507,0.9999910696394757,0.09200098298138693,0.8402337896195748,0.9805468424210354
3745.641834305531,0.9999910697600511,0.09200286187402751,0.8402338199179156,0.9805439725076341
3746.655748911091,0.9999910698612358,0.09200316158584464,0.8402337362671772,0.9805409526909921
3747.6698188783607,0.9999910699325513,0.0920040502039061,0.8402333876242994,0.9805375994418548
3748.683757902961,0.9999910700178439,0.09200363713008954,0.8402334845234126,0.9805347542877693
3749.697787171831,0.9999910702159023,0.09199891063746268,0.8402357203270142,0.9805344115776852
3750.711657186101,0.999991070443382,0.09199967799285824,0.840237683444934,0.9805338095760133
3751.7257508646107,0.9999910706234819,0.0920008731433981,0.840238413253641,0.9805317983936108
3752.739684580721,0.9999910707603841,0.09200224644921681,0.8402384661579463,0.9805289904450724
3753.753708541111,0.9999910709225605,0.09200086962962718,0.8402392505223182,0.9805270215406268
3754.767654643691,0.9999910710977236,0.09200090342044485,0.8402401731910283,0.9805252206300403
3755.781692760041,0.9999910712197764,0.09200284393882766,0.8402400965203763,0.9805222493767518
3756.795594625231,0.9999910713270663,0.09200272491185553,0.840240055327726,0.9805192978628743
3757.809652206031,0.9999910715220371,0.09199855084736368,0.8402418699990745,0.9805185025838445
3758.823945129751,0.999991071714578,0.09200213722940409,0.840242998846421,0.9805169441140024
3759.837613421521,0.999991071838269,0.09200292855507011,0.8402427383356642,0.9805137756314706
3760.851582527541,0.9999910719934941,0.09200085518372621,0.8402435560592819,0.9805118375648798
3761.865567912921,0.9999910722007558,0.09199945850362333,0.8402451865300545,0.9805108590738191
3762.879533479951,0.9999910724011195,0.0920001925606331,0.8402462966314485,0.9805093001344095
3763.8935255894207,0.999991072556896,0.09200157396607737,0.8402465577484395,0.9805067511069576
3764.907507435811,0.9999910726475649,0.09200381434437295,0.8402458574209455,0.980503058235149
3765.921508746651,0.9999910727764406,0.0920013901373705,0.8402463749191857,0.9805007540005863
3766.935437862071,0.9999910728731731,0.09200408621470423,0.8402461697304929,0.9804976061457762
3767.949475624531,0.9999910729890467,0.09200213102769723,0.8402466542106976,0.9804952425503785
3768.963445792251,0.9999910731300801,0.09200198437464814,0.8402474902222509,0.9804932973549962
3769.977426576941,0.9999910732568388,0.09200233085533137,0.8402479781034862,0.9804909525107366
3770.991396744661,0.9999910733689094,0.09200285844444533,0.8402482361239783,0.9804883369325206
3772.0054228284407,0.9999910734821716,0.09200291242718436,0.8402485885139513,0.9804858280172856
3773.019366453731,0.9999910736223968,0.09200179857696249,0.8402494603850199,0.9804839278016282
3774.033359624891,0.9999910738400449,0.09199914866231196,0.8402515717937388,0.9804834956454732
3775.047330146511,0.9999910740518352,0.09200016418309612,0.8402530164555575,0.9804823259094988
3776.061334996341,0.9999910742309042,0.09200092253352352,0.8402537204029842,0.9804803044237854
3777.075284637911,0.999991074355761,0.09200274413399837,0.840253550050495,0.9804772517888652
3778.089315322381,0.9999910744976096,0.09200154516448615,0.8402540481834149,0.9804749560542924
3779.1032773504207,0.9999910746505971,0.09200156545906647,0.8402547421735833,0.9804728872520635
3780.117280784661,0.9999910747904056,0.09200195424911164,0.8402551925278602,0.9804705317324278
3781.1312803260107,0.9999910749557618,0.09200063808798688,0.8402561807042298,0.9804688017981901
3782.1452437696407,0.999991075176082,0.09199917441447535,0.840257958045867,0.9804680135273619
3783.1592029664907,0.999991075423649,0.09199867623274906,0.8402598320801884,0.9804673704946526
3784.173131728011,0.999991075608251,0.09200389253088767,0.8402593236126918,0.980463965500071
3785.187151795511,0.9999910759997138,0.09200283879198953,0.8402587799019539,0.9804604666509218
3786.201173986401,0.9999910761673275,0.09200049289418974,0.84025992859607,0.980458919462114
3787.2151264591607,0.9999910763633278,0.0920002287023077,0.8402612852144093,0.980457634473335
3788.229231462451,0.9999910765417177,0.09200073870895976,0.8402620938093206,0.9804557248797511
3789.243093690941,0.9999910767162835,0.09200080864155183,0.8402628339588663,0.9804537376004225
3790.257109511641,0.999991076884633,0.09200096342599437,0.8402634828513383,0.9804516417714157
3791.271057029821,0.9999910770576768,0.09200093091055457,0.8402642171558128,0.9804496463986903
3792.285071788831,0.9999910772337223,0.09200078859799184,0.840265004015652,0.98044771267079
3793.299031339571,0.9999910774254723,0.09200047847504181,0.8402659866673236,0.9804460158838619
3794.313038666701,0.9999910776189872,0.09200019251810093,0.8402669784148692,0.9804443314718104
3795.3269914933608,0.999991077818136,0.09199998432236467,0.8402679992054096,0.9804426871952057
3796.341005544571,0.999991077997436,0.0920003707623852,0.8402686495996156,0.98044060894459
3797.3549838519707,0.9999910781707317,0.09200081970759001,0.8402692102311049,0.9804384239031062
3798.368977023141,0.9999910783450328,0.09200080965026186,0.8402698517169943,0.9804363285131699
3799.382925603011,0.9999910784816658,0.09200151858761356,0.8402699959471013,0.9804336339718359
3800.396940715921,0.9999910786328042,0.0920014650851835,0.8402704675840001,0.9804313178183189
3801.410886110701,0.9999910788288288,0.09200003527482574,0.8402717123278348,0.9804299119235349
3802.424914317871,0.9999910790054121,0.09200105196065211,0.8402724018566976,0.9804278693024827
3803.438865021141,0.9999910823898436,0.09200429510727509,0.840271504371544,0.9804239606003065
3804.4528833191407,0.9999910944192933,0.09200285480679599,0.8402713455923572,0.9804208707159909
3805.466820574241,0.9999910946146084,0.09199873425927106,0.8402733265346602,0.9804202740838278
3806.480828609171,0.9999910948515596,0.0919991469841933,0.8402753811466243,0.9804198056820803
3807.511180767111,0.9999910950615104,0.09200042819278072,0.8402763862989368,0.9804181056666824
3808.524413055161,0.999991095254487,0.09200020492335263,0.8402771460279931,0.9804161738422669
3809.538340047191,0.9999910954578023,0.09199989630730457,0.8402781231679843,0.9804144939376096
3810.552322955281,0.999991095627444,0.09200133008874993,0.8402784453205775,0.980412047546044
3811.566317542041,0.9999910957599124,0.09200226956529065,0.8402783079446963,0.9804090451650097
3812.580321684071,0.9999910959226072,0.092000814206877,0.8402790284725289,0.9804070236926357
3813.594299283671,0.9999910961265452,0.09199990747275066,0.8402803403976109,0.9804057051220706
3814.608287854151,0.9999910963453567,0.09199956295900936,0.8402816836805201,0.9804044417413291
3815.622273947331,0.9999910964833153,0.09200295544437603,0.8402814145920704,0.9804012980068324
3816.636260748311,0.9999910852219887,0.09200446054454271,0.8402802493117936,0.9803970645189338
3817.6502100359808,0.9999910662716002,0.09199858191754041,0.8402819976466861,0.9803961987738741
3818.664225148891,0.9999910664959059,0.09200000325629354,0.8402837287661385,0.9803953593621969
3819.6781595728007,0.9999910666884033,0.09200040819950066,0.8402845727935138,0.9803935091969366
3820.692199104741,0.9999910668413476,0.09200190118293589,0.8402846848033984,0.9803908055101209
3821.706138483241,0.9999910669979188,0.092000950945244,0.8402851947473067,0.9803885464814172
3822.720165274821,0.9999910671677169,0.09200094493539882,0.8402859642798622,0.9803865868207633
3823.7340947441407,0.9999910673112993,0.09200181088071192,0.8402862374269291,0.9803840459351034
3824.748142061871,0.9999910674480533,0.09200204886849708,0.8402865159890708,0.9803815014566534
3825.762087456651,0.999991067635165,0.0920004752692633,0.8402877186941753,0.9803800409721113
3826.776081689511,0.9999910678440839,0.09199976691734803,0.8402891257588461,0.9803788346171208
3827.790051857231,0.9999910680448174,0.09200009796766496,0.8402901612741442,0.9803772111994539
3828.804050336881,0.9999910682393656,0.09200020815159375,0.8402910253075319,0.9803753936575803
3829.8183729881207,0.9999910683660366,0.0920025789341286,0.8402906966919214,0.9803721736897186
3830.832867280441,0.9999910685365099,0.09200032838703709,0.8402915397811304,0.9803702999515842
3831.845967564121,0.9999910687296785,0.0920002867031428,0.8402926499770579,0.9803687512259225
3832.859987277721,0.9999910689072817,0.09200081627784945,0.8402933427661291,0.9803667205825185
3833.873923471121,0.9999910690542476,0.09200183178896698,0.8402935328845181,0.98036409734201
3834.8880033475707,0.9999910691964512,0.09200181574636272,0.8402938235850822,0.9803615776747687
3835.901904151061,0.9999910693465007,0.0920015734359324,0.8402943573409134,0.9803593349256267
3836.915928819241,0.9999910695043448,0.09200143186590046,0.8402950217378531,0.9803572454359619
3837.929871028931,0.9999910696704525,0.09200119603934957,0.8402957957619451,0.9803552883929846
3838.9438850801507,0.9999910698477572,0.09200080972222517,0.8402967161796774,0.980353507993601
3839.957865157041,0.9999910700055403,0.09200117358061805,0.8402972682338609,0.9803512977478387
3840.971858682101,0.999991070164785,0.09200128239573427,0.8402978613609361,0.9803491349949154
3841.985817525051,0.9999910703450131,0.09200083127520683,0.8402987874750566,0.9803473678841681
3842.999831930161,0.9999910705166127,0.09200115680525588,0.8402995075188646,0.9803453628506491
3844.013788295811,0.9999910706448405,0.09200248152214692,0.8402994918566394,0.9803424916044404
3845.027800577531,0.9999910707471072,0.0920030251945534,0.8402992993879312,0.9803393904368513
3846.041747741811,0.9999910708978068,0.09200131456596056,0.8403001683564676,0.9803375197666777
3847.055743390261,0.9999910709905039,0.09200414717945359,0.840299810126947,0.980334220025695
3848.0696902006407,0.9999910711096556,0.0920018088839655,0.8403003550251805,0.9803319507194035
3849.083721592911,0.9999910712362485,0.09200265683264267,0.8403008867864241,0.9803296740089179
3850.097670880581,0.9999910714223218,0.09199963218862175,0.8403025422913759,0.9803287155322196
3851.111700503351,0.9999910715948587,0.0920019320490943,0.8403034131995212,0.9803268773137187
3852.125645190341,0.9999910717338448,0.09200201775184008,0.8403037283727555,0.980324390764006
3853.139662426641,0.999991071879453,0.09200183809763178,0.8403043013172438,0.9803221978272938
3854.153579863391,0.9999910720803405,0.09199971623120821,0.8403058566491892,0.980321159902897
3855.167627535021,0.9999910722617508,0.09200115669353891,0.84030671709045,0.9803193320309894
3856.1815959332407,0.9999910724112789,0.09200181093022483,0.840307041811903,0.9803168757674352
3856.883584209271,0.9999910724650738,0.09200394250240246,0.8403064561427483,0.9803142174222843
3857.9001577939407,0.9999906391128632,0.09200615781424822,0.8403049394972675,0.9803095410019244
3858.914121945381,0.9999902549875699,0.0920064771073732,0.8403038090503013,0.9803052717427682
3859.9280698174507,0.99999008322021,0.09200653843454953,0.8403030956124257,0.980301456059554
3860.942090238851,0.9999899272881361,0.09200659069699078,0.8403026029714893,0.9802978800876762
3861.956075270331,0.9999897960640443,0.09200663611846352,0.8403022409819968,0.9802944478419511
3862.970065256401,0.9999896853635256,0.09200667549780445,0.8403019826943404,0.9802911308288531
3863.984043209901,0.9999895952199076,0.09200670935371484,0.8403018120012563,0.9802879126105126
3864.9980572611107,0.9999895174939503,0.09200673952583269,0.8403016879554056,0.980284750326591
3866.012000178601,0.9999894540112151,0.0920067655557727,0.8403016210953324,0.9802816552646132
3866.901198611251,0.9999894095386788,0.09200678499539962,0.8403016099080267,0.9802789964574598
