Time,Current,Voltage,Simulated_V,Residual_mV
0.0,0.0,2.94167375564575,2.9418202848063784,0.14652916062818377
1.0080246625218,0.0,2.94167375564575,2.941820284883084,0.14652923733393663
2.00807031550815,0.0,2.94167375564575,2.9418202848829376,0.1465292371873872
3.0081028742270903,0.0,2.94167375564575,2.941820284882825,0.14652923707503263
4.015331617630411,0.0,2.94151186943054,2.9418202848827146,0.30841545217441535
5.016170712441401,0.0,2.94183564186096,2.9418202848826045,-0.01535697835564065
6.02223335824784,0.0,2.94167375564575,2.941820284882528,0.14652923677793694
7.02726721931554,0.0,2.94167375564575,2.9418202848824615,0.14652923671132356
8.03630190992277,0.0,2.94167375564575,2.9418202848823958,0.14652923664559836
9.04343899345429,0.0,2.94167375564575,2.941820284882329,0.14652923657898498
10.05335737016149,0.0,2.94167375564575,2.941820284882263,0.14652923651281569
11.06241223301849,0.0,2.94151186943054,2.9418202848822146,0.3084154516743709
12.06744113949859,0.0,2.94183564186096,2.941820284882171,-0.015356978789071718
13.075465802020389,0.0,2.94167375564575,2.9418202848821275,0.14652923637736848
14.08453163575009,0.0,2.94167375564575,2.9418202848820836,0.14652923633340365
15.089581068378989,0.0,2.94167375564575,2.9418202848820396,0.1465292362894388
16.09762802654529,0.0,2.94183564186096,2.9418202848819486,-0.015356979011560412
17.10463699859569,0.0,2.94167375564575,2.941820284881849,0.14652923609892454
18.110724063441392,0.0,2.94167375564575,2.9418202848817496,0.14652923599944856
19.115746599737292,0.0,2.94151186943054,2.94182028488165,0.3084154511099335
20.116749195941193,0.0,2.94183564186096,2.941820284881551,-0.015356979409020255
21.116817498471192,0.0,2.94167375564575,2.9418202848815396,0.14652923578939436
22.11984404373629,0.0,2.94183564186096,2.941820284881539,-0.015356979421010664
23.124887813979292,0.0,2.94167375564575,2.9418202848815396,0.14652923578939436
24.133920027292692,0.0,2.94167375564575,2.9418202848815413,0.14652923579117072
25.14198078752459,0.0,2.94167375564575,2.9418202848815422,0.1465292357920589
26.143035760798192,0.0,2.94167375564575,2.9418202848814436,0.1465292356934711
27.14806148218609,0.0,2.94167375564575,2.9418202848813344,0.14652923558422515
28.15710183517929,0.0,2.94167375564575,2.9418202848812256,0.1465292354754233
29.16315492570949,0.0,2.94167375564575,2.941820284881116,0.14652923536573326
30.172147148422493,0.0,2.94167375564575,2.941820284881006,0.14652923525604322
31.17619929333419,0.0,2.94183564186096,2.9418202848809494,-0.015356980010761134
32.18326099635339,0.0,2.94167375564575,2.941820284880896,0.1465292351459091
33.190285893864186,0.0,2.94167375564575,2.9418202848808432,0.14652923509306248
34.19831728046929,0.0,2.94183564186096,2.941820284880791,-0.015356980169300982
35.20736612704129,0.0,2.94183564186096,2.9418202848807384,-0.015356980221703509
36.21539822144459,0.0,2.94183564186096,2.9418202848806727,-0.015356980287428712
37.21846228001629,0.0,2.94183564186096,2.941820284880608,-0.015356980352265737
38.22348517021129,0.0,2.94183564186096,2.9418202848805413,-0.015356980418879118
39.22570376378789,0.0,2.94183564186096,2.9418202848804764,-0.015356980483716143
40.23061623745779,0.0,2.94167375564575,2.94182028488041,0.1465292346596314
41.23460149543609,0.0,2.94167375564575,2.9418202848803525,0.1465292346023439
42.24064715408489,0.0,2.94167375564575,2.9418202848802943,0.14652923454416822
43.241682309007686,0.0,2.94183564186096,2.941820284880236,-0.015356980723968405
44.24273515888659,0.0,2.94183564186096,2.941820284880179,-0.015356980781255913
45.25075132782949,0.0,2.94167375564575,2.941820284880121,0.14652923437097343
46.25780205997599,0.0,2.94167375564575,2.941820284880066,0.14652923431590636
47.259800882199684,0.0,2.94183564186096,2.9418202848800123,-0.015356980947789367
48.259879093904985,0.0,2.94167375564575,2.9418202848799586,0.14652923420843678
49.26890316753869,0.0,2.94167375564575,2.941820284879905,0.14652923415470198
50.27695861928379,0.0,2.94167375564575,2.941820284879852,0.14652923410185537
51.283991656474385,0.0,2.94167375564575,2.941820284879838,0.1465292340876445
52.293050766120786,0.0,2.94183564186096,2.9418202848798236,-0.015356981136527281
53.30105844148489,0.0,2.94183564186096,2.9418202848798094,-0.015356981150738136
54.304118961065384,0.0,2.94183564186096,2.941820284879795,-0.01535698116494899
55.30613689384159,0.0,2.94183564186096,2.941820284879779,-0.015356981180936202
56.309135834975386,0.0,2.94167375564575,2.9418202848797277,0.1465292339775104
57.315203081470386,0.0,2.94183564186096,2.941820284879676,-0.015356981283964899
58.31626407102899,0.0,2.94167375564575,2.9418202848796247,0.1465292338744817
59.044301091707986,0.0,2.94183564186096,2.9418202848795865,-0.01535698137367092
60.04882786012069,2.49952030181885,2.97534966468811,2.9807881123299533,5.438447641843425
61.05583010808789,2.50024008750916,2.98036885261536,2.9902277057236377,9.85885310827772
62.065013082425985,2.49988031387329,2.98490214347839,2.996513900671355,11.611757192965033
63.06697368354489,2.49988031387329,2.98878788948059,3.001393311074811,12.605421594221067
64.07512044126268,2.5006000995636,2.99283528327942,3.005538212516386,12.702929236966032
65.08321623750739,2.49988031387329,2.99623537063599,3.009153921920121,12.918551284131219
66.09105191789969,2.50024008750916,2.99979734420776,3.0124158324775143,12.618488269754202
67.10027594453558,2.49988031387329,3.00303530693054,3.0153949077957445,12.359600865204268
68.10917403008288,2.49988031387329,3.00611162185669,3.018156107067133,12.044485210443323
69.11822889293988,2.49988031387329,3.00951147079468,3.020738176780718,11.226705986038255
70.12618949972119,2.50024008750916,3.01226377487183,3.0231726347105203,10.908859838690166
71.12723420992029,2.49952030181885,3.01517820358276,3.0254501500043265,10.27194642156637
72.13726831163939,2.49988031387329,3.01809239387512,3.0276511951634735,9.558801288353624
73.14327893427529,2.49988031387329,3.02100658416748,3.0297446028228245,8.738018655344515
74.14544585858059,2.49988031387329,3.023597240448,3.031746332715807,8.149092267807134
75.1524052847544,2.49988031387329,3.02634954452515,3.03368272092556,7.333176400409869
76.15743383733529,2.49988031387329,3.02877807617188,3.035548453306295,6.770377134415195
77.16106944298409,2.49988031387329,3.03153038024902,3.037351697338289,5.82131708926914
78.16751642323369,2.49988031387329,3.03395891189575,3.0391056057791364,5.1466938833861775
79.17577572087139,2.49988031387329,3.03638744354248,3.0408133361153924,4.425892572912371
80.17957730520689,2.50024008750916,3.03881621360779,3.042472729168009,3.6565155602192867
81.18863252196309,2.49988031387329,3.04108285903931,3.044091175283736,3.0083162444256573
82.19167782388149,2.50024008750916,3.04367327690125,3.0456701491385156,1.9968722372656345
83.1977160506487,2.49988031387329,3.04577803611755,3.0472100299981006,1.4319938805504862
84.20175651688959,2.50024008750916,3.04804468154907,3.048723590225859,0.6789086767891028
85.20496673579738,2.50024008750916,3.0504732131958,3.0502018285160455,-0.27138467975440506
86.20682293667619,2.49988031387329,3.0524160861969,3.051645417925537,-0.770668271362851
87.2088713047766,2.49952030181885,3.05468273162842,3.0530625771987556,-1.6201544296645665
88.21589726398479,2.49988031387329,3.05662560462952,3.054471788532273,-2.1538160972469633
89.2220161797511,2.49988031387329,3.05889225006104,3.055853704027782,-3.0385460332582603
90.22599471364609,2.49988031387329,3.06099700927734,3.057211631146951,-3.785378130389372
91.22901807381919,2.49988031387329,3.06293988227844,3.058548549484845,-4.391332793595382
92.23203895669839,2.49988031387329,3.06504464149475,3.059867074303308,-5.177567191442023
93.23307340382298,2.49988031387329,3.06682538986206,3.0611658258650656,-5.659563996994521
94.24312095370868,2.49988031387329,3.06893014907837,3.062459904150165,-6.470244928205027
95.24416035542099,2.49988031387329,3.07087302207947,3.063727191091248,-7.14583098822219
96.24926216511949,2.49988031387329,3.07265400886536,3.064985270040296,-7.668738825064025
97.25731584736899,2.49988031387329,3.07459688186646,3.0662333993851547,-8.363482481305251
98.26550047229259,2.49988031387329,3.07653975486755,3.067469332624942,-9.070422242608345
99.26833237304209,2.50024008750916,3.07848262786865,3.0686912024219026,-9.791425446747493
100.27539867675009,2.49988031387329,3.08026361465454,3.069897572602147,-10.366042052392999
101.27946108473608,2.49988031387329,3.08204436302185,3.0710934469770206,-10.950916044829562
102.28648775174308,2.49988031387329,3.08382534980774,3.072282689241211,-11.542660566528973
103.2996343962131,2.49988031387329,3.08560633659363,3.0734693984161385,-12.136938177491619
104.30452528203608,2.49988031387329,3.08722543716431,3.0746372811545246,-12.588156009785578
105.30857494965409,2.49988031387329,3.08916831016541,3.075795288253384,-13.37302191202605
106.31060102211009,2.49952030181885,3.09094929695129,3.076939794587453,-14.009502363836912
107.31064525950009,2.49988031387329,3.09256815910339,3.078080159359488,-14.487999743901803
108.31808032609008,2.49988031387329,3.09418725967407,3.079219300094021,-14.96795958004915
109.32471027218409,2.49988031387329,3.09596824645996,3.080350425948909,-15.617820511050873
110.32877268017009,2.49988031387329,3.09758734703064,3.081471130072233,-16.116216958407037
111.33180878071109,2.49952030181885,3.09904432296753,3.082579747908588,-16.464575058942277
112.33184877131208,2.49952030181885,3.10082530975342,3.0836832868450976,-17.142022908322563
113.33487460877909,2.49988031387329,3.1024444103241,3.084789199921979,-17.65521040212059
114.3349482197951,2.49988031387329,3.10390138626099,3.085882822403198,-18.018563857792103
115.33998491205608,2.49988031387329,3.10552048683167,3.0869761517578453,-18.54433507382458
116.34798621723608,2.49988031387329,3.10730147361755,3.0880675422225345,-19.233931395015613
117.3530324647731,2.49988031387329,3.10875868797302,3.089150604610378,-19.60808336264197
118.35512117737309,2.49988031387329,3.11037755012512,3.0902259833181596,-20.151566806960286
119.36111268945609,2.49988031387329,3.11167287826538,3.091301026766745,-20.371851498635074
120.36211280836609,2.49988031387329,3.11329197883606,3.092366389308981,-20.925589527079236
121.36280963573209,2.49988031387329,3.11458706855774,3.093427327116159,-21.159741441580948
122.36818288605409,2.49988031387329,3.11620616912842,3.0944891454800794,-21.717023648340827
123.38091971534509,2.49952030181885,3.11766338348389,3.0955499303135645,-22.113453170325315
124.38390803950509,2.49988031387329,3.11928248405457,3.0966059097959797,-22.676574258590154
125.3929579477741,2.49988031387329,3.12073945999146,3.0976611460356036,-23.078313955856355
126.39798756205309,2.49988031387329,3.12219667434692,3.098708196930863,-23.488477416056863
127.40099499676508,2.49988031387329,3.12365388870239,3.0997499880234702,-23.903900678919676
128.4060851277931,2.49952030181885,3.12494897842407,3.100785638332701,-24.163340091369
129.4141649985771,2.49988031387329,3.12640619277954,3.1018305123471057,-24.57568043243441
130.4198525113181,2.49988031387329,3.12802529335022,3.102865647373019,-25.159645977200995
131.4282116085071,2.49988031387329,3.1293203830719,3.1039008114769766,-25.41957159492325
132.4292520719171,2.49988031387329,3.13077759742737,3.1049254283316046,-25.852169095765376
133.42932639073211,2.49988031387329,3.13207268714905,3.105946321534397,-26.12636561465287
134.4761136237501,2.50024008750916,3.1332061290741,3.107017093773333,-26.189035300766772
135.4957762587981,2.49988031387329,3.13466334342957,3.1080478382809087,-26.61550514866118
136.5085750204341,2.49952030181885,3.13612031936646,3.109068353183285,-27.051966183174958
137.5238146242941,2.49988031387329,3.13741564750671,3.1100975978754386,-27.31804963127127
138.5365369437201,2.50024008750916,3.13887286186218,3.1111231007150733,-27.7497611471067
139.5505078192381,2.49988031387329,3.14016795158386,3.1121383025280904,-28.029649055769656
140.5644960358131,2.49988031387329,3.14146327972412,3.1131545546679624,-28.30872505615778
141.57847752830511,2.49988031387329,3.14292025566101,3.1141685619298674,-28.751693731142502
142.5924799008451,2.49988031387329,3.14405369758606,3.1151801000628616,-28.873597523198402
143.6064327275081,2.49952030181885,3.14534902572632,3.116184734801214,-29.164290925105973
144.6204517333061,2.50024008750916,3.14680600166321,3.117200274704464,-29.60572695874575
145.6344155308421,2.50024008750916,3.14810132980347,3.118205897824706,-29.895431978764098
146.64840445521511,2.49952030181885,3.14907264709473,3.1191988765422862,-29.87377055244389
147.6624001036711,2.50024008750916,3.15069174766541,3.120207436413674,-30.48431125173634
148.6763805344651,2.49988031387329,3.15198707580566,3.1212010116658897,-30.786064139770364
149.6903330072291,2.49988031387329,3.15312027931213,3.1221957969227514,-30.924482389378394
150.7043389187601,2.49988031387329,3.15441560745239,3.1231883457951923,-31.22726165719758
151.7183271353351,2.49988031387329,3.15571069717407,3.1241786244715146,-31.532072702555425
152.7323043810371,2.49988031387329,3.15700602531433,3.125166578423056,-31.83944689127438
153.7462678246741,2.49988031387329,3.1581392288208,3.1261521891917194,-31.98703962908045
154.7602563951481,2.49988031387329,3.15943455696106,3.1271354507875997,-32.29910617346032
155.7742364720431,2.49988031387329,3.16056799888611,3.1281163305377477,-32.45166834836244
156.7882416757761,2.49988031387329,3.16170120239258,3.129094812928486,-32.60638946409378
157.8022058272111,2.49988031387329,3.16283464431763,3.130070940511388,-32.763703806242276
158.8162078458511,2.49988031387329,3.1639678478241,3.131045540882869,-32.92230694123077
159.83034788514811,2.50024008750916,3.16526317596436,3.1320207163745883,-33.24245958977157
160.8441718925321,2.49988031387329,3.16639637947083,3.1329855889757057,-33.41079049512441
161.8581477226381,2.49988031387329,3.16752982139587,3.1339511862241007,-33.57863517176929
162.87213523141511,2.49988031387329,3.16882491111755,3.1349146022215946,-33.91030889595559
163.8861036296391,2.49988031387329,3.1699583530426,3.135875446231829,-34.082906810771085
164.9000957391041,2.49988031387329,3.17092967033386,3.136833906521641,-34.09576381221902
165.9140761698981,2.50024008750916,3.17222499847412,3.1377924995002813,-34.43249897383893
166.9279709571061,2.49988031387329,3.17319631576538,3.1387424862690345,-34.453829496345456
167.9420480023601,2.49988031387329,3.17432975769043,3.13969286344843,-34.63689424200034
168.9560266636591,2.49988031387329,3.1754629611969,3.140640495567582,-34.822465629317904
169.9699784286241,2.49988031387329,3.17659640312195,3.14158532912254,-35.01107399941006
170.9839907103391,2.49988031387329,3.17789149284363,3.142527524937389,-35.363967906241186
171.9979640631511,2.49988031387329,3.17902493476868,3.1434677021686737,-35.5572326000062
173.0119674973881,2.50024008750916,3.17999625205994,3.14440799851093,-35.58825354900996
174.0259500515771,2.49988031387329,3.18080592155457,3.14533772675518,-35.468194799389785
175.0399258816831,2.49988031387329,3.18210101127625,3.14626771136403,-35.83329991222017
176.0539041890831,2.49988031387329,3.18307256698608,3.1471949852859433,-35.87758170013666
177.0679175324951,2.49988031387329,3.18420577049255,3.1481192723767624,-36.08649811578779
178.0818823917281,2.49988031387329,3.1853392124176,3.1490404631932334,-36.29874922436649
179.0958575140361,2.49988031387329,3.18631052970886,3.1499585538960644,-36.3519758127957
180.1098499774001,2.49988031387329,3.18744397163391,3.1508735382703827,-36.57043336352706
181.1237989111731,2.49988031387329,3.18841528892517,3.1517855911392862,-36.629697785883764
182.1378161474751,2.49988031387329,3.18938684463501,3.1526948719906143,-36.691972644395946
183.1520046709521,2.50024008750916,3.19052004814148,3.1536035733847925,-36.916474756687464
184.1659780237641,2.49988031387329,3.19132971763611,3.1545021400826956,-36.82757755341459
185.1797673490341,2.49988031387329,3.19246292114258,3.155400650949461,-37.06227019311869
186.1937378706531,2.50024008750916,3.19375824928284,3.1562989015087553,-37.459347774084776
187.2077384736971,2.49988031387329,3.1947295665741,3.157188039989652,-37.54152658444765
188.2217220895831,2.50024008750916,3.19553923606873,3.1580804945982894,-37.45874147044059
189.2356911956061,2.50024008750916,3.19651055335999,3.1589661746976647,-37.54437866232507
190.2496779965841,2.50024008750916,3.19764399528503,3.15984662147947,-37.79737380556014
191.2636665670581,2.49952030181885,3.19845342636108,3.1607151679812637,-37.73825837981626
192.2777425506151,2.49952030181885,3.19958662986755,3.161586839664171,-37.99979020337929
193.2916345066291,2.49952030181885,3.20055818557739,3.1624565097380937,-38.10167583929625
194.3056121062311,2.50024008750916,3.20152950286865,3.163330855863459,-38.198647005191155
195.3196013845031,2.49988031387329,3.20250105857849,3.1641904446710907,-38.3106139073992
196.3335796919021,2.49988031387329,3.20347237586975,3.1650485169330285,-38.42385893672162
197.3475700318721,2.49988031387329,3.20444393157959,3.165903037120798,-38.54089445879172
198.3615589562451,2.49952030181885,3.20541524887085,3.1667493603504,-38.66588852045005
199.3755287700661,2.49988031387329,3.20638680458069,3.1675994955412454,-38.78730903944438
200.3895120320531,2.49988031387329,3.20719623565674,3.168442443217873,-38.75379243886723
201.4035087422071,2.49988031387329,3.208167552948,3.169281130355497,-38.88642259250297
202.4178692606551,2.49988031387329,3.20913910865784,3.1701161506904754,-39.02295796736466
203.4314094409461,2.49988031387329,3.2101104259491,3.1709462971061098,-39.16412884299003
204.4454309240381,2.49988031387329,3.21108198165894,3.171772466115592,-39.30951554334783
205.4594283419901,2.49952030181885,3.21172952651978,3.1725912092689756,-39.13831725080419
206.4733995714071,2.49952030181885,3.21286296844482,3.173408121334239,-39.45484711058134
207.4873987588551,2.50024008750916,3.21383428573608,3.174227419621803,-39.60686611427677
208.5013756506581,2.49988031387329,3.21464371681213,3.1750350467778867,-39.60867003424306
209.5153642211321,2.49988031387329,3.21545338630676,3.175840104337929,-39.613281968831075
210.5293322654571,2.49988031387329,3.21658658981323,3.1766405377194378,-39.94605209379243
211.5433095111591,2.49988031387329,3.21723437309265,3.1774373169645096,-39.79705612814044
212.5573189616811,2.50024008750916,3.21820569038391,3.1782339561770803,-39.97173420682954
213.5712788663271,2.49988031387329,3.21917700767517,3.179017554105867,-40.15945356930306
214.5852249689061,2.50024008750916,3.2199866771698,3.179803689187902,-40.18298798189779
215.5992475136961,2.49988031387329,3.22095799446106,3.180580074634542,-40.37791982651795
216.6132353763721,2.50024008750916,3.2219295501709,3.1813571324567302,-40.57241771416997
217.6272327943241,2.49988031387329,3.22257709503174,3.182123131587284,-40.453963444456065
218.6411958840611,2.49988031387329,3.22338652610779,3.182887071190658,-40.49945491713203
219.6551841006361,2.50024008750916,3.22451996803284,3.1836518288543822,-40.868139178457774
220.6691539144571,2.49988031387329,3.22516751289368,3.1844032263471806,-40.76428654649922
221.6831502707121,2.49988031387329,3.22597718238831,3.1851535803412867,-40.8236020470234
222.6971434418741,2.49988031387329,3.22678661346436,3.1858992366975016,-40.887376766858274
223.7111121939981,2.49952030181885,3.22759604454041,3.1866356576998918,-40.960386840518396
224.7251131509411,2.49988031387329,3.22856760025024,3.1873763913445012,-41.191208905738904
225.7390482826481,2.49988031387329,3.2295389175415,3.188108453225519,-41.430464315980856
226.7530637494551,2.49952030181885,3.23018646240234,3.188830706405822,-41.355755996518084
227.7670470114421,2.49988031387329,3.23099613189697,3.189557447941855,-41.438683955115074
228.7810292117321,2.49988031387329,3.23180556297302,3.190275416345588,-41.53014662743182
229.7950191978031,2.49988031387329,3.23245334625244,3.1909884043853625,-41.46494186707761
230.8089918428161,2.49988031387329,3.23326277732849,3.1916965130946227,-41.56626423386722
231.8230731348601,2.49988031387329,3.23407220840454,3.1923998324841536,-41.67237592038653
232.8369657986721,2.49988031387329,3.23488187789917,3.193098171271533,-41.783706627636974
233.8509593237341,2.49988031387329,3.23569130897522,3.193791724246622,-41.89958472859834
234.8649379850331,2.49988031387329,3.23633885383606,3.194480282748744,-41.85857108731605
235.8789049676611,2.49988031387329,3.2373104095459,3.1951638969911342,-42.14651255476598
236.8928988466221,2.49952030181885,3.23795795440674,3.19583993875185,-42.11801565489015
237.9068895404901,2.49988031387329,3.23876738548279,3.1965169868018326,-42.25039868095726
238.9208625394031,2.49988031387329,3.23957705497742,3.197186190905062,-42.390864072358255
239.9348550027671,2.49988031387329,3.24022459983826,3.1978504307803854,-42.3741690578745
240.9488343718641,2.49988031387329,3.24103403091431,3.198509753206422,-42.524277707888025
241.9628087863741,2.49988031387329,3.24184370040894,3.19916418083151,-42.6795195774301
242.9768023114351,2.49988031387329,3.24249124526978,3.199813711828325,-42.67753344145486
243.9907399204361,2.49988031387329,3.24330067634583,3.2004582909410857,-42.84238540474439
245.00476635811611,2.49988031387329,3.24394845962524,3.2010980687705874,-42.8503908546527
246.0187482045071,2.49952030181885,3.24459600448608,3.2017302984638003,-42.86570602227968
247.0327335898891,2.50024008750916,3.24540543556213,3.2023665649421087,-43.0388706200211
248.0467288844461,2.49988031387329,3.24605321884155,3.202989325248957,-43.06389359259288
249.0607032989561,2.50024008750916,3.2468626499176,3.203612491110767,-43.25015880683303
250.07467842126312,2.49988031387329,3.24751019477844,3.2042246546971556,-43.2855400812846
251.0886606215531,2.49988031387329,3.24815797805786,3.204834397280335,-43.32358077752518
252.1026399906501,2.49988031387329,3.2488055229187,3.2054392761014747,-43.36624681722512
253.1182752537241,2.50024008750916,3.24961495399475,3.2060445537339874,-43.57040026076264
254.1306135926071,2.50024008750916,3.25026273727417,3.206640545585146,-43.622191689023815
255.14460322477808,2.49988031387329,3.2507483959198,3.207227091759573,-43.521304160226926
256.15857126910305,2.49988031387329,3.25139594078064,3.2078125552605385,-43.583385520101544
257.17257293384506,2.49988031387329,3.25188159942627,3.20839350308642,-43.48809633984985
258.18655017954705,2.49988031387329,3.25252938270569,3.2089694498456445,-43.559932860045336
259.20055396768305,2.49988031387329,3.25301504135132,3.2095409914245123,-43.47404992680781
260.21452059641206,2.50024008750916,3.25366258621216,3.2101116502653024,-43.55093594685755
261.22848757904006,2.49988031387329,3.25431036949158,3.2106694595359047,-43.640909955675156
262.24248004240405,2.49952030181885,3.254634141922,3.21122098933563,-43.41315258637035
263.25647639865906,2.49988031387329,3.25511980056763,3.2117772861522758,-43.3425144153543
264.27046072234305,2.49988031387329,3.25560545921326,3.2123248828944417,-43.280576318818206
265.28444221483505,2.49988031387329,3.2562530040741,3.212866933420787,-43.3860706533129
266.29836637567007,2.49952030181885,3.2565770149231,3.2134003728364733,-43.176642086626856
267.31240343032306,2.49952030181885,3.25690078735352,3.213932695538741,-42.96809181477901
268.32639377029307,2.49988031387329,3.25754833221436,3.214465791376255,-43.08254083810503
269.34037915567507,2.49988031387329,3.25787210464478,3.2149898131736014,-42.88229147117839
270.35434330710905,2.49988031387329,3.25835776329041,3.2155088007836348,-42.84896250677539
271.3683290463901,2.49988031387329,3.2586817741394,3.2160238426231214,-42.6579315162785
272.3815963704601,2.50024008750916,3.25916743278503,3.216537836075311,-42.62959670971922
273.39629450866806,2.49988031387329,3.25949120521545,3.217039299501876,-42.451905713574156
274.41023424106305,2.49988031387329,3.25965309143066,3.217539409490807,-42.113681939853095
275.4245982985031,2.49988031387329,3.26013875007629,3.218035876650723,-42.10287342556684
276.43822341458105,2.49988031387329,3.2603006362915,3.2185277574107545,-41.77287888074544
277.45218968941106,2.50024008750916,3.26062440872192,3.2190179394660916,-41.60646925582823
278.4661825066741,2.49988031387329,3.26094841957092,3.2194969331185423,-41.451486452377836
279.48020965215306,2.49988031387329,3.26111030578613,3.219974449775438,-41.13585601069225
280.49415115404406,2.49988031387329,3.26159596443176,3.2204479420720253,-41.148022359734696
281.50816378965806,2.49988031387329,3.26159596443176,3.2209169966874276,-40.67896774433244
282.5221212170091,2.49988031387329,3.26191973686218,3.2213813537297358,-40.53838313244418
283.53613349872506,2.49952030181885,3.26208162307739,3.22183755967451,-40.24406340287978
284.55008774098405,2.49988031387329,3.2622435092926,3.2222960575738737,-39.94745171872616
285.56410851627805,2.49988031387329,3.26256728172302,3.2227485596321124,-39.81872209090742
286.5780362161031,2.49952030181885,3.26256728172302,3.223191876939252,-39.375404783768
287.5920569913971,2.49988031387329,3.26305317878723,3.2236378189425476,-39.41535984468247
288.60599283090306,2.49988031387329,3.26305317878723,3.2240774049806937,-38.97577380653638
289.62004793441105,2.49988031387329,3.26337695121765,3.2245120022696003,-38.8649489480497
290.63393918262705,2.49988031387329,3.26337695121765,3.224942274725482,-38.43467649216814
291.64798508475906,2.49988031387329,3.26353883743286,3.225368298338793,-38.1705390940672
292.6619456972021,2.49988031387329,3.26353883743286,3.225789460134518,-37.749377298342154
293.67597744336905,2.49952030181885,3.26386260986328,3.226203224312782,-37.65938555049786
294.68992389984805,2.49988031387329,3.26402449607849,3.2266195377820512,-37.404958296438636
295.70393901275605,2.49952030181885,3.2641863822937,3.2270264565629705,-37.15992573072935
296.7179261676331,2.49988031387329,3.26434826850891,3.22743579759378,-36.91247091512962
297.73189279636205,2.49988031387329,3.26451015472412,3.227837835648047,-36.67231907607338
298.74585340880606,2.49952030181885,3.26451015472412,3.228231612144319,-36.27854257980134
299.75982711551706,2.50024008750916,3.26467204093933,3.2286316609171033,-36.04038002222687
300.77380294562306,2.49988031387329,3.26483392715454,3.2290196726370968,-35.81425451744336
301.78782159752205,2.49988031387329,3.26483392715454,3.2294050745160883,-35.42885263845186
302.8017758397811,2.49988031387329,3.26499581336975,3.2297871560477276,-35.208657322022496
303.81588969054405,2.49988031387329,3.26515793800354,3.230165455103376,-34.99248290016421
304.82974448715106,2.49988031387329,3.26531982421875,3.2305399827770396,-34.779841441710424
305.8437712787291,2.50024008750916,3.26548171043396,3.2309138043487704,-34.56790608518956
306.85772233589705,2.49952030181885,3.26531982421875,3.231275055606176,-34.04476861257422
307.87174275729205,2.49988031387329,3.26548171043396,3.2316409370152206,-33.84077341873937
308.88569204496406,2.49988031387329,3.26564359664917,3.2320001671636063,-33.643429485563644
309.8997000798891,2.50024008750916,3.26580548286438,3.23235896942615,-33.4465134382298
310.9136355654951,2.49988031387329,3.26580548286438,3.232708438923373,-33.09704394100699
311.9276595258811,2.50024008750916,3.26596736907959,3.233059927727216,-32.907441352374
312.94161376814105,2.49988031387329,3.26596736907959,3.2334019572592334,-32.56541182035644
313.9556394980221,2.49988031387329,3.26596736907959,3.2337437241924567,-32.22364488713314
314.9695714446371,2.49988031387329,3.2661292552948,3.2340822472397295,-32.04700805507032
315.98359080433505,2.50024008750916,3.26645302772522,3.234420221142237,-32.03280658298313
316.9975418615021,2.49988031387329,3.26645302772522,3.2347488342896815,-31.704193435538652
318.0115665296861,2.50024008750916,3.26661491394043,3.235079786764607,-31.535127175823074
319.02551157056905,2.49988031387329,3.26661491394043,3.235401677863645,-31.213236076784945
320.0395305763671,2.50024008750916,3.26693868637085,3.235725964377446,-31.21272199340419
321.0535039291791,2.49988031387329,3.26677680015564,3.236040272471734,-30.736527683906
322.06745604804405,2.49988031387329,3.26693868637085,3.2363535719396697,-30.585114431180394
323.08145028090405,2.49988031387329,3.26710057258606,3.2366642278204747,-30.43634476558532
324.0954664555091,2.49988031387329,3.26693868637085,3.2369722594329913,-29.96642693785878
325.10943237644005,2.49988031387329,3.26710057258606,3.2372771370296256,-29.823435556434408
326.12344147306305,2.49988031387329,3.26726245880127,3.2375786171158145,-29.68384168545546
327.13738332885305,2.49988031387329,3.26726245880127,3.2378769614103717,-29.38549739089824
328.15138888648505,2.49988031387329,3.26742458343506,3.2381722643406903,-29.25231909436965
329.16542806453305,2.49988031387329,3.26742458343506,3.2384652901795645,-28.9592932554954
330.17936319624005,2.50024008750916,3.26774835586548,3.238758849822486,-28.989506042993884
331.19332487038105,2.50024008750916,3.26774835586548,3.2390448491337054,-28.703506731774464
332.2073314897101,2.49988031387329,3.26774835586548,3.2393242391652786,-28.424116700201285
333.2212935177501,2.49988031387329,3.26791024208069,3.239604612829213,-28.305629251476727
334.2352912896011,2.50024008750916,3.26791024208069,3.239885080808934,-28.025161271755916
335.24925190204505,2.49988031387329,3.2680721282959,3.240156778931698,-27.915349364202147
336.2632641837601,2.49988031387329,3.2680721282959,3.240428156724447,-27.643971571453374
337.27717525032705,2.49988031387329,3.2680721282959,3.240697203325646,-27.374924970254177
338.2912215063571,2.50024008750916,3.26839590072632,3.2409671767833848,-27.428723942935385
339.30519344357305,2.50024008750916,3.26839590072632,3.2412313102459755,-27.164590480344586
340.3192152805641,2.50024008750916,3.26855778694153,3.2414923740618296,-27.065412879700546
341.3331567824551,2.50024008750916,3.26855778694153,3.241749943084147,-26.807843857382885
342.34715243091205,2.49952030181885,3.26855778694153,3.2419970715529263,-26.56071538860383
343.36109641009705,2.49988031387329,3.26871967315674,3.2422520815240254,-26.467591632714615
344.3751270945661,2.49988031387329,3.26888155937195,3.2425024282593307,-26.37913111261936
345.3890915999001,2.49952030181885,3.26888155937195,3.242745063549799,-26.13649582215105
346.40309043344905,2.49988031387329,3.26904344558716,3.2429937658676637,-26.049679719496233
347.4173957436341,2.49988031387329,3.26904344558716,3.2432365116539374,-25.80693393322253
348.4310718211861,2.49988031387329,3.26920533180237,3.2434764430154317,-25.728888786938242
349.4450034139021,2.49988031387329,3.26936721801758,3.2437140376781537,-25.653180339426207
350.4590358678671,2.50024008750916,3.26936721801758,3.243953159430812,-25.41405858676793
351.4729947108151,2.49988031387329,3.26952934265137,3.2441813062462765,-25.34803640509331
352.5067779207081,2.49988031387329,3.26952934265137,3.244415660537568,-25.11368211380205
353.5165713710261,2.50024008750916,3.26969122886658,3.2446470854973577,-25.044143369222116
354.5305652499871,2.50024008750916,3.26985311508179,3.244872980769011,-24.980134312779345
355.5445202000451,2.49988031387329,3.26985311508179,3.245091128746772,-24.76198633501836
356.55852221868605,2.49988031387329,3.26985311508179,3.2453112064078713,-24.541908673918922
357.5724980487911,2.49988031387329,3.270015001297,3.2455302094198566,-24.484791877143586
358.5865057298181,2.49988031387329,3.27017688751221,3.24574634742887,-24.430540083340002
359.6004436927181,2.49988031387329,3.270015001297,3.2459603590181305,-24.054642278869665
360.6144740232881,2.49988031387329,3.27017688751221,3.2461722283581547,-24.004659154055474
361.62838756714905,2.49988031387329,3.27017688751221,3.2463821624002867,-23.794725111923487
362.64243488487705,2.49988031387329,3.27050065994263,3.2465904899555413,-23.910169987088725
363.65638169525505,2.50024008750916,3.27066254615784,3.2467997720393,-23.86277411854021
364.67038796068505,2.49952030181885,3.27050065994263,3.246997081316539,-23.50357862609087
365.6843361866591,2.49988031387329,3.27082443237305,3.24720033055355,-23.62410181949981
366.6983509456681,2.49988031387329,3.27082443237305,3.247399504355055,-23.424928017994784
367.7123430551331,2.49988031387329,3.27098631858826,3.2475969800951447,-23.389338493115197
368.7263287944141,2.50024008750916,3.27114820480347,3.2477955576289537,-23.35264717451624
369.7402805593801,2.49988031387329,3.27114820480347,3.2479865385654563,-23.161666238013634
370.7542843475161,2.49988031387329,3.27131009101868,3.248178229591291,-23.131861427388767
371.76825911592505,2.50024008750916,3.27131009101868,3.2483707392409844,-22.93935177769546
372.7822540565831,2.49988031387329,3.27131009101868,3.2485554421739415,-22.754648844738323
373.7962040520531,2.49988031387329,3.27147197723389,3.2487412930799797,-22.730684153910108
374.8102237656491,2.50024008750916,3.27163410186768,3.2489285275068553,-22.705574360824432
375.8243482333851,2.50024008750916,3.27179598808289,3.2491111537556288,-22.684834327261427
376.8381998449001,2.49988031387329,3.27179598808289,3.249289022799821,-22.50696528306939
377.85213886949805,2.49988031387329,3.2719578742981,3.249467811723111,-22.49006257498909
378.8661610603881,2.50024008750916,3.27228164672852,3.249647619027813,-22.634027700707104
379.88010397787605,2.49952030181885,3.2719578742981,3.249817300945817,-22.140573352283255
380.8940808696791,2.49988031387329,3.27228164672852,3.2499944322918326,-22.287214436687464
381.9081048300651,2.50024008750916,3.27228164672852,3.250170134943607,-22.111511784912885
382.9220887998501,2.49988031387329,3.27244353294373,3.2503378462532697,-22.105686690460313
383.9360536590831,2.49988031387329,3.27244353294373,3.250506133254157,-21.937399689572867
384.9500546160261,2.49988031387329,3.27260541915894,3.2506725215973713,-21.932897561568687
385.9640244298471,2.50024008750916,3.27276730537415,3.2508409733529637,-21.926332021186212
386.9780306952771,2.49988031387329,3.27260541915894,3.251002340810053,-21.603078348887195
387.9919707815721,2.49988031387329,3.27292919158936,3.2511649934047924,-21.76419818456754
389.0059961575541,2.49988031387329,3.27309107780457,3.251326120219421,-21.76495758514907
390.0199213800861,2.49988031387329,3.27309107780457,3.2514857569331603,-21.60532087140954
391.0339499411611,2.49988031387329,3.27325296401978,3.2516439362225444,-21.60902779723539
392.0478627772231,2.49988031387329,3.27341485023499,3.251800799582697,-21.614050652292605
393.0619454848631,2.49988031387329,3.27341485023499,3.251956422867004,-21.458427367985866
394.0758756619821,2.50024008750916,3.2735767364502,3.2521135948189848,-21.463141631215432
395.0898836969081,2.50024008750916,3.27373862266541,3.2522665942638556,-21.4720284015546
396.1038602348121,2.49988031387329,3.27373862266541,3.2524150786832515,-21.323543982158633
397.1178682697381,2.49952030181885,3.27373862266541,3.252561880671563,-21.176741993847337
398.1318193269051,2.49988031387329,3.27373862266541,3.2527129068658605,-21.025715799549705
399.1458312547211,2.49988031387329,3.27390074729919,3.252859660342853,-21.041086956337107
400.15999358966207,2.49988031387329,3.2740626335144,3.2530055970886838,-21.057036425716102
401.1737822071341,2.50024008750916,3.2740626335144,3.25315316880802,-20.909464706379666
402.1877612223321,2.49988031387329,3.27422451972961,3.253293821769873,-20.93069795973701
403.2017289127581,2.50024008750916,3.27454829216003,3.2534389809960826,-21.10931116394754
404.2157373015831,2.49988031387329,3.27454829216003,3.253577152743198,-20.971139416832152
405.2297134855881,2.49988031387329,3.27454829216003,3.2537169731904942,-20.83131896953594
406.2436871922991,2.49988031387329,3.27471017837524,3.2538556425242926,-20.854535850947542
407.2576969967201,2.49988031387329,3.27487206459045,3.253993167425257,-20.878897165192978
408.2716569013651,2.49988031387329,3.27503395080566,3.254129514965518,-20.90443584014201
409.2856918326241,2.49988031387329,3.27503395080566,3.254264921626044,-20.769029179616094
410.2996237792391,2.50024008750916,3.27503395080566,3.254402292342398,-20.63165846326198
411.3136233205861,2.50024008750916,3.27519583702087,3.2545358057899545,-20.660031230915532
412.3276076442701,2.49988031387329,3.27551960945129,3.254665308113884,-20.854301337406067
413.3415855977711,2.50024008750916,3.2756814956665,3.254799364751994,-20.882130914505748
414.3555352393421,2.50024008750916,3.2756814956665,3.2549294151660444,-20.752080500455516
415.3695553068381,2.49988031387329,3.2756814956665,3.255055442646797,-20.626053019702884
416.3835268901541,2.49988031387329,3.27584338188171,3.2551831641066995,-20.66021777501037
417.3975310321891,2.49988031387329,3.27584338188171,3.255309732539547,-20.533649342163063
418.4114937680281,2.49988031387329,3.27616739273071,3.25543534435879,-20.732048371919998
419.42584119220805,2.49952030181885,3.2760055065155,3.2555574351028844,-20.4480714126154
420.4394517984231,2.49988031387329,3.27632927894592,3.2556843120533525,-20.644966892567673
421.4534520475681,2.49988031387329,3.27632927894592,3.255807503248656,-20.52177569726421
422.4674243386831,2.49988031387329,3.27632927894592,3.2559298950974886,-20.39938384843154
423.4814256495251,2.49988031387329,3.27649116516113,3.256051456059776,-20.439709101354175
424.4954036030261,2.49988031387329,3.27665305137634,3.2561722364825414,-20.480814893798716
425.5093493517061,2.50024008750916,3.27681493759155,3.256295275856226,-20.519661735324046
426.5233630490181,2.49988031387329,3.27681493759155,3.256411851269482,-20.40308632206811
427.5373477266021,2.50024008750916,3.27713871002197,3.2565333327182504,-20.605377303719585
428.5513554076281,2.49988031387329,3.27730059623718,3.2566474721860947,-20.653124051085214
429.5653167278701,2.49988031387329,3.27730059623718,3.256763004710558,-20.537591526621934
430.5792876033881,2.49952030181885,3.27730059623718,3.25687437491037,-20.426221326809824
431.5932878525331,2.49952030181885,3.27730059623718,3.2569902139206612,-20.310382316518716
432.6072251076351,2.50024008750916,3.2776243686676,3.2571115400643444,-20.51282860325543
433.6212611005911,2.49988031387329,3.2776243686676,3.257222269153887,-20.40209951371308
434.6352323300081,2.50024008750916,3.27794814109802,3.2573375091751497,-20.61063192287005
435.6492230238771,2.49988031387329,3.27794814109802,3.257445923375575,-20.502217722444982
436.6631677108601,2.49988031387329,3.27794814109802,3.2575572476531898,-20.390893444830027
437.67717786918007,2.50024008750916,3.27811002731323,3.257671887473439,-20.43813983979126
438.6911703325451,2.49988031387329,3.27827215194702,3.2577780093552375,-20.494142591782616
439.7051521789361,2.50024008750916,3.27843403816223,3.2578914976034516,-20.542540558778466
440.7191308402341,2.49988031387329,3.27843403816223,3.2579964495614258,-20.437588600804357
441.7331109171301,2.49988031387329,3.27859592437744,3.258103593976824,-20.492330400616154
442.7471037343931,2.49988031387329,3.27859592437744,3.258211202553743,-20.384721823697216
443.7610884119771,2.50024008750916,3.27875781059265,3.2583218334319453,-20.435977160704777
444.7750829987361,2.49988031387329,3.27908158302307,3.258424226981238,-20.657356041831942
445.7890542281531,2.49988031387329,3.27891969680786,3.258529579313973,-20.390117493886972
446.8030282887631,2.49988031387329,3.27908158302307,3.258634389300703,-20.44719372236692
447.8176195494371,2.49988031387329,3.27908158302307,3.2587385996400666,-20.342983383003332
448.8310004751241,2.49952030181885,3.27924346923828,3.2588384878795673,-20.404981358712604
449.8449897533961,2.49988031387329,3.2795672416687,3.2589460347939534,-20.621206874746445
450.8589595672171,2.50024008750916,3.27972912788391,3.2590528302053716,-20.67629767853818
451.8729509688841,2.49988031387329,3.27972912788391,3.2591523145164376,-20.57681336747219
452.8869512180291,2.49988031387329,3.27989101409912,3.259253888146622,-20.637125952498003
453.9009185545561,2.50024008750916,3.27989101409912,3.2593588081622586,-20.53220593686156
454.9149127874161,2.49988031387329,3.28005290031433,3.259455692404301,-20.59720791002917
455.9288790622451,2.49988031387329,3.28005290031433,3.2595559371549165,-20.496963159413628
456.94286834051707,2.49988031387329,3.28021478652954,3.2596556730740534,-20.559113455486777
457.9568494791101,2.49988031387329,3.28037691116333,3.259755355652889,-20.62155551044098
458.9708316794001,2.49988031387329,3.28053879737854,3.259854293556819,-20.684503821720934
459.98482378886507,2.49988031387329,3.28053879737854,3.2599529959035576,-20.585801474982457
460.9987985572741,2.49988031387329,3.28086256980896,3.26005125501622,-20.81131479274001
462.0127754490771,2.49988031387329,3.28086256980896,3.260149063279372,-20.71350652958781
463.02675941886207,2.49988031387329,3.28102445602417,3.2602465943750403,-20.777861649129648
464.0407706388801,2.49988031387329,3.28102445602417,3.260343646501113,-20.680809523057064
465.0547464689861,2.49988031387329,3.28118634223938,3.2604404675548,-20.745874684579668
466.06871557500807,2.49988031387329,3.28134822845459,3.2605369538794773,-20.81127457511256
467.0827119312631,2.49988031387329,3.2815101146698,3.260633159835761,-20.87695483403884
468.09668386847807,2.50024008750916,3.28167200088501,3.2607316151772947,-20.940385707715503
469.1106735006501,2.49952030181885,3.2815101146698,3.26082070261705,-20.689412052749656
470.1246496846551,2.49988031387329,3.28167200088501,3.260917846673275,-20.7541542117351
471.13863117714607,2.49952030181885,3.28183388710022,3.261009088594751,-20.824798505469033
472.1526123157391,2.49988031387329,3.28199577331543,3.261106245461712,-20.889527853718004
473.1666001784151,2.49952030181885,3.28199577331543,3.26119751765146,-20.79825566397009
474.1806039665511,2.49988031387329,3.28248143196106,3.2612944156152466,-21.187016345813436
475.1945748420691,2.49988031387329,3.28231954574585,3.261388281634183,-20.931264111667236
476.20855244167007,2.50024008750916,3.28248143196106,3.2614848874897153,-20.99654447134469
477.2225066839301,2.49952030181885,3.28264355659485,3.2615723563115595,-21.07120028329046
478.23652568972807,2.49952030181885,3.28280544281006,3.261665001094394,-21.14044171566576
479.2505160296981,2.49988031387329,3.28280544281006,3.261760067167481,-21.0453756425788
480.26469110500705,2.50024008750916,3.28312921524048,3.2618553986628207,-21.273816577659144
481.2783972639851,2.49988031387329,3.28312921524048,3.2619449871979476,-21.184228042532283
482.29244635120807,2.50024008750916,3.28329110145569,3.262040286481712,-21.25081497397785
483.30643562948006,2.50024008750916,3.28329110145569,3.2621318624995377,-21.159238956152127
484.32043552472607,2.50024008750916,3.28361487388611,3.2622229781337015,-21.39189575240863
485.3344102931351,2.49988031387329,3.28377676010132,3.2623108749266745,-21.46588517464565
486.34837727576206,2.49988031387329,3.28377676010132,3.262401379461088,-21.375380640232144
487.36236620013506,2.49988031387329,3.28377676010132,3.262491596021176,-21.285164080143915
488.37632079629407,2.49988031387329,3.28393864631653,3.26258204288066,-21.356603435870092
489.3902569896991,2.49988031387329,3.28410053253174,3.2626724857759397,-21.428046755800345
490.40432164848306,2.49988031387329,3.28410053253174,3.2627628635778065,-21.33766895393352
491.41862341967806,2.50024008750916,3.28426241874695,3.262856020507049,-21.40639823990087
492.43228321787007,2.49988031387329,3.28442430496216,3.2629432792470485,-21.481025715111457
493.4462611713711,2.49988031387329,3.28474831581116,3.2630333568842427,-21.714958926917216
494.46025788152406,2.49988031387329,3.28474831581116,3.2631233498891223,-21.624965922037553
495.47428184191006,2.50024008750916,3.28474831581116,3.263216018223173,-21.532297587986804
496.4882208665081,2.49988031387329,3.28491020202637,3.2633026440496082,-21.607557976761615
497.50220412849507,2.49988031387329,3.28507208824158,3.263391932054112,-21.68015618746777
498.51618915997807,2.49952030181885,3.28507208824158,3.2634781201966123,-21.593968044967493
499.53014198664107,2.49988031387329,3.28523397445679,3.2635698457920213,-21.664128664768967
500.54415780734706,2.49988031387329,3.28555774688721,3.2636587279041467,-21.899018983063456
501.5581354069491,2.49988031387329,3.28555774688721,3.263747638396892,-21.810108490317948
502.57215264325106,2.49988031387329,3.28571963310242,3.2638364715937698,-21.88316150865033
503.58610405431807,2.49952030181885,3.28571963310242,3.263922338162454,-21.797294939966072
504.60008979359907,2.49988031387329,3.28588151931763,3.2640138787940742,-21.86764052355583
505.6140744711831,2.49988031387329,3.28604340553284,3.2641024300745682,-21.940975458271783
506.62807259693307,2.49988031387329,3.28620529174805,3.264190889377213,-22.01440237083707
507.6420247157981,2.49988031387329,3.28636717796326,3.264279251519749,-22.087926443510764
508.65600939338105,2.49952030181885,3.28652906417847,3.2643646432542917,-22.164420924178252
509.67000468793907,2.49988031387329,3.28669095039368,3.264456241059853,-22.234709333826874
510.68394583593107,2.49988031387329,3.28669095039368,3.2645451088388673,-22.145841554812584
511.69795882544406,2.49988031387329,3.28685283660889,3.264634107340642,-22.21872926824764
512.711968629865,2.49988031387329,3.28685283660889,3.264723229992835,-22.129606616054787
513.7259402131821,2.49988031387329,3.28701496124268,3.264812270304132,-22.202690938547764
514.7399224134721,2.49988031387329,3.2873387336731,3.264901175631785,-22.437558041314976
515.7539081527531,2.50024008750916,3.28750061988831,3.264992941494599,-22.50767839371104
516.7678970771261,2.49988031387329,3.28766250610352,3.2650789332941104,-22.583572809409702
517.7818555661751,2.50024008750916,3.28766250610352,3.2651705780963094,-22.49192800721067
518.795851214631,2.49988031387329,3.28782439231873,3.2652563699277213,-22.568022391008746
519.8099399385561,2.49988031387329,3.28798627853394,3.2653449775726506,-22.641300961289357
520.8239136452671,2.49988031387329,3.28814816474915,3.2654335046618623,-22.71466008728762
521.8377624255891,2.49988031387329,3.28814816474915,3.265522187557419,-22.62597719173076
522.8517892171681,2.50024008750916,3.28831005096436,3.265613868266523,-22.69618269783713
523.8657746025501,2.50024008750916,3.28847193717957,3.2657027236590066,-22.76921352056327
524.8797536177481,2.49988031387329,3.28863382339478,3.2657887568010793,-22.845066593700558
525.8937361719371,2.49988031387329,3.28863382339478,3.2658778153507777,-22.75600804400213
526.907720141722,2.50024008750916,3.2889575958252,3.2659698577643783,-22.987738060821883
527.9216970335251,2.49988031387329,3.28911972045898,3.2660562412880405,-23.063479170939427
528.9356739253291,2.49988031387329,3.28911972045898,3.266145600692665,-22.974119766315138
529.9496770056671,2.49988031387329,3.28928160667419,3.2662350253000114,-23.046581374178476
530.9636567286631,2.49952030181885,3.28928160667419,3.2663216513782305,-22.9599552959594
531.9776343282641,2.49988031387329,3.2894434928894,3.2664141210878403,-23.029371801559506
532.9915719372651,2.49988031387329,3.28976726531982,3.2665037993724644,-23.263465947355844
534.0055930664581,2.49988031387329,3.28960537910461,3.266593648893161,-23.011730211448977
535.0195894227131,2.49988031387329,3.29009103775024,3.2666836144128966,-23.40742333734358
536.0335673762131,2.50024008750916,3.29025292396545,3.266776574678397,-23.47634928705311
537.0475474531081,2.50024008750916,3.29041481018066,3.2668667751321907,-23.548035048469362
538.061541332069,2.49988031387329,3.29041481018066,3.26695421884185,-23.460591338809955
539.0755083146971,2.49988031387329,3.29057669639587,3.2670446674648153,-23.53202893105477
540.0894961773731,2.49988031387329,3.29057669639587,3.267135240242925,-23.44145615294524
541.1034794393601,2.49988031387329,3.29073858261108,3.2672259349031023,-23.512647707977674
542.1174945522681,2.50024008750916,3.29090046882629,3.2673196328997363,-23.58083592655369
543.1314495023261,2.49988031387329,3.2910623550415,3.2674076722229164,-23.654682818583517
544.1454348877081,2.49988031387329,3.29122424125671,3.267498642767009,-23.725598489700683
545.1594110717131,2.49952030181885,3.29122424125671,3.267586826425713,-23.637414830997017
546.1733175375911,2.49988031387329,3.29154825210571,3.267680858042434,-23.86739406327587
547.1873475142621,2.50024008750916,3.29171013832092,3.267774992895967,-23.93514542495323
548.2013559030871,2.49952030181885,3.29171013832092,3.2678607132366913,-23.849425084228937
549.2153168694301,2.50024008750916,3.29187202453613,3.2679584021605583,-23.91362237557182
550.2293390603201,2.49988031387329,3.29187202453613,3.2680477035123925,-23.82432102373766
551.2432812700091,2.49988031387329,3.29219579696655,3.268140119112849,-24.055677853700885
552.257296382917,2.49988031387329,3.29235768318176,3.2682327847049195,-24.124898476840517
553.271251686874,2.49988031387329,3.29251956939697,3.2683256083269976,-24.193961069972403
554.285266445883,2.49988031387329,3.29284334182739,3.2684185082870796,-24.42483354031033
555.2992164413531,2.49988031387329,3.29284334182739,3.268511570676022,-24.331771151367754
556.3132481875201,2.50024008750916,3.2930052280426,3.2686076871345184,-24.39754090808144
557.327199598586,2.49988031387329,3.2930052280426,3.268698208192182,-24.307019850418055
558.3411945392451,2.49988031387329,3.29316711425781,3.268792136196226,-24.37497806158362
559.3551654147631,2.49988031387329,3.29332900047302,3.2688863791957425,-24.442621277277254
560.3691660178071,2.50024008750916,3.29332900047302,3.2689838087915155,-24.345191681504286
561.3831064580011,2.50024008750916,3.29365301132202,3.2690786602097006,-24.574351112319537
562.3971300644871,2.50024008750916,3.29381489753723,3.269173503735347,-24.641393801883016
563.4114774886681,2.49988031387329,3.29381489753723,3.269265324257284,-24.549573279946113
564.425106143738,2.49988031387329,3.29397678375244,3.269360014153629,-24.616769598810873
565.439043752739,2.49988031387329,3.29413866996765,3.2694547912064937,-24.683878761156297
566.45308186909,2.49988031387329,3.29430055618286,3.2695496805103437,-24.750875672516326
567.4672116453121,2.49988031387329,3.29446244239807,3.2696452363208426,-24.81720607722737
568.481023620126,2.49988031387329,3.29446244239807,3.2697410500712074,-24.721392326862546
569.4949877715611,2.49988031387329,3.29478621482849,3.2698371661077648,-24.94904872072512
570.5092063764621,2.49988031387329,3.2949481010437,3.2699335917436203,-25.014509300079535
571.523176190283,2.50024008750916,3.29527187347412,3.2700331403441276,-25.238733129992585
572.5371580366741,2.49988031387329,3.29527187347412,3.2701272132070445,-25.144660267075736
573.5508889685891,2.49988031387329,3.29543375968933,3.270224419659404,-25.209340029926253
574.56493097783,2.49988031387329,3.29559588432312,3.2703219092646485,-25.27397505847162
575.5788760187131,2.49988031387329,3.29559588432312,3.270419534421674,-25.176349901446127
576.5928939628141,2.49988031387329,3.29591965675354,3.2705173860877537,-25.402270665786375
577.6068648383321,2.49988031387329,3.29608154296875,3.2706154526941216,-25.466090274628428
578.6208555322,2.50024008750916,3.29608154296875,3.270716618890016,-25.36492407873414
579.6348051737721,2.49952030181885,3.29624342918396,3.2708094589304317,-25.433970253528226
580.648836919938,2.49988031387329,3.29640531539917,3.27091149318689,-25.493822212280026
581.6628053181621,2.49988031387329,3.29656720161438,3.271010991056416,-25.556210557963865
582.676789995746,2.49988031387329,3.29672908782959,3.2711108404246843,-25.618247404905592
583.6907594556681,2.49988031387329,3.29705286026001,3.2712110381906614,-25.84182206934882
584.7047207759101,2.49988031387329,3.29705286026001,3.2713115060760574,-25.741354183952847
585.718744382396,2.49988031387329,3.29721474647522,3.2714121241970573,-25.80262227816288
586.7327382613571,2.49988031387329,3.29721474647522,3.27151300332726,-25.701743147960254
587.746684717836,2.49988031387329,3.29753851890564,3.2716141416761224,-25.92437722951768
588.760690275468,2.49988031387329,3.29753851890564,3.271715549873645,-25.82296903199488
589.7746261149731,2.49988031387329,3.29786252975464,3.2718174152993758,-26.04511445526425
590.788658215039,2.49988031387329,3.29786252975464,3.271919652731114,-25.942877023525934
591.8026322756491,2.50024008750916,3.29818630218506,3.272025108745032,-26.161193440028097
592.8168147828401,2.50024008750916,3.29834818840027,3.2721280539988316,-26.220134401438333
593.8189300378741,2.49988031387329,3.29851007461548,3.272227119232419,-26.282955383060802
594.829000945102,2.49988031387329,3.29851007461548,3.2723300036118372,-26.180071003642613
595.842961911444,2.49988031387329,3.2988338470459,3.272433526164119,-26.400320881781347
596.856968884673,2.50024008750916,3.29899573326111,3.272540174021148,-26.455559239962234
597.870942591384,2.49988031387329,3.29915761947632,3.2726413102025846,-26.516309273735494
598.88493823984,2.49988031387329,3.29931950569153,3.272745934204444,-26.573571487086056
599.898874433245,2.49988031387329,3.29931950569153,3.272850929841966,-26.46857584956397
600.9128881305561,2.49988031387329,3.29948139190674,3.2729563113076794,-26.52508059906067
601.926867853552,2.49988031387329,3.29964327812195,3.273062067040529,-26.581211081420975
602.940913755684,2.50024008750916,3.29980516433716,3.2731709507101057,-26.634213627054315
603.954842871106,2.49988031387329,3.29980516433716,3.273274273034712,-26.530891302448012
604.9688374578651,2.49988031387329,3.30012917518616,3.2733807656142933,-26.748409571866638
605.9828111645761,2.49988031387329,3.30029106140137,3.2734875412097084,-26.803520191661434
606.9968110598221,2.49988031387329,3.30045294761658,3.273594626633166,-26.858320983413897
608.010774503458,2.49988031387329,3.30061483383179,3.273702162494677,-26.91267133711328
609.024765197327,2.49988031387329,3.300776720047,3.273810053173648,-26.966666873352363
610.03873819624,2.49988031387329,3.30093860626221,3.273918293892794,-27.020312369415933
611.0527257050171,2.49988031387329,3.30110049247742,3.274026888088293,-27.073604389127315
612.066717460583,2.49988031387329,3.30110049247742,3.274135860123504,-26.964632353915885
613.080701076469,2.49988031387329,3.30126237869263,3.2742452058286764,-27.017172863953665
614.094685400154,2.49988031387329,3.30142426490784,3.2743549175764226,-27.069347331417415
615.108671139435,2.49988031387329,3.30174803733826,3.2744649954444736,-27.283041893786386
616.122630690181,2.49988031387329,3.30190992355347,3.2745754820325663,-27.334441520903585
617.136638371208,2.49988031387329,3.30190992355347,3.2746865109845267,-27.22341256894323
618.150601460945,2.49988031387329,3.30207180976868,3.2747979735991413,-27.2738361695386
619.1645918009151,2.49988031387329,3.30223393440247,3.2749098777625294,-27.32405663994042
620.1785761245991,2.50024008750916,3.30255770683289,3.2750250980062567,-27.532608826633442
621.1925646950731,2.49988031387329,3.30255770683289,3.275134656760902,-27.423050071988087
622.206544418069,2.50024008750916,3.3027195930481,3.2752501013502107,-27.46949169788948
623.220537943131,2.50024008750916,3.30304336547852,3.2753628025294397,-27.68056294908039
624.2345162505311,2.49988031387329,3.30320525169373,3.2754727083570785,-27.73254333665154
625.248492434536,2.49988031387329,3.30320525169373,3.275585790218922,-27.619461474808205
626.2624339364271,2.49988031387329,3.30352902412415,3.275699577999048,-27.829446125101853
627.2764656825931,2.49988031387329,3.30352902412415,3.2758138382332884,-27.715185890861527
628.2904478828831,2.49988031387329,3.30385279655457,3.2759285963625473,-27.924200192022575
629.304390092573,2.49988031387329,3.30385279655457,3.2760437269043337,-27.809069650236218
630.3184101600681,2.50024008750916,3.30401468276978,3.276161859279509,-27.85282349027085
631.3324001461391,2.49988031387329,3.30417656898499,3.2762744968384423,-27.902072146547496
632.346372791153,2.49952030181885,3.30417656898499,3.2763873712982217,-27.78919768676813
633.360362777223,2.49988031387329,3.30450057983398,3.2765067660501286,-27.99381378385135
634.374350639899,2.49988031387329,3.30466246604919,3.276624060870926,-28.038405178263837
635.388325762207,2.50024008750916,3.3048243522644,3.276745007583263,-28.07934468113693
636.402304423505,2.49988031387329,3.3048243522644,3.276860868361445,-27.963483902954778
637.416632737134,2.49988031387329,3.30498623847961,3.2769793854271256,-28.006853052484182
638.4302790871601,2.49988031387329,3.30514812469482,3.2770979135465685,-28.05021114825168
639.444274381717,2.49988031387329,3.30547189712524,3.277216462835731,-28.25543428950894
640.4582102212221,2.49988031387329,3.30563378334045,3.277335478385146,-28.298304955304054
641.4722278114241,2.49988031387329,3.30579566955566,3.2774551760511574,-28.34049350450263
642.4862149663021,2.49988031387329,3.30595755577087,3.2775752749828153,-28.382280788054715
643.500192565903,2.49988031387329,3.30595755577087,3.277695783993976,-28.26177177689404
644.5141949384431,2.49988031387329,3.30611944198608,3.2778167177267306,-28.302724259349432
645.528164752264,2.50024008750916,3.3064432144165,3.2779409399409754,-28.50227447552456
646.5421381050751,2.49988031387329,3.3064432144165,3.2780597845341024,-28.383429882397504
647.5561188897691,2.50024008750916,3.30692911148071,3.2781844995001848,-28.744611980525026
648.570111353133,2.49988031387329,3.30692911148071,3.2783037245966176,-28.62538688409222
649.5840924917261,2.49988031387329,3.30692911148071,3.2784260916207666,-28.50301985994319
650.5980753998141,2.49988031387329,3.30709099769592,3.278548723960009,-28.542273735911117
651.6120250413851,2.49952030181885,3.30709099769592,3.2786688775525854,-28.422120143334784
652.626032368512,2.49988031387329,3.30741477012634,3.2787957435892303,-28.619026537109793
653.6400241240781,2.49988031387329,3.30741477012634,3.2789202509925817,-28.494519133758445
654.6540105711581,2.49988031387329,3.30773854255676,3.2790452811031043,-28.693261453655694
655.668005865715,2.49988031387329,3.30806231498718,3.2791708356690465,-28.891479318133406
656.681982403619,2.49952030181885,3.30790042877197,3.2792936704698534,-28.606758302116564
657.6959557564311,2.49988031387329,3.30822420120239,3.279422564916844,-28.801636285546106
658.709957421172,2.49988031387329,3.3083860874176,3.279548940326227,-28.837147091373083
659.7239463455461,2.49988031387329,3.30854797363281,3.2796756712947497,-28.872302338060152
660.7379179288621,2.49988031387329,3.3087100982666,3.27980270391647,-28.907394350129678
661.751883495893,2.49988031387329,3.30887198448181,3.279930070969418,-28.94191351239206
662.765845877833,2.49952030181885,3.30887198448181,3.28005489270823,-28.817091773580383
663.7798581595481,2.49988031387329,3.30903387069702,3.280185896447784,-28.84797424923624
664.7938488534161,2.50024008750916,3.30919575691223,3.2803177175116884,-28.878039400541677
665.807936869543,2.50024008750916,3.30951952934265,3.280447226460122,-29.072302882528156
666.8220301941561,2.50024008750916,3.30968141555786,3.2805772898151724,-29.104125742687614
667.8357919152951,2.50024008750916,3.30984330177307,3.280707597898787,-29.135703874282992
668.8497734077871,2.49988031387329,3.30984330177307,3.280834890306131,-29.008411466938888
669.86376233216,2.49988031387329,3.31016707420349,3.280965259753959,-29.20181444953096
670.877748779239,2.49988031387329,3.31000518798828,3.2810958267806036,-28.909361207676287
671.891718946959,2.49988031387329,3.3103289604187,3.2812267832315802,-29.102177187119604
672.905707517433,2.49988031387329,3.31065273284912,3.281358238170384,-29.29449467873635
673.919685470934,2.49988031387329,3.31081461906433,3.2814900566407306,-29.3245624235996
674.9336998760431,2.49988031387329,3.31081461906433,3.2816222766552117,-29.1923424091185
675.947666858671,2.49988031387329,3.31097674369812,3.2817550072007853,-29.221736497334838
676.9616536596491,2.49988031387329,3.31113862991333,3.2818881823275934,-29.250447585736694
677.9756266585621,2.49988031387329,3.31130051612854,3.2820217976239308,-29.27871850460928
678.9896060276591,2.49988031387329,3.31130051612854,3.282155922213144,-29.144593915396033
680.003593536436,2.49988031387329,3.31146240234375,3.282290526861515,-29.171875482234988
681.017587061498,2.49988031387329,3.31178617477417,3.2824256078399587,-29.360566934211185
682.0315512129321,2.50024008750916,3.31194806098938,3.2825638001646222,-29.384260824757646
683.0341421083821,2.49988031387329,3.31194806098938,3.2826948996201395,-29.253161369240388
684.043904415578,2.49988031387329,3.31210994720459,3.2828301179346635,-29.27982926992634
685.0579365156441,2.49988031387329,3.3122718334198,3.282966219505788,-29.305613914011985
686.0718521828991,2.50024008750916,3.31243371963501,3.2831055536490803,-29.32816598592991
687.085880036176,2.49988031387329,3.31259560585022,3.283239476971687,-29.356128878533116
688.099848788299,2.49988031387329,3.31259560585022,3.2833766099194657,-29.2189959307545
689.1138426672601,2.49988031387329,3.31291937828064,3.283514500799473,-29.40487748116727
690.127787708142,2.50024008750916,3.31308150291443,3.2836557926506957,-29.425710263734306
691.1418084834361,2.50024008750916,3.31324338912964,3.28379474612142,-29.44864300821992
692.155757771108,2.49988031387329,3.31324338912964,3.283931068684827,-29.31232044481291
693.169776069108,2.49988031387329,3.31340527534485,3.284070436736976,-29.33483860787378
694.1837147398061,2.50024008750916,3.31389093399048,3.2842128195349103,-29.67811445556956
695.19773976189,2.49988031387329,3.31372904777527,3.2843496606897857,-29.379387085484154
696.2117166536931,2.50024008750916,3.31405282020569,3.2844926158667356,-29.560204338954232
697.225705578066,2.49988031387329,3.31405282020569,3.28463006563316,-29.42275457252963
698.2396640671151,2.49988031387329,3.3142147064209,3.2847708074236603,-29.44389899723987
699.253668563049,2.49988031387329,3.31437659263611,3.2849122625666562,-29.464330069453926
700.2676362534751,2.49988031387329,3.31470036506653,3.285054389065918,-29.64597600061225
701.2816403955111,2.50024008750916,3.31470036506653,3.2851997807648026,-29.500584301727528
702.295593222174,2.49988031387329,3.31502413749695,3.285339303787162,-29.684833709787917
703.3096210754501,2.49952030181885,3.31502413749695,3.2854788488079687,-29.54528868898132
704.323556914955,2.50024008750916,3.31518602371216,3.285627331014507,-29.558692697652766
705.337579459745,2.49988031387329,3.31518602371216,3.285767820905161,-29.418202806998917
706.351557413245,2.49988031387329,3.31534814834595,3.2859115706894926,-29.436577656457352
707.365508470413,2.49988031387329,3.31534814834595,3.2860558271857374,-29.29232116021252
708.3795108429521,2.49988031387329,3.31534814834595,3.286200672720283,-29.147475625666885
709.39351817008,2.50024008750916,3.31534814834595,3.2863489095587832,-28.999238787166703
710.4078054314101,2.49988031387329,3.31551003456116,3.286491626214709,-29.018408346451086
711.421788693397,2.49988031387329,3.316157579422,3.2866372311694363,-29.52034825256389
712.4354145172741,2.50024008750916,3.31631946563721,3.2867858742173004,-29.533591419909744
713.449444847845,2.49988031387329,3.31648135185242,3.2869292008659903,-29.552150986429826
714.4634019212971,2.49952030181885,3.31648135185242,3.2870729535480128,-29.408398304407335
715.477449592924,2.50024008750916,3.31664323806763,3.2872257216461507,-29.417516421479384
716.4913712764641,2.49988031387329,3.31680512428284,3.287370008608244,-29.435115674596002
717.5055746637041,2.49988031387329,3.31696701049805,3.2875173452691993,-29.44966522885073
718.5195051947221,2.49988031387329,3.31729078292847,3.287664845643805,-29.625937284664783
719.5333348644921,2.50024008750916,3.31729078292847,3.2878155769155235,-29.475206012946398
720.5473184803781,2.49988031387329,3.31745290756226,3.2879609629402813,-29.491944621978572
721.5615034648631,2.49988031387329,3.31761479377747,3.2881095909151106,-29.505202862359248
722.5754672623991,2.49988031387329,3.31761479377747,3.2882586339164743,-29.35615986099549
723.5892774677171,2.49988031387329,3.31793856620789,3.2884081063072097,-29.530459900680484
724.603234895069,2.49988031387329,3.31793856620789,3.288558020076443,-29.38054613144736
725.6172542547661,2.50024008750916,3.3181004524231,3.288711262060139,-29.38919036296106
726.6311784156011,2.50024008750916,3.31826233863831,3.2888620610907164,-29.400277547593667
727.6452158241531,2.50024008750916,3.31842422485352,3.2890133287907455,-29.410896062774583
728.6591629884301,2.50024008750916,3.31858611106873,3.2891644775513944,-29.42163351733562
729.673140941931,2.49988031387329,3.31874799728394,3.289312475464035,-29.43552181990494
730.6871288046061,2.49988031387329,3.31890988349915,3.2894630090047774,-29.446874494372555
731.7011375473301,2.49988031387329,3.31890988349915,3.289614329259381,-29.29555423976904
732.715108776748,2.49988031387329,3.31907176971436,3.2897662662968408,-29.30550341751914
733.7291058408001,2.49988031387329,3.31923365592957,3.2899186070160606,-29.315048913509223
734.7430696383361,2.49988031387329,3.31939554214478,3.2900711922593326,-29.324349885447187
735.7570720108761,2.49988031387329,3.31955766677856,3.290224106932662,-29.333559845897916
736.77104465589,2.49988031387329,3.31939554214478,3.29037735249721,-29.01818964756986
737.7850505674211,2.49988031387329,3.31988143920898,3.29053095160599,-29.350487602989972
738.799000562891,2.49988031387329,3.31988143920898,3.2906848817372163,-29.19655747176364
739.8129916106581,2.50024008750916,3.32004332542419,3.2908420010250867,-29.201324399103168
740.826904092822,2.49988031387329,3.32004332542419,3.290993660208258,-29.049665215931775
741.8409740600931,2.49988031387329,3.3202052116394,3.2911485360679342,-29.05667557146563
742.854936442033,2.49988031387329,3.3202052116394,3.291303709954829,-28.901501684571063
743.8689444769581,2.50024008750916,3.32052898406982,3.2914620834803685,-29.066900589451716
744.882848465543,2.49988031387329,3.32052898406982,3.2916145178841107,-28.914466185709475
745.8969053385471,2.50024008750916,3.32101464271545,3.291772795289055,-29.24184742639513
746.9108500255301,2.50024008750916,3.32085275650024,3.2919283007192144,-28.92445578102576
747.9248831872931,2.49952030181885,3.32117652893066,3.2920781848485245,-29.09834408213552
748.9388530011141,2.49988031387329,3.32117652893066,3.2922368210460142,-28.939707884645838
749.9528475878731,2.49988031387329,3.32133841514587,3.2923932001037652,-28.94521504210479
750.9668004145361,2.49952030181885,3.32117652893066,3.292547023555887,-28.629505374773156
751.9807744751461,2.50024008750916,3.32166218757629,3.292709792251501,-28.95239532478877
752.994778971081,2.49988031387329,3.32166218757629,3.2928642327820494,-28.79795479424052
754.0087781585281,2.49988031387329,3.32166218757629,3.293021723739213,-28.640463837076968
755.022714351933,2.49988031387329,3.32198619842529,3.293179419604171,-28.80677882111904
756.0367425591081,2.50024008750916,3.3221480846405,3.2933402465649193,-28.807838075580516
757.0507021098541,2.49988031387329,3.3221480846405,3.29349554503586,-28.65253960463976
758.0647140376701,2.49988031387329,3.32230997085571,3.2936538195581644,-28.656151297545396
759.0786576629561,2.49952030181885,3.32230997085571,3.2938092989321928,-28.500671923517018
760.0926664056801,2.49988031387329,3.32263374328613,3.29397069748749,-28.66304579864032
761.1066358656021,2.49988031387329,3.32263374328613,3.2941293586197062,-28.50438466642391
762.1206400076371,2.49952030181885,3.32279562950134,3.294285470978991,-28.510158522349283
763.1344976354371,2.49988031387329,3.32295751571655,3.2944477102694023,-28.509805447147762
764.1486022848221,2.49988031387329,3.32295751571655,3.2946073908211444,-28.35012489540567
765.1625636050641,2.49988031387329,3.32311940193176,3.294767331309501,-28.352070622259085
766.1765737633841,2.49988031387329,3.32328128814697,3.294927542952734,-28.35374519423617
767.190547823994,2.49988031387329,3.32344317436218,3.295087993567461,-28.355180794719104
768.2045586901131,2.49988031387329,3.32360506057739,3.2952487135723763,-28.35634700501366
769.2185143479691,2.49988031387329,3.3237669467926,3.2954096883761848,-28.35725841641512
770.2325142432151,2.50024008750916,3.3237669467926,3.295573651041311,-28.193295751288705
771.2464660081811,2.49988031387329,3.32392907142639,3.2957316150839877,-28.197456342402116
772.260495630952,2.49988031387329,3.32425284385681,3.2958925042722713,-28.360339584538874
773.2744530583041,2.50024008750916,3.32425284385681,3.296056294798526,-28.19654905828406
774.2884384436861,2.49988031387329,3.32425284385681,3.296214511812856,-28.038332043954117
775.3024025951211,2.49988031387329,3.32441473007202,3.2963762217192896,-28.038508352730585
776.3164212470201,2.49988031387329,3.32457661628723,3.2965379403176147,-28.0386759696154
777.3303786743721,2.50024008750916,3.32473850250244,3.2967025273407593,-28.03597516168077
778.3443771540211,2.49988031387329,3.32490038871765,3.296861358741676,-28.03902997597385
779.3583494451361,2.50024008750916,3.32506227493286,3.297025936576613,-28.036338356247192
780.3723380156101,2.49988031387329,3.32506227493286,3.2971847606294684,-27.87751430339158
781.386301459246,2.49988031387329,3.32522416114807,3.297346927857215,-27.877233290854786
782.4003017083911,2.49988031387329,3.32538604736328,3.2975092647014788,-27.87678266180116
783.414601356191,2.49988031387329,3.32554793357849,3.2976716494781098,-27.876284100380122
784.4282742486511,2.49988031387329,3.32554793357849,3.2978343429308863,-27.713590647603592
785.4421998250821,2.49988031387329,3.32554793357849,3.2979970845341855,-27.550849044304382
786.456249974002,2.49988031387329,3.3257098197937,3.298159884412838,-27.5499353808617
787.4702219112181,2.49988031387329,3.32603359222412,3.2983228768639137,-27.710715360206528
788.4842065888021,2.49988031387329,3.32603359222412,3.298485987183965,-27.547605040155076
789.498176048723,2.49988031387329,3.32619571685791,3.2986491450567597,-27.5465718011505
790.512170281583,2.50024008750916,3.32619571685791,3.298815159596857,-27.380557261053262
791.5261408032021,2.49988031387329,3.32651948928833,3.2989754413084658,-27.544047979864317
792.540141052347,2.49952030181885,3.32651948928833,3.2991357532615875,-27.3837360267426
793.5541087427731,2.49988031387329,3.32684326171875,3.299301847532048,-27.541414186702085
794.5681107614141,2.49952030181885,3.32668137550354,3.2994624150220777,-27.21896048146233
795.5820773901421,2.49988031387329,3.32684326171875,3.299629047416867,-27.2142143018832
796.5960758697921,2.49988031387329,3.32684326171875,3.2997929705324665,-27.05029118628355
797.610053469393,2.49988031387329,3.32700514793396,3.2999570559435094,-27.04809199045055
798.6240438093631,2.49988031387329,3.32732892036438,3.30012127990096,-27.207640463419835
799.6380256557541,2.49988031387329,3.32732892036438,3.3002853075574516,-27.04361280692824
800.6519986546671,2.50024008750916,3.3276526927948,3.3004522390235502,-27.200453771249578
801.6659861634431,2.49988031387329,3.3276526927948,3.3006134435112635,-27.039249283536293
802.6799789807071,2.49988031387329,3.3276526927948,3.300777554099686,-26.8751386951136
803.693924729387,2.49988031387329,3.32797646522522,3.300941722225957,-27.034742999263006
804.7079476280761,2.49988031387329,3.32797646522522,3.3011059688762963,-26.87049634892391
805.7219117795111,2.49988031387329,3.32813835144043,3.301270255909598,-26.868095530832026
806.7358946875991,2.50024008750916,3.32830047607422,3.3014374740695285,-26.863002004691605
807.749878303485,2.49988031387329,3.32830047607422,3.3015989192645003,-26.70155680971975
808.7638849228141,2.49952030181885,3.32846236228943,3.30176009569241,-26.70226659702024
809.7778469508551,2.49988031387329,3.32862424850464,3.3019269431608467,-26.69730534379333
810.7918319823381,2.49988031387329,3.32862424850464,3.3020908323138363,-26.533416190803738
811.8059107970871,2.49988031387329,3.32894802093506,3.302254654673714,-26.693366261345997
812.8199039682501,2.49952030181885,3.32878613471985,3.3024156748827473,-26.370459837102622
813.8337803527031,2.49988031387329,3.32910990715027,3.302582937582378,-26.5269695678918
814.8477406112471,2.49988031387329,3.32927179336548,3.3027474846073526,-26.52430875812728
815.8617599709451,2.49988031387329,3.32943367958069,3.3029121920658193,-26.52148751487049
816.8757269535731,2.49988031387329,3.32943367958069,3.3030770418518385,-26.35663772885133
817.8897112772571,2.49988031387329,3.3295955657959,3.3032415386637215,-26.354027132178715
818.9037132958981,2.50024008750916,3.32975745201111,3.3034087677344974,-26.348684276612744
819.9176119759961,2.50024008750916,3.32991933822632,3.3035730266797803,-26.34631154653988
820.9316670795041,2.49988031387329,3.32991933822632,3.303734357576986,-26.184980649333944
821.945643971307,2.49988031387329,3.33008122444153,3.303898937339641,-26.1822871018893
822.9596484672411,2.50024008750916,3.33024311065674,3.3040664727302564,-26.176637926483615
823.973612618676,2.49988031387329,3.33024311065674,3.3042282451914335,-26.014865465306514
824.9875990657561,2.50024008750916,3.33056712150574,3.3043957776512216,-26.17134385451836
826.0015356130591,2.49988031387329,3.33056712150574,3.3045560743825524,-26.01104712318758
827.015573375511,2.49952030181885,3.33072900772095,3.3047161454760476,-26.01286224490229
828.0295484978191,2.49988031387329,3.33072900772095,3.3048825027408766,-25.846504980073348
829.0435367143931,2.49988031387329,3.33089089393616,3.3050466403599845,-25.84425357617537
830.057531301152,2.49988031387329,3.33105278015137,3.3052109004400125,-25.84187971135732
831.0714975759821,2.49988031387329,3.33121466636658,3.3053753559389145,-25.839310427665296
832.0854726982891,2.50024008750916,3.33137655258179,3.3055423267434065,-25.834225838383684
833.0994711779391,2.49988031387329,3.33137655258179,3.3057027213877666,-25.673831194023666
834.113462933505,2.49988031387329,3.331538438797,3.305865941012893,-25.672497784106962
835.1274465493921,2.49988031387329,3.33170032501221,3.306028990276099,-25.671334736111273
836.1414114086241,2.49988031387329,3.33170032501221,3.306191881240487,-25.508443771723233
837.1553670664811,2.49952030181885,3.33170032501221,3.306351628173777,-25.348696838433327
838.169394565858,2.49988031387329,3.33202409744263,3.30651797955521,-25.506117887419855
839.1833771200471,2.50024008750916,3.33218598365784,3.3066851290154142,-25.500854642425796
840.1973494111611,2.49988031387329,3.33218598365784,3.306845161468509,-25.340822189331202
841.2113457674161,2.49988031387329,3.33250975608826,3.3070073241987483,-25.502431889511623
842.22531841243,2.49988031387329,3.33250975608826,3.3071692968747044,-25.340459213555544
843.239299904921,2.49952030181885,3.33250975608826,3.307328510267562,-25.181245820697917
844.25329059879,2.49988031387329,3.33283376693726,3.3074936016623875,-25.340165274872373
845.267269967887,2.49952030181885,3.33283376693726,3.3076529310526825,-25.180835884577313
846.281259953958,2.49988031387329,3.33299565315247,3.307817888689169,-25.17776446330089
847.295163588643,2.49988031387329,3.33315753936768,3.30797987280482,-25.1776665628598
848.3092140914631,2.49988031387329,3.33315753936768,3.3081418803845413,-25.01565898313851
849.323199476845,2.49916052818298,3.33315753936768,3.3082982358042337,-24.859303563446122
850.3371898168151,2.49988031387329,3.3334813117981,3.3084661509193998,-25.01516087870037
851.3511649391221,2.49988031387329,3.3334813117981,3.3086283053154433,-24.85300648265687
852.3651499706051,2.50024008750916,3.33380508422852,3.3087929715464437,-25.01211268207637
853.3791314630971,2.49988031387329,3.33380508422852,3.308951810973576,-24.85327325494424
854.393114725084,2.50024008750916,3.33396697044373,3.3091164070610954,-24.850563382634583
855.407435252932,2.49988031387329,3.33396697044373,3.3092745802959653,-24.692390147764698
856.4210915121331,2.49988031387329,3.33412885665894,3.3094354862394177,-24.693370419522243
857.4350623876511,2.50024008750916,3.33429074287415,3.3095992817983984,-24.691461075751597
858.449060513401,2.49988031387329,3.33445262908936,3.3097563993872905,-24.696229702069417
859.4629984763011,2.49988031387329,3.33445262908936,3.309915903679597,-24.536725409762816
860.477019959394,2.49988031387329,3.33461451530457,3.3100751276810083,-24.53938762356156
861.490990834912,2.49988031387329,3.33477640151978,3.3102352886579482,-24.541112861831582
862.5049783436881,2.50024008750916,3.33510041236877,3.310398614945028,-24.70179742374201
863.518977885035,2.50024008750916,3.33510041236877,3.310558586904921,-24.541825463848976
864.532955130737,2.49988031387329,3.33510041236877,3.3107136988693338,-24.38671349943622
865.5469369771281,2.49988031387329,3.33526229858398,3.3108722116020015,-24.39008698197842
866.560925193703,2.49988031387329,3.33542418479919,3.311030833987039,-24.39335081215077
867.5749020855061,2.49952030181885,3.33542418479919,3.3111856465535006,-24.238538245689334
868.5888864091911,2.49988031387329,3.3355860710144,3.311347046272749,-24.239024741651072
869.6028848888401,2.49988031387329,3.33574795722961,3.3115059827463984,-24.241974483211415
870.616850455871,2.50024008750916,3.33590984344482,3.311667997938346,-24.241845506474125
871.6308323022621,2.49988031387329,3.33590984344482,3.3118223378830978,-24.087505561722455
872.6448159181491,2.49988031387329,3.33590984344482,3.311978736252517,-23.93110719230318
873.658804134724,2.49952030181885,3.33607172966003,3.3121325882569237,-23.93914140310649
874.6727810265271,2.49988031387329,3.33623361587524,3.3122928941106,-23.940721764640127
875.686781275672,2.49988031387329,3.33623361587524,3.3124500770576275,-23.783538817612637
876.7007107449931,2.49988031387329,3.33655738830566,3.3126065267323073,-23.9508615733528
877.714738598269,2.49988031387329,3.33671927452087,3.3127629915876646,-23.956282933205397
878.728717967366,2.49988031387329,3.33671927452087,3.312918933621005,-23.800340899864825
879.74270653784,2.49988031387329,3.33688116073608,3.313074853007098,-23.806307728981846
880.756685199139,2.49988031387329,3.33704328536987,3.3132303207022105,-23.812964667659475
881.7706656299331,2.49988031387329,3.33688116073608,3.3133858215940135,-23.495339142066474
882.784649599719,2.49988031387329,3.33720517158508,3.3135416430424023,-23.663528542677614
883.7986385240921,2.50024008750916,3.33736705780029,3.313700071285446,-23.666986514844
884.8128082909151,2.50024008750916,3.3375289440155,3.3138540267061307,-23.674917309369103
885.8266064636631,2.49988031387329,3.3375289440155,3.3140047954845273,-23.52414853097251
886.8405907873481,2.49952030181885,3.33769083023071,3.3141545438525237,-23.536286378186055
887.854562724563,2.49988031387329,3.33769083023071,3.314311000269641,-23.379829961068577
888.868513781731,2.49988031387329,3.33801460266113,3.314464912489946,-23.549690171184245
889.8825402194101,2.49988031387329,3.33801460266113,3.314618401926988,-23.39620073414217
890.896534098371,2.49988031387329,3.33817648887634,3.3147713703533643,-23.405118522975776
891.9104954186131,2.49988031387329,3.33817648887634,3.3149240316576765,-23.252457218663647
892.9244839890871,2.49988031387329,3.33850026130676,3.315076232659468,-23.424028647291983
893.938476452452,2.49988031387329,3.33850026130676,3.3152280716218234,-23.272189684936606
894.9524582988421,2.49988031387329,3.33866214752197,3.315379566691414,-23.28258083055612
895.9664284665621,2.49988031387329,3.33850026130676,3.3155308632285942,-22.96939807816578
896.9804134980451,2.49988031387329,3.33882403373718,3.3156818856906085,-23.142148046571442
897.9944048997121,2.49988031387329,3.33882403373718,3.3158326212469014,-22.991412490278584
899.008382499313,2.50024008750916,3.33914804458618,3.3159858506191773,-23.162193967002587
900.037234832783,2.49952030181885,3.33914804458618,3.3161323105921263,-23.015733994053544
901.0519630524151,2.49988031387329,3.33930993080139,3.3162850033219184,-23.02492747947138
902.0659332201351,2.49988031387329,3.33930993080139,3.3164345378009124,-22.875393000477473
903.0799196672141,2.50024008750916,3.33963370323181,3.3165867071672257,-23.04699606458449
904.0939025753031,2.49988031387329,3.33963370323181,3.316732851436206,-22.900851795604193
905.107890084079,2.50024008750916,3.33979558944702,3.3168842727258636,-22.91131672115654
906.1218606056981,2.50024008750916,3.33979558944702,3.3170324468632986,-22.763142583721585
907.135857315852,2.49988031387329,3.33979558944702,3.3171773460298617,-22.618243417158457
908.1498412856381,2.49988031387329,3.34011936187744,3.3173243439486706,-22.79501792876948
909.163813222853,2.49988031387329,3.34011936187744,3.317470762779182,-22.648599098257893
910.1777964848401,2.49952030181885,3.34011936187744,3.3176137617260713,-22.50560015136882
911.1917801007271,2.49988031387329,3.34028124809265,3.317762550328925,-22.518697763724838
912.2057771647801,2.49952030181885,3.34044313430786,3.3179055287033346,-22.537605604525446
913.2197537026841,2.49952030181885,3.34044313430786,3.3180514456381176,-22.391688669742393
914.2337281171931,2.49988031387329,3.34044313430786,3.3182000992862486,-22.2430350216114
915.2477089018861,2.49988031387329,3.34076690673828,3.318345814043261,-22.421092695018796
916.2617052581411,2.49988031387329,3.34092879295349,3.3184914283001268,-22.4373646533631
917.2756874584311,2.49988031387329,3.34092879295349,3.3186360346541375,-22.2927582993524
918.28963391491,2.49988031387329,3.34092879295349,3.3187800974423327,-22.148695511157168
919.303672031261,2.49988031387329,3.34125256538391,3.3189236490749106,-22.328916308999247
920.317628043016,2.49988031387329,3.3410906791687,3.319067079813241,-22.023599355458945
921.3316056426171,2.50024008750916,3.3414146900177,3.3192130695875313,-22.201620430168933
922.3456012910731,2.49988031387329,3.3414146900177,3.3193529414508007,-22.061748566899464
923.359592338841,2.49988031387329,3.34157657623291,3.3194952280979653,-22.08134813494489
924.3735649838551,2.49988031387329,3.34173846244812,3.3196371065370327,-22.101355911087417
925.387555323825,2.50024008750916,3.34173846244812,3.319781106563852,-21.95735588426828
926.401534692922,2.49988031387329,3.34190034866333,3.3199184445137973,-21.981904149532827
927.4159642216981,2.49952030181885,3.34190034866333,3.320055092165689,-21.84525649764124
928.429497677905,2.49988031387329,3.34206223487854,3.3201983135258777,-21.863921352662352
929.443454397459,2.49988031387329,3.34222412109375,3.3203391277453163,-21.884993348433746
930.457458539494,2.50024008750916,3.34238600730896,3.3204825934614606,-21.903413847499387
931.4714368468931,2.49988031387329,3.34238600730896,3.320618197730396,-21.767809578563835
932.485451252003,2.49988031387329,3.34254789352417,3.320756202645744,-21.791690878425918
933.499420711925,2.49952030181885,3.34254789352417,3.3208908050955093,-21.657088428660654
934.5134075129031,2.49952030181885,3.34270977973938,3.321027997244005,-21.68178249537478
935.5273790962191,2.49988031387329,3.34287166595459,3.3211681987751716,-21.70346717941829
936.5413726212811,2.49952030181885,3.34287166595459,3.321302643085023,-21.569022869566634
937.5553569449661,2.49988031387329,3.34287166595459,3.3214426930693746,-21.42897288521528
938.569327466585,2.49988031387329,3.34319543838501,3.321579844863283,-21.61559352172704
939.583318160454,2.49988031387329,3.34319543838501,3.321716093925663,-21.47934445934707
940.597264263033,2.49988031387329,3.34335732460022,3.3218515885852558,-21.505736014964416
941.611280437639,2.49988031387329,3.34335732460022,3.3219870482001697,-21.370276400050514
942.6252608684331,2.49988031387329,3.34351944923401,3.3221223145527814,-21.397134681228724
943.6392551012931,2.50024008750916,3.34368133544922,3.3222601218561056,-21.42121359311444
944.6532266846091,2.50024008750916,3.34368133544922,3.3223947294775127,-21.286605971707395
945.667217024579,2.49988031387329,3.34368133544922,3.3225244980221547,-21.156837427065422
946.6811967475751,2.49988031387329,3.34384322166443,3.322656572908122,-21.186648756307935
947.6951824868561,2.49952030181885,3.34384322166443,3.322784769689201,-21.058451975229264
948.7091689339351,2.49988031387329,3.34400510787964,3.3229209372732083,-21.08417060643175
949.7231433484451,2.49988031387329,3.34416699409485,3.3230537603173556,-21.11323377749441
950.7371368735061,2.50024008750916,3.34432888031006,3.3231883263011097,-21.140554008950208
951.751067758424,2.49988031387329,3.34432888031006,3.3233160252436718,-21.01285506638817
952.765105166977,2.49988031387329,3.34449076652527,3.3234462338402864,-21.04453268498352
953.779083120477,2.49988031387329,3.34449076652527,3.3235766079390503,-20.91415858621959
954.7930677980611,2.50024008750916,3.34481453895569,3.323709744865061,-21.104794090628598
955.8071363497361,2.49988031387329,3.34481453895569,3.323836404724247,-20.97813423144279
956.8208955935811,2.49988031387329,3.34481453895569,3.3239645321671887,-20.85000678850113
957.83507491568,2.49988031387329,3.3449764251709,3.324092701751518,-20.88372341938216
958.848967225594,2.49988031387329,3.3449764251709,3.324220954642497,-20.755470528403208
959.8629837540981,2.50024008750916,3.34530019760132,3.324351835431618,-20.948362169701973
960.876915346814,2.49988031387329,3.34513831138611,3.324476050623408,-20.662260762702278
961.8909446156871,2.49988031387329,3.34530019760132,3.3246019788409606,-20.698218760359488
962.9048680687231,2.49988031387329,3.34530019760132,3.3247285881067734,-20.571609494546728
963.9189235261301,2.49988031387329,3.34546208381653,3.324854198981943,-20.607884834586976
964.9328675053151,2.49988031387329,3.34562397003174,3.3249795363808676,-20.64443365087243
965.946871647351,2.49988031387329,3.34562397003174,3.3251046181429453,-20.519351888794723
966.960819873325,2.49952030181885,3.34562397003174,3.325225798100147,-20.3981719315931
967.974849496097,2.49988031387329,3.34578609466553,3.3253526572628993,-20.433437402630705
968.988800553265,2.49988031387329,3.34594798088074,3.3254764873836287,-20.471493497111304
970.0028365462201,2.49988031387329,3.34578609466553,3.325600341776599,-20.185752888930875
971.0167667233401,2.50024008750916,3.34610986709595,3.3257266178947416,-20.383249201208375
972.030779005055,2.49988031387329,3.34627175331116,3.3258452503207776,-20.42650299038229
973.044724399837,2.49988031387329,3.34627175331116,3.3259666738039897,-20.3050795071702
974.058710846916,2.49988031387329,3.34627175331116,3.32608816905569,-20.183584255470066
975.0727125116571,2.49988031387329,3.34627175331116,3.3262091640091898,-20.062589301970135
976.0867042672231,2.49988031387329,3.34643363952637,3.326329530411747,-20.104109114623014
977.100658863382,2.49988031387329,3.34659552574158,3.326449563891006,-20.145961850573713
978.114682823768,2.49988031387329,3.34675741195679,3.3265692457998943,-20.188166156895893
979.128641666716,2.49988031387329,3.346919298172,3.3266883997884924,-20.23089838350778
980.1426486399441,2.49988031387329,3.346919298172,3.3268072631264105,-20.11203504558967
981.1566000510111,2.50024008750916,3.34708118438721,3.326929164851553,-20.15201953565704
982.1706141022221,2.49988031387329,3.34708118438721,3.327044180900705,-20.037003486505167
983.1845885167311,2.49988031387329,3.34724307060242,3.327161090343324,-20.08198025909591
984.1985930126651,2.49988031387329,3.34708118438721,3.3272782135845556,-19.802970802654585
985.212541946438,2.50024008750916,3.34740495681763,3.3273972592689933,-20.007697548636738
986.2265372409951,2.49988031387329,3.34740495681763,3.3275104481430064,-19.894508674623612
987.2404752038951,2.49988031387329,3.34740495681763,3.327626146503606,-19.778810314023954
988.2545342002941,2.49988031387329,3.34756684303284,3.327741367602889,-19.825475429950945
989.2684810106721,2.49988031387329,3.34772872924805,3.3278561130200934,-19.872616227956552
990.282432421739,2.49988031387329,3.34772872924805,3.32797062366868,-19.758105579370078
991.29638206331,2.49988031387329,3.34789085388184,3.3280843467526697,-19.806507129170203
992.3104580468661,2.49988031387329,3.34789085388184,3.328197921912306,-19.692931969534033
993.3244321074761,2.49988031387329,3.34805274009705,3.3283106933153253,-19.742046781724643
994.3384146616651,2.49988031387329,3.34821462631226,3.3284229706071864,-19.791655705073463
995.3523749202101,2.49952030181885,3.34805274009705,3.3285320482661542,-19.520691830895665
996.3663833090351,2.49988031387329,3.34837651252747,3.32864650792171,-19.7300046057598
997.3803357817981,2.49988031387329,3.34821462631226,3.328757697839905,-19.456928472354917
998.3945359839461,2.49988031387329,3.34853839874268,3.32886840554413,-19.669993198549562
999.4086222305721,2.49988031387329,3.34853839874268,3.328978633679128,-19.559765063551726
1000.4223138796921,2.49988031387329,3.34853839874268,3.3290883684649772,-19.450030277702535
1001.436249365292,2.49988031387329,3.34870028495789,3.329197677910734,-19.50260704715623
1002.450270848392,2.49988031387329,3.34870028495789,3.329306544836357,-19.393740121533387
1003.4642396005121,2.49988031387329,3.34870028495789,3.3294149546330285,-19.285330324861683
1004.478241973052,2.49988031387329,3.3488621711731,3.3295228803794643,-19.339290793635833
1005.492199046502,2.49952030181885,3.3488621711731,3.329627423692837,-19.234747480262993
1006.5062060197321,2.49988031387329,3.3488621711731,3.329737250410417,-19.12492076268313
1007.5201715867621,2.49988031387329,3.34918594360352,3.32984371060686,-19.342232996660158
1008.5341725437021,2.49988031387329,3.34902405738831,3.329949692446016,-19.074364942293975
1009.5481543901021,2.49952030181885,3.34918594360352,3.330052488300549,-19.133455302970948
1010.5621468534621,2.50024008750916,3.34934782981873,3.3301635945694112,-19.18423524931878
1011.576120914072,2.49988031387329,3.34950971603394,3.330265670726743,-19.244045307197144
1012.590102052662,2.49988031387329,3.34967160224915,3.3303702340802603,-19.30136816888961
1013.6041706043421,2.49988031387329,3.34950971603394,3.3304744146704026,-19.03530136353737
1014.6180501738821,2.49988031387329,3.34967160224915,3.330577891828864,-19.09371042028596
1015.6320139714221,2.50024008750916,3.34983348846436,3.3306836585662056,-19.14982989815428
1016.6460443019921,2.49988031387329,3.34983348846436,3.3307831506140095,-19.050337850350374
1017.6600038527321,2.49952030181885,3.34999537467957,3.3308821085841394,-19.113266095430514
1018.6740210890421,2.49988031387329,3.34999537467957,3.3309863074895407,-19.00906719002915
1019.687969668912,2.49952030181885,3.34999537467957,3.3310846454309773,-18.910729248592606
1020.7019819506321,2.50024008750916,3.35015749931335,3.331191350029342,-18.966149284008083
1021.715923098622,2.49988031387329,3.35015749931335,3.331289064313602,-18.868434999748107
1022.729937149832,2.49988031387329,3.35015749931335,3.331389317236362,-18.76818207698827
1023.743914041632,2.49988031387329,3.35031938552856,3.3314892197085952,-18.830165819964773
1024.7579220765622,2.49988031387329,3.35031938552856,3.3315882327308985,-18.731152797661466
1025.771838451612,2.49988031387329,3.35064315795898,3.3316866378554453,-18.956520103534658
1026.7858684282821,2.49988031387329,3.35048127174377,3.331784501176673,-18.696770567097065
1027.7998371804122,2.49988031387329,3.35048127174377,3.331881805779399,-18.59946596437112
1028.813948907772,2.49988031387329,3.35064315795898,3.3319785711926135,-18.664586766366398
1029.827794503002,2.50024008750916,3.3509669303894,3.3320783536496856,-18.888576739714225
1030.841812801002,2.49988031387329,3.35080504417419,3.332172106480046,-18.63293769414387
1031.8557670432622,2.49988031387329,3.35080504417419,3.33226842724002,-18.53661693417008
1032.8697733086922,2.50024008750916,3.3509669303894,3.3323673269619563,-18.5996034274436
1033.883722242472,2.49988031387329,3.35112881660461,3.3324598616214285,-18.66895498318133
1034.897750449642,2.49988031387329,3.35112881660461,3.332554549446831,-18.574267157778657
1035.911704338002,2.49988031387329,3.35112881660461,3.332648702867358,-18.48011373725189
1036.9256695511322,2.49988031387329,3.35129070281982,3.3327423298848258,-18.54837293499445
1037.939675108772,2.50024008750916,3.35145258903503,3.332838430503179,-18.61415853185111
1038.953681374202,2.49988031387329,3.35161447525024,3.3329284216540835,-18.686053596156604
1039.967640571042,2.49988031387329,3.35145258903503,3.333020855727902,-18.431733307127995
1040.981658161242,2.49988031387329,3.35145258903503,3.3331128641423993,-18.339724892630915
1041.995603202132,2.50024008750916,3.35161447525024,3.333207217585868,-18.407257664372345
1043.009603805172,2.49988031387329,3.35161447525024,3.333295251159586,-18.319224090654007
1044.023571849502,2.50024008750916,3.35177636146545,3.333388530713621,-18.38783075182926
1045.037580946122,2.49988031387329,3.35177636146545,3.33347555004811,-18.30081141733997
1046.0515564223322,2.49988031387329,3.35177636146545,3.3335651304820626,-18.211230983387505
1047.0655322524321,2.49988031387329,3.35193824768066,3.3336544769028214,-18.283770777838715
1048.079464906842,2.49988031387329,3.35193824768066,3.333743464966189,-18.19478271447128
1049.093510808982,2.49988031387329,3.35210013389587,3.333832108363951,-18.268025531919196
1050.107506811332,2.49988031387329,3.35226225852966,3.333920160975613,-18.342097554047143
1051.121479456352,2.49988031387329,3.35226225852966,3.334007534675088,-18.254723854572052
1052.1354379453921,2.49988031387329,3.35226225852966,3.3340943714385802,-18.16788709107975
1053.1494399640321,2.49952030181885,3.35226225852966,3.3341777960866468,-18.084462443013205
1054.163410485652,2.49988031387329,3.35242414474487,3.3342669128079154,-18.15723193695451
1055.1774043646121,2.49988031387329,3.35258603096008,3.334353258693968,-18.232772266111752
1056.191375594032,2.49988031387329,3.35242414474487,3.334439430187757,-17.984714557112813
1057.205385044552,2.49988031387329,3.35258603096008,3.334525432458352,-18.06059850172792
1058.219334686122,2.50024008750916,3.35258603096008,3.3346134870853525,-17.972543874727354
1059.233307685042,2.49988031387329,3.35258603096008,3.3346947431596785,-17.89128780040139
1060.2473249213422,2.49988031387329,3.35274791717529,3.334778213562651,-17.96970361263872
1061.2613173847021,2.49988031387329,3.35274791717529,3.334861033396023,-17.88688377926695
1062.2752702113721,2.49988031387329,3.3529098033905,3.3349439619628174,-17.965841427682427
1063.2892775385021,2.49988031387329,3.3529098033905,3.3350265743278196,-17.88322906268025
1064.303274956452,2.49988031387329,3.35307168960571,3.3351088652223493,-17.9628243833605
1065.3172493709621,2.49988031387329,3.35307168960571,3.3351908043296845,-17.88088527602527
1066.331210337302,2.49988031387329,3.35307168960571,3.3352724003371232,-17.799289268586538
1067.345219787822,2.49988031387329,3.35323357582092,3.335353662337376,-17.87991348354412
1068.359162705312,2.50024008750916,3.35323357582092,3.335437265480849,-17.79631034007112
1069.3731760487221,2.49988031387329,3.35323357582092,3.3355145495366423,-17.719026284277906
1070.387207087092,2.49988031387329,3.35339546203613,3.33559422084685,-17.80124118928006
1071.401498949112,2.49988031387329,3.35323357582092,3.335673420121884,-17.56015569903635
1072.415467347332,2.49988031387329,3.35339546203613,3.335752101784262,-17.643360251867968
1073.4291101583722,2.49988031387329,3.35339546203613,3.3358306240856574,-17.5648379504727
1074.443089527462,2.49988031387329,3.35355734825134,3.3359089685484986,-17.6483797028415
1075.4570798674322,2.49952030181885,3.35339546203613,3.3359841167275426,-17.411345308587567
1076.471045434472,2.49988031387329,3.35371923446655,3.336064706168022,-17.65452829852787
1077.485045329712,2.50024008750916,3.35371923446655,3.3361448999402343,-17.574334526315738
1078.499013374042,2.49988031387329,3.35371923446655,3.336218742522782,-17.500491943768015
1079.513011853692,2.49988031387329,3.35388112068176,3.3362950304599472,-17.58609022181279
1080.5269823753122,2.49952030181885,3.35388112068176,3.3363680010714036,-17.513119610356398
1081.5411885937422,2.50024008750916,3.35404300689697,3.33644919242468,-17.593814472289804
1082.555152745172,2.50024008750916,3.35404300689697,3.3365242708349783,-17.518736061991724
1083.569134945462,2.49988031387329,3.35404300689697,3.3365960957396843,-17.446911157285694
1084.582923209032,2.49988031387329,3.35404300689697,3.3366703935540265,-17.372613342943488
1085.597114917602,2.50024008750916,3.35404300689697,3.3367472079372895,-17.295798959680475
1086.611091455512,2.50024008750916,3.35420489311218,3.3368207132268326,-17.38417988534735
1087.624862378022,2.49988031387329,3.35420489311218,3.3368908825279053,-17.31401058427462
1088.6388544874922,2.50024008750916,3.35420489311218,3.3369664087790047,-17.238484333175208
1089.6528430579622,2.49952030181885,3.35404300689697,3.337032882892985,-17.010124003984828
1090.666816410772,2.50024008750916,3.35436677932739,3.3371104570950867,-17.256322232303223
1091.680811705332,2.49988031387329,3.35420489311218,3.337178883628447,-17.026009483732896
1092.6947896588322,2.50024008750916,3.35436677932739,3.337252610446353,-17.114168881037006
1093.708748501782,2.49988031387329,3.35452890396118,3.337320127085861,-17.208776875318854
1094.722758660102,2.50024008750916,3.35452890396118,3.3373929511711338,-17.135952790046094
1095.736745107182,2.49988031387329,3.35436677932739,3.337459584863295,-16.907194464094832
1096.750717752192,2.49988031387329,3.35469079017639,3.337529235885798,-17.16155429059185
1097.7646942901022,2.49988031387329,3.35452890396118,3.3375986385699665,-16.93026539121334
1098.7786754286922,2.49988031387329,3.35452890396118,3.3376677929611214,-16.861111000058493
1099.792676739532,2.49988031387329,3.35469079017639,3.3377367001121474,-16.954090064242422
1100.806743875612,2.50024008750916,3.35469079017639,3.3378081819736414,-16.88260820274845
1101.820643263512,2.49988031387329,3.35469079017639,3.3378730413731583,-16.817748803231503
1102.8346176780221,2.49988031387329,3.3548526763916,3.3379403189111354,-16.91235748046438
1103.8486073101922,2.49988031387329,3.3548526763916,3.338007132368059,-16.84554402354088
1104.8625852636922,2.49988031387329,3.35501456260681,3.338073479969247,-16.94108263756311
1105.876569941272,2.50024008750916,3.3548526763916,3.3381424864885902,-16.710189903009542
1106.8905570961522,2.49988031387329,3.3548526763916,3.3382055118282423,-16.647164563357464
1107.9045318645622,2.49988031387329,3.35501456260681,3.338271092697697,-16.74346990911335
1108.918523266222,2.50024008750916,3.35501456260681,3.3383392309718447,-16.675331634965485
1109.932516437392,2.49988031387329,3.35501456260681,3.3384013072422167,-16.61325536459346
1110.9464501535022,2.49988031387329,3.35517644882202,3.338466007486018,-16.71044133600219
1111.960475529482,2.50024008750916,3.35517644882202,3.33853329956194,-16.643149260080037
1112.9744471128022,2.49988031387329,3.35517644882202,3.3385945396467798,-16.581909175240384
1113.988450900932,2.50024008750916,3.35501456260681,3.3386612459442477,-16.353316662562456
1115.0024281466422,2.50024008750916,3.35533833503723,3.338724325004453,-16.61401003277696
1116.0164269801821,2.49952030181885,3.35533833503723,3.3387810409797565,-16.557294057473637
1117.030392901112,2.49988031387329,3.35533833503723,3.338845882237149,-16.492452800080937
1118.0443705007222,2.49988031387329,3.35517644882202,3.338907333039166,-16.269115782854282
1119.0583442074321,2.49988031387329,3.35533833503723,3.3389684921181413,-16.36984291908883
1120.0723412714822,2.49988031387329,3.35533833503723,3.339029711404926,-16.30862363230401
1121.086330195852,2.49988031387329,3.35533833503723,3.3390906757832113,-16.24765925401883
1122.100278067932,2.49988031387329,3.35533833503723,3.3391513832926925,-16.18695174453766
1123.1142783170721,2.49988031387329,3.35550022125244,3.3392117781830355,-16.28844306940458
1124.1282867059022,2.49988031387329,3.35533833503723,3.339271758455145,-16.0665765820851
1125.142250857332,2.49988031387329,3.35566210746765,3.3393314040700295,-16.33070339762055
1126.156244382392,2.49988031387329,3.35550022125244,3.3393907193651,-16.109501887340283
1127.170221982002,2.49988031387329,3.35566210746765,3.3394497768226907,-16.212330644959305
1128.184200997192,2.50024008750916,3.35566210746765,3.339511573187406,-16.150534280244155
1129.198194876152,2.49988031387329,3.35550022125244,3.33956737544704,-15.93284580540022
1130.212182384932,2.49988031387329,3.35566210746765,3.3396258169370356,-16.036290530614394
1131.226158568942,2.50024008750916,3.35566210746765,3.3396866934638743,-15.975414003775779
1132.240144662122,2.50024008750916,3.35582399368286,3.339743941743643,-16.08005193921702
1133.254075900932,2.49988031387329,3.35566210746765,3.339797820856659,-15.86428661099104
1134.2681097704922,2.49952030181885,3.35566210746765,3.3398512158657954,-15.81089160185467
1135.2820940941822,2.50024008750916,3.35598587989807,3.339912968009296,-16.072911888774133
1136.296066385292,2.49988031387329,3.35582399368286,3.3399661101768134,-15.857883506046555
1137.3100804365022,2.50024008750916,3.35598587989807,3.3400247749009546,-15.961104997115338
1138.324033970972,2.49988031387329,3.35598587989807,3.3400774438051055,-15.90843609296444
1139.338011570572,2.49988031387329,3.35582399368286,3.3401327548337534,-15.691238849106615
1140.352005095632,2.49952030181885,3.35598587989807,3.3401849474545267,-15.800932443543303
1141.3659851725222,2.49952030181885,3.35598587989807,3.3402397818212006,-15.74609807686933
1142.3799776358921,2.50024008750916,3.35614776611328,3.3403001375203303,-15.847628592949636
1143.393944618522,2.49988031387329,3.35614776611328,3.340351190085256,-15.796576028023868
1144.408284610822,2.49988031387329,3.35614776611328,3.340404569323747,-15.743196789532732
1145.421927067952,2.50024008750916,3.35614776611328,3.3404603061622824,-15.687459950997518
1146.4359032519621,2.49988031387329,3.35614776611328,3.3405099437127364,-15.637822400543566
1147.4498875756422,2.49988031387329,3.35614776611328,3.340562679358488,-15.585086754791977
1148.463861636252,2.49988031387329,3.35630965232849,3.3406152620913567,-15.694390237133149
1149.4778466677321,2.50024008750916,3.35614776611328,3.340670571201424,-15.47719491185573
1150.491752071912,2.49988031387329,3.35614776611328,3.3407195436670447,-15.428222446235207
1151.505823100882,2.49988031387329,3.35630965232849,3.3407707012234384,-15.538951105051435
1152.5198152103521,2.49988031387329,3.35630965232849,3.340821366805046,-15.488285523443945
1153.533788917062,2.49988031387329,3.35630965232849,3.3408715482187485,-15.438104109741335
1154.5477651010622,2.49988031387329,3.35630965232849,3.340922075952287,-15.387576376202805
1155.561726067412,2.49988031387329,3.35630965232849,3.340972478973612,-15.33717335487772
1156.575748612202,2.49988031387329,3.35630965232849,3.341022761091681,-15.28689123680893
1157.5897347053822,2.50024008750916,3.3564715385437,3.341075397990518,-15.396140553181947
1158.6037052270021,2.49988031387329,3.35630965232849,3.341121808539848,-15.187843788641686
1159.617694505272,2.49988031387329,3.35663366317749,3.341170717135284,-15.462946042205772
1160.631669273682,2.49988031387329,3.3564715385437,3.3412194810266582,-15.252057517041617
1161.6456581980522,2.49988031387329,3.3564715385437,3.3412682491469012,-15.203289396798603
1162.659648538022,2.5006000995636,3.35663366317749,3.341322628769744,-15.311034407745616
1163.673616582342,2.49988031387329,3.3564715385437,3.341365259246312,-15.106279297387726
1164.6876005521322,2.49988031387329,3.3564715385437,3.341413202335701,-15.058336207999012
1165.7015933693922,2.50024008750916,3.35663366317749,3.3414637183364118,-15.169944841078031
1166.716047317212,2.50024008750916,3.35663366317749,3.341511032094514,-15.122631082975957
1167.729550691992,2.49988031387329,3.35663366317749,3.341554367339257,-15.079295838232643
1168.7435304149922,2.49988031387329,3.35663366317749,3.3415999349719243,-15.033728205565478
1169.757509076292,2.49952030181885,3.35663366317749,3.3416419547831064,-14.991708394383352
1170.771508971532,2.50024008750916,3.35663366317749,3.341693510507824,-14.940152669665974
1171.785500727102,2.49988031387329,3.35663366317749,3.3417369278274007,-14.896735350089063
1172.799583434742,2.49988031387329,3.35663366317749,3.3417827620975045,-14.850901079985324
1173.8134676049722,2.49988031387329,3.35663366317749,3.341828009899999,-14.805653277490727
1174.827438480492,2.49988031387329,3.35663366317749,3.3418731071477494,-14.760556029740357
1175.841424219772,2.49988031387329,3.35663366317749,3.3419176934767125,-14.715969700777265
1176.855406420062,2.49988031387329,3.35663366317749,3.3419622137072746,-14.671449470215148
1177.869387558652,2.50024008750916,3.35663366317749,3.342009375359208,-14.624287818281623
1178.883372944042,2.49988031387329,3.35663366317749,3.3420505919447474,-14.583071232742384
1179.897356913822,2.49988031387329,3.35663366317749,3.342093949136491,-14.539714040998852
1180.9113398219122,2.49988031387329,3.3567955493927,3.342137236007125,-14.658313385575106
1181.925332993072,2.49988031387329,3.3567955493927,3.3421802234966282,-14.615325896071951
1182.939301391302,2.49988031387329,3.3567955493927,3.3422231240673854,-14.572425325314775
1183.953287484482,2.49988031387329,3.3567955493927,3.342265623056827,-14.529926335873355
1184.967257652202,2.49988031387329,3.3567955493927,3.3423080753077357,-14.487474084964536
1185.981249407762,2.50024008750916,3.3567955493927,3.342353016159383,-14.442533233317345
1186.9952213449822,2.49988031387329,3.3567955493927,3.342391938225982,-14.403611166718289
1188.009234334492,2.49988031387329,3.3567955493927,3.342433478575927,-14.362070816773098
1189.023152832942,2.49988031387329,3.3567955493927,3.342474721360946,-14.320828031754385
1190.037194488282,2.49988031387329,3.3567955493927,3.342515434269842,-14.280115122858206
1191.051156870222,2.49988031387329,3.3567955493927,3.342555767072435,-14.239782320265348
1192.0651794150122,2.49952030181885,3.3567955493927,3.342592845229358,-14.20270416334235
1193.079102160252,2.49952030181885,3.35695743560791,3.342632492227884,-14.324943380026323
1194.0931321369221,2.49988031387329,3.35711932182312,3.342675409883599,-14.443911939521215
1195.107069745922,2.50024008750916,3.35695743560791,3.3427182629570407,-14.239172650869492
1196.1210547774022,2.49988031387329,3.35711932182312,3.3427553024925887,-14.364019330531441
1197.135041932282,2.49952030181885,3.35695743560791,3.3427922572069373,-14.165178400972867
1198.149048197712,2.49988031387329,3.35711932182312,3.3428345494005454,-14.284772422574754
1199.1630286285022,2.50024008750916,3.35728120803833,3.3428766298038157,-14.404578234514354
1200.1770232152621,2.49988031387329,3.35711932182312,3.342912745495636,-14.206576327484122
1201.1909710873422,2.49988031387329,3.35744309425354,3.3429514184350184,-14.491675818521621
1202.205015573872,2.49988031387329,3.35728120803833,3.3429896660625746,-14.29154197575544
1203.218927348242,2.49988031387329,3.35744309425354,3.343027580363005,-14.415513890535081
1204.232954847622,2.49988031387329,3.35728120803833,3.3430651706346435,-14.216037403686599
1205.2468924566222,2.49988031387329,3.35728120803833,3.343102438854598,-14.178769183732065
1206.2609291573722,2.49988031387329,3.35728120803833,3.3431393891226913,-14.141818915638815
1207.274843762932,2.49988031387329,3.35744309425354,3.34317601183699,-14.267082416549837
1208.288881525382,2.49952030181885,3.35728120803833,3.343209573419052,-14.071634619277962
1209.302885313522,2.49988031387329,3.35744309425354,3.343249327140326,-14.193767113213962
1210.316846633762,2.49952030181885,3.35728120803833,3.343283351447106,-13.99785659122399
1211.330825648962,2.49988031387329,3.35744309425354,3.3433231689136544,-14.119925339885597
1212.3448181123222,2.49988031387329,3.35744309425354,3.3433595534949037,-14.083540758636381
1213.358795711922,2.49988031387329,3.35760498046875,3.343395515382544,-14.20946508620613
1214.3727793278122,2.50024008750916,3.35760498046875,3.3434337797368916,-14.171200731858402
1215.386728615482,2.49988031387329,3.35760498046875,3.3434658959986594,-14.139084470090602
1216.4010997509022,2.49988031387329,3.35744309425354,3.343500840308879,-13.942253944660976
1217.414711772712,2.49988031387329,3.35744309425354,3.3435357179576295,-13.907376295910545
1218.428678047542,2.49988031387329,3.35760498046875,3.343570154454838,-14.034826013912038
1219.4426556471421,2.49988031387329,3.35760498046875,3.3436043289348047,-14.000651533945252
1220.456685269922,2.49952030181885,3.35760498046875,3.3436357560292156,-13.969224439534411
1221.470628187402,2.49988031387329,3.35760498046875,3.343673010233577,-13.931970235173008
1222.484654271192,2.49988031387329,3.35760498046875,3.343707123655009,-13.897856813740894
1223.4986389487722,2.49988031387329,3.35760498046875,3.34374110641982,-13.863874048929858
1224.512614424982,2.50024008750916,3.35776686668396,3.3437770713140957,-13.989795369864222
1225.5265729140222,2.49988031387329,3.35792875289917,3.343806876195948,-14.121876703221847
1226.540583072342,2.49952030181885,3.35760498046875,3.343837029994601,-13.767950474148805
1227.554572350622,2.49988031387329,3.35776686668396,3.343873087042006,-13.89377964195404
1228.5685467651322,2.50024008750916,3.35776686668396,3.3439086741098896,-13.858192574070394
1229.582450753712,2.49988031387329,3.35760498046875,3.3439384625068076,-13.666517961942404
1230.595853975042,2.49988031387329,3.35776686668396,3.3439710993099476,-13.795767374012335
1231.6104880575122,2.50024008750916,3.35792875289917,3.344006144707846,-13.92260819132396
1232.624493615142,2.49988031387329,3.35776686668396,3.3440345042105646,-13.732362473395376
1233.638429100752,2.49988031387329,3.35792875289917,3.3440657921518886,-13.862960747281328
1234.6524629703122,2.49988031387329,3.35776686668396,3.344097121731102,-13.669744952857776
1235.666396332522,2.49988031387329,3.35776686668396,3.344128143810927,-13.638722873032805
1236.680413214922,2.49988031387329,3.35792875289917,3.3441591593797586,-13.769593519411316
1237.694388691132,2.49988031387329,3.35776686668396,3.344190173682107,-13.576693001852824
1238.708396018262,2.49988031387329,3.35776686668396,3.3442207458583666,-13.546120825593366
1239.7223499066222,2.49988031387329,3.35776686668396,3.344251177599441,-13.515689084519167
1240.736311226862,2.49988031387329,3.35792875289917,3.3442816095635663,-13.647143335603573
1241.7503235085821,2.49952030181885,3.35792875289917,3.3443094309242896,-13.61932197488036
1242.764328004512,2.50024008750916,3.35792875289917,3.344345893016534,-13.582859882635745
1243.7782723375922,2.50024008750916,3.35809063911438,3.3443756475638287,-13.714991550551225
1244.792293820692,2.49988031387329,3.35792875289917,3.3444015657625683,-13.527187136601615
1245.806317073272,2.49988031387329,3.35792875289917,3.3444303630237693,-13.49838987540064
1246.820253620582,2.49988031387329,3.35792875289917,3.344459449339441,-13.469303559729084
1247.834195476372,2.49988031387329,3.35809063911438,3.3444884492418576,-13.602189872522263
1248.8482187289621,2.49988031387329,3.35809063911438,3.3445170879548707,-13.5735511595092
1249.862153152862,2.49952030181885,3.35792875289917,3.3445428440626896,-13.385908836480276
1250.876174282062,2.49988031387329,3.35792875289917,3.3445743628121685,-13.354390087001455
1251.890117553442,2.49988031387329,3.35809063911438,3.344602727564926,-13.487911549453724
1252.904151069112,2.50024008750916,3.35809063911438,3.3446337693511103,-13.456869763269541
1253.918123006322,2.49988031387329,3.35792875289917,3.34465905304885,-13.269699850320116
1254.9321119306921,2.50024008750916,3.35809063911438,3.344689467467249,-13.401171647130727
1255.946076789932,2.49988031387329,3.35809063911438,3.344713983384735,-13.37665572964486
1256.9600763312721,2.49988031387329,3.35809063911438,3.3447413681720457,-13.34927094233418
1257.974025265052,2.50024008750916,3.35825252532959,3.3447714685648213,-13.481056764768518
1258.988052410532,2.49988031387329,3.35825252532959,3.3447958146792294,-13.45671065036047
1260.001978340852,2.49988031387329,3.35825252532959,3.344822744063718,-13.42978126587191
1261.016014333812,2.49988031387329,3.35809063911438,3.3448494643178153,-13.241174796564614
1262.029967160472,2.49988031387329,3.35825252532959,3.3448761434157888,-13.376381913801083
1263.043988997472,2.49988031387329,3.35825252532959,3.344902470449518,-13.350054880072015
1264.057948902112,2.49988031387329,3.35809063911438,3.344928795875299,-13.161843239080984
1265.071947027862,2.49988031387329,3.35825252532959,3.3449549683285973,-13.297557000992555
1266.085925689162,2.49988031387329,3.35825252532959,3.3449809155347743,-13.271609794815564
1267.0999347857821,2.49988031387329,3.3584144115448,3.3450067029809363,-13.40770856386353
1268.1138784110722,2.50024008750916,3.3584144115448,3.345035206425474,-13.379205119325999
1269.127888569392,2.49988031387329,3.3584144115448,3.345057794637,-13.356616907799879
1270.1418428116522,2.49988031387329,3.3584144115448,3.3450831050896994,-13.331306455100389
1271.155847661482,2.49988031387329,3.35825252532959,3.3451082615991536,-13.1442637304362
1272.169819952602,2.49988031387329,3.35857629776001,3.3451332598655594,-13.443037894450782
1273.183820201742,2.49952030181885,3.3584144115448,3.3451552212855185,-13.25919025928135
1274.197792138962,2.49988031387329,3.35857629776001,3.3451827847698885,-13.393512990121703
1275.211778586042,2.49988031387329,3.3584144115448,3.3452074985424662,-13.206913002333565
1276.2257211496221,2.49988031387329,3.3584144115448,3.3452321905559055,-13.182220988894322
1277.239752187992,2.49952030181885,3.3584144115448,3.3452539342864136,-13.160477258386205
1278.2537283720021,2.49988031387329,3.35857629776001,3.345281366539324,-13.294931220686035
1279.267711280092,2.50024008750916,3.35857629776001,3.345308726710467,-13.267571049543125
1280.281689587492,2.49988031387329,3.35857629776001,3.3453295596598576,-13.246738100152644
1281.295670372182,2.49952030181885,3.35857629776001,3.345349903653766,-13.226394106244044
1282.3096532802722,2.49952030181885,3.35857629776001,3.3453727627888816,-13.203534971128583
1283.323651759922,2.49988031387329,3.35857629776001,3.3453981373588224,-13.1781604011878
1284.337629713422,2.49952030181885,3.35857629776001,3.345417386276169,-13.158911483841074
1285.351614037102,2.49988031387329,3.35857629776001,3.3454431513747354,-13.133146385274852
1286.365585620422,2.49988031387329,3.35873818397522,3.345466210384452,-13.271973590768038
1287.379659126682,2.49988031387329,3.35873818397522,3.345489336779308,-13.248847195912017
1288.3935503749021,2.49988031387329,3.35857629776001,3.345512524070698,-13.063773689311997
1289.407855685082,2.49988031387329,3.35857629776001,3.345535276836511,-13.041020923499236
1290.4215232690622,2.49988031387329,3.35873818397522,3.345557692586816,-13.18049138840438
1291.4355086544422,2.49988031387329,3.35873818397522,3.345579911471801,-13.158272503419166
1292.449446971242,2.49988031387329,3.35890030860901,3.3456019408628195,-13.298367746190642
1293.4634918116722,2.49952030181885,3.35873818397522,3.345621016381823,-13.117167593397205
1294.477463041092,2.49988031387329,3.35890030860901,3.3456457049000408,-13.25460370896936
1295.491434624402,2.49988031387329,3.35873818397522,3.3456673677347757,-13.070816240444483
1296.5054132857022,2.49988031387329,3.35873818397522,3.3456889025404704,-13.049281434749815
1297.519420966732,2.49988031387329,3.35890030860901,3.3457103217221125,-13.189986886897653
1298.533396089042,2.49988031387329,3.35890030860901,3.3457316111813244,-13.168697427685672
1299.547387844602,2.49988031387329,3.35873818397522,3.3457527719539826,-12.985412021237597
1300.5613512882421,2.49988031387329,3.35890030860901,3.3457737965591203,-13.126512049889794
1301.575354368582,2.49988031387329,3.35890030860901,3.345794688906598,-13.105619702411975
1302.589331968182,2.49988031387329,3.35873818397522,3.3458154483769276,-12.9227355982926
1303.603296473512,2.49988031387329,3.35906219482422,3.345836075231254,-13.226119592966157
1304.6174938444722,2.49988031387329,3.35890030860901,3.3458565744300515,-13.043734178958655
1305.631273260562,2.49988031387329,3.35906219482422,3.3458769534414587,-13.185241382761337
1306.6452582920522,2.49988031387329,3.35922408103943,3.3458972126705677,-13.326868368862321
1307.6592550022021,2.49988031387329,3.35890030860901,3.345917347199169,-12.98296140984112
1308.6732414492822,2.49988031387329,3.35906219482422,3.3459373565913113,-13.124838232908775
1309.687209493602,2.49988031387329,3.35906219482422,3.34595724070202,-13.10495412220014
1310.701363688872,2.49988031387329,3.35890030860901,3.345977004429167,-12.923304179843331
1311.715179202672,2.49952030181885,3.35906219482422,3.3459937568637663,-13.06843796045376
1312.7291713121422,2.49988031387329,3.35906219482422,3.3460161483033466,-13.046046520873489
1313.743141125962,2.49988031387329,3.35906219482422,3.346035534603067,-13.026660221153286
1314.7570897058322,2.49988031387329,3.35906219482422,3.3460548006751463,-13.007394149073814
1315.7711094194322,2.49988031387329,3.35906219482422,3.3460740094958696,-12.988185328350443
1316.7850820644421,2.49988031387329,3.35906219482422,3.346093116039654,-12.96907878456599
1317.799173973462,2.49952030181885,3.35906219482422,3.3461092433334834,-12.95295149073672
1318.813064867772,2.50024008750916,3.35922408103943,3.346133903864944,-13.09017717448624
1319.827057331142,2.49988031387329,3.35906219482422,3.3461498169547963,-12.912377869423786
1320.841020066982,2.49988031387329,3.35922408103943,3.3461684142326877,-13.055666806742305
1321.855012176442,2.49988031387329,3.35922408103943,3.3461868562289165,-13.037224810513504
1322.869001100822,2.49988031387329,3.35922408103943,3.346205133395402,-13.01894764402789
1323.882977992622,2.49988031387329,3.35922408103943,3.3462232366266256,-13.000844412804469
1324.896984965852,2.49988031387329,3.35922408103943,3.34624119747372,-12.98288356570998
1325.910899217512,2.49988031387329,3.35922408103943,3.3462591747188752,-12.964906320554803
1326.924930609772,2.49988031387329,3.35922408103943,3.3462770817752876,-12.946999264142445
1327.938914225662,2.49988031387329,3.35938596725464,3.3462949276323153,-13.091039622324718
1328.952888640172,2.49988031387329,3.35922408103943,3.34631272488284,-12.911356156589893
1329.9668442980221,2.49988031387329,3.35938596725464,3.346330476426874,-13.055490827766025
1330.980849855662,2.49988031387329,3.35922408103943,3.3463481702870705,-12.875910752359498
1331.994844088522,2.49988031387329,3.35922408103943,3.346365829686433,-12.858251352997119
1333.008830181702,2.50024008750916,3.35938596725464,3.34638634131605,-12.999625938590054
1334.0228191060721,2.50024008750916,3.35938596725464,3.3464039574342355,-12.982009820404539
1335.036791751082,2.50024008750916,3.35938596725464,3.346421409370914,-12.96455788372608
1336.0507856300421,2.49988031387329,3.35938596725464,3.3464355256388107,-12.950441615829256
1337.064727839732,2.49988031387329,3.35938596725464,3.3464522250751605,-12.933742179479513
1338.078742952642,2.49988031387329,3.35938596725464,3.3464685919364507,-12.917375318189261
1339.092731523122,2.49952030181885,3.35938596725464,3.346481704901571,-12.904262353068852
1340.106724340382,2.50024008750916,3.35954785346985,3.346503346545158,-13.044506924691834
1341.120689907412,2.50024008750916,3.35938596725464,3.346519489690583,-12.86647756405701
1342.1346675070122,2.49988031387329,3.35938596725464,3.3465327539996133,-12.853213255026752
1343.148661739872,2.49988031387329,3.35954785346985,3.34654893360198,-12.99891986786994
1344.1626517259422,2.49988031387329,3.35970973968506,3.3465651876548237,-13.144552030236234
1345.1766286177522,2.49988031387329,3.35954785346985,3.346581355075134,-12.966498394715753
1346.1906097563422,2.49988031387329,3.35970973968506,3.3465972998246665,-13.112439860393454
1347.2046160217722,2.50024008750916,3.35954785346985,3.3466160510584753,-12.931802411374704
1348.218556108062,2.50024008750916,3.35970973968506,3.3466318509734796,-13.077888711580332
1349.2325584806022,2.49988031387329,3.35970973968506,3.3466446971911896,-13.065042493870305
1350.2465647460322,2.49988031387329,3.35970973968506,3.3466602606643594,-13.049479020700527
1351.2605260662722,2.49952030181885,3.35954785346985,3.3466728376686645,-12.875015801185441
1352.274518175742,2.50024008750916,3.35987162590027,3.3466939478392286,-13.17767806104131
1353.2884986065321,2.49988031387329,3.35970973968506,3.3467063156735293,-13.003424011530651
1354.302456033892,2.49988031387329,3.35987162590027,3.346721461438001,-13.150164462268688
1355.316326402052,2.49988031387329,3.35987162590027,3.34673655001474,-13.135075885529979
1356.330433174832,2.49988031387329,3.35987162590027,3.3467515543775717,-13.120071522698229
1357.344376446222,2.50024008750916,3.35987162590027,3.346769346789256,-13.102279111013804
1358.358417747662,2.49988031387329,3.35970973968506,3.3467812965379298,-12.928443147130153
1359.372401717452,2.49988031387329,3.35987162590027,3.346796032865318,-13.075593034951982
1360.386376485862,2.49988031387329,3.35987162590027,3.346810665199961,-13.060960700308932
1361.4006598543021,2.49988031387329,3.36003351211548,3.346825208156422,-13.208303959058032
1362.414548271322,2.50024008750916,3.36019539833069,3.346842529848134,-13.352868482555902
1363.428547104872,2.49988031387329,3.36003351211548,3.3468540029466167,-13.179509168863124
1364.4423081182122,2.49988031387329,3.35987162590027,3.346868267323212,-13.0033585770577
1365.456303058872,2.50024008750916,3.36003351211548,3.3468853571354797,-13.148154980000104
1366.470266502502,2.49988031387329,3.36019539833069,3.346896611184162,-13.298787146527768
1367.4728595213521,2.49952030181885,3.35987162590027,3.3469076272290024,-12.963998671267518
1368.482635630612,2.49988031387329,3.36019539833069,3.3469244250121912,-13.27097331849858
1369.4965973047522,2.49988031387329,3.36003351211548,3.346938312648128,-13.095199467351826
1370.510544115132,2.49988031387329,3.36003351211548,3.3469520948927336,-13.08141722274625
1371.5246024037322,2.50024008750916,3.36019539833069,3.34696866716597,-13.22673116471984
1372.538535765942,2.49952030181885,3.36003351211548,3.3469765116134575,-13.057000502022298
1373.5525561873421,2.49988031387329,3.36003351211548,3.3469929059407475,-13.04060617473235
1374.566517153682,2.49988031387329,3.36019539833069,3.3470063472897,-13.189051040989774
1375.580520234022,2.49988031387329,3.36003351211548,3.3470197391618246,-13.013772953655245
1376.5945017265121,2.50024008750916,3.3603572845459,3.3470359363328446,-13.32134821305564
1377.608637165122,2.49988031387329,3.36019539833069,3.347046306526978,-13.149091803711599
1378.6224848837421,2.49988031387329,3.36003351211548,3.3470594785560523,-12.9740335594275
1379.636451158572,2.49988031387329,3.3603572845459,3.347072562938499,-13.284721607401018
1380.650402569642,2.49988031387329,3.3603572845459,3.3470855449400903,-13.271739605809962
1381.664395386902,2.49988031387329,3.36019539833069,3.3470984413721365,-13.096956958553285
1382.6783885580621,2.49988031387329,3.36019539833069,3.3471112517071964,-13.084146623493442
1383.6923990702821,2.49988031387329,3.3603572845459,3.347123976157625,-13.233308388275411
1384.7063363253922,2.49988031387329,3.3603572845459,3.3471367268102563,-13.2205577356439
1385.7203624091721,2.49988031387329,3.36019539833069,3.3471495550583583,-13.045843272331492
1386.7343290378922,2.50024008750916,3.36051917076111,3.3471652536500844,-13.353917111025737
1387.748328225342,2.49988031387329,3.3603572845459,3.347175189181862,-13.182095364038027
1388.7622672499422,2.50024008750916,3.36051917076111,3.3471908732386226,-13.328297522487542
1389.776287671332,2.49988031387329,3.36051917076111,3.34720045749959,-13.31871326152001
1390.790232358322,2.49988031387329,3.36051917076111,3.347212517791633,-13.306652969477195
1391.804355764362,2.49988031387329,3.36051917076111,3.347224367587596,-13.294803173514058
1392.818194281602,2.49988031387329,3.36051917076111,3.3472360015037173,-13.283169257392924
1393.832227797272,2.49988031387329,3.36051917076111,3.347247425075028,-13.271745686082248
1394.8461905331021,2.49952030181885,3.36051917076111,3.347256066748491,-13.263104012619209
1395.8601812269721,2.49988031387329,3.36051917076111,3.347270554263193,-13.248616497917087
1396.874156703182,2.49988031387329,3.36051917076111,3.347282116889642,-13.23705387146834
1397.888165092002,2.49988031387329,3.36068105697632,3.347293635271949,-13.387421704371238
1398.902100223712,2.49952030181885,3.36051917076111,3.3473022988358463,-13.216871925263884
1399.916116044422,2.49988031387329,3.36068105697632,3.3473170047069085,-13.36405226941162
1400.930092936222,2.50024008750916,3.36051917076111,3.3473317982815254,-13.187372479584791
1401.9441048640422,2.49988031387329,3.36068105697632,3.347340925957525,-13.340131018795276
1402.9580449503321,2.49988031387329,3.36068105697632,3.3473530210318385,-13.32803594448162
1403.9720147641522,2.49988031387329,3.36068105697632,3.3473646286694656,-13.316428306854533
1404.9860146594021,2.49988031387329,3.36068105697632,3.3473759195232047,-13.305137453115456
1406.000021278732,2.49988031387329,3.36068105697632,3.347387019568341,-13.294037407979076
1407.013993215942,2.49988031387329,3.36068105697632,3.347397928359506,-13.283128616814022
1408.027987802702,2.49988031387329,3.36068105697632,3.3474088258464327,-13.272231129887402
1409.041956200932,2.49988031387329,3.36068105697632,3.347420010806575,-13.261046169745327
1410.055970252142,2.49988031387329,3.36068105697632,3.347431219831533,-13.249837144787335
1411.0698565457722,2.49988031387329,3.36068105697632,3.3474424510015464,-13.238605974773776
1412.0839236818422,2.50024008750916,3.36084294319153,3.3474563858425954,-13.38655734893468
1413.097878278002,2.49988031387329,3.36068105697632,3.3474640617103564,-13.21699526596376
1414.1118817122422,2.49988031387329,3.36084294319153,3.347474385966909,-13.368557224620936
1415.125815428352,2.49988031387329,3.36084294319153,3.347484479223178,-13.358463968351941
1416.1398648694721,2.49988031387329,3.36084294319153,3.34749459419154,-13.348348999989934
1417.153807079162,2.50024008750916,3.36100506782532,3.347507983948723,-13.497083876596871
1418.167820422572,2.49952030181885,3.36084294319153,3.347512814002789,-13.33012918874088
1419.181778557722,2.50024008750916,3.36116695404053,3.34752923608192,-13.637717958610018
1420.195794378432,2.49952030181885,3.36100506782532,3.3475339793896395,-13.471088435680567
1421.2097539291822,2.50024008750916,3.36100506782532,3.3475497437017756,-13.455324123544443
1422.223761610202,2.49988031387329,3.36100506782532,3.3475566670316796,-13.448400793640403
1423.237730008432,2.49952030181885,3.36100506782532,3.3475633830989833,-13.441684726336778
1424.252047705082,2.49988031387329,3.36116695404053,3.347576585882549,-13.590368157981203
1425.265683084242,2.49988031387329,3.36100506782532,3.34758740368295,-13.41766414237
1426.279681209992,2.49988031387329,3.36116695404053,3.3475985487456903,-13.568405294839714
1427.297267165002,2.50024008750916,3.36116695404053,3.347612569339591,-13.55438470093917
1428.307671445202,2.49988031387329,3.36116695404053,3.347619202756742,-13.547751283788045
1429.321614008792,2.49952030181885,3.36116695404053,3.3476252960600106,-13.541657980519428
1430.335629829502,2.49988031387329,3.36116695404053,3.347636872073595,-13.530081966934837
1431.3495610683121,2.50024008750916,3.36132884025574,3.347649758000806,-13.67908225493375
1432.3635967073722,2.50024008750916,3.36132884025574,3.3476601856693566,-13.668654586383333
1433.377541748252,2.49988031387329,3.36132884025574,3.3476672019679814,-13.66163828775857
1434.391558276762,2.49988031387329,3.36132884025574,3.347676357530301,-13.652482725439175
1435.405875973412,2.49988031387329,3.36116695404053,3.3476853253817502,-13.481628658779776
1436.419518430552,2.49988031387329,3.36132884025574,3.3476944695995936,-13.634370656146366
1437.433459224642,2.49988031387329,3.36132884025574,3.3477036800872955,-13.625160168444506
1438.447505126772,2.49988031387329,3.36132884025574,3.347713213289697,-13.615626966042793
1439.461451583252,2.49988031387329,3.36132884025574,3.3477227455571956,-13.606094698544346
1440.475450770702,2.49988031387329,3.36149072647095,3.3477319747158605,-13.758751755089449
1441.489398996672,2.49988031387329,3.36149072647095,3.3477411888280733,-13.749537642876675
1442.503423664862,2.49988031387329,3.36149072647095,3.3477503131622273,-13.740413308722665
1443.5173902935921,2.49988031387329,3.36149072647095,3.347759399815323,-13.73132665562693
1444.531387357642,2.49988031387329,3.36149072647095,3.3477684578275495,-13.722268643400426
1445.545338414812,2.49988031387329,3.36149072647095,3.3477774482728195,-13.713278198130396
1446.559349280922,2.49988031387329,3.36149072647095,3.3477863931963903,-13.704333274559666
1447.573303169282,2.49988031387329,3.36165261268616,3.3477952915678566,-13.85732111830329
1448.587339516142,2.49988031387329,3.36149072647095,3.347804144609162,-13.68658186178795
1449.601290573312,2.50024008750916,3.36181449890137,3.3478158079789497,-13.99869092242012
1450.6152802054821,2.50024008750916,3.36181449890137,3.347824539038752,-13.989959862617862
1451.6292613440721,2.49988031387329,3.36181449890137,3.3478303378593264,-13.984161042043475
1452.643258762022,2.49988031387329,3.36181449890137,3.3478389610302184,-13.975537871151467
1453.657221143962,2.49988031387329,3.36165261268616,3.347847547501429,-13.805065184731014
1454.671213961232,2.49988031387329,3.36165261268616,3.347856109978876,-13.796502707283942
1455.6851568787122,2.49988031387329,3.36165261268616,3.3478646327148454,-13.787979971314535
1456.699192517772,2.49988031387329,3.36181449890137,3.3478731169056566,-13.941381995713265
1457.7131630393922,2.49988031387329,3.36165261268616,3.3478815612291024,-13.771051457057482
1458.727170012622,2.49988031387329,3.36181449890137,3.34788994975956,-13.924549141810072
1459.741118238592,2.49988031387329,3.36181449890137,3.347898292198262,-13.916206703108003
1460.7551241501221,2.50024008750916,3.36181449890137,3.3479094678074492,-13.905031093920606
1461.769084054772,2.50024008750916,3.36181449890137,3.3479177193596668,-13.896779541703097
1462.783095274792,2.49988031387329,3.36197638511658,3.3479230463748024,-14.053338741777388
1463.797175859032,2.49988031387329,3.36181449890137,3.3479311824826525,-13.883316418717317
1464.811051181792,2.49988031387329,3.36181449890137,3.347939263054821,-13.875235846549039
1465.825035505472,2.49988031387329,3.36197638511658,3.347947290603652,-14.029094512927998
1466.8389819619522,2.49988031387329,3.36181449890137,3.3479552639607433,-13.859234940626575
1467.852989642982,2.49988031387329,3.36197638511658,3.3479632182147925,-14.013166901787333
1468.866990953822,2.49988031387329,3.36197638511658,3.3479714081243985,-14.004976992181284
1469.880956874752,2.49988031387329,3.36213827133179,3.3479796485040394,-14.158622827750822
1470.8949578316922,2.49988031387329,3.36197638511658,3.34798793992603,-13.988445190549648
1471.908917028542,2.49988031387329,3.36197638511658,3.3479962817619118,-13.980103354668039
1472.922927894662,2.50024008750916,3.36213827133179,3.3480073816127387,-14.13088971905152
1473.9369104488521,2.49988031387329,3.36213827133179,3.3480118822574534,-14.126389074336831
1474.9508802626722,2.49988031387329,3.36197638511658,3.3480189752613336,-13.957409855246183
1475.964861755162,2.49988031387329,3.36213827133179,3.34802578260656,-14.11248872523041
1476.9788528029321,2.49988031387329,3.36213827133179,3.3480327441935773,-14.105527138212892
1477.9927996133122,2.49952030181885,3.36213827133179,3.3480368381938854,-14.101433137904795
1479.006829589982,2.49952030181885,3.36213827133179,3.348043770915744,-14.09450041604643
1480.0207923258222,2.49952030181885,3.362300157547,3.348051052983962,-14.249104563038184
1481.034748691472,2.49988031387329,3.362300157547,3.3480618303865572,-14.238327160442932
1482.048763450482,2.49988031387329,3.362300157547,3.348070076170237,-14.23008137676307
1483.062762284032,2.49988031387329,3.362300157547,3.348078411485819,-14.221746061181317
1484.076745899912,2.49988031387329,3.362300157547,3.3480854530917883,-14.21470445521189
1485.090721376122,2.49988031387329,3.362300157547,3.3480920345475287,-14.208122999471495
1486.104695436732,2.49952030181885,3.362300157547,3.348095511370776,-14.204646176223967
1487.118702409962,2.49988031387329,3.36246204376221,3.348105880828372,-14.356162933838235
1488.132659837312,2.49988031387329,3.36246204376221,3.348113748544115,-14.34829521809533
1489.146620095862,2.49988031387329,3.36262392997742,3.3481215876333934,-14.502342344026697
1490.1606359165621,2.49988031387329,3.36262392997742,3.3481292765650874,-14.494653412332692
1491.174632272822,2.50024008750916,3.36262392997742,3.3481394214234648,-14.484508553955333
1492.188587222872,2.49988031387329,3.362300157547,3.348142636747721,-14.157520799279233
1493.202601981882,2.49952030181885,3.36246204376221,3.3481453218775408,-14.31672188466937
1494.2165763963922,2.50024008750916,3.36262392997742,3.348158357405088,-14.465572572332164
1495.230557181092,2.50024008750916,3.36262392997742,3.3481664066219885,-14.4575233554316
1496.2445209786222,2.49988031387329,3.36262392997742,3.3481713426666717,-14.452587310748388
1497.258528659652,2.50024008750916,3.36262392997742,3.3481819166875564,-14.44201328986372
1498.2725020124622,2.49988031387329,3.36262392997742,3.3481850177119012,-14.438912265518855
1499.2864987226121,2.49988031387329,3.36278581619263,3.348191013622622,-14.594802570008003
1500.300439516712,2.49988031387329,3.36262392997742,3.3481970794278637,-14.426850549556391
1501.3144057915422,2.49952030181885,3.36262392997742,3.3482006253204823,-14.423304656937752
1502.328431521422,2.49988031387329,3.36262392997742,3.348210604112176,-14.413325865243909
1503.342416552902,2.49988031387329,3.36294770240784,3.3482177037095093,-14.729998698330693
1504.3563385903421,2.49988031387329,3.36278581619263,3.3482248802481456,-14.560935944484488
1505.370389447062,2.50024008750916,3.36278581619263,3.3482349358876506,-14.550880304979419
1506.384356075792,2.49988031387329,3.36278581619263,3.348238481247227,-14.547334945403279
1507.398688636212,2.49952030181885,3.36278581619263,3.3482416746981323,-14.544141494497786
1508.412342418112,2.49988031387329,3.36278581619263,3.348250717926532,-14.53509826609789
1509.4263260340022,2.49988031387329,3.36294770240784,3.3482570586954505,-14.690643712389484
1510.4402894776422,2.49988031387329,3.36278581619263,3.3482634005818026,-14.522415610827455
1511.454244781592,2.49988031387329,3.36294770240784,3.348269829832754,-14.677872575086237
1512.468268034182,2.49988031387329,3.36294770240784,3.3482762595145497,-14.671442893290365
1513.482253065662,2.49988031387329,3.36294770240784,3.348282642023686,-14.66506038415405
1514.4962391588422,2.49988031387329,3.36294770240784,3.3482890024899645,-14.658699917875495
1515.5102181740422,2.49988031387329,3.36294770240784,3.3482953600104333,-14.652342397406759
1516.524190465162,2.50024008750916,3.36310982704163,3.3483045860046383,-14.805241036991657
1517.5381857597122,2.49988031387329,3.36310982704163,3.3483080495193875,-14.801777522242432
1518.5522097201022,2.49988031387329,3.36294770240784,3.348314385156881,-14.633317250959177
1519.566153699282,2.50024008750916,3.36310982704163,3.348323592238762,-14.786234802867781
1520.580141208062,2.49952030181885,3.36310982704163,3.348324024899505,-14.785802142124993
1521.594136856522,2.50024008750916,3.36327171325684,3.348335844603195,-14.935868653644935
1522.608110917132,2.49988031387329,3.36327171325684,3.3483389487842787,-14.9327644725612
1523.6220924096222,2.49988031387329,3.36327171325684,3.3483448522793173,-14.926860977522605
1524.6360671780321,2.49988031387329,3.36310982704163,3.3483506785142607,-14.759148527369259
1525.650041238642,2.49952030181885,3.36310982704163,3.3483537175775377,-14.756109464092226
1526.664033348102,2.49988031387329,3.36327171325684,3.348362499007245,-14.909214249594793
1527.678011301602,2.49988031387329,3.36327171325684,3.348368382326548,-14.903330930291947
1528.692016151442,2.49988031387329,3.36343359947205,3.348374247869736,-15.059351602313864
1529.706000475122,2.49988031387329,3.36343359947205,3.348380101635494,-15.053497836555962
1530.7199571946721,2.49988031387329,3.36343359947205,3.3483859541295344,-15.047645342515459
1531.733942933962,2.49988031387329,3.36343359947205,3.3483917961253162,-15.041803346733662
1532.747936105122,2.49988031387329,3.36343359947205,3.348397627497887,-15.035971974163065
1533.761919721012,2.49988031387329,3.36327171325684,3.348403448149589,-14.868265107251144
1534.775898028402,2.49988031387329,3.36343359947205,3.348409223034775,-15.024376437275055
1535.789886598882,2.49988031387329,3.36343359947205,3.348414954337869,-15.01864513418072
1536.804063443682,2.49952030181885,3.36359548568726,3.3484177765527137,-15.177709134546191
1537.817859139142,2.50024008750916,3.36359548568726,3.348429204964635,-15.166280722624936
1538.8318378004421,2.49988031387329,3.36343359947205,3.3484319678809515,-15.001631591098352
1539.845822831922,2.49988031387329,3.36343359947205,3.3484374640806025,-14.996135391447396
1540.859808925102,2.50024008750916,3.36359548568726,3.3484457219640857,-15.149763723174114
1541.873781570112,2.49988031387329,3.36375737190247,3.348448139101516,-15.309232800953865
1542.887759877512,2.50024008750916,3.36375737190247,3.3484562283500146,-15.301143552455265
1543.901752340882,2.49952030181885,3.36359548568726,3.3484555968979763,-15.139888789283518
1544.915733479472,2.49988031387329,3.36375737190247,3.348463904634029,-15.293467268440608
1545.929711432972,2.49988031387329,3.36375737190247,3.3484694846341347,-15.287887268335076
1546.9436985878522,2.49988031387329,3.36375737190247,3.348475144870278,-15.28222703219173
1547.957679018642,2.50024008750916,3.36375737190247,3.3484837634429394,-15.273608459530408
1548.971677144392,2.49988031387329,3.36391925811768,3.348486705924402,-15.432552193277882
1549.9856575751921,2.49988031387329,3.36375737190247,3.3484922680231866,-15.26510387928326
1550.9996334052921,2.50024008750916,3.36391925811768,3.348500619916499,-15.418638201180723
1552.013571368192,2.49988031387329,3.36391925811768,3.3485031636564475,-15.416094461232266
1553.027600283172,2.49952030181885,3.36391925811768,3.3485056543986524,-15.413603719027336
1554.041581421762,2.49988031387329,3.36408114433289,3.3485138535052634,-15.567290827626756
1555.055578839712,2.49988031387329,3.36391925811768,3.3485191336184488,-15.400124499231005
1556.069542637252,2.49988031387329,3.36391925811768,3.3485243669910423,-15.3948911266375
1557.083529438232,2.49988031387329,3.36408114433289,3.3485295533998896,-15.551590933000625
1558.097529333472,2.49988031387329,3.36408114433289,3.34853469279179,-15.546451541100126
1559.111512241562,2.49988031387329,3.36408114433289,3.348539786384751,-15.541357948139378
1560.125484178772,2.49988031387329,3.36408114433289,3.3485449069087023,-15.53623742418786
1561.1394451451222,2.49952030181885,3.36408114433289,3.3485471254511325,-15.53401888175765
1562.153444686462,2.49988031387329,3.36408114433289,3.348555082549593,-15.526061783297074
1563.167400344322,2.49952030181885,3.36408114433289,3.3485572574056532,-15.52388692723694
1564.181414395532,2.49988031387329,3.3642430305481,3.348565175341786,-15.677855206313929
1565.195412875182,2.49988031387329,3.3642430305481,3.3485702525700223,-15.672777978077868
1566.209374549322,2.49988031387329,3.3642430305481,3.3485753430110607,-15.667687537039399
1567.223362058102,2.50024008750916,3.3642430305481,3.3485833310181894,-15.659699529910753
1568.237360537752,2.50024008750916,3.3642430305481,3.34858846598949,-15.65456455861014
1569.251343091942,2.49988031387329,3.3642430305481,3.348590737350702,-15.652293197398137
1570.265314675252,2.49988031387329,3.36440491676331,3.348595800682034,-15.809116081276109
1571.279297583342,2.49988031387329,3.36440491676331,3.3486008337142907,-15.804083049019368
1572.2932942934922,2.49988031387329,3.36440491676331,3.348605830322794,-15.799086440515975
1573.307257029332,2.50024008750916,3.36440491676331,3.348613662326732,-15.79125443657814
1574.3212133949921,2.49988031387329,3.36440491676331,3.348615711864396,-15.789204898914111
1575.3352405404721,2.49952030181885,3.36440491676331,3.3486178195704377,-15.787097192872412
1576.349212831582,2.49952030181885,3.36440491676331,3.3486228165299923,-15.78210023331783
1577.363198216962,2.49988031387329,3.36456680297852,3.3486307083805515,-15.93609459796852
1578.377181478952,2.50024008750916,3.36440491676331,3.3486386183465155,-15.766298416794555
1579.391558276762,2.50024008750916,3.36456680297852,3.3486436443229555,-15.923158655564595
1580.405524197692,2.49988031387329,3.36456680297852,3.3486456982887445,-15.92110468977559
1581.4191422357821,2.49988031387329,3.36456680297852,3.34865058659556,-15.916216382960258
1582.4331056794222,2.49988031387329,3.36456680297852,3.348655427161768,-15.91137581675195
1583.447097434992,2.50024008750916,3.36472868919373,3.348663089397589,-16.065599796140972
1584.461083174272,2.50024008750916,3.36472868919373,3.3486677785347947,-16.060910658935335
1585.475028569052,2.49988031387329,3.36456680297852,3.3486694294223835,-15.897373556136518
1586.4890709321921,2.49988031387329,3.36472868919373,3.348673821621153,-16.054867572576903
1587.5030364992222,2.50024008750916,3.36489057540894,3.3486809377780773,-16.209637630862694
1588.517020115112,2.49988031387329,3.36456680297852,3.348682127139369,-15.884675839151097
1589.530996299112,2.49988031387329,3.36489057540894,3.348686129172969,-16.20444623597095
1590.5449862851822,2.49988031387329,3.36472868919373,3.3486902402201126,-16.038448973617392
1591.558964946482,2.50024008750916,3.36489057540894,3.3486972799570736,-16.19329545186643
1592.5729400687921,2.49988031387329,3.36489057540894,3.3486986715397293,-16.191903869210655
1593.586938548442,2.49988031387329,3.36472868919373,3.3487031153068605,-16.025573886869537
1594.6009221643221,2.49952030181885,3.36489057540894,3.348704762123979,-16.185813284960826
1595.6149064880121,2.49988031387329,3.36489057540894,3.3487121543079152,-16.178421101024743
1596.628838080722,2.49988031387329,3.36489057540894,3.348716781870223,-16.173793538717174
1597.6428623950121,2.49952030181885,3.36489057540894,3.348718663912817,-16.17191149612296
1598.6568375173222,2.49988031387329,3.36505246162415,3.348726458497852,-16.326003126297728
1599.670829272882,2.49988031387329,3.36505246162415,3.3487313165668016,-16.321145057348385
1600.6847799761522,2.50024008750916,3.36505246162415,3.3487388888074356,-16.313572816714306
1601.6987996897521,2.49952030181885,3.36505246162415,3.3487377632437925,-16.314698380357484
1602.7127702113721,2.49988031387329,3.36521434783936,3.3487451911860115,-16.46915665334836
1603.726755242852,2.49988031387329,3.36521434783936,3.348749631440972,-16.464716398387758
1604.740720455982,2.49988031387329,3.36521434783936,3.34875401820058,-16.460329638779747
1605.754728137012,2.49988031387329,3.36521434783936,3.3487583713001037,-16.455976539256234
1606.768669285002,2.49988031387329,3.36521434783936,3.3487626612651837,-16.451686574176172
1607.782661040572,2.49988031387329,3.36521434783936,3.3487668885929196,-16.44745924644031
1608.796748702792,2.49988031387329,3.36537647247314,3.348771053458541,-16.60541901459922
1609.810668970742,2.50024008750916,3.36537647247314,3.3487781138230197,-16.59835865012038
1610.8246426774522,2.49988031387329,3.36537647247314,3.348779422436845,-16.59705003629508
1611.8386351408121,2.49988031387329,3.36537647247314,3.348783586745346,-16.592885727793938
1612.8525869057821,2.49988031387329,3.36537647247314,3.348787728315996,-16.588744157143953
1613.8665995413921,2.49988031387329,3.36553835868835,3.3487918475629894,-16.74651112536063
1614.8805523680621,2.49988031387329,3.36553835868835,3.348796154397072,-16.74220429127793
1615.894577390142,2.49988031387329,3.36553835868835,3.348800582238392,-16.73777644995811
1616.908504736072,2.49988031387329,3.36553835868835,3.3488050814938286,-16.733277194521445
1617.9224865824622,2.49988031387329,3.36553835868835,3.3488096528340687,-16.728705854281323
1618.936476214632,2.50024008750916,3.36570024490356,3.3488171742442163,-16.88307065934369
1619.950496636022,2.49988031387329,3.36553835868835,3.3488185438648945,-16.719814823455525
1620.9644749434221,2.50024008750916,3.36570024490356,3.348825482532823,-16.874762370736818
1621.978470237982,2.49988031387329,3.36553835868835,3.348826546323564,-16.711812364786027
1622.9923168949122,2.50024008750916,3.36570024490356,3.348833247372679,-16.866997530880834
1624.0064360541621,2.49988031387329,3.36570024490356,3.348834074490064,-16.86617041349603
1625.0204058679822,2.49988031387329,3.36570024490356,3.348838479868758,-16.86176503480219
1626.0343993930421,2.49988031387329,3.36570024490356,3.3488429534072264,-16.857291496333637
1627.048339479332,2.49988031387329,3.36570024490356,3.348847426709932,-16.85281819362805
1628.062366624812,2.50024008750916,3.36586213111877,3.3488547785858143,-17.00735253295571
1629.076308126702,2.50024008750916,3.36586213111877,3.3488589281093697,-17.00320300940028
1630.090337395582,2.49988031387329,3.36586213111877,3.3488601044172555,-17.002026701514517
1631.104288098842,2.49988031387329,3.36570024490356,3.348864158600092,-16.836086303468
1632.1182894096921,2.50024008750916,3.36602401733398,3.3488710641335944,-17.152953200385568
1633.1322432980521,2.49988031387329,3.36586213111877,3.3488715842047885,-16.990546913981497
1634.1462559336621,2.49988031387329,3.36586213111877,3.3488749826619615,-16.987148456808487
1635.160233179362,2.49952030181885,3.36586213111877,3.3488755009040885,-16.986630214681497
1636.174234490212,2.49988031387329,3.36602401733398,3.348882008649541,-17.142008684438714
1637.188165729022,2.50024008750916,3.36602401733398,3.3488890244299245,-17.1349929040554
1638.2022034914721,2.49988031387329,3.36602401733398,3.3488902842668296,-17.13373306715038
1639.216161980522,2.49988031387329,3.36602401733398,3.3488944219693275,-17.129595364652417
1640.230161167972,2.49988031387329,3.36618590354919,3.3488985874445456,-17.28731610464429
1641.244075419632,2.49988031387329,3.36602401733398,3.348902753966572,-17.121263367407824
1642.2581199061722,2.49988031387329,3.36602401733398,3.34890692102378,-17.117096310200086
1643.272070255532,2.50024008750916,3.36618590354919,3.348913629213664,-17.272274335526028
1644.286095985422,2.49988031387329,3.36602401733398,3.348914350946092,-17.109666387888023
1645.300072169422,2.49952030181885,3.36618590354919,3.3489150705952775,-17.270832953912407
1646.314059678202,2.49988031387329,3.36618590354919,3.348921637633886,-17.264265915303945
1647.3280128587621,2.49988031387329,3.3663477897644,3.3489256071160654,-17.422182648334505
1648.341981964782,2.50024008750916,3.3663477897644,3.3489324548496775,-17.415334914722358
1649.355989291912,2.49988031387329,3.3663477897644,3.348933546354745,-17.414243409654695
1650.369998742432,2.49988031387329,3.3663477897644,3.348937441207278,-17.410348557121758
1651.383962186072,2.50024008750916,3.36650967597961,3.3489442036274264,-17.56547235218342
1652.398286606812,2.49988031387329,3.36650967597961,3.3489452110522104,-17.56446492739938
1653.4119301256421,2.49988031387329,3.3663477897644,3.3489492542278763,-17.398535536523596
1654.4259282513922,2.49952030181885,3.3663477897644,3.348950566854383,-17.397222910016996
1655.4399008964022,2.49952030181885,3.36650967597961,3.3489547594719653,-17.554916507644514
1656.453903622842,2.50024008750916,3.36667156219482,3.348964616474528,-17.7069457202923
1657.467832030472,2.50024008750916,3.36667156219482,3.3489682261978824,-17.703335996937852
1658.481852451862,2.49988031387329,3.36650967597961,3.348968958059731,-17.54071791987899
1659.495778736092,2.49988031387329,3.36667156219482,3.3489725677755247,-17.698994419295566
1660.509835609092,2.50024008750916,3.36667156219482,3.348979332368609,-17.692229826211214
1661.523779588282,2.49952030181885,3.36667156219482,3.34897752773566,-17.69403445916007
1662.537798947982,2.49988031387329,3.36683344841003,3.348984361778599,-17.849086631431366
1663.551772300792,2.50024008750916,3.36683344841003,3.3489910005870436,-17.842447822986607
1664.565779981812,2.49988031387329,3.36667156219482,3.3489916423614883,-17.679919833331947
1665.579729623392,2.49988031387329,3.36683344841003,3.348995162123547,-17.838286286483207
1666.593731995932,2.49988031387329,3.36683344841003,3.348998733461038,-17.834714948992136
1667.6076965012621,2.49952030181885,3.36667156219482,3.3489999637759196,-17.671598418900647
1668.621691088022,2.50024008750916,3.36699533462524,3.349009832594704,-17.98550203053617
1669.6356453302822,2.50024008750916,3.36699533462524,3.349013942964416,-17.98139166082402
1670.6496275305722,2.49988031387329,3.36699533462524,3.349014670562502,-17.98066406273824
1671.663613623752,2.50024008750916,3.36699533462524,3.349020966811856,-17.97436781338435
1672.677636522442,2.49988031387329,3.36699533462524,3.349021506807104,-17.97382781813628
1673.691579086032,2.49988031387329,3.36699533462524,3.3490250238729464,-17.970310752293717
1674.7056023386122,2.49988031387329,3.36699533462524,3.34902870949779,-17.966625127450175
1675.719543486602,2.49988031387329,3.36699533462524,3.349032394824212,-17.962939801028366
1676.733565323602,2.49988031387329,3.36699533462524,3.3490360809848174,-17.959253640422723
1677.747535491322,2.49988031387329,3.36699533462524,3.349039809047829,-17.95552557741109
1678.761528662482,2.49988031387329,3.36715722084045,3.3490435371954166,-18.113683645033518
1679.7754839664422,2.49988031387329,3.36715722084045,3.3490472652037777,-18.109955636672392
1680.7895949860022,2.49988031387329,3.36699533462524,3.349050983239294,-17.944351385946078
1681.803511714962,2.50024008750916,3.36715722084045,3.3490575731881496,-18.099647652300543
1682.8174641877222,2.49988031387329,3.36715722084045,3.349058406889684,-18.09881395076607
1683.831425507962,2.49988031387329,3.36699533462524,3.3490620866261382,-17.933247999101898
1684.8454222181222,2.49988031387329,3.36715722084045,3.3490656515851276,-18.091569255322515
1685.859400879422,2.50024008750916,3.36715722084045,3.349072035250993,-18.085185589457264
1686.873396173972,2.49988031387329,3.36731910705566,3.349072603176499,-18.246503879161047
1687.8873635105022,2.49988031387329,3.36715722084045,3.349075989778355,-18.08123106209525
1688.901354558272,2.49952030181885,3.36731910705566,3.3490765755203866,-18.242531535273443
1689.915325433792,2.49988031387329,3.36731910705566,3.3490832003877182,-18.235906667941837
1690.929334530412,2.50024008750916,3.36748123168945,3.349089907275703,-18.3913244137468
1691.943293019462,2.49952030181885,3.36731910705566,3.349088061280145,-18.231045775515042
1692.957269911262,2.49988031387329,3.36748123168945,3.3490949375198915,-18.386294169558504
1693.9712545888422,2.49988031387329,3.36731910705566,3.349098892613571,-18.220214442088878
1694.9852672244622,2.49988031387329,3.36748123168945,3.3491026921321057,-18.378539557344364
1695.999228544702,2.49988031387329,3.36748123168945,3.349106468083649,-18.374763605800926
1697.013245427102,2.49988031387329,3.36764311790466,3.3491102208660615,-18.532897038598506
1698.016638257962,2.49988031387329,3.36764311790466,3.349113911319262,-18.52920658539814
1699.0255929673622,2.49988031387329,3.36764311790466,3.3491176043774593,-18.525513527200665
1700.039587200222,2.50024008750916,3.36780500411987,3.3491241791568154,-18.680824963054565
1701.053554536752,2.50024008750916,3.36780500411987,3.34912785622916,-18.677147890709733
1702.0675310746522,2.49988031387329,3.36780500411987,3.349128635725906,-18.676368393963916
1703.0815330933021,2.49988031387329,3.36780500411987,3.3491322740829563,-18.67273003691361
1704.095525556662,2.49988031387329,3.36780500411987,3.3491359348706498,-18.669069249220183
1705.1094932470921,2.49988031387329,3.36780500411987,3.34913963081135,-18.665373308520028
1706.123489603342,2.49988031387329,3.36780500411987,3.349143334846068,-18.661669273801973
1707.1374505696822,2.49988031387329,3.36796689033508,3.349147046740738,-18.81984359434208
1708.151456127322,2.49988031387329,3.36780500411987,3.3491507667882607,-18.654237331609202
1709.165434080822,2.49988031387329,3.36796689033508,3.3491544855192656,-18.812404815814254
1710.179405664132,2.50024008750916,3.36812877655029,3.349161080599445,-18.96769595084491
1711.193410160072,2.49988031387329,3.36812877655029,3.34916192211816,-18.966854432129754
1712.2073782043922,2.49988031387329,3.36812877655029,3.349165644388208,-18.963132162082008
1713.221358989092,2.49988031387329,3.36812877655029,3.3491693694009883,-18.959407149301555
1714.235355345342,2.49988031387329,3.36812877655029,3.3491730973361866,-18.955679214103238
1715.2492911848522,2.49988031387329,3.36812877655029,3.349176827892368,-18.951948657921935
1716.263314437432,2.49988031387329,3.36812877655029,3.349180561552818,-18.94821499747179
1717.2772860207522,2.49988031387329,3.3682906627655,3.3491842978055777,-19.10636495992213
1718.291326968292,2.49988031387329,3.36812877655029,3.3491880370967007,-18.940739453589206
1719.305266700692,2.49988031387329,3.36812877655029,3.3491917833679246,-18.936993182365303
1720.319239345702,2.49988031387329,3.3682906627655,3.3491955358103973,-19.095126955102515
1721.333236409762,2.49952030181885,3.36812877655029,3.3491964131312626,-18.932363419027265
1722.347218610052,2.49988031387329,3.3682906627655,3.34920305547433,-19.08760729116965
1723.361197271342,2.49988031387329,3.36845254898071,3.3492068225921816,-19.245726388528173
1724.375177702142,2.49988031387329,3.36845254898071,3.3492105842855366,-19.24196469517314
1725.389490798102,2.49988031387329,3.3682906627655,3.349214343593147,-19.07631917235264
1726.403451764452,2.49988031387329,3.36845254898071,3.3492180983237123,-19.23445065699747
1727.417208884902,2.49988031387329,3.36845254898071,3.349221847823615,-19.23070115709491
1728.431119597572,2.49988031387329,3.36845254898071,3.349225592209815,-19.2269567708947
1729.4450971971721,2.49952030181885,3.36845254898071,3.3492266140696074,-19.22593491110236
1730.4590836442521,2.49952030181885,3.36845254898071,3.3492306229460365,-19.22192603467332
1731.4730502729722,2.50024008750916,3.36861443519592,3.349240499651779,-19.37393554414113
1732.487057246202,2.49988031387329,3.36861443519592,3.34924186587435,-19.372569321570055
1733.501026352232,2.50024008750916,3.36861443519592,3.349249130338899,-19.365304857021037
1734.5150135071021,2.49988031387329,3.36861443519592,3.3492503149679376,-19.364120227982617
1735.5290031392722,2.49988031387329,3.36861443519592,3.3492542663015925,-19.36016889432768
1736.5429779076821,2.49988031387329,3.36877632141113,3.349258086701688,-19.51823470944225
1737.5569141010922,2.49988031387329,3.36861443519592,3.349261745708567,-19.352689487353025
1738.570950447942,2.49988031387329,3.36877632141113,3.3492652287302342,-19.511092680895903
1739.5849379567221,2.50024008750916,3.36893820762634,3.349271851684045,-19.666355942295155
1740.598914494622,2.50024008750916,3.36893820762634,3.3492755807985244,-19.66262682781572
1741.612893509822,2.49952030181885,3.36893820762634,3.349273536026892,-19.66467159944818
1742.6268679243321,2.49988031387329,3.36877632141113,3.3492801140107575,-19.49620740037261
1743.640859326002,2.49988031387329,3.36893820762634,3.3492838134711564,-19.654394155183663
1744.6548468347721,2.49952030181885,3.36893820762634,3.3492847925827056,-19.653415043634492
1745.668824788272,2.49952030181885,3.36893820762634,3.349288698762867,-19.649508863472942
1746.682813712652,2.49988031387329,3.36910009384155,3.3492955320908098,-19.8045617507403
1747.696800159732,2.49988031387329,3.36910009384155,3.349299532321825,-19.80056151972498
1748.7107402460222,2.49988031387329,3.36893820762634,3.3493035756656946,-19.63463196064552
1749.724764560312,2.49988031387329,3.36910009384155,3.3493076443347487,-19.79244950680137
1750.738741452112,2.49988031387329,3.36910009384155,3.3493117516359874,-19.788342205562692
1751.752723652402,2.49988031387329,3.36910009384155,3.3493158977805924,-19.784196060957715
1752.766698066912,2.50024008750916,3.36926198005676,3.349322960903964,-19.939019152796167
1753.780703270642,2.49988031387329,3.36926198005676,3.349324235845242,-19.93774421151784
1754.7949130280622,2.49988031387329,3.36926198005676,3.3493281430792585,-19.933836977501507
1755.8086659017322,2.50024008750916,3.36942386627197,3.3493348546679975,-20.089011603972473
1756.8226364233421,2.50024008750916,3.36926198005676,3.3493386168094688,-19.92336324729127
1757.8366373802921,2.49988031387329,3.36926198005676,3.3493394287825997,-19.922551274160316
1758.850606840212,2.49952030181885,3.36926198005676,3.349340318829588,-19.921661227172205
1759.864563559762,2.49952030181885,3.36926198005676,3.349344468198089,-19.917511858670967
1760.8785871662521,2.49988031387329,3.36942386627197,3.3493516098142284,-20.072256457741577
1761.892557687872,2.50024008750916,3.36958575248718,3.3493588611723144,-20.226891314865547
1762.906541303762,2.49988031387329,3.36942386627197,3.3493604680803273,-20.06339819164271
1763.920533413222,2.49988031387329,3.36958575248718,3.3493649476354697,-20.220804851710295
1764.934513490122,2.49988031387329,3.36958575248718,3.3493692712619243,-20.216481225255656
1765.948485073432,2.49952030181885,3.36958575248718,3.3493707116375027,-20.21504084967729
1766.9624697510221,2.49988031387329,3.36958575248718,3.3493779091434757,-20.20784334370429
1767.976456551992,2.49988031387329,3.36958575248718,3.3493822234437527,-20.20352904342726
1768.9904468919622,2.49988031387329,3.36974787712097,3.3493864422083415,-20.36143491262843
1770.004428384462,2.49988031387329,3.36958575248718,3.349390617273657,-20.195135213522786
1771.018370594142,2.49988031387329,3.36974787712097,3.349394752782155,-20.353124338814865
1772.032387830452,2.49952030181885,3.36958575248718,3.349395969101547,-20.189783385633042
1773.046363660552,2.49988031387329,3.36990976333618,3.349403069933058,-20.506693403121723
1774.0603639097021,2.49988031387329,3.36974787712097,3.3494075081306702,-20.340368990299673
1775.074365574442,2.49988031387329,3.36974787712097,3.349412037274334,-20.335839846636006
1776.0883336187621,2.49988031387329,3.36990976333618,3.349416657203226,-20.493106132954075
1777.102302016992,2.49988031387329,3.37007164955139,3.3494213567677757,-20.650292783614077
1778.1162654606321,2.50024008750916,3.36990976333618,3.349428838347755,-20.48092498842502
1779.130283050832,2.49988031387329,3.36990976333618,3.3494305836119533,-20.479179724226526
1780.1442468483622,2.49988031387329,3.36974787712097,3.3494352266354905,-20.312650485479367
1781.1582371883321,2.49988031387329,3.36974787712097,3.3494398895963413,-20.30798752462859
1782.1721995702721,2.49988031387329,3.37007164955139,3.3494445331706832,-20.62711638070658
1783.1862122058922,2.49952030181885,3.36990976333618,3.3494462741047655,-20.46348923141439
1784.200148045392,2.49952030181885,3.37007164955139,3.349450890235235,-20.620759316154924
1785.214172005782,2.49988031387329,3.37007164955139,3.349458382312832,-20.613267238557942
1786.228132264322,2.49988031387329,3.37007164955139,3.349463004110319,-20.608645441070994
1787.2421512701221,2.50024008750916,3.37039542198181,3.3494705799082194,-20.9248420735908
1788.2560853401321,2.50024008750916,3.37039542198181,3.3494753050912385,-20.920116890571716
1789.270115316802,2.50024008750916,3.37039542198181,3.3494800586916864,-20.91536329012378
1790.2840508024121,2.49988031387329,3.3702335357666,3.349481961627981,-20.75157413861861
1791.2980779478921,2.49988031387329,3.3702335357666,3.349486805395486,-20.746730371113742
1792.312010248402,2.50024008750916,3.37039542198181,3.3494946821337868,-20.90073984802343
1793.325975815432,2.49988031387329,3.3702335357666,3.3494968806412855,-20.736655125314307
1794.3400026070121,2.49988031387329,3.37039542198181,3.3495020356361245,-20.893386345685716
1795.354005333452,2.49988031387329,3.37039542198181,3.3495072684999156,-20.888153481894545
1796.3679786862622,2.50024008750916,3.37055730819702,3.3495153407227383,-21.041967474281886
1797.381965487242,2.49988031387329,3.37055730819702,3.349517411583865,-21.039896613155307
1798.3963040639421,2.50024008750916,3.37055730819702,3.3495251851743264,-21.03212302269375
1799.409940504792,2.50024008750916,3.37055730819702,3.349530021869154,-21.02728632786599
1800.423861834432,2.49988031387329,3.37055730819702,3.349531926412217,-21.025381784803177
1801.437925431522,2.49988031387329,3.37055730819702,3.3495367725588503,-21.020535638169857
1802.451844283872,2.49988031387329,3.37055730819702,3.349541816011936,-21.015492185084028
1803.466071028452,2.49988031387329,3.37071919441223,3.349546915991829,-21.172278420400925
1804.479845136062,2.49952030181885,3.37055730819702,3.349549188566045,-21.00811963097504
1805.493848216402,2.49988031387329,3.37071919441223,3.349557277470092,-21.16191694213798
1806.507818030222,2.49988031387329,3.37071919441223,3.349562589399847,-21.156605012383256
1807.521799168812,2.49988031387329,3.37088108062744,3.3495680387210207,-21.31304190641936
1808.535763320242,2.49988031387329,3.37071919441223,3.3495735809566223,-21.145613455607837
1809.549778079252,2.50024008750916,3.37088108062744,3.3495820946698274,-21.298985957612704
1810.563726659132,2.50024008750916,3.37088108062744,3.349587822831264,-21.29325779617597
1811.5776809013921,2.49988031387329,3.37088108062744,3.349590679160814,-21.290401466626196
1812.591701676682,2.49988031387329,3.37088108062744,3.349596387796576,-21.28469283086387
1813.605698032932,2.49988031387329,3.37088108062744,3.349602130543961,-21.27895008347913
1814.619668908452,2.49952030181885,3.37088108062744,3.349605027297992,-21.276053329448263
1815.633680836272,2.50024008750916,3.37104296684265,3.349616596916908,-21.426369925741984
1816.647634370732,2.50024008750916,3.37104296684265,3.349622262241854,-21.420704600795926
1817.6616349737722,2.49988031387329,3.37120485305786,3.349624882155231,-21.579970902628975
1818.675612219482,2.49988031387329,3.37104296684265,3.3496303075869003,-21.412659255749755
1819.689609991332,2.49988031387329,3.37120485305786,3.3496356605828836,-21.56919247497635
1820.7035649413822,2.49988031387329,3.37104296684265,3.349640940811154,-21.402026031496213
1821.717577930902,2.49988031387329,3.37104296684265,3.3496464018199354,-21.396565022714586
1822.731495367652,2.49988031387329,3.37136673927307,3.3496520921103574,-21.71464716271254
1823.7455405619821,2.50024008750916,3.37136673927307,3.34966083937952,-21.705899893549763
1824.759491973052,2.49952030181885,3.37120485305786,3.349661165612338,-21.543687445522153
1825.773513810042,2.49988031387329,3.37136673927307,3.349670384568693,-21.69635470437692
1826.7875823617221,2.50024008750916,3.37136673927307,3.349679619282888,-21.687119990181802
1827.8014651163521,2.50024008750916,3.37152862548828,3.3496860267231225,-21.842598765157373
1828.815432098982,2.50024008750916,3.37152862548828,3.349692557695938,-21.83606779234193
1829.829434471522,2.50024008750916,3.37152862548828,3.34969921318951,-21.829412298770112
1830.843382697492,2.50024008750916,3.37152862548828,3.349705865761714,-21.822759726565888
1831.857408427382,2.50024008750916,3.37152862548828,3.3497121755028743,-21.81644998540566
1832.8713637313322,2.49988031387329,3.37152862548828,3.3497154137907286,-21.81321169755135
1833.8853229281822,2.49952030181885,3.37152862548828,3.349718404354819,-21.81022113346076
1834.899280355532,2.49988031387329,3.37169051170349,3.349726856243546,-21.963655459944054
1835.9133467838121,2.49988031387329,3.37169051170349,3.3497327693000627,-21.957742403427183
1836.927306334562,2.49988031387329,3.37169051170349,3.349738841897639,-21.951669805850837
1837.941294905032,2.49988031387329,3.37169051170349,3.349745038913906,-21.94547278958403
1838.955262595462,2.49988031387329,3.37169051170349,3.3497513993114065,-21.93911239208335
1839.969268506992,2.49952030181885,3.37169051170349,3.349755043137555,-21.93546856593498
1840.983241859802,2.49988031387329,3.37185263633728,3.349764593330145,-22.08804300713485
1841.997239277752,2.49988031387329,3.37185263633728,3.3497714739277074,-22.081162409572475
1843.011180071852,2.49952030181885,3.37169051170349,3.349775711547571,-21.914800155919067
1844.0251958925521,2.49988031387329,3.37201452255249,3.3497858276746935,-22.22869487779633
1845.039114037102,2.49988031387329,3.37185263633728,3.349792991158721,-22.05964517855863
1846.053176572492,2.49952030181885,3.37185263633728,3.349797309130019,-22.055327207260778
1847.0671414317321,2.49988031387329,3.37201452255249,3.3498073961789485,-22.207126373541275
1848.0811374340822,2.49988031387329,3.3721764087677,3.349814572289644,-22.36183647805623
1849.095108309602,2.49988031387329,3.37201452255249,3.3498216689082048,-22.192853644285027
1850.109108558742,2.50024008750916,3.3721764087677,3.349831548845801,-22.344859921899385
1851.123070940682,2.49988031387329,3.3721764087677,3.3498355470766192,-22.34086169108096
1852.137074021022,2.49952030181885,3.3721764087677,3.349839635210341,-22.33677355735919
1853.151022954792,2.49988031387329,3.3721764087677,3.3498498937363377,-22.326515031362515
1854.1650398372021,2.50024008750916,3.37233829498291,3.3498604131933547,-22.477881789555454
1855.1789770923021,2.49988031387329,3.3721764087677,3.3498654956842224,-22.310913083477768
1856.192972386862,2.49988031387329,3.3721764087677,3.3498735444150114,-22.3028643526888
1857.206957772242,2.49988031387329,3.37233829498291,3.3498813393827067,-22.456955600203443
1858.220961914272,2.49988031387329,3.3721764087677,3.3498890736375717,-22.287335130128483
1859.234915094842,2.49988031387329,3.3721764087677,3.3498967026998754,-22.27970606782481
1860.248941178622,2.49988031387329,3.37233829498291,3.349904425249964,-22.433869732946032
1861.262903560562,2.49988031387329,3.37233829498291,3.349912466627483,-22.425828355427058
1862.276905579202,2.49988031387329,3.37233829498291,3.3499206226581624,-22.417672324747784
1863.2908661916422,2.50024008750916,3.37233829498291,3.349931770878926,-22.40652410398436
1864.304874226572,2.49988031387329,3.37250018119812,3.349937106276343,-22.563074921777115
1865.3188344851121,2.49988031387329,3.37250018119812,3.349945118417681,-22.555062780439172
1866.332830133572,2.50024008750916,3.37266206741333,3.349955959236617,-22.706108176713258
1867.346815165052,2.49988031387329,3.37250018119812,3.349960993802788,-22.539187395332227
1868.360798780942,2.49988031387329,3.37266206741333,3.349969082473782,-22.6929849395483
1869.3747760266422,2.49988031387329,3.37266206741333,3.3499775297017154,-22.684537711614716
1870.389099031782,2.49988031387329,3.37266206741333,3.349986143578867,-22.675923834463152
1871.4027425506122,2.49988031387329,3.37282395362854,3.3499949153177906,-22.82903831074945
1872.416733598382,2.49988031387329,3.37282395362854,3.3500036821036185,-22.8202715249215
1873.430696688122,2.5006000995636,3.37298583984375,3.350018065673916,-22.967774169833977
1874.444708615932,2.49988031387329,3.37282395362854,3.350020936652535,-22.803016976005175
1875.458675952462,2.49988031387329,3.37282395362854,3.3500295691009803,-22.794384527559775
1876.4726723087222,2.49988031387329,3.37282395362854,3.35003827805348,-22.78567557506017
1877.486640353042,2.50024008750916,3.37298583984375,3.3500499953736425,-22.935844470107547
1878.500633878102,2.49988031387329,3.37282395362854,3.3500560270182316,-22.767926610308464
1879.514605815322,2.49988031387329,3.37314772605896,3.3500650071413274,-23.082718917632583
1880.528605710562,2.49952030181885,3.37298583984375,3.3500713548620316,-22.91448498171844
1881.5425780016822,2.49988031387329,3.37298583984375,3.350083836354643,-22.90200348910698
1882.5565665721522,2.49988031387329,3.37298583984375,3.350093669135203,-22.89217070854699
1883.5705307235921,2.50024008750916,3.37298583984375,3.3501066110917934,-22.879228751956582
1884.5845348656221,2.49988031387329,3.37314772605896,3.3501137641285395,-23.03396193042051
1885.598517773712,2.49988031387329,3.37314772605896,3.3501234668083244,-23.02425925063556
1886.612504928592,2.49988031387329,3.37314772605896,3.3501329409734373,-23.014785085522682
1887.626475804112,2.49988031387329,3.37330961227417,3.350142102702272,-23.16750957189795
1888.640464374582,2.49988031387329,3.37330961227417,3.350151444923129,-23.158167351041037
1889.654439496892,2.50024008750916,3.37330961227417,3.35016438708531,-23.145225188859975
1890.6684323141521,2.49988031387329,3.37330961227417,3.350172000093359,-23.137612180811118
1891.682376293342,2.50024008750916,3.37330961227417,3.3501858924583345,-23.123719815835386
1892.696408747302,2.49988031387329,3.37347149848938,3.3501935530735487,-23.27794541583117
1893.7103778533221,2.49988031387329,3.37347149848938,3.350203853330606,-23.267645158773664
1894.7243611153121,2.50024008750916,3.37347149848938,3.350216777500049,-23.254720989331013
1895.738347208492,2.49988031387329,3.37330961227417,3.350223921127981,-23.085691146188747
1896.752297911762,2.49988031387329,3.37347149848938,3.3502339997806376,-23.237498708742255
1897.766312316872,2.49988031387329,3.37363338470459,3.350244040209766,-23.38934449482366
1898.7802920398722,2.49988031387329,3.37347149848938,3.3502542784622924,-23.217220027087482
1899.794375455302,2.49988031387329,3.37363338470459,3.350265135260626,-23.368249443963762
1900.808264226232,2.49988031387329,3.37363338470459,3.3502765525374407,-23.356832167149122
1901.8222457187221,2.50024008750916,3.37363338470459,3.3502913828192895,-23.342001885300334
1902.8362491529522,2.49988031387329,3.37363338470459,3.3503001918141284,-23.33319289046143
1903.8502019796222,2.49988031387329,3.3737952709198,3.350311917025437,-23.483353894362846
1904.864195858582,2.50024008750916,3.3737952709198,3.3503264837464064,-23.4687871733934
1905.8781745198821,2.49988031387329,3.3737952709198,3.3503347961763774,-23.460474743422388
1906.892166983242,2.49988031387329,3.3737952709198,3.350345468444776,-23.449802475023596
1907.906109900732,2.49988031387329,3.3737952709198,3.350355532904415,-23.439738015385014
1908.920126075332,2.49952030181885,3.3737952709198,3.35036342045605,-23.431850463749626
1909.934123139392,2.49988031387329,3.37395715713501,3.350377420401519,-23.57973673349134
1910.948098969492,2.49952030181885,3.37395715713501,3.350386186824433,-23.57097031057709
1911.962080815882,2.50024008750916,3.3741192817688,3.350404318640824,-23.714963127976052
1912.976066201272,2.49988031387329,3.37395715713501,3.3504147092263628,-23.542447908647457
1913.9900416774722,2.50024008750916,3.3741192817688,3.3504310492418607,-23.688232526939412
1915.0040302479522,2.49988031387329,3.3741192817688,3.3504407072884925,-23.678574480307635
1916.018017048922,2.49988031387329,3.3741192817688,3.350452422801438,-23.666858967362092
1917.032011635682,2.50024008750916,3.37428116798401,3.350467482232335,-23.813685751675084
1918.045986757992,2.49988031387329,3.3741192817688,3.35047692318819,-23.642358580610257
1919.059925782592,2.49988031387329,3.37428116798401,3.3504896230367334,-23.791544947276755
1920.073938418202,2.50024008750916,3.37428116798401,3.350505873946596,-23.775294037414074
1921.087959193502,2.50024008750916,3.37428116798401,3.3505195594820227,-23.761608501987386
1922.101912020162,2.50024008750916,3.37444305419922,3.3505325893405793,-23.91046485864079
1923.115902006232,2.49988031387329,3.37444305419922,3.35054252339126,-23.900530807960063
1924.1298760668421,2.49988031387329,3.37444305419922,3.350555243310902,-23.88781088831804
1925.1438614522222,2.49988031387329,3.37444305419922,3.3505678590697165,-23.875195129503535
1926.157851792192,2.49952030181885,3.37444305419922,3.350577925818135,-23.86512838108512
1927.171835054182,2.49952030181885,3.37444305419922,3.350591768161655,-23.851286037565256
1928.185831764332,2.49988031387329,3.37444305419922,3.3506090535775526,-23.834000621667517
1929.1998143185222,2.49988031387329,3.37460494041443,3.350623321527874,-23.981618886556255
1930.213742726152,2.49988031387329,3.37476682662964,3.3506374047019123,-24.129421927727712
1931.2277723489221,2.49988031387329,3.37460494041443,3.350651522611236,-23.953417803193933
1932.2417534875121,2.49988031387329,3.37476682662964,3.350665776864794,-24.10104976484595
1933.255730733212,2.49988031387329,3.37476682662964,3.350680116653114,-24.086709976526066
1934.2696708195122,2.49988031387329,3.37476682662964,3.350694624865154,-24.07220176448588
1935.2837107053522,2.49988031387329,3.37476682662964,3.350709301124977,-24.05752550466289
1936.297714493492,2.49988031387329,3.37476682662964,3.350724127692895,-24.042698936745044
1937.3116644889622,2.49988031387329,3.37476682662964,3.3507391042901213,-24.027722339518665
1938.3256728777922,2.49988031387329,3.37492871284485,3.35075423257473,-24.174480270120036
1939.3396331363322,2.49988031387329,3.37492871284485,3.3507696984022566,-24.159014442593385
1940.3536153366222,2.5006000995636,3.37525248527527,3.3507911759611817,-24.461309314088187
1941.367575949062,2.50024008750916,3.37509059906006,3.3508042414689214,-24.286357591138508
1942.3815868151821,2.49988031387329,3.37492871284485,3.350817536354179,-24.11117649067096
1943.395943440742,2.50024008750916,3.37509059906006,3.3508368199337895,-24.25377912627047
1944.409550507962,2.50024008750916,3.37525248527527,3.3508527905667522,-24.39969470851766
1945.423535185552,2.49988031387329,3.37525248527527,3.3508658308437784,-24.38665443149146
1946.4375272950122,2.49988031387329,3.37509059906006,3.3508817358660856,-24.208863193974306
1947.451501355622,2.49988031387329,3.37509059906006,3.3508976270451205,-24.192972014939418
1948.4654959423822,2.49988031387329,3.37525248527527,3.350913504985386,-24.338980289883683
1949.4794707107922,2.49988031387329,3.37541437149048,3.3509300404359843,-24.484331054495545
1950.493438755122,2.50024008750916,3.37541437149048,3.350949673257873,-24.464698232606885
1951.507445728342,2.49988031387329,3.37541437149048,3.3509637652661186,-24.450606224361238
1952.521386522442,2.49988031387329,3.37525248527527,3.3509809492602534,-24.271536015016526
1953.535403050942,2.49988031387329,3.37525248527527,3.350998302770719,-24.254182504551025
1954.549385605132,2.49988031387329,3.37541437149048,3.3510158068430487,-24.398564647431176
1955.563368867122,2.49988031387329,3.37557625770569,3.3510334920956124,-24.5427656100774
1956.577362392182,2.49988031387329,3.37541437149048,3.3510513586980037,-24.363012792476102
1957.591335037192,2.49988031387329,3.37557625770569,3.3510693867069747,-24.50687099871507
1958.605350504002,2.50024008750916,3.37557625770569,3.351090286639997,-24.485971065692613
1959.619296960482,2.49988031387329,3.37557625770569,3.351105536916701,-24.47072078898893
1960.6332685437922,2.49988031387329,3.3757381439209,3.3511237737804276,-24.61437014047263
1961.6472758709222,2.49952030181885,3.37557625770569,3.3511392391463284,-24.437018559361423
1962.661262671902,2.49988031387329,3.37557625770569,3.3511608419404135,-24.415415765276283
1963.6752505345821,2.49988031387329,3.3757381439209,3.351179930851487,-24.558213069413082
1964.6892380433521,2.49952030181885,3.37590003013611,3.3511964029970986,-24.70362713901153
1965.6912453591622,2.49988031387329,3.3757381439209,3.351218665379162,-24.519478541738415
1966.701584168022,2.49952030181885,3.3757381439209,3.3512355689026716,-24.50257501822861
1967.7155200075222,2.49988031387329,3.37590003013611,3.351258472861926,-24.641557274184045
1968.729517071572,2.49988031387329,3.37606191635132,3.3512787227814886,-24.783193569831496
1969.743504580352,2.49988031387329,3.37590003013611,3.3512991973614836,-24.600832774626546
1970.757531018032,2.49988031387329,3.37590003013611,3.351319897590678,-24.58013254543223
1971.771458717862,2.49988031387329,3.37606191635132,3.351340706235129,-24.721210116191106
1972.7855732764222,2.49988031387329,3.37606191635132,3.35136166292489,-24.70025342643023
1973.799427011332,2.49988031387329,3.37606191635132,3.3513827834127268,-24.679132938593362
1974.8134297377721,2.49988031387329,3.37606191635132,3.3514040762078716,-24.657840143448517
1975.8274370648921,2.49988031387329,3.37606191635132,3.3514255808034097,-24.63633554791045
1976.841614263602,2.49988031387329,3.37622404098511,3.3514473717798676,-24.776669205242463
1977.855379169832,2.49988031387329,3.37622404098511,3.3514693738950485,-24.754667090061577
1978.8693670325022,2.49988031387329,3.37622404098511,3.351491600874362,-24.732440110748044
1979.883349586692,2.49988031387329,3.37606191635132,3.351514047785003,-24.547868566317188
1980.897377793872,2.49952030181885,3.37622404098511,3.351533979741183,-24.69006124392692
1981.9113217730521,2.49988031387329,3.37654781341553,3.3515599605601762,-24.987852855353765
1982.9253230839022,2.49988031387329,3.37638592720032,3.3515833417512466,-24.802585449073433
1983.9392568000121,2.50024008750916,3.37638592720032,3.3516098787150836,-24.7760484852364
1984.953294208562,2.49988031387329,3.37654781341553,3.3516309068568386,-24.916906558691387
1985.967227216872,2.49988031387329,3.37654781341553,3.3516550167768036,-24.892796638726455
1986.981249407762,2.49988031387329,3.37638592720032,3.3516793524295467,-24.706574770773315
1987.9952068351122,2.49952030181885,3.37654781341553,3.3517010206340925,-24.846792781437532
1989.0092318572022,2.50024008750916,3.37670969963074,3.3517315255913385,-24.9781740394015
1990.023188576752,2.49988031387329,3.37654781341553,3.3517532817093647,-24.7945317061653
1991.037192364892,2.49988031387329,3.37670969963074,3.35177791473045,-24.931784900290133
1992.051158285822,2.49988031387329,3.37670969963074,3.3518025005755456,-24.90719905519434
1993.0651447329021,2.49952030181885,3.37654781341553,3.351824116737738,-24.723696677792173
1994.079118439612,2.49952030181885,3.37654781341553,3.351849343403735,-24.69847001179515
1995.0931239972422,2.49988031387329,3.37687158584595,3.3518786076976745,-24.99297814827539
1996.1070945188621,2.49988031387329,3.37687158584595,3.351905868191746,-24.965717654203967
1997.1210441604321,2.49988031387329,3.37687158584595,3.3519338102433407,-24.937775602609236
1998.135036269892,2.49988031387329,3.37687158584595,3.351961611625083,-24.909974220866715
1999.1490662465721,2.49988031387329,3.37687158584595,3.351989637987544,-24.88194785840614
2000.1630243817121,2.50024008750916,3.37703347206116,3.352020685609679,-25.012786451481084
2001.177023569162,2.50024008750916,3.37703347206116,3.3520488409719587,-24.984631089201237
2002.190994798582,2.49988031387329,3.37703347206116,3.3520740433447136,-24.959428716446297
2003.204994693832,2.49988031387329,3.37703347206116,3.352101958491072,-24.931513570087827
2004.218939734712,2.50024008750916,3.37719535827637,3.3521332446728858,-25.062113603484093
2005.232962279502,2.49988031387329,3.37719535827637,3.352159365719821,-25.03599255654887
2006.2469207685522,2.49988031387329,3.37719535827637,3.35218891394993,-25.006444326439947
2007.260915709202,2.50024008750916,3.37719535827637,3.3522218662072416,-24.973492069128245
2008.274810496412,2.49988031387329,3.37735724449158,3.352249513937708,-25.107730553871832
2009.2889101912122,2.50024008750916,3.37735724449158,3.3522835073537536,-25.073737137826235
2010.302852047002,2.49988031387329,3.37735724449158,3.3523120896978718,-25.045154793708058
2011.316840263572,2.49988031387329,3.37735724449158,3.3523436283723163,-25.01361611926356
2012.330797337032,2.49988031387329,3.37735724449158,3.352375298118281,-24.981946373298758
2013.344818466222,2.50024008750916,3.37735724449158,3.3524100907590144,-24.947153732565397
2014.358963106212,2.50024008750916,3.37751913070679,3.352442347128175,-25.076783578615203
2015.3727885291921,2.50024008750916,3.37735724449158,3.3524748557100055,-24.88238878157434
2016.387287776092,2.49988031387329,3.37735724449158,3.3525048391134216,-24.85240537815825
2017.4009719933222,2.49988031387329,3.37735724449158,3.352538054224068,-24.819190267511893
2018.414903232142,2.49988031387329,3.377681016922,3.3525716626817315,-25.109354240268722
2019.428682648232,2.49988031387329,3.37751913070679,3.352605855900907,-24.913274805883123
2020.442895236852,2.49988031387329,3.37751913070679,3.352640774238708,-24.87835646808234
2021.456887700212,2.50024008750916,3.377681016922,3.3526793181592645,-25.001698762735725
2022.4706158009421,2.49988031387329,3.377681016922,3.352712335422192,-24.96868149980802
2023.484857409282,2.49988031387329,3.377681016922,3.3527483540083507,-24.932662913649484
2024.4988282848021,2.49988031387329,3.377681016922,3.352784480345857,-24.896536576143102
2025.5126137171821,2.49988031387329,3.377681016922,3.3528212365479306,-24.85978037406955
2026.5267739287222,2.49988031387329,3.37784290313721,3.352858572443582,-24.984330693627932
2027.540796473512,2.50024008750916,3.37800478935242,3.352899254410775,-25.105534941645136
2028.5547340825121,2.49988031387329,3.37784290313721,3.352934239375962,-24.908663761248118
2029.568750257122,2.49988031387329,3.37784290313721,3.3529722866484555,-24.87061648875466
2030.582722902132,2.49988031387329,3.37800478935242,3.3530105583557255,-24.994230996694622
2031.596734476052,2.49988031387329,3.37800478935242,3.3530496290913234,-24.955160261096676
2032.610476732742,2.49988031387329,3.37816667556763,3.3530892698028856,-25.077405764744487
2033.6246787043822,2.49988031387329,3.37816667556763,3.3531294742468525,-25.03720132077758
2034.638649933802,2.49988031387329,3.37816667556763,3.353170243272588,-24.996432295042226
2035.652444567552,2.50024008750916,3.37832856178284,3.353214443992133,-25.114117790706825
2036.666403410502,2.49988031387329,3.37832856178284,3.3532534508525664,-25.075110930273592
2037.680425601392,2.49988031387329,3.37816667556763,3.353295705084614,-24.87097048301612
2038.718549383982,2.49988031387329,3.37816667556763,3.3533394416271824,-24.827233940447613
2039.723978550362,2.49988031387329,3.37832856178284,3.353382267404471,-24.94629437836915
2040.737918636662,2.49988031387329,3.37832856178284,3.353425987933033,-24.902573849807208
2041.751950382822,2.49988031387329,3.37849068641663,3.3534702117350426,-25.020474681587412
2042.765908517972,2.49988031387329,3.37849068641663,3.353514945695956,-24.9757407206741
2043.7799140756122,2.49988031387329,3.37865257263184,3.3535602947644416,-25.092277867398316
2044.7939769649022,2.49988031387329,3.37832856178284,3.3536062059104683,-24.722355872371704
2045.807878122292,2.49988031387329,3.37849068641663,3.3536526691296515,-24.83801728697843
2046.8218397964322,2.50024008750916,3.37865257263184,3.3537025727121206,-24.949999919719357
2047.8358308442023,2.49988031387329,3.37865257263184,3.3537472442738667,-24.90532835797321
2048.849787563752,2.49988031387329,3.37865257263184,3.3537951834566013,-24.85738917523861
2049.863812231932,2.49988031387329,3.37865257263184,3.3538436210180405,-24.80895161379948
2050.8777792145625,2.49988031387329,3.37881445884705,3.3538925509644546,-24.921907882595296
2051.8917858338923,2.49952030181885,3.37865257263184,3.3539390978825643,-24.713474749275655
2052.9057340598624,2.49988031387329,3.37881445884705,3.3539920845901694,-24.822374256880497
2053.9197626209425,2.49988031387329,3.37881445884705,3.3540433112133528,-24.771147633697144
2054.933691736362,2.49988031387329,3.37881445884705,3.354095276232311,-24.719182614739044
2055.9477164045525,2.49988031387329,3.37897634506226,3.3541479896366515,-24.82835542560835
2056.9616533057524,2.49988031387329,3.37881445884705,3.3542014419051824,-24.61301694186746
2057.975679389532,2.50024008750916,3.37897634506226,3.3542582958188816,-24.71804924337828
2058.989642833172,2.49988031387329,3.37897634506226,3.3543095692777944,-24.66677578446541
2060.0036494524925,2.49988031387329,3.37913823127747,3.354364229325957,-24.774001951513025
2061.017641561962,2.50024008750916,3.37913823127747,3.3544222728752917,-24.715958402178106
2062.0316106679825,2.50024008750916,3.37913823127747,3.3544779430574536,-24.660288220016202
2063.045605962542,2.49988031387329,3.37913823127747,3.3545314147010696,-24.60681657640018
2064.0595828543424,2.50024008750916,3.37930011749268,3.3545912297758846,-24.708887716795136
2065.0735551454623,2.50024008750916,3.37913823127747,3.3546487423054785,-24.489488971991324
2066.0875653037824,2.49988031387329,3.37930011749268,3.3547039547269724,-24.59616276570742
2067.1014958348023,2.49988031387329,3.37930011749268,3.354762806281176,-24.53731121150371
2068.115527227062,2.49988031387329,3.37930011749268,3.3548225618560394,-24.477555636640336
2069.1294591736823,2.50024008750916,3.37946200370789,3.354885925534301,-24.57607817358909
2070.1435036602124,2.49988031387329,3.37946200370789,3.354944275408823,-24.517728299067176
2071.157435606832,2.49988031387329,3.37946200370789,3.3550062299426706,-24.45577376521957
2072.1714390410725,2.49988031387329,3.37946200370789,3.3550688569622507,-24.393146745639527
2073.185419471862,2.50024008750916,3.3796238899231,3.3551350711570924,-24.488818766007725
2074.199420428802,2.49988031387329,3.37946200370789,3.355196240676309,-24.265763031581233
2075.2133941355123,2.50024008750916,3.37978577613831,3.355263875251467,-24.521900886842918
2076.2273802286923,2.49952030181885,3.3796238899231,3.355323598428491,-24.300291494609105
2077.2413111136125,2.49988031387329,3.3796238899231,3.3553926830797494,-24.231206843350783
2078.2555527219624,2.49988031387329,3.37978577613831,3.3554596276624493,-24.326148475860787
2079.2693186898923,2.49988031387329,3.37978577613831,3.3555272601938912,-24.258515944418857
2080.2833362800925,2.49988031387329,3.37978577613831,3.355595673884056,-24.190102254253887
2081.2972586714322,2.49988031387329,3.37978577613831,3.355665090286066,-24.12068585224425
2082.3112702453423,2.49988031387329,3.37978577613831,3.3557353481926406,-24.050427945669473
2083.325218117422,2.49988031387329,3.37994766235352,3.3558064370423546,-24.14122531116547
2084.3392650812525,2.50024008750916,3.37994766235352,3.3558812464816437,-24.066415871876412
2085.3531591606625,2.49988031387329,3.38010954856873,3.3559507196842517,-24.15882888447829
2086.367221696052,2.50024008750916,3.38010954856873,3.3560264620447784,-24.083086523951636
2087.381507187882,2.49952030181885,3.37994766235352,3.356094205388968,-23.853456964551878
2088.3955099143222,2.49988031387329,3.38010954856873,3.35617118787058,-23.938360698149808
2089.4091513097624,2.49988031387329,3.38010954856873,3.356246098758538,-23.863449810192172
2090.4231469582123,2.50024008750916,3.38027143478394,3.356325253131898,-23.946181652041876
2091.437110755752,2.49988031387329,3.38010954856873,3.356399579412197,-23.709969156533006
2092.4511145438923,2.50024008750916,3.38027143478394,3.356480595837089,-23.79083894685108
2093.465088250602,2.49988031387329,3.38027143478394,3.356556784264181,-23.714650519758962
2094.479084606852,2.50024008750916,3.38043332099915,3.3566392049378226,-23.79411606132731
2095.4930721156325,2.50024008750916,3.38043332099915,3.3567194124128212,-23.713908586328714
2096.507045822342,2.49952030181885,3.38027143478394,3.3567945892593873,-23.476845524552648
2097.5210014802024,2.49988031387329,3.38043332099915,3.356879131771688,-23.554189227461997
2098.535030749072,2.50024008750916,3.38059544563293,3.356964683513123,-23.63076211980708
2099.5489789750422,2.49952030181885,3.38043332099915,3.35704248891072,-23.390832088429736
2100.5629399413924,2.49988031387329,3.38059544563293,3.357129794821244,-23.465650811686167
2101.576956469892,2.49988031387329,3.38059544563293,3.3572150864187935,-23.380359214136615
2102.5909609658224,2.49988031387329,3.38059544563293,3.3573012105135374,-23.29423511939277
2103.6049205165723,2.49988031387329,3.38075733184814,3.3573881753615407,-23.36915648659943
2104.6189094409424,2.49988031387329,3.38075733184814,3.3574759907116594,-23.281341136480727
2105.6329061511024,2.49988031387329,3.38075733184814,3.357564654740921,-23.192677107219062
2106.6468795039123,2.50024008750916,3.38075733184814,3.3576570554088,-23.100276439340206
2107.660837992962,2.50024008750916,3.38108110427856,3.3577474318822014,-23.33367239635864
2108.6748332875222,2.49988031387329,3.38075733184814,3.3578357873351985,-22.921544512941594
2109.688825750882,2.49988031387329,3.38091921806335,3.3579278746225905,-22.991343440759593
2110.7028136135523,2.49988031387329,3.38091921806335,3.358020870268572,-22.89834779477795
2111.7167487452625,2.50024008750916,3.38108110427856,3.3581176248232474,-22.96347945531263
2112.730785799922,2.49988031387329,3.38108110427856,3.358209512033465,-22.87159224509505
2113.7447570293325,2.49988031387329,3.38091921806335,3.358305150836785,-22.614067226565115
2114.758753385592,2.50024008750916,3.38108110427856,3.3584045049799065,-22.67659929865351
2115.772727446202,2.49988031387329,3.38124299049377,3.358498941741238,-22.74404875253211
2116.7868030758523,2.49916052818298,3.38108110427856,3.358591346519561,-22.489757758998863
2117.8006783986125,2.49988031387329,3.38124299049377,3.358696079613857,-22.546910879913007
2118.8299819534623,2.49988031387329,3.38124299049377,3.358797497455813,-22.445493037956954
2119.844222500102,2.49988031387329,3.38124299049377,3.3588983332795794,-22.344657214190544
2120.8582478760923,2.49952030181885,3.38140487670898,3.3589971622734667,-22.40771443551326
2121.8722109658224,2.49988031387329,3.38124299049377,3.3591026469844607,-22.140343509309268
2122.8862267865325,2.49988031387329,3.38140487670898,3.3592061242557056,-22.198752453274295
2123.9001689962224,2.49988031387329,3.38140487670898,3.3593104765130555,-22.094400195924457
2124.914171722662,2.50024008750916,3.38156676292419,3.3594185996084174,-22.148163315772518
2125.9281482605625,2.49988031387329,3.38140487670898,3.3595218510040157,-21.883025704964254
2126.942115597092,2.49988031387329,3.38156676292419,3.3596288340136997,-21.93792891049018
2127.9561023980723,2.49988031387329,3.38156676292419,3.3597366812858693,-21.830081638320564
2128.9701118485923,2.49988031387329,3.3817286491394,3.35984539129595,-21.88325784345002
2129.9840462725024,2.49988031387329,3.3817286491394,3.359954949405023,-21.773699734376706
2130.998067047792,2.49988031387329,3.38156676292419,3.360065368963717,-21.501393960472903
2132.0120234134524,2.49988031387329,3.3817286491394,3.360176827801382,-21.551821338017696
2133.0260448965423,2.49988031387329,3.38189053535461,3.3602892552861716,-21.6012800684382
2134.0399924147123,2.49988031387329,3.3817286491394,3.3604026503075324,-21.325998831867476
2135.0540004496424,2.49988031387329,3.38189053535461,3.3605170443750634,-21.37349097954644
2136.0679660166725,2.50024008750916,3.38205242156982,3.3606352856310293,-21.41713593879091
2137.081999886232,2.49988031387329,3.38189053535461,3.360747980316657,-21.142555037952704
2138.0959498817024,2.50024008750916,3.38205242156982,3.360866998046257,-21.18542352356334
2139.1099419911725,2.49988031387329,3.38205242156982,3.3609807791794664,-21.071642390353862
2140.1239107432925,2.50024008750916,3.38221430778503,3.3611007676773275,-21.113540107702722
2141.1378865734023,2.49952030181885,3.38221430778503,3.361212682413382,-21.00162537164829
2142.1518786828624,2.50024008750916,3.38237619400024,3.3613381399497397,-21.03805405050041
2143.1658722079324,2.49988031387329,3.38221430778503,3.361456218977846,-20.758088807184105
2144.1798579472124,2.49988031387329,3.38221430778503,3.361578534946196,-20.63577283883422
2145.1938571346523,2.50024008750916,3.38237619400024,3.361704373116095,-20.67182088414521
2146.2078152698023,2.50024008750916,3.38237619400024,3.361828033302217,-20.54816069802312
2147.221819765742,2.50024008750916,3.38237619400024,3.361952462414499,-20.423731585740956
2148.2357924107523,2.50024008750916,3.38253808021545,3.362077487213117,-20.46059300233294
2149.249771425952,2.50024008750916,3.38253808021545,3.3622029330271186,-20.335147188331515
2150.2637387624823,2.49988031387329,3.38237619400024,3.36232587777738,-20.050316222860243
2151.2777478591024,2.49988031387329,3.38253808021545,3.362452108565797,-20.08597164965309
2152.291688299292,2.50024008750916,3.38253808021545,3.3625821050684803,-19.955975146969784
2153.305705535602,2.49988031387329,3.38253808021545,3.36270703230803,-19.831047907420185
2154.3197011840525,2.49988031387329,3.38253808021545,3.362835544226993,-19.70253598845728
2155.333675244662,2.49952030181885,3.38269996643066,3.36296229248495,-19.73767394571002
2156.3476496591725,2.50024008750916,3.38286209106445,3.3630987894424806,-19.763301621969376
2157.361655570702,2.49988031387329,3.38253808021545,3.363227855407298,-19.310224808152032
2158.375615829252,2.49952030181885,3.38269996643066,3.3633576196015933,-19.34234682906677
2159.390091364912,2.49988031387329,3.38269996643066,3.363493755305574,-19.206211125085915
2160.4035713823523,2.49988031387329,3.38286209106445,3.3636276551777335,-19.234435886716472
2161.4175744626923,2.49988031387329,3.38286209106445,3.363762454176126,-19.099636888324056
2162.4315417992125,2.49988031387329,3.38286209106445,3.363898087469725,-18.964003594724943
2163.4455024116623,2.50024008750916,3.38318586349487,3.364037417975258,-19.148445519611812
2164.459505845892,2.50024008750916,3.38302397727966,3.364174107447378,-18.849869832282096
2165.4735082184325,2.49988031387329,3.38302397727966,3.364308110413342,-18.7158668663181
2166.4874822790425,2.49988031387329,3.38318586349487,3.3644453557232046,-18.74050777166536
2167.5014772197023,2.49988031387329,3.38318586349487,3.364583299611075,-18.602563883794776
2168.5154537576122,2.49988031387329,3.38318586349487,3.364721930441143,-18.463933053726844
2169.5294168473424,2.49988031387329,3.38318586349487,3.3648611656147236,-18.324697880146346
2170.5434255900723,2.50024008750916,3.38334774971008,3.3650040618853696,-18.343687824710297
2171.5574081442624,2.49988031387329,3.38334774971008,3.365141958046944,-18.20579166313596
2172.571398838132,2.49988031387329,3.38334774971008,3.3652834572197525,-18.06429249032737
2173.5853679441525,2.49988031387329,3.38334774971008,3.3654254021114864,-17.922347598593458
2174.5993423586624,2.50024008750916,3.38350963592529,3.3655707216591555,-17.938914266134365
2175.6133595949623,2.49988031387329,3.3836715221405,3.365710834432167,-17.960687708332923
2176.627293311072,2.49988031387329,3.38350963592529,3.3658541136652174,-17.655522260072498
2177.6413123168722,2.50024008750916,3.3836715221405,3.366000641148049,-17.670880992450844
2178.6552923937625,2.49952030181885,3.38350963592529,3.366138918345792,-17.370717579497708
2179.6692806103424,2.50024008750916,3.3836715221405,3.366289880940406,-17.381641200093778
2180.683244761772,2.49988031387329,3.38383340835571,3.3664331385551503,-17.40026980055953
2181.6972418258324,2.50024008750916,3.38383340835571,3.3665830104894265,-17.25039786628324
2182.7114268103123,2.49988031387329,3.38383340835571,3.366727047819788,-17.106360535921628
2183.725207995902,2.49988031387329,3.38383340835571,3.3668741419629358,-16.95926639277401
2184.7391965663824,2.49988031387329,3.38383340835571,3.3670215748490913,-16.811833506618523
2185.753181951762,2.49988031387329,3.38399529457092,3.3671694381029127,-16.825856468007494
2186.767165567642,2.49988031387329,3.38399529457092,3.367317681734018,-16.677612836902167
2187.781242612902,2.50024008750916,3.38415718078613,3.3674691022699443,-16.68807851618581
2188.7951296143324,2.49988031387329,3.38399529457092,3.3676147296390813,-16.380564931838926
2189.8091132302125,2.49988031387329,3.38431906700134,3.3677633994082345,-16.55566759310556
2190.8230745504525,2.49988031387329,3.38399529457092,3.3679128112992696,-16.082483271650627
2191.8371066505224,2.49988031387329,3.38415718078613,3.3680632616799775,-16.093919106152654
2192.851054522592,2.50024008750916,3.38415718078613,3.3682173323580225,-15.939848428107695
2193.8650678660124,2.49988031387329,3.38448095321655,3.3683649953646215,-16.115957851928542
2194.879018923172,2.50024008750916,3.38431906700134,3.368518241992055,-15.800825009284925
2195.8930074936525,2.49988031387329,3.38431906700134,3.368665863136431,-15.653203864909315
2196.9069928790323,2.49988031387329,3.38448095321655,3.368816932672077,-15.664020544472912
2197.920975787122,2.49988031387329,3.38431906700134,3.3689680018386414,-15.351065162698685
2198.9349516172224,2.49988031387329,3.38448095321655,3.369119732138298,-15.361221078252107
2199.9489345253123,2.49988031387329,3.38448095321655,3.3692715361221595,-15.20941709439061
2200.962926280882,2.50024008750916,3.38448095321655,3.3694266781710294,-15.054275045520704
2201.9769049421825,2.49988031387329,3.38464283943176,3.3695760775910646,-15.066761840695442
2202.9908977594423,2.49988031387329,3.38464283943176,3.3697284195041792,-14.914419927580802
2204.0048420925323,2.49988031387329,3.38464283943176,3.369880826341861,-14.762013089899106
2205.0188547281423,2.49988031387329,3.38464283943176,3.3700333915593337,-14.609447872426351
2206.0328252497625,2.49988031387329,3.38464283943176,3.370186066484216,-14.456772947544216
2207.046818420922,2.49988031387329,3.38464283943176,3.370338884504932,-14.303954926828233
2208.0608243324523,2.49988031387329,3.38496685028076,3.370491766385558,-14.475083895201912
2209.074795561872,2.49988031387329,3.38496685028076,3.370644687923635,-14.322162357125023
2210.0887908564323,2.49988031387329,3.38496685028076,3.370798177770312,-14.168672510447955
2211.1027550078625,2.50024008750916,3.38512873649597,3.370954776427913,-14.173960068057045
2212.1167488868223,2.49988031387329,3.38512873649597,3.371105414698438,-14.023321797532073
2213.1307155155523,2.50024008750916,3.38512873649597,3.3712617630689143,-13.866973427055562
2214.1447185958923,2.49988031387329,3.38512873649597,3.3714098876550365,-13.71884884093344
2215.1586530198024,2.49952030181885,3.38512873649597,3.3715580818797624,-13.570654616207545
2216.1726603469324,2.49952030181885,3.38512873649597,3.371711250196681,-13.41748629928885
2217.1866570570824,2.50024008750916,3.38529062271118,3.371870476412022,-13.420146299157665
2218.2006523516425,2.49988031387329,3.38529062271118,3.372020911844462,-13.269710866717688
2219.2146303051422,2.49988031387329,3.38529062271118,3.372173641608084,-13.116981103095782
2220.2288000719623,2.49988031387329,3.38545250892639,3.3723258532027867,-13.126655723603164
2221.2425823192525,2.49988031387329,3.38529062271118,3.3724778985153114,-12.81272419586843
2222.256569120232,2.49988031387329,3.38529062271118,3.372629818253474,-12.660804457705677
2223.2705488432225,2.49988031387329,3.3856143951416,3.3727816971791897,-12.832697962410045
2224.2845423682825,2.49988031387329,3.3856143951416,3.372933405340194,-12.680989801405751
2225.2985273997724,2.50024008750916,3.3856143951416,3.373087787904424,-12.526607237175913
2226.3124597002825,2.49988031387329,3.38577628135681,3.373236212809589,-12.540068547221228
2227.3264932159423,2.50024008750916,3.38577628135681,3.3733900723589008,-12.386208997909431
2228.3404757701323,2.49988031387329,3.38577628135681,3.3735378999786017,-12.23838137820854
2229.354463278912,2.49988031387329,3.38577628135681,3.3736884010623154,-12.087880294494813
2230.3684369856223,2.50024008750916,3.38577628135681,3.3738417530279556,-11.934528328854555
2231.382694873322,2.50024008750916,3.38593816757202,3.3739921415644596,-11.946026007560562
2232.396413418772,2.49988031387329,3.38593816757202,3.3741390860862106,-11.799081485809548
2233.410394203462,2.49988031387329,3.38610005378723,3.3742881929113038,-11.811860875926339
2234.424382420042,2.49988031387329,3.38593816757202,3.3744367647507634,-11.501402821256779
2235.4383578962425,2.50024008750916,3.38610005378723,3.374587914426209,-11.512139361021134
2236.4523450511224,2.49988031387329,3.38593816757202,3.374732996584809,-11.205170987210966
2237.4662762899425,2.49988031387329,3.38626194000244,3.3748805865004456,-11.381353501994429
2238.480313344592,2.50024008750916,3.38610005378723,3.3750307185280395,-11.069335259190627
2239.494308639152,2.49988031387329,3.38626194000244,3.3751747315236242,-11.087208478815835
2240.5082802224724,2.49988031387329,3.38626194000244,3.3753212248199906,-10.940715182449434
2241.5222418966123,2.50024008750916,3.38642382621765,3.3754700678067024,-10.95375841094759
2242.5362393145624,2.49988031387329,3.38626194000244,3.37561270545644,-10.649234545999864
2243.5502282389325,2.49988031387329,3.38642382621765,3.3757577659697797,-10.666060247870313
2244.5642061924323,2.49988031387329,3.38642382621765,3.37590237081631,-10.521455401339974
2245.578200071392,2.49988031387329,3.38642382621765,3.376046572397254,-10.377253820395893
2246.5921780248923,2.49988031387329,3.38642382621765,3.3761904553107804,-10.233370906869599
2247.6061496082125,2.49988031387329,3.38642382621765,3.3763339398086485,-10.089886409001547
2248.6200836782223,2.49988031387329,3.38658571243286,3.376477021509678,-10.108690923182007
2249.634145859712,2.49988031387329,3.38658571243286,3.3766197237327984,-9.965988700061601
2250.648112488442,2.5006000995636,3.38690948486328,3.3767673089953143,-10.14217586796562
2251.662078055472,2.49988031387329,3.38658571243286,3.3769019628591863,-9.683749573673683
2252.676072642232,2.49988031387329,3.38674759864807,3.3770415407181136,-9.70605792995638
2253.6900838622523,2.49988031387329,3.38674759864807,3.377180306733985,-9.567291914085008
2254.7040448285925,2.49988031387329,3.38690948486328,3.3773191341153828,-9.590350747897158
2255.718029506172,2.49988031387329,3.38674759864807,3.377457546706162,-9.290051941908128
2256.732013122062,2.50024008750916,3.38690948486328,3.377598419299809,-9.311065563470944
2257.7459967379523,2.49988031387329,3.38690948486328,3.377732889382094,-9.176595481185768
2258.7599672595725,2.50024008750916,3.38723349571228,3.37787244423059,-9.361051481689753
2259.7739126543524,2.49952030181885,3.38707160949707,3.3780027730108757,-9.068836486194165
2260.788047739062,2.50024008750916,3.38723349571228,3.3781439452053217,-9.089550506958144
2261.8019198767224,2.49988031387329,3.38723349571228,3.3782754818972043,-8.95801381507555
2262.8159049082024,2.50024008750916,3.38739538192749,3.378412007068337,-8.983374859152793
2263.8298814461123,2.49988031387329,3.38739538192749,3.3785419918421544,-8.853390085335366
2264.8438824030522,2.5006000995636,3.38739538192749,3.378679896620811,-8.715485306678872
2265.8578564636623,2.50024008750916,3.38739538192749,3.378808430988914,-8.586950938575644
2266.8718457419322,2.49988031387329,3.38739538192749,3.3789362505332354,-8.45913139425436
2267.8858187408523,2.49988031387329,3.3875572681427,3.3790663017382405,-8.490966404459677
2268.899808373022,2.50024008750916,3.38771915435791,3.379198653713472,-8.520500644438211
2269.9138033136824,2.50024008750916,3.38771915435791,3.3793275545646795,-8.391599793230675
2270.927774896992,2.49988031387329,3.3875572681427,3.3794529972900262,-8.104270852673956
2271.941754266092,2.49988031387329,3.38771915435791,3.379580591473124,-8.138562884786094
2272.955730803992,2.49988031387329,3.38771915435791,3.3797075309799354,-8.011623377974786
2273.9697285758425,2.50024008750916,3.38771915435791,3.37983669119108,-7.882463166830167
2274.9837097144423,2.50024008750916,3.38771915435791,3.3799618666751883,-7.757287682721881
2275.9976674956924,2.49988031387329,3.38771915435791,3.380083042645171,-7.6361117127392575
2277.0116588973524,2.50024008750916,3.38788104057312,3.3802088054774435,-7.672235095676605
2278.025634727462,2.49988031387329,3.38788104057312,3.380327893178325,-7.553147394795179
2279.0396523176623,2.50024008750916,3.38788104057312,3.3804521832517356,-7.428857321384541
2280.053616115202,2.49988031387329,3.38788104057312,3.3805699777999196,-7.311062773200483
2281.0676071629723,2.49988031387329,3.38804292678833,3.380689960316554,-7.352966471775968
2282.081614843992,2.50024008750916,3.38820481300354,3.3808120425659944,-7.392770437545604
2283.0955754564425,2.50024008750916,3.38820481300354,3.380930497594272,-7.2743154092678175
2284.1095555333322,2.49988031387329,3.38820481300354,3.3810453332044097,-7.159479799130342
2285.1235133145824,2.49988031387329,3.38804292678833,3.3811621666169147,-6.880760171415368
2286.1375401061623,2.49988031387329,3.38820481300354,3.3812781524315954,-6.926660571944687
2287.151457896812,2.49988031387329,3.38820481300354,3.3813932991270903,-6.811513876449737
2288.1654981365623,2.49988031387329,3.38836669921875,3.381507640339562,-6.85905887918814
2289.1793879691822,2.49988031387329,3.38836669921875,3.3816211548336406,-6.7455443851094365
2290.193456520852,2.49988031387329,3.38836669921875,3.381733871882169,-6.632827336581215
2291.2074086397224,2.49988031387329,3.38836669921875,3.3818457554832664,-6.52094373548362
2292.2214184441423,2.49988031387329,3.38852858543396,3.3819567588599915,-6.571826573968487
2293.2353702091023,2.49952030181885,3.38852858543396,3.3820640261105868,-6.464559323373198
2294.249383198622,2.50024008750916,3.38869047164917,3.3821790886653007,-6.511382983869218
2295.263332840192,2.49988031387329,3.38869047164917,3.3822846582420945,-6.405813407075467
2296.277362462962,2.49988031387329,3.38869047164917,3.3823922876268444,-6.298184022325515
2297.2913503256323,2.49988031387329,3.38869047164917,3.382499262324912,-6.191209324257763
2298.3053144770724,2.49988031387329,3.38885235786438,3.382605456751322,-6.246901113057923
2299.3192736739225,2.49988031387329,3.38885235786438,3.3827108729034743,-6.141484960905608
2300.3332587054024,2.49988031387329,3.38885235786438,3.3828155139583425,-6.036843906037426
2301.3472242724324,2.50024008750916,3.38901424407959,3.382922150698567,-6.0920933810226785
2302.3612531874023,2.49988031387329,3.38901424407959,3.3830217107531375,-5.992533326452332
2303.3751879652123,2.49988031387329,3.38901424407959,3.3831231555196557,-5.891088559934143
2304.3896454520223,2.49988031387329,3.38901424407959,3.3832236679009,-5.790576178689832
2305.403168645152,2.49988031387329,3.3891761302948,3.383323104136262,-5.853026158537666
2306.417181280772,2.49988031387329,3.3891761302948,3.383421739590733,-5.754390704066914
2307.4311532179822,2.50024008750916,3.3891761302948,3.383522767662778,-5.653362632021874
2308.445153113232,2.49988031387329,3.3891761302948,3.3836172554497668,-5.558874845033035
2309.459123280952,2.50024008750916,3.38933825492859,3.383716710171041,-5.62154475754939
2310.4731160982124,2.49988031387329,3.38933825492859,3.383809624067192,-5.528630861398209
2311.487058661802,2.49988031387329,3.3891761302948,3.383904730655895,-5.271399638904661
2312.501031660712,2.49988031387329,3.38933825492859,3.383999120365665,-5.3391345629250075
2313.515032617662,2.49988031387329,3.38933825492859,3.384092774774792,-5.245480153797999
2314.5290618865324,2.50024008750916,3.3895001411438,3.384188572043624,-5.311569100176161
2315.5429966643424,2.50024008750916,3.38966202735901,3.38428047559665,-5.381551762360104
2316.5570192091322,2.49988031387329,3.38966202735901,3.384368146022556,-5.293881336454032
2317.5709815910623,2.49988031387329,3.3895001411438,3.3844576636042456,-5.042477539554557
2318.5850023663625,2.49988031387329,3.38966202735901,3.3845461606220457,-5.115866736964403
2319.5989392675624,2.49988031387329,3.38982391357422,3.384633624698454,-5.190288875766225
2320.612951549282,2.49988031387329,3.38966202735901,3.3847207857350567,-4.941241623953374
2321.6269379963624,2.49988031387329,3.38982391357422,3.384807229860604,-5.016683713616299
2322.640890115222,2.50024008750916,3.38982391357422,3.384895803594971,-4.9281099792488625
2323.654885763682,2.49988031387329,3.38998579978943,3.384977878941009,-5.007920848421055
2324.6688870745224,2.50024008750916,3.38998579978943,3.3850648395171277,-4.920960272302377
2325.6828678592124,2.50024008750916,3.39014768600464,3.3851481165647863,-4.9995694398536905
2326.6968539523923,2.50024008750916,3.39014768600464,3.3852305951057495,-4.917090898890475
2327.710789084102,2.49988031387329,3.38998579978943,3.385309392427836,-4.676407361594137
2328.7250285690525,2.49988031387329,3.38998579978943,3.385390283930759,-4.595515858671018
2329.7389516681924,2.49988031387329,3.39014768600464,3.3854703470261924,-4.677338978447576
2330.7527901854323,2.49988031387329,3.39030957221985,3.3855496007940484,-4.759971425801535
2331.7667511517825,2.49988031387329,3.39030957221985,3.3856280613733807,-4.681510846469283
2332.7808508465723,2.50024008750916,3.39030957221985,3.3857086606958333,-4.600911524016649
2333.7829108933524,2.50024008750916,3.39047145843506,3.3857846933556637,-4.686765079396249
2334.793110619852,2.49988031387329,3.39030957221985,3.3858576935335885,-4.451878686261512
2335.807103791012,2.49988031387329,3.39047145843506,3.3859330774393905,-4.538380995669389
2336.821095192682,2.49988031387329,3.39047145843506,3.3860076815962454,-4.463776838814493
2337.8350614675123,2.49988031387329,3.39063334465027,3.3860815739922137,-4.551770658056231
2338.8490496840923,2.49988031387329,3.39047145843506,3.3861547113084227,-4.31674712663721
2339.8630301148823,2.49988031387329,3.39063334465027,3.386227091384829,-4.406253265440974
2340.8770169158624,2.49988031387329,3.39063334465027,3.3862987152335013,-4.334629416768543
2341.890989560872,2.49988031387329,3.39063334465027,3.386369585862804,-4.263758787466099
2342.9049901639223,2.49988031387329,3.39063334465027,3.386439757739086,-4.1935869111839885
2343.918969179112,2.50024008750916,3.39095711708069,3.3865120694112383,-4.4450476694515295
2344.9329460709223,2.50024008750916,3.39095711708069,3.3865807658597893,-4.376351220900521
2345.946837319132,2.49988031387329,3.39079523086548,3.3866458415219562,-4.149389343523602
2346.960937721732,2.49988031387329,3.39095711708069,3.3867130824763256,-4.2440346043641775
2347.9749025809624,2.49988031387329,3.39095711708069,3.3867796454529264,-4.177471627763385
2348.9888946904325,2.49988031387329,3.39095711708069,3.386845498287249,-4.111618793440908
2350.0028630886522,2.49988031387329,3.3911190032959,3.3869106376659186,-4.208365629981614
2351.0168520130323,2.49988031387329,3.3911190032959,3.386975066434189,-4.143936861711328
2352.030836336712,2.49988031387329,3.3911190032959,3.387038793149091,-4.080210146809371
2353.0448149980125,2.50024008750916,3.39128088951111,3.3871047374333187,-4.1761520777914285
2354.0588010911924,2.50024008750916,3.39128088951111,3.387167123796522,-4.113765714587991
2355.072782229782,2.50024008750916,3.39128088951111,3.387228834816245,-4.052054694865248
2356.0867708002625,2.49988031387329,3.39128088951111,3.3872869982078715,-3.9938913032386836
2357.100755477842,2.49988031387329,3.39128088951111,3.3873473752608723,-3.933514250237913
2358.1147387398323,2.49988031387329,3.3914430141449,3.3874070942992196,-4.0359198456805245
2359.1287174011322,2.49988031387329,3.3914430141449,3.3874661596959488,-3.97685444895135
2360.1426900461424,2.49988031387329,3.3914430141449,3.3875245767007973,-3.918437444102807
2361.156699142762,2.49988031387329,3.39160490036011,3.387582353053503,-4.022547306607116
2362.1706544467224,2.49988031387329,3.39160490036011,3.3876394664840923,-3.9654338760177765
2363.184665666742,2.50024008750916,3.39160490036011,3.387698764523035,-3.9061358370751087
2364.1986294642725,2.49988031387329,3.39160490036011,3.387751633911249,-3.8532664488610813
2365.2126063560822,2.49988031387329,3.39160490036011,3.3878067110892545,-3.798189270855623
2366.2265719231123,2.49952030181885,3.39160490036011,3.3878582349554676,-3.746665404642524
2367.2405530617025,2.49988031387329,3.39176678657532,3.3879149508986592,-3.8518356766608086
2368.2545887007623,2.49988031387329,3.39176678657532,3.3879683556714286,-3.7984309038914255
2369.272921029022,2.50024008750916,3.39192867279053,3.3880243519383137,-3.9043208522162587
2370.2825315134924,2.50024008750916,3.39192867279053,3.3880765322846496,-3.8521405058804525
2371.2965133598823,2.49988031387329,3.39176678657532,3.3881256012862893,-3.6411852890307905
2372.310493082882,2.49988031387329,3.39192867279053,3.3881769844963294,-3.7516882942005836
2373.3244837767525,2.49988031387329,3.39209055900574,3.388227716356713,-3.8628426490268097
2374.3384592529524,2.50024008750916,3.39209055900574,3.388280764882748,-3.809794122991761
2375.3524662261825,2.49988031387329,3.39225244522095,3.3883274954012474,-3.9249498197024835
2376.3664183450524,2.49988031387329,3.39225244522095,3.388376535870706,-3.8759093502438446
2377.380725424732,2.50024008750916,3.39225244522095,3.3884277881828133,-3.824657038136614
2378.3944128270523,2.50024008750916,3.39225244522095,3.3884754230678364,-3.777022153113485
2379.4083107993524,2.50024008750916,3.39225244522095,3.3885224293487557,-3.7300158721942367
2380.4223708574523,2.50024008750916,3.39257621765137,3.3885688044257023,-4.007413225667555
2381.436339963472,2.49988031387329,3.39225244522095,3.388611658470433,-3.6407867505170444
2382.4503363197223,2.49988031387329,3.39241433143616,3.3886570333520964,-3.757298084063443
2383.464318166112,2.49988031387329,3.39241433143616,3.388702054282137,-3.7122771540230026
2384.4782901033323,2.49988031387329,3.39241433143616,3.3887465928883485,-3.667738547811439
2385.492285751792,2.50024008750916,3.39273810386658,3.388793528826749,-3.944575039831033
2386.5062806924425,2.49988031387329,3.39257621765137,3.3888342264526816,-3.7419911986882326
2387.520246967272,2.49988031387329,3.39273810386658,3.388877270334034,-3.8608335325456267
2388.5342348299523,2.50024008750916,3.39273810386658,3.3889226706679536,-3.815433198626206
2389.5481873027124,2.49988031387329,3.39273810386658,3.388961806898176,-3.7762969684038694
2390.5621992305323,2.50024008750916,3.39289999008179,3.389006195693052,-3.8937943887380477
2391.5761948789923,2.49988031387329,3.39273810386658,3.389044321163558,-3.693782703021675
2392.590178848772,2.49988031387329,3.39289999008179,3.3890849008725143,-3.815089209275868
2393.6041536171824,2.49988031387329,3.39289999008179,3.389125030528448,-3.774959553342061
2394.6181266160925,2.49988031387329,3.39289999008179,3.389164691076045,-3.7352990057453184
2395.632111293682,2.49988031387329,3.39289999008179,3.3892038830344395,-3.696107047350683
2396.6461016336525,2.49988031387329,3.393061876297,3.3892426061590615,-3.8192701379387017
2397.6600891424223,2.49988031387329,3.393061876297,3.3892807173022197,-3.781158994780487
2398.6740833752824,2.49988031387329,3.393061876297,3.389318280206175,-3.7435960908251964
2399.688073007452,2.50024008750916,3.393061876297,3.3893581937941404,-3.7036825028597953
2400.701981950632,2.49988031387329,3.393061876297,3.3893918207863054,-3.6700555106947697
2401.7160133428924,2.49952030181885,3.393061876297,3.3894249229347833,-3.6369533622169214
2402.7299930658924,2.49988031387329,3.39322376251221,3.3894641606836817,-3.759601828528414
2403.7439855292523,2.50024008750916,3.39338564872742,3.3895032748418856,-3.8823738855344736
2404.7579716224323,2.49988031387329,3.39322376251221,3.3895364424125045,-3.6873200997056266
2405.7719442674525,2.50024008750916,3.39338564872742,3.3895751759058443,-3.810472821575761
2406.7862460386423,2.50024008750916,3.39322376251221,3.38961085277976,-3.612909732450209
2407.7999260090824,2.49988031387329,3.39354753494263,3.3896420640716243,-3.9054708710057895
2408.8138958229124,2.49952030181885,3.39354753494263,3.389672605889104,-3.874929053526266
2409.8278882862724,2.49988031387329,3.39354753494263,3.3897082471006605,-3.8392878419695187
2410.841859869592,2.49988031387329,3.39354753494263,3.3897403627918754,-3.8071721507546563
2411.8558300373124,2.49988031387329,3.39370965957642,3.3897727484620246,-3.936911114395425
2412.8698256857624,2.49988031387329,3.39370965957642,3.3898048521172854,-3.904807459134574
2413.8838170874324,2.49988031387329,3.39370965957642,3.389836672807584,-3.872986768835851
2414.8978021189123,2.49988031387329,3.39370965957642,3.389868281151186,-3.841378425233799
2415.9117772412224,2.49988031387329,3.39370965957642,3.389899747272863,-3.8099123035570948
2416.925755194722,2.49952030181885,3.39370965957642,3.3899281278267144,-3.7815317497056355
2417.939758275062,2.50024008750916,3.39403343200684,3.389964941969999,-4.068490036841066
2418.9537199492024,2.49988031387329,3.39387154579163,3.3899921497146552,-3.8793960769747393
2419.967715243762,2.49988031387329,3.39403343200684,3.39002157002669,-4.011861980150133
2420.9817151390025,2.49988031387329,3.39387154579163,3.390050398862882,-3.8211469287481314
2421.995671858562,2.49988031387329,3.39403343200684,3.390078917386011,-3.954514620828853
2423.009633532702,2.49988031387329,3.39419531822205,3.3901077441326235,-4.087574089426393
2424.0236468761123,2.49988031387329,3.39403343200684,3.390136434770237,-3.8969972366027505
2425.037646063562,2.50024008750916,3.39419531822205,3.3901678142716762,-4.0275039503736565
2426.0515263409025,2.50024008750916,3.39419531822205,3.3901956004183327,-3.9997178037172176
2427.0655980776723,2.49988031387329,3.39419531822205,3.3902200935136833,-3.9752247083666425
2428.0796146061725,2.50024008750916,3.39419531822205,3.390249901413058,-3.945416808992075
2429.0935401826023,2.49988031387329,3.39435720443726,3.3902734240275434,-4.083780409716464
2430.1075588345025,2.49988031387329,3.39435720443726,3.390299348766867,-4.05785567039274
2431.1215364341024,2.49988031387329,3.39435720443726,3.390325041516742,-4.032162920518001
2432.1355246506823,2.49988031387329,3.39451909065247,3.3903510675125617,-4.168023139908161
2433.149493756702,2.49988031387329,3.39435720443726,3.3903770800094772,-3.9801244277826164
2434.163488343462,2.50024008750916,3.39451909065247,3.390405671533224,-4.113419119245787
2435.1774804529223,2.49988031387329,3.39451909065247,3.390427848173145,-4.091242479324908
2436.1914339873924,2.50024008750916,3.39451909065247,3.3904553764618592,-4.063714190610579
2437.2054211422624,2.49988031387329,3.39451909065247,3.3904767548438244,-4.042335808645436
2438.2194167907223,2.49988031387329,3.39468097686768,3.390500623231255,-4.180353636424883
2439.2334135008723,2.49988031387329,3.39484286308289,3.3905240977997515,-4.318765283138681
2440.2473928699724,2.49988031387329,3.39468097686768,3.390547463476449,-4.133513391230803
2441.2613520668224,2.49988031387329,3.39468097686768,3.390570782601745,-4.11019426593473
2442.2753540854624,2.49988031387329,3.39484286308289,3.3905939517736976,-4.248911309192582
2443.2893380552423,2.49988031387329,3.39484286308289,3.390616969595929,-4.22589348696123
2444.3033464440723,2.49988031387329,3.39484286308289,3.3906398370310527,-4.203026051837533
2445.317304933122,2.50024008750916,3.39516663551331,3.390665132893403,-4.501502619906894
2446.3312729774425,2.49988031387329,3.3950047492981,3.3906842873113963,-4.320461986703883
2447.345255531632,2.49988031387329,3.3950047492981,3.390706025347163,-4.298723950937333
2448.359245517702,2.49988031387329,3.3950047492981,3.390727468650301,-4.277280647799309
2449.3780145574824,2.49988031387329,3.3950047492981,3.39074883009751,-4.255919200589986
2450.387543645152,2.49988031387329,3.39516663551331,3.3907698393267403,-4.396796186569851
2451.401169469032,2.50024008750916,3.39516663551331,3.390793596293773,-4.373039219537134
2452.415143529642,2.49988031387329,3.39532852172852,3.390811387799327,-4.517133929192951
2453.4291030803925,2.49988031387329,3.39516663551331,3.3908318532025348,-4.334782310775331
2454.4430990827423,2.49988031387329,3.39532852172852,3.390852124206627,-4.476397521893105
2455.4571315367125,2.49988031387329,3.39516663551331,3.390872190606001,-4.294444907309014
2456.471117275992,2.49988031387329,3.39532852172852,3.3908920507580187,-4.436470970501372
2457.4851026613724,2.49988031387329,3.39532852172852,3.3909117294031215,-4.4167923253986
2458.4990745985824,2.49988031387329,3.39549040794373,3.3909312640548643,-4.559143888865691
2459.5130617534624,2.50024008750916,3.39532852172852,3.39095350107013,-4.375020658390127
2460.527064126002,2.49988031387329,3.39549040794373,3.390969805873727,-4.520602070003044
2461.5410027967023,2.50024008750916,3.39565229415894,3.3909916897416297,-4.66060441731031
2462.555026403192,2.49988031387329,3.39565229415894,3.391007546057758,-4.644748101182206
2463.568960119302,2.49952030181885,3.39565229415894,3.3910230363076814,-4.629257851258561
2464.5829946966624,2.49988031387329,3.39565229415894,3.391044029154832,-4.6082650041081585
2465.5969648643822,2.50024008750916,3.39581441879272,3.391064759532919,-4.749659259801309
2466.6109481263625,2.49988031387329,3.39581441879272,3.3910794743553616,-4.734944437358557
2467.6249324500523,2.49988031387329,3.39565229415894,3.3910970035908297,-4.555290568110326
2468.6388831533222,2.49988031387329,3.39581441879272,3.3911145750128515,-4.699843779868651
2469.6529000357223,2.49988031387329,3.39565229415894,3.391132031743938,-4.52026241500203
2470.6668394142225,2.49988031387329,3.39581441879272,3.3911493713124656,-4.665047480254536
2471.680870098692,2.49988031387329,3.39581441879272,3.3911665966029165,-4.647822189803641
2472.6948130161722,2.50024008750916,3.39597630500793,3.3911863969255194,-4.789908082410754
2473.7088373304623,2.50024008750916,3.39597630500793,3.3912029716789958,-4.7733333289343705
2474.7227462736323,2.49988031387329,3.39613819122314,3.3912164321258444,-4.9217590972956415
2475.736788282872,2.49988031387329,3.39613819122314,3.39123253864155,-4.9056525815900365
2476.7507690675725,2.49988031387329,3.39613819122314,3.3912484099261198,-4.889781297020335
2477.7647597614323,2.49988031387329,3.39613819122314,3.3912642438377016,-4.8739473854384485
2478.7788435307725,2.49988031387329,3.39630007743835,3.3912800463905493,-5.020031047800799
2479.792721330822,2.50024008750916,3.39630007743835,3.391298600134253,-5.001477304097168
2480.806691144642,2.49988031387329,3.39613819122314,3.3913112751295373,-4.826916093602751
2481.8206977639725,2.49988031387329,3.39630007743835,3.391326705073237,-4.973372365113082
2482.8346328956823,2.49988031387329,3.39646196365356,3.3913419644801266,-5.1199991734334205
2483.848646946892,2.49988031387329,3.39630007743835,3.391357062953447,-4.9430144849029745
2484.8626036664423,2.50024008750916,3.39646196365356,3.3913748921076614,-5.087071545898603
2485.876586574532,2.49952030181885,3.39630007743835,3.39138393851735,-4.916138921000179
2486.8905659436323,2.49988031387329,3.39646196365356,3.3914014766001284,-5.06048705343165
2487.9045856572225,2.49988031387329,3.39662384986877,3.3914161875462208,-5.207662322549211
2488.9185657341222,2.49988031387329,3.39662384986877,3.391430887985975,-5.192961882794833
2489.9325574896925,2.49988031387329,3.39662384986877,3.391445531643289,-5.178318225480982
2490.946529426902,2.49988031387329,3.39662384986877,3.3914601180639785,-5.16373180479146
2491.9605328611424,2.50024008750916,3.39662384986877,3.3914775261743424,-5.146323694427579
2492.9745486818424,2.50024008750916,3.39678573608398,3.3914914621452397,-5.294273938740268
2493.9884767355725,2.49988031387329,3.39678573608398,3.3915021614459966,-5.283574637983346
2495.0026595966624,2.49988031387329,3.39678573608398,3.391515465614458,-5.270270469521776
2496.0166690471824,2.50024008750916,3.39678573608398,3.3915313689998965,-5.254367084083444
2497.0305514479223,2.49988031387329,3.39678573608398,3.3915412377535397,-5.244498330440273
2498.0446228307924,2.49988031387329,3.39694762229919,3.391554589965256,-5.393032333933956
2499.0585958297024,2.49988031387329,3.39694762229919,3.391568060261293,-5.37956203789669
2500.072417713692,2.49988031387329,3.39694762229919,3.3915815805425504,-5.366041756639461
2501.0862976371322,2.50024008750916,3.39694762229919,3.3915980317802283,-5.349590518961556
2502.100361942022,2.50024008750916,3.3971095085144,3.3916112388924375,-5.498269621962315
2503.114342372812,2.49988031387329,3.39694762229919,3.3916208936779455,-5.326728621244392
2504.1283288198924,2.50024008750916,3.3971095085144,3.391635998560017,-5.473509954383005
2505.1422904940323,2.49988031387329,3.3971095085144,3.3916450404195437,-5.464468094856123
2506.1563112693325,2.49988031387329,3.3971095085144,3.3916569802552283,-5.45252825917153
2507.1702640959925,2.50024008750916,3.39727139472961,3.391672062310821,-5.599332418788627
2508.184210198572,2.50024008750916,3.39743328094482,3.3916842606010196,-5.749020343800648
2509.198237697952,2.49988031387329,3.39727139472961,3.3916935761853555,-5.57781854425432
2510.212239716592,2.49988031387329,3.39727139472961,3.391705720832261,-5.565673897348855
2511.2261812184825,2.49988031387329,3.39727139472961,3.3917178332814264,-5.5535614481834195
2512.2401832371224,2.50024008750916,3.39727139472961,3.3917327973934825,-5.538597336127271
2513.2541626062225,2.49988031387329,3.39727139472961,3.3917419469939194,-5.529447735690418
2514.2681561312825,2.49988031387329,3.39759516716003,3.391753839406558,-5.841327753472125
2515.282107542352,2.49988031387329,3.39759516716003,3.3917656504695084,-5.8295166905217854
2516.296113807782,2.50024008750916,3.39743328094482,3.3917802594998756,-5.653021444944617
2517.310087868392,2.49988031387329,3.39759516716003,3.3917888467705413,-5.806320389488917
2518.3240852863423,2.49988031387329,3.39743328094482,3.3918000480789603,-5.633232865859927
2519.338028911622,2.5006000995636,3.39775705337524,3.3918168035127594,-5.940249862480762
2520.3520620733925,2.49988031387329,3.39775705337524,3.391821856975739,-5.93519639950113
2521.3660279943224,2.49952030181885,3.39759516716003,3.3918298132834637,-5.765353876566515
2522.3803478143723,2.49988031387329,3.39775705337524,3.391843502530323,-5.913550844917292
2523.393980008432,2.49988031387329,3.39775705337524,3.3918543100509027,-5.902743324337489
2524.408012108492,2.49988031387329,3.39775705337524,3.3918651070397914,-5.891946335448761
2525.4219426395125,2.50024008750916,3.39791893959045,3.3918787365330596,-6.040203057390503
2526.435961645312,2.49988031387329,3.39791893959045,3.3918866176241504,-6.0323219662996586
2527.4499296896424,2.49988031387329,3.39775705337524,3.3918973988022025,-5.859654573037609
2528.463898087862,2.50024008750916,3.39791893959045,3.391910961191456,-6.00797839899414
2529.4778314500722,2.49988031387329,3.39791893959045,3.3919187023964876,-6.000237193962477
2530.4918886769724,2.50024008750916,3.39808106422424,3.391932136602522,-6.148927621718148
2531.5058563674024,2.49988031387329,3.39808106422424,3.391939757434005,-6.141306790234946
2532.5198477690724,2.49988031387329,3.39808106422424,3.391950241742193,-6.130822482047105
2533.533820414082,2.49988031387329,3.39808106422424,3.391960689339812,-6.12037488442807
2534.5478617155222,2.50024008750916,3.39808106422424,3.3919739816155516,-6.107082608688419
2535.5617894153525,2.49988031387329,3.39808106422424,3.391981411151441,-6.099653072799249
2536.576003773462,2.49988031387329,3.39824295043945,3.3919915969136962,-6.251353525753789
2537.589951291642,2.49988031387329,3.39808106422424,3.392001658352453,-6.079405871787014
2538.6039625116523,2.50024008750916,3.39824295043945,3.392014427218875,-6.2285232205749885
2539.6179075525424,2.49988031387329,3.39808106422424,3.3920209925712435,-6.060071652996601
2540.6319201881524,2.50024008750916,3.39824295043945,3.3920330413824336,-6.209909057016461
2541.6458701836223,2.49952030181885,3.39824295043945,3.392036179619828,-6.206770819622065
2542.6598888355225,2.49988031387329,3.39824295043945,3.392048423289373,-6.194527150077178
2543.6738823605824,2.49988031387329,3.39808106422424,3.392058666899488,-6.02239732475196
2544.6876695624624,2.49988031387329,3.39824295043945,3.3920693031419233,-6.173647297526674
2545.7016117721523,2.50024008750916,3.39824295043945,3.3920832139667354,-6.159736472714616
2546.7156240538625,2.49988031387329,3.39824295043945,3.3920897107814154,-6.153239658034604
2547.729597052782,2.49988031387329,3.39824295043945,3.3920984181176363,-6.144532321813667
2548.7435512950424,2.49988031387329,3.39824295043945,3.3921065581828733,-6.136392256576695
2549.757573132032,2.50024008750916,3.39840483665466,3.3921181544174974,-6.286682237162555
2550.771556747912,2.49988031387329,3.39824295043945,3.3921240831074977,-6.118867331952327
2551.785648656932,2.49952030181885,3.39824295043945,3.392130249139615,-6.112701299834988
2552.7995303498724,2.49988031387329,3.39840483665466,3.392142927561084,-6.261909093575824
2553.813486007732,2.49988031387329,3.39840483665466,3.392153195178853,-6.251641475806924
2554.8274940426522,2.5006000995636,3.39872860908508,3.3921689320682864,-6.559677016793497
2555.8414635025724,2.49988031387329,3.39872860908508,3.392172675653169,-6.555933431910965
2556.8554563198422,2.50024008750916,3.39889049530029,3.3921848349007453,-6.705660399544566
2557.8694204712724,2.49988031387329,3.39856672286987,3.392190764907158,-6.375957962712064
2558.8834239055122,2.50024008750916,3.39889049530029,3.3922020941238213,-6.688401176468517
2559.8973742548824,2.49988031387329,3.39889049530029,3.3922075242099337,-6.6829710903562045
2560.9113890138924,2.50024008750916,3.39921426773071,3.3922189446347106,-6.995323095999151
2561.9253577660124,2.49988031387329,3.39889049530029,3.3922246156386286,-6.6658796616612115
2562.9393527066723,2.49988031387329,3.3990523815155,3.3922335707743416,-6.818810741158199
2563.953323936082,2.49988031387329,3.3990523815155,3.3922429408139125,-6.809440701587288
2564.9673287859223,2.50024008750916,3.3990523815155,3.392255418993095,-6.796962522404915
2565.9813049699223,2.49988031387329,3.3990523815155,3.3922611404456324,-6.791241069867393
2566.9952885858124,2.49988031387329,3.39921426773071,3.392268787665391,-6.945480065318588
2568.0092576918323,2.49952030181885,3.3990523815155,3.392273234901133,-6.779146614366738
2569.023246262312,2.49988031387329,3.3990523815155,3.392284592283475,-6.767789232025034
2570.037245095852,2.49988031387329,3.39921426773071,3.3922938645683063,-6.920403162403499
2571.0511841204525,2.49988031387329,3.3990523815155,3.392302706559146,-6.749674956354035
2572.065194278772,2.49988031387329,3.39937615394592,3.392311433704698,-7.0647202412224
2573.0791839109424,2.50024008750916,3.39937615394592,3.392322903051971,-7.053250893949148
2574.093169650232,2.49988031387329,3.39921426773071,3.392328375629851,-6.885892100858992
2575.1071667142824,2.49988031387329,3.39937615394592,3.3923364674466487,-7.039686499271447
2576.1211354664024,2.49952030181885,3.39937615394592,3.392341373092765,-7.034780853155009
2577.1351275758725,2.49988031387329,3.39937615394592,3.392352468759497,-7.0236851864233785
2578.149096327992,2.50024008750916,3.39953804016113,3.3923647631386915,-7.17327702243864
2579.1630806516723,2.49988031387329,3.39937615394592,3.392371487089997,-7.004666855923158
2580.1770770079324,2.49988031387329,3.39953804016113,3.3923795148955835,-7.158525265546611
2581.191065932302,2.49988031387329,3.39953804016113,3.3923868172810074,-7.15122288012271
2582.204998232822,2.49988031387329,3.39953804016113,3.3923950736497903,-7.142966511339832
2583.2190080372425,2.49988031387329,3.39969992637634,3.392403394868775,-7.296531507565263
2584.233005455192,2.49988031387329,3.39969992637634,3.39241160932628,-7.288317050059945
2585.2469943795622,2.49988031387329,3.39969992637634,3.3924199414482845,-7.279984928055594
2586.2609277417723,2.49988031387329,3.39986181259155,3.392428529714871,-7.433282876679215
2587.274961257442,2.50024008750916,3.39986181259155,3.392439412332115,-7.422400259434969
2588.2889275322723,2.49952030181885,3.39986181259155,3.392440598715479,-7.421213876070976
2589.302913625452,2.49988031387329,3.39986181259155,3.392451273450427,-7.410539141122996
2590.3168972413323,2.49988031387329,3.39986181259155,3.3924604878138926,-7.401324777657425
2591.3309173088323,2.49988031387329,3.40002369880676,3.392469606875834,-7.554091930925821
2592.344861995812,2.50024008750916,3.40002369880676,3.3924813231840876,-7.542375622672459
2593.359011590382,2.49988031387329,3.40002369880676,3.3924858981042316,-7.537800702528408
2594.3734322716823,2.49988031387329,3.40002369880676,3.392492899275884,-7.530799530876209
2595.3871925772323,2.49988031387329,3.40018582344055,3.392501295637412,-7.684527803137886
2596.4008007061525,2.50024008750916,3.40034770965576,3.3925129251018302,-7.834784553929719
2597.4147921078124,2.50024008750916,3.40018582344055,3.392521663208682,-7.664160231867889
2598.4287672301225,2.50024008750916,3.40034770965576,3.3925298361048295,-7.817873550930443
2599.4427533233024,2.50024008750916,3.40018582344055,3.392537716042029,-7.6481073985208425
2600.4567372930924,2.50024008750916,3.40034770965576,3.392545496782332,-7.802212873428083
2601.470726925262,2.49988031387329,3.40034770965576,3.392550247434908,-7.79746222085187
2602.484716203532,2.50024008750916,3.40034770965576,3.392560602040199,-7.787107615560895
2603.4986959265325,2.49988031387329,3.40050959587097,3.3925650469370545,-7.944548933915385
2604.512721302512,2.49988031387329,3.40050959587097,3.392572672605849,-7.936923265120743
2605.5266564342223,2.50024008750916,3.40050959587097,3.392583412649569,-7.92618322140104
2606.5406464202924,2.49988031387329,3.40050959587097,3.3925885408201366,-7.921055050833292
2607.5546208348023,2.49988031387329,3.40050959587097,3.3925964985138473,-7.913097357122645
2608.5686005577923,2.49988031387329,3.40050959587097,3.39260437696677,-7.905218904199707
2609.582606115422,2.49988031387329,3.40067148208618,3.3926122471003595,-8.059234985820396
2610.5965787604423,2.49988031387329,3.40050959587097,3.3926201102415185,-7.889485629451354
2611.6105634380224,2.49988031387329,3.40067148208618,3.392627967792432,-8.043514293747833
2612.624535021342,2.49988031387329,3.40067148208618,3.3926358184932823,-8.035663592897535
2613.6384885558023,2.49988031387329,3.40067148208618,3.392643663475107,-8.027818611072934
2614.652505792102,2.49988031387329,3.40067148208618,3.3926515048382635,-8.019977247916366
2615.6669763731825,2.49988031387329,3.40083336830139,3.392659344483265,-8.17402381812471
2616.6805041670023,2.49952030181885,3.40067148208618,3.392664291528401,-8.007190557778987
2617.694460532652,2.49988031387329,3.40067148208618,3.3926749968575036,-7.996485228676242
2618.708433531562,2.49988031387329,3.40083336830139,3.3926828734325656,-8.150494868824243
2619.7224263488324,2.49988031387329,3.40083336830139,3.39269083256075,-8.142535740639723
2620.7366060248323,2.49988031387329,3.4009952545166,3.392698829514252,-8.296425002347618
2621.7505885790224,2.50024008750916,3.40115714073181,3.3927097394538634,-8.447401277946742
2622.764565470822,2.49988031387329,3.4009952545166,3.3927149293179686,-8.2803251986312
2623.7785713823523,2.50024008750916,3.40115714073181,3.392725783491999,-8.431357239811366
2624.7925327025923,2.50024008750916,3.4009952545166,3.3927336335906118,-8.261620925988034
2625.806524458162,2.50024008750916,3.40115714073181,3.3927414380771643,-8.415702654645862
2626.820312721732,2.49988031387329,3.40115714073181,3.3927463169738123,-8.410823757997843
2627.8345019530025,2.50024008750916,3.40131902694702,3.392756909459502,-8.56211748751834
2628.8484636271523,2.49988031387329,3.40115714073181,3.39276174507397,-8.395395657839977
2629.8624656457923,2.49988031387329,3.40148091316223,3.392769461754882,-8.711451407348303
2630.876454216262,2.49952030181885,3.40131902694702,3.392774278892537,-8.544748054483353
2631.8904204910923,2.49988031387329,3.40148091316223,3.3927848367101046,-8.696076452125556
2632.9044150778523,2.49988031387329,3.40131902694702,3.3927924953013044,-8.526531645715707
2633.918405417822,2.49988031387329,3.40131902694702,3.392800229666119,-8.518797280901325
2634.932361429572,2.49988031387329,3.40148091316223,3.392808024595741,-8.672888566489068
2635.9463524773423,2.49988031387329,3.40164279937744,3.392815848189016,-8.826951188424026
2636.9601471111023,2.49988031387329,3.40164279937744,3.3928236986533773,-8.819100724062778
2637.974126834092,2.49988031387329,3.40148091316223,3.3928315789425763,-8.64933421965386
2638.9883026172024,2.49988031387329,3.40148091316223,3.392839390847022,-8.641522315208316
2640.0020746014225,2.50024008750916,3.40180468559265,3.3928500384083264,-8.954647184323594
2641.0160748505623,2.50024008750916,3.40180468559265,3.392857793525853,-8.946892066797218
2642.0300581125525,2.49988031387329,3.40164279937744,3.3928626543189013,-8.780145058538746
2643.044041728432,2.49988031387329,3.40180468559265,3.3928703772983897,-8.93430829426034
2644.0580295911122,2.49988031387329,3.40180468559265,3.3928782249578875,-8.926460634762545
2645.0719721547025,2.49988031387329,3.40180468559265,3.3928861352925583,-8.918550300091699
2646.0860031930724,2.49988031387329,3.40196657180786,3.3928940879710043,-9.07248383685566
2647.099970529592,2.49988031387329,3.40196657180786,3.392902081801285,-9.064490006574832
2648.1139591000724,2.49988031387329,3.40196657180786,3.3929101174503926,-9.05645435746738
2649.1279409464623,2.49988031387329,3.40180468559265,3.3929182258084714,-8.88645978417868
2650.1419065134924,2.49988031387329,3.40196657180786,3.3929263897742055,-9.040182033654531
2651.155899330752,2.50024008750916,3.40212845802307,3.3929374854516983,-9.190972571371692
2652.169915151462,2.49988031387329,3.40212845802307,3.392942878243235,-9.185579779834807
2653.1838686859223,2.50024008750916,3.40212845802307,3.3929540802063887,-9.17437781668129
2654.1978611492823,2.49988031387329,3.40212845802307,3.392959212892585,-9.169245130484782
2655.2118299014123,2.49988031387329,3.40212845802307,3.392967065631444,-9.161392391626055
2656.225780958582,2.49988031387329,3.40212845802307,3.392974730283993,-9.153727739076967
2657.2398013799725,2.50024008750916,3.40229034423828,3.392985050785303,-9.305293452976926
2658.2537842880624,2.49988031387329,3.40229034423828,3.3929893850973416,-9.300959140938314
2659.2677778131224,2.49988031387329,3.40229034423828,3.3929970091476847,-9.293335090595267
2660.2817232079024,2.49988031387329,3.40229034423828,3.3930047029113686,-9.285641326911342
2661.2957326584224,2.49988031387329,3.40245246887207,3.393012498808716,-9.439970063354064
2662.309723352292,2.49988031387329,3.40245246887207,3.3930204277773632,-9.432041094706634
2663.323700951892,2.49952030181885,3.40245246887207,3.3930256123881226,-9.426856483947255
2664.337676074202,2.49952030181885,3.40261435508728,3.3930335767309803,-9.580778356299557
2665.351641641232,2.49988031387329,3.40261435508728,3.3930444761365166,-9.569878950763222
2666.365619240832,2.49988031387329,3.40261435508728,3.3930525535834084,-9.561801503871425
2667.3799050865723,2.49988031387329,3.40261435508728,3.393060694557564,-9.553660529715735
2668.3936246937124,2.49952030181885,3.40261435508728,3.3930661050657807,-9.548250021499172
2669.407605832302,2.50024008750916,3.40277624130249,3.393080334845549,-9.69590645694085
2670.421591571592,2.50024008750916,3.40277624130249,3.3930889731819285,-9.68726812056131
2671.4355758952724,2.50024008750916,3.4029381275177,3.393097796705833,-9.840330811867304
2672.449749554982,2.50024008750916,3.40277624130249,3.3931066504116285,-9.66959089086128
2673.4634571295624,2.49988031387329,3.40277624130249,3.3931119953300692,-9.664245972420549
2674.4775235578422,2.49988031387329,3.40277624130249,3.393119890762143,-9.656350540346637
2675.491491602162,2.49988031387329,3.40277624130249,3.3931273727535034,-9.648868548986389
2676.505491497412,2.49988031387329,3.40310001373291,3.3931343602201065,-9.965653512803652
2677.5194609573323,2.49988031387329,3.4029381275177,3.3931419754200056,-9.796152097694577
2678.5334474044125,2.49988031387329,3.4029381275177,3.3931500667949233,-9.788060722776937
2679.547435267092,2.50024008750916,3.40310001373291,3.393161397288223,-9.938616444687298
2680.561420298572,2.49988031387329,3.40310001373291,3.3931674266724747,-9.932587060435427
2681.5754024988623,2.49988031387329,3.40310001373291,3.3931759747276597,-9.924039005250407
2682.5893432929524,2.49988031387329,3.40326189994812,3.393184269821515,-10.077630126605008
2683.603371500132,2.49952030181885,3.40326189994812,3.393189524329619,-10.072375618501272
2684.6173409600524,2.49988031387329,3.40326189994812,3.393200415615297,-10.061484332823056
2685.6313291766223,2.50024008750916,3.40326189994812,3.3932115966460357,-10.050303302084451
2686.6453234094824,2.49988031387329,3.40342378616333,3.3932171246971965,-10.206661466133582
2687.6593141033522,2.49988031387329,3.40326189994812,3.393225665440495,-10.036234507625252
2688.673263744922,2.49988031387329,3.40342378616333,3.393234213958512,-10.189572204818198
2689.6872229417722,2.49988031387329,3.40342378616333,3.3932427017936115,-10.18108436971854
2690.701248671652,2.49952030181885,3.40342378616333,3.393248297872795,-10.17548829053494
2691.7152383038224,2.49988031387329,3.40342378616333,3.393259628408792,-10.16415775453794
2692.7292137800323,2.49988031387329,3.40358567237854,3.3932681205314967,-10.317551847043305
2693.7431973959224,2.49952030181885,3.40342378616333,3.3932737376131628,-10.150048550167323
2694.7571905670825,2.49988031387329,3.40358567237854,3.393285118455656,-10.300553922883982
2695.771259472652,2.49988031387329,3.40358567237854,3.393293636164664,-10.292036213876088
2696.7852331793624,2.49988031387329,3.40358567237854,3.3933021918149953,-10.283480563544778
2697.7991516778125,2.49988031387329,3.40358567237854,3.3933107784678027,-10.274893910737326
2698.813087163422,2.49988031387329,3.40374755859375,3.393319401692275,-10.428156901475027
2699.8271111238023,2.49988031387329,3.40374755859375,3.3933280393921135,-10.419519201636529
2700.841000248632,2.49988031387329,3.40390944480896,3.3933366940389185,-10.572750770041495
2701.8550836640625,2.49988031387329,3.40390944480896,3.393345371447914,-10.564073361046145
2702.869011717792,2.49988031387329,3.40390944480896,3.3933540680287178,-10.55537678024221
2703.883043463962,2.49988031387329,3.40407133102417,3.393362785401967,-10.708545622203136
2704.8969874431423,2.49988031387329,3.40407133102417,3.393371526850816,-10.699804173353922
2705.911003617752,2.49988031387329,3.40423321723938,3.393380291619086,-10.852925620294052
2706.9249486586323,2.49952030181885,3.40390944480896,3.393386198019369,-10.523246789591045
2707.9389867749824,2.50024008750916,3.40407133102417,3.3934007660174315,-10.670565006738464
2708.9529350009525,2.49988031387329,3.40423321723938,3.393406719230909,-10.826498008470686
2709.966938789092,2.49988031387329,3.40423321723938,3.3934155765661274,-10.817640673252527
2710.9809188659924,2.49988031387329,3.40423321723938,3.3934244579964075,-10.808759242972421
2711.9949265470123,2.49988031387329,3.40423321723938,3.393433364262258,-10.799852977121827
2713.0088439837623,2.49988031387329,3.40423321723938,3.393442294669388,-10.790922569992034
2714.0228679441525,2.49988031387329,3.40439510345459,3.3934512569683832,-10.94384648620661
2715.036814046732,2.50024008750916,3.40455722808838,3.393463282532976,-11.093945555403995
2716.0508365915225,2.50024008750916,3.40455722808838,3.3934725467763696,-11.084681312010236
2717.064785879192,2.49988031387329,3.40455722808838,3.393479063767037,-11.078164321342676
2718.0788020537925,2.49988031387329,3.40423321723938,3.393488606617403,-10.744610621976847
2719.0927842540823,2.50024008750916,3.40455722808838,3.3935011257442156,-11.05610234416421
2720.1067611458925,2.49988031387329,3.40455722808838,3.3935073735445402,-11.049854543839555
2721.1207316675122,2.49988031387329,3.40455722808838,3.3935162902582023,-11.040937830177455
2722.1347322705524,2.49952030181885,3.40455722808838,3.3935220667594117,-11.03516132896809
2723.148674834142,2.49988031387329,3.40471911430359,3.3935332914466785,-11.18582285691172
2724.1627097654023,2.49988031387329,3.40471911430359,3.3935414630158567,-11.177651287733514
2725.176660822572,2.49988031387329,3.4048810005188,3.393550442742613,-11.330557776187078
2726.1906695652924,2.50024008750916,3.4048810005188,3.393562570694865,-11.318429823935272
2727.204613190582,2.49988031387329,3.40504288673401,3.3935692801468917,-11.473606587118379
2728.2186371509624,2.49988031387329,3.40504288673401,3.3935792760212835,-11.463610712726613
2729.2325828996422,2.49988031387329,3.4048810005188,3.3935890253679997,-11.291975150800493
2730.2466029671423,2.49988031387329,3.40504288673401,3.393598548972279,-11.444337761731038
2731.2605380988425,2.49988031387329,3.40504288673401,3.3936079825987506,-11.434904135259494
2732.2745638287324,2.49988031387329,3.40504288673401,3.393617286016694,-11.425600717315909
2733.2885626622724,2.49988031387329,3.40504288673401,3.3936266986657455,-11.41618806826461
2734.3025338916923,2.50024008750916,3.40504288673401,3.393639093268614,-11.403793465396106
2735.3164948580325,2.50024008750916,3.40520477294922,3.3936486578159855,-11.556115133234623
2736.3305064319525,2.49988031387329,3.40520477294922,3.393655402751469,-11.549370197751152
2737.344469521692,2.49988031387329,3.40520477294922,3.3936650290900645,-11.539743859155571
2738.358457738262,2.49988031387329,3.40536665916443,3.393674660864826,-11.691998299604212
2739.3727818051025,2.49952030181885,3.40536665916443,3.3936814329492972,-11.685226215132793
2740.3864408955023,2.49988031387329,3.40520477294922,3.3936939737119407,-11.510799237279379
2741.4003381600023,2.49988031387329,3.40536665916443,3.3937038055400777,-11.662853624352376
2742.414395033002,2.49988031387329,3.40552854537964,3.3937138234876163,-11.814721892023705
2743.428362723432,2.49988031387329,3.40552854537964,3.393724018315231,-11.804527064409154
2744.442373235652,2.50024008750916,3.40552854537964,3.3937372966855346,-11.791248694105416
2745.456301643272,2.49988031387329,3.40569043159485,3.393744532032008,-11.945899562841866
2746.470322772462,2.49952030181885,3.40569043159485,3.3937514554507953,-11.938976144054703
2747.4842525956924,2.49988031387329,3.40552854537964,3.3937638663750413,-11.764679004598655
2748.498304160202,2.49988031387329,3.40569043159485,3.3937730567994056,-11.917374795444413
2749.512260525862,2.49988031387329,3.40585231781006,3.3937827255267226,-12.069592283337371
2750.5262597133024,2.49988031387329,3.40585231781006,3.393792718892043,-12.059598918016778
2751.540232358322,2.49988031387329,3.40569043159485,3.393802841721808,-11.88758987304217
2752.5542007565423,2.49988031387329,3.40585231781006,3.3938130942326943,-12.039223577365643
2753.568189327022,2.49988031387329,3.40601420402527,3.393823331797061,-12.190872228208693
2754.582216826392,2.49988031387329,3.40601420402527,3.3938335896056993,-12.180614419570635
2755.5961409872325,2.50024008750916,3.40601420402527,3.3938467765617695,-12.167427463500413
2756.6101607008222,2.49988031387329,3.40601420402527,3.393854260119579,-12.159943905690973
2757.624113881392,2.50024008750916,3.40617609024048,3.39386745126402,-12.30863897645973
2758.6381385495724,2.49988031387329,3.40617609024048,3.393874864045271,-12.301226195208681
2759.6520754507724,2.49988031387329,3.40601420402527,3.3938851528879335,-12.129051137336422
2760.6660891480824,2.49988031387329,3.40617609024048,3.393895441272832,-12.28064896764769
2761.6800922284224,2.49988031387329,3.40617609024048,3.393906057977998,-12.270032262482022
2762.6940694741324,2.49988031387329,3.40617609024048,3.393916915256593,-12.259174983886734
2763.707997173952,2.49988031387329,3.4064998626709,3.393927944555797,-12.571918115103387
2764.722037767602,2.50024008750916,3.4064998626709,3.3939420258478528,-12.557836823047452
2765.736007581422,2.49988031387329,3.4064998626709,3.3939497739152213,-12.550088755678868
2766.7500046454725,2.49988031387329,3.4064998626709,3.39396003207072,-12.539830600180046
2767.7639691508025,2.50024008750916,3.40666198730469,3.393972949330863,-12.689037973827144
2768.7780844171625,2.49988031387329,3.40666198730469,3.3939798929051523,-12.682094399537824
2769.791905593352,2.49988031387329,3.40666198730469,3.3939903209798254,-12.671666324864717
2770.8059345083325,2.49988031387329,3.4068238735199,3.3940011210220953,-12.822752497804846
2771.8198696400323,2.49952030181885,3.40666198730469,3.394009250298939,-12.652737005751202
2772.8339035095923,2.49988031387329,3.40666198730469,3.3940232841053715,-12.638703199318702
2773.847842888092,2.49988031387329,3.4068238735199,3.3940342921556717,-12.789581364228475
2774.861825796182,2.49988031387329,3.4068238735199,3.3940453426577797,-12.77853086212044
2775.8758812535925,2.49988031387329,3.4068238735199,3.394056435935165,-12.767437584735308
2776.889823109382,2.49988031387329,3.4068238735199,3.394067753414035,-12.756120105865243
2777.9038046018723,2.49988031387329,3.4068238735199,3.3940793427663234,-12.744530753576733
2778.9179998494324,2.49988031387329,3.40714764595032,3.394091118395284,-13.056527555035835
2779.9317976682823,2.50024008750916,3.40714764595032,3.3941059368761266,-13.041709074193442
2780.9457596963225,2.50024008750916,3.40714764595032,3.394117151288005,-13.030494662315206
2781.9597213704624,2.49988031387329,3.40714764595032,3.3941252716797634,-13.022374270556636
2782.9737375450622,2.50024008750916,3.40730953216553,3.3941389331963885,-13.170598969141523
2783.9876953263124,2.49988031387329,3.40714764595032,3.3941469053477293,-13.00074060259071
2785.001699114452,2.50024008750916,3.40730953216553,3.39416103796524,-13.148494200290184
2786.015609119322,2.49988031387329,3.40730953216553,3.3941695289412306,-13.140003224299424
2787.029675193702,2.49988031387329,3.40730953216553,3.39418100582394,-13.128526341589897
2788.0436358061424,2.50024008750916,3.40747141838074,3.394195415614732,-13.276002766008155
2789.0576275617123,2.50024008750916,3.40747141838074,3.3942070331518623,-13.264385228877629
2790.071638427832,2.49988031387329,3.40747141838074,3.394215858303834,-13.255560076905759
2791.0855983324723,2.49988031387329,3.40747141838074,3.394227576134704,-13.243842246036142
2792.0995550520324,2.49988031387329,3.40747141838074,3.39423934171884,-13.23207666189985
2793.1135648564523,2.49988031387329,3.40747141838074,3.394251158254871,-13.220260125868855
2794.1275449333425,2.49988031387329,3.40763330459595,3.3942630250228762,-13.370279573073685
2795.1415331499225,2.49988031387329,3.40779519081116,3.394274942462987,-13.520248348172892
2796.155490931172,2.49988031387329,3.40763330459595,3.3942869100492743,-13.346394546675633
2797.169427832372,2.50024008750916,3.40779519081116,3.39430180607977,-13.493384731389835
2798.183465948722,2.49988031387329,3.40779519081116,3.3943109974403685,-13.48419337079143
2799.1974718602523,2.49988031387329,3.40795707702637,3.3943231496403667,-13.633927386003108
2800.2114275181125,2.50024008750916,3.40795707702637,3.394338251556587,-13.61882546978288
2801.2254348452425,2.49988031387329,3.40795707702637,3.3943476626493503,-13.609414377019569
2802.2393940420925,2.49988031387329,3.40795707702637,3.3943600162767336,-13.597060749636292
2803.2534657788524,2.49988031387329,3.40795707702637,3.39437243621337,-13.584640812999815
2804.267384985102,2.50024008750916,3.40811896324158,3.3943878960315335,-13.731067210046355
2805.281383818652,2.49988031387329,3.40828084945679,3.394397718700647,-13.883130756143114
2806.2953426615923,2.49988031387329,3.40828084945679,3.3944105237322733,-13.870325724516963
2807.309317076102,2.50024008750916,3.40828084945679,3.394426311824313,-13.854537632477015
2808.3233198025423,2.50024008750916,3.40828084945679,3.394439326767598,-13.841522689192143
2809.3372906780623,2.49988031387329,3.40828084945679,3.3944488939107207,-13.83195554606953
2810.351283495322,2.49952030181885,3.40828084945679,3.39445827128023,-13.822578176560185
2811.3652200426322,2.49988031387329,3.408442735672,3.394473264460535,-13.9694712114653
2812.3795833922723,2.49988031387329,3.408442735672,3.394485238854613,-13.957496817387227
2813.393230803992,2.49952030181885,3.408442735672,3.394494181034069,-13.94855463793121
2814.407200617812,2.49988031387329,3.408442735672,3.3945100784107556,-13.932657261244596
2815.4212029903524,2.50024008750916,3.40876650810242,3.3945262884581595,-14.240219644260588
2816.4351696190824,2.49988031387329,3.40876650810242,3.3945370505770427,-14.22945752537741
2817.449151819372,2.50024008750916,3.40876650810242,3.39455387820485,-14.212629897570217
2818.4631478217325,2.49988031387329,3.40860462188721,3.394564646879892,-14.03997500731835
2819.4771498403725,2.49988031387329,3.40876650810242,3.3945778344782864,-14.188673624133674
2820.4911047904325,2.49988031387329,3.40876650810242,3.394590910899107,-14.175597203313295
2821.5050887602124,2.49988031387329,3.40892863273621,3.3946038771265714,-14.32475560963864
2822.519074145592,2.49988031387329,3.40892863273621,3.3946172168784763,-14.311415857733767
2823.5330701479525,2.49988031387329,3.40876650810242,3.39463073278399,-14.13577531842991
2824.5470399617725,2.49988031387329,3.40892863273621,3.3946443759759033,-14.284256760306757
2825.5610313634425,2.49988031387329,3.40909051895142,3.394658108433111,-14.432410518308902
2826.5750217034124,2.49988031387329,3.40925240516663,3.3946717407655242,-14.580664401105725
2827.588952588322,2.49988031387329,3.40925240516663,3.394685394970168,-14.567010196461894
2828.6029712402224,2.49988031387329,3.40925240516663,3.39469907303057,-14.553332136059804
2829.6169499015223,2.49988031387329,3.40925240516663,3.3947128597235943,-14.539545443035706
2830.630939179792,2.49988031387329,3.40925240516663,3.3947268209843138,-14.525584182316198
2831.6449319970625,2.49952030181885,3.40925240516663,3.3947380087341066,-14.514396432523391
2832.6589046420722,2.49988031387329,3.40925240516663,3.3947550629306917,-14.497342235938238
2833.6729278946623,2.49988031387329,3.40941429138184,3.3947692281741837,-14.64506320765624
2834.6868750589424,2.50024008750916,3.40957617759705,3.3947862888494695,-14.78988874758036
2835.7008586748225,2.49988031387329,3.40957617759705,3.3947976351973788,-14.778542399671135
2836.714865648052,2.49988031387329,3.40957617759705,3.394811899916282,-14.764277680767712
2837.7287795458124,2.49988031387329,3.40989995002747,3.3948261843679797,-15.073765659490146
2838.742807752992,2.49988031387329,3.40973806381226,3.394840502905045,-14.897560907214835
2839.7567995085524,2.49952030181885,3.40957617759705,3.3948519733059683,-14.724204291081566
2840.770855319862,2.49988031387329,3.40973806381226,3.3948694419729604,-14.86862183929949
2841.7847681559224,2.49988031387329,3.40973806381226,3.394884541083175,-14.853522729084911
2842.7987340768523,2.49988031387329,3.40989995002747,3.3948999225070766,-15.0000275203932
2843.812702121182,2.50024008750916,3.40989995002747,3.3949184636836844,-14.981486343785377
2844.8267122795023,2.49988031387329,3.41006183624268,3.3949307417387455,-15.13109450393424
2845.8406884635024,2.49988031387329,3.41006183624268,3.3949454130993626,-15.116423143317181
2846.854675972282,2.49988031387329,3.41006183624268,3.3949598567823744,-15.101979460305337
2847.8686592342724,2.49988031387329,3.41022372245789,3.3949740787015177,-15.2496437563725
2848.8826088758424,2.5006000995636,3.4103856086731,3.3949949871992207,-15.390621473879484
2849.896622219252,2.50024008750916,3.4103856086731,3.3950075241230717,-15.378084550028426
2850.9106182216124,2.49988031387329,3.41022372245789,3.3950203285484344,-15.203393909455798
2851.924591928322,2.49988031387329,3.4103856086731,3.3950359464066997,-15.349662266400443
2852.938590761862,2.49988031387329,3.4103856086731,3.39505147982796,-15.334128845140071
2853.9525672997725,2.49988031387329,3.4103856086731,3.3950670396752374,-15.31856899786277
2854.9665456071725,2.49988031387329,3.41054749488831,3.3950825642249742,-15.464930663335874
2855.9805263918624,2.49988031387329,3.41054749488831,3.3950979488834028,-15.449546004907333
2856.9945149623422,2.49988031387329,3.41070938110352,3.3951132700298903,-15.596111073629793
2858.008530075242,2.49952030181885,3.41070938110352,3.3951256860752013,-15.5836950283188
2859.0224701615425,2.50024008750916,3.41087126731873,3.395147546908904,-15.723720409825948
2860.036358578562,2.49988031387329,3.41070938110352,3.3951611175687395,-15.54826353478056
2861.0504490719823,2.49988031387329,3.41087126731873,3.395177916912301,-15.69335040642894
2862.0644249020925,2.49952030181885,3.41087126731873,3.3951916560970172,-15.679611221712797
2863.0784378916023,2.49988031387329,3.41103339195251,3.3952110116045864,-15.822380347923826
2864.092391072162,2.49988031387329,3.41103339195251,3.3952274821112747,-15.805909841235533
2865.1063916752123,2.49988031387329,3.41103339195251,3.3952440122592047,-15.789379693305516
2866.120355472742,2.49988031387329,3.41103339195251,3.395260681051304,-15.772710901206022
2867.134348997802,2.49988031387329,3.41103339195251,3.3952774262572585,-15.755965695251728
2868.1483347370922,2.49988031387329,3.41135716438293,3.395294247068205,-16.06291731472531
2869.1623010119224,2.49988031387329,3.41119527816772,3.3953111412219004,-15.884136945819805
2870.176306923452,2.49988031387329,3.41135716438293,3.3953281108799658,-16.029053502964352
2871.1902484253424,2.49988031387329,3.41135716438293,3.3953451542984174,-16.012010084512696
2872.204260353152,2.49988031387329,3.41135716438293,3.3953623041579033,-15.99486022502683
2873.218242199542,2.49988031387329,3.41151905059814,3.3953795534494344,-16.13949714870566
2874.232225107632,2.49988031387329,3.41151905059814,3.395396896450131,-16.122154148009216
2875.246228895772,2.49988031387329,3.41151905059814,3.3954143335020035,-16.10471709613659
2876.2602004790924,2.49988031387329,3.41151905059814,3.395431863690623,-16.087186907517204
2877.274203205522,2.49988031387329,3.41168093681335,3.3954495148261588,-16.231421987191297
2878.288148246412,2.49988031387329,3.41168093681335,3.3954672731753783,-16.21366363797172
2879.302148141652,2.49988031387329,3.41184282302856,3.3954851369720833,-16.357686056476695
2880.3161253873523,2.49988031387329,3.41184282302856,3.3955031048558535,-16.33971817270652
2881.330113603932,2.49988031387329,3.41184282302856,3.395521177420642,-16.321645607917823
2882.344048381742,2.50024008750916,3.41200470924377,3.3955421670915023,-16.462542152267723
2883.3580227962525,2.49988031387329,3.41200470924377,3.3955574773102346,-16.447231933535367
2884.3724024252524,2.49988031387329,3.41200470924377,3.3955757536425386,-16.428955601231365
2885.386061869542,2.49988031387329,3.41216659545898,3.3955940975851666,-16.57249787381332
2886.4000320372625,2.49988031387329,3.41216659545898,3.3956125277453797,-16.55406771360024
2887.4140163609522,2.49988031387329,3.41232848167419,3.395630944347552,-16.697537326638034
2888.427981220182,2.49988031387329,3.41216659545898,3.3956494085781537,-16.517186880826262
2889.441976868632,2.49988031387329,3.41232848167419,3.3956679218857486,-16.660559788441276
2890.4559502214524,2.50024008750916,3.4124903678894,3.395689361490822,-16.801006398577734
2891.469935606832,2.49952030181885,3.41232848167419,3.3957022342292453,-16.626247444944564
2892.483920638312,2.49988031387329,3.4124903678894,3.395724223048353,-16.76614484104677
2893.4978752344723,2.49988031387329,3.41265225410461,3.3957436232071765,-16.90863089743333
2894.5118981331625,2.49952030181885,3.4124903678894,3.3957604772433325,-16.729890646067336
2895.5258874114324,2.50024008750916,3.41281414031982,3.3957863423002337,-17.027798019586537
2896.539867488332,2.49988031387329,3.41281414031982,3.3958038932592753,-17.01024706054488
2897.553844026232,2.49988031387329,3.41265225410461,3.3958239217302024,-16.828332374407395
2898.5678371973922,2.49952030181885,3.41265225410461,3.3958410648391966,-16.81118926541325
2899.581813735302,2.50024008750916,3.41297602653503,3.3958667984334157,-17.109228101614526
2900.5957973511822,2.49988031387329,3.41281414031982,3.3958838061495564,-16.930334170263794
2901.6097710578924,2.49988031387329,3.41313791275024,3.395903664930141,-17.234247820099302
2902.6237539659824,2.50024008750916,3.41313791275024,3.395926843377256,-17.211069372984333
2903.6377411208623,2.50024008750916,3.41313791275024,3.395947300643371,-17.190612106869008
2904.6517250906522,2.49988031387329,3.41313791275024,3.395965055341409,-17.17285740883101
2905.665728170982,2.49988031387329,3.41330003738403,3.3959858830705976,-17.314154313432528
2906.6796944458124,2.50024008750916,3.41330003738403,3.3960096039335825,-17.290433450447562
2907.693671337622,2.49988031387329,3.41346192359924,3.3960275974249345,-17.434326174305514
2908.707649998922,2.49988031387329,3.41346192359924,3.3960485320436495,-17.41339155559052
2909.7216428161823,2.49988031387329,3.41346192359924,3.3960695191076375,-17.39240449160251
2910.7356253703724,2.49988031387329,3.41362380981445,3.3960906679178846,-17.533141896565407
2911.7496058011625,2.49988031387329,3.41362380981445,3.3961122667606025,-17.5115430538475
2912.763583046862,2.49952030181885,3.41362380981445,3.3961312987532293,-17.49251106122074
2913.7813693087824,2.50024008750916,3.41378569602966,3.3961594069696472,-17.626289060012734
2914.7915637268025,2.50024008750916,3.41362380981445,3.3961819824296446,-17.441827384805375
2915.805541680302,2.49988031387329,3.41378569602966,3.3962012787559557,-17.5844172737043
2916.8195221111023,2.49988031387329,3.41378569602966,3.3962232044082636,-17.562491621396337
2917.8335205907524,2.49988031387329,3.41394758224487,3.396244887970068,-17.702694274801978
2918.8474893428724,2.49988031387329,3.41394758224487,3.3962662489532436,-17.681333291626355
2919.8614764977524,2.49988031387329,3.41394758224487,3.396287839470749,-17.659742774120968
2920.8754494966624,2.49952030181885,3.41410946846008,3.3963075246241736,-17.801943835906275
2921.8894656712723,2.50024008750916,3.41427135467529,3.396336379024323,-17.934975650967022
2922.9033689520525,2.49988031387329,3.41427135467529,3.396357229938187,-17.914124737103077
2923.917404945012,2.50024008750916,3.41410946846008,3.3963840516516464,-17.725416808433536
2924.9313828985123,2.50024008750916,3.41459512710571,3.3964076305801925,-18.18749652551732
2925.9453792547624,2.49988031387329,3.4144332408905,3.3964283187859157,-18.004922104584153
2926.959329604132,2.50024008750916,3.41475701332092,3.3964546826321076,-18.302330688812596
2927.9733309149824,2.49988031387329,3.41459512710571,3.396475322113859,-18.119804991850952
2928.9872851572322,2.50024008750916,3.41475701332092,3.396501658069692,-18.255355251228345
2930.0013062864323,2.49988031387329,3.41475701332092,3.3965221327934483,-18.23488052747191
2931.0152725612625,2.49988031387329,3.41475701332092,3.396545615231366,-18.211398089554187
2932.0292958138525,2.49988031387329,3.41475701332092,3.3965698547079874,-18.18715861293274
2933.0432104194024,2.49988031387329,3.41491889953613,3.3965946508883658,-18.324248647764385
2934.0571689084522,2.50024008750916,3.41491889953613,3.3966230072479524,-18.29589228817774
2935.071204193612,2.50024008750916,3.41508078575134,3.396648317226588,-18.43246852475211
2936.0852370014723,2.49988031387329,3.41508078575134,3.3966705897496983,-18.410196001641843
2937.099146298552,2.50024008750916,3.41508078575134,3.3966985291760095,-18.382256575330658
2938.113172736232,2.50024008750916,3.41524267196655,3.396723531398425,-18.519140568125092
2939.127132994772,2.50024008750916,3.41524267196655,3.396748474023907,-18.494197942643176
2940.1410904221225,2.49988031387329,3.41540479660034,3.396770383228036,-18.63441337230398
2941.1550811159923,2.49988031387329,3.41540479660034,3.396795259980297,-18.609536620043166
2942.169122063532,2.49988031387329,3.41540479660034,3.3968207958257666,-18.58400077457345
2943.1830766596922,2.50024008750916,3.41556668281555,3.3968497264907156,-18.71695632483439
2944.1970684152625,2.49988031387329,3.41556668281555,3.3968734352856975,-18.693247529852464
2945.2110000079724,2.49988031387329,3.41572856903076,3.3969000122470927,-18.82855678366724
2946.225059358272,2.50024008750916,3.41572856903076,3.3969297111919747,-18.79885783878521
2947.2390065225522,2.49988031387329,3.41572856903076,3.396953869165267,-18.77469986549274
2948.253014203582,2.49952030181885,3.41572856903076,3.3969782114055507,-18.75035762520927
2949.2669843713024,2.49988031387329,3.41605234146118,3.397008477590634,-19.043863870545685
2950.2809867438423,2.50024008750916,3.41605234146118,3.397038883193832,-19.013458267347794
2951.294931430822,2.49988031387329,3.41605234146118,3.3970634893104528,-18.988852150727098
2952.308958930202,2.49988031387329,3.41605234146118,3.397090879136731,-18.961462324448952
2953.3228965392022,2.49988031387329,3.41621422767639,3.397118129627299,-19.09609804909085
2954.3368982039424,2.49988031387329,3.41621422767639,3.397145576535568,-19.068651140822013
2955.350773526692,2.49988031387329,3.41621422767639,3.3971733743503982,-19.04085332599159
2956.3648339386923,2.49988031387329,3.4163761138916,3.397201351508815,-19.174762382784927
2957.379189148652,2.49952030181885,3.4163761138916,3.397226602106295,-19.149511785304885
2958.3928333752824,2.49988031387329,3.4163761138916,3.3972576967925168,-19.11841709908302
2959.4067798317624,2.49988031387329,3.41653800010681,3.397286054259407,-19.251945847403196
2960.420811224032,2.49916052818298,3.4163761138916,3.3973089702231283,-19.06714366847151
2961.4347760832625,2.49988031387329,3.41653800010681,3.397344548022661,-19.193452084149243
2962.448777748002,2.49988031387329,3.41686177253723,3.3973750207271527,-19.48675181007742
2963.4627330519625,2.49988031387329,3.41669988632202,3.397406140234224,-19.293746087796215
2964.476745333672,2.49988031387329,3.41686177253723,3.3974368047948706,-19.424967742359467
2965.4906967447423,2.49988031387329,3.41702365875244,3.3974675908782617,-19.556067874178407
2966.504705487472,2.50024008750916,3.41718554496765,3.3975013375346936,-19.684207432956402
2967.518585764812,2.49988031387329,3.41718554496765,3.397529020035801,-19.656524931848995
2968.532665641262,2.50024008750916,3.41718554496765,3.3975623606627456,-19.623184304904395
2969.5466007729624,2.49988031387329,3.41718554496765,3.3975899977942596,-19.595547173390404
2970.5606282723425,2.49952030181885,3.41718554496765,3.397618290982901,-19.567253984749122
2971.574629937082,2.50024008750916,3.41750931739807,3.3976555389682197,-19.853778429850255
2972.5885983353123,2.49988031387329,3.41750931739807,3.397684388638309,-19.82492875976094
2973.6025479768823,2.50024008750916,3.41750931739807,3.3977190861923554,-19.790231205714548
2974.616568398272,2.49988031387329,3.41767144203186,3.39774821532342,-19.923226708439934
2975.6304769875424,2.49988031387329,3.41767144203186,3.3977805327758865,-19.890909255973366
2976.644555448392,2.50024008750916,3.41767144203186,3.397816171238087,-19.855270793772917
2977.6585001353824,2.49988031387329,3.41767144203186,3.39784639120915,-19.825050822710022
2978.672483397372,2.50024008750916,3.41783332824707,3.397882684660662,-19.950643586407857
2979.6864723217423,2.50024008750916,3.41799521446228,3.397916405170376,-20.078809291903976
2980.7004761098824,2.50024008750916,3.41815710067749,3.397950443450712,-20.206657226777835
2981.7144416769124,2.50024008750916,3.41815710067749,3.3979842572154224,-20.17284346206738
2982.728636924472,2.49988031387329,3.41815710067749,3.3980149582175394,-20.142142459950385
2983.7425794880523,2.49988031387329,3.4183189868927,3.3980484337988055,-20.270553093894694
2984.7566338837623,2.49988031387329,3.4183189868927,3.3980823925603008,-20.236594332399438
2985.7706688150224,2.49988031387329,3.41848087310791,3.398116935943266,-20.36393716464424
2986.784364710932,2.49988031387329,3.41848087310791,3.3981521536445385,-20.32871946337167
2987.7983242616724,2.49988031387329,3.41864275932312,3.398187348045696,-20.45541127742423
2988.8123347738924,2.49952030181885,3.41848087310791,3.3982198471478844,-20.26102596002577
2989.826295740232,2.49988031387329,3.41864275932312,3.398258432011431,-20.384327311689265
2990.8402906808924,2.49988031387329,3.41880464553833,3.398294888963332,-20.509756574997873
2991.8544820355623,2.50024008750916,3.41880464553833,3.398334937077828,-20.469708460502112
2992.8684829925123,2.50024008750916,3.41880464553833,3.3983719833431336,-20.43266219519646
2993.8822305576823,2.49988031387329,3.41880464553833,3.398405723099931,-20.398922438399136
2994.8964335910223,2.49988031387329,3.41896653175354,3.3984420520451817,-20.524479708358356
2995.910196373862,2.49988031387329,3.41896653175354,3.39847925737984,-20.487274373699904
2996.9242129023623,2.49988031387329,3.41912841796875,3.398517099579652,-20.61131838909791
2997.938149095762,2.50024008750916,3.41929030418396,3.398558151501618,-20.732152682342075
2998.952158546292,2.49988031387329,3.41945219039917,3.39859344097552,-20.858749423649847
2999.9661396848824,2.49988031387329,3.41929030418396,3.398631748268981,-20.658555914979004
3000.9800826023725,2.49988031387329,3.41961407661438,3.3986703208253237,-20.943755789056162
3001.9940867444025,2.49988031387329,3.41961407661438,3.3987091019001,-20.904974714279767
3003.008107519702,2.49988031387329,3.41961407661438,3.398748309885213,-20.865766729166957
3004.0220596385625,2.49988031387329,3.41977620124817,3.3987879784488353,-20.988222799334544
3005.036058118212,2.49988031387329,3.41993808746338,3.3988282448422122,-21.10984262116755
3006.050032178822,2.50024008750916,3.41993808746338,3.3988721422350943,-21.065945228285532
3007.064068525682,2.50024008750916,3.42009997367859,3.398913716295578,-21.186257383012386
3008.0780121509624,2.50024008750916,3.42009997367859,3.3989545333346607,-21.14544034392951
3009.0920109845124,2.49988031387329,3.42009997367859,3.3989917199144237,-21.108253764166474
3010.105980444432,2.49988031387329,3.42009997367859,3.39903279074686,-21.067182931730155
3011.1199683071122,2.49988031387329,3.42042374610901,3.3990743675426587,-21.34937856635144
3012.133934228042,2.49988031387329,3.4202618598938,3.3991163603237124,-21.14549957008771
3013.147928460902,2.49988031387329,3.42058563232422,3.399158771910433,-21.426860413787274
3014.161919862562,2.49988031387329,3.42042374610901,3.3992015688997723,-21.222177209237802
3015.175909140842,2.50024008750916,3.42074751853943,3.399247520555858,-21.49999798357216
3016.189866214292,2.49988031387329,3.42058563232422,3.399288042795736,-21.29758952848393
3017.203876726512,2.49988031387329,3.42090940475464,3.3993319946280067,-21.57741012663328
3018.2178546800124,2.50024008750916,3.42090940475464,3.399379304745472,-21.530100009167885
3019.231795120202,2.49988031387329,3.42090940475464,3.3994209816670797,-21.48842308756027
3020.2457263590222,2.49988031387329,3.42090940475464,3.399465472266475,-21.443932488165007
3021.2598122517525,2.49988031387329,3.42107129096985,3.399510139786393,-21.561151183457028
3022.2738004683324,2.49952030181885,3.42107129096985,3.3995523879022245,-21.518903067625494
3023.2877759445323,2.49988031387329,3.42139506340027,3.3996007202232343,-21.794343177035547
3024.301735495282,2.50024008750916,3.42155694961548,3.399649315653329,-21.907633962150896
3025.315742822412,2.49952030181885,3.42139506340027,3.3996895607685946,-21.705502631675255
3026.3297037887523,2.49988031387329,3.42139506340027,3.3997392260089603,-21.655837391309607
3027.343702976202,2.49988031387329,3.42155694961548,3.399787062897415,-21.76988671806468
3028.357696501262,2.50024008750916,3.42171883583069,3.3998384386840637,-21.88039714662615
3029.3719781002023,2.49988031387329,3.42155694961548,3.399884130004303,-21.67281961117684
3030.385634005512,2.50024008750916,3.4218807220459,3.399935893306745,-21.944828739155042
3031.3996119590124,2.49988031387329,3.42204284667969,3.3999813817294715,-22.061464950218657
3032.413610438662,2.49988031387329,3.4222047328949,3.400029491799183,-22.175241095717002
3033.427608918312,2.49988031387329,3.42204284667969,3.400077851920228,-21.96499475946201
3034.4415624527724,2.49988031387329,3.4222047328949,3.4001270234685554,-22.077709426344683
3035.4555708415924,2.49988031387329,3.4222047328949,3.400177053961812,-22.02767893308799
3036.4695395937124,2.49988031387329,3.42252850532532,3.4002277996426145,-22.30070568270559
3037.4835670930925,2.49988031387329,3.42252850532532,3.400279525620482,-22.248979704837968
3038.497530182832,2.50024008750916,3.42252850532532,3.4003339680212923,-22.19453730402776
3039.5115091980324,2.49988031387329,3.42269039154053,3.400382432980284,-22.307958560245922
3040.5254768884524,2.49988031387329,3.42285227775574,3.4004340018996957,-22.41827585604428
3041.539430422912,2.50024008750916,3.42285227775574,3.4004892112919434,-22.3630664637966
3042.5534635846825,2.49988031387329,3.42301416397095,3.4005392073458984,-22.4749566250515
3043.567452509052,2.49988031387329,3.42301416397095,3.400592165213623,-22.42199875732709
3044.5813986116323,2.49952030181885,3.42301416397095,3.400642419522551,-22.371744448399067
3045.595370902742,2.49988031387329,3.42317605018616,3.4006994321995645,-22.476617986595393
3046.6093817688625,2.49988031387329,3.42317605018616,3.4007543050286886,-22.421745157471307
3047.623361137962,2.49988031387329,3.42333793640137,3.400809588086454,-22.528348314915903
3048.6373497084323,2.49988031387329,3.42349982261658,3.400865133990708,-22.634688625871924
3049.651343587402,2.49988031387329,3.42366170883179,3.400921040678149,-22.740668153641064
3050.665318709702,2.49988031387329,3.42349982261658,3.4009772337316804,-22.52258888489944
3051.6792874618322,2.49988031387329,3.423823595047,3.401033748893793,-22.789846153207005
3052.6932325027124,2.50024008750916,3.423823595047,3.4010937962799614,-22.729798767038734
3053.707280882132,2.49952030181885,3.423823595047,3.4011457598295087,-22.67783521749145
3054.7212429101724,2.49988031387329,3.423823595047,3.401206892089714,-22.61670295728635
3055.7352353735423,2.49988031387329,3.424147605896,3.4012656812473088,-22.88192464869132
3056.749214388742,2.50024008750916,3.424147605896,3.4013277710543965,-22.819834841603548
3057.763206498202,2.49988031387329,3.424147605896,3.4013842617443837,-22.763344151616405
3058.777299468922,2.49988031387329,3.42430949211121,3.401444014547206,-22.865477564004255
3059.7911758533724,2.50024008750916,3.42447137832642,3.4015070106933853,-22.964367633034666
3060.805150621782,2.49988031387329,3.42463326454163,3.401564586760213,-23.06867778141708
3061.819122558992,2.49988031387329,3.42463326454163,3.4016253004391714,-23.007964102458534
3062.8331199769423,2.49988031387329,3.42495703697205,3.40168633506951,-23.27070190253977
3063.847080589392,2.49988031387329,3.42495703697205,3.4017476868967407,-23.20935007530922
3064.861083669732,2.49916052818298,3.42479515075684,3.40180410657674,-22.991044180099784
3065.875068347312,2.49952030181885,3.42511892318726,3.4018704126344645,-23.24851055279531
3066.8890569177825,2.49988031387329,3.42511892318726,3.4019375313559252,-23.181391831334608
3067.9030423031722,2.49988031387329,3.42528080940247,3.4020025802897798,-23.278229112690063
3068.917017779372,2.49988031387329,3.42544269561768,3.4020678077491464,-23.374887868533367
3069.930988654892,2.49988031387329,3.42560458183289,3.402132954944407,-23.471626888483144
3070.9449920891325,2.49988031387329,3.42544269561768,3.4021984098801585,-23.244285737521242
3071.9589548249724,2.49988031387329,3.42560458183289,3.4022642929123554,-23.340288920534746
3072.9729547202123,2.49988031387329,3.42592835426331,3.4023309708478267,-23.597383415483453
3073.986942228992,2.49988031387329,3.42592835426331,3.4023982066138387,-23.530147649471367
3075.000866035922,2.49988031387329,3.42592835426331,3.4024659804614332,-23.46237380187688
3076.0149168926423,2.49988031387329,3.42609024047852,3.402534267221997,-23.555973256522922
3077.0288088486623,2.49988031387329,3.42609024047852,3.4026030712101436,-23.487169268376462
3078.0428770464323,2.49988031387329,3.42609024047852,3.4026723700066377,-23.417870471882374
3079.056845090762,2.50024008750916,3.42657613754272,3.402744941121858,-23.831196420862177
3080.070836492432,2.49952030181885,3.42657613754272,3.4028093319954187,-23.766805547301484
3081.0848413422623,2.49988031387329,3.42657613754272,3.402882920939844,-23.693216602876266
3082.098795584522,2.49988031387329,3.42657613754272,3.4029543314789654,-23.621806063754747
3083.1127795543025,2.49952030181885,3.42673802375793,3.403023466826357,-23.714556931573316
3084.126765293592,2.49988031387329,3.42673802375793,3.4030991967765,-23.63882698143005
3085.140749971172,2.49988031387329,3.42689990997314,3.403173131581595,-23.72677839154491
3086.154737126052,2.50024008750916,3.42706179618835,3.403250840063206,-23.810956125144056
3087.1687249887223,2.50024008750916,3.42722368240356,3.4033260818444266,-23.89760055913337
3088.182701526632,2.49988031387329,3.42738556861877,3.4033981724323015,-23.9873961864685
3089.1966787723322,2.49988031387329,3.42738556861877,3.4034728923311874,-23.912676287582535
3090.2106726512925,2.49988031387329,3.42754745483398,3.403548036352593,-23.99941848138676
3091.2246474197023,2.49988031387329,3.42754745483398,3.4036244154143724,-23.923039419607495
3092.2386681949924,2.49988031387329,3.4278712272644,3.4037017715807925,-24.1694556836074
3093.2526139436723,2.49988031387329,3.4278712272644,3.4037799529423607,-24.09127432203917
3094.2665635852422,2.50024008750916,3.42819499969482,3.4038619880987833,-24.333011596036958
3095.2805804676523,2.49988031387329,3.42803311347961,3.403938981367079,-24.094132112530975
3096.2945534665623,2.49988031387329,3.42803311347961,3.4040189929845,-24.014120495109648
3097.3085384980423,2.49988031387329,3.42835688591003,3.4040991672085106,-24.257718701519604
3098.3225337926024,2.49988031387329,3.42835688591003,3.404179420978214,-24.17746493181605
3099.3365220091823,2.49952030181885,3.42851901054382,3.4042566879266003,-24.262322617219834
3100.3504946541925,2.49988031387329,3.42851901054382,3.4043409038826673,-24.17810666115283
3101.3647971331825,2.49952030181885,3.42868089675903,3.404421479747636,-24.259417011394113
3102.3784693178422,2.50024008750916,3.42884278297424,3.4045122260461897,-24.330556928050306
3103.392443732352,2.49988031387329,3.42884278297424,3.4045937962606354,-24.248986713604648
3104.4064369035123,2.49988031387329,3.42916655540466,3.404678205370904,-24.488350033756046
3105.4204053017424,2.49988031387329,3.42916655540466,3.4047636737914364,-24.40288161322357
3106.4344151061623,2.49988031387329,3.42916655540466,3.404849974945679,-24.316580458981107
3107.4483718257125,2.49988031387329,3.42932844161987,3.4049373566927588,-24.391084927111173
3108.4623667663723,2.50024008750916,3.42965221405029,3.405028551112124,-24.623662938165758
3109.4763578141424,2.49988031387329,3.42965221405029,3.4051136341935466,-24.538579856743237
3110.4903290435623,2.49988031387329,3.4298141002655,3.4052016083145045,-24.612491950995352
3111.5043165523325,2.50024008750916,3.42997598648071,3.4052940103160148,-24.68197616469503
3112.5182442521623,2.49988031387329,3.43013787269592,3.4053818711555124,-24.7560015404078
3113.532288384802,2.50024008750916,3.43013787269592,3.4054761156603597,-24.661757035560505
3114.5461966201724,2.49988031387329,3.43029975891113,3.405565199145625,-24.734559765505093
3115.560214210372,2.49988031387329,3.43029975891113,3.405657540378388,-24.642218532742177
3116.574245956542,2.49988031387329,3.43046164512634,3.4057503673650995,-24.711277761240602
3117.588214000862,2.49988031387329,3.43062376976013,3.4058436729429573,-24.780096817172748
3118.6021979706525,2.49988031387329,3.43062376976013,3.4059381237998005,-24.685645960329516
3119.616177339752,2.49988031387329,3.43094754219055,3.4060338695772496,-24.913672613300353
3120.630185728572,2.50024008750916,3.43110942840576,3.40613346324547,-24.97596516028988
3121.644154480692,2.50024008750916,3.43110942840576,3.4062306143488974,-24.87881405686254
3122.6581214633225,2.49988031387329,3.43127131462097,3.406324393926938,-24.946920694032038
3123.6721259592623,2.49952030181885,3.43127131462097,3.4064183431000115,-24.852971520958445
3124.686099312072,2.49952030181885,3.43143320083618,3.4065164279575635,-24.916772878616378
3125.7000719570824,2.49988031387329,3.43159508705139,3.4066199616453896,-24.97512540600022
3126.714031861732,2.50024008750916,3.4317569732666,3.40672511107738,-25.031862189219822
3127.7280480363324,2.50024008750916,3.43191885948181,3.4068270910044607,-25.091768477349508
3128.7420288210324,2.50024008750916,3.43191885948181,3.406929029387056,-24.989830094753973
3129.756008897922,2.49988031387329,3.43208074569702,3.4070285986324387,-25.052147064581476
3130.7701139012024,2.49988031387329,3.43224263191223,3.4071316818951285,-25.11095001710162
3131.7839435709725,2.49988031387329,3.43240451812744,3.407235940994689,-25.168577132751224
3132.7979508981025,2.50024008750916,3.43256640434265,3.407344562759513,-25.221841583137117
3133.8119037247625,2.49952030181885,3.43272829055786,3.4074451760217204,-25.283114536139628
3134.8259368865324,2.49988031387329,3.43289041519165,3.407554901115061,-25.33551407658896
3135.8398982067724,2.50024008750916,3.43305230140686,3.407665311278852,-25.386990128007714
3136.853914735272,2.49988031387329,3.43305230140686,3.407770677012595,-25.281624394264846
3137.8678434968024,2.49988031387329,3.43321418762207,3.4078798817066938,-25.33430591537611
3138.8818554246122,2.50024008750916,3.43353796005249,3.407992956209898,-25.54500384259173
3139.8958613361424,2.49988031387329,3.43353796005249,3.408101214234255,-25.43674581823474
3140.9098261953823,2.49988031387329,3.4336998462677,3.408213286441553,-25.486559826147115
3141.923816535352,2.49988031387329,3.43386173248291,3.4083260091241643,-25.535723358745877
3142.937798381742,2.49988031387329,3.43386173248291,3.408439506560664,-25.422225922246078
3143.9517763352424,2.49952030181885,3.43402361869812,3.408550927358792,-25.47269133932817
3144.9657811850725,2.49988031387329,3.43418550491333,3.408669060146524,-25.516444766806146
3145.9797343656323,2.49988031387329,3.43434739112854,3.4087855004304446,-25.561890698095446
3146.9937084262424,2.50024008750916,3.43450927734375,3.40890582847056,-25.603448873189993
3148.007707613692,2.49988031387329,3.43467116355896,3.4090214102600687,-25.649753298891298
3149.0216653949424,2.50024008750916,3.43483304977417,3.409143530428047,-25.689519346122847
3150.035670952572,2.49952030181885,3.43499517440796,3.40925787469873,-25.737299709229777
3151.0496609386523,2.50024008750916,3.43531894683838,3.4093846208526433,-25.93432598573653
3152.063653755912,2.49988031387329,3.43531894683838,3.4095035858384866,-25.815360999893233
3153.0776292321125,2.49988031387329,3.43548083305359,3.4096262091817624,-25.854623871827798
3154.091621341582,2.49988031387329,3.43548083305359,3.4097496685139665,-25.731164539623652
3155.105579476732,2.49988031387329,3.4356427192688,3.4098739576519446,-25.768761616855596
3156.119587865552,2.49988031387329,3.43580460548401,3.409999429736719,-25.80517574729102
3157.1335307830423,2.49988031387329,3.43596649169922,3.410126120950026,-25.840370749194097
3158.1475388179724,2.49988031387329,3.43612837791443,3.4102540634111342,-25.874314503295803
3159.1615266806425,2.50024008750916,3.43612837791443,3.410386037713635,-25.742340200795244
3160.1754809229024,2.50024008750916,3.43645215034485,3.410515728027106,-25.936422317744068
3161.1894429509425,2.49988031387329,3.43661403656006,3.410643372303431,-25.97066425662886
3162.203465141832,2.49988031387329,3.43677592277527,3.410774676509882,-26.001246265388023
3163.217385763682,2.50024008750916,3.43693780899048,3.410909709555421,-26.028099435059016
3164.231442282782,2.49988031387329,3.43709969520569,3.4110398515999334,-26.059843605756416
3165.2453954633424,2.49988031387329,3.43726181983948,3.411173649901711,-26.0881699377693
3166.259407745062,2.49988031387329,3.43726181983948,3.4113083282163132,-25.953491623166958
3167.273315626532,2.49988031387329,3.4375855922699,3.411444372903543,-26.14121936635705
3168.2873597591724,2.49988031387329,3.43774747848511,3.4115816633438545,-26.1658151412556
3169.3013384204723,2.49988031387329,3.43790936470032,3.4117202565138753,-26.18910818644471
3170.3153538872725,2.49988031387329,3.43807125091553,3.4118600025953785,-26.211248320151537
3171.3292377036123,2.49988031387329,3.43823313713074,3.412000856184086,-26.232280946653752
3172.343305193592,2.49952030181885,3.43839502334595,3.412140073621488,-26.254949724461962
3173.3572650982323,2.49988031387329,3.43839502334595,3.4122862460680836,-26.108777277866313
3174.3715601453423,2.49988031387329,3.43855690956116,3.4124306374452957,-26.126272115864158
3175.385236222902,2.49988031387329,3.43888068199158,3.4125760836842463,-26.30459830733356
3176.3992322252525,2.50024008750916,3.439204454422,3.4127255971844983,-26.478857237501874
3177.413215841142,2.50024008750916,3.43936657905579,3.4128729861423346,-26.493592913455544
3178.427206888912,2.49988031387329,3.43936657905579,3.4130181807936966,-26.348398262093564
3179.4412081997525,2.49988031387329,3.439528465271,3.4131671058937885,-26.361359377211624
3180.455197124122,2.49988031387329,3.439528465271,3.4133169697885233,-26.21149548247681
3181.469138272112,2.49988031387329,3.43969035148621,3.4134686390205506,-26.221712465659408
3182.483118702912,2.50024008750916,3.44001412391663,3.4136244859415927,-26.38963797503724
3183.497088516732,2.50024008750916,3.44033789634705,3.4137787467004683,-26.55914964658157
3184.5111337110625,2.49988031387329,3.44049978256226,3.413931263218938,-26.568519343321828
3185.5250783980523,2.50024008750916,3.44066166877747,3.41409058064641,-26.571088131059906
3186.5390531664525,2.50024008750916,3.44082355499268,3.4142481759913625,-26.575379001317234
3187.5530222724824,2.49988031387329,3.44098544120789,3.4144039095745375,-26.58153163335264
3188.567007657862,2.50024008750916,3.44130921363831,3.41456623503075,-26.74297860755992
3189.580992689342,2.49988031387329,3.44130921363831,3.4147237744431114,-26.585439195198735
3190.5949879839022,2.49952030181885,3.44147109985352,3.414882482332861,-26.588617520658886
3191.6090101747923,2.49988031387329,3.4416332244873,3.41504885250042,-26.584371986879685
3192.622963355352,2.49952030181885,3.44179511070251,3.415210905499183,-26.584205203327382
3193.6369476790424,2.49988031387329,3.44211888313293,3.415380169780136,-26.738713352794097
3194.650947928182,2.49988031387329,3.44228076934814,3.4155478581606618,-26.732911187478337
3195.6649205731924,2.50024008750916,3.44244265556335,3.415719799691503,-26.722855871847084
3196.6789045429823,2.49988031387329,3.44244265556335,3.4158872848848176,-26.55537067853242
3197.692855600152,2.50024008750916,3.44292831420898,3.4160614456060774,-26.86686860290255
3198.706882037832,2.49988031387329,3.44292831420898,3.4162309916641473,-26.69732254483259
3199.720843358072,2.49988031387329,3.4432520866394,3.4164045923394566,-26.847494299943264
3200.734831574642,2.49988031387329,3.4432520866394,3.4165795019478242,-26.67258469157563
3201.7488010345724,2.49988031387329,3.44373798370361,3.4167556396779437,-26.98234402566646
3202.762927625702,2.49988031387329,3.44373798370361,3.4169330633742807,-26.804920329329462
3203.7767672046425,2.49952030181885,3.44389986991882,3.4171088390821827,-26.791030836637475
3204.7907911650323,2.49952030181885,3.44406175613403,3.417288790929629,-26.77296520440109
3205.8047588554523,2.49988031387329,3.44438552856445,3.417473286381436,-26.912242183013912
3206.8187318543723,2.49988031387329,3.44454741477966,3.4176566906669956,-26.890724112664355
3207.832700252592,2.49988031387329,3.44487118721008,3.4178417208384007,-27.029466371679245
3208.8467189044923,2.50024008750916,3.44503307342529,3.418031175955407,-27.001897469882685
3209.860676331842,2.50024008750916,3.4451949596405,3.4182192890049232,-26.9756706355766
3210.8747105553025,2.50024008750916,3.44551873207092,3.41840898111338,-27.10975095753998
3211.8885826929622,2.49988031387329,3.44551873207092,3.418596390262917,-26.922341808003125
3212.9026484134524,2.49988031387329,3.44600462913513,3.418787698723225,-27.216930411904983
3213.9166383995225,2.49988031387329,3.44616651535034,3.418980061244369,-27.18645410597098
3214.9306089211423,2.49988031387329,3.44632840156555,3.419174133545006,-27.15426802054388
3215.9445656406924,2.50024008750916,3.44649028778076,3.4193727288207056,-27.1175589600543
3216.958566243732,2.49988031387329,3.44681406021118,3.4195673040152395,-27.246756195940414
3217.972518008702,2.50024008750916,3.44697594642639,3.4197690927051205,-27.206853721269297
3218.9865355989023,2.49988031387329,3.44729971885681,3.419966797436161,-27.332921420649026
3220.000529123962,2.50024008750916,3.44746160507202,3.4201716963109403,-27.28990876107984
3221.0146355428424,2.49988031387329,3.44762349128723,3.420372122262994,-27.251369024236194
3222.0284666282123,2.49988031387329,3.44794726371765,3.4205766722236826,-27.370591493967478
3223.0424382115325,2.49988031387329,3.44810938835144,3.4207831940113254,-27.32619434011463
3224.056445184752,2.49988031387329,3.44827127456665,3.4209915744904196,-27.279700076230373
3225.0704479111923,2.50024008750916,3.44859504699707,3.4212044449912664,-27.390602005803455
3226.0843975527623,2.49988031387329,3.44875693321228,3.4214127024555316,-27.34423075674819
3227.098415850762,2.49988031387329,3.4490807056427,3.421625080521274,-27.455625121426408
3228.112372924222,2.49988031387329,3.44924259185791,3.4218395736612695,-27.403018196640705
3229.126372819462,2.50024008750916,3.44972825050354,3.422059048017107,-27.669202486432898
3230.1403398020925,2.50024008750916,3.44989013671875,3.422277450066863,-27.612686651886875
3231.1543527916024,2.49952030181885,3.44989013671875,3.4224911039699166,-27.399032748833374
3232.1683042026725,2.50024008750916,3.45021390914917,3.4227177006668708,-27.496208482299167
3233.1823002050323,2.49988031387329,3.45053791999817,3.422937409639271,-27.600510358898767
3234.1962399374224,2.49988031387329,3.45086169242859,3.4231616973815306,-27.699995047059556
3235.2102748686825,2.50024008750916,3.4510235786438,3.4233905411326346,-27.633037511165526
3236.224254237782,2.49988031387329,3.45134735107422,3.4236152544744067,-27.73209659981335
3237.2382449316524,2.50024008750916,3.45150923728943,3.4238473743591213,-27.6618629303087
3238.2522119142723,2.49988031387329,3.45167112350464,3.4240752820548797,-27.59584144976035
3239.2662181797023,2.49988031387329,3.45215678215027,3.4243075983060245,-27.849183844245395
3240.2801812694424,2.49988031387329,3.45215678215027,3.4245415172070133,-27.615264943256612
3241.2941836419823,2.49988031387329,3.45248079299927,3.424777990675951,-27.70280232331901
3242.3081396537423,2.50024008750916,3.45280456542969,3.425019859762209,-27.78470566748137
3243.3221338866024,2.50024008750916,3.45312833786011,3.42526072190872,-27.86761595138998
3244.3361564313823,2.49988031387329,3.45329022407532,3.425499404331642,-27.790819743678252
3245.350085900712,2.49988031387329,3.45361399650574,3.4257417636323466,-27.872232873393354
3246.3643823634125,2.49988031387329,3.45393776893616,3.425986518529964,-27.95125040619606
3247.3780800288123,2.49988031387329,3.45409965515137,3.426233208409889,-27.866446741480644
3248.3920593979124,2.49988031387329,3.45442342758179,3.426482103221909,-27.941324359881392
3249.4060525690725,2.50024008750916,3.45474743843079,3.426736124070041,-28.011314360749218
3250.4200121198223,2.49988031387329,3.45507121086121,3.4269865554139325,-28.084655447277562
3251.4339960896023,2.49988031387329,3.45523309707642,3.4272412942180903,-27.991802858329695
3252.4479708580125,2.49988031387329,3.45555686950684,3.4274975149841778,-28.059354522662172
3253.4619803085325,2.49952030181885,3.45588064193726,3.4277531187386643,-28.127523198595572
3254.4759310118025,2.50024008750916,3.45620441436768,3.428019472201143,-28.184942166536775
3255.489964881362,2.49988031387329,3.4565281867981,3.428279093227135,-28.249093570964945
3256.5038890422024,2.49988031387329,3.45685219764709,3.4285432593351874,-28.3089383119024
3257.5179165415825,2.49988031387329,3.45717597007751,3.4288092962300896,-28.366673847420643
3258.5318913099823,2.49988031387329,3.45749974250793,3.4290774186368935,-28.422323871036603
3259.545876341472,2.49988031387329,3.45766162872314,3.4293475529912314,-28.314075731908694
3260.559858187862,2.49988031387329,3.45782351493835,3.4296203310391657,-28.203183899184303
3261.573835433562,2.50024008750916,3.45830917358398,3.4298983680829527,-28.41080550102726
3262.5878208189424,2.49988031387329,3.4586329460144,3.4301723433202698,-28.46060269413009
3263.6018058504224,2.49988031387329,3.4589569568634,3.43045084180501,-28.50611505839007
3264.6157717713522,2.50024008750916,3.45928072929382,3.4307340576131358,-28.546671680684366
3265.629767419812,2.49988031387329,3.45960450172424,3.4310134438091544,-28.59105791508565
3266.6437489123023,2.49988031387329,3.45992827415466,3.43129765276475,-28.630621389909905
3267.6577045701624,2.50024008750916,3.46025204658508,3.431587317075576,-28.66472950950394
3268.671713666782,2.49988031387329,3.46041393280029,3.4318735521892045,-28.540380611085325
3269.685713562032,2.49988031387329,3.46089959144592,3.432164884116516,-28.734707329403975
3270.6996624958024,2.49988031387329,3.46122360229492,3.432458380472009,-28.76522182291108
3271.713671592422,2.49988031387329,3.46170926094055,3.4327539237849636,-28.955337155586403
3272.7276534388125,2.49988031387329,3.46187114715576,3.433051230229379,-28.819916926380973
3273.7416352852124,2.49952030181885,3.46219491958618,3.4333475659918657,-28.847353594314118
3274.755619608892,2.49988031387329,3.4625186920166,3.4336530149744946,-28.865677042105187
3275.769789375712,2.50024008750916,3.46300435066223,3.43396185668429,-29.0424939779399
3276.7835953342424,2.49952030181885,3.46332836151123,3.43426363756866,-29.06472394256987
3277.797574349442,2.49988031387329,3.46381402015686,3.4345755652409897,-29.238454915870182
3278.8115402703725,2.49988031387329,3.46397590637207,3.434887253267494,-29.08865310457598
3279.825541935112,2.50024008750916,3.4644615650177,3.4352049591195697,-29.256605898130505
3280.8395174113225,2.49988031387329,3.46478533744812,3.4355183994775125,-29.266937970607643
3281.853511644182,2.49988031387329,3.46527099609375,3.435835903097298,-29.435092996452195
3282.8674849969925,2.49988031387329,3.46543288230896,3.4361563030618276,-29.27657924713234
3283.8814714440723,2.49988031387329,3.46591877937317,3.436479596984392,-29.43918238877785
3284.895445858582,2.49988031387329,3.46624255180359,3.436805631562685,-29.436920240905273
3285.9094333673625,2.49988031387329,3.46672821044922,3.4371344434361397,-29.593767013080363
3286.9234226456324,2.49988031387329,3.46705198287964,3.437464967978167,-29.587014901473196
3287.9374066154123,2.49952030181885,3.46737575531006,3.437794544674023,-29.581210636036914
3288.9513728902425,2.49988031387329,3.46769976615906,3.438132878680558,-29.56688747850178
3289.965374554982,2.49988031387329,3.46818542480469,3.438471300915498,-29.714123889192035
3290.979362771562,2.49988031387329,3.46867108345032,3.4388120427690385,-29.859040681281535
3291.993333647082,2.49988031387329,3.46915674209595,3.4391554309490067,-30.001311146943266
3293.0073119544822,2.49988031387329,3.46948051452637,3.4395015534150644,-29.97896111130549
3294.021307602932,2.50024008750916,3.46996641159058,3.439853471928318,-30.11293966226214
3295.0352866181324,2.50024008750916,3.47045207023621,3.4402055752848995,-30.2464949513106
3296.0492567858523,2.49988031387329,3.47077584266663,3.440556264510822,-30.21957815580789
3297.063259158392,2.49988031387329,3.47126150131226,3.44091089212315,-30.3506091891097
3298.077238881392,2.49988031387329,3.47158527374268,3.441269646073599,-30.31562766908058
3299.0912079874124,2.49988031387329,3.4719090461731,3.441632339577539,-30.276706595561365
3300.1051601062723,2.49988031387329,3.4723949432373,3.441996469384754,-30.398473852546015
3301.1191798198724,2.49988031387329,3.47304248809814,3.4423629360671404,-30.6795520309997
3302.1331744066324,2.49952030181885,3.47320437431335,3.442728830637583,-30.475543675767103
3303.147143866552,2.49988031387329,3.47385191917419,3.4431045154975197,-30.74740367667017
3304.1611434079023,2.49988031387329,3.4743378162384,3.4434813066478096,-30.85650959059061
3305.1751202997025,2.49988031387329,3.47482347488403,3.443859256420658,-30.964218463372273
3306.189107100682,2.49988031387329,3.47530913352966,3.444239815832442,-31.06931769721788
3307.203088593172,2.49988031387329,3.47579479217529,3.4446242075987494,-31.170584576540428
3308.2170322184625,2.49988031387329,3.47628045082092,3.44501110142385,-31.26934939707038
3309.231032821502,2.49988031387329,3.47660446166992,3.4454004146336192,-31.204047036300864
3310.2450535967923,2.49952030181885,3.47709012031555,3.445788888482883,-31.301231832666865
3311.259036858782,2.49988031387329,3.47773766517639,3.4461877629812454,-31.54990219514442
3312.2730197668725,2.49988031387329,3.47822332382202,3.44658789437082,-31.635429451200014
3313.2869878112024,2.50024008750916,3.47870922088623,3.4469935274326806,-31.71569345354941
3314.300958332812,2.50024008750916,3.47935676574707,3.447398742749439,-31.95802299763084
3315.3149497344825,2.50024008750916,3.4798424243927,3.44780628344433,-32.03614094837004
3316.3289446751423,2.49988031387329,3.48016619682312,3.448213018081577,-31.95317874154302
3317.3429261676324,2.50024008750916,3.48081398010254,3.4486294892328644,-32.184490869675564
3318.3568889034723,2.50024008750916,3.48113775253296,3.449047928466067,-32.08982406689298
3319.371222525582,2.49988031387329,3.48194718360901,3.449464633084811,-32.48255052419901
3320.384874891902,2.50024008750916,3.48259472846985,3.449889699801211,-32.705028668639
3321.3988666474625,2.49988031387329,3.48291873931885,3.450312704370223,-32.60603494862701
3322.4128463704624,2.49988031387329,3.48356628417969,3.4507417614020657,-32.82452277762449
3323.426816892082,2.49988031387329,3.48421382904053,3.4511744658516728,-33.03936318885725
3324.4408061703525,2.49988031387329,3.48469948768616,3.451610994495516,-33.08849319064411
3325.454786601142,2.50024008750916,3.48534727096558,3.4520541281963064,-33.29314276927376
3326.4687925126723,2.50024008750916,3.48599481582642,3.4524968960501585,-33.49791977626148
3327.4827591414023,2.50024008750916,3.48648047447205,3.4529421087745105,-33.53836569753943
3328.4967257701323,2.49988031387329,3.48712801933289,3.453387416117234,-33.74060321565597
3329.510719649092,2.49988031387329,3.4877758026123,3.4538395788831897,-33.9362237291101
3330.5246668133723,2.49988031387329,3.48826146125793,3.454295208415969,-33.96625284196109
3331.5386897120625,2.49988031387329,3.48907089233398,3.454754728941535,-34.31616339244492
3332.552664834372,2.50024008750916,3.4897186756134,3.455220893473467,-34.497782139933264
3333.566631463092,2.49988031387329,3.49020433425903,3.4556846412037734,-34.51969305525671
3334.5806363129323,2.50024008750916,3.49085187911987,3.456157243578213,-34.69463554165708
3335.594602233862,2.49988031387329,3.49149942398071,3.4566273586720806,-34.87206530862919
3336.6086499054923,2.49988031387329,3.49214720726013,3.4571037353132277,-35.043471946902386
3337.6225917612824,2.49988031387329,3.49279475212097,3.457583381268127,-35.21137085284298
3338.6365587439022,2.49988031387329,3.49376606941223,3.45806709646922,-35.69897294301016
3339.6505497916723,2.49952030181885,3.49425196647644,3.458551710294316,-35.7002561821238
3340.6645376543524,2.49988031387329,3.49489951133728,3.4590458500480574,-35.8536612892224
3341.6784777406424,2.49988031387329,3.49570894241333,3.4595405804257666,-36.16836198756346
3342.6925084251125,2.49988031387329,3.49635672569275,3.4600389218445384,-36.31780384821148
3343.7064969955823,2.49988031387329,3.4971661567688,3.4605408478173327,-36.62530895146743
3344.7204643321124,2.49952030181885,3.49781370162964,3.461043887931248,-36.76981369839183
3345.734441223922,2.49988031387329,3.49846148490906,3.461556742423358,-36.90474248570163
3346.7484450120523,2.49988031387329,3.49927091598511,3.4620706412573337,-37.20027472777643
3347.7625280735924,2.49988031387329,3.49991846084595,3.462588403532486,-37.33005731346406
3348.776409766532,2.50024008750916,3.50089001655579,3.4631127000527986,-37.77731650299154
3349.7903802881524,2.49988031387329,3.50169944763184,3.4636351042309528,-38.064343400887154
3350.8043094035725,2.49988031387329,3.50234699249268,3.4641644197507757,-38.18257274190407
3351.818356013502,2.50024008750916,3.50331854820251,3.4647011716926484,-38.617376509861856
3352.8322943303024,2.50024008750916,3.50412797927856,3.465239181793412,-38.888797485148174
3353.8463228913724,2.50024008750916,3.50493764877319,3.465781333768893,-39.156315004296616
3354.8603065072625,2.49988031387329,3.50590896606445,3.4663241905118136,-39.5847755526364
3355.874279506172,2.49988031387329,3.50655651092529,3.4668738118545814,-39.68269907070842
3356.8882737390322,2.50024008750916,3.50752806663513,3.4674302240688464,-40.09784256628368
3357.9022644329025,2.49952030181885,3.50833749771118,3.467982211560083,-40.35528615109696
3358.9162034575024,2.49988031387329,3.50930905342102,3.468546857045866,-40.76219637515388
3359.9302097229324,2.50024008750916,3.51011848449707,3.469115586211399,-41.00289828567094
3360.9441954622125,2.49952030181885,3.51092791557312,3.4696796802704486,-41.24823530267152
3361.9582169453024,2.49988031387329,3.51189947128296,3.4702564573583254,-41.64301392463443
3362.972173664862,2.49988031387329,3.51270890235901,3.470834345770756,-41.87455658825412
3363.9861225986324,2.49952030181885,3.51384234428406,3.47141396276619,-42.42838151786987
3365.000128510162,2.49988031387329,3.51465177536011,3.472003998786399,-42.64777657371121
3366.0141107104523,2.49988031387329,3.51578521728516,3.4725955926216128,-43.189624663547036
3367.028104589412,2.49952030181885,3.51659464836121,3.473188975379251,-43.405672981958965
3368.042101299562,2.49988031387329,3.51788997650146,3.473792901812525,-44.09707468893487
3369.0560958863225,2.49988031387329,3.51886129379272,3.4743986039445023,-44.462689848217885
3370.070054729272,2.49988031387329,3.51983261108398,3.4750086598385606,-44.82395124541938
3371.0840277281823,2.49988031387329,3.52096605300903,3.475622660210154,-45.343392798876
3372.0980198376524,2.49952030181885,3.52177548408508,3.4762380434032543,-45.537440681825636
3373.1120027457423,2.49952030181885,3.52290892601013,3.476860930913547,-46.04799509658308
3374.1259799914424,2.49988031387329,3.5240421295166,3.4774928124599986,-46.54931705660115
3375.139970685312,2.49988031387329,3.52517557144165,3.4781270451597677,-47.048526281882275
3376.1539585479823,2.50024008750916,3.52630877494812,3.478769293398826,-47.539481549294216
3377.167955612042,2.49988031387329,3.52760410308838,3.47940947135861,-48.194631729769895
3378.1819165783822,2.49988031387329,3.52857542037964,3.4800569705806135,-48.51844979902653
3379.195775621782,2.50024008750916,3.5298707485199,3.4807120431803202,-49.15870533957989
3380.2098852257523,2.49952030181885,3.53100419044495,3.4813636488131023,-49.6405416318475
3381.2238645948523,2.50024008750916,3.53229928016663,3.482031491435557,-50.26778873107318
3382.237863782292,2.49988031387329,3.53343272209167,3.48269540901671,-50.737313074959985
3383.2518385507024,2.49988031387329,3.53472781181335,3.483366935403498,-51.3608764098521
3384.2658359686625,2.49988031387329,3.53602313995361,3.4840433130521733,-51.97982690143688
3385.2797611911924,2.49952030181885,3.53731822967529,3.484721569328013,-52.596660347276725
3386.293797891942,2.49988031387329,3.53877544403076,3.485411757155148,-53.36368687561199
3387.3077319619524,2.50024008750916,3.54007077217102,3.486108402871353,-53.96236929966713
3388.3217113310525,2.50024008750916,3.5413658618927,3.4868081273968823,-54.55773449581791
3389.3357073334023,2.49988031387329,3.54298496246338,3.487507956745813,-55.47700571756664
3390.349726693102,2.49988031387329,3.54428029060364,3.488215017571302,-56.065273032337885
3391.3640012140622,2.49988031387329,3.54573726654053,3.488928153555687,-56.809112984843146
3392.3777045418524,2.49988031387329,3.547194480896,3.489646377538172,-57.548103357828225
3393.3916014524525,2.49988031387329,3.54865169525146,3.4903704061811975,-58.28128907026242
3394.405649124082,2.49988031387329,3.55010867118835,3.4911001256714664,-59.008545516883615
3395.4196118599125,2.49988031387329,3.55172777175903,3.491835257651318,-59.89251410771202
3396.433613524662,2.49988031387329,3.55334687232971,3.4925759282251407,-60.7709441045694
3397.447594309352,2.49988031387329,3.55480408668518,3.493322093853001,-61.48199283217926
3398.461578986932,2.49988031387329,3.55642294883728,3.4940738613559663,-62.34908748131352
3399.475518011532,2.49988031387329,3.55820393562317,3.4948315192219908,-63.37241640117908
3400.489554004492,2.49988031387329,3.55982303619385,3.495594949525618,-64.2280866682321
3401.5035075389524,2.50024008750916,3.56144213676453,3.496366895494408,-65.07524127012188
3402.517517343372,2.49988031387329,3.56322288513184,3.497138816388515,-66.08406874332485
3403.5314652154425,2.49988031387329,3.5646800994873,3.4979192393757077,-66.76086011159211
3404.5454527242223,2.49988031387329,3.56646108627319,3.498705378413804,-67.75570785938578
3405.5594734995225,2.49988031387329,3.56840395927429,3.499497229177206,-68.90673009708425
3406.573449683522,2.49988031387329,3.57034683227539,3.5002951044892177,-70.05172778617252
3407.5874240980324,2.50024008750916,3.5721275806427,3.501102132294368,-71.02544834833236
3408.601430009562,2.49988031387329,3.5740704536438,3.501909441305692,-72.16101233810824
3409.6153782355323,2.50024008750916,3.5760133266449,3.502728472790041,-73.28485385485894
3410.6293823775723,2.49952030181885,3.577956199646,3.5035450312925174,-74.41116835348271
3411.6433380354324,2.49988031387329,3.57989907264709,3.504376311944692,-75.52276070239783
3412.6573634114125,2.50024008750916,3.5820038318634,3.5052137304083413,-76.79010145505893
3413.6712907573424,2.49988031387329,3.58410859107971,3.5060513939015836,-78.05719717812653
3414.6853143638223,2.49952030181885,3.58605146408081,3.506895568695913,-79.15589538489698
3415.6992222453023,2.49988031387329,3.58847999572754,3.507751735362734,-80.72826036480585
3416.7132600077525,2.49952030181885,3.59042286872864,3.5086085180616053,-81.81435066703457
3417.727233006662,2.49988031387329,3.59285140037537,3.5094772727696855,-83.37412760568475
3418.741260506042,2.49988031387329,3.59495615959167,3.5103509136240123,-84.60524596765762
3419.7552158100025,2.49988031387329,3.59722280502319,3.51123143091545,-85.99137410773983
3420.769310550202,2.49988031387329,3.59981322288513,3.512118963937623,-87.69425894750694
3420.9407980306723,2.50024008750916,3.60013699531555,3.51227260909702,-87.86438621852977
3421.9550712666623,2.35051584243774,3.60046076774597,3.5110007558620224,-89.46001188394747
3422.9690488662623,2.25333881378174,3.60046076774597,3.510211972335144,-90.24879541082598
3423.9830452225224,2.18891406059265,3.60062289237976,3.509806589760964,-90.81630261879603
3424.997046533362,2.14104557037354,3.60078477859497,3.5096155473450783,-91.16923124989151
3426.0110039607125,2.10073494911194,3.60062289237976,3.509526629804983,-91.09626257477687
3427.0249914694923,2.0658233165741,3.60046076774597,3.509510998961945,-90.94976878402505
3428.0389803938624,2.03415083885193,3.60062289237976,3.509540536697096,-91.08235568266387
3429.052945606992,2.0082368850708,3.60062289237976,3.5096478051933713,-90.97508718638858
3430.0669416093524,1.98160326480865,3.60062289237976,3.509749315678742,-90.87357670101781
3431.0808908970225,1.95748901367188,3.60046076774597,3.509885130348722,-90.57563739724772
3432.095127904672,1.93445444107056,3.60046076774597,3.510036618491541,-90.42414925442887
3433.108833709752,1.9153790473938,3.60062289237976,3.510242382083432,-90.38051029632798
3434.1230480678623,1.89306437969208,3.60078477859497,3.5104082473034315,-90.37653129153833
3435.1370907849023,1.87146949768066,3.60046076774597,3.510578365587546,-89.88240215842369
3436.1508404734723,1.85059440135956,3.60062289237976,3.5107562157154053,-89.86667666435454
3437.1647759590824,1.83259868621826,3.60062289237976,3.510971141531163,-89.651750848597
3438.1788119520324,1.81280338764191,3.60062289237976,3.5111630861631,-89.45980621665983
3439.1927962757222,1.79336798191071,3.60046076774597,3.51135782978402,-89.1029379619499
3440.2067059266924,1.77717185020447,3.60046076774597,3.5115913570540482,-88.86941069192167
3441.220737318962,1.75809633731842,3.60062289237976,3.5117907232726355,-88.83216910712433
3442.2347209348422,1.74010062217712,3.60062289237976,3.5119974611217764,-88.62543125798351
3443.2487141060124,1.72354459762573,3.60062289237976,3.5122227649856224,-88.4001273941375
3444.262721787032,1.70590877532959,3.60046076774597,3.51243261064086,-88.02815710510981
3445.276613743052,1.69007253646851,3.60046076774597,3.5126641519322876,-87.79661581368225
3446.2912032342324,1.67423629760742,3.60062289237976,3.5128960460221905,-87.72684635756933
3447.304616718632,1.65840005874634,3.60062289237976,3.5131257613672697,-87.49713101249013
3448.3186311237423,1.6422039270401,3.60062289237976,3.5133499652549136,-87.27292712484625
3449.332592797882,1.62708747386932,3.60046076774597,3.5135831083924023,-86.87765935356762
3450.3466627651524,1.61125123500824,3.60062289237976,3.5138091739904085,-86.81371838935137
3451.3605784324122,1.59685468673706,3.60046076774597,3.514048799168808,-86.41196857716204
3452.374564525592,1.58065843582153,3.60062289237976,3.5142641755521535,-86.35871682760632
3453.3885626513425,1.56626188755035,3.60046076774597,3.514498626339973,-85.962141405997
3454.4025413126424,1.55114555358887,3.60062289237976,3.514723014629458,-85.89987775030173
3455.4165058179724,1.53638899326324,3.60046076774597,3.514949209449595,-85.5115582963748
3456.4304851870725,1.52271223068237,3.60062289237976,3.515189046462247,-85.43384591751303
3457.444457832082,1.51047515869141,3.60062289237976,3.515447009402661,-85.175882977099
3458.4584623280225,1.49715828895569,3.60062289237976,3.51569227259145,-84.93061978830995
3459.4724048916123,1.48240184783936,3.60062289237976,3.515914773231767,-84.70811914799282
3460.486463888002,1.47016477584839,3.60062289237976,3.51616585194534,-84.45704043441981
3461.5003891105425,1.4543285369873,3.60062289237976,3.5163669025416193,-84.25598983814054
3462.5143992688622,1.44245135784149,3.60062289237976,3.5166188825508033,-84.0040098289565
3463.528362004692,1.43093407154083,3.60062289237976,3.5168747024310116,-83.74818994874822
3464.5423795949023,1.41653740406036,3.60062289237976,3.51709349197041,-83.52940040934965
3465.5563458697325,1.40394043922424,3.60062289237976,3.5173294185019865,-83.29347387777331
3466.5703439954823,1.39206326007843,3.60046076774597,3.517574668667251,-82.8860990787188
3467.5778813389124,1.37982618808746,3.60046076774597,3.517811934160985,-82.64883358498487
3468.5827173703724,1.36794900894165,3.60062289237976,3.5180510392339004,-82.57185314585946
3469.5966758594222,1.35679161548615,3.60062289237976,3.518301725357913,-82.32116702184689
3470.610664076002,1.34455454349518,3.60062289237976,3.5185370826014193,-82.08580977834058
3471.6246140714725,1.33231747150421,3.60062289237976,3.518769634256026,-81.85325812373367
3472.6386444020422,1.32116007804871,3.60062289237976,3.5190105165398027,-81.61237583995717
3473.6526074917724,1.30748331546783,3.60046076774597,3.519224404230845,-81.23636351512475
3474.666573766602,1.29848551750183,3.60062289237976,3.519487663365107,-81.13522901465275
3475.680670984112,1.28768801689148,3.60062289237976,3.5197347392652985,-80.8881531144614
3476.6945640018225,1.27653074264526,3.60046076774597,3.519974246812009,-80.48652093396092
3477.7085440787123,1.26573324203491,3.60046076774597,3.5202146675155546,-80.24610023041534
3478.722607321902,1.25421595573425,3.60046076774597,3.5204453781192035,-80.01538962676635
3479.736500339612,1.24341857433319,3.60078477859497,3.5206816743424216,-80.10310425254818
3480.750506605042,1.23370087146759,3.60046076774597,3.5209296362807967,-79.53113146517322
3481.7644696947823,1.22290337085724,3.60062289237976,3.521166652553249,-79.45623982651107
3482.7784766680124,1.21318578720093,3.60046076774597,3.5214107234906638,-79.05004425530615
3483.7924486052325,1.20274817943573,3.60062289237976,3.521648038885768,-78.97485349399203
3484.8064286821223,1.18979132175446,3.60062289237976,3.521847566035923,-78.77532634383667
3485.8204236227825,1.18403267860413,3.60062289237976,3.522135717209525,-78.48717517023474
3486.8343962677923,1.17251539230347,3.60046076774597,3.5223560049022047,-78.10476284376522
3487.848381299272,1.16207790374756,3.60046076774597,3.5225827436009185,-77.8780241450514
3488.8623380188324,1.1520003080368,3.60062289237976,3.522813667491731,-77.80922488802888
3489.8763357906823,1.14444208145142,3.60062289237976,3.5230751174470063,-77.54777493275355
3490.8903378093223,1.13400447368622,3.60029888153076,3.5233014011481067,-76.9974803826532
3491.9043033763523,1.12464678287506,3.60062289237976,3.523534890649624,-77.08800173013586
3492.9183128268724,1.11384928226471,3.60062289237976,3.523749242624119,-76.87364975564081
3493.9322925498723,1.10629105567932,3.60062289237976,3.5240018073530757,-76.62108502668418
3494.9462726267625,1.09513378143311,3.60046076774597,3.524208296923704,-76.25247082226582
3495.9602438561824,1.08721566200256,3.60062289237976,3.5244534545175386,-76.1694378622213
3496.9742373812423,1.07785785198212,3.60046076774597,3.524678564434483,-75.782203311487
3497.9882284290125,1.07065951824188,3.60062289237976,3.5249337249019272,-75.68916747783261
3499.0022155838924,1.06202161312103,3.60046076774597,3.525169423129493,-75.29134461647669
3500.016181858722,1.05410349369049,3.60046076774597,3.5254123748672335,-75.04839287873644
3501.0301460101523,1.04366600513458,3.60046076774597,3.5256194842908024,-74.8412834551675
3502.0441338728324,1.0375474691391,3.60062289237976,3.5258812830374215,-74.74160934233831
3503.0581553559223,1.02854955196381,3.60046076774597,3.5261059830383874,-74.3547847075825
3504.072113844972,1.01883184909821,3.60046076774597,3.5263168417011075,-74.14392604486241
3505.086124357192,1.01235342025757,3.60062289237976,3.5265687714935923,-74.05412088616758
3506.100078245552,1.00371551513672,3.60062289237976,3.526791359830629,-73.83153254913077
3507.1140731862124,0.995437443256378,3.60062289237976,3.5270167178309206,-73.60617454883922
3508.1280578637925,0.986799478530884,3.60062289237976,3.5272348133209737,-73.38807905878619
3509.142035109492,0.978881359100342,3.60062289237976,3.527460651456509,-73.16224092325064
3510.1560130629923,0.973122715950012,3.60078477859497,3.527714915705602,-73.06986288936778
3511.1699765066323,0.964484751224518,3.60046076774597,3.5279320124722218,-72.52875527374813
3512.184151228042,0.957646369934082,3.60046076774597,3.52816935563294,-72.2914121130298
3513.197989391392,0.948648512363434,3.60046076774597,3.5283753964650306,-72.08537128093928
3514.2119567279224,0.943609714508057,3.60062289237976,3.5286327190464912,-71.99017333326863
3515.2259286651324,0.933532118797302,3.60046076774597,3.5288235514860347,-71.63721625993524
3516.239916173912,0.927413582801819,3.60046076774597,3.529061844563085,-71.3989231828851
3517.2538997898023,0.920935094356537,3.60062289237976,3.529297301434552,-71.32559094520774
3518.2678851751825,0.913016974925995,3.60046076774597,3.5295114087745536,-70.9493589714163
3519.2821844690825,0.905818700790405,3.60062289237976,3.529733080641375,-70.88981173838471
3520.2958446211724,0.900060057640076,3.60062289237976,3.529971228201707,-70.6516641780528
3521.309855487292,0.89178204536438,3.60062289237976,3.5301770719015404,-70.44582047821946
3522.3238380414823,0.885303556919098,3.60062289237976,3.5304025306289626,-70.22036175079727
3523.3377593711225,0.879544913768768,3.60046076774597,3.5306383831757353,-69.82238457023459
3524.3518013803623,0.871986746788025,3.60062289237976,3.5308491856498394,-69.77370672992045
3525.365753499222,0.864788413047791,3.60062289237976,3.531060738066003,-69.56215431375679
3526.3797410080024,0.859029829502106,3.60046076774597,3.5312901136349146,-69.17065411105527
3527.3936598603523,0.85219144821167,3.60046076774597,3.5315052104187354,-68.95555732723446
3528.407743275792,0.843553483486176,3.60062289237976,3.5316913366840286,-68.93155569573128
3529.4216996414425,0.838874578475952,3.60078477859497,3.5319279535510777,-68.85682504389212
3530.4356722864622,0.831676304340363,3.60062289237976,3.5321334468301075,-68.4894455496523
3531.4496792596824,0.825917661190033,3.60062289237976,3.532354766050415,-68.26812632934498
3532.4636366870322,0.820518970489502,3.60062289237976,3.5325813449558536,-68.04154742390622
3533.4776418907722,0.813320636749268,3.60062289237976,3.5327836069255576,-67.83928545420225
3534.4915759607825,0.810441315174103,3.60062289237976,3.5330412059957133,-67.5816863840466
3535.5055960282725,0.802523195743561,3.60062289237976,3.5332350820525082,-67.3878103272516
3536.519584952652,0.796044766902924,3.60062289237976,3.533439772771015,-67.18311960874468
3537.533561136652,0.78992623090744,3.60046076774597,3.533648233991836,-66.81253375413388
3538.547565278692,0.784167587757111,3.60062289237976,3.533860966275458,-66.76192610430176
3539.5615326152124,0.779128789901733,3.60062289237976,3.5340824458411406,-66.54044653861924
3540.5755268480725,0.772290408611298,3.60046076774597,3.5342798068044403,-66.18096094152959
3541.5895037398823,0.766891658306122,3.60078477859497,3.534492328610472,-66.2924499844979
3542.6034806316825,0.763652443885803,3.60062289237976,3.534733723542185,-65.8891688375749
3543.6174713255523,0.755374431610107,3.60029888153076,3.5349120202733353,-65.38686125742466
3544.631449986852,0.750695526599884,3.60046076774597,3.5351282810538676,-65.33248669210235
3545.6454194467724,0.744217038154602,3.60062289237976,3.535321081105597,-65.30181127416279
3546.6594267739024,0.741697669029236,3.60062289237976,3.535568178185924,-65.05471419383602
3547.673356597122,0.735219180583954,3.60046076774597,3.5357653855237765,-64.6953822221934
3548.6874962825123,0.728380799293518,3.60046076774597,3.535949443075517,-64.51132467045272
3549.701383991742,0.724061846733093,3.60062289237976,3.5361654876344235,-64.45740474533635
3550.715336818402,0.719742894172668,3.60062289237976,3.5363824883643105,-64.2404040154494
3551.729337775352,0.71362429857254,3.60062289237976,3.5365760824048174,-64.0468099749425
3552.7434289765624,0.708225607872009,3.60062289237976,3.5367737812204156,-63.84911115934422
3553.7573067766125,0.702107071876526,3.60062289237976,3.536963608418113,-63.65928396164699
3554.7712932236923,0.699947595596313,3.60046076774597,3.5372002655246533,-63.26050222131663
3555.7852701155025,0.692389369010925,3.60046076774597,3.537370233932479,-63.09053381349106
3556.799225773352,0.68699061870575,3.60062289237976,3.537560528988759,-63.0623633910008
3557.813128346342,0.681232035160065,3.60046076774597,3.537744693489409,-62.716074256560894
3558.827217070272,0.680152297019958,3.60062289237976,3.537996145245997,-62.626747133762706
3559.8412098875324,0.674393653869629,3.60078477859497,3.5381862894586043,-62.598489136365565
3560.855090518772,0.668994903564453,3.60062289237976,3.5383757117952483,-62.24718058451151
3561.8691679179224,0.663956105709076,3.60046076774597,3.538568499769388,-61.89226797658209
3562.883149056522,0.659997045993805,3.60046076774597,3.5387741281984058,-61.68663954756415
3563.8971443510723,0.65567809343338,3.60062289237976,3.5389746836281653,-61.6482087515946
3564.9111138110025,0.650279343128204,3.60062289237976,3.539160209723386,-61.46268265637378
3565.925092826192,0.645600497722626,3.60046076774597,3.5393537724826776,-61.10699526329233
3566.9391044001122,0.643081068992615,3.60078477859497,3.539574843959049,-61.209934635920945
3567.9530614735622,0.637322425842285,3.60062289237976,3.5397539120833237,-60.86898029643617
3568.967060307112,0.631923735141754,3.60062289237976,3.5399313833405692,-60.69150903919063
3569.981045338592,0.626524984836578,3.60046076774597,3.5401097677413866,-60.35100000458327
3570.9950144446225,0.62472540140152,3.60046076774597,3.54033212534275,-60.128642403219686
3572.0089973527124,0.620406448841095,3.60046076774597,3.540526655567005,-59.93411217896494
3573.022976367902,0.61608749628067,3.60062289237976,3.540717060701815,-59.90583167794483
3574.036978386542,0.611048698425293,3.60046076774597,3.5408974294142537,-59.56333833171623
3575.0509443074725,0.607089638710022,3.60062289237976,3.541087216731161,-59.53567564859874
3576.0649339396423,0.602770626544952,3.60046076774597,3.541273225690532,-59.18754205543797
3577.0789232179222,0.598091721534729,3.60062289237976,3.5414518651087623,-59.17102727099754
3578.092902940912,0.594132661819458,3.60062289237976,3.5416391404110077,-58.98375196875216
3579.106894342582,0.590533554553986,3.60062289237976,3.541831253444453,-58.7916389353067
3580.1208719421825,0.586934387683868,3.60046076774597,3.542023958065104,-58.43680968086584
3581.1348208759623,0.584055066108704,3.60062289237976,3.542223743550685,-58.39914882907493
3582.1488207712023,0.577576637268066,3.60046076774597,3.54237575447126,-58.08501327470994
3583.162804740992,0.576856791973114,3.60062289237976,3.542602569741718,-58.02032263804202
3584.1768180844024,0.571458101272583,3.60046076774597,3.542769113174656,-57.691654571313755
3585.1908208108425,0.567858934402466,3.60046076774597,3.542954458277765,-57.5063094682049
3586.204757358142,0.562820136547089,3.60046076774597,3.543118838335773,-57.34192941019689
3587.218747698112,0.559940814971924,3.60062289237976,3.543310854196206,-57.31203818355368
3588.2327663500123,0.556701600551605,3.60062289237976,3.5434994800691126,-57.12341231064721
3589.246718468872,0.552022695541382,3.60046076774597,3.543667475613699,-56.79329213227069
3590.2607081010524,0.548423528671265,3.60062289237976,3.5438465589981476,-56.776333381612254
3591.2746874701425,0.546623945236206,3.60046076774597,3.5440507278094446,-56.410039936525266
3592.289066391352,0.542664885520935,3.60062289237976,3.5442278430749847,-56.39504930477513
3593.302640899852,0.537266194820404,3.60062289237976,3.5443803523079493,-56.24254007181051
3594.3166475191824,0.532227396965027,3.60062289237976,3.5445327638877244,-56.09012849203543
3595.3306410442424,0.532227396965027,3.60062289237976,3.544753532303196,-55.869360076564064
3596.3446013027924,0.527908384799957,3.60062289237976,3.5449227364871776,-55.70015589258226
3597.3585357266925,0.523949325084686,3.60062289237976,3.5450907639267286,-55.532128453031234
3598.372556501992,0.520710110664368,3.60062289237976,3.5452671947373875,-55.35569764237236
3599.3865765694823,0.517830789089203,3.60062289237976,3.5454489912973624,-55.17390108239751
3600.400519840872,0.513511836528778,3.60046076774597,3.5456099863987944,-54.85078134717547
3601.4145119503423,0.510632514953613,3.60062289237976,3.5457858464651153,-54.837045914644555
3602.428497335722,0.505593717098236,3.60062289237976,3.5459330643274978,-54.68982805226208
3603.4424855522925,0.502714395523071,3.60062289237976,3.546105954789282,-54.51693759047771
3604.4564677525823,0.500554919242859,3.60062289237976,3.5462906272773447,-54.33226510241518
3605.470452784072,0.497675597667694,3.60062289237976,3.5464654438603747,-54.1574485193852
3606.4844622345922,0.492996692657471,3.60046076774597,3.5466154610633547,-53.845306682615224
3607.498412937862,0.491557031869888,3.60078477859497,3.5468077874256023,-53.976991169367494
3608.512353024152,0.4890376329422,3.60062289237976,3.5469863131464936,-53.63657923326626
3609.5263971567924,0.485078573226929,3.60062289237976,3.5471451563475265,-53.47773603223338
3610.5403609543223,0.481479436159134,3.60062289237976,3.5473057439815183,-53.31714839824153
3611.554318381672,0.479679852724075,3.60062289237976,3.5474866671687795,-53.136225210980385
3612.568312968432,0.475000977516174,3.60062289237976,3.547632497306885,-52.99039507287473
3613.5823369288223,0.473201394081116,3.60062289237976,3.547812961422318,-52.809930957441686
3614.596258966262,0.469962179660797,3.60062289237976,3.5479752785191225,-52.64761386063732
3615.6102581537125,0.46636301279068,3.60062289237976,3.5481305701128507,-52.49232226690914
3616.624249201472,0.463483721017838,3.60046076774597,3.5482924718067186,-52.16829593925132
3617.6382441421324,0.460244476795197,3.60078477859497,3.548449673913745,-52.33510468122482
3618.6521983843922,0.457365155220032,3.60062289237976,3.548611521583167,-52.01137079659279
3619.666175983992,0.456285417079926,3.60062289237976,3.54879783347368,-51.825058906080024
3620.6802724937024,0.453766018152237,3.60062289237976,3.5489681350037743,-51.65475737598557
3621.694174712792,0.450886696577072,3.60062289237976,3.5491305242833247,-51.4923680964352
3622.708136033032,0.446927636861801,3.60062289237976,3.54927670672724,-51.346185652519694
3623.722159285622,0.445487976074219,3.60062289237976,3.5494542669719804,-51.168625407779444
3624.7361117583823,0.441168993711472,3.60062289237976,3.5495911286483106,-51.031763731449246
3625.7501017444524,0.438289701938629,3.60046076774597,3.54974434656512,-50.716421180849736
3626.7640566945124,0.434330642223358,3.60062289237976,3.5498836815040993,-50.739210875660575
3627.7780926874725,0.435410380363464,3.60046076774597,3.55009065264659,-50.37011509937983
3628.7920147249024,0.430731475353241,3.60062289237976,3.550224199094794,-50.39869328496582
3629.806055672452,0.427132338285446,3.60062289237976,3.5503632609288105,-50.25963145094936
3630.8199791254824,0.423533201217651,3.60046076774597,3.550502826045665,-49.95794170030487
3631.8340034397725,0.424253016710281,3.60078477859497,3.550699788552255,-50.084990042714935
3632.847965467812,0.421013802289963,3.60046076774597,3.550850851422495,-49.60991632347511
3633.861980226822,0.418134480714798,3.60062289237976,3.5510011453369446,-49.6217470428153
3634.8759804759625,0.414895236492157,3.60062289237976,3.551143864246587,-49.47902813317295
3635.8899591372624,0.413455575704575,3.60062289237976,3.551310596311965,-49.31229606779475
3636.9039031164525,0.409496515989304,3.60062289237976,3.5514436871642907,-49.179205215469146
3637.917889917432,0.406977117061615,3.60062289237976,3.5515897323736407,-49.033160006119125
3638.9318728255125,0.404457718133926,3.60062289237976,3.5517393690328944,-48.88352334686541
3639.9458861689322,0.40409779548645,3.60062289237976,3.5519190692460976,-48.70382313366228
3640.9598255474225,0.401938319206238,3.60062289237976,3.5520769525973424,-48.545939782417506
3641.973817656892,0.398339182138443,3.60078477859497,3.5522111242808565,-48.57365431411331
3642.987782162222,0.395819783210754,3.60062289237976,3.552356884900187,-48.26600747957288
3644.0018082460024,0.394380122423172,3.60078477859497,3.552517347677512,-48.26743091745777
3645.0157667350522,0.390421062707901,3.60046076774597,3.552643529070815,-47.81723867515497
3646.0297952961323,0.387901663780212,3.60062289237976,3.5527842941653365,-47.83859821442338
3647.0437265349424,0.386102080345154,3.60062289237976,3.552935762657075,-47.68712972268485
3648.0577243067924,0.383942604064941,3.60062289237976,3.5530833494254335,-47.539542954326386
3649.071717124062,0.382502943277359,3.60062289237976,3.553240544451949,-47.38234792781082
3650.085721266092,0.378903776407242,3.60078477859497,3.553366051574238,-47.41872702073202
3651.0996861253325,0.375304639339447,3.60078477859497,3.553489484855617,-47.29529373935293
3652.113690975162,0.376384377479553,3.60062289237976,3.5536760593656913,-46.946833014068545
3653.127623629572,0.373145163059235,3.60062289237976,3.5538091431314904,-46.81374924826942
3654.141638388582,0.3709856569767,3.60062289237976,3.553952506938126,-46.67038544163393
3655.1555897996523,0.369186103343964,3.60062289237976,3.5540999811031573,-46.52291127660257
3656.1696190685225,0.367026597261429,3.60062289237976,3.5542419705285027,-46.3809218512572
3657.1835892362424,0.364147275686264,3.60078477859497,3.55437286976941,-46.41190882555968
3658.1975721443323,0.361987799406052,3.60062289237976,3.5545114661692927,-46.11142621046716
3659.211526386592,0.359828323125839,3.60062289237976,3.554650251378451,-45.97264100130882
3660.2255492852823,0.359108477830887,3.60078477859497,3.554807760920205,-45.97701767476492
3661.243810125922,0.357668817043304,3.60062289237976,3.5549604712691814,-45.6624211105785
3662.2535048383825,0.355509340763092,3.60078477859497,3.555100381142539,-45.68439745243103
3663.2674856230724,0.351910203695297,3.60062289237976,3.5552185648713426,-45.404327508417275
3664.2820308768623,0.349750697612762,3.60062289237976,3.555350512993841,-45.27237938591888
3665.295445422962,0.347951143980026,3.60062289237976,3.5554892117354,-45.133680644359856
3666.3094552273824,0.346871376037598,3.60062289237976,3.5556385159127095,-44.98437646705034
3667.3234091157524,0.343632161617279,3.60062289237976,3.5557580148094603,-44.864877570299555
3668.3374068876024,0.342192500829697,3.60078477859497,3.555897923714583,-44.886854880386906
3669.351350512882,0.340392917394638,3.60078477859497,3.5560348832712885,-44.74989532368134
3670.3653893370324,0.337513625621796,3.60062289237976,3.5561550023242154,-44.467890055544416
3671.3793184524525,0.335714042186737,3.60062289237976,3.5562890832536613,-44.33380912609852
3672.3933583383023,0.334994196891785,3.60062289237976,3.5564381612517155,-44.184731128044334
3673.4072994862922,0.333914458751678,3.60062289237976,3.556584503196884,-44.038389182875726
3674.421315660902,0.33067524433136,3.60046076774597,3.5567001011489228,-43.760666597047134
3675.4352656563724,0.327076077461243,3.60062289237976,3.556805194882936,-43.81769749682407
3676.449292801852,0.327795922756195,3.60062289237976,3.5569687535681465,-43.65413881161339
3677.4632495214023,0.323476940393448,3.60062289237976,3.5570659495904344,-43.556942789325426
3678.477259325822,0.324556678533554,3.60046076774597,3.5572334747058516,-43.2272930401183
3679.491201535512,0.320597618818283,3.60078477859497,3.5573372762827025,-43.447502312267346
3680.5052254959023,0.319877803325653,3.60062289237976,3.55747892028153,-43.143972098230066
3681.5191868161423,0.317358404397964,3.60062289237976,3.5575970537993067,-43.02583858045317
3682.5331814029023,0.315558820962906,3.60062289237976,3.5577232607589346,-42.89963162082522
3683.547116534602,0.314839005470276,3.60046076774597,3.5578651047095593,-42.5956630364106
3684.561145095682,0.313759237527847,3.60062289237976,3.5580048499077814,-42.61804247197843
3685.5750901365623,0.311959683895111,3.60062289237976,3.5581331242253915,-42.489768154368335
3686.5891194054325,0.309440284967422,3.60062289237976,3.5582496765952176,-42.373215784542225
3687.6030609073223,0.307640701532364,3.60062289237976,3.5583732965063266,-42.24959587343324
3688.6170912378925,0.305841118097305,3.60062289237976,3.55849672059374,-42.12617178601974
3689.6310132753324,0.304401487112045,3.60046076774597,3.5586251512259475,-41.835616520022434
3690.645047852692,0.303321719169617,3.60062289237976,3.5587556582641775,-41.86723411558235
3691.659029699082,0.300442427396774,3.60046076774597,3.5588687635314105,-41.59200421455944
3692.6729885420323,0.299362659454346,3.60062289237976,3.558994346476679,-41.628545903080735
3693.6907203034925,0.297563105821609,3.60062289237976,3.5591166276456714,-41.506264734088475
3694.7009816084424,0.295763522386551,3.60062289237976,3.5592368682226843,-41.386024157075596
3695.7149464676722,0.295403599739075,3.60078477859497,3.55937568309782,-41.40909549714999
3696.7289396388423,0.293604046106339,3.60046076774597,3.5594980009216233,-40.96276682434663
3697.742912283852,0.29108464717865,3.60062289237976,3.5596074796407335,-41.01541273902632
3698.7569181953822,0.290004879236221,3.60062289237976,3.5597331734034277,-40.889718976332205
3699.770880931222,0.290004879236221,3.60062289237976,3.5598784621037223,-40.744430276037576
3700.7848917973424,0.287125587463379,3.60078477859497,3.5599823627736704,-40.8024158212994
3701.7988587799723,0.28604581952095,3.60062289237976,3.5601083977217223,-40.51449465803758
3702.8128561979224,0.283166527748108,3.60046076774597,3.5602092160318075,-40.25155171416239
3703.826817164262,0.283886343240738,3.60062289237976,3.5603591905680863,-40.2637018116736
3704.840780607902,0.281007021665573,3.60078477859497,3.560460563911313,-40.324214683656656
3705.8547939513123,0.277767807245255,3.60046076774597,3.560550496265495,-39.910271480474876
3706.8687775672024,0.278127700090408,3.60062289237976,3.56069078342737,-39.93210895238963
3707.8827378257424,0.277407884597778,3.60062289237976,3.560821367317501,-39.80152506225876
3708.8967525847524,0.27560830116272,3.60046076774597,3.5609362411926053,-39.52452655336458
3709.9107160283925,0.273808747529984,3.60062289237976,3.5610487515907896,-39.574140788970254
3710.9247215860223,0.272728979587555,3.60062289237976,3.561169567239839,-39.45332513992072
3711.9386998934224,0.271649241447449,3.60062289237976,3.5612911333958523,-39.331758983907505
3712.9526951879725,0.269489765167236,3.60062289237976,3.5613971529258266,-39.22573945393326
3713.966647660742,0.267690181732178,3.60062289237976,3.5615047287469213,-39.1181636328386
3714.980640124102,0.265890628099442,3.60046076774597,3.5616137232121767,-38.847044533793174
3715.9945642849425,0.266970366239548,3.60062289237976,3.5617609817009805,-38.86191067877931
3717.008610894872,0.265890628099442,3.60062289237976,3.5618851253484536,-38.73776703130627
3718.0225099288623,0.263731122016907,3.60046076774597,3.5619904201931623,-38.47034755280765
3719.036576357142,0.260851800441742,3.60062289237976,3.5620814807697907,-38.54141160996916
3720.050552895052,0.260131984949112,3.60062289237976,3.5621996969541905,-38.423195425569375
3721.0645701313524,0.259052246809006,3.60062289237976,3.562315808390629,-38.30708398913085
3722.078524727512,0.255813002586365,3.60062289237976,3.5623983446881358,-38.22454769162409
3723.0924991420225,0.255093187093735,3.60046076774597,3.562514432234396,-37.94633551157389
3724.106483819602,0.255093187093735,3.60062289237976,3.5626433953257592,-37.97949705400061
3725.1204830070524,0.251853942871094,3.60062289237976,3.5627254538521465,-37.8974385276134
3726.1344613144524,0.251494020223618,3.60062289237976,3.562845483922036,-37.777408457723816
3727.148420157402,0.250414282083511,3.60046076774597,3.562960442987107,-37.500324758863
3728.1624097895724,0.251494020223618,3.60062289237976,3.5631035634954085,-37.51932888435139
3729.1764249024823,0.249694466590881,3.60062289237976,3.5632115802141953,-37.411312165564595
3730.190385514922,0.247175052762032,3.60062289237976,3.5633032137643506,-37.3196786154093
3731.204380101682,0.24645522236824,3.60078477859497,3.563416905466673,-37.36787312829692
3732.2183587629825,0.245015576481819,3.60062289237976,3.5635238777503337,-37.09901462942611
3733.2323547653323,0.244655653834343,3.60062289237976,3.5636443488518514,-36.978543527908414
3734.246321747962,0.242496162652969,3.60062289237976,3.5637389075170836,-36.8839848626763
3735.2603145652324,0.240336686372757,3.60062289237976,3.563829947829411,-36.792944550348764
3736.2746726063824,0.241056516766548,3.60062289237976,3.5639613184064034,-36.661573973356454
3737.2886364039123,0.237817287445068,3.60062289237976,3.5640411035347586,-36.5817888450013
3738.302204542242,0.237457364797592,3.60062289237976,3.564155618830633,-36.46727354912693
3739.3162373501023,0.234937965869904,3.60046076774597,3.5642396510918375,-36.221116654132416
3740.3304205650925,0.236737534403801,3.60062289237976,3.5643855931518647,-36.23729922789521
3741.3442456341722,0.234218135476112,3.60078477859497,3.564476238924032,-36.30853967093772
3742.358194214042,0.232418566942215,3.60062289237976,3.5645706932260297,-36.05219915373014
3743.3721700441524,0.231698736548424,3.60062289237976,3.5646788030107253,-35.94408936903459
3744.3861547217325,0.231338813900948,3.60062289237976,3.564794298333173,-35.828594046587
3745.4001252433522,0.228819414973259,3.60062289237976,3.564878119897338,-35.74477248242181
3746.414128677592,0.227379754185677,3.60046076774597,3.5649726287223555,-35.488139023614366
3747.4281130012723,0.224860355257988,3.60078477859497,3.565051411700725,-35.73336689424478
3748.4420987405624,0.225580185651779,3.60078477859497,3.565174988170247,-35.60979042472301
3749.456034933962,0.223060786724091,3.60062289237976,3.565255975187439,-35.36691719232099
3750.4700613716423,0.223420694470406,3.60062289237976,3.565375306726675,-35.24758565308473
3751.4840747150524,0.221621125936508,3.60046076774597,3.56546689686386,-34.99387088211003
3752.498009846762,0.223060786724091,3.60062289237976,3.5656041726897216,-35.018719690038225
3753.512003371822,0.220901295542717,3.60078477859497,3.565693272697685,-35.09150589728493
3754.5259774324322,0.220181465148926,3.60078477859497,3.5657978913251376,-34.98688726983224
3755.5399833439624,0.218021973967552,3.60046076774597,3.565881815015433,-34.578952730536905
3756.5539513882923,0.216582328081131,3.60046076774597,3.56597319588104,-34.48757186493001
3757.5679523452322,0.21586249768734,3.60062289237976,3.5660743504414185,-34.54854193834134
3758.5819356072225,0.215142667293549,3.60062289237976,3.5661759263615482,-34.446966018211626
3759.5959064827425,0.213703006505966,3.60062289237976,3.566271317287391,-34.35157509236886
3760.6098854979323,0.214422836899757,3.60062289237976,3.5663917192114782,-34.231173168281614
3761.6238758379022,0.212263345718384,3.60062289237976,3.566475790589702,-34.14710179005765
3762.637862992782,0.209743946790695,3.60046076774597,3.566550233897414,-33.91053384855569
3763.6518331605025,0.209384024143219,3.60062289237976,3.5666512429186863,-33.97164946107356
3764.665813591302,0.209384024143219,3.60062289237976,3.56676204825956,-33.860844120199744
3765.6799999913824,0.209024116396904,3.60078477859497,3.56686940618631,-33.91537240865983
3766.6937914400423,0.208304286003113,3.60078477859497,3.5669698330434665,-33.81494555150333
3767.707772578632,0.205424964427948,3.60062289237976,3.5670425138605255,-33.580378519234344
3768.7217607952125,0.205424964427948,3.60078477859497,3.567145505121462,-33.639273473507814
3769.7357405182124,0.203985318541527,3.60062289237976,3.567234091565714,-33.388800814045716
3770.749720595102,0.202905565500259,3.60046076774597,3.567325218879288,-33.135548866682015
3771.7637081038824,0.202185735106468,3.60078477859497,3.5674217663159364,-33.36301227903338
3772.7776085534724,0.201825827360153,3.60062289237976,3.5675242676524768,-33.09862472728309
3773.791677459042,0.201105996966362,3.60062289237976,3.5676227744718676,-33.00011790789226
3774.8056582437425,0.200386166572571,3.60062289237976,3.5677174009889256,-32.90549139083421
3775.8196379667324,0.197146937251091,3.60062289237976,3.5677855531549345,-32.83733922482534
3776.8336753752924,0.198226675391197,3.60078477859497,3.5678978249163,-32.886953678669784
3777.847608383602,0.197866767644882,3.60078477859497,3.568000827910881,-32.783950684089014
3778.8615863371024,0.195707276463509,3.60062289237976,3.568075678605871,-32.54721377388891
3779.8755851706524,0.195347368717194,3.60062289237976,3.568173890904416,-32.44900147534402
3780.8895464908924,0.193907707929611,3.60062289237976,3.568257729925275,-32.36516245448495
3781.903536123062,0.19318787753582,3.60062289237976,3.568349127072874,-32.27376530688586
3782.917525401332,0.191748216748238,3.60062289237976,3.5684314396250234,-32.191452754736446
3783.931535913552,0.190668478608131,3.60062289237976,3.5685171433544047,-32.105749025355124
3784.9454738764525,0.190668478608131,3.60062289237976,3.5686177203103497,-32.005172069410115
3785.959476602892,0.189588725566864,3.60062289237976,3.5687046183915347,-31.91827398822511
3786.973476498142,0.188508987426758,3.60062289237976,3.568790551273859,-31.83234110590094
3787.9874413573725,0.187429249286652,3.60078477859497,3.5688766460072308,-31.908132587739058
3789.0014309895423,0.187789157032967,3.60062289237976,3.5689814113345495,-31.641481045210362
3790.0153622283624,0.186349496245384,3.60062289237976,3.5690634539868196,-31.559438392940287
3791.029386188752,0.184909835457802,3.60062289237976,3.5691424854459495,-31.48040693381038
3792.043365557842,0.184190005064011,3.60062289237976,3.5692307077001413,-31.392184679618573
3793.057365453092,0.184549927711487,3.60062289237976,3.5693342707265168,-31.288621653243087
3794.0713497767724,0.183110266923904,3.60046076774597,3.5694159190859818,-31.044848659988133
3795.0853217139925,0.182390436530113,3.60062289237976,3.5695037327533923,-31.119159626367576
3796.099315946852,0.180950775742531,3.60062289237976,3.5695810903909067,-31.0418019888532
3797.1132861145725,0.180590867996216,3.60078477859497,3.569673006970439,-31.111771624530604
3798.127252389402,0.179871037602425,3.60046076774597,3.5697605649492,-30.700202796769993
3799.1412434371723,0.178791299462318,3.60078477859497,3.569842976016611,-30.941802578358768
3800.155250056492,0.178071469068527,3.60062289237976,3.569927206542075,-30.695685837685005
3801.169183772602,0.176271885633469,3.60078477859497,3.5699998141070224,-30.78496448794743
3802.1832066712923,0.175911977887154,3.60062289237976,3.5700859537000853,-30.536938679674552
3803.1971945339724,0.175552055239677,3.60062289237976,3.570175958492276,-30.446933887483763
3804.2111763803623,0.17375248670578,3.60078477859497,3.5702465926084197,-30.538185986550115
3805.225158580652,0.176631808280945,3.60062289237976,3.570383428268595,-30.23946411116496
3806.2391372419524,0.174832239747047,3.60078477859497,3.5704589745996382,-30.32580399533158
3807.2531187344425,0.172312825918198,3.60062289237976,3.570518452435041,-30.104439944719008
3808.2671136751023,0.171592995524406,3.60062289237976,3.5705983605237264,-30.024531856033487
3809.2814189852825,0.170873165130615,3.60062289237976,3.5706809366505747,-29.94195572918512
3810.2950685204023,0.171592995524406,3.60062289237976,3.570783338107904,-29.839554271855917
3811.3090542596824,0.168713688850403,3.60046076774597,3.5708375461711053,-29.623221574864633
3812.3230092097424,0.168353766202927,3.60062289237976,3.570922404171559,-29.700488208201037
3813.3370239687524,0.168713688850403,3.60062289237976,3.57101911890108,-29.60377347868004
3814.351002983952,0.167633935809135,3.60046076774597,3.571097953123895,-29.362814622075017
3815.3649919083223,0.166914105415344,3.60046076774597,3.571178170750785,-29.282596995185095
3816.3789808326924,0.165474459528923,3.60062289237976,3.571248316143964,-29.374576235795757
3817.3929163183025,0.164754629135132,3.60062289237976,3.5713249589511005,-29.297933428659384
3818.4069462949724,0.162595137953758,3.60062289237976,3.5713846464332666,-29.23824594649327
3819.4209224789824,0.164394706487656,3.60062289237976,3.5714968859612197,-29.12600641854013
3820.4349032636724,0.164034798741341,3.60046076774597,3.571582901342371,-28.877866403598684
3821.4488808632723,0.160795569419861,3.60046076774597,3.571628377718791,-28.832390027178967
3822.4628807585223,0.161515399813652,3.60062289237976,3.571723538512451,-28.899353867308797
3823.476826507202,0.160435646772385,3.60046076774597,3.571797022468388,-28.663745277581754
3824.490830295332,0.158995985984802,3.60062289237976,3.571863039311226,-28.759853068534014
3825.5048107261323,0.160435646772385,3.60078477859497,3.5719706926309263,-28.814085964043556
3826.5188084979823,0.16007573902607,3.60062289237976,3.572058350269224,-28.56454211053583
3827.532781850792,0.158276170492172,3.60078477859497,3.5721232102371103,-28.66156835785949
3828.5467697134723,0.158276170492172,3.60078477859497,3.572209725022269,-28.57505357270096
3829.5607533293523,0.15683650970459,3.60062289237976,3.5722771695170468,-28.345722862713085
3830.574746146622,0.156116679310799,3.60062289237976,3.5723518346156613,-28.27105776409855
3831.588730116402,0.155036926269531,3.60062289237976,3.572422108167468,-28.200784212291996
3832.602712670592,0.15431709587574,3.60062289237976,3.572497754275303,-28.125138104456937
3833.6166952247822,0.155396848917007,3.60062289237976,3.572597909499884,-28.02498287987598
3834.6306232785123,0.15359728038311,3.60062289237976,3.572660085705696,-27.962806674064034
3835.6446529012824,0.152877449989319,3.60062289237976,3.572734931201618,-27.88796117814174
3836.658652088722,0.151797696948051,3.60062289237976,3.572802637880388,-27.820254499371977
3837.6727383353523,0.152517527341843,3.60078477859497,3.572897327407008,-27.887451187961876
3838.6867286753222,0.15107786655426,3.60062289237976,3.572962598381132,-27.660293998627683
3839.7008117368623,0.148918390274048,3.60062289237976,3.5730148057038384,-27.608086675921406
3840.714553285752,0.148198559880257,3.60062289237976,3.573083017862482,-27.539874517277685
3841.7285570738923,0.149278298020363,3.60062289237976,3.573179043177393,-27.443849202366977
3842.7425318423025,0.147118806838989,3.60062289237976,3.573231471904042,-27.391420475717965
3843.756526075162,0.145679160952568,3.60062289237976,3.573290544023973,-27.332348355786795
3844.770453067182,0.146039068698883,3.60062289237976,3.573373586198828,-27.24930618093202
3845.784417572522,0.147478729486465,3.60062289237976,3.5734788966032958,-27.14399577646409
3846.7984397634123,0.146039068698883,3.60046076774597,3.573543963048966,-26.916804697004082
3847.812475048572,0.145679160952568,3.60062289237976,3.573619744639592,-27.003147740167766
3848.8263995633024,0.144599407911301,3.60062289237976,3.5736866762612376,-26.93621611852226
3849.840388133772,0.144599407911301,3.60062289237976,3.5737667018005395,-26.856190579220396
3850.8543664411723,0.143159747123718,3.60062289237976,3.5738274709748628,-26.795421404897102
3851.868387924272,0.142080008983612,3.60046076774597,3.573890594775218,-26.570172970751926
3852.882358799782,0.141720086336136,3.60062289237976,3.573963156784263,-26.659735595496947
3853.8963519709523,0.141360178589821,3.60046076774597,3.57403855760396,-26.42221014200974
3854.9102952423323,0.142080008983612,3.60078477859497,3.5741257466156204,-26.65903197934938
3855.9243255729025,0.14064034819603,3.60062289237976,3.5741926795230383,-26.430212856721536
3856.9382677825924,0.141360178589821,3.60062289237976,3.574277243339328,-26.345649040431685
3857.9522984670625,0.139560610055923,3.60062289237976,3.574336556963294,-26.286335416465967
3858.966259787302,0.139560610055923,3.60062289237976,3.5744125869687036,-26.21030541105629
3859.980246588282,0.138480857014656,3.60062289237976,3.574475380040948,-26.14751233881174
3860.994195168162,0.135961458086967,3.60046076774597,3.574516428977643,-25.94433876832669
3862.0082332845122,0.138480857014656,3.60062289237976,3.5746270608914905,-25.99583148826934
3863.0221900040624,0.13740111887455,3.60046076774597,3.574693269183296,-25.767498562673907
3864.036184944722,0.137041211128235,3.60062289237976,3.574764371287474,-25.858521092285702
3865.050152989042,0.134521797299385,3.60062289237976,3.5748079381465274,-25.814954233232434
3866.064141913422,0.135961458086967,3.60062289237976,3.574901884154129,-25.721008225630726
3867.078153487332,0.13416188955307,3.60062289237976,3.5749532127190133,-25.669679660746514
3868.0921296713423,0.132362321019173,3.60062289237976,3.5750001436605254,-25.622748719234423
3869.1060931149723,0.133082151412964,3.60062289237976,3.575081956688286,-25.540935691473976
3870.1200841627424,0.131282567977905,3.60062289237976,3.5751317865937233,-25.491105786036528
3871.1340178788523,0.132002398371696,3.60062289237976,3.5752136246500466,-25.409267729713303
3872.148077936952,0.128763169050217,3.60062289237976,3.575239946179653,-25.382946200106726
3873.1620109452624,0.130562737584114,3.60046076774597,3.575334317969475,-25.12644977649492
3874.1760324283523,0.13092266023159,3.60062289237976,3.575416728653933,-25.206163725826958
3875.1899211992823,0.131282567977905,3.60062289237976,3.5754993965072632,-25.123495872496626
3876.203988689252,0.130202829837799,3.60062289237976,3.5755622268855243,-25.06066549423558
3877.2179482400024,0.129482999444008,3.60062289237976,3.575626689465009,-24.99620291475102
3878.236337899922,0.129123076796532,3.60078477859497,3.575695822504325,-25.088956090644654
3879.2459349362325,0.128043338656425,3.60046076774597,3.5757537368512406,-24.707030894729254
3880.2599086429423,0.12768343091011,3.60078477859497,3.575819044837781,-24.96573375718869
3881.2742302324823,0.126243770122528,3.60062289237976,3.5758728487115743,-24.750043668185562
3882.287879767602,0.126963600516319,3.60046076774597,3.575952860683546,-24.507907062424117
3883.301849581422,0.126243770122528,3.60062289237976,3.576016629310081,-24.606263069678835
3884.3158501844723,0.126243770122528,3.60062289237976,3.576089318942023,-24.533573437736766
3885.329785316172,0.124804109334946,3.60046076774597,3.576140315759216,-24.3204519867537
3886.343792643302,0.125164017081261,3.60062289237976,3.576216129679023,-24.406762700736717
3887.357768827302,0.124084278941154,3.60046076774597,3.5762728102915133,-24.187957454456566
3888.3718023429724,0.122644625604153,3.60062289237976,3.5763226763921785,-24.300215987581364
3889.3857328739823,0.123004533350468,3.60062289237976,3.5763955652585175,-24.227327121242315
3890.3997632045525,0.123724363744259,3.60062289237976,3.57647719641948,-24.145695960279934
3891.4137170929225,0.123004533350468,3.60062289237976,3.576540855702513,-24.082036677246954
3892.4277194654524,0.121564880013466,3.60062289237976,3.5765910517571977,-24.03184062256214
3893.4416892792824,0.120845049619675,3.60046076774597,3.5766491558231035,-23.811611922866405
3894.4556997915024,0.121564880013466,3.60062289237976,3.5767282393382525,-23.894653041507397
3895.4696515564624,0.120125219225883,3.60062289237976,3.5767793138638426,-23.84357851591723
3896.4836546368024,0.120125219225883,3.60046076774597,3.576845613843911,-23.61515390205904
3897.4975784437324,0.118325650691986,3.60062289237976,3.576887666148933,-23.7352262308268
3898.5116254075624,0.119765304028988,3.60062289237976,3.576976064229692,-23.64682815006791
3899.5255513378925,0.119765304028988,3.60062289237976,3.5770469675610523,-23.575924818707517
3900.539594762732,0.117605820298195,3.60062289237976,3.5770859774626182,-23.536914917141605
3901.5535383880224,0.115806244313717,3.60046076774597,3.5771240950994523,-23.33667264651762
3902.567540760562,0.117605820298195,3.60062289237976,3.5772137880045394,-23.40910437522048
3903.5817016799024,0.117245905101299,3.60046076774597,3.577279925223154,-23.180842522815936
3904.5955338269623,0.116166159510612,3.60062289237976,3.5773328189994347,-23.290073380325182
3905.6094735593624,0.116166159510612,3.60062289237976,3.577399420450987,-23.22347192877272
3906.6234755780024,0.115086413919926,3.60078477859497,3.577450888243979,-23.33389035099076
3907.637452469802,0.114366583526134,3.60046076774597,3.577504677084689,-22.956090661280903
3908.6514152056425,0.113646760582924,3.60062289237976,3.577561660419196,-23.061231960563866
3909.6654260717623,0.11472649872303,3.60046076774597,3.577640789723059,-22.819978022910803
3910.6795232892623,0.115446329116821,3.60062289237976,3.5777207243417064,-22.90216803805345
3911.6933851638523,0.114006675779819,3.60062289237976,3.577771440919419,-22.851451460340844
3912.7073847052025,0.112926930189133,3.60062289237976,3.5778197424345115,-22.803149945248347
3913.7213389474623,0.11148726940155,3.60078477859497,3.57786347022406,-22.921308370909887
3914.7353629078425,0.111847184598446,3.60062289237976,3.5779299069980395,-22.692985381720376
3915.7493139650123,0.11148726940155,3.60078477859497,3.5779904410586725,-22.794337536297338
3916.7633039510824,0.111127354204655,3.60062289237976,3.578050718454381,-22.572173925378802
3917.777260670642,0.111127354204655,3.60062289237976,3.5781165176865386,-22.506374693221254
3918.791298079192,0.11148726940155,3.60062289237976,3.5781855228710553,-22.437369508704563
3919.805209145762,0.110407523810863,3.60062289237976,3.5782376276462338,-22.38526473352609
3920.8192423075225,0.109327785670757,3.60029888153076,3.5782846690225263,-22.014212508233655
3921.833216014232,0.10824804008007,3.60062289237976,3.578330772118456,-22.292120261303783
3922.8472130782825,0.107528209686279,3.60078477859497,3.5783822669024383,-22.40251169253149
3923.8611814765122,0.108967870473862,3.60062289237976,3.578463302690766,-22.159589688993897
3924.8751905731324,0.107888124883175,3.60062289237976,3.578514202029757,-22.108690350002735
3925.8891649876423,0.105368725955486,3.60062289237976,3.5785389629974667,-22.0839293822932
3926.9031418794425,0.107168294489384,3.60062289237976,3.5786221100577205,-22.00078232203939
3927.9171099237724,0.106448464095592,3.60062289237976,3.5786768726138547,-21.946019765905156
3928.9311257444724,0.106088548898697,3.60062289237976,3.5787348144481292,-21.88807793163061
3929.945094142702,0.106448464095592,3.60046076774597,3.578800411011459,-21.660356734511055
3930.9590498005523,0.104648895561695,3.60046076774597,3.578837892117927,-21.62287562804277
3931.9730525269924,0.105008810758591,3.60046076774597,3.5789023926918855,-21.558375054084422
3932.9870545456324,0.104648895561695,3.60062289237976,3.5789577346954387,-21.6651576843212
3934.0012236046623,0.103209234774113,3.60062289237976,3.5789992230883447,-21.623669291415126
3935.0151562590722,0.105368725955486,3.60062289237976,3.579091319683756,-21.53157269600392
3936.0291805733623,0.104288980364799,3.60062289237976,3.5791413872752553,-21.481505104504528
3937.0431783452123,0.102849319577217,3.60062289237976,3.5791827176991435,-21.44017468061632
3938.057154883112,0.103569149971008,3.60062289237976,3.5792522186379894,-21.370673741770485
3939.0709682735223,0.104288980364799,3.60046076774597,3.5793251004986275,-21.135667247342393
3940.0851281311725,0.102489404380322,3.60062289237976,3.579362301577227,-21.260590802532953
3941.0991007761822,0.0999700054526329,3.60062289237976,3.5793822085648617,-21.240683814898187
3942.1128501108524,0.102489404380322,3.60062289237976,3.579474800012013,-21.14809236774695
3943.126843989812,0.10176957398653,3.60046076774597,3.579528123234669,-20.932644511300946
3944.1410622408225,0.10104975104332,3.60062289237976,3.5795783221890933,-21.044570190666523
3945.1548473193025,0.101409666240215,3.60062289237976,3.5796432963240603,-20.979596055699545
3946.1690054074525,0.100689835846424,3.60078477859497,3.579694165668011,-21.090612926959018
3947.1830619265525,0.0996100902557373,3.60062289237976,3.57973727463809,-20.885617741669638
3948.196981132802,0.0988902598619461,3.60062289237976,3.579783553774238,-20.839338605521895
3949.2109785507523,0.0981704294681549,3.60062289237976,3.579830157218583,-20.792735161176967
3950.2249483645724,0.100689835846424,3.60046076774597,3.579925198619257,-20.53556912671306
3951.238943305232,0.0999700054526329,3.60046076774597,3.57997984318709,-20.48092455887973
3952.2527202440324,0.0978105142712593,3.60078477859497,3.58000910861631,-20.77566997865965
3953.266900273932,0.0970906913280487,3.60062289237976,3.5800538740893195,-20.569018290440333
3954.2812388506322,0.0985303446650505,3.60062289237976,3.5801289441545268,-20.493948225233094
3955.2946902022422,0.0963708609342575,3.60062289237976,3.580157893593818,-20.46499878594199
3956.308853952782,0.0949312001466751,3.60062289237976,3.5801904159907836,-20.432476388976273
3957.3226093037424,0.0960109457373619,3.60062289237976,3.580258837861695,-20.364054518065
3958.3365568219124,0.0952911153435707,3.60062289237976,3.5803054894513813,-20.31740292837858
3959.350583967392,0.0942113697528839,3.60078477859497,3.580345084783046,-20.43969381192401
3960.364585986032,0.0945712849497795,3.60062289237976,3.5804028141150774,-20.220078264682417
3961.3785904819724,0.0931316316127777,3.60029888153076,3.5804391731747964,-19.859708355963512
3962.3925507405124,0.0952911153435707,3.60062289237976,3.5805249679397706,-20.097924439989256
3963.406559837132,0.0949312001466751,3.60062289237976,3.5805805607366428,-20.042331643117084
3964.420554423892,0.0963708609342575,3.60062289237976,3.5806615353030757,-19.961357076684116
3965.434522114322,0.0945712849497795,3.60062289237976,3.5806972355585036,-19.925656821256243
3966.448484496262,0.0938514545559883,3.60062289237976,3.5807420523125164,-19.880840067243444
3967.462469527742,0.0931316316127777,3.60062289237976,3.5807860743477886,-19.836818031971237
3968.476489595242,0.0916919708251953,3.60062289237976,3.5808182983747856,-19.804594004974252
3969.490451977182,0.0913320556282997,3.60046076774597,3.58086557236304,-19.595195382930086
3970.5044384242624,0.0927717164158821,3.60078477859497,3.5809386953406532,-19.846083254316582
3971.518375679362,0.0916919708251953,3.60062289237976,3.5809816647717008,-19.641227608059086
3972.5324176886024,0.0913320556282997,3.60078477859497,3.5810301221488494,-19.7546564461204
3973.5463740542523,0.0913320556282997,3.60062289237976,3.581084599000868,-19.53829337889168
3974.5603651020224,0.0909721404314041,3.60062289237976,3.581134211088255,-19.48868129150494
3975.5743717213522,0.0906122252345085,3.60078477859497,3.58118277125332,-19.602007341649852
3976.5883238402125,0.0898923948407173,3.60062289237976,3.581225372618232,-19.397519761527704
3977.602318073072,0.0888126567006111,3.60062289237976,3.5812629312083457,-19.35996117141414
3978.6163013350624,0.0902523100376129,3.60078477859497,3.5813347799571242,-19.449998637845578
3979.630212047732,0.0895324796438217,3.60062289237976,3.581381409957322,-19.24148242243806
3980.6442671512423,0.0884527415037155,3.60046076774597,3.5814196858348337,-19.04108191113618
3981.6582482898325,0.0888126567006111,3.60062289237976,3.5814756500002276,-19.147242379532248
3982.6723026855425,0.0884527415037155,3.60046076774597,3.5815245147902504,-18.936252955719546
3983.6861277546222,0.0880928263068199,3.60062289237976,3.5815722487795854,-19.0506436001745
3984.7001602085925,0.0877329111099243,3.60046076774597,3.581618658914443,-18.842108831526705
3985.7141884157622,0.0862932503223419,3.60062289237976,3.581649014147409,-18.97387823235075
3986.7281561061923,0.0873729959130287,3.60046076774597,3.5817153880930657,-18.745379652904237
3987.742144322762,0.0877329111099243,3.60062289237976,3.5817744479496976,-18.848444430062283
3988.7561162599823,0.0866531655192375,3.60062289237976,3.5818135392576664,-18.80935312209342
3989.7701232332124,0.0859333351254463,3.60062289237976,3.581855280395937,-18.767611983822707
3990.7841287908423,0.0866531655192375,3.60062289237976,3.581916828383328,-18.706063996432043
3991.7981003741525,0.0855734199285507,3.60046076774597,3.5819546724446814,-18.50609530128855
3992.8120680645825,0.0848535969853401,3.60078477859497,3.581993194963433,-18.791583631536657
3993.8259893942222,0.0837738513946533,3.60046076774597,3.5820279490193667,-18.432818726603184
3994.8400314034625,0.0866531655192375,3.60046076774597,3.582116608208416,-18.34415953755375
3995.8540114803623,0.0844936817884445,3.60062289237976,3.582142849371893,-18.480043007866875
3996.8680120834024,0.0826941058039665,3.60062289237976,3.5821640757863005,-18.45881659345938
3997.881985790112,0.0812544450163841,3.60046076774597,3.5821899196971643,-18.270848048805632
3998.8959478181523,0.0852135047316551,3.60062289237976,3.5822918810339504,-18.3310113458095
3999.9099643466625,0.0837738513946533,3.60062289237976,3.582330184821581,-18.29270755817891
4000.923934160482,0.0837738513946533,3.60078477859497,3.5823801064348153,-18.40467216015451
4001.9379170685725,0.0826941058039665,3.60046076774597,3.582416149191423,-18.044618554546865
4002.9518872362924,0.0826941058039665,3.60062289237976,3.5824646811575738,-18.158211222186083
4003.9658889010325,0.0823341906070709,3.60062289237976,3.5825106147723207,-18.112277607439164
4004.979842435492,0.0823341906070709,3.60078477859497,3.582558266245926,-18.226512349043933
4005.9938575484025,0.0816143602132797,3.60062289237976,3.58260041939851,-18.022472981249926
4007.0078291317122,0.0819742754101753,3.60062289237976,3.5826538338348284,-17.96905854493147
4008.0218106242123,0.0816143602132797,3.60046076774597,3.5826991552448497,-17.761612501120183
4009.035792824502,0.0812544450163841,3.60062289237976,3.582743395053499,-17.879497326260818
4010.0497842261625,0.0808945298194885,3.60078477859497,3.582787511213888,-17.997267381081983
4011.0637639491624,0.0816143602132797,3.60062289237976,3.5828464401431543,-17.77645223660551
4012.0777818932625,0.0805346220731735,3.60062289237976,3.5828825473201915,-17.74034505956834
4013.091736489422,0.0798147916793823,3.60062289237976,3.5829199276902206,-17.702964689539247
4014.105715858512,0.0794548764824867,3.60046076774597,3.582961479293464,-17.499288452505812
4015.1197642379425,0.0801747068762779,3.60062289237976,3.5830220826368997,-17.600809742860157
4016.1336384990022,0.0816143602132797,3.60062289237976,3.583093625153775,-17.529267225985024
4017.1476617515923,0.0787350460886955,3.60062289237976,3.5831040847032813,-17.51880767647851
4018.161657753942,0.0769354701042175,3.60046076774597,3.583122646443581,-17.338121302389098
4019.175848754712,0.0790949612855911,3.60046076774597,3.5831963000421627,-17.264467703807185
4020.1896225084224,0.0787350460886955,3.60046076774597,3.583242016393375,-17.218751352594985
4021.2036001080223,0.0787350460886955,3.60062289237976,3.5832894751943494,-17.333417185410482
4022.2175784154224,0.0769354701042175,3.60062289237976,3.583311889072864,-17.311003306895945
4023.231555307222,0.0772953853011131,3.60062289237976,3.5833606966982368,-17.262195681523096
4024.245535738022,0.0765755623579025,3.60078477859497,3.58339628449002,-17.388494104949803
4025.2595575750124,0.0762156471610069,3.60062289237976,3.5834344729376024,-17.188419442157432
4026.2738214790024,0.0754958167672157,3.60046076774597,3.583470964947582,-16.98980279838791
4027.287467121232,0.0769354701042175,3.60062289237976,3.5835362951411183,-17.086597238641588
4028.3014822341424,0.0772953853011131,3.60062289237976,3.5835922342788606,-17.03065810089921
4029.3154594798425,0.0769354701042175,3.60062289237976,3.583637022104429,-16.98587027533094
4030.3294660991724,0.0762156471610069,3.60062289237976,3.583674400998189,-16.94849138157073
4031.3434242343224,0.0758557319641113,3.60062289237976,3.5837144449690395,-16.908447410720395
4032.3574248373625,0.0751359015703201,3.60062289237976,3.5837493513604834,-16.873541019276406
4033.3713801413223,0.0740561559796333,3.60062289237976,3.5837789732959413,-16.843919083818548
4034.385378267072,0.0740561559796333,3.60046076774597,3.583821971850341,-16.63879589562889
4035.399395149472,0.0754958167672157,3.60078477859497,3.5838846972658245,-16.900081329145333
4036.413342667652,0.0740561559796333,3.60062289237976,3.583915246542231,-16.70764583752904
4037.427333007622,0.0736962407827377,3.60046076774597,3.5839534613250996,-16.507306420870282
4038.441306006532,0.0736962407827377,3.60062289237976,3.583998756769237,-16.624135610523005
4039.4552970543023,0.0744160711765289,3.60078477859497,3.5840536910620555,-16.7310875329143
4040.4692916410622,0.0733363255858421,3.60078477859497,3.584085012491567,-16.699766103402958
4041.4832632243724,0.0726164951920509,3.60062289237976,3.5841177701151765,-16.50512226458334
4042.4972489636525,0.0722565874457359,3.60062289237976,3.584156469208303,-16.466423171456857
4043.511230456152,0.0736962407827377,3.60062289237976,3.5842216479529623,-16.40124442679758
4044.525239906672,0.0736962407827377,3.60062289237976,3.5842705037991247,-16.352388580635147
4045.539199103522,0.0718966722488403,3.60078477859497,3.584289723817269,-16.495054777700968
4046.5531869661922,0.0715367570519447,3.60078477859497,3.584326382031835,-16.45839656313486
4047.5671716437723,0.0718966722488403,3.60062289237976,3.5843733919490623,-16.249500430697505
4048.581484031942,0.0711768418550491,3.60078477859497,3.5844070626628146,-16.3777159321552
4049.595135336562,0.0704570114612579,3.60062289237976,3.584438893143835,-16.18399923592495
4050.609115059552,0.0704570114612579,3.60046076774597,3.5844808182107104,-15.979949535259497
4051.623074256402,0.0722565874457359,3.60078477859497,3.5845510226351225,-16.23375595984733
4052.6370737977522,0.0711768418550491,3.60062289237976,3.5845839389918854,-16.03895338787442
4053.651116514792,0.0708169266581535,3.60062289237976,3.5846216089709455,-16.00128340881435
4054.6652346123424,0.0700970962643623,3.60062289237976,3.5846537527723044,-15.969139607455496
4055.679419950722,0.0690173506736755,3.60062289237976,3.5846794845557355,-15.94340782402437
4056.6932163539723,0.0697371810674667,3.60062289237976,3.5847289722619675,-15.893920117792337
4057.707193953582,0.0693772658705711,3.60062289237976,3.584768394787567,-15.854497592192818
4058.721164121292,0.0697371810674667,3.60078477859497,3.5848166538196593,-15.96812477531051
4059.7351505683723,0.0697371810674667,3.60062289237976,3.5848594903803,-15.763401999459692
4060.7491522331225,0.0672177821397781,3.60078477859497,3.584864527714312,-15.92025088065796
4061.763127001522,0.0668578669428825,3.60062289237976,3.5848958595809495,-15.72703279881038
4062.777103539432,0.0679376125335693,3.60046076774597,3.5849522234418925,-15.508544304077443
4063.7910825546323,0.0704570114612579,3.60062289237976,3.585034076052267,-15.588816327492871
4064.8050718329023,0.0693772658705711,3.60062289237976,3.585068065129281,-15.554827250479075
4065.819055802682,0.0679376125335693,3.60062289237976,3.5850919490589166,-15.53094332084326
4066.8330542823323,0.0675776973366737,3.60062289237976,3.585126066721976,-15.496825657783653
4067.8469876445424,0.0672177821397781,3.60062289237976,3.5851610088341253,-15.461883545634603
4068.8608088207425,0.0668578669428825,3.60062289237976,3.5851957657969806,-15.427126582779227
4069.8749916818324,0.0664979517459869,3.60062289237976,3.5852284568733683,-15.394435506391524
4070.8889544176623,0.0654182061553001,3.60062289237976,3.5852563215127393,-15.366570867020535
4071.902786564732,0.0672177821397781,3.60062289237976,3.5853182066712135,-15.304685708546373
4072.9169135097623,0.0679376125335693,3.60062289237976,3.5853756121805977,-15.247280199162105
4073.930714867602,0.0672177821397781,3.60046076774597,3.585409207558155,-15.05156018781495
4074.9447260876123,0.0657781213521957,3.60062289237976,3.5854295596995995,-15.19333268016032
4075.9586937780423,0.0657781213521957,3.60046076774597,3.585468486008337,-14.992281737633117
4076.972680225122,0.0654182061553001,3.60046076774597,3.585503081008057,-14.95768673791309
4077.9866726884825,0.0650582909584045,3.60062289237976,3.585536447776707,-15.086444603052751
4079.000768490392,0.0643384605646133,3.60046076774597,3.5855674080881186,-14.893359657851324
4080.0146066537422,0.0650582909584045,3.60062289237976,3.585614675727549,-15.008216652210749
4081.0285700973823,0.0650582909584045,3.60062289237976,3.585656169758815,-14.966722620944672
4082.0426050286424,0.0643384605646133,3.60078477859497,3.5856864952010383,-15.098283393931489
4083.056560332592,0.0643384605646133,3.60062289237976,3.585726054871247,-14.896837508513006
4084.070546425772,0.0646983757615089,3.60046076774597,3.585771135192795,-14.689632553174903
4085.084533580652,0.0639785528182983,3.60062289237976,3.5858015508819947,-14.82134149776515
4086.0985317064024,0.0628988072276115,3.60062289237976,3.5858236245771713,-14.799267802588556
4087.1124841791625,0.0628988072276115,3.60046076774597,3.585860956627577,-14.599811118392925
4088.1264851361125,0.0636186376214027,3.60078477859497,3.5859106735651367,-14.874105029833107
4089.1404485797425,0.0646983757615089,3.60046076774597,3.5859671139083042,-14.493653837665654
4090.154370263282,0.0628988072276115,3.60062289237976,3.585983564203119,-14.63932817664082
4091.1684504936325,0.0625388920307159,3.60062289237976,3.5860169202681296,-14.605972111630283
4092.1824295088322,0.0632587224245071,3.60062289237976,3.5860634955887787,-14.559396790981172
4093.196385874482,0.0610992312431335,3.60062289237976,3.586071308087313,-14.55158429244685
4094.210368428672,0.0618190616369247,3.60046076774597,3.5861168698808705,-14.343897865099375
4095.2243081610723,0.0621789768338203,3.60078477859497,3.586161295857611,-14.623482737358806
4096.238378836142,0.0614591464400291,3.60062289237976,3.5861898644164265,-14.433027963333345
4097.252325292622,0.0614591464400291,3.60062289237976,3.586225057053899,-14.397835325860697
4098.266300061022,0.0592996589839458,3.60062289237976,3.586231677546781,-14.391214832978783
4099.280606079013,0.060019489377737,3.60062289237976,3.5862758852713927,-14.347007108367116
4100.294275786382,0.0628988072276115,3.60062289237976,3.586354917902747,-14.267974477012668
4101.308215164872,0.0614591464400291,3.60062289237976,3.5863795707434165,-14.243321636343342
4102.322263190403,0.0614591464400291,3.60062289237976,3.5864192816674167,-14.203610712343107
4103.336214955362,0.0610992312431335,3.60078477859497,3.5864528736972634,-14.331904897706416
4104.350224405893,0.0607393197715282,3.60062289237976,3.5864867277633814,-14.136164616378455
4105.364186433932,0.0614591464400291,3.60062289237976,3.5865330198618404,-14.089872517919488
4106.378217826193,0.0596595741808414,3.60062289237976,3.5865466782779363,-14.076214101823581
4107.3921582663925,0.0589397437870502,3.60078477859497,3.5865698566692115,-14.21492192575835
4108.406152853152,0.0596595741808414,3.60046076774597,3.586616050089368,-13.84471765660189
4109.420141069722,0.0596595741808414,3.60062289237976,3.5866538628008366,-13.969029578923209
4110.434138841572,0.0592996589839458,3.60046076774597,3.5866867270622165,-13.77404068375343
4111.448095207233,0.0592996589839458,3.60062289237976,3.5867243020042774,-13.898590375482467
4112.462052280683,0.0596595741808414,3.60062289237976,3.5867662185296014,-13.85667385015843
4113.476053237622,0.0592996589839458,3.60078477859497,3.5867993805208345,-13.985398074135347
4114.490077198012,0.0585798323154449,3.60062289237976,3.586824571125234,-13.79832125452607
4115.504013037512,0.0571401715278625,3.60078477859497,3.5868400613964195,-13.944717198550283
4116.518010809363,0.0596595741808414,3.60062289237976,3.5869093200036035,-13.713572376156336
4117.531978145892,0.0589397437870502,3.60078477859497,3.586941635470517,-13.843143124452784
4118.545989365913,0.0589397437870502,3.60046076774597,3.586979516336944,-13.481251409026118
4119.559927682712,0.0582199171185493,3.60078477859497,3.587006199623311,-13.778578971658906
4120.573968276352,0.0578600019216537,3.60029888153076,3.587037428187532,-13.261453343227814
4121.587927473202,0.0578600019216537,3.60062289237976,3.5870721503639373,-13.550742015822514
4122.601930907443,0.0571401715278625,3.60062289237976,3.587097105051401,-13.525787328358962
4123.615846928592,0.0567802563309669,3.60046076774597,3.5871271108507865,-13.333656895183399
4124.629891769032,0.0582199171185493,3.60062289237976,3.5871840297572954,-13.43886262246441
4125.643856274362,0.0575000867247581,3.60046076774597,3.5872124835597194,-13.248284186250459
4126.657919163652,0.0567802563309669,3.60062289237976,3.5872370149546793,-13.385877425080572
4127.671997978402,0.056060429662466,3.60046076774597,3.587261517428178,-13.19925031779201
4128.685776332803,0.0564203448593616,3.60046076774597,3.587299919136305,-13.160848609664821
4129.699738714742,0.0564203448593616,3.60062289237976,3.587334505175219,-13.288387204541063
4130.713776477192,0.0553405992686749,3.60046076774597,3.5873537345426914,-13.10703320327855
4131.727753722892,0.0549806840717793,3.60062289237976,3.587381840179782,-13.241052199977954
4132.741763527312,0.056060429662466,3.60062289237976,3.587431287352823,-13.191605026936948
4133.755703967502,0.0567802563309669,3.60062289237976,3.587479058492789,-13.143833886970935
4134.7697328824825,0.0553405992686749,3.60046076774597,3.5874966201311027,-12.964147614867194
4135.783682524052,0.0553405992686749,3.60046076774597,3.587530229343909,-12.930538402061043
4136.797688081682,0.0564203448593616,3.60062289237976,3.587582127217039,-13.040765162720902
4137.811658957202,0.056060429662466,3.60078477859497,3.587614671846784,-13.170106748185972
4138.825660975842,0.0549806840717793,3.60078477859497,3.587633981900512,-13.150796694457956
4139.839607432323,0.0542608574032784,3.60078477859497,3.5876557614600553,-13.129017134914545
4140.853626792023,0.0549806840717793,3.60062289237976,3.5876998071155985,-12.923085264161305
4141.867587050562,0.0549806840717793,3.60062289237976,3.587734874133637,-12.888018246123067
4142.881588007503,0.0542608574032784,3.60078477859497,3.5877596697520673,-13.025108842902533
4143.895546850452,0.0539009422063828,3.60062289237976,3.5877865891626883,-12.83630321707152
4144.909541791112,0.0531811118125916,3.60062289237976,3.587808018116626,-12.81487426313399
4145.923507358142,0.0524612851440907,3.60062289237976,3.5878288392341955,-12.794053145564366
4146.937522471052,0.052821196615696,3.60062289237976,3.587863139907585,-12.759752472174757
4147.951478128903,0.0521013699471951,3.60046076774597,3.587886853301073,-12.573914444896861
4148.965502443192,0.0557005144655704,3.60062289237976,3.5879706891436767,-12.652203236083182
4149.979458101052,0.0539009422063828,3.60046076774597,3.58798816456738,-12.472603178590003
4150.993445255922,0.0521013699471951,3.60062289237976,3.5879962207048166,-12.626671674943246
4152.007381095433,0.0531811118125916,3.60062289237976,3.588041740621781,-12.581151757979026
4153.021431244352,0.0535410270094872,3.60046076774597,3.588082740781127,-12.378026964842803
4154.035381947622,0.0539009422063828,3.60046076774597,3.588123957257575,-12.336810488394967
4155.049392105942,0.0539009422063828,3.60062289237976,3.5881608198982278,-12.462072481532083
4156.063353072283,0.0495819672942162,3.60046076774597,3.588128833190589,-12.33193455538073
4157.077374909272,0.0524612851440907,3.60046076774597,3.588194986009736,-12.265781736233716
4158.091324550843,0.0517414547502995,3.60062289237976,3.5882206239616643,-12.402268418095552
4159.105311705723,0.0521013699471951,3.60062289237976,3.5882586860080465,-12.364206371713315
4160.1193183250525,0.052821196615696,3.60062289237976,3.5883034937616016,-12.319398618158228
4161.1332817686925,0.052821196615696,3.60062289237976,3.5883406467612122,-12.282245618547627
4162.147265384572,0.052821196615696,3.60046076774597,3.588374717945207,-12.08604980076311
4163.161240152982,0.0510216243565083,3.60062289237976,3.5883826586878285,-12.24023369193139
4164.175186255562,0.0503017976880074,3.60062289237976,3.5884005498151983,-12.222342564561561
4165.189219417322,0.0506617091596127,3.60062289237976,3.5884352908891244,-12.187601490635469
4166.203180029773,0.0510216243565083,3.60062289237976,3.5884724576681903,-12.150434711569513
4167.217221331212,0.0506617091596127,3.60078477859497,3.58850054554222,-12.284233052749727
4168.231161771402,0.0506617091596127,3.60078477859497,3.588532695011253,-12.252083583716988
4169.245151757473,0.0513815395534039,3.60062289237976,3.588576644225122,-12.04624815463795
4170.259129003182,0.0510216243565083,3.60062289237976,3.588605550129552,-12.017342250207896
4171.273426173682,0.0506617091596127,3.60062289237976,3.5886316873004485,-11.991205079311396
4172.287109683122,0.0492220520973206,3.60062289237976,3.588641913332323,-11.98097904743678
4173.301085867122,0.048862136900425,3.60046076774597,3.588666390929418,-11.794376816551821
4174.315072314203,0.0499418824911118,3.60062289237976,3.5887111484693994,-11.911743910360428
4175.329014169993,0.0503017976880074,3.60078477859497,3.588748669502355,-12.036109092614655
4176.343037422583,0.0492220520973206,3.60046076774597,3.588766659695919,-11.694108050051
4177.357024577463,0.0499418824911118,3.60062289237976,3.588807795543277,-11.815096836482741
4178.371003946552,0.048862136900425,3.60062289237976,3.5888240094761144,-11.798882903645502
4179.3849797766625,0.0485022217035294,3.60046076774597,3.588848040751438,-11.612726994532085
4180.398966223743,0.0503017976880074,3.60062289237976,3.5889059284911053,-11.716963888654508
4181.412955148112,0.0506617091596127,3.60078477859497,3.588947705484803,-11.837073110166685
4182.426930624322,0.0492220520973206,3.60046076774597,3.5889604052190878,-11.500362526882135
4183.440919902592,0.0481423102319241,3.60062289237976,3.5889743042124427,-11.648588167317175
4184.454864589572,0.048862136900425,3.60062289237976,3.589013303081368,-11.609589298391843
4185.468889965562,0.048862136900425,3.60062289237976,3.5890455508192898,-11.577341560470078
4186.4828247433625,0.048862136900425,3.60062289237976,3.589074994919128,-11.547897460631784
4187.496845518663,0.0477823950350285,3.60062289237976,3.5890965029000035,-11.526389479756372
4188.510840813222,0.0495819672942162,3.60062289237976,3.589141950690727,-11.480941689032687
4189.524810627042,0.0467026494443417,3.60062289237976,3.589136822458545,-11.486069921214703
4190.538803444302,0.0452629923820496,3.60062289237976,3.5891396918047063,-11.483200575053587
4191.552748839083,0.0467026494443417,3.60062289237976,3.589185935825013,-11.436956554746747
4192.5667788157525,0.048862136900425,3.60078477859497,3.589249558220561,-11.535220374408794
4193.580715716962,0.0495819672942162,3.60062289237976,3.5892979247512042,-11.324967628555616
4194.594718797292,0.0485022217035294,3.60062289237976,3.5893179564486455,-11.304935931114368
4195.608716923042,0.0470625646412373,3.60062289237976,3.5893264053516347,-11.296487028125135
4196.622689214162,0.0470625646412373,3.60062289237976,3.589354982521577,-11.267909858182712
4197.636648057112,0.0474224798381329,3.60062289237976,3.5893895439885823,-11.233348391177511
4198.650903821413,0.0470625646412373,3.60046076774597,3.5894153492625227,-11.0454184834472
4199.664644662503,0.0474224798381329,3.60062289237976,3.589451959541936,-11.170932837823777
4200.6787135680825,0.0481423102319241,3.60062289237976,3.5894928578377656,-11.130034541994238
4201.692615433272,0.0470625646412373,3.60062289237976,3.589511776861148,-11.111115518611658
4202.706609312232,0.0474224798381329,3.60078477859497,3.5895464532507595,-11.23832534421032
4203.720590096922,0.0470625646412373,3.60062289237976,3.589572241341288,-11.050651038472026
4204.734555310062,0.0467026494443417,3.60062289237976,3.589595674000504,-11.02721837925591
4205.748542111032,0.0459828227758408,3.60062289237976,3.58961542946677,-11.00746291298993
4206.7625136943525,0.0459828227758408,3.60062289237976,3.5896443260269777,-10.97856635278216
4207.776523144872,0.0467026494443417,3.60062289237976,3.5896814388948544,-10.941453484905495
4208.790467124062,0.0456229075789452,3.60062289237976,3.5896971415445975,-10.92575083516234
4209.8044981624325,0.0452629923820496,3.60046076774597,3.5897188753834675,-10.741892362502448
4210.818460898262,0.0445431619882584,3.60062289237976,3.5897352741136053,-10.887618266154586
4211.832445929752,0.0441832467913628,3.60046076774597,3.5897592654300707,-10.70150231589917
4212.846445117202,0.0459828227758408,3.60062289237976,3.589811184135304,-10.811708244455875
4213.860403252343,0.0463427342474461,3.60062289237976,3.589849577081726,-10.773315298033825
4214.874392176723,0.044903077185154,3.60062289237976,3.58986024697613,-10.762645403629811
4215.8883860556825,0.0441832467913628,3.60062289237976,3.5898758192853766,-10.747073094383275
4216.902367902072,0.0441832467913628,3.60062289237976,3.5899019665540397,-10.720925825720151
4217.916363196632,0.0441832467913628,3.60062289237976,3.5899267792687444,-10.696113111015482
4218.930328409762,0.0423836745321751,3.60062289237976,3.5899284478230906,-10.694444556669236
4219.944287960512,0.0438233353197575,3.60062289237976,3.5899729477587,-10.649944621059948
4220.958285378462,0.0456229075789452,3.60062289237976,3.590028929707912,-10.593962671847645
4221.972296598482,0.0445431619882584,3.60062289237976,3.5900481837401577,-10.574708639602193
4222.986274905872,0.0441832467913628,3.60062289237976,3.590071875261226,-10.551017118533679
4224.0002779862125,0.044903077185154,3.60078477859497,3.5901107374343737,-10.674041160596115
4225.014227273882,0.0445431619882584,3.60062289237976,3.5901367920937264,-10.486100286033473
4226.028217259953,0.044903077185154,3.60062289237976,3.5901723040288434,-10.450588350916501
4227.042211492822,0.0438233353197575,3.60078477859497,3.590185417654978,-10.599360939991698
4228.056173166962,0.0438233353197575,3.60062289237976,3.590212927890453,-10.409964489306756
4229.0702236697825,0.0445431619882584,3.60062289237976,3.590252654742685,-10.370237637074897
4230.084138983132,0.044903077185154,3.60078477859497,3.5902897862624923,-10.494992332477526
4231.098148787552,0.0452629923820496,3.60062289237976,3.5903269919875727,-10.295900392187196
4232.112130633952,0.0445431619882584,3.60062289237976,3.5903478535489337,-10.275038830826144
4233.126106110152,0.0441832467913628,3.60062289237976,3.590371066224343,-10.251826155416754
4234.140090787732,0.0438233353197575,3.60078477859497,3.590396832261733,-10.387946333236808
4235.154057062562,0.0445431619882584,3.60062289237976,3.590428186219415,-10.19470616034468
4236.1680580195125,0.0427435897290707,3.60078477859497,3.5904354675652024,-10.349311029767438
4237.1820214631425,0.0423836745321751,3.60062289237976,3.590453591628715,-10.16930075104483
4238.196018527202,0.0423836745321751,3.60062289237976,3.590477927086908,-10.144965292851804
4239.210022315332,0.0420237630605698,3.60062289237976,3.5904986256485927,-10.124266731167175
4240.223964878923,0.040944017469883,3.60046076774597,3.590507800995512,-9.952966750458092
4241.237978930132,0.0423836745321751,3.60062289237976,3.5905523763367477,-10.070516043012123
4242.2518411586225,0.0427435897290707,3.60062289237976,3.59058818234469,-10.03471003506995
4243.2660569323325,0.0420237630605698,3.60062289237976,3.590605386240081,-10.017506139679
4244.279924823202,0.0413039326667786,3.60046076774597,3.590621769051867,-9.838998694102763
4245.293894990922,0.0423836745321751,3.60062289237976,3.590662469909318,-9.96042247044171
4246.307843216902,0.0423836745321751,3.60062289237976,3.5906918896125384,-9.931002767221475
4247.321872839672,0.0420237630605698,3.60062289237976,3.5907141618376275,-9.908730542132371
4248.335867426433,0.040944017469883,3.60062289237976,3.590723942745341,-9.898949634418841
4249.349796187952,0.0420237630605698,3.60062289237976,3.5907660235274013,-9.856868852358591
4250.363815193752,0.0420237630605698,3.60062289237976,3.5907956163138617,-9.827276065898172
4251.377795624552,0.0416638478636742,3.60078477859497,3.5908181552070393,-9.966623387930529
4252.391847189062,0.0413039326667786,3.60062289237976,3.5908398264211767,-9.783065958583137
4253.4057667492125,0.0413039326667786,3.60062289237976,3.590865815678415,-9.757076701344847
4254.419747887802,0.0395043604075909,3.60078477859497,3.590866054790838,-9.918723804131613
4255.433747429152,0.0402241870760918,3.60062289237976,3.590896812839857,-9.726079539902788
4256.447712996182,0.0405841022729874,3.60062289237976,3.590928100678289,-9.694791701470695
4257.461703690053,0.0405841022729874,3.60062289237976,3.590953972442783,-9.668919936976828
4258.4758964603125,0.0380646996200085,3.60046076774597,3.590940526037089,-9.520241708881105
4259.489692155772,0.0384246148169041,3.60078477859497,3.590965414572747,-9.819364022222832
4260.503610300322,0.0391444452106953,3.60046076774597,3.591000183892219,-9.460583853750926
4261.5176328451125,0.0413039326667786,3.60062289237976,3.591059487333826,-9.56340504593367
4262.531616814892,0.0402241870760918,3.60062289237976,3.5910756889710864,-9.547203408673433
4263.545593352802,0.0413039326667786,3.60046076774597,3.591118093686531,-9.342674059439116
4264.559591478553,0.0405841022729874,3.60078477859497,3.5911373535377735,-9.64742505719629
4265.573578987322,0.0387845300137997,3.60046076774597,3.591135364102148,-9.32540364382195
4266.587560833712,0.0377047881484032,3.60062289237976,3.591140078713972,-9.482813665787848
4267.601522507853,0.0387845300137997,3.60046076774597,3.5911766053036063,-9.28416244236363
4268.615533020073,0.0380646996200085,3.60046076774597,3.5911915571222637,-9.269210623706226
4269.629502126102,0.040944017469883,3.60062289237976,3.591259351951775,-9.36354042798504
4270.643480433502,0.0405841022729874,3.60062289237976,3.591287337576033,-9.335554803727053
4271.657440692043,0.0405841022729874,3.60062289237976,3.5913157877771344,-9.307104602625405
4272.671548526522,0.0398642756044865,3.60062289237976,3.591333241979006,-9.289650400754024
4273.6854472066225,0.0395043604075909,3.60062289237976,3.591353380068224,-9.269512311536054
4274.699419497732,0.0391444452106953,3.60078477859497,3.5913728024357776,-9.411976159192204
4275.713391434952,0.0387845300137997,3.60062289237976,3.591390642520712,-9.232249859048025
4276.727388852903,0.0380646996200085,3.60062289237976,3.591405187700936,-9.217704678823768
4277.741361851812,0.0391444452106953,3.60062289237976,3.5914446499974035,-9.178242382356316
4278.755352899582,0.0391444452106953,3.60062289237976,3.591471887202389,-9.151005177370664
4279.769334392072,0.0391444452106953,3.60046076774597,3.5914956813116614,-8.965086434308489
4280.783323316442,0.0377047881484032,3.60062289237976,3.591503502333871,-9.11939004588902
4281.797288529582,0.0387845300137997,3.60062289237976,3.591538792353851,-9.084100025908981
4282.811239232842,0.0373448729515076,3.60062289237976,3.5915437778608563,-9.07911451890353
4283.825273102402,0.0373448729515076,3.60062289237976,3.591565779243215,-9.057113136544892
4284.839259903382,0.0380646996200085,3.60062289237976,3.5916011371648007,-9.021755214959182
4285.853221577522,0.0391444452106953,3.60078477859497,3.5916444897711512,-9.140288823818565
4286.867217579882,0.0384246148169041,3.60062289237976,3.591661496150034,-8.961396229725693
4287.881198718473,0.0384246148169041,3.60062289237976,3.591685506506922,-8.937385872837655
4288.895190120143,0.0377047881484032,3.60078477859497,3.591702753242744,-9.082025352225909
4289.9091687814425,0.0384246148169041,3.60062289237976,3.5917361699855648,-8.886722394195079
4290.923150273932,0.0384246148169041,3.60078477859497,3.591763680725633,-9.021097869336803
4291.937126457932,0.0387845300137997,3.60062289237976,3.5917928623408315,-8.83003003892835
4292.951089901572,0.036984957754612,3.60062289237976,3.5917931133296768,-8.829779050083086
4293.965066439482,0.0373448729515076,3.60046076774597,3.591820065022879,-8.640702723091032
4294.979107387022,0.0362651273608208,3.60062289237976,3.5918268364022983,-8.796055977461581
4295.993070476762,0.0362651273608208,3.60062289237976,3.591847332416765,-8.775559962995061
4297.007043475673,0.0362651273608208,3.60078477859497,3.5918714630985886,-8.913315496381191
4298.021029568852,0.0373448729515076,3.60078477859497,3.5919102111636496,-8.874567431320202
4299.035001506072,0.0377047881484032,3.60062289237976,3.591943314951789,-8.679577427970653
4300.049003524712,0.0362651273608208,3.60062289237976,3.591947154576111,-8.675737803649053
4301.062963429353,0.0362651273608208,3.60062289237976,3.591968500425231,-8.654391954528773
4302.076966155792,0.0377047881484032,3.60062289237976,3.592012916849102,-8.609975530657898
4303.090917566862,0.0362651273608208,3.60062289237976,3.592019125899101,-8.603766480658859
4304.104931618072,0.0359052121639252,3.60062289237976,3.5920359008912035,-8.58699148855635
4305.118853301612,0.0362651273608208,3.60078477859497,3.5920631287029567,-8.721649892013073
4306.132900265442,0.0362651273608208,3.60062289237976,3.5920880021298855,-8.534890249874305
4307.146852030402,0.0373448729515076,3.60062289237976,3.5921228655036006,-8.50002687615925
4308.160866081612,0.0359052121639252,3.60078477859497,3.592132166536639,-8.652612058330789
4309.174850759202,0.0355453006923199,3.60062289237976,3.5921489635678694,-8.473928811890463
4310.188824819812,0.0362651273608208,3.60062289237976,3.592182144375607,-8.440748004153065
4311.202796049222,0.0366250425577164,3.60046076774597,3.592211664697721,-8.249103048248774
4312.216811516032,0.0355453006923199,3.60062289237976,3.5922221871040385,-8.400705275721343
4313.230744878242,0.0362651273608208,3.60062289237976,3.5922543583556954,-8.368534024064456
4314.244757867762,0.0362651273608208,3.60078477859497,3.592279118644164,-8.505659950805988
4315.258682736392,0.0359052121639252,3.60046076774597,3.5922982634357243,-8.162504310245566
4316.273075459662,0.0355453006923199,3.60078477859497,3.592314057862899,-8.470720732070891
4317.286671202112,0.0344655551016331,3.60078477859497,3.592323961764609,-8.460816830360596
4318.300683129923,0.0355453006923199,3.60062289237976,3.5923585067255477,-8.26438565421217
4319.3146639146225,0.0359052121639252,3.60078477859497,3.5923888960033814,-8.39588259158841
4320.328669118352,0.0351853854954243,3.60062289237976,3.592403024852608,-8.21986752715187
4321.342628315202,0.0348254702985287,3.60078477859497,3.5924187988638,-8.365979731169926
4322.356589281542,0.0344655551016331,3.60062289237976,3.592436907728338,-8.18598465142184
4323.3706185504125,0.0351853854954243,3.60078477859497,3.592464847460895,-8.31993113407492
4324.384604643592,0.0341056399047375,3.60062289237976,3.592474800968412,-8.148091411347647
4325.3985755191125,0.0337457247078419,3.60062289237976,3.5924908685191386,-8.132023860621285
4326.412572583163,0.0348254702985287,3.60046076774597,3.5925277349824123,-7.9330327635576126
4327.426509130472,0.0359052121639252,3.60078477859497,3.5925681282698516,-8.216650325118202
4328.440504071133,0.0351853854954243,3.60062289237976,3.592584948507781,-8.037943871978648
4329.454465037472,0.0341056399047375,3.60078477859497,3.59259300807542,-8.191770519550001
4330.468512001302,0.0351853854954243,3.60078477859497,3.592629295610715,-8.155482984254725
4331.482452441493,0.0344655551016331,3.60078477859497,3.5926448645073576,-8.139914087612166
4332.496442427562,0.0355453006923199,3.60062289237976,3.592681724250134,-7.941168129625975
4333.510432413632,0.0337457247078419,3.60078477859497,3.5926800087682715,-8.104769826698277
4334.524431601082,0.0348254702985287,3.60062289237976,3.5927148655226073,-7.908026857152528
4335.5383943369225,0.0333858132362366,3.60046076774597,3.5927183751077276,-7.742392638242279
4336.552396355562,0.033025898039341,3.60062289237976,3.592731845653959,-7.8910467258008765
4337.5663810331425,0.0333858132362366,3.60062289237976,3.592758447145432,-7.864445234327722
4338.580358278842,0.0351853854954243,3.60078477859497,3.5928069050808653,-7.977873514104505
4339.594343310332,0.0344655551016331,3.60062289237976,3.5928234859233967,-7.799406456363123
4340.608342497782,0.033025898039341,3.60062289237976,3.5928247285512924,-7.79816382846743
4341.622285415262,0.033025898039341,3.60078477859497,3.5928437013339254,-7.941077261044427
4342.636284602712,0.0344655551016331,3.60078477859497,3.592886899258651,-7.897879336318692
4343.650266449103,0.0333858132362366,3.60062289237976,3.5928946902646826,-7.728202115077298
4344.664378884272,0.0315862372517586,3.60062289237976,3.592886938341583,-7.735954038176729
4345.693771621693,0.0305064953863621,3.60062289237976,3.5928877696740344,-7.735122705725406
4346.707827433002,0.0319461524486542,3.60062289237976,3.5929234210948646,-7.699471284895232
4347.721817419072,0.0326659828424454,3.60078477859497,3.59295441049944,-7.830368095529838
4348.735799619362,0.0312263239175081,3.60062289237976,3.5929556916359213,-7.6672007438385315
4349.749748553132,0.0315862372517586,3.60062289237976,3.5929793739078506,-7.64351847190925
4350.763761896543,0.0348254702985287,3.60062289237976,3.593048132450465,-7.574759929295016
4351.777701982843,0.0323060676455498,3.60062289237976,3.593042171312054,-7.580721067705909
4352.791728774422,0.0323060676455498,3.60078477859497,3.593061351414908,-7.723427180061915
4353.805677000392,0.0315862372517586,3.60062289237976,3.593073274421354,-7.549617958405808
4354.819718655733,0.0337457247078419,3.60062289237976,3.5931234669646237,-7.499425415136152
4355.833638569782,0.033025898039341,3.60078477859497,3.5931387463823,-7.6460322126696845
4356.847663945762,0.0308664105832577,3.60062289237976,3.5931277276411744,-7.495164738585469
4357.861631990092,0.0308664105832577,3.60062289237976,3.5931446967216694,-7.478195658090492
4358.875627638542,0.033025898039341,3.60062289237976,3.5931956045698477,-7.4272878099121975
4359.889561000752,0.0337457247078419,3.60078477859497,3.593232811222224,-7.5519673727457715
4360.903787745342,0.0319461524486542,3.60062289237976,3.5932302973217274,-7.3925950580324695
4361.917568223133,0.0290668364614248,3.60062289237976,3.593204991023865,-7.41790135589504
4362.931560686492,0.0326659828424454,3.60062289237976,3.5932714213188643,-7.351471060895509
4363.945504665682,0.0333858132362366,3.60062289237976,3.5933108963169462,-7.3119960628136305
4364.959536765742,0.0315862372517586,3.60062289237976,3.593308398238314,-7.314494141446026
4365.973481452732,0.0305064953863621,3.60062289237976,3.5933125848536687,-7.3103075260911865
4366.9874905493525,0.0323060676455498,3.60078477859497,3.593355740039676,-7.429038555293754
4368.001456824182,0.0323060676455498,3.60062289237976,3.5933805635064524,-7.2423288733074465
4369.015480076772,0.0312263239175081,3.60078477859497,3.593386443073854,-7.398335521116017
4370.029446351602,0.0315862372517586,3.60062289237976,3.593412090188828,-7.210802190932064
4371.043422535602,0.033025898039341,3.60062289237976,3.593454537551586,-7.168354828174017
4372.057398365712,0.0312263239175081,3.60062289237976,3.5934538389430433,-7.169053436716588
4373.071409939623,0.0319461524486542,3.60062289237976,3.5934833551944085,-7.139537185351319
4374.085328084172,0.0315862372517586,3.60062289237976,3.5935014666846596,-7.121425695100214
4375.099327625522,0.033025898039341,3.60078477859497,3.593543513435584,-7.2412651593856125
4376.113353355402,0.0315862372517586,3.60046076774597,3.593547374131736,-6.913393614234042
4377.127325292622,0.0308664105832577,3.60078477859497,3.5935578704013564,-7.226908193613379
4378.141273518592,0.0319461524486542,3.60062289237976,3.5935923950072235,-7.0304973725363595
4379.155297832883,0.0319461524486542,3.60062289237976,3.5936153414598353,-7.0075509199245545
4380.169276494173,0.0315862372517586,3.60078477859497,3.5936311065117943,-7.153672083175522
4381.183255155473,0.0308664105832577,3.60062289237976,3.5936406741484817,-6.982218231278203
4382.197220368612,0.0308664105832577,3.60062289237976,3.5936597315399403,-6.9631608398195155
4383.211236543212,0.029786666855216,3.60078477859497,3.5936622352306777,-7.122543364292078
4384.225212373322,0.0305064953863621,3.60062289237976,3.593689587667919,-6.9333047118407265
4385.239186433932,0.029786666855216,3.60062289237976,3.5936991966262775,-6.923695753482395
4386.253128289723,0.029786666855216,3.60062289237976,3.5937170304124764,-6.905861967283489
4387.2675111038125,0.0301465801894665,3.60062289237976,3.5937406482863357,-6.882244093424195
4388.281105076772,0.0283470079302788,3.60062289237976,3.5937338610684355,-6.889031311324345
4389.295125498163,0.0294267516583204,3.60062289237976,3.59376422279679,-6.8586695829697675
4390.309101328272,0.0305064953863621,3.60046076774597,3.5938018403895446,-6.658927356425259
4391.323088483142,0.0319461524486542,3.60062289237976,3.593843849761748,-6.779042618011655
4392.337039186412,0.0301465801894665,3.60078477859497,3.5938446869676297,-6.940091627340106
4393.351062792903,0.0294267516583204,3.60062289237976,3.593852761325487,-6.77013105427271
4394.3650117266725,0.029786666855216,3.60062289237976,3.5938761326538056,-6.746759725954288
4395.379031086372,0.0305064953863621,3.60078477859497,3.5939067432125684,-6.878035382401393
4396.392980727942,0.029786666855216,3.60062289237976,3.593917464662555,-6.705427717204948
4397.406959389243,0.0290668364614248,3.60046076774597,3.5939266132441476,-6.534154501822265
4398.420968131963,0.0301465801894665,3.60062289237976,3.593959618152175,-6.663274227584726
4399.434958118032,0.0301465801894665,3.60062289237976,3.5939817796059286,-6.641112773831281
4400.448932886442,0.029786666855216,3.60062289237976,3.593996869858618,-6.626022521141639
4401.462938444072,0.029786666855216,3.60062289237976,3.5940166477090547,-6.606244670705141
4402.476842432662,0.029786666855216,3.60062289237976,3.594037230187128,-6.5856621926316805
4403.490886565292,0.0308664105832577,3.60062289237976,3.5940735409141533,-6.549351465606534
4404.504861333702,0.0301465801894665,3.60078477859497,3.5940865950557774,-6.698183539192382
4405.518854504862,0.0294267516583204,3.60062289237976,3.5940957925184347,-6.5270998613251585
4406.532808393223,0.0294267516583204,3.60062289237976,3.5941131466816163,-6.509745698143554
4407.546815720352,0.0287069231271744,3.60046076774597,3.5941212382501115,-6.339529495858365
4408.560749082562,0.0283470079302788,3.60062289237976,3.5941334688303646,-6.489423549395301
4409.574789322312,0.0287069231271744,3.60078477859497,3.594156499893155,-6.628278701814594
4410.588760551732,0.0308664105832577,3.60062289237976,3.594209589823006,-6.413302556753653
4411.602769294453,0.029786666855216,3.60078477859497,3.5942181075774213,-6.566671017548487
4412.616725306212,0.0287069231271744,3.60078477859497,3.594221055441598,-6.5637231533717255
4413.630733341132,0.0290668364614248,3.60062289237976,3.594242434869466,-6.380457510293702
4414.6449016923625,0.0276271793991327,3.60078477859497,3.594241726960834,-6.543051634135821
4415.658881769253,0.0290668364614248,3.60062289237976,3.5942775733164245,-6.345319063335353
4416.672923778492,0.0290668364614248,3.60078477859497,3.5942992504552436,-6.485528139726249
4417.686651171422,0.0287069231271744,3.60062289237976,3.5943133684560493,-6.309523923710536
4418.700840048792,0.0279870927333832,3.60078477859497,3.5943214440169693,-6.463334578000524
4419.714523558232,0.0287069231271744,3.60062289237976,3.5943469624871627,-6.275929892597176
4420.728574061052,0.0272672642022371,3.60062289237976,3.5943455505421746,-6.277341837585215
4421.742552722352,0.0276271793991327,3.60062289237976,3.594366141263668,-6.25675111609203
4422.756532091443,0.0287069231271744,3.60062289237976,3.5944017772871866,-6.221115092573282
4423.770572685093,0.0294267516583204,3.60062289237976,3.594434292026795,-6.188600352964979
4424.784524803952,0.0283470079302788,3.60062289237976,3.594440269419978,-6.182622959781892
4425.798531777183,0.0290668364614248,3.60062289237976,3.594469602089167,-6.15329029059275
4426.812490620132,0.0287069231271744,3.60062289237976,3.5944866288292165,-6.136263550543308
4427.826483791292,0.0290668364614248,3.60062289237976,3.594509026754696,-6.113865625063664
4428.840470238372,0.0269073490053415,3.60062289237976,3.5944978760398847,-6.125016339875167
4429.854424834532,0.0276271793991327,3.60062289237976,3.594522817584209,-6.100074795550636
4430.868382261882,0.0287069231271744,3.60062289237976,3.594558599643139,-6.064292736621013
4431.882414008052,0.029786666855216,3.60062289237976,3.594597997944904,-6.024894434855987
4432.896391253752,0.0272672642022371,3.60062289237976,3.5945823990501067,-6.040493329653174
4433.910406012762,0.0254676919430494,3.60078477859497,3.5945673380423,-6.217440552669817
4434.924387859152,0.0290668364614248,3.60062289237976,3.594633666864196,-5.989225515564023
4435.938368643842,0.0283470079302788,3.60078477859497,3.5946486242750595,-6.136154319910325
4436.952318639313,0.0276271793991327,3.60062289237976,3.5946573737109833,-5.965518668776593
4437.966324904743,0.0276271793991327,3.60078477859497,3.594674758057059,-6.110020537910987
4438.980304627742,0.0276271793991327,3.60062289237976,3.5946921608196205,-5.930731560139346
4439.994299922302,0.0272672642022371,3.60062289237976,3.5947042715200372,-5.918620859722612
4441.0082541645625,0.0265474356710911,3.60062289237976,3.5947113610284847,-5.911531351275201
4442.022259014392,0.0265474356710911,3.60062289237976,3.5947297715076805,-5.893120872079383
4443.036229889913,0.0283470079302788,3.60062289237976,3.594773780876475,-5.849111503284821
4444.050207489512,0.0279870927333832,3.60062289237976,3.59479036997876,-5.832522401000073
4445.064201722373,0.0276271793991327,3.60062289237976,3.59480410848577,-5.818783893989821
4446.078195247433,0.0272672642022371,3.60078477859497,3.5948195109411167,-5.965267653853079
4447.092149843592,0.0283470079302788,3.60094666481018,3.5948498814087553,-6.096783401424943
4448.106153277832,0.0269073490053415,3.60062289237976,3.5948515911052006,-5.771301274559271
4449.120141140503,0.0272672642022371,3.60062289237976,3.5948723503472277,-5.750542032532113
4450.134133603872,0.0254676919430494,3.60062289237976,3.5948628242429876,-5.760068136772212
4451.148104833283,0.0279870927333832,3.60062289237976,3.5949148621275797,-5.708030252180141
4452.162095173252,0.0258276052772999,3.60062289237976,3.5949039329450803,-5.718959434679594
4453.1760575551925,0.0254676919430494,3.60046076774597,3.594911392865947,-5.549374880022828
4454.190080099982,0.0247478634119034,3.60062289237976,3.5949158125797336,-5.707079800026271
4455.204031511053,0.0276271793991327,3.60062289237976,3.594973250680574,-5.649641699185803
4456.218027513402,0.0279870927333832,3.60062289237976,3.5950019625532104,-5.620929826549492
4457.232006174702,0.0269073490053415,3.60078477859497,3.5950087014738346,-5.776077121135259
4458.245993329582,0.0269073490053415,3.60062289237976,3.5950256692813296,-5.5972230984302485
4459.259986854642,0.0261875204741955,3.60078477859497,3.5950320861661806,-5.7526924287891745
4460.274297119412,0.0254676919430494,3.60046076774597,3.5950366599598613,-5.4241077861085785
4461.287942053842,0.0258276052772999,3.60078477859497,3.59505506397446,-5.729714620509974
4462.301900542892,0.0247478634119034,3.60078477859497,3.595064524958007,-5.720253636962713
4463.315897606953,0.0269073490053415,3.60062289237976,3.5951074562716476,-5.515436108112226
4464.329893963202,0.0279870927333832,3.60078477859497,3.5951450761612977,-5.639702433672067
4465.3438676699125,0.0254676919430494,3.60078477859497,3.5951292245377195,-5.655554057250267
4466.357861194972,0.0247478634119034,3.60046076774597,3.5951331230855263,-5.3276446604435534
4467.371839148473,0.0276271793991327,3.60078477859497,3.5951898309539696,-5.594947641000214
4468.385831611842,0.0269073490053415,3.60078477859497,3.5952030048052124,-5.581773789757438
4469.399816289422,0.0261875204741955,3.60078477859497,3.595210378010828,-5.574400584141603
4470.413789642233,0.0258276052772999,3.60078477859497,3.5952209963608595,-5.563782234110359
4471.427738929912,0.0251077767461538,3.60078477859497,3.5952288613505576,-5.5559172444121785
4472.4417338705625,0.0261875204741955,3.60078477859497,3.5952555517236666,-5.5292268713031945
4473.455728103422,0.0254676919430494,3.60078477859497,3.595264878047917,-5.5199005470529805
4474.469748170923,0.0247478634119034,3.60062289237976,3.595270237415156,-5.352654964603687
4475.483719754242,0.0269073490053415,3.60062289237976,3.595318192472285,-5.304699907474841
4476.497664087322,0.0258276052772999,3.60062289237976,3.5953242289313097,-5.298663448450203
4477.511667521562,0.0261875204741955,3.60062289237976,3.5953457470340413,-5.277145345718548
4478.525651137442,0.0247478634119034,3.60062289237976,3.595343678187552,-5.279214192207782
4479.539654217782,0.0265474356710911,3.60062289237976,3.595384913709867,-5.23797866989284
4480.553629340092,0.0265474356710911,3.60062289237976,3.5954059793075075,-5.2169130722523605
4481.567605877993,0.0254676919430494,3.60062289237976,3.5954084481027753,-5.214444276984587
4482.581569675533,0.0251077767461538,3.60062289237976,3.595418212190875,-5.204680188884758
4483.595563554492,0.0251077767461538,3.60062289237976,3.595433869681983,-5.189022697776657
4484.609557787352,0.0251077767461538,3.60062289237976,3.595449684678868,-5.173207700891691
4485.623535740852,0.0243879482150078,3.60046076774597,3.5954541246205487,-5.006643125421206
4486.6375264347225,0.0240280330181122,3.60062289237976,3.595464486940236,-5.15840543952395
4487.651496956342,0.0265474356710911,3.60078477859497,3.5955170324665207,-5.267746128449158
4488.6655796639825,0.0254676919430494,3.60062289237976,3.5955239033094775,-5.098989070282389
4489.679480821373,0.0251077767461538,3.60062289237976,3.5955349903401337,-5.087902039626169
4490.693453820282,0.0247478634119034,3.60062289237976,3.5955486891578223,-5.074203221937523
4491.707433189383,0.0254676919430494,3.60078477859497,3.595572586848742,-5.212191746228001
4492.721419990362,0.0251077767461538,3.60062289237976,3.5955834814849132,-5.039410894846608
4493.735369631932,0.0222284607589245,3.60062289237976,3.595557606138427,-5.065286241332956
4494.749421196452,0.0243879482150078,3.60062289237976,3.5955980911724357,-5.024801207324181
4495.763372607512,0.0240280330181122,3.60062289237976,3.595610323428693,-5.0125689510669424
4496.777357285102,0.0236681196838617,3.60062289237976,3.5956200652846064,-5.002827095153428
4497.791331345712,0.0236681196838617,3.60062289237976,3.595634230002824,-4.9886623769359595
4498.805319562282,0.0233082044869661,3.60062289237976,3.5956454638607354,-4.977428519024496
4499.819326181612,0.0261875204741955,3.60078477859497,3.595703486712719,-5.081291882250927
4500.833302365622,0.0251077767461538,3.60062289237976,3.5957124666038736,-4.910425775886296
4501.847279965223,0.0251077767461538,3.60062289237976,3.595728309191123,-4.89458318863667
4502.861261811612,0.0236681196838617,3.60062289237976,3.5957254571460155,-4.897435233744307
4503.875244011902,0.0251077767461538,3.60078477859497,3.5957605309196854,-5.024247675284421
4504.889178789712,0.0251077767461538,3.60062289237976,3.595780408380013,-4.84248399974696
4505.903211951472,0.0243879482150078,3.60062289237976,3.595785667666971,-4.837224712789023
4506.917196982952,0.0222284607589245,3.60078477859497,3.5957736801203395,-5.011098474630327
4507.931163611683,0.0247478634119034,3.60062289237976,3.5958191737273424,-4.803718652417466
4508.945134487202,0.0229482892900705,3.60062289237976,3.5958101056699534,-4.812786709806449
4509.959151723502,0.0240280330181122,3.60078477859497,3.595838299533855,-4.9464790611146725
4510.973134631592,0.0225883759558201,3.60078477859497,3.595833319104678,-4.951459490291743
4511.987102675912,0.0251077767461538,3.60062289237976,3.595886123055036,-4.736769324723777
4513.001092308093,0.0251077767461538,3.60078477859497,3.5959069054854167,-4.877873109553121
4514.015078047372,0.0240280330181122,3.60062289237976,3.5959104864239406,-4.712405955819232
4515.029056708672,0.0240280330181122,3.60046076774597,3.595925286676358,-4.53548106961188
4516.043008473633,0.0240280330181122,3.60062289237976,3.59594065023233,-4.68224214742996
4517.057026417732,0.0236681196838617,3.60062289237976,3.5959505506674665,-4.67234171229336
4518.071024543482,0.0229482892900705,3.60078477859497,3.5959548051415036,-4.829973453466252
4519.084981616942,0.0225883759558201,3.60046076774597,3.595962547311267,-4.4982204347028265
4520.098967710112,0.0225883759558201,3.60046076774597,3.5959745955156435,-4.486172230326435
4521.112966543662,0.0222284607589245,3.60062289237976,3.5959855370908187,-4.6373552889411584
4522.126944851062,0.0229482892900705,3.60062289237976,3.596006780707119,-4.616111672640866
4523.140927051352,0.0222284607589245,3.60062289237976,3.5960169197771394,-4.605972602620412
4524.154898280773,0.0240280330181122,3.60062289237976,3.596054014673597,-4.568877706162766
4525.1689282574425,0.0229482892900705,3.60078477859497,3.596058753686261,-4.726024908708659
4526.1828683437425,0.0236681196838617,3.60062289237976,3.5960845405981474,-4.5383517816124375
4527.196820816503,0.0233082044869661,3.60062289237976,3.596097418730868,-4.525473648891776
4528.2108359294125,0.0240280330181122,3.60062289237976,3.5961243900763997,-4.49850230336013
4529.224823084292,0.0229482892900705,3.60078477859497,3.5961259790231037,-4.658799571866101
4530.238797498792,0.0233082044869661,3.60062289237976,3.5961442418141085,-4.478650565651332
4531.252805179823,0.0218685455620289,3.60062289237976,3.596140770474308,-4.48212190545183
4532.267120399182,0.0240280330181122,3.60062289237976,3.5961852021320504,-4.437690247709458
4533.280747992552,0.0236681196838617,3.60062289237976,3.596199045998493,-4.423846381266916
4534.294729485052,0.0222284607589245,3.60078477859497,3.596192514385111,-4.592264209859032
4535.3087385816725,0.0204288884997368,3.60078477859497,3.5961781671511734,-4.606611443796371
4536.322713350082,0.0247478634119034,3.60078477859497,3.5962529642973844,-4.531814297585424
4537.336684579493,0.0236681196838617,3.60062289237976,3.5962607375445415,-4.362154835218401
4538.350670672672,0.0225883759558201,3.60062289237976,3.596262161622846,-4.360730756913789
4539.364638363102,0.0233082044869661,3.60062289237976,3.596285664384434,-4.337227995325765
4540.378642859042,0.0225883759558201,3.60062289237976,3.5962924593093546,-4.33043307040526
4541.392627182722,0.0229482892900705,3.60062289237976,3.5963113658575874,-4.311526522172482
4542.406619292192,0.0211487170308828,3.60062289237976,3.5962994114487183,-4.323480931041512
4543.420576011742,0.0222284607589245,3.60062289237976,3.5963262363525175,-4.296656027242385
4544.434567767303,0.0222284607589245,3.60062289237976,3.596342821970256,-4.2800704095040665
4545.448564477462,0.0229482892900705,3.60062289237976,3.5963676812749106,-4.255211104849277
4546.462567557803,0.0222284607589245,3.60062289237976,3.5963776965433647,-4.245195836395155
4547.476526400752,0.0229482892900705,3.60062289237976,3.5964012101403733,-4.2216822393865705
4548.490494091172,0.0233082044869661,3.60062289237976,3.5964211624914673,-4.2017298882925935
4549.504495048112,0.0218685455620289,3.60078477859497,3.5964191880698473,-4.365590525122531
4550.5184754789125,0.0222284607589245,3.60062289237976,3.596435736756777,-4.1871556229828855
4551.532450601222,0.0211487170308828,3.60062289237976,3.596433846573444,-4.18904580631585
4552.546428908622,0.0233082044869661,3.60062289237976,3.5964797174384797,-4.143174941280137
4553.560427742163,0.0233082044869661,3.60078477859497,3.5964997667003953,-4.285011894574531
4554.574398263782,0.0222284607589245,3.60062289237976,3.596500510938137,-4.122381441622913
4555.588387542062,0.0218685455620289,3.60062289237976,3.596509187937897,-4.113704441862875
4556.602346031103,0.0222284607589245,3.60062289237976,3.596528814320946,-4.094078058813899
4557.616348049743,0.0225883759558201,3.60062289237976,3.5965492826521945,-4.073609727565319
4558.630337681922,0.0222284607589245,3.60078477859497,3.5965602622366717,-4.224516358298125
4559.6443435934525,0.0218685455620289,3.60062289237976,3.596568795280993,-4.054097098766807
4560.658411437323,0.0200689733028412,3.60062289237976,3.5965543763552943,-4.068516024465563
4561.672474326612,0.0218685455620289,3.60062289237976,3.5965908191226754,-4.032073257084434
4562.686209151422,0.0204288884997368,3.60078477859497,3.5965854503839094,-4.199328211060394
4563.7002639010325,0.0207888018339872,3.60046076774597,3.596602153961132,-3.858613784837761
4564.714226282972,0.0225883759558201,3.60062289237976,3.5966443811935944,-3.9785111861654343
4565.728221223632,0.0229482892900705,3.60062289237976,3.596668934660748,-3.953957719011747
4566.742194222542,0.0218685455620289,3.60062289237976,3.5966708266150533,-3.952065764706525
4567.756157666182,0.0207888018339872,3.60078477859497,3.5966689985511056,-4.115780043864259
4568.770157561422,0.0207888018339872,3.60046076774597,3.5966793703310156,-3.781397414954313
4569.784152502082,0.0207888018339872,3.60062289237976,3.596692818679513,-3.9300737002467834
4570.798142488153,0.0218685455620289,3.60078477859497,3.596719806906948,-4.064971688021668
4571.812125396243,0.0197090581059456,3.60062289237976,3.596706492449551,-3.916399930208758
4572.826112905012,0.0225883759558201,3.60062289237976,3.5967591685500744,-3.8637238296854726
4573.840076702552,0.0215086322277784,3.60062289237976,3.59676359965914,-3.8592927206200223
4574.854068458122,0.0211487170308828,3.60046076774597,3.596771951851253,-3.6888158947170346
4575.868014206802,0.0211487170308828,3.60062289237976,3.596785661636733,-3.837230743026776
4576.882039228883,0.0211487170308828,3.60062289237976,3.5968007701336875,-3.822122246072368
4577.896007981002,0.0218685455620289,3.60078477859497,3.5968252119143727,-3.9595666805971597
4578.9099664700525,0.0215086322277784,3.60078477859497,3.5968368321795565,-3.947946415413295
4579.923949024243,0.0211487170308828,3.60062289237976,3.596846434170107,-3.7764582096526667
4580.937967676142,0.0215086322277784,3.60046076774597,3.5968657388920575,-3.5950288539123854
4581.951932181472,0.0211487170308828,3.60062289237976,3.596874574912436,-3.7483174673238473
4582.965948002182,0.0197090581059456,3.60078477859497,3.596865936183569,-3.9188424114007248
4583.979887026782,0.0193491447716951,3.60062289237976,3.5968701305824404,-3.752761797319426
4584.993904970882,0.0218685455620289,3.60062289237976,3.5969193855258523,-3.7035068539075233
4586.007878323692,0.0215086322277784,3.60062289237976,3.596933619389236,-3.6892729905240174
4587.0218753877425,0.0207888018339872,3.60078477859497,3.5969381304666026,-3.846648128367214
4588.035793886193,0.0211487170308828,3.60062289237976,3.5969557655077153,-3.6671268720445127
4589.049846866313,0.0197090581059456,3.60078477859497,3.5969506184274467,-3.8341601675231374
4590.063740591822,0.0211487170308828,3.60078477859497,3.5969826227143025,-3.802155880667346
4591.0778041889025,0.0215086322277784,3.60062289237976,3.5970046426866253,-3.618249693134512
4592.091757723372,0.0200689733028412,3.60046076774597,3.5969992840827123,-3.461483663257603
4593.105775667473,0.0218685455620289,3.60062289237976,3.5970369045316306,-3.585987848129246
4594.119707967982,0.0197090581059456,3.60062289237976,3.5970225594144587,-3.600332965301156
4595.133721665292,0.0204288884997368,3.60062289237976,3.5970443744957175,-3.578517884042398
4596.147720852742,0.0211487170308828,3.60062289237976,3.597069951821371,-3.5529405583889506
4597.161718624592,0.0211487170308828,3.60062289237976,3.5970865841506394,-3.536308229120433
4598.1756555257925,0.0211487170308828,3.60078477859497,3.597101262879932,-3.6835157150378883
4599.189658960032,0.0197090581059456,3.60062289237976,3.5970933389676767,-3.529553412083164
4600.203623465362,0.0197090581059456,3.60062289237976,3.597104258482932,-3.5186338968280495
4601.217600003272,0.0218685455620289,3.60062289237976,3.5971503265070237,-3.472565872736144
4602.231587512042,0.0197090581059456,3.60062289237976,3.5971358778990044,-3.4870144807555015
4603.245628459592,0.0182694010436535,3.60062289237976,3.5971221713471886,-3.5007210325712634
4604.260040293412,0.0200689733028412,3.60046076774597,3.5971575540108782,-3.3032137350916813
4605.2735284505325,0.0189892295747995,3.60062289237976,3.5971569540908117,-3.465938288948145
4606.287532238663,0.0193491447716951,3.60062289237976,3.5971711207246124,-3.4517716551474287
4607.301539211892,0.0182694010436535,3.60062289237976,3.5971673431368334,-3.455549242926459
4608.315472928002,0.0204288884997368,3.60062289237976,3.597211969922116,-3.410922457643739
4609.329488394812,0.0218685455620289,3.60062289237976,3.5972500548505577,-3.372837529202144
4610.343477319182,0.0200689733028412,3.60062289237976,3.5972451602382707,-3.377732141489176
4611.357486061912,0.0207888018339872,3.60062289237976,3.5972672899102682,-3.3556024694916253
4612.371391112192,0.0189892295747995,3.60078477859497,3.5972558965962564,-3.5288819987133735
4613.385420381062,0.0197090581059456,3.60062289237976,3.597276032401329,-3.3468599784307607
4614.399397980662,0.0186293143779039,3.60062289237976,3.5972729572997144,-3.349935080045441
4615.413347622232,0.0189892295747995,3.60078477859497,3.597288644046693,-3.496134548276686
4616.427342916792,0.0207888018339872,3.60046076774597,3.597329614004876,-3.1311537410938506
4617.441385987732,0.0207888018339872,3.60062289237976,3.5973475523205076,-3.2753400592522297
4618.455305193982,0.0197090581059456,3.60078477859497,3.5973477090152848,-3.437069579685037
4619.469305797023,0.0197090581059456,3.60062289237976,3.597360792311936,-3.262100067823681
4620.483290474603,0.0211487170308828,3.60062289237976,3.597396213567531,-3.2266788122288226
4621.497297801732,0.0189892295747995,3.60062289237976,3.5973808162798644,-3.2420760998954634
4622.511248151102,0.0193491447716951,3.60062289237976,3.5973938498475566,-3.2290425322032412
4623.525224335112,0.0182694010436535,3.60062289237976,3.5973915825881173,-3.231309791642545
4624.539235909022,0.0211487170308828,3.60062289237976,3.597446270398418,-3.1766219813418317
4625.553240404963,0.0215086322277784,3.60062289237976,3.597470167921068,-3.152724458691747
4626.567402032102,0.0186293143779039,3.60062289237976,3.5974437284669483,-3.179163912811589
4627.5811998509525,0.0179094858467579,3.60046076774597,3.59744089594481,-3.0198718011598125
4628.595168249172,0.0204288884997368,3.60062289237976,3.597489023287322,-3.1338690924380685
4629.609162128132,0.0193491447716951,3.60062289237976,3.597492243135196,-3.1306492445639655
4630.623103983922,0.0207888018339872,3.60062289237976,3.597524501342344,-3.0983910374158263
4631.6371502399625,0.0193491447716951,3.60062289237976,3.5975216064729083,-3.1012859068515475
4632.651096342543,0.0200689733028412,3.60062289237976,3.5975441539387343,-3.0787384410255747
4633.668877649872,0.0186293143779039,3.60062289237976,3.5975370672928926,-3.0858250868672776
4634.679058265822,0.0193491447716951,3.60062289237976,3.5975567161445907,-3.066176235169138
4635.693064885152,0.0186293143779039,3.60062289237976,3.597560246020703,-3.062646359056842
4636.707019481312,0.0193491447716951,3.60078477859497,3.5975824922445354,-3.2022863504344024
4637.721049457982,0.0200689733028412,3.60062289237976,3.5976081286129538,-3.0147637668060945
4638.7350058236325,0.0193491447716951,3.60078477859497,3.5976126636873604,-3.17211490760938
4639.749007134482,0.0179094858467579,3.60062289237976,3.597605739749547,-3.0171526302127383
4640.7629797794925,0.0204288884997368,3.60078477859497,3.5976520862466246,-3.132692348345234
4641.776961979783,0.0207888018339872,3.60062289237976,3.597676038666217,-2.946853713542641
4642.790887202313,0.0179094858467579,3.60078477859497,3.5976478451980056,-3.136933396964192
4643.804945490912,0.0182694010436535,3.60078477859497,3.5976613151800287,-3.1234634149410745
4644.818893009092,0.0193491447716951,3.60078477859497,3.5976874755178154,-3.0973030771543897
4645.832826017402,0.0182694010436535,3.60062289237976,3.5976864684120216,-2.9364239677382997
4646.846864487652,0.0182694010436535,3.60046076774597,3.5976965177914764,-2.764249954493536
4647.860883139552,0.0182694010436535,3.60062289237976,3.5977081680618586,-2.914724317901296
4648.874732273773,0.0197090581059456,3.60078477859497,3.597743415564051,-3.041363030918731
4649.888828075682,0.0197090581059456,3.60078477859497,3.5977599023411124,-3.0248762538573892
4650.902731710362,0.0193491447716951,3.60062289237976,3.5977687452489255,-2.854147130834317
4651.9167450537825,0.0186293143779039,3.60062289237976,3.597772399295777,-2.8504930839829967
4652.930721591682,0.0189892295747995,3.60062289237976,3.5977885117182584,-2.8343806615014344
4653.944770678902,0.0186293143779039,3.60062289237976,3.597795821922919,-2.827070456840719
4654.958690592953,0.0179094858467579,3.60046076774597,3.59779675505554,-2.664012690429818
4655.972704644162,0.0179094858467579,3.60078477859497,3.597808492898956,-2.976285696013825
4656.986557671273,0.0193491447716951,3.60062289237976,3.597841873591157,-2.781018788602818
4658.000527131192,0.0193491447716951,3.60062289237976,3.5978581696296312,-2.764722750128623
4659.014619394113,0.0189892295747995,3.60062289237976,3.5978654033552244,-2.757489024535431
4660.028703517342,0.0161099135875702,3.60062289237976,3.5978374569171283,-2.785435462631547
4661.042578132302,0.0186293143779039,3.60062289237976,3.597878737875887,-2.7441545038726645
4662.056548300022,0.0193491447716951,3.60078477859497,3.597904855261778,-2.8799233331917584
4663.070611189312,0.0186293143779039,3.60062289237976,3.5979106205127183,-2.7122718670415935
4664.084490758863,0.0189892295747995,3.60062289237976,3.5979282137056243,-2.694678674135531
4665.098558602733,0.0186293143779039,3.60062289237976,3.5979372734438497,-2.685618935910128
4666.112568407152,0.0186293143779039,3.60062289237976,3.597948727431965,-2.6741649477948215
4667.126487613402,0.0179094858467579,3.60062289237976,3.5979514431477644,-2.671449231995471
4668.140551918293,0.0182694010436535,3.60062289237976,3.5979670733518434,-2.6558190279164506
4669.154502267662,0.0182694010436535,3.60046076774597,3.597980142212596,-2.4806255333738036
4670.168445185142,0.0189892295747995,3.60078477859497,3.598004501882037,-2.7802767129330164
4671.182467729932,0.0193491447716951,3.60078477859497,3.598024155322981,-2.7606232719890045
4672.196480719453,0.0179094858467579,3.60078477859497,3.5980169133482676,-2.76786524670225
4673.210376568352,0.0179094858467579,3.60062289237976,3.5980275508534354,-2.5953415263244572
4674.224432025762,0.0182694010436535,3.60078477859497,3.598045511903793,-2.739266691176745
4675.238310179712,0.0189892295747995,3.60078477859497,3.598069597619966,-2.7151809750036726
4676.2523950107425,0.0157499983906746,3.60062289237976,3.598032010705158,-2.5908816746018637
4677.266602644772,0.0189892295747995,3.60046076774597,3.5980863138493846,-2.3744538965853046
4678.280406479902,0.0168297421187162,3.60078477859497,3.5980710183853795,-2.7137602095903546
4679.294360014373,0.0168297421187162,3.60062289237976,3.5980773782517304,-2.5455141280295024
4680.308361325212,0.0161099135875702,3.60062289237976,3.598079453761899,-2.5434386178608825
4681.322223907602,0.0186293143779039,3.60062289237976,3.598124757315345,-2.4981350644148748
4682.336275826013,0.0189892295747995,3.60062289237976,3.598148737328737,-2.474155051022997
4683.350213788913,0.0182694010436535,3.60078477859497,3.5981534052386497,-2.6313733563201325
4684.364295788752,0.0186293143779039,3.60078477859497,3.5981709302472273,-2.6138483477424757
4685.378214641102,0.0171896573156118,3.60062289237976,3.5981631092769617,-2.459783102798152
4686.392185870523,0.0171896573156118,3.60046076774597,3.598171614677314,-2.289153068655736
4687.406188950862,0.0171896573156118,3.60062289237976,3.598181699257345,-2.441193122414642
4688.420147439912,0.0168297421187162,3.60078477859497,3.59818876828515,-2.5960103098197074
4689.434176708783,0.0189892295747995,3.60062289237976,3.5982332708075235,-2.3896215722363223
4690.448149707692,0.0182694010436535,3.60062289237976,3.5982388320847685,-2.384060294991386
4691.462070329532,0.0179094858467579,3.60062289237976,3.5982461345808883,-2.376757798871587
4692.476157991762,0.0175495706498623,3.60062289237976,3.598253278142483,-2.3696142372768847
4693.490117542512,0.0175495706498623,3.60062289237976,3.598263036726851,-2.359855652908749
4694.504027547382,0.0171896573156118,3.60062289237976,3.5982685732147157,-2.3543191650441386
4695.518076634602,0.0157499983906746,3.60062289237976,3.5982583037351064,-2.364588644653498
4696.532036539253,0.0168297421187162,3.60062289237976,3.5982800475640415,-2.342844815718337
4697.545956099392,0.0168297421187162,3.60062289237976,3.5982933458850868,-2.329546494673096
4698.5599896150525,0.0175495706498623,3.60062289237976,3.5983143816972922,-2.308510682467624
4699.574007205262,0.0168297421187162,3.60078477859497,3.598318487869556,-2.4662907254136
4700.587955431232,0.0171896573156118,3.60062289237976,3.5983345556194015,-2.2883367603583338
4701.601911089092,0.0189892295747995,3.60078477859497,3.5983745089747297,-2.4102696202401575
4702.615994150632,0.0168297421187162,3.60078477859497,3.5983590273888253,-2.425751206144522
4703.629919019262,0.0171896573156118,3.60078477859497,3.598373191550639,-2.411587044330865
4704.643932008772,0.0168297421187162,3.60062289237976,3.5983794654221013,-2.2434269576585564
4705.657934381312,0.0168297421187162,3.60062289237976,3.5983900270390734,-2.232865340686452
4706.671899594442,0.0168297421187162,3.60062289237976,3.5984010721084774,-2.221820271282482
4707.685910814463,0.0168297421187162,3.60062289237976,3.598410539122728,-2.2123532570317295
4708.699827897312,0.0161099135875702,3.60062289237976,3.5984131186943644,-2.209773685395433
4709.7138617668725,0.0175495706498623,3.60078477859497,3.598443402629494,-2.3413759654760113
4710.727829103403,0.0171896573156118,3.60078477859497,3.5984538311539223,-2.3309474410475595
4711.741714689232,0.0179094858467579,3.60078477859497,3.5984758759579494,-2.308902637020438
4712.755840218672,0.0164698269218206,3.60078477859497,3.598470170154615,-2.314608440354693
4713.769827373542,0.0182694010436535,3.60062289237976,3.5985070105513937,-2.115881828366195
4714.783655981622,0.0179094858467579,3.60062289237976,3.5985178965989797,-2.104995780780161
4715.797745413342,0.0179094858467579,3.60078477859497,3.598528852478785,-2.2559261161849697
4716.811747431982,0.0161099135875702,3.60062289237976,3.598514668835927,-2.108223543832999
4717.8256723006125,0.0168297421187162,3.60062289237976,3.598534033620047,-2.088858759712764
4718.839653085302,0.0175495706498623,3.60078477859497,3.5985557593075077,-2.2290192874621084
4719.8536313927025,0.0153900841251016,3.60046076774597,3.5985369686903512,-1.9237990556186801
4720.867549183352,0.0153900841251016,3.60046076774597,3.598542953860508,-1.917813885461861
4721.881634014392,0.0171896573156118,3.60062289237976,3.598579198870036,-2.0436935097238873
4722.895552512842,0.0175495706498623,3.60046076774597,3.598599027660561,-1.8617400854088473
4723.909557362672,0.0168297421187162,3.60062289237976,3.5986027131057625,-2.0201792739973357
4724.9236669666425,0.0164698269218206,3.60062289237976,3.598608031124241,-2.0148612555188627
4725.937489558432,0.0161099135875702,3.60062289237976,3.5986143465477065,-2.0085458320533434
4726.951473882123,0.0175495706498623,3.60062289237976,3.598644888079401,-1.978004300358993
4727.965605781732,0.0168297421187162,3.60078477859497,3.5986479215133156,-2.136857081654231
4728.979471195313,0.0146702546626329,3.60062289237976,3.59862703738271,-1.9958549970500172
4729.993393232752,0.0171896573156118,3.60062289237976,3.598670062284891,-1.952830094869018
4731.0073665855625,0.0153900841251016,3.60062289237976,3.5986579832586107,-1.9649091211491054
4732.021406471412,0.0157499983906746,3.60046076774597,3.598670380729486,-1.7903870164839297
4733.0356785150825,0.0139504261314869,3.60062289237976,3.59865196054089,-1.9709318388696495
4734.049393167642,0.0182694010436535,3.60078477859497,3.5987241553629516,-2.060623232018166
4735.063303172512,0.0168297421187162,3.60062289237976,3.5987232626722103,-1.8996297075495328
4736.077302359952,0.0161099135875702,3.60046076774597,3.5987237261453164,-1.7370416006534661
4737.091302255202,0.0161099135875702,3.60062289237976,3.5987336420110108,-1.8892503687490958
4738.110856597123,0.0168297421187162,3.60062289237976,3.5987563707059436,-1.8665216738162904
4739.1193675170325,0.0171896573156118,3.60062289237976,3.5987750325910066,-1.8478597887532366
4740.133335915252,0.0171896573156118,3.60062289237976,3.59878767003304,-1.8352223467199558
4741.1473308559125,0.0150301698595285,3.60078477859497,3.598767717668022,-2.0170609269478668
4742.161279789682,0.0168297421187162,3.60062289237976,3.5988015502245343,-1.8213421552255582
4743.175214567493,0.0171896573156118,3.60078477859497,3.598821118640441,-1.9636599545287403
4744.189292320542,0.0164698269218206,3.60062289237976,3.5988246083090636,-1.7982840706962655
4745.203188523352,0.0168297421187162,3.60062289237976,3.598841133234024,-1.7817591457358617
4746.217152320883,0.0168297421187162,3.60062289237976,3.598852335892448,-1.7705564873118362
4747.2312530773825,0.0161099135875702,3.60062289237976,3.5988534257243,-1.7694666554599614
4748.245181838903,0.0153900841251016,3.60062289237976,3.5988516841960223,-1.7712081837375493
4749.259369300682,0.0150301698595285,3.60046076774597,3.598854416004285,-1.606351741684886
4750.273074751863,0.0175495706498623,3.60078477859497,3.5989034404788685,-1.881338116101361
4751.287152151012,0.0171896573156118,3.60062289237976,3.5989147460387145,-1.7081463410453246
4752.301107454972,0.0161099135875702,3.60062289237976,3.5989108957208042,-1.7119966589556057
4753.315166805272,0.0153900841251016,3.60062289237976,3.59890971971085,-1.7131726689099125
4754.329077517932,0.0164698269218206,3.60046076774597,3.5989343407019607,-1.526427044009182
4755.343090153552,0.0157499983906746,3.60062289237976,3.5989362682492008,-1.686624130559089
4756.357092526092,0.0157499983906746,3.60062289237976,3.5989445530500395,-1.6783393297203908
4757.370965371552,0.0143103403970599,3.60062289237976,3.598936713848223,-1.6861785315369637
4758.385032861533,0.0186293143779039,3.60062289237976,3.5990076775260142,-1.6152148537456057
4759.398996305163,0.0171896573156118,3.60062289237976,3.599007654831959,-1.6152375478006853
4760.412892154072,0.0157499983906746,3.60062289237976,3.598996222994374,-1.6266693853856928
4761.426897003902,0.0135905109345913,3.60062289237976,3.5989700685791406,-1.652823800619263
4762.440999529892,0.0164698269218206,3.60078477859497,3.599018597729389,-1.7661808655806688
4763.454983853582,0.0168297421187162,3.60078477859497,3.5990396477095175,-1.7451308854523617
4764.468945881622,0.0164698269218206,3.60078477859497,3.5990481948647037,-1.7365837302660836
4765.482820142683,0.0150301698595285,3.60062289237976,3.5990388723621742,-1.584020017585619
4766.496928331052,0.0164698269218206,3.60062289237976,3.59906765319052,-1.555239189239721
4767.5108843428125,0.0150301698595285,3.60062289237976,3.5990585026755366,-1.5643897042232346
4768.524791516482,0.0150301698595285,3.60078477859497,3.5990658083832137,-1.7189702117561545
4769.538803090402,0.0150301698595285,3.60078477859497,3.5990760739668475,-1.7087046281223373
4770.5527534397725,0.0171896573156118,3.60062289237976,3.5991195989084446,-1.5032934713152812
4771.566715467812,0.0161099135875702,3.60062289237976,3.5991197794442,-1.503112935560047
4772.5807744642125,0.0164698269218206,3.60078477859497,3.599134927019632,-1.649851575337813
4773.594798778492,0.0146702546626329,3.60078477859497,3.5991202935063935,-1.6644850885763063
4774.608719754242,0.0153900841251016,3.60062289237976,3.5991379127363747,-1.4849796433851203
4775.622642145582,0.0161099135875702,3.60062289237976,3.599160514227079,-1.4623781526807988
4776.636733346792,0.0150301698595285,3.60046076774597,3.599155751898562,-1.30501584740772
4777.650653614743,0.0146702546626329,3.60062289237976,3.599160225496766,-1.4626668829937906
4778.664848154503,0.0164698269218206,3.60078477859497,3.599196602910278,-1.5881756846916062
4779.6787220616625,0.0168297421187162,3.60078477859497,3.5992162738282016,-1.568504766768175
4780.692652946583,0.0150301698595285,3.60062289237976,3.5992025875443687,-1.4203048353911285
4781.706643994342,0.0164698269218206,3.60062289237976,3.5992332035080943,-1.389688871665573
4782.720502329942,0.0157499983906746,3.60078477859497,3.5992362145836854,-1.5485640112844479
4783.734637768553,0.0161099135875702,3.60062289237976,3.599251370813969,-1.3715215657907898
4784.7486719920125,0.0150301698595285,3.60062289237976,3.599246220004846,-1.376672374914012
4785.762589782662,0.0143103403970599,3.60062289237976,3.5992451738334155,-1.3777185463443864
4786.776785738022,0.0161099135875702,3.60078477859497,3.599278557676296,-1.5062209186740283
4787.790562322923,0.0157499983906746,3.60062289237976,3.59928786249289,-1.335029886869954
4788.804485775962,0.0153900841251016,3.60062289237976,3.5992926780633434,-1.3302143164164448
4789.818586886352,0.0128706824034452,3.60062289237976,3.599261892450072,-1.3609999296879671
4790.832394968273,0.0157499983906746,3.60062289237976,3.5993087510632074,-1.3141413165524973
4791.846394863523,0.0168297421187162,3.60078477859497,3.599340256207541,-1.4445223874286484
4792.860508006483,0.0157499983906746,3.60062289237976,3.5993409858655814,-1.281906514178477
4793.874365988182,0.0153900841251016,3.60062289237976,3.5993457685393397,-1.2771238404201135
4794.888668113283,0.0150301698595285,3.60078477859497,3.599351278354917,-1.433500240052954
4795.902515831903,0.0153900841251016,3.60078477859497,3.5993626861174715,-1.42209247749836
4796.916319313143,0.0135905109345913,3.60062289237976,3.599346759491674,-1.2761328880857015
4797.9303878648125,0.0128706824034452,3.60046076774597,3.599340601209185,-1.1201665367850389
4798.944319457532,0.0157499983906746,3.60062289237976,3.5993894314644543,-1.2334609153055176
4799.958373145442,0.0150301698595285,3.60062289237976,3.599394993285126,-1.227899094633944
4800.972330572792,0.0146702546626329,3.60078477859497,3.5994004699759476,-1.3843086190221676
4801.986349224692,0.0150301698595285,3.60062289237976,3.5994159409037767,-1.2069514759831534
4803.000196589413,0.0161099135875702,3.60046076774597,3.5994425168138795,-1.0182509320904032
4804.018955366112,0.0146702546626329,3.60062289237976,3.5994356811310384,-1.1872112487214537
4805.028257250562,0.0150301698595285,3.60062289237976,3.599449168474602,-1.1737239051576864
4806.042216801302,0.0128706824034452,3.60062289237976,3.5994246707701385,-1.1982216096213527
4807.056176705953,0.0157499983906746,3.60062289237976,3.59947304876879,-1.149843610969814
4808.070188279862,0.0157499983906746,3.60062289237976,3.5994894458890765,-1.1334464906833652
4809.084217902642,0.0143103403970599,3.60062289237976,3.599479781943519,-1.143110436240935
4810.098157281132,0.0125107672065496,3.60062289237976,3.5994597983548093,-1.1630940249505173
4811.112157530282,0.0157499983906746,3.60078477859497,3.5995128226975175,-1.271955897452326
4812.126124159012,0.0157499983906746,3.60078477859497,3.5995296064905955,-1.2551721043743136
4813.140139979712,0.0150301698595285,3.60062289237976,3.5995313188264073,-1.0915735533525428
4814.154110501332,0.0128706824034452,3.60062289237976,3.599507907346328,-1.1149850334319922
4815.168120659652,0.0146702546626329,3.60062289237976,3.5995390807642127,-1.0838116155471589
4816.182132587473,0.0143103403970599,3.60062289237976,3.5995452266527788,-1.0776657269810919
4817.195998001052,0.0139504261314869,3.60062289237976,3.5995492777960756,-1.073614583684268
4818.210020899743,0.0139504261314869,3.60078477859497,3.599558791282581,-1.2259873123889875
4819.223984343373,0.0157499983906746,3.60062289237976,3.59959623105983,-1.0266613199299002
4820.238023521422,0.0161099135875702,3.60078477859497,3.5996164993161712,-1.1682792787985896
4821.251950867352,0.0139504261314869,3.60062289237976,3.5995977613830004,-1.0251309967594935
4822.266398798883,0.0139504261314869,3.60062289237976,3.599604378522381,-1.0185138573790553
4823.2799605670225,0.0150301698595285,3.60062289237976,3.5996297181243353,-0.993174255424556
4824.293964001252,0.0128706824034452,3.60062289237976,3.5996075761907202,-1.0153161890396056
4825.307841447402,0.0146702546626329,3.60062289237976,3.5996388807438775,-0.9840116358823536
4826.321887703432,0.0132305966690183,3.60062289237976,3.599629998569508,-0.9928938102516938
4827.335841945693,0.0143103403970599,3.60062289237976,3.599652420149901,-0.9704722298589097
4828.349740979692,0.0143103403970599,3.60062289237976,3.5996620707278972,-0.96082165186262
4829.363849875862,0.0128706824034452,3.60078477859497,3.5996497371874763,-1.1350414074935422
4830.377843754833,0.0121508529409766,3.60062289237976,3.599646263236595,-0.9766291431647645
4831.391751282402,0.0150301698595285,3.60078477859497,3.599695309261984,-1.0894693329857041
4832.405707648052,0.0139504261314869,3.60062289237976,3.5996939867867956,-0.9289055929642132
4833.419809466252,0.0146702546626329,3.60078477859497,3.599715006713039,-1.0697718819310253
4834.433740351163,0.0146702546626329,3.60062289237976,3.599726767339938,-0.8961250398220599
4835.447671236082,0.0143103403970599,3.60078477859497,3.5997334352185972,-1.0513433763725821
4836.461729878582,0.0146702546626329,3.60062289237976,3.5997466025105544,-0.8762898692054044
4837.475660055702,0.0135905109345913,3.60062289237976,3.599743927505427,-0.8789648743330325
4838.509672592222,0.0161099135875702,3.60062289237976,3.5997899487894442,-0.8329435903156046
4839.519319174412,0.0132305966690183,3.60062289237976,3.599761735816424,-0.861156563336074
4840.533248997633,0.0132305966690183,3.60046076774597,3.5997646561022796,-0.6961116436903225
4841.5472598637525,0.0121508529409766,3.60046076774597,3.599759664857961,-0.7011028880090642
4842.561192518162,0.0161099135875702,3.60094666481018,3.599824064406481,-1.1226004036992698
4843.5751633936825,0.0157499983906746,3.60078477859497,3.5998375224277726,-0.9472561671972635
4844.589113743053,0.0146702546626329,3.60062289237976,3.5998343100324655,-0.7885823472943976
4845.603122131873,0.0150301698595285,3.60062289237976,3.599849800288229,-0.7730920915309802
4846.617192453043,0.0143103403970599,3.60078477859497,3.599850109626026,-0.9346689689437859
4847.631180315722,0.0143103403970599,3.60062289237976,3.5998584029759066,-0.764489403853208
4848.645101291462,0.0135905109345913,3.60062289237976,3.5998568771267747,-0.7660152529851416
4849.659084199552,0.0132305966690183,3.60078477859497,3.5998599816625667,-0.9247969324031047
4850.673186725542,0.0146702546626329,3.60062289237976,3.599889309607871,-0.733582771888841
4851.686979235902,0.0143103403970599,3.60062289237976,3.599896298529172,-0.726593850588042
4852.701082469693,0.0139504261314869,3.60062289237976,3.59989989873758,-0.7229936421797589
4853.714996013552,0.0132305966690183,3.60062289237976,3.599899096357674,-0.7237960220858319
4854.729027405822,0.0135905109345913,3.60062289237976,3.5999113320122835,-0.7115603674763271
4855.743042164832,0.0139504261314869,3.60078477859497,3.5999259878250696,-0.8587907699002528
4856.7569903908025,0.0139504261314869,3.60078477859497,3.5999359511128626,-0.8488274821072395
4857.770980022972,0.0132305966690183,3.60078477859497,3.599934312705356,-0.850465889613794
4858.784935326932,0.0146702546626329,3.60062289237976,3.599963887620641,-0.659004759119064
4859.798899832263,0.0132305966690183,3.60062289237976,3.599955060133051,-0.6678322467088549
4860.812937240822,0.0121508529409766,3.60062289237976,3.599945594902965,-0.6772974767947915
4861.826870603032,0.0135905109345913,3.60062289237976,3.599972941902333,-0.649950477426664
4862.840917212962,0.0150301698595285,3.60078477859497,3.600005190691984,-0.7795879029859343
4863.8547989059025,0.0139504261314869,3.60062289237976,3.6000040632271575,-0.6188291526023626
4864.868820388992,0.0146702546626329,3.60062289237976,3.600024241961806,-0.5986504179538166
4865.882879385393,0.0132305966690183,3.60078477859497,3.600015248411092,-0.7695301838777091
4866.896884589122,0.0139504261314869,3.60062289237976,3.6000327648765946,-0.5901275031652276
4867.910840246982,0.0132305966690183,3.60078477859497,3.6000320093697757,-0.7527692251940721
4868.924729017902,0.0135905109345913,3.60062289237976,3.6000442128065226,-0.5786795732372063
4869.938713695482,0.0125107672065496,3.60062289237976,3.600037182688755,-0.5857096910046877
4870.952771276292,0.0157499983906746,3.60062289237976,3.6000955821180445,-0.5273102617153747
4871.966749937582,0.0121508529409766,3.60062289237976,3.6000576922209064,-0.5652001588534183
4872.980695332372,0.0132305966690183,3.60046076774597,3.600075149240309,-0.38561850566098954
4873.994691334722,0.0128706824034452,3.60062289237976,3.6000815747375796,-0.541317642180239
4875.008662210243,0.0153900841251016,3.60078477859497,3.600126846770686,-0.6579318242838639
4876.022554874053,0.0139504261314869,3.60078477859497,3.600122246790871,-0.6625318040986983
4877.036648906463,0.0143103403970599,3.60078477859497,3.6001352854838538,-0.6494931111160618
4878.050685253323,0.0132305966690183,3.60062289237976,3.6001308685035074,-0.4920238762524676
4879.064555267592,0.0139504261314869,3.60062289237976,3.60014921954014,-0.4736728396199652
4880.078579227972,0.0139504261314869,3.60062289237976,3.6001596300559697,-0.46326232379012566
4881.092585139502,0.0132305966690183,3.60062289237976,3.600158520686323,-0.46437169343693796
4882.106459400562,0.0132305966690183,3.60062289237976,3.600168200219377,-0.4546921603827414
4883.120530075632,0.0146702546626329,3.60046076774597,3.6001983635059616,-0.2624042400083404
4884.134572084872,0.0143103403970599,3.60062289237976,3.6002065586982024,-0.4163336815574681
4885.148403878043,0.0143103403970599,3.60062289237976,3.600216768626353,-0.4061237534069839
4886.162359889792,0.011431023478508,3.60078477859497,3.600182932437876,-0.6018461570937994
4887.176482588033,0.0135905109345913,3.60046076774597,3.6002177226243846,-0.2430451215853502
4888.190509379612,0.0153900841251016,3.60078477859497,3.600257309955807,-0.5274686391629757
4889.204407705813,0.0132305966690183,3.60062289237976,3.6002406145414882,-0.3822778382716052
4890.218490413452,0.0128706824034452,3.60062289237976,3.6002411600006305,-0.381732379129307
4891.2324333309425,0.0135905109345913,3.60046076774597,3.600259174728944,-0.2015930170258251
4892.246350767692,0.0132305966690183,3.60062289237976,3.6002633626511793,-0.3595297285805543
4893.261080049022,0.0121508529409766,3.60062289237976,3.600254585675969,-0.3683067037907328
4894.274419922413,0.0117909386754036,3.60062289237976,3.6002561693727855,-0.36672300697437876
4895.288484935092,0.0139504261314869,3.60062289237976,3.6002940687583553,-0.32882362140451704
4896.302375829412,0.0135905109345913,3.60062289237976,3.600302323111628,-0.3205692681320649
4897.316224255832,0.0125107672065496,3.60078477859497,3.600295475372835,-0.48930322213491806
4898.330311918062,0.0125107672065496,3.60078477859497,3.6003028815961735,-0.4818969987963051
4899.344326677072,0.0135905109345913,3.60062289237976,3.600324727497632,-0.2981648821278604
4900.358223587672,0.0128706824034452,3.60062289237976,3.6003271962352206,-0.2956961445392814
4901.372144917313,0.0135905109345913,3.60046076774597,3.6003455468392507,-0.11522090671922669
4902.386187634353,0.0125107672065496,3.60062289237976,3.6003404406241097,-0.28245175565011493
4903.400254770432,0.0139504261314869,3.60078477859497,3.6003708459496635,-0.41393264530631413
4904.414235201222,0.0128706824034452,3.60062289237976,3.6003658501393616,-0.257042240398242
4905.428188735692,0.0121508529409766,3.60078477859497,3.600361471064694,-0.4233075302759737
4906.442241361902,0.0103512806817889,3.60062289237976,3.6003416271542608,-0.2812652254990944
4907.456125532132,0.0150301698595285,3.60062289237976,3.600414211965094,-0.2086804146657073
4908.470155508812,0.0135905109345913,3.60062289237976,3.60041087563294,-0.21201674681980975
4909.484120721942,0.0125107672065496,3.60062289237976,3.6004048131794537,-0.2180792003061427
4910.498065055022,0.0132305966690183,3.60062289237976,3.600421514555884,-0.201377823875859
4911.512097862892,0.0128706824034452,3.60046076774597,3.600426669044944,-0.03409870102588641
4912.526050335652,0.0128706824034452,3.60078477859497,3.600434466726414,-0.35031186855594143
4913.540067571952,0.0121508529409766,3.60062289237976,3.600431408012376,-0.19148436738403163
4914.554059681423,0.0117909386754036,3.60062289237976,3.6004337970338542,-0.18909534590560995
4915.5679933975325,0.0135905109345913,3.60062289237976,3.6004672854293402,-0.1556069504196067
4916.582045315942,0.0128706824034452,3.60078477859497,3.6004697054199815,-0.3150731749883562
4917.595957798112,0.0132305966690183,3.60046076774597,3.60048428911118,0.023521365210221745
4918.6100228107925,0.0135905109345913,3.60062289237976,3.6004997306323188,-0.12316174744109176
4919.6238730067125,0.0132305966690183,3.60078477859497,3.600505617693386,-0.27916090158397466
4920.637898736592,0.0128706824034452,3.60062289237976,3.6005094215618496,-0.11347081791024394
4921.652001616482,0.0121508529409766,3.60046076774597,3.6005074272575293,0.04665951155935488
4922.666095648892,0.0117909386754036,3.60062289237976,3.6005096123359412,-0.11328004381860879
4923.666460872782,0.0135905109345913,3.60062289237976,3.600542229834118,-0.08066254564198516
4924.678196167572,0.0139504261314869,3.60078477859497,3.6005602393639657,-0.2245392310040728
4925.692280998603,0.0132305966690183,3.60078477859497,3.6005623416884323,-0.22243690653755976
4926.706217899812,0.0135905109345913,3.60078477859497,3.600576335155815,-0.20844343915493724
4927.720248584273,0.0117909386754036,3.60062289237976,3.6005586273987507,-0.06426498100919886
4928.734169913922,0.0135905109345913,3.60062289237976,3.600592410627451,-0.030481752308908483
4929.748211215362,0.0139504261314869,3.60062289237976,3.6006092685982662,-0.01362378149361021
4930.762212526202,0.0128706824034452,3.60062289237976,3.600604825199604,-0.01806718015595621
4931.776114391392,0.0121508529409766,3.60062289237976,3.600601102005833,-0.02179037392702199
4932.7901178256325,0.0125107672065496,3.60046076774597,3.600612989588819,0.15222184284890972
4933.804064636012,0.011431023478508,3.60062289237976,3.6006032862487216,-0.01960613103824116
4934.818057453273,0.011431023478508,3.60078477859497,3.6006082162037245,-0.17656239124530515
4935.832107248292,0.0135905109345913,3.60078477859497,3.6006497878979338,-0.1349906970360415
4936.846020792153,0.0128706824034452,3.60062289237976,3.6006524050865,0.02951270674023121
4937.8599630018425,0.0128706824034452,3.60062289237976,3.600661384665656,0.038492285896030154
4938.873987316132,0.0125107672065496,3.60062289237976,3.6006653893142753,0.04249693451541248
4939.888033926062,0.0125107672065496,3.60062289237976,3.600674269565345,0.05137718558501092
4940.902038775892,0.0128706824034452,3.60046076774597,3.6006861705130055,0.22540276703564288
4941.915999388332,0.011071109212935,3.60062289237976,3.6006690114048228,0.046119025062907326
4942.929992559502,0.0117909386754036,3.60062289237976,3.6006830310339586,0.060138654198738095
4943.943979360472,0.011431023478508,3.60046076774597,3.600685508970192,0.22474122422222464
4944.9579941194825,0.0117909386754036,3.60062289237976,3.6006960081135047,0.07311573374479963
4945.971944468853,0.011071109212935,3.60078477859497,3.6006943708833297,-0.09040771164015027
4946.985936224422,0.011431023478508,3.60062289237976,3.6007055222897213,0.08262990996144026
4947.999919486412,0.0135905109345913,3.60062289237976,3.60074628851952,0.1233961397599792
4949.013897439912,0.0117909386754036,3.60062289237976,3.600734378667097,0.11148628733703703
4950.0278757473125,0.0128706824034452,3.60078477859497,3.600755966696124,-0.02881189884584856
4951.041873165263,0.011431023478508,3.60062289237976,3.600745157531582,0.1222651518220097
4952.056055672452,0.0125107672065496,3.60062289237976,3.6007679398432497,0.14504746348986686
4953.069795805743,0.0125107672065496,3.60062289237976,3.6007773721833063,0.15447980354643676
4954.0838215356225,0.0117909386754036,3.60062289237976,3.6007760204183423,0.15312803858247293
4955.097812229492,0.0117909386754036,3.60078477859497,3.6007837994619187,-0.000979133051082215
4956.1117891212925,0.0125107672065496,3.60062289237976,3.6008031334613584,0.18024108159853114
4957.125773091082,0.0132305966690183,3.60062289237976,3.6008246503228376,0.20175794307775163
4958.1397460899925,0.0128706824034452,3.60062289237976,3.6008318072634515,0.20891488369167988
4959.153732183172,0.0128706824034452,3.60062289237976,3.600838945108144,0.21605272838431944
4960.167723938743,0.0103512806817889,3.60046076774597,3.6008124664818095,0.35169873583962286
4961.1817008305425,0.0132305966690183,3.60078477859497,3.6008570101632653,0.07223156829549993
4962.195690462712,0.0125107672065496,3.60078477859497,3.6008597601730736,0.07498157810381656
4963.209750520812,0.0121508529409766,3.60062289237976,3.60086328754102,0.2403951612599542
4964.223608148613,0.0128706824034452,3.60046076774597,3.600881321683612,0.4205539376420653
4965.237577962433,0.0117909386754036,3.60062289237976,3.6008753944983165,0.2525021185566523
4966.252091011403,0.011071109212935,3.60062289237976,3.600870773395485,0.24788101572514876
4967.266077812383,0.011431023478508,3.60062289237976,3.6008816021401424,0.25870976038255833
4968.2795971126225,0.0125107672065496,3.60062289237976,3.6009066627445296,0.28377036476978645
4969.293587806493,0.0125107672065496,3.60078477859497,3.600917422967101,0.13264437213100777
4970.307543464342,0.0121508529409766,3.60078477859497,3.6009207655051014,0.13598691013161357
4971.321541236202,0.011431023478508,3.60062289237976,3.6009180020279428,0.29510964818291185
4972.335531930063,0.0121508529409766,3.60062289237976,3.6009338121044174,0.3109197246575768
4973.349486172322,0.011071109212935,3.60046076774597,3.6009269415905787,0.46617384460878597
4974.363477927893,0.0107111949473619,3.60078477859497,3.600926963703905,0.14218510893515557
4975.377443141022,0.011071109212935,3.60062289237976,3.6009392063513928,0.31631397163289776
4976.391458253932,0.0125107672065496,3.60062289237976,3.600969340906058,0.34644852629828193
4977.405421697572,0.0135905109345913,3.60046076774597,3.6009980908552097,0.5373231092398179
4978.419425839602,0.0103512806817889,3.60078477859497,3.6009613987740234,0.17662017905362148
4979.433393176132,0.0099913654848933,3.60078477859497,3.600957774322747,0.17299572777718097
4980.447387055092,0.0121508529409766,3.60062289237976,3.6009943438020473,0.3714514222874499
4981.4615394808625,0.0125107672065496,3.60062289237976,3.601011696848681,0.38880446892131104
4982.475344023792,0.0128706824034452,3.60062289237976,3.6010274432091913,0.40455082943147147
4983.489351704812,0.011071109212935,3.60062289237976,3.601011563033919,0.3886706541589291
4984.503264186982,0.0121508529409766,3.60078477859497,3.6010327342294404,0.24795563447055358
4985.517319998292,0.011431023478508,3.60062289237976,3.601032045663969,0.40915328420920716
4986.531246990312,0.011431023478508,3.60062289237976,3.601037551689535,0.4146593097753559
4987.545270242902,0.0107111949473619,3.60062289237976,3.601033635980213,0.4107436004532339
4988.559252443192,0.0128706824034452,3.60062289237976,3.6010746279081562,0.45173552839639086
4989.573221195313,0.0125107672065496,3.60062289237976,3.6010824968864616,0.459604506701794
4990.587232061433,0.0125107672065496,3.60062289237976,3.601091379364936,0.4684869851763196
4991.601204706452,0.0107111949473619,3.60062289237976,3.6010752623787954,0.452369999035529
4992.615196108112,0.0125107672065496,3.60062289237976,3.601106040624922,0.4831482451619351
4993.629162382942,0.011071109212935,3.60062289237976,3.601094234401296,0.47134202153609195
4994.6431375052525,0.0121508529409766,3.60062289237976,3.601117605585737,0.49471320597715973
4995.657259141793,0.0128706824034452,3.60078477859497,3.601138439894387,0.3536612994170518
4996.671130217762,0.0121508529409766,3.60078477859497,3.6011395433331583,0.3547647381885177
4997.685072427453,0.0117909386754036,3.60062289237976,3.601142134198115,0.519241818355276
4998.699072322693,0.011431023478508,3.60062289237976,3.6011436402417085,0.5207478619486672
4999.713067263352,0.011431023478508,3.60046076774597,3.6011519154672875,0.6911477213176198
5000.727044862952,0.0125107672065496,3.60078477859497,3.6011736996096566,0.38892101468679385
5001.741038388022,0.011431023478508,3.60062289237976,3.601170478805351,0.5475864255912732
5002.7551384367125,0.0117909386754036,3.60062289237976,3.601182570039658,0.5596776598979503
5003.7689907560325,0.0125107672065496,3.60078477859497,3.6012024839837733,0.41770538880347985
5004.782983927193,0.011431023478508,3.60062289237976,3.6011961120841884,0.5732197044285847
5005.796977098353,0.0125107672065496,3.60062289237976,3.601220249475571,0.5973570958111019
5006.8109518667625,0.0117909386754036,3.60062289237976,3.6012198818969656,0.5969895172057704
5007.824949992512,0.0121508529409766,3.60062289237976,3.6012317317327045,0.6088393529446456
5008.838916975143,0.011431023478508,3.60078477859497,3.6012298084398635,0.44502984489369624
5009.852904130013,0.0107111949473619,3.60062289237976,3.601224636065376,0.6017436856162739
5010.866881021822,0.0099913654848933,3.60046076774597,3.6012191578738513,0.7583901278813698
5011.880832786782,0.011431023478508,3.60062289237976,3.6012448397855783,0.621947405818446
5012.894860640063,0.0117909386754036,3.60062289237976,3.6012604553646628,0.6375629849029174
5013.908842486452,0.0121508529409766,3.60062289237976,3.601274942920226,0.6520505404661314
5014.922813008072,0.011431023478508,3.60062289237976,3.6012742760413254,0.6513836615655855
5015.936790607672,0.0107111949473619,3.60062289237976,3.601271151391066,0.6482590113061626
5016.950795811403,0.0117909386754036,3.60062289237976,3.6012923988294414,0.6695064496815561
5017.964768810322,0.0117909386754036,3.60062289237976,3.601302744052247,0.6798516724870751
5018.978770475062,0.011071109212935,3.60062289237976,3.601299298100612,0.6764057208519247
5019.992723655622,0.0089116217568516,3.60062289237976,3.6012811652897776,0.6582729100177431
5021.006726382062,0.0125107672065496,3.60078477859497,3.601328906909538,0.5441283145684039
5022.020706458952,0.0103512806817889,3.60078477859497,3.601311494355025,0.5267157600550298
5023.034690782642,0.0099913654848933,3.60078477859497,3.601308601379114,0.5238227841442011
5024.048675106323,0.0089116217568516,3.60078477859497,3.601298842739325,0.5140641443550642
5025.062667215792,0.0125107672065496,3.60062289237976,3.601356113882553,0.7332215027933131
5026.076636321813,0.0117909386754036,3.60078477859497,3.601360748131447,0.5759695364773165
5027.090579593202,0.011071109212935,3.60062289237976,3.601359127200672,0.7362348209123404
5028.104638235703,0.011431023478508,3.60062289237976,3.601371302550661,0.7484101709009927
5029.118577614192,0.011071109212935,3.60062289237976,3.6013740427981134,0.7511504183534967
5030.132549905312,0.0107111949473619,3.60078477859497,3.6013752757780173,0.5904971830474892
5031.146534582892,0.0103512806817889,3.60062289237976,3.6013755480315868,0.7526556518269167
5032.160506166212,0.0099913654848933,3.60062289237976,3.601378982435619,0.7560900558591932
5033.174533665592,0.0117909386754036,3.60062289237976,3.6014100325072667,0.7871401275068024
5034.188440485363,0.011431023478508,3.60046076774597,3.601416380713967,0.955612967997066
5035.202476124422,0.0103512806817889,3.60046076774597,3.601407876285139,0.9471085391692391
5036.216434259572,0.0107111949473619,3.60062289237976,3.601419249140907,0.7963567611470879
5037.230447602982,0.011071109212935,3.60062289237976,3.601432735680781,0.8098433010212958
5038.244358669553,0.011431023478508,3.60062289237976,3.6014457094396244,0.8228170598645335
5039.258797045803,0.0099913654848933,3.60062289237976,3.601432752983252,0.8098606034923073
5040.272369077013,0.0096314512193203,3.60062289237976,3.601432410173576,0.8095177938161058
5041.286369680062,0.0117909386754036,3.60046076774597,3.6014702833413113,1.0095155953413482
5042.300364974622,0.011431023478508,3.60062289237976,3.6014773113156973,0.8544189359374066
5043.314355668483,0.011071109212935,3.60078477859497,3.601480227884623,0.6954492896533715
5044.328304248363,0.0107111949473619,3.60078477859497,3.6014825535963504,0.6977750013805739
5045.342263445213,0.0107111949473619,3.60046076774597,3.6014908144175033,1.0300466715333911
5046.356258385862,0.0117909386754036,3.60062289237976,3.6015151661024865,0.8922737227265998
5047.370298979512,0.0125107672065496,3.60062289237976,3.6015344942908127,0.9116019110528839
5048.384252867872,0.0107111949473619,3.60062289237976,3.6015192450592575,0.896352679497614
5049.398204632842,0.0092715369537472,3.60046076774597,3.601502262602202,1.0414948562322834
5050.412216206752,0.0103512806817889,3.60078477859497,3.6015198798658967,0.7351012709269078
5051.4262093779125,0.0107111949473619,3.60062289237976,3.6015332284093797,0.9103360296198737
5052.440183438523,0.0099913654848933,3.60062289237976,3.6015304130111265,0.9075206313666762
5053.454209522312,0.0107111949473619,3.60062289237976,3.6015473171927717,0.9244248130118038
5054.468162348972,0.011431023478508,3.60062289237976,3.6015659900483095,0.9430976685496084
5055.482133224492,0.0107111949473619,3.60062289237976,3.60156574611235,0.9428537325901765
5056.496103038312,0.011071109212935,3.60062289237976,3.601578817789065,0.9559254093050029
5057.5101252292025,0.011071109212935,3.60062289237976,3.6015862508687198,0.9633584889598978
5058.524072393472,0.0103512806817889,3.60062289237976,3.601583561859224,0.9606694794639381
5059.538072996523,0.0099913654848933,3.60062289237976,3.601581966160492,0.9590737807321226
5060.5522144514125,0.0085517074912786,3.60062289237976,3.601569032368377,0.9461399886170341
5061.566241596893,0.0121508529409766,3.60062289237976,3.6016254365450604,1.0025441653005451
5062.580203978832,0.011071109212935,3.60078477859497,3.6016230531244053,0.8382745294355232
5063.594037895392,0.00783187802881,3.60046076774597,3.601579748689322,1.1189809433522768
5064.607972673202,0.0081917932257056,3.60062289237976,3.601583366635594,0.9604742558342316
5065.621976461332,0.0125107672065496,3.60078477859497,3.601652810191638,0.8680315966680396
5066.635954414833,0.011071109212935,3.60062289237976,3.601648493052089,1.0256006723290412
5067.650056233022,0.0103512806817889,3.60062289237976,3.6016450789814116,1.0221866016517644
5068.6640249851525,0.0099913654848933,3.60078477859497,3.6016458053946576,0.8610267996878029
5069.677910924882,0.0099913654848933,3.60062289237976,3.6016518347677953,1.0289423880354143
5070.691869767832,0.0103512806817889,3.60062289237976,3.6016634470449937,1.0405546652338948
5071.705844182342,0.0099913654848933,3.60062289237976,3.6016643402250366,1.0414478452767106
5072.719852925063,0.0089116217568516,3.60078477859497,3.6016552370122765,0.8704584173067076
5073.733850696913,0.011071109212935,3.60062289237976,3.601692011213471,1.0691188337110802
5074.747782643522,0.0117909386754036,3.60078477859497,3.601714285829824,0.9295072348542988
5075.761815097492,0.0103512806817889,3.60078477859497,3.601703972636844,0.9191940418742384
5076.7757565993825,0.0099913654848933,3.60078477859497,3.6017053369033585,0.9205583083886637
5077.789778436372,0.011071109212935,3.60062289237976,3.601726418339752,1.10352595999208
5078.803734094232,0.0099913654848933,3.60062289237976,3.6017205446978102,1.0976523180503683
5079.817699307362,0.0096314512193203,3.60062289237976,3.6017196838195837,1.0967914398238854
5080.8316875239325,0.0107111949473619,3.60078477859497,3.6017422545777786,0.9574759828088197
5081.845715023313,0.011071109212935,3.60062289237976,3.601759181575642,1.1362891958821564
5082.859651216722,0.0121508529409766,3.60062289237976,3.601783261342287,1.1603689625272473
5083.873645803482,0.0107111949473619,3.60078477859497,3.601774818249707,0.990039654737096
5084.887640390242,0.0099913654848933,3.60062289237976,3.601769875556493,1.1469831767332295
5085.901652318053,0.0121508529409766,3.60062289237976,3.601808181936494,1.185289556734137
5086.915598066732,0.0103512806817889,3.60062289237976,3.601794540303918,1.1716479241581368
5087.929614949142,0.0107111949473619,3.60062289237976,3.601802434296008,1.1795419162483611
5088.9435493730425,0.0089116217568516,3.60078477859497,3.6017841570522666,0.9993784572968067
5089.957604476553,0.0099913654848933,3.60062289237976,3.601801840016204,1.1789476364443274
5090.971550579132,0.0103512806817889,3.60062289237976,3.601814261195995,1.191368816235272
5091.985546227593,0.0099913654848933,3.60062289237976,3.6018161621658513,1.1932697860914665
5092.999530905172,0.0092715369537472,3.60062289237976,3.60181186154211,1.1889691623503396
5094.013520537343,0.0117909386754036,3.60078477859497,3.601857193583279,1.0724149883092338
5095.027455315152,0.011071109212935,3.60062289237976,3.601859318824864,1.236426445104133
5096.041464411773,0.0103512806817889,3.60062289237976,3.60185721675743,1.2343243776702373
5097.055659659332,0.0085517074912786,3.60046076774597,3.6018378541031426,1.3770863571727077
5098.069443676122,0.0107111949473619,3.60062289237976,3.601868385768001,1.2454933882413144
5099.083410304852,0.0103512806817889,3.60062289237976,3.6018723228224343,1.2494304426744485
5100.0974300184425,0.00783187802881,3.60062289237976,3.6018425700663195,1.219677686559617
5101.111366919652,0.0092715369537472,3.60062289237976,3.6018635532382266,1.2406608584667467
5102.125377785762,0.011431023478508,3.60062289237976,3.6019047979242553,1.2819055444954763
5103.1393228266525,0.0092715369537472,3.60062289237976,3.601884247078224,1.2613546984643342
5104.153358111802,0.0089116217568516,3.60062289237976,3.6018849368560546,1.2620444762947436
5105.167338542602,0.0125107672065496,3.60062289237976,3.601944609539437,1.321717159677327
5106.1813072947225,0.0103512806817889,3.60062289237976,3.601927488013898,1.304595634138206
5107.195262598682,0.0107111949473619,3.60062289237976,3.601938863300465,1.315970920705123
5108.209290451962,0.0107111949473619,3.60062289237976,3.6019462738574455,1.3233814776856256
5109.223228414862,0.0099913654848933,3.60062289237976,3.6019443879883495,1.321495608589629
5110.237243173862,0.0107111949473619,3.60078477859497,3.601959670937197,1.1748923422270074
5111.251578919372,0.0092715369537472,3.60078477859497,3.6019461127753685,1.1613341803986543
5112.265223499902,0.0092715369537472,3.60078477859497,3.6019493640137257,1.164585418755859
5113.279185174052,0.0099913654848933,3.60078477859497,3.601966586248674,1.1818076537042366
5114.293184715392,0.011431023478508,3.60062289237976,3.6019984283935362,1.3755360137763795
5115.307164438393,0.0096314512193203,3.60062289237976,3.601981917931696,1.3590255519360106
5116.3211303593225,0.0096314512193203,3.60062289237976,3.601985670289206,1.3627779094460557
5117.335097695843,0.0096314512193203,3.60062289237976,3.6019918359876013,1.3689436078414552
5118.349143244082,0.0103512806817889,3.60062289237976,3.6020098262151232,1.3869338353633687
5119.363079437482,0.0103512806817889,3.60062289237976,3.6020168319864148,1.3939396066549037
5120.377081456122,0.0092715369537472,3.60062289237976,3.6020093156434347,1.3864232636748852
5121.391043484162,0.0107111949473619,3.60062289237976,3.6020356095340267,1.4127171542668293
5122.405046918402,0.0107111949473619,3.60078477859497,3.6020464989509353,1.261720355965501
5123.418976741622,0.011071109212935,3.60078477859497,3.602060765641574,1.2759870466041434
5124.433018396962,0.0107111949473619,3.60046076774597,3.6020633263814763,1.6025586355064014
5125.446994934872,0.0092715369537472,3.60062289237976,3.6020485546789898,1.4256622992299128
5126.460969703282,0.0092715369537472,3.60046076774597,3.6020527367756046,1.5919690296346545
5127.474946241182,0.0099913654848933,3.60062289237976,3.6020686322675544,1.445739887794506
5128.488932688262,0.0099913654848933,3.60062289237976,3.6020772155394423,1.4543231596824135
5129.502912057353,0.0099913654848933,3.60062289237976,3.602082369875326,1.459477495566297
5130.516914076003,0.0092715369537472,3.60062289237976,3.6020806428521737,1.4577504724138102
5131.530866548762,0.0096314512193203,3.60062289237976,3.602088149367253,1.4652569874931132
5132.5448820155725,0.0089116217568516,3.60062289237976,3.602087731940271,1.464839560511244
5133.558859261272,0.0099913654848933,3.60062289237976,3.6021069792634077,1.4840868836478727
5134.572801117062,0.0103512806817889,3.60062289237976,3.602121492688353,1.4986003085932786
5135.586824015752,0.0092715369537472,3.60062289237976,3.6021138954092686,1.491003029508775
5136.600814001822,0.0096314512193203,3.60062289237976,3.602123823205513,1.5009308257529774
5137.614771075272,0.0103512806817889,3.60062289237976,3.602142160761457,1.5192683816973584
5138.628777340702,0.0099913654848933,3.60046076774597,3.602145881385852,1.6851136398821076
5139.642760602692,0.0096314512193203,3.60046076774597,3.602147893475152,1.6871257291821706
5140.656833401153,0.0096314512193203,3.60062289237976,3.6021551801094858,1.5322877297259119
5141.670717925283,0.011071109212935,3.60078477859497,3.6021836755169145,1.3988969219447256
5142.684704372372,0.011071109212935,3.60062289237976,3.602193664188368,1.5707718086082068
5143.698669585502,0.0081917932257056,3.60062289237976,3.602158448613293,1.5355562335330752
5144.712650724092,0.00783187802881,3.60062289237976,3.6021529125903284,1.5300202105685834
5145.726611690432,0.0107111949473619,3.60062289237976,3.6021995277820347,1.5766354022748175
5146.740665378342,0.0107111949473619,3.60046076774597,3.602213463968252,1.7526962222822462
5147.754610419232,0.011431023478508,3.60062289237976,3.602231862742785,1.6089703630250973
5148.7686230548425,0.0089116217568516,3.60062289237976,3.6022059463281453,1.5830539483854267
5149.782601008343,0.0103512806817889,3.60078477859497,3.6022300814873307,1.445302892360889
5150.796565867572,0.0096314512193203,3.60078477859497,3.602227526491826,1.442747896856389
5151.810549129562,0.0089116217568516,3.60062289237976,3.6022218717656944,1.5989793859345625
5152.824527436962,0.0089116217568516,3.60062289237976,3.6022276466203116,1.6047542405517312
5153.838540780373,0.0103512806817889,3.60062289237976,3.602255186099594,1.632293719834088
5154.852520857272,0.0099913654848933,3.60062289237976,3.602259209849328,1.6363174695679383
5155.866476161233,0.0099913654848933,3.60062289237976,3.6022665606572457,1.6436682774858546
5156.880438543172,0.0099913654848933,3.60078477859497,3.6022721591624256,1.4873805674557872
5157.894415434972,0.0081917932257056,3.60078477859497,3.6022511268120474,1.4663482170775843
5158.908394096272,0.0092715369537472,3.60062289237976,3.6022703164356504,1.6474240558905784
5159.922423365142,0.0096314512193203,3.60062289237976,3.60228184800716,1.6589556274002604
5160.936416182402,0.0089116217568516,3.60078477859497,3.602278727469592,1.4939488746223972
5161.950415015952,0.0092715369537472,3.60062289237976,3.6022893462017773,1.6664538220174663
5162.9643685504125,0.0089116217568516,3.60062289237976,3.602290954643767,1.6680622640072862
5163.978375877542,0.0092715369537472,3.60062289237976,3.602301392637767,1.6785002580070874
5164.992321980122,0.0089116217568516,3.60062289237976,3.602303918897088,1.6810265173279326
5166.006318690273,0.0107111949473619,3.60062289237976,3.60233719757777,1.7143051980101909
5167.0202994749725,0.0103512806817889,3.60062289237976,3.60234369305773,1.7208006779703133
5168.034244869752,0.0096314512193203,3.60062289237976,3.602341233320063,1.718340940302987
5169.048315190922,0.0096314512193203,3.60062289237976,3.6023467904628332,1.723898083073383
5170.062262355203,0.0099913654848933,3.60062289237976,3.6023593497971915,1.7364574174316694
5171.076244555492,0.0099913654848933,3.60046076774597,3.6023689480484657,1.9081803024958433
5172.0902002133425,0.0103512806817889,3.60062289237976,3.6023804373068793,1.7575449271194366
5173.104215326252,0.0081917932257056,3.60062289237976,3.602356586990691,1.7336946109312024
5174.1181915102625,0.0096314512193203,3.60062289237976,3.602378792168796,1.7558997890363415
5175.132194590592,0.0092715369537472,3.60062289237976,3.602382166067095,1.7592736873353054
5176.146154495243,0.0096314512193203,3.60062289237976,3.60239115514764,1.7682627678801133
5177.160157575582,0.00783187802881,3.60062289237976,3.6023723520720803,1.749459692320432
5178.174117480222,0.0103512806817889,3.60062289237976,3.602412512401762,1.7896200220022251
5179.188065706202,0.0107111949473619,3.60062289237976,3.602427799668077,1.8049072883172812
5180.202086127592,0.00783187802881,3.60062289237976,3.602393280044272,1.7703876645120964
5181.216071159072,0.00783187802881,3.60062289237976,3.6023936663897413,1.7707740099814906
5182.250733808282,0.0103512806817889,3.60062289237976,3.6024365903699995,1.813697990239671
5183.260002072302,0.0107111949473619,3.60062289237976,3.60245455031609,1.83165793633
5184.273609847332,0.0096314512193203,3.60062289237976,3.602448959476257,1.8260670964971304
5185.2876093886725,0.0089116217568516,3.60062289237976,3.602443996681377,1.8211043016171935
5186.301549828872,0.0096314512193203,3.60062289237976,3.602459827271715,1.8369348919553552
5187.315580513342,0.0099913654848933,3.60062289237976,3.602473735989735,1.850843609975339
5188.329557405143,0.0089116217568516,3.60062289237976,3.602464547943942,1.841655564182254
5189.3435318196525,0.0092715369537472,3.60062289237976,3.6024743775722134,1.8514851924535947
5190.357505526363,0.0096314512193203,3.60078477859497,3.6024899615699093,1.7051829749394898
5191.371502590412,0.011071109212935,3.60062289237976,3.602518003992507,1.8951116127472467
5192.385500362262,0.0085517074912786,3.60078477859497,3.602490202506023,1.7054239110532166
5193.399437971262,0.005672391038388,3.60062289237976,3.6024463342505944,1.8234418708344968
5194.413439282112,0.0099913654848933,3.60046076774597,3.6025083096406867,2.0475418947167867
5195.427442008542,0.0096314512193203,3.60062289237976,3.602516180545074,1.8932881653141997
5196.441412176262,0.0107111949473619,3.60062289237976,3.6025426855575815,1.9197931778216493
5197.455374204303,0.00783187802881,3.60062289237976,3.602509022569205,1.8861301894452787
5198.469414797953,0.0081917932257056,3.60046076774597,3.6025139727629285,2.0532050169586036
5199.483382488383,0.0089116217568516,3.60062289237976,3.6025287962575403,1.905903877780446
5200.497343100822,0.0081917932257056,3.60062289237976,3.602524773459416,1.9018810796560537
5201.5113525513425,0.00783187802881,3.60062289237976,3.602527224486636,1.9043321068763497
5202.5253159949825,0.0107111949473619,3.60078477859497,3.6025731049273984,1.788326332428536
5203.539301734262,0.0096314512193203,3.60062289237976,3.6025705745385763,1.9476821588164661
5204.553302691203,0.0092715369537472,3.60046076774597,3.602571564946616,2.1107972006459974
5205.567262595852,0.0089116217568516,3.60046076774597,3.6025737195326695,2.1129517866995684
5206.581266737882,0.0092715369537472,3.60078477859497,3.602581492268361,1.7967136733911815
5207.595250707673,0.00783187802881,3.60046076774597,3.602566511735126,2.1057439891563057
5208.609175930203,0.0099913654848933,3.60062289237976,3.602602764236798,1.9798718570380736
5209.623202721782,0.0081917932257056,3.60062289237976,3.6025861097919925,1.9632174122325985
5210.637185629872,0.0092715369537472,3.60062289237976,3.6026051829507857,1.9822905710258354
5211.651305143022,0.0085517074912786,3.60046076774597,3.602602171497826,2.141403751855897
5212.665163124722,0.0081917932257056,3.60062289237976,3.6026007547660166,1.9778623862567457
5213.679155941983,0.00783187802881,3.60062289237976,3.6026029518068134,1.9800594270535932
5214.693112661533,0.0096314512193203,3.60046076774597,3.6026322495404144,2.1714817944444853
5215.707097339122,0.0096314512193203,3.60046076774597,3.6026430972013848,2.1823294554148553
5216.721098649962,0.0092715369537472,3.60062289237976,3.602645207481208,2.0223151014482355
5217.735076957362,0.0085517074912786,3.60062289237976,3.602640645105441,2.0177527256812766
5218.7490527874625,0.0096314512193203,3.60046076774597,3.602661565537561,2.2007977915912136
5219.763034279952,0.00783187802881,3.60062289237976,3.6026433961891726,2.020503809412766
5220.777024266023,0.0092715369537472,3.60062289237976,3.602666451866135,2.043559486375024
5220.948620747422,0.0089116217568516,3.60062289237976,3.6026619010225094,2.039008642749529
5220.949089634382,0.0073617687448859,3.60046076774597,3.602649451794513,2.1886840485429992
5221.964952866092,0.0,3.60029888153076,3.6025250058104663,2.226124279706365
5222.978971164092,0.0,3.60029888153076,3.602497922082571,2.1990405518108602
5223.992965396952,0.0,3.60029888153076,3.6024832780780063,2.1843965472463367
5225.006926363292,0.0,3.60013699531555,3.6024721223968905,2.335127081340538
5226.020882021152,0.0,3.60013699531555,3.602462601596228,2.3256062806780164
5227.034849711572,0.0,3.60013699531555,3.602454405869276,2.317410553725807
5228.048880749942,0.0,3.59997510910034,3.602447301960516,2.472192860175859
5229.062826498623,0.0,3.59997510910034,3.602440964102377,2.4658550020371095
5230.076878063142,0.0,3.59997510910034,3.602435453211437,2.460344111097079
5230.966021287532,0.0,3.59981322288513,3.6024362560533563,2.6230331682262076
5231.980572365712,0.0344655551016331,3.60062289237976,3.6029832278834064,2.36033550364656
5232.994561997883,0.0193491447716951,3.60078477859497,3.602862947509226,2.078168914256384
5234.008573925702,0.0139504261314869,3.60062289237976,3.60280223861315,2.1793462333903335
5235.0225681585625,0.0146702546626329,3.60046076774597,3.602820183758526,2.3594160125561814
5236.036528063212,0.0117909386754036,3.60062289237976,3.6027918413468343,2.1689489670744244
5237.050524773363,0.0107111949473619,3.60046076774597,3.602780905411112,2.3201376651420524
5238.064477600023,0.011071109212935,3.60062289237976,3.6027913201716157,2.168427791855887
5239.078501206513,0.0096314512193203,3.60078477859497,3.602777929911708,1.993151316738384
5240.092443062303,0.0107111949473619,3.60062289237976,3.602796642002675,2.1737496229152775
5241.106484717642,0.0085517074912786,3.60062289237976,3.6027740481634645,2.151155783704617
5242.120530619773,0.0096314512193203,3.60046076774597,3.602791359151857,2.3305914058870947
5243.134440978542,0.0096314512193203,3.60029888153076,3.602799009166962,2.5001276362019986
5244.148383896032,0.0096314512193203,3.60062289237976,3.6028050297822873,2.1821374025274842
5245.162343800673,0.00783187802881,3.60062289237976,3.60278375555821,2.16086317844999
5246.176336971842,0.00783187802881,3.60046076774597,3.6027847287989907,2.3239610530207955
5247.190353146442,0.0089116217568516,3.60046076774597,3.6028050005523644,2.3442328063945084
5248.204336762332,0.0096314512193203,3.60062289237976,3.602823823439263,2.2009310595030307
5249.218324625012,0.0096314512193203,3.60062289237976,3.602831677599371,2.208785219611098
5250.232306825293,0.0089116217568516,3.60046076774597,3.6028278707372046,2.3671029912346597
5251.246302119852,0.00783187802881,3.60062289237976,3.602816790695681,2.1938983159213166
5252.260254592622,0.0103512806817889,3.60046076774597,3.602859812047193,2.3990443012231744
5253.274226175932,0.0092715369537472,3.60078477859497,3.6028555903615533,2.0708117665835246
5254.288234564762,0.0096314512193203,3.60062289237976,3.6028675437710054,2.2446513912455224
5255.302252508863,0.0081917932257056,3.60062289237976,3.602851907252468,2.2290148727082126
5256.316203212133,0.0089116217568516,3.60062289237976,3.602866461728661,2.243569348901353
5257.330195675492,0.0092715369537472,3.60062289237976,3.6028786977490146,2.2558053692547375
5258.344163719822,0.00783187802881,3.60062289237976,3.6028636380842647,2.240745704504832
5259.358163615062,0.0089116217568516,3.60046076774597,3.602883549803318,2.4227820573479164
5260.372152539442,0.0099913654848933,3.60078477859497,3.6029077705536454,2.122991958675602
5261.386124476652,0.0081917932257056,3.60062289237976,3.6028894839647188,2.266591584958899
5262.400068809732,0.007471963763237,3.60046076774597,3.6028829640934954,2.422196347525496
5263.414105156592,0.0089116217568516,3.60062289237976,3.602907504012036,2.2846116322763343
5264.428072493122,0.0103512806817889,3.60062289237976,3.6029376370274275,2.314744647667677
5265.442065664282,0.0092715369537472,3.60062289237976,3.6029329292792367,2.3100368994768417
5266.456035832002,0.0081917932257056,3.60046076774597,3.602922144334661,2.4613765886911665
5267.470015555003,0.0092715369537472,3.60062289237976,3.6029412574654702,2.318365085710372
5268.483996693592,0.0085517074912786,3.60062289237976,3.602938503650926,2.3156112711659738
5269.498020300072,0.007471963763237,3.60062289237976,3.6029280004228257,2.305108043065829
5270.511992945092,0.0085517074912786,3.60062289237976,3.602943862095871,2.3209697161110654
5271.525973375882,0.0067521347664296,3.60062289237976,3.60292387621363,2.3009838338703403
5272.539933634433,0.0085517074912786,3.60062289237976,3.602951695002729,2.328802622969306
5273.553889646182,0.0081917932257056,3.60078477859497,3.602954268314636,2.169489719666018
5274.567903343493,0.0071120494976639,3.60062289237976,3.602942639577229,2.319747197469191
5275.582119117203,0.0089116217568516,3.60062289237976,3.602974403835727,2.351511455967348
5276.5960722977625,0.011071109212935,3.60078477859497,3.603016718053068,2.2319394580980756
5277.610069361823,0.0081917932257056,3.60062289237976,3.6029877526372887,2.3648602575288002
5278.623842053832,0.0081917932257056,3.60062289237976,3.6029898518387102,2.3669594589503795
5279.637836994492,0.00783187802881,3.60062289237976,3.6029896864683417,2.3667940885818695
5280.651799376432,0.0085517074912786,3.60062289237976,3.603004556885553,2.381664505793246
5281.665798917772,0.0085517074912786,3.60078477859497,3.6030105566990294,2.2257781040595503
5282.679758468522,0.00783187802881,3.60046076774597,3.6030068549965493,2.5460872505793652
5283.6937739353325,0.0085517074912786,3.60062289237976,3.6030214359929786,2.3985436132187843
5284.707701989052,0.0081917932257056,3.60046076774597,3.603022645143605,2.561877397635026
5285.722056845112,0.00783187802881,3.60078477859497,3.603021701825342,2.2369232303720565
5286.735715581613,0.007471963763237,3.60062289237976,3.6030219606185985,2.3990682388386197
5287.749904105082,0.0092715369537472,3.60078477859497,3.6030537673721676,2.2689887771978334
5288.763674673703,0.0103512806817889,3.60078477859497,3.6030816269266492,2.296848331679424
5289.777671029962,0.0085517074912786,3.60062289237976,3.603065216344076,2.4423239643160954
5290.791651106852,0.0085517074912786,3.60062289237976,3.6030682398174045,2.445347437644685
5291.8056230440725,0.00783187802881,3.60062289237976,3.6030637184987273,2.440826118967454
5292.8195843643125,0.0096314512193203,3.60062289237976,3.6030951362429815,2.472243863221646
5293.833596646023,0.0089116217568516,3.60062289237976,3.6030946371629384,2.4717447831785755
5294.847590878882,0.0081917932257056,3.60062289237976,3.6030895766862385,2.4666843064786725
5295.861521056002,0.0085517074912786,3.60046076774597,3.6030985579686785,2.6377902227086025
5296.875543600792,0.00783187802881,3.60046076774597,3.6030934013128415,2.6326335668716006
5297.889542080442,0.007471963763237,3.60062289237976,3.603092084628481,2.469192248720997
5298.903503046782,0.00783187802881,3.60046076774597,3.603102231752309,2.6414640063392447
5299.917512851212,0.0096314512193203,3.60046076774597,3.6031341486510065,2.6733809050365487
5300.931477356542,0.0081917932257056,3.60062289237976,3.6031247303757286,2.501837995968703
5301.945366127462,0.0092715369537472,3.60046076774597,3.603146021803224,2.6852540572539496
5302.959436094732,0.0063922200351953,3.60062289237976,3.6031102508020316,2.487358422271768
5303.973425373012,0.0103512806817889,3.60062289237976,3.603170555821545,2.547663441785364
5304.987421021462,0.00783187802881,3.60062289237976,3.603146359180781,2.5234668010210015
5306.001400390563,0.0085517074912786,3.60046076774597,3.603158332973136,2.69756522716591
5307.015334814472,0.0081917932257056,3.60078477859497,3.6031597263335597,2.3749477385899276
5308.029384609492,0.0081917932257056,3.60078477859497,3.6031647522519745,2.379973657004708
5309.043339205652,0.0081917932257056,3.60062289237976,3.603170215984258,2.547323604498164
5310.057322467643,0.0081917932257056,3.60062289237976,3.603175181552419,2.552289172659261
5311.071320947282,0.00783187802881,3.60046076774597,3.6031757203929566,2.7149526469867347
5312.0853141184525,0.0096314512193203,3.60046076774597,3.6032093049373493,2.748537191379352
5313.0992626983225,0.0096314512193203,3.60062289237976,3.603219471125904,2.5965787461439405
5314.113258700682,0.0067521347664296,3.60062289237976,3.6031820775006898,2.5591851209298966
5315.127443331262,0.0027930745854973,3.60046076774597,3.6031177906511953,2.6570229052254035
5316.141228409742,0.0081917932257056,3.60078477859497,3.6031911570325237,2.406378437553869
5317.155198577462,0.0089116217568516,3.60078477859497,3.603215313639419,2.4305350444491225
5318.1691850245425,0.0099913654848933,3.60078477859497,3.603242922639955,2.458144044985122
5319.183188104882,0.007471963763237,3.60062289237976,3.6032160221540352,2.5931297742753934
5320.1971653505825,0.0085517074912786,3.60062289237976,3.6032340479746936,2.611155594933745
5321.211145781383,0.00783187802881,3.60062289237976,3.603231887972457,2.6089955926971165
5322.225127273872,0.0089116217568516,3.60062289237976,3.603252052826183,2.629160446423029
5323.2391285847125,0.007471963763237,3.60078477859497,3.603239244599076,2.4544660041061483
5324.253100875832,0.0089116217568516,3.60078477859497,3.603264148081082,2.4793694861120485
5325.271402414863,0.0085517074912786,3.60046076774597,3.6032648827069975,2.804114961027615
5326.281076955082,0.0063922200351953,3.60046076774597,3.603238936998513,2.778169252543261
5327.295039337022,0.0063922200351953,3.60062289237976,3.6032381694001634,2.615277020403539
5328.309024014602,0.0089116217568516,3.60046076774597,3.6032796126325684,2.8188448865984483
5329.323006922692,0.0085517074912786,3.60062289237976,3.6032844201815175,2.661527801757657
5330.337017788812,0.007471963763237,3.60062289237976,3.603274731525887,2.6518391461269886
5331.350983001942,0.00783187802881,3.60062289237976,3.603284207388151,2.661315008391174
5332.3649432604825,0.0081917932257056,3.60078477859497,3.6032961628835185,2.5113842885486903
5333.378959081192,0.0085517074912786,3.60078477859497,3.603308160258007,2.5233816630372274
5334.392872978952,0.0081917932257056,3.60062289237976,3.6033090790154665,2.6861866357066333
5335.406907910212,0.0067521347664296,3.60078477859497,3.6032935734695535,2.508794874583664
5336.420924084812,0.0089116217568516,3.60062289237976,3.603326443916598,2.7035515368383223
5337.434883281662,0.0067521347664296,3.60046076774597,3.603304036663183,2.843268917213315
5338.448854157183,0.0071120494976639,3.60046076774597,3.6033107617925615,2.8499940465915863
5339.4628480361425,0.00783187802881,3.60078477859497,3.6033264190124212,2.5416404174514184
5340.476835898812,0.0096314512193203,3.60062289237976,3.6033607975336053,2.7379051538454213
5341.490819868603,0.00783187802881,3.60062289237976,3.6033459445986584,2.7230522188985695
5342.504790390222,0.0081917932257056,3.60078477859497,3.6033548154218242,2.570036826854416
5343.518782499692,0.0081917932257056,3.60062289237976,3.6033612700349216,2.7383776551617167
5344.532754083002,0.0081917932257056,3.60062289237976,3.603366634327906,2.7437419481461944
5345.546745838572,0.00783187802881,3.60062289237976,3.6033657255099993,2.742833130239486
5346.560723792072,0.0071120494976639,3.60046076774597,3.603362940731011,2.9021729850411404
5347.574712716442,0.0081917932257056,3.60046076774597,3.6033787465724223,2.9179788264523943
5348.588704825912,0.007471963763237,3.60062289237976,3.6033772540243194,2.7543616445595553
5349.6028614984625,0.007471963763237,3.60062289237976,3.603380255834233,2.757363454473083
5350.6166968306225,0.0071120494976639,3.60062289237976,3.6033811732093826,2.7582808296227057
5351.630672306822,0.007471963763237,3.60062289237976,3.603390682467874,2.7677900881140083
5352.644608500233,0.0089116217568516,3.60062289237976,3.6034174433038197,2.794550924059891
5353.658597070702,0.0081917932257056,3.60062289237976,3.6034168334139514,2.793941034191505
5354.672607229022,0.00783187802881,3.60062289237976,3.603415711506973,2.7928191272130753
5355.686607478172,0.0060323057696223,3.60046076774597,3.603394410975183,2.9336432292130787
5356.700562428232,0.0092715369537472,3.60062289237976,3.60344276363672,2.819871256960038
5357.714533303742,0.00783187802881,3.60062289237976,3.603434433409733,2.8115410299731636
5358.728854539392,0.0092715369537472,3.60062289237976,3.6034600738661444,2.8371814863845657
5359.742501951112,0.00783187802881,3.60062289237976,3.603448044345364,2.825151965604178
5360.756491583283,0.00783187802881,3.60062289237976,3.603452290896461,2.829398516701165
5361.770479799862,0.00783187802881,3.60062289237976,3.603457448704048,2.8345563242879734
5362.784449259782,0.00783187802881,3.60062289237976,3.6034625875075244,2.8396951277644966
5363.7984403075525,0.005672391038388,3.60046076774597,3.6034343311421178,2.973563396147849
5364.812423569542,0.0071120494976639,3.60062289237976,3.6034541163993383,2.831224019578471
5365.826411078312,0.007471963763237,3.60062289237976,3.6034646431826105,2.841750802850651
5366.840408850162,0.0071120494976639,3.60078477859497,3.603465988559929,2.6812099649591303
5367.854361322932,0.007471963763237,3.60062289237976,3.603476039033502,2.8531466537420336
5368.8683711273525,0.00783187802881,3.60062289237976,3.603487670801523,2.8647784217632477
5369.882302012273,0.00783187802881,3.60062289237976,3.6034945657823996,2.8716734026397184
5370.896333758432,0.00783187802881,3.60062289237976,3.6034991467331214,2.8762543533615847
5371.910314897033,0.0063922200351953,3.60062289237976,3.603484411403985,2.8615190242251565
5372.924298512912,0.0081917932257056,3.60062289237976,3.6035118556672097,2.8889632874498083
5373.938468279733,0.0063922200351953,3.60062289237976,3.603492933778484,2.8700413987241546
5374.952448002732,0.00783187802881,3.60062289237976,3.6035167461272732,2.8938537475133863
5375.966460992242,0.007471963763237,3.60078477859497,3.6035198137085804,2.7350351136106177
5376.980229791372,0.0085517074912786,3.60078477859497,3.6035412723544913,2.7564937595214722
5377.994397788692,0.0071120494976639,3.60062289237976,3.6035280008339257,2.9051084541658057
5379.008172250203,0.00783187802881,3.60078477859497,3.6035422883819894,2.7575097870196075
5380.022382715422,0.007471963763237,3.60062289237976,3.6035452210080385,2.922328628278681
5381.0363178471325,0.0092715369537472,3.60062289237976,3.6035782281732462,2.955335793486391
5382.0500696590925,0.0081917932257056,3.60078477859497,3.6035722144897773,2.787435894807455
5383.0641272398925,0.00783187802881,3.60062289237976,3.6035725472263382,2.9496548465783867
5384.078100946603,0.0089116217568516,3.60062289237976,3.6035933183475746,2.970425967814716
5385.092110397132,0.00783187802881,3.60046076774597,3.6035869733112835,3.1262055653136223
5386.1061354192125,0.0081917932257056,3.60062289237976,3.6035958761937907,2.972983814030883
5387.120387290633,0.007471963763237,3.60078477859497,3.603591316646368,2.8065380513981886
5388.134256597103,0.00783187802881,3.60046076774597,3.603598873988942,3.1381062429720608
5389.148224287533,0.0063922200351953,3.60062289237976,3.6035830486273,2.960156247540091
5390.162200471533,0.007471963763237,3.60062289237976,3.6036001775299935,2.977285150233655
5391.176196827792,0.007471963763237,3.60046076774597,3.6036061713698757,3.145403623905807
5392.190131605592,0.0067521347664296,3.60062289237976,3.6036035726518483,2.9806802720884207
5393.2041385788225,0.0089116217568516,3.60078477859497,3.603638351638491,2.8535730435210738
5394.218165016502,0.00783187802881,3.60062289237976,3.6036329318520326,3.010039472272741
5395.232125275053,0.00783187802881,3.60062289237976,3.6036371187710325,3.0142263912726897
5396.245906106742,0.0071120494976639,3.60078477859497,3.6036340697978497,2.849291202879911
5397.259884414142,0.0085517074912786,3.60062289237976,3.603658966232815,3.0360738530550435
5398.273867676132,0.0063922200351953,3.60062289237976,3.603633491822347,3.010599442587303
5399.287830765862,0.0063922200351953,3.60062289237976,3.6036339704771407,3.0110780973808815
5400.302035922602,0.00783187802881,3.60062289237976,3.603658608388871,3.0357160091112334
5401.315807552913,0.005672391038388,3.60062289237976,3.6036315143951514,3.0086220153915377
5402.329814172243,0.0067521347664296,3.60046076774597,3.603647596348252,3.1868286022822545
5403.343723469312,0.0067521347664296,3.60078477859497,3.6036536810920037,2.868902497033865
5404.357777865022,0.007471963763237,3.60062289237976,3.6036712315682733,3.048339188513438
5405.391871444443,0.0096314512193203,3.60062289237976,3.6037106296520482,3.0877372722883933
5406.401331521793,0.00783187802881,3.60046076774597,3.6036985287970746,3.237761051104737
5407.415337079422,0.0081917932257056,3.60078477859497,3.603707903548871,2.923124953901013
5408.429315032922,0.0081917932257056,3.60046076774597,3.6037147765679722,3.25400882200233
5409.443287677942,0.007471963763237,3.60062289237976,3.603709207777904,3.0863153981441904
5410.457259969052,0.007471963763237,3.60062289237976,3.603711566209733,3.088673829973132
5411.471253494113,0.0063922200351953,3.60078477859497,3.603701107112843,2.916328517873268
5412.485230032023,0.00783187802881,3.60078477859497,3.6037242957709106,2.9395171759407646
5413.4992345279525,0.0063922200351953,3.60062289237976,3.603708982722166,3.0860903424061448
5414.513227345213,0.0067521347664296,3.60046076774597,3.6037151271017507,3.254359355780778
5415.527256260192,0.0060323057696223,3.60062289237976,3.6037080144030584,3.085122023298581
5416.541148216203,0.0071120494976639,3.60062289237976,3.603727883065609,3.1049906858493515
5417.555155543332,0.0081917932257056,3.60062289237976,3.6037517978582962,3.1289054785363923
5418.569159331472,0.0081917932257056,3.60062289237976,3.603760263394685,3.137371014925172
5419.583124898502,0.0071120494976639,3.60078477859497,3.6037520513480823,2.967272753112482
5420.597102498103,0.007471963763237,3.60062289237976,3.603760494164884,3.1376017851241222
5421.611048246782,0.007471963763237,3.60078477859497,3.6037654383324873,2.980659737517488
5422.625086363132,0.0071120494976639,3.60062289237976,3.6037672298505514,3.1443374707915694
5423.639072810212,0.007471963763237,3.60078477859497,3.603774259602617,2.9894810076473988
5424.653041208432,0.0067521347664296,3.60062289237976,3.603769662403634,3.1467700238740903
5425.667024116522,0.0063922200351953,3.60062289237976,3.6037684259143195,3.145533534559597
5426.6809928686525,0.0071120494976639,3.60046076774597,3.6037818840551026,3.3211163091326767
5427.694990286603,0.007471963763237,3.60062289237976,3.6037947616773036,3.1718692975437612
5428.708985581162,0.0081917932257056,3.60078477859497,3.603812783967453,3.0280053724833778
5429.723269657392,0.00783187802881,3.60046076774597,3.6038147627021435,3.3539949561736115
5430.736944319352,0.0060323057696223,3.60062289237976,3.603793746125657,3.1708537458969843
5431.750924396242,0.005672391038388,3.60046076774597,3.603788029587301,3.3272618413309196
5432.764864128642,0.0081917932257056,3.60046076774597,3.603827704425619,3.3669366796491573
5433.778883842242,0.007471963763237,3.60078477859497,3.6038276719652536,3.042893370283739
5434.792875951703,0.00783187802881,3.60062289237976,3.6038388670605914,3.215974680831568
5435.806865937772,0.007471963763237,3.60062289237976,3.6038396290473007,3.2167366675408537
5436.820832566502,0.0071120494976639,3.60062289237976,3.603839974744307,3.217082364546986
5437.834831046152,0.007471963763237,3.60062289237976,3.6038495547505693,3.2266623708094855
5438.8488093535525,0.007471963763237,3.60062289237976,3.603855328765738,3.2324363859781435
5439.862794385032,0.0071120494976639,3.60046076774597,3.6038561112766914,3.395343530721462
5440.876786140602,0.007471963763237,3.60078477859497,3.603860736242677,3.0759576477072947
5441.8907340126725,0.0060323057696223,3.60062289237976,3.6038512543248347,3.228361945074809
5442.904730368932,0.0067521347664296,3.60078477859497,3.6038599181329887,3.075139538018856
5443.918677887113,0.0063922200351953,3.60078477859497,3.60385990862639,3.0751300314202368
5444.932706448182,0.0081917932257056,3.60062289237976,3.6038907510567793,3.2678586770193974
5445.946644411082,0.007471963763237,3.60046076774597,3.6038899536779434,3.4291859319734996
5446.960674387752,0.007471963763237,3.60078477859497,3.6038956615035773,3.110882908607504
5447.974615181843,0.007471963763237,3.60062289237976,3.6039022637193985,3.279371339638626
5448.988634187643,0.007471963763237,3.60062289237976,3.603910178095031,3.28728571527126
5450.002606124863,0.0085517074912786,3.60062289237976,3.603925519359112,3.30262697935213
5451.016614159782,0.007471963763237,3.60062289237976,3.6039212142659784,3.2983218862185915
5452.030555307772,0.0067521347664296,3.60062289237976,3.603915386345185,3.2924939654250807
5453.044561573212,0.0071120494976639,3.60062289237976,3.603922775672747,3.29988329298736
5454.058530679233,0.0063922200351953,3.60062289237976,3.603917025670466,3.294133290705936
5455.072546853832,0.0071120494976639,3.60046076774597,3.6039298166965006,3.4690489505306843
5456.086508881872,0.0063922200351953,3.60062289237976,3.603926751173251,3.3038587934912655
5457.100505945932,0.0081917932257056,3.60078477859497,3.6039562132791345,3.171434684164698
5458.114554679252,0.0081917932257056,3.60062289237976,3.6039663160181257,3.3434236383658167
5459.128663221532,0.0071120494976639,3.60062289237976,3.6039577914038183,3.3348990240584797
5460.1424447610225,0.0071120494976639,3.60046076774597,3.603960839493047,3.500071747077005
5461.156429792502,0.0071120494976639,3.60062289237976,3.6039648905097694,3.3419981300095714
5462.159573124472,0.0067521347664296,3.60046076774597,3.603966757109408,3.5059893634379335
5463.168802459592,0.0071120494976639,3.60062289237976,3.6039744342756097,3.351541895849852
5464.182759533052,0.0045926473103463,3.60046076774597,3.6039572117102163,3.4964439642464207
5465.196775353752,0.00783187802881,3.60062289237976,3.603986138957433,3.3632465776731735
5466.210688897612,0.0060323057696223,3.60062289237976,3.6039721403794815,3.349247999721694
5467.224749663513,0.005672391038388,3.60062289237976,3.6039668628176664,3.343970437906574
5468.238693288802,0.0060323057696223,3.60062289237976,3.6039738693612624,3.3509769815025514
5469.252715125793,0.0085517074912786,3.60062289237976,3.6040190109900885,3.3961186103286245
5470.266639286622,0.00783187802881,3.60046076774597,3.6040196180923583,3.5588503463883647
5471.280663247012,0.007471963763237,3.60078477859497,3.6040205093811597,3.235730786189883
5472.2946167814725,0.007471963763237,3.60062289237976,3.604026517886546,3.4036255067859678
5473.308639680163,0.00783187802881,3.60062289237976,3.604035115405856,3.4122230260962283
5474.322581535952,0.0071120494976639,3.60062289237976,3.6040318932146915,3.4090008349316747
5475.336607265833,0.0049525620415806,3.60062289237976,3.604002625561728,3.3797331819682697
5476.3505756640525,0.0071120494976639,3.60046076774597,3.6040334184834006,3.572650737430738
5477.364528136823,0.0071120494976639,3.60062289237976,3.604041659437445,3.41876705768529
5478.378547142613,0.007471963763237,3.60062289237976,3.604048971734954,3.4260793551941227
5479.392541375482,0.0063922200351953,3.60046076774597,3.6040404056720248,3.5796379260548683
5480.406491724842,0.005672391038388,3.60062289237976,3.6040353909265366,3.412498546776721
5481.420507899452,0.00783187802881,3.60062289237976,3.60406820045189,3.445308072130171
5482.4344826678625,0.00783187802881,3.60062289237976,3.6040784906805565,3.4555983007966695
5483.448474423422,0.00783187802881,3.60078477859497,3.60408521653662,3.300437941650358
5484.462436805362,0.0045926473103463,3.60062289237976,3.6040417280530024,3.4188356732425262
5485.4764374084125,0.00783187802881,3.60062289237976,3.6040877827199975,3.4648903402376696
5486.490392004573,0.0081917932257056,3.60062289237976,3.6041040839139584,3.481191534198569
5487.5044007472925,0.00783187802881,3.60062289237976,3.604107898727836,3.485006348076247
5488.518343664782,0.007471963763237,3.60046076774597,3.604108827089788,3.6480593438179554
5489.532376118742,0.0067521347664296,3.60062289237976,3.6041028862981586,3.479993918398705
5490.546330361002,0.0067521347664296,3.60078477859497,3.6041053755634276,3.3205969684577674
5491.560348659003,0.0063922200351953,3.60062289237976,3.604103458408775,3.480566029015364
5492.574328028102,0.0060323057696223,3.60046076774597,3.6041008810634465,3.640113317476601
5493.588311997883,0.0060323057696223,3.60062289237976,3.604104410547498,3.48151816773834
5494.602471501632,0.0071120494976639,3.60062289237976,3.604124347344649,3.5014549648892945
5495.616480952152,0.0063922200351953,3.60062289237976,3.6041187750342,3.49588265444023
5496.630319823303,0.0053124763071537,3.60062289237976,3.604105350777243,3.482458397483068
5497.644437920852,0.0071120494976639,3.60062289237976,3.6041346932700633,3.5118008903034514
5498.658207781672,0.00783187802881,3.60078477859497,3.604153277141909,3.3684985469393247
5499.672144682872,0.007471963763237,3.60046076774597,3.604157100805577,3.6963330596071486
5500.686185276522,0.0071120494976639,3.60062289237976,3.6041558766753257,3.532984295565811
5501.700155090342,0.005672391038388,3.60062289237976,3.604139383911284,3.516491531524224
5502.714513485393,0.00783187802881,3.60062289237976,3.604174123533139,3.5512311533789642
5503.728486130412,0.0071120494976639,3.60062289237976,3.604172380191984,3.5494878122239726
5504.742107707492,0.0071120494976639,3.60062289237976,3.6041781429605297,3.5552505807698864
5505.756092031183,0.00783187802881,3.60062289237976,3.6041945218430924,3.5716294633325596
5506.7700706924825,0.007471963763237,3.60062289237976,3.6041967656028215,3.5738732230616854
5507.784070587722,0.0067521347664296,3.60046076774597,3.6041920356425594,3.7312678965895074
5508.798043940542,0.0067521347664296,3.60062289237976,3.6041976766978636,3.574784318103763
5509.8120445435825,0.0081917932257056,3.60062289237976,3.604222152761178,3.5992603814181123
5510.825971889512,0.007471963763237,3.60062289237976,3.6042212510315466,3.598358651786704
5511.840002220082,0.0071120494976639,3.60062289237976,3.6042196846619197,3.596792282159811
5512.854012378402,0.0067521347664296,3.60062289237976,3.6042179842433075,3.5950918635476725
5513.867995286482,0.0053124763071537,3.60062289237976,3.6042006265720943,3.5777341923344252
5514.881937496172,0.00783187802881,3.60062289237976,3.604238535194163,3.615642814402964
5515.895927482252,0.007471963763237,3.60062289237976,3.604242368557333,3.6194761775729667
5516.909914283222,0.0071120494976639,3.60062289237976,3.6042431772106682,3.6202848309083713
5517.923929042232,0.0071120494976639,3.60062289237976,3.6042459294681946,3.6230370884346996
5518.9423689558225,0.0063922200351953,3.60062289237976,3.6042406589363765,3.6177665566166084
5519.951860530192,0.0060323057696223,3.60078477859497,3.6042368633999042,3.452084804934419
5520.965837068103,0.005672391038388,3.60062289237976,3.6042346838505233,3.6117914707634036
5521.979794495453,0.007471963763237,3.60062289237976,3.6042651019440135,3.642209564253651
5522.993810316162,0.007471963763237,3.60062289237976,3.604274128830126,3.6512364503660244
5524.0078006561225,0.007471963763237,3.60062289237976,3.6042805373177953,3.6576449380354426
5525.021817538533,0.0063922200351953,3.60062289237976,3.604269402426448,3.646510046688256
5526.035753731932,0.0063922200351953,3.60046076774597,3.6042724214910953,3.8116537451253762
5527.049737701723,0.007471963763237,3.60062289237976,3.6042915697374593,3.66867735769949
5528.063737596963,0.005672391038388,3.60062289237976,3.604271960939711,3.649068559951285
5529.077639816052,0.005672391038388,3.60062289237976,3.604271623177531,3.6487307977712824
5530.091704120942,0.005672391038388,3.60062289237976,3.6042737456829252,3.650853303165391
5531.105677119852,0.005672391038388,3.60046076774597,3.6042763335372996,3.815565791329689
5532.119862812142,0.0063922200351953,3.60062289237976,3.6042849597873063,3.6620674075464876
5533.133663462182,0.0049525620415806,3.60062289237976,3.604272532356908,3.649639977147956
5534.147641415682,0.0081917932257056,3.60062289237976,3.604323305819153,3.700413439393202
5535.161616537992,0.007471963763237,3.60062289237976,3.604325938587743,3.7030462079830073
5536.1756107708425,0.0071120494976639,3.60078477859497,3.6043266460238232,3.541867428853429
5537.189588724353,0.0063922200351953,3.60062289237976,3.6043221758319346,3.6992834521747398
5538.203562077162,0.0071120494976639,3.60046076774597,3.6043365172869604,3.8757495409904585
5539.217567280893,0.0067521347664296,3.60062289237976,3.604336571310368,3.713678930608033
5540.231526123843,0.0063922200351953,3.60062289237976,3.6043357564441036,3.7128640643437905
5541.245503723442,0.0063922200351953,3.60062289237976,3.604338171683544,3.7152793037842358
5542.259506095982,0.0060323057696223,3.60062289237976,3.6043384755881007,3.715583208340867
5543.273486172872,0.0063922200351953,3.60062289237976,3.604343852269034,3.7209598892742335
5544.287471204362,0.005672391038388,3.60062289237976,3.6043392494561237,3.716357076363863
5545.301439248682,0.005672391038388,3.60062289237976,3.6043422295083176,3.7193371285577648
5546.315440559532,0.007471963763237,3.60078477859497,3.6043722989882205,3.5875203932507205
5547.329414266243,0.0067521347664296,3.60062289237976,3.6043708721436563,3.747979763896403
5548.343395404832,0.0063922200351953,3.60062289237976,3.604370239785916,3.7473474061560097
5549.357386806502,0.0067521347664296,3.60078477859497,3.604380991544718,3.59621294974799
5550.371354850822,0.00783187802881,3.60062289237976,3.6044014471511723,3.7785547714124235
5551.385320417852,0.0063922200351953,3.60046076774597,3.6043890818896718,3.928314143701872
5552.399358888102,0.00783187802881,3.60062289237976,3.604415157106352,3.7922647265919984
5553.413395942753,0.0067521347664296,3.60062289237976,3.6044070092962865,3.784116916526692
5554.427296746252,0.0067521347664296,3.60046076774597,3.60441047450379,3.9497067578202483
5555.441297349293,0.0067521347664296,3.60062289237976,3.6044149146784483,3.792022298688469
5556.455263978022,0.0067521347664296,3.60062289237976,3.6044190452480445,3.796152868284608
5557.469238038632,0.0063922200351953,3.60046076774597,3.6044176807324195,3.9569129864496233
5558.483235810482,0.0060323057696223,3.60062289237976,3.6044138604844114,3.7909681046515153
5559.497216241282,0.004232732579112,3.60062289237976,3.604388525794616,3.76563341485614
5560.511209058543,0.0067521347664296,3.60062289237976,3.6044263978039037,3.8035054241438715
5561.525203291402,0.005672391038388,3.60046076774597,3.6044184190358357,3.9576512898658045
5562.5391320529225,0.0071120494976639,3.60062289237976,3.6044423896285678,3.8194972488079237
5563.553162737392,0.0071120494976639,3.60062289237976,3.604452338211045,3.8294458312853052
5564.5671530773625,0.00783187802881,3.60062289237976,3.6044697436602924,3.846851280532526
5565.581118290493,0.0067521347664296,3.60046076774597,3.604462247594486,4.001479848516176
5566.595093766702,0.0071120494976639,3.60046076774597,3.604469969757379,4.009202011409307
5567.6091739970525,0.0045926473103463,3.60046076774597,3.604438938206663,3.9781704606931534
5568.623095680592,0.0067521347664296,3.60062289237976,3.6044686559636157,3.845763583855799
5569.637044260462,0.0067521347664296,3.60062289237976,3.604475228069686,3.8523356899262673
5570.651036016032,0.0060323057696223,3.60062289237976,3.6044698602154193,3.8469678356594095
5571.6650107844325,0.0063922200351953,3.60062289237976,3.604477357577152,3.8544651973921873
5572.678986260642,0.0053124763071537,3.60062289237976,3.6044655585386263,3.8426661588664146
5573.692958197862,0.0060323057696223,3.60062289237976,3.6044782412997085,3.8553489199486535
5574.706970833472,0.00783187802881,3.60046076774597,3.604513036701148,4.052268955178295
5575.721113703962,0.0067521347664296,3.60046076774597,3.6045059361771963,4.045168431226376
5576.734933464562,0.0067521347664296,3.60046076774597,3.6045084996401915,4.0477318942215845
5577.7489050478725,0.0053124763071537,3.60062289237976,3.6044921131418257,3.8692207620658614
5578.762919452983,0.0081917932257056,3.60078477859497,3.604537447195981,3.7526686010109778
5579.776880065432,0.00783187802881,3.60062289237976,3.604544202484103,3.9213101043431564
5580.790860142322,0.0063922200351953,3.60062289237976,3.604529440706161,3.90654832640136
5581.805037694922,0.0060323057696223,3.60046076774597,3.6045267257914193,4.065958045449403
5582.818839760563,0.0063922200351953,3.60062289237976,3.6045343897437516,3.911497363991767
5583.832821606952,0.0063922200351953,3.60062289237976,3.6045385906048555,3.915698225095632
5584.846758862052,0.0053124763071537,3.60046076774597,3.604525512922196,4.0647451762261255
5585.860777867852,0.0053124763071537,3.60046076774597,3.6045271880303384,4.066420284368544
5586.874759360352,0.0071120494976639,3.60062289237976,3.604555756625419,3.9328642456593066
5587.888739437242,0.005672391038388,3.60046076774597,3.6045416874918943,4.080919745924394
5588.902757381342,0.005672391038388,3.60062289237976,3.604543854327672,3.9209619479123603
5589.916743474522,0.005672391038388,3.60062289237976,3.6045475084812546,3.924616101494749
5590.930692054392,0.0085517074912786,3.60062289237976,3.604596280033726,3.973387653966043
5591.944672485192,0.0071120494976639,3.60062289237976,3.6045878840775187,3.9649916977588795
5592.958654331583,0.0063922200351953,3.60062289237976,3.6045809084474008,3.9580160676409015
5593.972654226833,0.005672391038388,3.60062289237976,3.6045737607236226,3.9508683438627124
5594.986628287443,0.0067521347664296,3.60062289237976,3.604591482135645,3.968589755884988
5596.000578636812,0.0067521347664296,3.60046076774597,3.604598755241234,4.137987495264284
5597.014598350403,0.00783187802881,3.60078477859497,3.6046192520513443,3.834473456374443
5598.0285833818825,0.005672391038388,3.60062289237976,3.6045964492149314,3.9735568351715322
5599.0570878325225,0.0071120494976639,3.60046076774597,3.604618406231941,4.157638485970949
5600.072147655632,0.005672391038388,3.60062289237976,3.6046037234724664,3.980831092706527
5601.086132687113,0.0053124763071537,3.60046076774597,3.6045994128139713,4.138645068001434
5602.100104978223,0.0063922200351953,3.60078477859497,3.6046178641031568,3.833085508186951
5603.114156188843,0.0071120494976639,3.60062289237976,3.604635714542284,4.012822162524188
5604.128071502202,0.007471963763237,3.60046076774597,3.60464580790754,4.185040161570175
5605.142070689652,0.0053124763071537,3.60062289237976,3.604621011992649,3.998119612889095
5606.156073769992,0.00783187802881,3.60062289237976,3.6046607093524323,4.03781697267247
5607.170029781742,0.0063922200351953,3.60046076774597,3.604649180996354,4.188413250384215
5608.184015874922,0.0060323057696223,3.60062289237976,3.604647548702529,4.024656322769271
5609.198004445392,0.0067521347664296,3.60062289237976,3.604659153669501,4.036261289741105
5610.211972135822,0.0049525620415806,3.60062289237976,3.6046400507225114,4.0171583427515145
5611.226108636132,0.007471963763237,3.60062289237976,3.60467800204673,4.0551096669703135
5612.239941844892,0.0067521347664296,3.60062289237976,3.604677105154977,4.054212775217003
5613.253940678433,0.007471963763237,3.60062289237976,3.6046934706136717,4.070578233911881
5614.267876871842,0.0049525620415806,3.60078477859497,3.604661209196424,3.8764306014540395
5615.281898354932,0.0071120494976639,3.60046076774597,3.604692016443429,4.231248697458945
5616.295880909122,0.0071120494976639,3.60078477859497,3.604701091651737,3.9163130567669846
5617.309876557582,0.0053124763071537,3.60062289237976,3.604678776785829,4.055884406068966
5618.323851325992,0.0053124763071537,3.60062289237976,3.604679632700439,4.056740320679264
5619.337830695083,0.0067521347664296,3.60062289237976,3.6047033987816377,4.080506401877848
5620.351824220143,0.0063922200351953,3.60062289237976,3.6047050766085347,4.082184228774821
5621.365806420432,0.0053124763071537,3.60062289237976,3.604691511124542,4.06861874478226
5622.379792159712,0.0035129035823047,3.60062289237976,3.6046648579425358,4.041965562775918
5623.393774006112,0.0071120494976639,3.60062289237976,3.6047179564456795,4.09506406591964
5624.407739927043,0.0063922200351953,3.60062289237976,3.6047177577736926,4.094865393932778
5625.421707263562,0.0063922200351953,3.60062289237976,3.6047213991759985,4.098506796238688
5626.435719191382,0.0045926473103463,3.60062289237976,3.6046983382402003,4.0754458604403965
5627.449704576762,0.0071120494976639,3.60062289237976,3.6047372174107006,4.11432503094078
5628.4636842997625,0.0067521347664296,3.60062289237976,3.604741414106502,4.118521726742319
5629.477664376653,0.0060323057696223,3.60062289237976,3.60473554597275,4.112653592990068
5630.491653301032,0.0045926473103463,3.60062289237976,3.604715754808214,4.092862428453969
5631.505628777232,0.0049525620415806,3.60062289237976,3.604719891757602,4.096999377842359
5632.519647783032,0.004232732579112,3.60062289237976,3.6047106649772642,4.087772597504369
5633.5335892849225,0.005672391038388,3.60062289237976,3.6047331510639515,4.110258684191681
5634.547577855402,0.0053124763071537,3.60046076774597,3.6047340052125807,4.273237466610791
5635.561562886883,0.007471963763237,3.60062289237976,3.6047725002727815,4.149607893021656
5636.5755440254725,0.0063922200351953,3.60062289237976,3.6047663569425037,4.143464562743837
5637.589537196633,0.0060323057696223,3.60062289237976,3.6047650723994473,4.142180019687469
5638.603528244403,0.005672391038388,3.60078477859497,3.6047666719416567,3.98189334668686
5639.617490980242,0.0071120494976639,3.60078477859497,3.604790986191248,4.006207596278344
5640.631467872042,0.0067521347664296,3.60062289237976,3.604793531111072,4.170638731312071
5641.645477676462,0.0063922200351953,3.60046076774597,3.6047925661691895,4.331798423219624
5642.659445012992,0.0049525620415806,3.60062289237976,3.604775335697439,4.152443317678944
5643.6733804986025,0.0060323057696223,3.60062289237976,3.6047913881450033,4.168495765243474
5644.687414722062,0.0063922200351953,3.60062289237976,3.6048025175324736,4.179625152713751
5645.701394798953,0.0053124763071537,3.60046076774597,3.6047921620221333,4.331394276163358
5646.715750008912,0.0067521347664296,3.60062289237976,3.6048152302719996,4.192337892239717
5647.729374417202,0.0063922200351953,3.60062289237976,3.604817779032272,4.194886652512331
5648.743363695472,0.0060323057696223,3.60062289237976,3.604816058460793,4.193166081033262
5649.757320061122,0.003872818313539,3.60062289237976,3.6047880255947105,4.1651332149506
5650.771306862102,0.0071120494976639,3.60062289237976,3.604834971397991,4.212079018230952
5651.785297555973,0.0071120494976639,3.60078477859497,3.604846017064876,4.061238469906137
5652.799282587453,0.007471963763237,3.60046076774597,3.6048587370050305,4.397969259060552
5653.813268326732,0.0063922200351953,3.60062289237976,3.604850715753226,4.227823373466055
5654.827263975192,0.0067521347664296,3.60062289237976,3.6048578254964787,4.234933116718853
5655.841198045202,0.0049525620415806,3.60062289237976,3.6048357962928046,4.212903913044741
5656.855228021872,0.0053124763071537,3.60062289237976,3.604840344661845,4.2174522820852545
5657.869197481792,0.0053124763071537,3.60062289237976,3.604845608020757,4.222715640997077
5658.883199500432,0.007471963763237,3.60062289237976,3.6048818752273726,4.2589828476127245
5659.8971555121925,0.007471963763237,3.60062289237976,3.604890846001632,4.267953621872156
5660.911351821443,0.0049525620415806,3.60062289237976,3.604859441079455,4.236548699695142
5661.925327651552,0.0045926473103463,3.60046076774597,3.604852793962899,4.392026216929246
5662.9391314866825,0.007471963763237,3.60062289237976,3.604898844747227,4.275952367467362
5663.953098823213,0.0067521347664296,3.60046076774597,3.60489849388805,4.437726142080045
5664.967075361113,0.0067521347664296,3.60062289237976,3.604902633417454,4.27974103769424
5665.981036681363,0.0053124763071537,3.60062289237976,3.6048873984987524,4.264506118992539
5666.995041531192,0.0063922200351953,3.60062289237976,3.6049039082655483,4.281015885788442
5668.009031871163,0.0063922200351953,3.60062289237976,3.6049102125014008,4.287320121640903
5669.023044860673,0.0053124763071537,3.60062289237976,3.6048975150910523,4.2746227112924196
5670.036992732752,0.005672391038388,3.60062289237976,3.604905368383338,4.282476003578228
5671.050976702532,0.0071120494976639,3.60046076774597,3.6049315459596722,4.470778213702342
5672.064945808563,0.0060323057696223,3.60062289237976,3.6049238180283534,4.300925648593523
5673.078948535002,0.0053124763071537,3.60062289237976,3.604915347285415,4.29245490565533
5674.0928903907925,0.0049525620415806,3.60062289237976,3.6049120920927975,4.28919971303765
5675.106904795903,0.0071120494976639,3.60062289237976,3.604947969255174,4.325076875414169
5676.121056159962,0.007471963763237,3.60062289237976,3.604962424054176,4.339531674416364
5677.134849732022,0.005672391038388,3.60046076774597,3.604942126061827,4.481358315857165
5678.1488298089225,0.0053124763071537,3.60046076774597,3.6049400077573686,4.479240011398655
5679.178048781882,0.0067521347664296,3.60062289237976,3.604962640419533,4.339748039773106
5680.192451768222,0.005672391038388,3.60062289237976,3.604952096011497,4.329203631737055
5681.206402471492,0.003872818313539,3.60062289237976,3.604926606727149,4.303714347388965
5682.220405197922,0.0060323057696223,3.60062289237976,3.6049573350695696,4.334442689809759
5683.234380320232,0.0063922200351953,3.60062289237976,3.604968850974076,4.3459585943161905
5684.248352611352,0.0053124763071537,3.60046076774597,3.6049592337680973,4.498466022127445
5685.262368432052,0.0053124763071537,3.60062289237976,3.6049603010569933,4.337408677233423
5686.276329752302,0.0049525620415806,3.60062289237976,3.6049621723499765,4.3392799702166585
5687.290326816353,0.0067521347664296,3.60046076774597,3.604990315111123,4.529547365152986
5688.304288844392,0.0071120494976639,3.60078477859497,3.6050042848489294,4.219506253959615
5689.318266797893,0.0063922200351953,3.60062289237976,3.6050018459134376,4.378953533677787
5690.3322734172225,0.0067521347664296,3.60046076774597,3.6050117990503514,4.551031304381503
5691.346255617513,0.0063922200351953,3.60046076774597,3.6050124246047615,4.551656858791553
5692.360195349902,0.0071120494976639,3.60078477859497,3.605026648780987,4.241870186017405
5693.374197368542,0.005672391038388,3.60046076774597,3.6050122320818967,4.5514643359267914
5694.3882149587525,0.0053124763071537,3.60062289237976,3.605008246123778,4.385353744018161
5695.402144781972,0.005672391038388,3.60078477859497,3.605015747969705,4.230969374735327
5696.416176528132,0.0060323057696223,3.60062289237976,3.6050249982453964,4.402105865636496
5697.430152712142,0.0060323057696223,3.60046076774597,3.605029262161644,4.568494415674085
5698.444117571372,0.0045926473103463,3.60046076774597,3.6050105903978027,4.549822651832791
5699.458110388632,0.0071120494976639,3.60078477859497,3.605049780318401,4.265001723431361
5700.4721049753925,0.0060323057696223,3.60062289237976,3.6050428407799706,4.41994840021076
5701.4860857600925,0.004232732579112,3.60062289237976,3.6050192207449765,4.39632836521664
5702.500070791572,0.004232732579112,3.60062289237976,3.6050180451766853,4.395152796925483
5703.514052637962,0.0071120494976639,3.60078477859497,3.6050628575503447,4.278078955374909
5704.528026344672,0.0060323057696223,3.60062289237976,3.6050569098793055,4.434017499545639
5705.5420188080425,0.0060323057696223,3.60078477859497,3.605061341869155,4.276563274185019
5706.555963141122,0.005672391038388,3.60062289237976,3.605060688185475,4.43779580571535
5707.570003026973,0.0067521347664296,3.60062289237976,3.605081085376927,4.45819299716721
5708.583958684822,0.0067521347664296,3.60078477859497,3.6050864193016183,4.301640706648513
5709.597934514933,0.004232732579112,3.60062289237976,3.6050546747530747,4.431782373314874
5710.611965907202,0.0053124763071537,3.60062289237976,3.605068679854695,4.44578747493507
5711.625911301982,0.0060323057696223,3.60046076774597,3.605083082619098,4.6223148731279196
5712.641524977213,0.0053124763071537,3.60062289237976,3.6050777124606594,4.454820080899591
5713.6538721635725,0.0049525620415806,3.60062289237976,3.605074493084177,4.451600704417302
5714.667858256752,0.0049525620415806,3.60062289237976,3.6050796036086945,4.456711228934651
5715.681860629293,0.0071120494976639,3.60062289237976,3.605114646151554,4.491753771794116
5716.695804254572,0.0063922200351953,3.60062289237976,3.6051138464750636,4.490954095303756
5717.710024982873,0.0060323057696223,3.60062289237976,3.605112976171655,4.490083791895305
5718.724118307482,0.0053124763071537,3.60078477859497,3.6051069245352325,4.3221459402627005
5719.737767134802,0.0063922200351953,3.60062289237976,3.605125111031968,4.502218652208345
5720.751727393343,0.0063922200351953,3.60062289237976,3.6051319759348273,4.509083555067406
5721.7657446296525,0.0060323057696223,3.60046076774597,3.6051316073734543,4.67083962748438
5722.779702764802,0.005672391038388,3.60078477859497,3.6051314496143747,4.346671019404891
5723.793701952252,0.0060323057696223,3.60062289237976,3.6051381912626947,4.515298882934893
5724.807653009412,0.005672391038388,3.60062289237976,3.605136815731916,4.513923352156279
5725.821688294573,0.0049525620415806,3.60062289237976,3.6051296446980126,4.506752318252705
5726.835643952432,0.0053124763071537,3.60062289237976,3.6051388660492223,4.515973669462436
5727.849632169003,0.0067521347664296,3.60078477859497,3.6051622983668485,4.377519771878724
5728.863565531212,0.0049525620415806,3.60062289237976,3.6051433031095588,4.520410729798918
5729.877596569582,0.0045926473103463,3.60062289237976,3.605137214271469,4.514321891709194
5730.891568860702,0.004232732579112,3.60046076774597,3.6051356869636635,4.674919217693585
5731.905580788512,0.0071120494976639,3.60062289237976,3.6051792814666808,4.556389086920909
5732.919533969072,0.0067521347664296,3.60094666481018,3.6051846323636063,4.237967553426092
5733.933535279923,0.005672391038388,3.60062289237976,3.60517455428722,4.551661907460147
5734.947485629293,0.0060323057696223,3.60078477859497,3.605183159296793,4.398380701823079
5735.961521976143,0.0053124763071537,3.60062289237976,3.605176776908976,4.553884529216123
5736.975486127572,0.005672391038388,3.60046076774597,3.605183319525015,4.7225517790452365
5737.989470097363,0.0045926473103463,3.60046076774597,3.605174016664477,4.713248918506885
5739.003439911182,0.0060323057696223,3.60062289237976,3.6051936354686185,4.570743088858631
5740.017413263992,0.0049525620415806,3.60062289237976,3.6051841250257457,4.5612326459858465
5741.031364675062,0.0053124763071537,3.60062289237976,3.6051909081248783,4.568015745118448
5742.045415177882,0.0045926473103463,3.60062289237976,3.605182866574757,4.559974194997096
5743.059385345602,0.0049525620415806,3.60062289237976,3.605190125288794,4.567232909034047
5744.073373208283,0.0063922200351953,3.60062289237976,3.605216280192476,4.59338781271601
5745.087315064073,0.0067521347664296,3.60062289237976,3.605229352137372,4.606459757612313
5746.101412989372,0.0049525620415806,3.60062289237976,3.6052098988730017,4.587006493241841
5747.115479771553,0.0045926473103463,3.60046076774597,3.6052054086520546,4.744640906084729
5748.129263434433,0.0060323057696223,3.60078477859497,3.6052276906816916,4.442912086721762
5749.143257667292,0.0060323057696223,3.60062289237976,3.605234838984002,4.611946604242245
5750.157289413462,0.005672391038388,3.60062289237976,3.605234771447319,4.611879067559332
5751.171202603422,0.0053124763071537,3.60062289237976,3.605232566155815,4.609673776055256
5752.185246028263,0.0053124763071537,3.60046076774597,3.6052358501459385,4.7750823999686
5753.199215134282,0.005672391038388,3.60078477859497,3.6052440805826014,4.459301987631559
5754.213202643063,0.004232732579112,3.60046076774597,3.6052268269702727,4.766059224302843
5755.227193336932,0.0045926473103463,3.60062289237976,3.6052321037881008,4.609211408340919
5756.2411684592325,0.005672391038388,3.60062289237976,3.6052517498340113,4.628857454251456
5757.255145351042,0.0071120494976639,3.60062289237976,3.605276495797135,4.653603417374974
5758.269156571052,0.005672391038388,3.60078477859497,3.6052675014136306,4.4827228186608
5759.303097266053,0.0049525620415806,3.60062289237976,3.605259384770381,4.63649239062125
5760.312728276683,0.005672391038388,3.60062289237976,3.6052703915788817,4.647499199121885
5761.326693489812,0.0049525620415806,3.60062289237976,3.6052652152938602,4.642322914100383
5762.340665427022,0.0060323057696223,3.60062289237976,3.605284599746601,4.661707366841128
5763.3546256855725,0.0049525620415806,3.60062289237976,3.605273288733091,4.65039635333131
5764.368688220962,0.004232732579112,3.60062289237976,3.605266334241985,4.643441862225206
5765.382591501752,0.005672391038388,3.60062289237976,3.605287841472005,4.664949092245241
5766.396589981402,0.0045926473103463,3.60062289237976,3.605276326115149,4.653433735389179
5767.410548824342,0.0045926473103463,3.60046076774597,3.605277523061889,4.816755315919075
5768.424593310882,0.0060323057696223,3.60078477859497,3.605302696748202,4.517918153231992
5769.438493052672,0.0060323057696223,3.60062289237976,3.6053098433970123,4.686951017252472
5770.452537185312,0.0049525620415806,3.60046076774597,3.605299650233969,4.838882487999019
5771.466698104652,0.004232732579112,3.60062289237976,3.6052904401869696,4.667547807209793
5772.480511141172,0.0063922200351953,3.60062289237976,3.6053233448173305,4.700452437570668
5773.494461136643,0.0053124763071537,3.60062289237976,3.605316681012997,4.693788633236995
5774.508479788532,0.0067521347664296,3.60046076774597,3.605340486924511,4.87971917854102
5775.522462342722,0.0035129035823047,3.60062289237976,3.605298422060666,4.67552968090601
5776.536428971453,0.0049525620415806,3.60046076774597,3.6053173312061726,4.85656346020269
5777.550389937793,0.0045926473103463,3.60062289237976,3.6053154069620534,4.692514582293583
5778.564392664232,0.0045926473103463,3.60062289237976,3.605317401285041,4.694508905281225
5779.578357169572,0.0045926473103463,3.60062289237976,3.6053202234789548,4.697331099194901
5780.5923365386625,0.0067521347664296,3.60062289237976,3.605357656937189,4.734764557428939
5781.6063063524825,0.005672391038388,3.60062289237976,3.605350773175319,4.727880795559081
5782.620341991542,0.005672391038388,3.60062289237976,3.605354264248868,4.731371869107992
5783.634283493432,0.0045926473103463,3.60062289237976,3.6053437495676177,4.720857187857863
5784.6483039148325,0.0060323057696223,3.60062289237976,3.605365175789384,4.742283409624015
5785.662281160532,0.0049525620415806,3.60062289237976,3.605356300186039,4.733407806279288
5786.6762821174725,0.005672391038388,3.60062289237976,3.6053692123616377,4.7463199818778
5787.690230343453,0.003872818313539,3.60062289237976,3.6053454525441775,4.722560164417633
5788.704222806812,0.0049525620415806,3.60046076774597,3.605361427100105,4.900659354134973
5789.718533071592,0.0060323057696223,3.60078477859497,3.605383257624372,4.598479029402025
5790.732202071163,0.004232732579112,3.60062289237976,3.6053613218999594,4.738429520199539
5791.746110660432,0.005672391038388,3.60078477859497,3.605383841556833,4.599062961863076
5792.760182397193,0.0049525620415806,3.60062289237976,3.605378978909389,4.756086529629222
5793.774130623172,0.0053124763071537,3.60062289237976,3.605387885684616,4.7649933048563575
5794.788133703512,0.0060323057696223,3.60062289237976,3.605402963163357,4.78007078359699
5795.802100332242,0.005672391038388,3.60062289237976,3.6054056543837607,4.782762004000851
5796.816117214642,0.0063922200351953,3.60062289237976,3.605418606067734,4.795713687974157
5797.830041729372,0.0060323057696223,3.60062289237976,3.6054223510319097,4.799458652149813
5798.844065335862,0.0060323057696223,3.60062289237976,3.6054270932296197,4.804200849859885
5799.858040812072,0.0060323057696223,3.60062289237976,3.6054317042768527,4.808811897092813
5800.872045661902,0.005672391038388,3.60062289237976,3.6054316970024654,4.808804622705498
5801.885998488562,0.005672391038388,3.60078477859497,3.605431512207158,4.6467336121880365
5802.899994137022,0.0045926473103463,3.60062289237976,3.6054220132987522,4.799120918992372
5803.913980938002,0.0053124763071537,3.60062289237976,3.6054340368585467,4.811144478786833
5804.927989680722,0.0063922200351953,3.60062289237976,3.605454018004004,4.831125624244148
5805.941912072062,0.005672391038388,3.60062289237976,3.605450866257599,4.827973877838954
5806.955940633143,0.0053124763071537,3.60062289237976,3.6054487913686604,4.825898988900512
5807.969898060493,0.0053124763071537,3.60062289237976,3.60545163788064,4.828745500879972
5808.983902910322,0.0053124763071537,3.60062289237976,3.6054553508303946,4.832458450634736
5809.997810437902,0.005672391038388,3.60062289237976,3.605463839568543,4.84094718878314
5811.0118956228325,0.005672391038388,3.60062289237976,3.6054695130494934,4.846620669733515
5812.025805273803,0.005672391038388,3.60046076774597,3.6054713034030605,5.010535657090642
5813.039829234192,0.0049525620415806,3.60062289237976,3.6054674920750527,4.844599695292828
5814.053805772092,0.0053124763071537,3.60062289237976,3.6054736901511433,4.850797771383419
5815.067806375142,0.004232732579112,3.60046076774597,3.6054619178756884,5.001150129718468
5816.0817814974425,0.0049525620415806,3.60046076774597,3.605472713081564,5.011945335593904
5817.0957644055325,0.0063922200351953,3.60062289237976,3.6054996210652788,4.876728685518916
5818.109858791842,0.0060323057696223,3.60062289237976,3.6055025730516586,4.879680671898701
5819.123750747863,0.005672391038388,3.60078477859497,3.6055032408732157,4.718462278245905
5820.1376954348425,0.0060323057696223,3.60062289237976,3.60551197873258,4.889086352819927
5821.1516652486625,0.0060323057696223,3.60062289237976,3.605516943386195,4.894051006435252
5822.165646387252,0.005672391038388,3.60062289237976,3.6055181115205817,4.895219140821805
5823.179665393052,0.0060323057696223,3.60062289237976,3.605524417669018,4.901525289258135
5824.1936157424225,0.0049525620415806,3.60062289237976,3.6055153337771086,4.89244139734879
5825.207645719092,0.0053124763071537,3.60062289237976,3.6055209541438957,4.898061764135875
5826.221595006762,0.0049525620415806,3.60062289237976,3.6055188265213873,4.895934141627478
5827.235605872882,0.0045926473103463,3.60062289237976,3.605517454152289,4.894561772529116
5828.249584888083,0.005672391038388,3.60062289237976,3.6055351587046993,4.912266324939463
5829.263564964972,0.0060323057696223,3.60062289237976,3.6055457790959573,4.92288671619745
5830.277530885903,0.0049525620415806,3.60062289237976,3.6055334831064267,4.910590726666886
5831.291543875423,0.0024331600870937,3.60062289237976,3.6054968386166935,4.873946236933602
5832.305679667932,0.0063922200351953,3.60046076774597,3.605551586276797,5.090818530827157
5833.319503675312,0.0063922200351953,3.60078477859497,3.605563443521695,4.778664926725185
5834.333437745322,0.005672391038388,3.60062289237976,3.6055594319743385,4.936539594578626
5835.347474446073,0.0049525620415806,3.60062289237976,3.605552406571628,4.929514191867934
5836.361416655763,0.0049525620415806,3.60062289237976,3.605553995311466,4.931102931706288
5837.375439554452,0.005672391038388,3.60046076774597,3.605566841910829,5.106074164859198
5838.3893761017525,0.0045926473103463,3.60046076774597,3.6055558264599283,5.095058713958434
5839.424218177813,0.0045926473103463,3.60046076774597,3.605557388788564,5.096621042594229
5840.432967979632,0.0049525620415806,3.60062289237976,3.605565789785026,4.942897405266322
5841.446960442992,0.0053124763071537,3.60062289237976,3.6055750589027045,4.952166522944612
5842.460937334802,0.0053124763071537,3.60046076774597,3.6055772687761705,5.11650103020056
5843.474866096322,0.0035129035823047,3.60062289237976,3.6055557393801854,4.932847000425511
5844.488909167262,0.005672391038388,3.60062289237976,3.6055871242505995,4.964231870839608
5845.502853146442,0.0060323057696223,3.60062289237976,3.6056010366023488,4.978144222588909
5846.516865782062,0.0063922200351953,3.60062289237976,3.6056140090182076,4.991116638447757
5847.530875232583,0.005672391038388,3.60062289237976,3.6056077677948055,4.984875415045664
5848.544856017273,0.003872818313539,3.60062289237976,3.6055831176031643,4.960225223404446
5849.558855558622,0.0063922200351953,3.60046076774597,3.6056207471338344,5.1599793878644995
5850.572755300413,0.0049525620415806,3.60046076774597,3.60560781851166,5.147050765689887
5851.586802618142,0.005672391038388,3.60046076774597,3.605621659462902,5.1608917169319035
5852.600746951232,0.0060323057696223,3.60062289237976,3.6056317877041004,5.008895324340568
5853.614785775372,0.0045926473103463,3.60046076774597,3.605615876075803,5.155108329832903
5854.628926522472,0.0053124763071537,3.60062289237976,3.6056267131402264,5.003820760466571
5855.642932434002,0.003872818313539,3.60062289237976,3.605608192324438,4.985299944678001
5856.656883845072,0.0063922200351953,3.60046076774597,3.6056484713072563,5.187703561286394
5857.670908867152,0.0060323057696223,3.60046076774597,3.605651855209301,5.19108746333119
5858.684859216522,0.0053124763071537,3.60062289237976,3.605645963437093,5.02307105733335
5859.698868313142,0.0049525620415806,3.60062289237976,3.6056434479873536,5.020555607593735
5860.713167607042,0.005672391038388,3.60062289237976,3.6056554825971054,5.032590217345589
5861.726784229542,0.003872818313539,3.60046076774597,3.6056327709877802,5.17200324181033
5862.740608944732,0.0045926473103463,3.60062289237976,3.6056436872659754,5.0207948862155405
5863.754615564062,0.005672391038388,3.60062289237976,3.605661428674418,5.038536294658336
5864.768554234753,0.0035129035823047,3.60078477859497,3.6056361281667444,4.851349571774577
5865.782567932062,0.0049525620415806,3.60062289237976,3.6056551779210064,5.032285541246573
5866.796508372262,0.004232732579112,3.60062289237976,3.6056494626723876,5.026570292627763
5867.810541534022,0.0045926473103463,3.60062289237976,3.6056598790307253,5.036986650965414
5868.824495422382,0.007471963763237,3.60062289237976,3.605706177159229,5.083284779469288
5869.838509473592,0.0053124763071537,3.60062289237976,3.605686371514579,5.063479134819193
5870.852450267692,0.005672391038388,3.60062289237976,3.6056932194143636,5.07032703460375
5871.8664593643125,0.0045926473103463,3.60046076774597,3.605682187418621,5.221419672650995
5872.880396265512,0.0053124763071537,3.60046076774597,3.6056941105821596,5.233342836189703
5873.894442521542,0.005672391038388,3.60078477859497,3.605703264693098,4.918486098128394
5874.908411273663,0.0045926473103463,3.60062289237976,3.6056921756822415,5.069283302481686
5875.922416477402,0.004232732579112,3.60046076774597,3.6056885721603935,5.227804414423609
5876.936366118973,0.0063922200351953,3.60046076774597,3.6057224948930076,5.261727147037654
5877.950379108483,0.0053124763071537,3.60062289237976,3.6057147388694886,5.091846489728713
5878.964331935143,0.003152989083901,3.60062289237976,3.6056829776085784,5.060085228818512
5879.978338908372,0.003872818313539,3.60046076774597,3.6056910480047835,5.230280258813558
5880.992285364852,0.0053124763071537,3.60062289237976,3.6057164194205087,5.093527040748835
5882.006309325242,0.0060323057696223,3.60062289237976,3.6057350733270614,5.112180947301592
5883.020255427822,0.0053124763071537,3.60062289237976,3.6057305578108947,5.1076654311348335
5884.034224179943,0.0049525620415806,3.60062289237976,3.605728065135643,5.105172755883292
5885.048235399962,0.0045926473103463,3.60046076774597,3.6057266667242556,5.265898978285666
5886.0622370647025,0.0053124763071537,3.60062289237976,3.6057397935455837,5.116901165823862
5887.076174319803,0.0053124763071537,3.60062289237976,3.6057431647915448,5.120272411784921
5888.090212082252,0.003872818313539,3.60062289237976,3.6057258999543227,5.1030075745628345
5889.1041659706125,0.0045926473103463,3.60062289237976,3.6057352420704953,5.112349690735485
5890.1183774975325,0.004232732579112,3.60078477859497,3.605733063758939,4.948285163969057
5891.132147004452,0.003872818313539,3.60062289237976,3.6057286827814874,5.105790401727539
5892.1461546854825,0.0035129035823047,3.60062289237976,3.6057255188745514,5.10262649479154
5893.160096541273,0.0060323057696223,3.60062289237976,3.6057652924723986,5.142400092638777
5894.174109884682,0.0060323057696223,3.60062289237976,3.605775628482918,5.152736103158251
5895.188036522813,0.005672391038388,3.60062289237976,3.6057762320878624,5.1533397081025
5896.202033940763,0.0049525620415806,3.60062289237976,3.6057698388716126,5.146946491852766
5897.216031358712,0.0049525620415806,3.60062289237976,3.605771365957126,5.148473577366364
5898.230030546162,0.003872818313539,3.60046076774597,3.605759639523229,5.298871777259073
5899.244030087512,0.0049525620415806,3.60046076774597,3.605774738872717,5.313971126747141
5900.258005209822,0.0049525620415806,3.60062289237976,3.6057803371022334,5.157444722473592
5901.271968299552,0.0053124763071537,3.60046076774597,3.605788458724425,5.327690978455202
5902.285979165672,0.004232732579112,3.60078477859497,3.605777407892222,4.9926292972521935
5903.299942609312,0.0045926473103463,3.60046076774597,3.605783945658456,5.3231779124862655
5904.3139198550125,0.0045926473103463,3.60046076774597,3.6057878340412364,5.327066295266469
5905.327899224112,0.0060323057696223,3.60078477859497,3.605813058979033,5.028280384063333
5906.341924246192,0.0049525620415806,3.60078477859497,3.6058046714285332,5.019892833563411
5907.355859731802,0.0053124763071537,3.60062289237976,3.605811770091746,5.188877711986173
5908.369901033242,0.003152989083901,3.60062289237976,3.6057821330668687,5.159240687108824
5909.383845366322,0.0053124763071537,3.60062289237976,3.6058131299094134,5.19023752965353
5910.397836060192,0.005672391038388,3.60062289237976,3.605826393323453,5.20350094369304
5911.411817906583,0.0049525620415806,3.60062289237976,3.6058210338702397,5.198141490479813
5912.425800460773,0.004232732579112,3.60062289237976,3.6058132775631915,5.190385183431623
5913.4397815993725,0.004232732579112,3.60046076774597,3.6058156884195274,5.354920673557473
5914.453771231542,0.0049525620415806,3.60046076774597,3.6058268344320084,5.366066686038451
5915.467774665773,0.0045926473103463,3.60062289237976,3.6058270117905358,5.20411941077592
5916.481742356203,0.0045926473103463,3.60062289237976,3.6058306067117787,5.207714332018831
5917.495709338832,0.0060323057696223,3.60078477859497,3.605856567875309,5.071789280339356
5918.509741438892,0.0045926473103463,3.60046076774597,3.605840952156818,5.380184410848088
5919.538917590063,0.0035129035823047,3.60078477859497,3.605826681908964,5.041903313994123
5920.553247673182,0.0049525620415806,3.60046076774597,3.6058475105481476,5.3867428021776576
5921.567246506732,0.0053124763071537,3.60062289237976,3.6058579654257295,5.235073045969596
5922.581235431102,0.0049525620415806,3.60078477859497,3.6058584905235787,5.073711928608837
5923.595199936442,0.0049525620415806,3.60078477859497,3.6058619733190302,5.07719472406043
5924.609167272963,0.003872818313539,3.60062289237976,3.6058491074347176,5.226215054957795
5925.623138502382,0.0045926473103463,3.60062289237976,3.605859935669437,5.2370432896773345
5926.637173433643,0.0045926473103463,3.60062289237976,3.6058618185826354,5.238926202875582
5927.651112812142,0.0024331600870937,3.60062289237976,3.60583181101579,5.208918636030013
5928.665128632842,0.003152989083901,3.60062289237976,3.6058378623420824,5.214969962322513
5929.679108355842,0.0027930745854973,3.60062289237976,3.6058343598483567,5.211467468596798
5930.693093741223,0.003872818313539,3.60062289237976,3.6058508452308837,5.227952851123874
5931.707370739482,0.0045926473103463,3.60062289237976,3.605866806929532,5.243914549772022
5932.721357186562,0.0053124763071537,3.60062289237976,3.6058834375764537,5.260545196693833
5933.735043527182,0.0053124763071537,3.60062289237976,3.605889473431212,5.266581051452057
5934.749037052242,0.0045926473103463,3.60046076774597,3.6058849972810645,5.424229535094582
5935.762994125702,0.0049525620415806,3.60046076774597,3.6058932526866734,5.432484940703475
5936.776998621633,0.0053124763071537,3.60062289237976,3.605904091784083,5.281199404323367
5937.790982237522,0.005672391038388,3.60046076774597,3.605914361273601,5.453593527631195
5938.804958775422,0.004232732579112,3.60062289237976,3.605899419368832,5.276526989072217
5939.818938852322,0.003872818313539,3.60062289237976,3.605893972190859,5.271079811099089
5940.8329256532925,0.0049525620415806,3.60046076774597,3.6059117959666045,5.451028220634591
5941.846894051522,0.0060323057696223,3.60046076774597,3.6059343279464993,5.473560200529359
5942.860903502043,0.0045926473103463,3.60046076774597,3.6059183876738397,5.45761992786975
5943.874859513802,0.00207324558869,3.60062289237976,3.6058801718008495,5.257279421089667
5944.888871087713,0.0063922200351953,3.60062289237976,3.605941666262174,5.318773882414085
5945.902837716442,0.0063922200351953,3.60062289237976,3.6059536288845857,5.33073650482585
5946.916842920173,0.0049525620415806,3.60046076774597,3.6059406058633297,5.479838117359748
5947.930810610603,0.0049525620415806,3.60062289237976,3.6059415544343847,5.318662054624834
5948.944787148503,0.003872818313539,3.60046076774597,3.6059290237975046,5.46825605153467
5949.958770056593,0.005672391038388,3.60062289237976,3.6059562683542032,5.333375974443388
5950.972756149772,0.0045926473103463,3.60062289237976,3.605947231597076,5.324339217316343
5951.986750028732,0.0045926473103463,3.60062289237976,3.6059493256836097,5.3264333038498535
5953.000671004473,0.0045926473103463,3.60046076774597,3.605953192479948,5.492424733978041
5954.014667360732,0.0053124763071537,3.60062289237976,3.60596788556123,5.34499318146997
5955.028725295432,0.0063922200351953,3.60046076774597,3.6059899966925983,5.5292289466284394
5956.042673875312,0.0027930745854973,3.60046076774597,3.6059416420799932,5.4808743340233335
5957.056661030182,0.0060323057696223,3.60046076774597,3.6059853843009995,5.52461655502956
5958.0706365063925,0.005672391038388,3.60062289237976,3.605990628562439,5.367736182678939
5959.084643125722,0.0053124763071537,3.60062289237976,3.6059903543113463,5.367461931586437
5960.098588874403,0.0045926473103463,3.60062289237976,3.6059843779390643,5.361485559304491
5961.112791907743,0.0053124763071537,3.60062289237976,3.605995775233528,5.372882853768246
5962.1265653075525,0.0045926473103463,3.60046076774597,3.60598988062933,5.52911288336011
5963.140579004862,0.0045926473103463,3.60062289237976,3.6059907152523554,5.367822872595518
5964.154531123722,0.0027930745854973,3.60062289237976,3.6059658886942216,5.342996314461779
5965.168467671032,0.0049525620415806,3.60062289237976,3.6059964190848466,5.373526705086729
5966.182514280962,0.0063922200351953,3.60078477859497,3.6060260579808094,5.241279385839626
5967.196520900292,0.003152989083901,3.60046076774597,3.6059848745122234,5.524106766253478
5968.210561140032,0.003152989083901,3.60062289237976,3.6059801636401234,5.357271260363561
5969.224462651322,0.0060323057696223,3.60062289237976,3.6060248768660705,5.401984486310685
5970.238429987852,0.005672391038388,3.60062289237976,3.606030608653268,5.407716273508001
5971.2524291753025,0.0053124763071537,3.60062289237976,3.606030180468651,5.407288088891349
5972.266398281322,0.0045926473103463,3.60062289237976,3.606023069628601,5.400177248841231
5973.280412332532,0.005672391038388,3.60062289237976,3.606042127597214,5.4192352174542435
5974.294369052082,0.0049525620415806,3.60062289237976,3.6060381884991215,5.415296119361646
5975.308347005593,0.0049525620415806,3.60062289237976,3.6060405175334833,5.41762515372346
5976.3222658579325,0.0035129035823047,3.60062289237976,3.6060207574055316,5.397865025771775
5977.3363319323125,0.005672391038388,3.60046076774597,3.6060541210749464,5.59335332897648
5978.350306700722,0.0063922200351953,3.60062289237976,3.606070713977884,5.447821598123959
5979.364298456292,0.003152989083901,3.60062289237976,3.6060286702136506,5.405777833890735
5980.378293750852,0.0024331600870937,3.60062289237976,3.606013231377979,5.3903389982190575
5981.392269227053,0.0060323057696223,3.60046076774597,3.6060666112807884,5.605843534818522
5982.406244703262,0.0053124763071537,3.60046076774597,3.606067560173791,5.606792427820917
5983.420230796442,0.0053124763071537,3.60078477859497,3.6060711178377653,5.286339242795535
5984.434195655673,0.004232732579112,3.60046076774597,3.606059227568082,5.598459822111934
5985.448189180733,0.003872818313539,3.60062289237976,3.6060551480880725,5.432255708312628
5986.462174212223,0.0049525620415806,3.60078477859497,3.6060725323564906,5.287753761520797
5987.476128100582,0.0045926473103463,3.60046076774597,3.6060719705897886,5.611202843818663
5988.490135427703,0.003872818313539,3.60062289237976,3.606063935024216,5.441042644456218
5989.504065958722,0.0063922200351953,3.60062289237976,3.6061051282684833,5.48223588872343
5990.5181161076425,0.0053124763071537,3.60062289237976,3.6060983824240824,5.475490044322573
5991.532089460462,0.0045926473103463,3.60046076774597,3.606090832508015,5.630064762045084
5992.546082631622,0.004232732579112,3.60062289237976,3.6060876964386916,5.464804058931794
5993.560065185812,0.0045926473103463,3.60046076774597,3.606091969491052,5.631201745082137
5994.574052340682,0.0035129035823047,3.60046076774597,3.6060830223697473,5.622254623777412
5995.588026755192,0.0049525620415806,3.60046076774597,3.6061025740764254,5.641806330455523
5996.602005770393,0.0049525620415806,3.60062289237976,3.6061088496903357,5.485957310575884
5997.616006373442,0.0045926473103463,3.60062289237976,3.6061077832119133,5.484890832153422
5998.630153136823,0.0045926473103463,3.60062289237976,3.6061105069417594,5.487614561999532
5999.643954848562,0.0045926473103463,3.60078477859497,3.606112851940585,5.328073345615358
6000.6579306786625,0.003872818313539,3.60078477859497,3.606108861470275,5.324082875305169
6001.6719326973025,0.005672391038388,3.60062289237976,3.6061268174788967,5.503925099136886
6002.685908881313,0.0045926473103463,3.60062289237976,3.6061224166720995,5.499524292339686
6003.699908422653,0.0045926473103463,3.60046076774597,3.606125936461409,5.665168715438984
6004.714215856232,0.0045926473103463,3.60062289237976,3.6061296100361813,5.5067176564214115
6005.7278508814925,0.0045926473103463,3.60062289237976,3.6061339520979097,5.511059718149802
6006.741831312283,0.0049525620415806,3.60062289237976,3.6061404090863816,5.517516706621706
6007.755837931612,0.004232732579112,3.60046076774597,3.606132609579931,5.671841833961189
6008.7698183624125,0.0017133308574557,3.60062289237976,3.6060958064111164,5.472914031356524
6009.783714565212,0.0053124763071537,3.60062289237976,3.6061458329146223,5.522940534862464
6010.797764714132,0.0024331600870937,3.60046076774597,3.6061099464152866,5.64917866931669
6011.811774518553,0.003152989083901,3.60078477859497,3.6061178014970188,5.333022902048956
6012.8257450401725,0.004232732579112,3.60062289237976,3.6061365366405385,5.513644260778605
6013.839742458123,0.0049525620415806,3.60046076774597,3.6061536955156175,5.692927769647582
6014.853711210252,0.005672391038388,3.60062289237976,3.606170828281158,5.547935901398127
6015.867716060082,0.004232732579112,3.60046076774597,3.60615681983332,5.696052087349912
6016.881677380322,0.0045926473103463,3.60062289237976,3.606163679575227,5.540787195467356
6017.895655687722,0.005672391038388,3.60062289237976,3.606182946972328,5.560054592568253
6018.909671862332,0.0027930745854973,3.60062289237976,3.6061466706025813,5.523778222821463
6019.9236112408225,0.0045926473103463,3.60062289237976,3.60617008442848,5.547192048720007
6020.937566544782,0.004232732579112,3.60062289237976,3.6061694981988257,5.546605819065853
6021.951778071702,0.0045926473103463,3.60062289237976,3.606177193788075,5.554301408315254
6022.965585799722,0.004232732579112,3.60046076774597,3.606175700686453,5.714932940483308
6023.979564461022,0.0035129035823047,3.60046076774597,3.606167068767605,5.706301021635163
6024.993533213143,0.004232732579112,3.60046076774597,3.6061795133548395,5.7187456088696464
6026.007535939582,0.0060323057696223,3.60078477859497,3.6062119096620457,5.42713106707593
6027.021488058453,0.0053124763071537,3.60046076774597,3.6062104747779986,5.749707032028706
6028.035497508972,0.0053124763071537,3.60062289237976,3.60621390547611,5.591013096350128
6029.049492095733,0.003152989083901,3.60046076774597,3.606185874574751,5.725106828780913
6030.063467218042,0.0071120494976639,3.60046076774597,3.6062454118834646,5.784644137494688
6031.077432431172,0.0049525620415806,3.60078477859497,3.6062252501975802,5.440471602610408
6032.091418878253,0.0060323057696223,3.60062289237976,3.606244665687212,5.621773307451949
6033.1081133613925,0.0049525620415806,3.60062289237976,3.6062345193114362,5.611626931676383
6034.1195963261025,0.0045926473103463,3.60062289237976,3.6062316387187465,5.60874633898667
6035.133387774762,0.0049525620415806,3.60062289237976,3.606237662365781,5.614769986021173
6036.147353341792,0.003872818313539,3.60062289237976,3.6062246127280013,5.601720348241468
6037.161367746902,0.004232732579112,3.60062289237976,3.6062309295353674,5.608037155607537
6038.175335791232,0.005672391038388,3.60078477859497,3.606256344369022,5.471565774052056
6039.189291449093,0.0067521347664296,3.60078477859497,3.606279941457591,5.4951628626209725
6040.203297006722,0.004232732579112,3.60062289237976,3.6062514262902132,5.6285339104533705
6041.2172767297125,0.0027930745854973,3.60046076774597,3.606229701051344,5.768933305374091
6042.231256098812,0.0063922200351953,3.60062289237976,3.606279373440796,5.656481061036001
6043.245242545892,0.0053124763071537,3.60078477859497,3.606275583685988,5.4908050910182915
6044.2592527042125,0.005672391038388,3.60062289237976,3.6062828172651424,5.659924885382583
6045.273215086152,0.004232732579112,3.60078477859497,3.6062666038367235,5.481825241753668
6046.287196224743,0.0045926473103463,3.60046076774597,3.606272704496171,5.8119367502009744
6047.301177009443,0.003872818313539,3.60062289237976,3.6062643092390334,5.641416859273551
6048.315161687023,0.004232732579112,3.60062289237976,3.606269918889914,5.647026510154252
6049.329152380892,0.003872818313539,3.60062289237976,3.606267744564928,5.64485218516797
6050.343088220392,0.0049525620415806,3.60062289237976,3.6062866004265333,5.663708046773408
6051.357106518392,0.0063922200351953,3.60062289237976,3.606314344660068,5.691452280307985
6052.371085887492,0.003152989083901,3.60078477859497,3.6062740339937185,5.489255398748671
6053.385075165762,0.0027930745854973,3.60078477859497,3.606264155101014,5.479376506044353
6054.399253426162,0.0045926473103463,3.60062289237976,3.6062908903991744,5.667998019414533
6055.413046644322,0.0060323057696223,3.60062289237976,3.606317938909998,5.695046530238113
6056.4270327375025,0.0049525620415806,3.60062289237976,3.6063105435888896,5.687651209129729
6057.441006444223,0.004232732579112,3.60046076774597,3.6063033656005627,5.842597854592846
6058.454997845883,0.0053124763071537,3.60062289237976,3.6063210860066004,5.698193626840542
6059.468982877373,0.0053124763071537,3.60062289237976,3.606326782943633,5.703890563873326
6060.482945967103,0.004232732579112,3.60062289237976,3.60631503289105,5.692140511289967
6061.496898085972,0.004232732579112,3.60062289237976,3.606315617706203,5.69272532644316
6062.510949296592,0.0067521347664296,3.60046076774597,3.6063592173260215,5.89844958005159
6063.524904600542,0.004232732579112,3.60062289237976,3.6063306731071005,5.707780727340683
6064.538901310702,0.003152989083901,3.60062289237976,3.6063126180952003,5.6897257154404635
6065.552880679792,0.0027930745854973,3.60062289237976,3.606304520609183,5.681628229423197
6066.566883406233,0.0060323057696223,3.60078477859497,3.6063540846391535,5.569306044183708
6067.580840125793,0.0060323057696223,3.60078477859497,3.6063652140859417,5.580435490971869
6068.594824449472,0.0049525620415806,3.60078477859497,3.6063563537322554,5.571575137285567
6069.608817266732,0.0045926473103463,3.60062289237976,3.606354229142306,5.731336762546224
6070.622792389042,0.0049525620415806,3.60046076774597,3.6063617438035056,5.900976057535701
6071.636772112042,0.0045926473103463,3.60078477859497,3.6063599438171083,5.575165222138523
6072.650732724483,0.0045926473103463,3.60046076774597,3.6063623415917068,5.901573845736863
6073.664699707112,0.0045926473103463,3.60062289237976,3.6063652463269844,5.742353947224554
6074.678748794332,0.0045926473103463,3.60062289237976,3.606367120542945,5.7442281631852055
6075.692698082003,0.004232732579112,3.60078477859497,3.6063658150441062,5.581036449136434
6076.707033119722,0.004232732579112,3.60062289237976,3.606367236591807,5.744344212047281
6077.720683716532,0.004232732579112,3.60046076774597,3.6063713100021957,5.910542256225781
6078.734652114762,0.0053124763071537,3.60062289237976,3.6063871548566246,5.76426247686479
6079.748658380192,0.0053124763071537,3.60078477859497,3.606394301354282,5.609522759312036
6080.762615099742,0.003872818313539,3.60062289237976,3.606377943155358,5.755050775598125
6081.7765926993425,0.0024331600870937,3.60078477859497,3.6063545721729704,5.569793578000581
6082.790582685412,0.0053124763071537,3.60062289237976,3.60639607613918,5.773183759420153
6083.804550729742,0.0060323057696223,3.60078477859497,3.6064159470469797,5.631168452009838
6084.818542839203,0.0045926473103463,3.60062289237976,3.6064026661236213,5.779773743861405
6085.832539903252,0.004232732579112,3.60062289237976,3.6063993430157204,5.7764506359605505
6086.846489544832,0.0053124763071537,3.60078477859497,3.606417351402231,5.632572807261038
6087.860525183883,0.0045926473103463,3.60062289237976,3.6064126262619283,5.789733882168413
6088.874461377292,0.004232732579112,3.60078477859497,3.6064090528521326,5.624274257162831
6089.888492769553,0.004232732579112,3.60062289237976,3.606410170066798,5.787277687038017
6090.902426131773,0.003152989083901,3.60078477859497,3.6063973696706033,5.6125910756335
6091.916429919902,0.0049525620415806,3.60062289237976,3.6064234235344927,5.800531154732891
6092.930431584642,0.003872818313539,3.60078477859497,3.6064129138222194,5.628135227249587
6093.944406706953,0.004232732579112,3.60062289237976,3.6064202528631784,5.797360483418501
6094.958335468472,0.0053124763071537,3.60078477859497,3.6064408525225273,5.6560739275575145
6095.972379247212,0.0049525620415806,3.60062289237976,3.6064407895665695,5.817897186809695
6096.986339505752,0.003872818313539,3.60078477859497,3.606429163979938,5.6443853849681425
6098.000331615222,0.0045926473103463,3.60078477859497,3.6064391871658,5.654408570830327
6099.014304968032,0.003872818313539,3.60078477859497,3.606434613623558,5.649835028588068
6100.028309463973,0.005672391038388,3.60078477859497,3.6064617007227096,5.676922127739736
6101.042259459442,0.004232732579112,3.60062289237976,3.6064476923697124,5.824799989952556
6102.056251922802,0.0049525620415806,3.60062289237976,3.6064606236270174,5.837731247257505
6103.0702302302025,0.004232732579112,3.60078477859497,3.60645386119359,5.66908259862009
6104.084244635313,0.003872818313539,3.60078477859497,3.6064506238421967,5.665845247226908
6105.098231082392,0.004232732579112,3.60062289237976,3.6064567549895727,5.83386260981289
6106.112385277653,0.004232732579112,3.60062289237976,3.606461982293575,5.839089913814988
6107.126170002232,0.0053124763071537,3.60078477859497,3.606480715664632,5.695937069662094
6108.140181930053,0.0053124763071537,3.60062289237976,3.6064882644715532,5.865372091793386
6109.154135818412,0.0049525620415806,3.60078477859497,3.606488440862715,5.703662267745102
6110.168141729942,0.0053124763071537,3.60078477859497,3.6064965902355643,5.711811640594533
6111.182095264402,0.0049525620415806,3.60094666481018,3.6064973125774986,5.550647767318395
6112.196099406442,0.0049525620415806,3.60078477859497,3.606501018268823,5.716239673853263
6113.2302202360925,0.0053124763071537,3.60078477859497,3.606510523869558,5.725745274588245
6114.239689868712,0.0035129035823047,3.60078477859497,3.6064862431494387,5.701464554468849
6115.253624292623,0.003872818313539,3.60078477859497,3.606489443887582,5.704665292612265
6116.267637636032,0.0035129035823047,3.60062289237976,3.6064856641278453,5.862771748085471
6117.281553303293,0.0053124763071537,3.60078477859497,3.6065142716359717,5.7294930410018985
6118.295588588452,0.0045926473103463,3.60078477859497,3.6065113290375876,5.726550442617828
6119.309538583922,0.005672391038388,3.60078477859497,3.606531583281832,5.7468046868622835
6120.323540956462,0.0053124763071537,3.60062289237976,3.606532569722382,5.909677342621933
6121.337560670052,0.004232732579112,3.60078477859497,3.6065193373345954,5.734558739625584
6122.351537561863,0.0027930745854973,3.60078477859497,3.606496852088944,5.712073493974401
6123.3655484279825,0.0049525620415806,3.60078477859497,3.606528918015587,5.744139420617245
6124.379479312893,0.0060323057696223,3.60078477859497,3.6065531499087644,5.768371313794596
6125.393486286122,0.0045926473103463,3.60078477859497,3.606538274066235,5.753495471265246
6126.407473794902,0.0035129035823047,3.60078477859497,3.606524039086675,5.739260491705256
6127.421454933492,0.004232732579112,3.60062289237976,3.6065337266566444,5.910834276884547
6128.435456244332,0.004232732579112,3.60078477859497,3.6065382413775655,5.753462782595697
6129.449414733383,0.0053124763071537,3.60094666481018,3.6065567415914397,5.610076781259465
6130.463405073352,0.0035129035823047,3.60078477859497,3.6065351840282456,5.750405433275763
6130.978381022373,0.0053124763071537,3.60062289237976,3.6065586467707664,5.935754391006576
6131.994747475712,0.0,3.60062289237976,3.6064824466543595,5.85955427459961
6133.008702071872,0.0,3.60062289237976,3.6064672663085426,5.844373928782787
6134.022684979962,0.0,3.60062289237976,3.606459546509755,5.836654129995011
6135.036694784382,0.0,3.60078477859497,3.6064535634561494,5.66878486117961
6136.050660705312,0.0,3.60046076774597,3.606448525171454,5.987757425484297
6137.064677587712,0.0,3.60046076774597,3.6064442537526062,5.9834860066363404
6138.078638907962,0.0,3.60029888153076,3.6064405236361754,6.141642105415457
6139.092615445862,0.0,3.60046076774597,3.6064372492578363,5.976481511866361
6140.106616756702,0.0,3.60046076774597,3.6064343902729554,5.9736225269855225
6140.995746886822,0.0,3.60029888153076,3.6064321771637498,6.13329563298981
