Time,Current,Voltage,Simulated_V,Residual_mV
0.0,0.0,2.86671233177185,2.866693907160175,-0.01842461167500531
1.00302406797128,0.0,2.86655020713806,2.866693907245094,0.14370010703368408
2.01300756211638,0.0,2.86671233177185,2.86669390724495,-0.018424526900151506
3.02210312337207,0.0,2.86671233177185,2.8666939072447493,-0.01842452710087983
4.03309098321669,0.0,2.86655020713806,2.8666939072444264,0.143700106366218
5.040122604810771,0.0,2.86671233177185,2.866693907244105,-0.018424527745253272
6.051132406400759,0.0,2.86671233177185,2.866693907243973,-0.018424527877147767
7.061198005141449,0.0,2.86655020713806,2.8666939072438886,0.14370010582842596
8.068234935222309,0.0,2.86671233177185,2.866693907243805,-0.01842452804501349
9.07328189055742,0.0,2.86687421798706,2.8666939072437208,-0.18031074333935138
10.08231410387082,0.0,2.86671233177185,2.8666939072436364,-0.018424528213767388
11.08234878598442,0.0,2.86655020713806,2.8666939072435795,0.14370010551933987
12.09239421247542,0.0,2.86655020713806,2.866693907243527,0.14370010546693734
13.10144058175352,0.0,2.86655020713806,2.8666939072434743,0.14370010541409073
14.10444695476882,0.0,2.86671233177185,2.8666939072434223,-0.018424528427818387
15.104539676338021,0.0,2.86671233177185,2.866693907243371,-0.018424528479332736
16.11559760820822,0.0,2.86671233177185,2.8666939072432363,-0.018424528613891766
17.11657260028082,0.0,2.86655020713806,2.8666939072430906,0.14370010503039765
18.126631121039118,0.0,2.86655020713806,2.8666939072429436,0.14370010488340412
19.135662980453418,0.0,2.86655020713806,2.866693907242797,0.14370010473685468
20.13866298328462,0.0,2.86655020713806,2.8666939072426514,0.14370010459119342
21.14773447940022,0.0,2.86671233177185,2.8666939072425652,-0.018424529284910562
22.15586389606122,0.0,2.86655020713806,2.8666939072424866,0.14370010442643633
23.16186956410952,0.0,2.86671233177185,2.866693907242409,-0.018424529441229964
24.17086497191452,0.0,2.86655020713806,2.86669390724233,0.14370010426967283
25.181943076034518,0.0,2.86655020713806,2.866693907242251,0.14370010419062496
26.18495051074722,0.0,2.86655020713806,2.8666939072420816,0.14370010402142697
27.18795617596432,0.0,2.86687421798706,2.866693907241907,-0.1803107451530117
28.19403085434082,0.0,2.86671233177185,2.8666939072417312,-0.0184245301189101
29.20619401315942,0.0,2.86671233177185,2.8666939072415554,-0.018424530294769426
30.21415320434422,0.0,2.86671233177185,2.8666939072413795,-0.018424530470628753
31.21814978709432,0.0,2.86671233177185,2.8666939072413014,-0.018424530548788454
32.22517574630242,0.0,2.86671233177185,2.8666939072412267,-0.01842453062339544
33.232237449321616,0.0,2.86671233177185,2.866693907241152,-0.018424530698002428
34.23531849505112,0.0,2.86687421798706,2.866693907241077,-0.18031074598301444
35.23930127573552,0.0,2.86671233177185,2.8666939072410025,-0.018424530847660492
36.24034527813642,0.0,2.86671233177185,2.8666939072410687,-0.0184245307814912
37.25137242078322,0.0,2.86671233177185,2.8666939072411366,-0.01842453071354555
38.25442480068402,0.0,2.86671233177185,2.8666939072412028,-0.018424530647376258
39.25843837059182,0.0,2.86655020713806,2.866693907241269,0.1437001032087437
40.26948922447962,0.0,2.86671233177185,2.866693907241336,-0.018424530514149495
41.27556531845262,0.0,2.86655020713806,2.8666939072413227,0.1437001032624785
42.28158726586032,0.0,2.86671233177185,2.8666939072412863,-0.018424530563887487
43.28262560587532,0.0,2.86671233177185,2.866693907241222,-0.018424530628280422
44.28564011857032,0.0,2.86687421798706,2.8666939072411326,-0.1803107459275033
45.291704887771516,0.0,2.86671233177185,2.866693907241018,-0.01842453083211737
46.30193965029102,0.0,2.86671233177185,2.8666939072409328,-0.018424530917382498
47.31375598797312,0.0,2.86671233177185,2.8666939072408475,-0.018424531002647626
48.31584293107742,0.0,2.86671233177185,2.866693907240764,-0.018424531086136398
49.32584801306882,0.0,2.86687421798706,2.8666939072406787,-0.18031074638136246
50.33489615184252,0.0,2.86655020713806,2.866693907240589,0.14370010252884313
51.33496056148222,0.0,2.86655020713806,2.86669390724046,0.14370010239961317
52.33992470442342,0.0,2.86671233177185,2.8666939072403306,-0.018424531519567466
53.35100563973632,0.0,2.86671233177185,2.8666939072402005,-0.018424531649685605
54.36100682883742,0.0,2.86671233177185,2.866693907240071,-0.018424531779359654
55.36110769008632,0.0,2.86687421798706,2.8666939072399513,-0.1803107471087806
56.370075847659116,0.0,2.86687421798706,2.866693907239898,-0.1803107471620713
57.37521375506782,0.0,2.86671233177185,2.8666939072398456,-0.018424532004512884
58.38221246404382,0.0,2.86655020713806,2.866693907239792,0.143700101731703
59.04428799744062,0.0,2.86671233177185,2.8666939072397577,-0.018424532092442547
60.04884208065382,10.0019388198853,3.0062735080719,3.0333155264594795,27.04201838757969
61.05386497084882,10.001579284668,3.02699708938599,3.0772481622586842,50.251072872694365
62.05787217057252,10.0012197494507,3.04415893554688,3.1023645346664495,58.20559911956957
63.06399214803621,10.001579284668,3.0600254535675,3.1205084682236133,60.483014656113276
64.06600831131672,10.0012197494507,3.07411122322083,3.1350683384537428,60.9571152329127
65.06602388287803,10.0012197494507,3.0870635509491,3.1475720939789538,60.50854302985398
66.06805774111453,10.001579284668,3.09936809539795,3.1588079543440557,59.439858946105595
67.07110339693203,10.0012197494507,3.11053967475891,3.1691643876552975,58.624712896387706
68.07813784971903,10.001579284668,3.12171101570129,3.1789405277609206,57.22951205963067
69.08718740408932,10.001579284668,3.13207268714905,3.1882619257536686,56.18923860461855
70.09318210126493,10.001579284668,3.14194893836975,3.1971883287105745,55.23939034082437
71.09731351957933,10.0012197494507,3.15133929252625,3.2057908151594026,54.451522633152564
72.10433664759452,10.001579284668,3.16040587425232,3.214161033519015,53.75515926669516
73.10531270136453,10.0019388198853,3.16898679733276,3.222236365784428,53.24956845166806
74.11541050492502,10.0012197494507,3.17724394798279,3.2301291807196,52.88523273681012
75.11941451955663,10.001579284668,3.18517732620239,3.2377456132085576,52.568287006167665
76.12146925784123,10.0008592605591,3.192786693573,3.2450877278337504,52.30103426075061
77.12848176888282,10.0012197494507,3.20023441314697,3.252222816647707,51.988403500736965
78.13047740601452,10.0012197494507,3.20719623565674,3.259054530242909,51.858294586168974
79.13858488093013,10.001579284668,3.2141580581665,3.265658052196369,51.49999402986927
80.14566534060263,10.001579284668,3.22095799446106,3.271968070370542,51.01007590948203
81.15574261801423,10.0012197494507,3.22727227210999,3.2780016290434153,50.72935693342551
82.16721850474383,10.0012197494507,3.2334246635437,3.283753610620403,50.328947076703216
83.17569261914673,10.0012197494507,3.23941516876221,3.2891950278349205,49.77985907271032
84.18475491388523,10.001579284668,3.24556756019592,3.294352732769211,48.78517257329085
85.19579196570743,10.001579284668,3.25139594078064,3.2992269135034804,47.830972722840315
86.20283349647683,10.0012197494507,3.25673890113831,3.3037951613415473,47.056260203237166
87.20890109687093,10.0012197494507,3.2622435092926,3.3080898652257167,45.84635593311681
88.20890817485322,10.0019388198853,3.26774835586548,3.3121058884894286,44.3575326239487
89.22230007141283,10.001579284668,3.27276730537415,3.3159072088223263,43.13990344817631
90.23321502803893,10.001579284668,3.2776243686676,3.319456945641852,41.83257697425225
91.23801920857842,10.001579284668,3.28264355659485,3.3227537602689377,40.110203674087685
92.24406062043772,10.001579284668,3.2873387336731,3.325834944092701,38.496210419600715
93.25406251733703,10.0012197494507,3.29187202453613,3.3287157054717604,36.84368093563029
94.26520892398693,10.001579284668,3.29656720161438,3.3314124057044565,34.845204090076635
95.27419831550692,10.001579284668,3.30093860626221,3.3339147706119108,32.97616434970063
96.27521400597823,10.0012197494507,3.30514812469482,3.3362230505200707,31.07492582525051
97.28540346941062,10.0012197494507,3.30935764312744,3.338396965504347,29.039322376906984
98.29335275142003,10.0019388198853,3.31356716156006,3.34042584881657,26.858687256510194
99.30234037344462,10.001579284668,3.31745290756226,3.34230543176685,24.852524204590054
100.30839346397462,10.001579284668,3.32150030136108,3.344055956222758,22.555654861677876
101.31143274960763,10.001579284668,3.32538604736328,3.345683393775509,20.29734641222891
102.31945245754262,10.001579284668,3.32910990715027,3.3472093881544374,18.099481004167473
103.32144986416962,10.0012197494507,3.33250975608826,3.348622417500148,16.112661411888052
104.32351698892363,10.001579284668,3.33590984344482,3.3499499282099054,14.040084765085226
105.32661856080162,10.001579284668,3.33930993080139,3.35119338190485,11.883451103460008
106.33159048952362,10.0019388198853,3.34238600730896,3.3523633476120764,9.977340303116478
107.33780035736363,10.001579284668,3.34513831138611,3.3534539219007047,8.315610514594507
108.34983540470063,10.001579284668,3.34805274009705,3.3544887387042555,6.435998607205562
109.35511274836263,10.0012197494507,3.35031938552856,3.355451834835288,5.13244930672796
110.35975732039962,10.001579284668,3.35274791717529,3.3563673064452972,3.619389270007378
111.36882881651462,10.001579284668,3.3548526763916,3.3572333029222556,2.3806265306558494
112.36884828096663,10.001579284668,3.35663366317749,3.3580445740962723,1.4109109187825375
113.37890043154063,10.001579284668,3.35857629776001,3.3588223894658573,0.24609170584710682
114.37891812649663,10.0012197494507,3.36019539833069,3.359550592652799,-0.6448056778909361
115.38190609675763,10.0012197494507,3.36165261268616,3.360250147762916,-1.402464923244029
116.38777976043463,10.001579284668,3.36310982704163,3.360925780410625,-2.184046631005021
117.40340015974563,10.0019388198853,3.36440491676331,3.3615788490709937,-2.826067692316414
118.41576681055763,10.001579284668,3.36553835868835,3.362195196013256,-3.343162675093936
119.42289044592263,10.0012197494507,3.36667156219482,3.362784938152085,-3.8866240427353205
120.43397704362162,10.001579284668,3.36764311790466,3.3633656907239,-4.277427180760185
121.43696678337862,10.001579284668,3.36845254898071,3.363917753871018,-4.534795109691903
122.44404582745463,10.001579284668,3.36958575248718,3.364455774380287,-5.129978106892974
123.44610056573863,10.001579284668,3.37039542198181,3.3649777670935554,-5.4176548882547415
124.45211578906363,10.001579284668,3.37120485305786,3.3654878233949215,-5.717029662938522
125.45524461117363,10.0012197494507,3.37201452255249,3.365981172787043,-6.033349765446783
126.45620721677763,10.001579284668,3.37266206741333,3.366471281537002,-6.190785876328153
127.46026360847863,10.001579284668,3.37347149848938,3.3669519269203194,-6.519571569060467
128.47561327496462,10.001579284668,3.37395715713501,3.367429009766855,-6.528147368155324
129.4882796783296,10.001579284668,3.37476682662964,3.3678991596385806,-6.867666991059451
130.50226046302362,10.001579284668,3.37557625770569,3.3683646848072986,-7.21157289839125
131.5162235527606,10.001579284668,3.37622404098511,3.368825842759296,-7.398198225814223
132.53022203241062,10.001579284668,3.37687158584595,3.3692839146643143,-7.5876711816356135
133.54419821641562,10.0012197494507,3.37735724449158,3.3697364824645692,-7.620762027010564
134.5581945726696,10.001579284668,3.37800478935242,3.370193096609555,-7.811692742865084
135.5734653196516,10.001579284668,3.37881445884705,3.370647355127805,-8.167103719245006
136.5861586193506,10.001579284668,3.37930011749268,3.37109990806112,-8.200209431559635
137.6001294948686,10.0012197494507,3.37994766235352,3.371549911327436,-8.397751026083977
138.6141279745176,10.0019388198853,3.38075733184814,3.3720118666019623,-8.745465246177808
139.62810274292661,10.0019388198853,3.38140487670898,3.3724700680318724,-8.934808677107497
140.64207043335261,10.001579284668,3.38205242156982,3.3729246588001187,-9.127762769701508
141.65604378616462,10.001579284668,3.38253808021545,3.3733854635893223,-9.152616626127763
142.6712950686946,10.0012197494507,3.38318586349487,3.373847607934141,-9.338255560729092
143.68401101793762,10.0019388198853,3.38383340835571,3.374321276790638,-9.51213156507169
144.6980190528626,10.001579284668,3.38464283943176,3.374790868685939,-9.851970745820893
145.7120051460426,10.001579284668,3.38512873649597,3.3752667925250694,-9.861943970900455
146.7259717747716,10.001579284668,3.38593816757202,3.3757474443978817,-10.190723174138494
147.7399447736846,10.0012197494507,3.38642382621765,3.376230370317522,-10.19345590012799
148.7783573379526,10.001579284668,3.38723349571228,3.3767358527662723,-10.497642946007524
149.78350975522562,10.0012197494507,3.38771915435791,3.377224401161917,-10.494753195993134
150.7975259298306,10.001579284668,3.38852858543396,3.377730176048291,-10.798409385668784
151.81147840259462,10.0012197494507,3.3891761302948,3.37823686190259,-10.939268392209822
152.8267611821466,10.0019388198853,3.38982391357422,3.3787578579738575,-11.066055600362557
153.8394689917086,10.001579284668,3.39030957221985,3.379274999283593,-11.034572936257092
154.8534366821346,10.0012197494507,3.39095711708069,3.379797641026502,-11.159476054187767
155.86742277531562,10.001579284668,3.39176678657532,3.380334250863276,-11.432535712044167
156.8814028522106,10.001579284668,3.39241433143616,3.380876646146723,-11.537685289436883
157.89537868231662,10.001579284668,3.39289999008179,3.3814222471117628,-11.47774297002746
158.90938176265462,10.001579284668,3.39370965957642,3.381976128414174,-11.73353116224618
159.9246040254566,10.0012197494507,3.39435720443726,3.382533520334147,-11.823684103112964
160.9373302377736,10.0019388198853,3.39516663551331,3.383108702336447,-12.057933176863322
161.9513209316426,10.001579284668,3.39565229415894,3.3836792938903812,-11.973000268558742
162.9653109177126,10.001579284668,3.39630007743835,3.384260609652198,-12.03946778615217
163.9792924102046,10.0019388198853,3.3971095085144,3.3848532988686633,-12.256209645736593
164.9936525747536,10.001579284668,3.39759516716003,3.385445009918749,-12.15015724128099
166.00724088532363,10.001579284668,3.39824295043945,3.3860459825105007,-12.19696792894931
167.0225335740516,10.001579284668,3.39872860908508,3.386655867589171,-12.072741495908978
168.0352141333816,10.001579284668,3.39953804016113,3.3872702372929426,-12.267802868187516
169.0492023499566,10.001579284668,3.40018582344055,3.3878924072562375,-12.293416184312456
170.0631718098786,10.001579284668,3.40067148208618,3.38852118018655,-12.150301899629845
171.07717099732662,10.001579284668,3.40131902694702,3.3891558168293803,-12.163210117639878
172.09135102722362,10.0012197494507,3.40196657180786,3.3897927603643505,-12.173811443509486
173.1051375213006,10.001579284668,3.40277624130249,3.390443500418687,-12.332740883802984
174.1203803102526,10.001579284668,3.40342378616333,3.391098668126141,-12.325118037189053
175.1331160778456,10.001579284668,3.40390944480896,3.3917554675953254,-12.153977213634537
176.1470876611616,10.001579284668,3.40455722808838,3.3924201383978034,-12.137089690576364
177.1610751699386,10.0019388198853,3.40536665916443,3.3930945422601333,-12.272116904296748
178.1753157165846,10.0008592605591,3.40569043159485,3.3937566780696797,-11.933753525170232
179.1892331533366,10.0012197494507,3.40633797645569,3.39443942259391,-11.898553861779959
180.2030175240186,10.001579284668,3.40714764595032,3.3951276254084988,-12.020020541821275
181.2183356934826,10.0012197494507,3.40763330459595,3.3958132162657506,-11.820088330199319
182.24871545554862,10.0012197494507,3.40828084945679,3.396516649699935,-11.764199756855387
183.26057956961262,10.001579284668,3.40892863273621,3.39721606800074,-11.71256473547011
184.2758283748486,10.001579284668,3.40957617759705,3.3979181099011795,-11.658067695870411
185.2885517559726,10.001579284668,3.41022372245789,3.398620306664868,-11.603415793022265
186.3025045826356,10.001579284668,3.41070938110352,3.3993261557904773,-11.38322531304281
187.3165285430216,10.001579284668,3.41119527816772,3.400035575617645,-11.159702550075146
188.33066539722662,10.0019388198853,3.41200470924377,3.400751090951052,-11.25361829271787
189.3444196864836,10.001579284668,3.4124903678894,3.4014611627726663,-11.029205116733554
190.3584514326506,10.001579284668,3.41330003738403,3.4021753989972283,-11.124638386801777
191.3737543844526,10.001579284668,3.41362380981445,3.402893227582093,-10.730582232357122
192.38639813827461,10.001579284668,3.41427135467529,3.403609833658583,-10.66152101670692
193.40049854086962,10.001579284668,3.41491889953613,3.40432828201755,-10.59061751858037
194.4143674934416,10.001579284668,3.41556668281555,3.405046979777587,-10.519703037962902
195.4283818985516,10.001579284668,3.41605234146118,3.405765883315415,-10.286458145764676
196.44235418966562,10.001579284668,3.41669988632202,3.4064845166999693,-10.21536962205083
197.4563378055526,10.001579284668,3.41734743118286,3.4072025838915185,-10.144847291341463
198.47160147455162,10.001579284668,3.41799521446228,3.40792066611075,-10.074548351529877
199.48430432952662,10.001579284668,3.41848087310791,3.408635329245499,-9.845543862410988
200.49828122132962,10.0012197494507,3.41880464553833,3.4093456495431758,-9.458995995154318
201.5122857172646,10.0012197494507,3.41961407661438,3.4100575273382203,-9.556549276159565
202.5262233262656,10.001579284668,3.4202618598938,3.4107716928751026,-9.490167018697537
203.54023419238362,10.001579284668,3.42074751853943,3.4114804962955234,-9.26702224390663
204.5541997594156,10.001579284668,3.42139506340027,3.412185171626363,-9.209891773906964
205.56951332819062,10.0019388198853,3.42204284667969,3.4128907272050584,-9.152119474631792
206.5821793776576,10.001579284668,3.42236661911011,3.4135853793077966,-8.78123980231349
207.5961651169386,10.0012197494507,3.42301416397095,3.4142761899693195,-8.737974001630455
208.61014590163163,10.001579284668,3.42366170883179,3.4149683033507237,-8.693405481066563
209.6241295175186,10.0012197494507,3.42398548126221,3.4156507848993645,-8.334696362845673
210.6381212730846,10.001579284668,3.42463326454163,3.4163362304239286,-8.29703411770133
211.6521211683306,10.0019388198853,3.42544269561768,3.417018047579813,-8.424648037866689
212.66734909351862,10.001579284668,3.42592835426331,3.417687069803953,-8.241284459356901
213.6800600881736,10.001579284668,3.42641425132751,3.418351737693575,-8.062513633935176
214.6940571522266,10.001579284668,3.42689990997314,3.4190123228196723,-7.887587153467823
215.70804678439762,10.001579284668,3.42754745483398,3.419667188443618,-7.880266390361879
216.72202049110862,10.001579284668,3.42803311347961,3.420315870119546,-7.71724336006363
217.7360072920876,10.001579284668,3.42851901054382,3.4209582496136153,-7.560760930204857
218.7499686123296,10.001579284668,3.42900466918945,3.4215941603494566,-7.4105088399933905
219.76543364992762,10.001579284668,3.4298141002655,3.422224316330506,-7.589783934993655
220.7779485844706,10.001579284668,3.43013787269592,3.422845867343677,-7.292005352243169
221.7919399861376,10.0019388198853,3.43062376976013,3.423464275069658,-7.159494690472279
222.80590413757162,10.0012197494507,3.43110942840576,3.4240668877224607,-7.0425406832992365
223.81990934130462,10.001579284668,3.4317569732666,3.4246707388881386,-7.086234378461231
224.8338812785206,10.001579284668,3.43224263191223,3.425264116206399,-6.978515705831079
225.84787975816963,10.0019388198853,3.43272829055786,3.425852643038908,-6.875647518952199
226.86312360881863,10.0012197494507,3.43321418762207,3.42642530197143,-6.788885650639731
227.87583637296862,10.0019388198853,3.4336998462677,3.4270006462623757,-6.699200005324535
228.8898175115616,10.001579284668,3.43402361869812,3.427560910377229,-6.462708320891242
229.90380395864062,10.001579284668,3.43450927734375,3.428116214246715,-6.393063097034801
230.91780173049162,10.0019388198853,3.43515706062317,3.4286648537625073,-6.492206860662542
231.93176977481662,10.0012197494507,3.4356427192688,3.4291953227583956,-6.447396510404602
232.9457417120326,10.001579284668,3.43612837791443,3.4297296704136846,-6.398707500745449
233.96098874777363,10.0019388198853,3.43661403656006,3.430258095150165,-6.355941409895038
234.97371035940162,10.001579284668,3.43677592277527,3.4307685642090515,-6.007358566218368
235.98817138519962,10.001579284668,3.43726181983948,3.431272903369647,-5.988916469833239
237.0020789127756,10.0012197494507,3.43774747848511,3.431765073115516,-5.982405369594268
238.01566297655663,10.001579284668,3.43839502334595,3.4322568393935766,-6.138183952373311
239.02964694634161,10.001579284668,3.43871879577637,3.432738527362588,-5.980268413781964
240.0436266693376,10.001579284668,3.439204454422,3.433211325887503,-5.993128534496961
241.0589267899466,10.001579284668,3.439528465271,3.433675508643994,-5.852956627006023
242.0716069953786,10.0012197494507,3.43969035148621,3.4341266325735247,-5.563718912685367
243.08558211768562,10.001579284668,3.44033789634705,3.434575815138064,-5.762081208986025
244.0995692725636,10.0012197494507,3.44082355499268,3.4350125364554485,-5.811018537231316
245.11354616436662,10.0019388198853,3.4411473274231,3.435452224861404,-5.6951025616962525
246.12753756603362,10.001579284668,3.4416332244873,3.4358719500935626,-5.761274393737192
247.14151728902962,10.0012197494507,3.44195699691772,3.436281514667356,-5.675482250364183
248.1567632630736,10.001579284668,3.44244265556335,3.4366916275185155,-5.751028044834516
249.1694749655266,10.0019388198853,3.44276642799377,3.437094262055255,-5.67216593851505
250.1834663671936,10.001579284668,3.44309020042419,3.437481993229008,-5.608207195181958
251.19747086312762,10.001579284668,3.44341397285461,3.437863693389502,-5.550279465107888
252.2114428003426,10.001579284668,3.44373798370361,3.438238280724606,-5.499702979004262
253.22541792265062,10.001579284668,3.44406175613403,3.43860587531449,-5.45588081953996
254.23940684702362,10.001579284668,3.44438552856445,3.438965806524006,-5.419722040444164
255.2546301715236,10.001579284668,3.44470930099487,3.439317864226819,-5.391436768050983
256.26737974118265,10.0012197494507,3.44503307342529,3.4396586163601275,-5.374457065162375
257.28135521738864,10.001579284668,3.44535684585571,3.4399991752927987,-5.357670562911032
258.29533352478865,10.001579284668,3.44584250450134,3.440329856762299,-5.512647739041032
259.30928741314966,10.001579284668,3.44600462913513,3.4406529031736914,-5.351725961438625
260.32329969486466,10.001579284668,3.44632840156555,3.4409684588863905,-5.359942679159513
261.33728543414566,10.001579284668,3.44665217399597,3.4412767077558466,-5.3754662401233055
262.35201896226465,10.0012197494507,3.44681406021118,3.441574918524166,-5.239141687013671
263.36525868220264,10.001579284668,3.44729971885681,3.441873124794195,-5.426594062615031
264.37923203501464,10.001579284668,3.44746160507202,3.442162737007654,-5.298868064365969
265.39329740159764,10.0019388198853,3.44778537750244,3.442448748900112,-5.336628602328197
266.3934612568896,10.0019388198853,3.44794726371765,3.442721657705825,-5.225606011824979
267.40557557763066,10.0019388198853,3.44843316078186,3.442989757919439,-5.443402862420843
268.41958184305963,10.0012197494507,3.44859504699707,3.4432455090721543,-5.349537924915548
269.43354882568764,10.001579284668,3.44891881942749,3.4435051747373575,-5.41364469013228
270.4339699656396,10.001579284668,3.44924259185791,3.443752942075086,-5.489649782824291
271.44591618429865,10.0012197494507,3.44940447807312,3.4439947006029135,-5.409777470206656
272.45987431944764,10.0019388198853,3.44989013671875,3.4442400728324887,-5.650063886261325
273.47388058487763,10.001579284668,3.44989013671875,3.4444714366003404,-5.418700118409614
274.48784509021164,10.001579284668,3.45005202293396,3.44469976179832,-5.352261135640024
275.50184675495365,10.001579284668,3.45021390914917,3.444922412356203,-5.291496792966921
276.51582364675664,10.001579284668,3.45053791999817,3.445139574612081,-5.398345386088632
277.5310943937386,10.001579284668,3.45086169242859,3.4453523040805143,-5.509388348075905
278.54378273884964,10.0019388198853,3.45118546485901,3.4455627294724973,-5.622735386512812
279.55778298799464,10.001579284668,3.45118546485901,3.445761484458148,-5.423980400862227
280.57174253874064,10.001579284668,3.45134735107422,3.4459574792720447,-5.389871802175428
281.58574809637264,10.001579284668,3.45150923728943,3.44614995453153,-5.359282757900097
282.59971083221063,10.0019388198853,3.45183300971985,3.446340599875926,-5.492409843923962
283.61371037355764,10.001579284668,3.45215678215027,3.446520469918054,-5.636312232216056
284.6289177725976,10.001579284668,3.45231866836548,3.4466988201179616,-5.6198482475182665
285.64170981015064,10.001579284668,3.45248079299927,3.446872322429058,-5.608470570211743
286.65563963337064,10.001579284668,3.45248079299927,3.4470420786384177,-5.438714360852082
287.66964589880064,10.0019388198853,3.4529664516449,3.4472105993987454,-5.7558522461547135
288.68358173830563,10.001579284668,3.4529664516449,3.4473690042645377,-5.597447380362386
289.69760852988463,10.001579284668,3.45329022407532,3.4475256437166397,-5.764580358680327
290.71158259049463,10.0012197494507,3.45345211029053,3.4476751223449336,-5.776987945596446
291.72686537004665,10.0012197494507,3.45345211029053,3.4478242245041457,-5.62788578638429
292.73952858832064,10.001579284668,3.45393776893616,3.447973068824338,-5.96470011182193
293.75353839274163,10.001579284668,3.45409965515137,3.4481164894133074,-5.983165738062457
294.76752554761964,10.001579284668,3.45409965515137,3.448254687611352,-5.8449675400180645
295.78157711213663,10.0012197494507,3.45426154136658,3.4483861828123406,-5.875358554239263
296.79547543833564,10.001579284668,3.45458555221558,3.4485213699750163,-6.06418224056382
297.80948418105964,10.0012197494507,3.45474743843079,3.448646590158482,-6.100848272307946
298.82468237872166,10.001579284668,3.45474743843079,3.4487743737938357,-5.9730646369544615
299.83746556879663,10.001579284668,3.45507121086121,3.4488967214128787,-6.174489448331322
300.8513982232096,10.001579284668,3.45523309707642,3.449015768602387,-6.2173284740332235
301.86542006020164,10.001579284668,3.45539498329163,3.449131167884603,-6.263815407026918
302.87937288686464,10.001579284668,3.45555686950684,3.4492448958968516,-6.311973609988364
303.89338481468064,10.0019388198853,3.45588064193726,3.449358260498244,-6.522381439015845
304.90736029088663,10.0012197494507,3.45571875572205,3.44945761288022,-6.26114284182977
305.92264342433765,10.001579284668,3.45604252815247,3.4495649498347714,-6.4775783176984625
306.93533318504564,10.001579284668,3.45620441436768,3.449668418750265,-6.535995617414692
307.94931927822563,10.001579284668,3.45636630058289,3.449767715192037,-6.598585390853007
308.96327422828364,10.001579284668,3.45669007301331,3.449864614453411,-6.8254585598990225
309.9772847405026,10.001579284668,3.45669007301331,3.449959096689384,-6.730976323926274
310.99162579449967,10.001579284668,3.4570140838623,3.4500511904976023,-6.9628933646974644
312.0052438325956,10.001579284668,3.45717597007751,3.4501406049178485,-7.035365159661744
313.02051634907366,10.0012197494507,3.45717597007751,3.4502247110311224,-6.951259046387825
314.03320398638664,10.001579284668,3.45749974250793,3.4503128181790337,-7.186924328896449
315.04717167681264,10.0019388198853,3.45766162872314,3.4503995131015914,-7.262115621548659
316.06118041953664,10.001579284668,3.45782351493835,3.450478598731221,-7.344916207129071
317.07513360009864,10.001579284668,3.45782351493835,3.4505578492542255,-7.265665684124567
318.0893461887146,10.001579284668,3.45814728736877,3.4506348214034666,-7.5124659653034165
319.10313055939764,10.001579284668,3.45830917358398,3.4507098141021695,-7.599359481810453
320.11837122495365,10.0012197494507,3.45830917358398,3.450780087750821,-7.529085833159144
321.13107337213063,10.001579284668,3.4586329460144,3.450854224017345,-7.7787219970546495
322.1450973325166,10.001579284668,3.45879483222961,3.450924330632206,-7.870501597403656
323.15904378899563,10.001579284668,3.45911884307861,3.4509929241748107,-8.125918903799434
324.17304120694763,10.001579284668,3.45911884307861,3.451059973256121,-8.058869822489267
325.1870340242106,10.0019388198853,3.45944261550903,3.4511283672800994,-8.314248228930676
326.2010130394086,10.001579284668,3.45944261550903,3.451189151472662,-8.253464036368285
327.21625122767165,10.001579284668,3.45976638793945,3.4512509777299565,-8.515410209493535
328.2289983200366,10.0019388198853,3.45992827415466,3.4513137589919145,-8.614515162745473
329.24294902330564,10.0012197494507,3.46009016036987,3.451366376229965,-8.723784139904822
330.2569478568536,10.001579284668,3.46025204658508,3.451426035312021,-8.826011273058931
331.2709219174636,10.001579284668,3.46025204658508,3.4514815001269983,-8.770546458081618
332.2849200432136,10.0012197494507,3.46025204658508,3.4515328468637567,-8.719199721323179
333.2988813634556,10.001579284668,3.4605758190155,3.4515889176264896,-8.98690138901026
334.31414290906065,10.0012197494507,3.46089959144592,3.451638491042524,-9.261100403396227
335.3268719525706,10.001579284668,3.46106147766113,3.451692864656241,-9.368613004889337
336.34084212029063,10.001579284668,3.46122360229492,3.451743107926775,-9.48049436814502
337.3548441389306,10.001579284668,3.46138548851013,3.451792157697803,-9.59333081232705
338.36881289105463,10.001579284668,3.46170926094055,3.451839977948938,-9.86928299161205
339.38272678881464,10.0019388198853,3.46170926094055,3.4518893830288917,-9.819877911658281
340.39700201757466,10.001579284668,3.46203303337097,3.4519317259809505,-10.101307390019354
341.41144959520665,10.001579284668,3.46219491958618,3.4519755957384515,-10.21932384772839
342.42474487730664,10.001579284668,3.46235680580139,3.4520180113160355,-10.338794485354352
343.43873026268864,10.0012197494507,3.4625186920166,3.452056261568935,-10.462430447664595
344.45284906803766,10.001579284668,3.46268057823181,3.4521004589886535,-10.580119243156716
345.4666999717546,10.001579284668,3.46284246444702,3.4521416199428856,-10.700844504134555
346.4806772174566,10.001579284668,3.46300435066223,3.452182081041688,-10.822269620542002
347.4946555248566,10.001579284668,3.46316623687744,3.452220800896367,-10.945435981073004
348.50993441151866,10.0012197494507,3.46349024772644,3.4522552285437937,-11.235019182646244
349.5226206332346,10.001579284668,3.46365213394165,3.452294873629556,-11.357260312093942
350.5366127426996,10.001579284668,3.46381402015686,3.452331263924557,-11.482756232302993
351.5505800792266,10.001579284668,3.46413779258728,3.4523670434141494,-11.77074917313048
352.5645884680516,10.001579284668,3.46413779258728,3.4524019719301466,-11.73582065713319
353.5785508499906,10.001579284668,3.46413779258728,3.4524361425528824,-11.701650034397382
354.5925383587676,10.0012197494507,3.46462345123291,3.452466525899954,-12.156925332956092
355.60778928739865,10.001579284668,3.46478533744812,3.452501769632127,-12.283567815992935
356.6205137302196,10.001579284668,3.46494722366333,3.452533392716793,-12.413830946536919
357.6345125637686,10.001579284668,3.46510910987854,3.452564464002102,-12.54464587643822
358.64860022599566,10.001579284668,3.46527099609375,3.452594995547173,-12.676000546576915
359.66246422397967,10.001579284668,3.46543288230896,3.452625075001309,-12.807807307650965
360.67644960936167,10.001579284668,3.46543288230896,3.4526547496237274,-12.778132685232535
361.6904282706606,10.001579284668,3.46575689315796,3.4526836519310007,-13.073241226959187
362.70574290113365,10.001579284668,3.46591877937317,3.4527118760007145,-13.206903372455336
363.7183905478456,10.001579284668,3.46624255180359,3.45273924831239,-13.503303491200214
364.7323837190086,10.0012197494507,3.46624255180359,3.4527633811382232,-13.479170665366969
365.7463514094346,10.0019388198853,3.46656632423401,3.452795917666,-13.770406568009985
366.7603406877066,10.001579284668,3.4664044380188,3.452819549773027,-13.584888245773197
367.77433916735663,10.001579284668,3.46672821044922,3.452845584797601,-13.88262565161913
368.7883174747556,10.0019388198853,3.46705198287964,3.452873827082047,-14.17815579759285
369.80358751393965,10.001579284668,3.46721386909485,3.452895781048244,-14.318088046605837
370.8162762129496,10.001579284668,3.46737575531006,3.4529199536212247,-14.455801688835201
371.8302573515426,10.001579284668,3.46753764152527,3.4529435349535307,-14.594106571739207
372.84424769151167,10.0012197494507,3.46786165237427,3.452963587411352,-14.89806496291779
373.85823661588563,10.0012197494507,3.46786165237427,3.4529860496908187,-14.875602683451117
374.8722120920916,10.001579284668,3.46802353858948,3.4530114751350145,-15.012063454465707
375.8862027859606,10.0012197494507,3.4683473110199,3.4530311287802684,-15.316182239631715
376.90145442239066,10.0012197494507,3.4683473110199,3.4530537412271647,-15.29356979273544
377.91416364754963,10.001579284668,3.46867108345032,3.4530790880078546,-15.591995442465478
378.92815186412463,10.001579284668,3.46867108345032,3.4531016750073964,-15.569408442923649
379.94213087932167,10.0019388198853,3.46915674209595,3.453127146590488,-16.029595505461902
380.9561063555286,10.001579284668,3.46915674209595,3.453145502869704,-16.011239226246143
381.9700882019196,10.0019388198853,3.46931862831116,3.4531685484157264,-16.15007989543349
382.98444730477064,10.001579284668,3.46948051452637,3.4531845804822834,-16.29593404408647
383.9997488409766,10.001579284668,3.46964240074158,3.453204683400441,-16.437717341138747
385.0120510821486,10.0019388198853,3.46996641159058,3.45322755802183,-16.738853568750045
386.0260276200526,10.001579284668,3.47012829780579,3.45324457423015,-16.883723575640275
387.04000840474566,10.001579284668,3.47012829780579,3.453263931513148,-16.864366292641986
388.05399379012766,10.001579284668,3.47061395645142,3.453282968891543,-17.33098755987683
389.0679869612906,10.001579284668,3.47061395645142,3.4533016605301365,-17.31229592128347
390.08195854460666,10.001579284668,3.47061395645142,3.4533200016753383,-17.293954776081755
391.09721619732164,10.0012197494507,3.47077584266663,3.453335240050309,-17.440602616320966
392.1116198914626,10.001579284668,3.47093772888184,3.4533564896287854,-17.581239253054548
393.1239214248366,10.0012197494507,3.47126150131226,3.4533719701917693,-17.88953112049052
394.13789690104267,10.0012197494507,3.47142338752747,3.4533906015848745,-18.032785942595275
395.15188511761767,10.001579284668,3.47158527374268,3.453412414830534,-18.172858912145706
396.1658524541446,10.001579284668,3.47174715995789,3.453431528736663,-18.315631221227147
397.1798488103996,10.001579284668,3.4719090461731,3.453450320923967,-18.458725249133057
398.19510610921463,10.0019388198853,3.47207117080688,3.4534716882131824,-18.59948259369748
399.2078167499706,10.001579284668,3.47223305702209,3.4534868889172774,-18.746168104812444
400.2217957651686,10.001579284668,3.4723949432373,3.4535045761433927,-18.890367093907123
401.2357761959626,10.001579284668,3.47255682945251,3.4535217874703084,-19.03504198220185
402.24975627285767,10.001579284668,3.47288060188293,3.4535392893778654,-19.341312505064767
403.2637434277356,10.0012197494507,3.47288060188293,3.4535541111944177,-19.326490688512443
404.2777284592186,10.001579284668,3.47320437431335,3.453575100312435,-19.629274000914965
405.29297797225263,10.0012197494507,3.47304248809814,3.453591003924034,-19.45148417410625
406.30568578181567,10.001579284668,3.47336626052856,3.453613371908794,-19.752888619766207
407.31967824517966,10.001579284668,3.47352814674377,3.453632724264051,-19.89542247971876
408.3335578147256,10.001579284668,3.47385191917419,3.4536521080758544,-20.199811098335463
409.34758885309367,10.0019388198853,3.47385191917419,3.453674109385838,-20.17780978835182
410.3615703455856,10.001579284668,3.47385191917419,3.453689988815401,-20.161930358788993
411.37554865298563,10.001579284668,3.47417593002319,3.45370850751346,-20.467422509729882
412.39055822241767,10.001579284668,3.4743378162384,3.453727601159767,-20.610215078633143
413.40348651113067,10.0012197494507,3.47449970245361,3.453743985291182,-20.755717162427967
414.4175214423896,10.0012197494507,3.47466158866882,3.4537642312938064,-20.897357375013748
415.4314494961146,10.001579284668,3.47482347488403,3.4537889821241197,-21.034492759910428
416.4454656707196,10.0019388198853,3.47514724731445,3.4538148926354473,-21.33235467900274
417.4593816918746,10.0012197494507,3.47514724731445,3.453830453969629,-21.31679334482106
418.4733876034056,10.001579284668,3.47530913352966,3.4538541708294876,-21.45496270017233
419.4882163303876,10.001579284668,3.47547101974487,3.453875949876444,-21.595069868425742
420.5013449260026,10.001579284668,3.47579479217529,3.4538988127218384,-21.895979453451453
421.5153706558846,10.001579284668,3.47563290596008,3.453922332520349,-21.71057343973093
422.52929623231563,10.001579284668,3.4759566783905,3.453946437927977,-22.010240462522646
423.54333187137166,10.001579284668,3.4759566783905,3.453971090458344,-21.98558793215577
424.55740219254267,10.001579284668,3.47628045082092,3.453996249584479,-22.28420123644126
425.5712573430486,10.001579284668,3.47644257545471,3.4540220355633644,-22.420539891345737
426.58613844710067,10.001579284668,3.47660446166992,3.454048540266252,-22.555921403668133
427.59929181565366,10.001579284668,3.47660446166992,3.4540756992079404,-22.528762461979657
428.6132457040146,10.0012197494507,3.47676634788513,3.4541007756714053,-22.665572213724783
429.6271981767786,10.0019388198853,3.47709012031555,3.4541352972641937,-22.95482305135632
430.64116763669966,10.001579284668,3.47709012031555,3.4541620837787828,-22.928036536767227
431.6551958438756,10.001579284668,3.47725200653076,3.454192479910467,-23.05952662029309
432.6691578719156,10.0012197494507,3.47725200653076,3.454220344655907,-23.031661874852727
433.6832136832226,10.0012197494507,3.47741389274597,3.454251906848297,-23.16198589767282
434.6971215646976,10.001579284668,3.47773766517639,3.454288280591616,-23.449384584773636
435.7111635739386,10.001579284668,3.4778995513916,3.4543234123880238,-23.576139003576024
436.7250746405056,10.001579284668,3.47806143760681,3.454359308634468,-23.70212897234225
437.7390547174006,10.001579284668,3.47822332382202,3.4543958545046514,-23.827469317368788
438.75309743443967,10.001579284668,3.47822332382202,3.4544324580141654,-23.790865807854722
439.76709556018966,10.001579284668,3.47854733467102,3.454469616608034,-24.077718062986087
440.7818230720246,10.0012197494507,3.47838521003723,3.4545050644292497,-23.880145607980463
441.79505040549367,10.0012197494507,3.47854733467102,3.454544702346491,-24.00263232452904
442.8090764892746,10.001579284668,3.47887110710144,3.4545901350451445,-24.280972056295536
443.82304948818665,10.0019388198853,3.47903299331665,3.4546373417209937,-24.395651595656265
444.83701717861265,10.001579284668,3.47919487953186,3.454678747054451,-24.516132477408803
445.85098203784565,10.0019388198853,3.47935676574707,3.4547264786966267,-24.630287050443123
446.8649200007466,10.0012197494507,3.47919487953186,3.4547659339056924,-24.428945626167486
447.8797214774966,10.001579284668,3.47951865196228,3.4548160165395037,-24.702635422776176
448.89296898321567,10.0019388198853,3.47968053817749,3.454869174091051,-24.811364086438914
449.90685421514667,10.0019388198853,3.4798424243927,3.4549192726867006,-24.92315170599957
450.92089126979965,10.0012197494507,3.4798424243927,3.454963101543007,-24.879322849693075
451.93488691825667,10.001579284668,3.48016619682312,3.4550191887805024,-25.147008042617713
452.9488482384986,10.001579284668,3.48032808303833,3.4550743698219244,-25.253713216405682
453.96286193580966,10.0019388198853,3.48032808303833,3.4551334883967195,-25.194594641610557
454.97766305866065,10.001579284668,3.48048996925354,3.455186704239398,-25.303265014141818
455.9914711405846,10.001579284668,3.48065185546875,3.4552447353362017,-25.40712013254831
457.00500282729564,10.001579284668,3.48081398010254,3.455304613850141,-25.50936625239908
458.01899529066065,10.001579284668,3.48081398010254,3.455366197047536,-25.44778305500417
459.03282142143865,10.001579284668,3.48097586631775,3.4554291361517144,-25.54673016603548
460.04673213410666,10.001579284668,3.48113775253296,3.455493538781423,-25.644213751536693
461.0606605417306,10.0012197494507,3.48113775253296,3.4555565407797957,-25.58121175316419
462.07555474004965,10.001579284668,3.48146152496338,3.455626918075922,-25.834606887457756
463.08869076754667,10.0019388198853,3.48162341117859,3.455699101928995,-25.9243092495951
464.10262129856466,10.001579284668,3.4817852973938,3.45576755502945,-26.01774236434995
465.11660597614866,10.0012197494507,3.4817852973938,3.4558378223107256,-25.9474750830746
466.13059525442065,10.0019388198853,3.48227095603943,3.455918572417423,-26.352383622007203
467.14470910518367,10.001579284668,3.48227095603943,3.4559924624460567,-26.27849359337331
468.15858902862766,10.001579284668,3.48243284225464,3.4560706396096847,-26.362202644955257
469.17341634001366,10.001579284668,3.48259472846985,3.4561503374235008,-26.444391046349214
470.18664579687766,10.001579284668,3.48259472846985,3.456232497981442,-26.362230488408134
471.2005317366076,10.001579284668,3.48291873931885,3.456317228428723,-26.601510890126967
472.21452773896266,10.001579284668,3.48291873931885,3.456403916490183,-26.514822828666684
473.2285205562266,10.001579284668,3.48308062553406,3.456491890011335,-26.588735522724782
474.24252434436266,10.001579284668,3.48324251174927,3.456581550891428,-26.660960857841864
475.25650159006466,10.0012197494507,3.48324251174927,3.456672003005591,-26.570508743678722
476.27123334868867,10.0019388198853,3.48356628417969,3.4567747100012065,-26.791574178483657
477.28443767871465,10.0019388198853,3.4837281703949,3.456872975957284,-26.85519443761608
478.29849596731566,10.0012197494507,3.4837281703949,3.4569663326067435,-26.76183778815666
479.31238119924666,10.0019388198853,3.48389005661011,3.4570733594053755,-26.816697204734563
480.32646921537366,10.0012197494507,3.48389005661011,3.4571724020073047,-26.717654602805396
481.34032259638366,10.0012197494507,3.48405194282532,3.457280708476953,-26.771234348367035
482.35436708291866,10.001579284668,3.48437571525574,3.457395969992566,-26.97974526317415
483.36912290668266,10.0019388198853,3.48437571525574,3.457514132184844,-26.86158307089581
484.38238598396265,10.001579284668,3.48453760147095,3.457628066826918,-26.909534644032007
485.3967709214496,10.0019388198853,3.48469948768616,3.45775062780717,-26.94885987898976
486.41035003064366,10.0012197494507,3.48486137390137,3.457867629917964,-26.993743983406038
487.42445220273464,10.0012197494507,3.48486137390137,3.457994709653251,-26.866664248118788
488.43827585621966,10.001579284668,3.48518538475037,3.4581297587167117,-27.05562603365852
489.45229698541266,10.001579284668,3.48518538475037,3.458265596264154,-26.919788486216234
490.46709598486865,10.001579284668,3.48534727096558,3.4584037867380384,-26.94348422754178
491.48050026789764,10.0012197494507,3.48550915718079,3.458543988325345,-26.96516885544531
492.49416820576965,10.0019388198853,3.48550915718079,3.458697937929374,-26.811219251416052
493.5084430806306,10.001579284668,3.485671043396,3.4588463123161475,-26.824731079852615
494.52223205200164,10.0012197494507,3.485671043396,3.458998521303732,-26.672522092268114
495.53625884358064,10.001579284668,3.48599481582642,3.4591633128590793,-26.831502967340715
496.55018406611265,10.001579284668,3.48599481582642,3.459331059826393,-26.663756000027128
497.5654682612616,10.001579284668,3.48615670204163,3.4595039698113843,-26.652732230245668
498.57810352150466,10.001579284668,3.48631858825684,3.4596820773277326,-26.63651092910735
499.59212111170666,10.001579284668,3.48648047447205,3.4598663598833816,-26.614114588668247
500.60605588951466,10.001579284668,3.48664236068726,3.460057285582213,-26.58507510504693
501.62002393383966,10.001579284668,3.48664236068726,3.460255040940178,-26.38731974708186
502.63399622495365,10.001579284668,3.48680424690247,3.46046008981719,-26.344157085279818
503.64798656492366,10.0019388198853,3.48712801933289,3.4606762691254382,-26.45175020745194
504.66282661667765,10.0019388198853,3.48745203018188,3.460897182584838,-26.554847597041853
505.67596229027566,10.001579284668,3.48729014396667,3.461121668218888,-26.168475747781805
506.68999049745065,10.001579284668,3.48729014396667,3.461358332678948,-25.931811287721818
507.70387466768466,10.001579284668,3.48745203018188,3.461603648544206,-25.84838163767378
508.71785297508467,10.0012197494507,3.48761391639709,3.4618549886546637,-25.758927742426163
509.73184260725566,10.001579284668,3.4877758026123,3.4621244399055198,-25.651362706780034
510.74586939883466,10.001579284668,3.4877758026123,3.46240178245867,-25.37402015362966
511.76071865196565,10.001579284668,3.48809957504272,3.4626887254459526,-25.410849596767537
512.7738829913916,10.001579284668,3.48826146125793,3.462986186919088,-25.275274338842024
513.7878375875506,10.0012197494507,3.48826146125793,3.4632928628214286,-24.968598436501566
514.8017950149026,10.001579284668,3.48842334747314,3.463617877094356,-24.80547037878411
515.8158087122135,10.001579284668,3.48858523368835,3.4639528699159317,-24.632363772418397
516.8297357042405,10.001579284668,3.48874711990356,3.4643001579812682,-24.446961922291788
517.8437426774695,10.0012197494507,3.48874711990356,3.464657279286687,-24.089840616873026
518.8585721122496,10.001579284668,3.48907089233398,3.4650342926726094,-24.036599661370506
519.8717074319486,10.0019388198853,3.48923277854919,3.4654264526211698,-23.806325928020122
520.8857441327026,10.001579284668,3.48923277854919,3.465824786171728,-23.407992377461717
521.8997079302386,10.0012197494507,3.4893946647644,3.466234631864053,-23.16003290034674
522.9136515555235,10.001579284668,3.48955678939819,3.4666665880970498,-22.890201301140056
523.9276436649895,10.001579284668,3.4897186756134,3.4671104907602524,-22.60818485314786
524.9416824891385,10.001579284668,3.4897186756134,3.4675673057465137,-22.151369866886483
525.9564425596916,10.0019388198853,3.49004244804382,3.4680401466227213,-22.002301421098824
526.9695690319115,10.001579284668,3.49020433425903,3.4685186626344904,-21.685671624539715
527.9840541228496,10.0012197494507,3.49020433425903,3.4690094357119983,-21.194898547031826
528.9976597744776,10.001579284668,3.49036622047424,3.469518441844779,-20.84777862946119
530.0115938444866,10.0012197494507,3.49052810668945,3.4700347307872903,-20.493375902159716
531.0256001099166,10.001579284668,3.49068999290466,3.470568147479289,-20.1218454253711
532.0395324104315,10.0019388198853,3.49085187911987,3.4711120087544174,-19.73987036545255
533.0543073447476,10.001579284668,3.49101376533508,3.4716585823615067,-19.355182973573193
534.0674734536695,10.001579284668,3.49117565155029,3.4722144623995983,-18.96118915069156
535.0815108622215,10.0019388198853,3.4913375377655,3.472783065927587,-18.5544718379127
536.0955004943926,10.001579284668,3.4913375377655,3.473350862120514,-17.986675644985795
537.1094791556916,10.0012197494507,3.49149942398071,3.4739220226320993,-17.577401348610522
538.1234861289196,10.001579284668,3.4916615486145,3.474507188010159,-17.154360604341168
539.1374516959515,10.0019388198853,3.49182343482971,3.475096883914906,-16.72655091480424
540.1522213217805,10.0008592605591,3.49182343482971,3.4756735689875704,-16.149865842139732
541.1653991093735,10.001579284668,3.49198532104492,3.4762660263216634,-15.719294723256727
542.1794096215926,10.001579284668,3.49230909347534,3.4768556574076532,-15.453436067686788
543.1933192725636,10.001579284668,3.49230909347534,3.4774428214009894,-14.86627207435065
544.2073711909795,10.001579284668,3.49247097969055,3.4780279080926984,-14.443071597851631
545.2221758528216,10.001579284668,3.49263286590576,3.4786102838808795,-14.022582024880492
546.2352591493495,10.001579284668,3.49279475212097,3.4791878716585263,-13.606880462443627
547.2492824019375,10.0019388198853,3.49295663833618,3.4797639096116133,-13.19272872456656
548.2632380597936,10.001579284668,3.49311852455139,3.480326646740871,-12.791877810518937
549.2772368933425,10.0012197494507,3.4932804107666,3.480882454705384,-12.397956061215964
550.2912845649686,10.0019388198853,3.49344229698181,3.4814411001536474,-12.001196828162808
551.3052087258036,10.001579284668,3.49344229698181,3.481980502722618,-11.46179425919236
552.3200098486545,10.001579284668,3.49360418319702,3.4825132803178795,-11.090902879140607
553.3332014383126,10.001579284668,3.49376606941223,3.4830368159719276,-10.72925344030251
554.3471507259845,10.001579284668,3.49392819404602,3.4835477276968856,-10.380466349134476
555.3611506212305,10.001579284668,3.49409008026123,3.484047696019392,-10.042384241838231
556.3751122953715,10.001579284668,3.49425196647644,3.4845382799700713,-9.713686506368724
557.3891748307616,10.001579284668,3.49441385269165,3.485015464971756,-9.398387719893986
558.4031400438936,10.001579284668,3.49457573890686,3.4854802068505473,-9.095532056312639
559.4170521721576,10.001579284668,3.49473762512207,3.4859319448116657,-8.805680310404185
560.4310467589166,10.001579284668,3.49473762512207,3.4863704218063427,-8.367203315727156
561.4451043397196,10.0019388198853,3.49489951133728,3.4867988876736313,-8.100623663648499
562.4590267310585,10.001579284668,3.4952232837677,3.48720864193851,-8.014641829189983
563.4738112206505,10.001579284668,3.49538516998291,3.4876082306639993,-7.77693931891088
564.4869649431035,10.001579284668,3.49554705619812,3.487993740080503,-7.553316117617115
565.5010104913356,10.001579284668,3.49570894241333,3.4883664329769974,-7.342509436332634
566.5150567473656,10.0019388198853,3.49570894241333,3.488728970821903,-6.979971591427159
567.5290297462786,10.0012197494507,3.49587082862854,3.489069830433818,-6.80099819472213
568.5430183167526,10.001579284668,3.49603295326233,3.489406379115097,-6.626574147233111
569.5569803447926,10.001579284668,3.49619483947754,3.489727472418267,-6.467367059272977
570.5722553385646,10.001579284668,3.49635672569275,3.4900371445972125,-6.31958109553743
571.5849808430826,10.0019388198853,3.49651861190796,3.490337182441354,-6.181429466606048
572.5989457023156,10.0019388198853,3.49668049812317,3.4906227713541242,-6.0577267690455905
573.6129225941186,10.0019388198853,3.49684238433838,3.4908966617269823,-5.945722611397475
574.6269097489966,10.0012197494507,3.49684238433838,3.491152859718301,-5.6895246200787675
575.6409216768126,10.001579284668,3.49700427055359,3.4914058922609708,-5.598378292619444
576.6548861821466,10.001579284668,3.4971661567688,3.4916463227446832,-5.519834024116932
577.6701073832515,10.001579284668,3.49732804298401,3.4918776007474883,-5.450442236521802
578.6828565990115,10.0012197494507,3.49748992919922,3.4920960576431015,-5.39387155611859
579.6968246433366,10.001579284668,3.49781370162964,3.492311655172943,-5.502046456697052
580.7108234768846,10.0019388198853,3.49797558784485,3.49251815515618,-5.45743268867005
581.7247908134116,10.0019388198853,3.49797558784485,3.4927125870651565,-5.263000779693439
582.7387822150786,10.001579284668,3.49813771247864,3.4928953272947325,-5.242385183907405
583.7527552139916,10.0012197494507,3.49829959869385,3.4930696557600696,-5.229942933780318
584.7680330389555,10.0019388198853,3.49862337112427,3.493245054953521,-5.37831617074902
585.7807486342996,10.001579284668,3.49862337112427,3.4934050011900033,-5.218369934266498
586.7947234027076,10.0019388198853,3.49878525733948,3.49356497711768,-5.220280221799989
587.8086879080416,10.0012197494507,3.49894714355469,3.493708572640055,-5.238570914634977
588.8226892188836,10.001579284668,3.4991090297699,3.4938532278474086,-5.255801922491532
589.8388896588516,10.0012197494507,3.49927091598511,3.4939876350754253,-5.283280909684773
590.8506610513456,10.0019388198853,3.49959468841553,3.494124918174739,-5.469770240790872
591.8658889765336,10.0019388198853,3.49959468841553,3.4942509678646205,-5.343720550909481
592.8786102342626,10.001579284668,3.49975657463074,3.4943682327562757,-5.388341874464242
593.8925910189566,10.0012197494507,3.49991846084595,3.49447995734599,-5.438503499959779
594.9065859596146,10.001579284668,3.50024223327637,3.4945922928537865,-5.649940422583377
595.9205628514176,10.001579284668,3.50040435791016,3.4946983244500824,-5.706033460077364
596.9345482367996,10.001579284668,3.50056624412537,3.494800877889975,-5.765366235395142
597.9485265441996,10.001579284668,3.50056624412537,3.494899489475426,-5.666754649944039
598.9637856125106,10.001579284668,3.50072813034058,3.4949943675180015,-5.7337628225786474
599.9765001461566,10.001579284668,3.50121378898621,3.4950848236298993,-6.1289653563108
600.9911006082066,10.0019388198853,3.50121378898621,3.4951747359844876,-6.039053001722472
602.0044645467356,10.001579284668,3.50137567520142,3.4952555121825943,-6.120163018825675
603.0184531172106,10.0019388198853,3.50169944763184,3.495339290884153,-6.3601567476867515
604.0324289473156,10.0019388198853,3.50169944763184,3.4954176695202426,-6.281778111597358
605.0464132710006,10.001579284668,3.50186133384705,3.495489882677239,-6.371451169810971
606.0617197617936,10.001579284668,3.50186133384705,3.495561651584039,-6.2996822630108085
607.0743971360316,10.001579284668,3.50218510627747,3.4956317838879607,-6.55332238950912
608.0883697810456,10.0019388198853,3.50250911712646,3.4957034848117274,-6.805632314732524
609.1023477345466,10.001579284668,3.50267100334167,3.4957659775308323,-6.905025810837628
610.1163263958446,10.001579284668,3.50267100334167,3.4958283227181703,-6.842680623499575
611.1303227520996,10.001579284668,3.50283288955688,3.4958896290643118,-6.943260492568104
612.1442943354156,10.001579284668,3.5031566619873,3.495949620236898,-7.207041750401988
613.1595799461605,10.0019388198853,3.5031566619873,3.496011821390015,-7.144840597284929
614.1722721841626,10.0019388198853,3.50348043441772,3.4960681219162724,-7.412312501447804
615.1862522610576,10.0012197494507,3.50364232063293,3.496114926147163,-7.527394485767225
616.2002344613476,10.001579284668,3.50380420684814,3.4961713078563013,-7.632898991838832
617.2142276325096,10.001579284668,3.50396609306335,3.496224399330064,-7.741693733286148
618.2284094319026,10.001579284668,3.50412797927856,3.4962753478095636,-7.852631468996396
619.2421870785016,10.001579284668,3.50445175170898,3.49632483767872,-8.12691403025978
620.2574217277736,10.001579284668,3.50445175170898,3.496373202898451,-8.07854881052883
621.2701539563756,10.001579284668,3.50461363792419,3.496420560371041,-8.193077553148687
622.2841439424466,10.001579284668,3.50461363792419,3.4964671608158984,-8.146477108291528
623.2917085361136,10.001579284668,3.50493764877319,3.4965129487487507,-8.424700024439069
624.2977655195335,10.0019388198853,3.50526142120361,3.496560878370353,-8.700542833257163
625.3104963325396,10.001579284668,3.50542330741882,3.496600881019542,-8.822426399277994
626.3244590683776,10.0019388198853,3.50558519363403,3.496647674069843,-8.937519564187202
627.3384579019266,10.0019388198853,3.50574707984924,3.496691658884763,-9.05542096447709
628.3524386866196,10.0019388198853,3.50607085227966,3.496732945991858,-9.337906287802067
629.3664254875986,10.001579284668,3.50607085227966,3.4967699260334,-9.300926246259777
630.3805099647336,10.001579284668,3.50639462471008,3.496810226248848,-9.584398461231824
631.3957513380885,10.001579284668,3.50639462471008,3.496850990378953,-9.543634331127038
632.3967029728196,10.001579284668,3.50688052177429,3.4968907696840126,-9.989752090277637
633.4067335355476,10.0019388198853,3.50688052177429,3.4969336967575675,-9.946825016722727
634.4207383853806,10.001579284668,3.5070424079895,3.496968862747564,-10.073545241936266
635.4359719729556,10.0019388198853,3.50720429420471,3.497010897985281,-10.19339621942894
636.4487194192186,10.001579284668,3.50736618041992,3.497046267836484,-10.319912583435897
637.4626651678996,10.001579284668,3.50752806663513,3.4970833983677507,-10.444668267379331
638.4766724950276,10.001579284668,3.50785183906555,3.4971216604801705,-10.730178585379502
639.4906150586156,10.001579284668,3.50785183906555,3.497159004913441,-10.692834152108865
640.5046344183136,10.001579284668,3.50817561149597,3.497196476842778,-10.979134653192002
641.5185989236476,10.001579284668,3.50833749771118,3.497233369092397,-11.104128618782738
642.5338710862255,10.0012197494507,3.50849938392639,3.4972670921404516,-11.232291785938209
643.5465661554196,10.001579284668,3.5086612701416,3.4973077461131137,-11.353524028486106
644.5605678201616,10.001579284668,3.50898504257202,3.497344674622297,-11.640367949723007
645.5745326793946,10.001579284668,3.50914716720581,3.497381998404659,-11.765168801151304
646.5885325746406,10.0019388198853,3.50947093963623,3.4974224955574478,-12.04844407878225
647.6024977877726,10.0019388198853,3.50963282585144,3.497459795402097,-12.173030449342814
648.6165036993036,10.001579284668,3.50979471206665,3.4974927971013057,-12.301914965344274
649.6317121600406,10.001579284668,3.50995659828186,3.4975286241547616,-12.427974127098285
650.6446616827016,10.001579284668,3.51028037071228,3.4975649156435256,-12.715455068754267
651.6584304818226,10.001579284668,3.51044225692749,3.4976023228068036,-12.83993412068618
652.6724431174366,10.0019388198853,3.51076602935791,3.497643562466841,-13.122466891068996
653.6863924051086,10.001579284668,3.51076602935791,3.4976778715413466,-13.088157816563584
654.7003954854466,10.001579284668,3.51108980178833,3.4977145966652454,-13.375205123084655
655.7143408802276,10.001579284668,3.51108980178833,3.497751208759223,-13.338593029107226
656.7291409413816,10.001579284668,3.51141381263733,3.4977880110482507,-13.625801589079334
657.7423282842506,10.001579284668,3.51157569885254,3.497825391298003,-13.750307554536878
658.7563384425706,10.001579284668,3.51189947128296,3.4978628197283155,-14.036651554644397
659.7702969316196,10.0012197494507,3.51189947128296,3.4978969496788253,-14.002521604134621
660.7843191225096,10.0019388198853,3.51222324371338,3.497941000522679,-14.282243190700594
661.7982577932086,10.001579284668,3.51222324371338,3.497977897126408,-14.245346586971852
662.8122736139146,10.001579284668,3.51270890235901,3.4980165222625437,-14.69238009646645
663.8274767661646,10.001579284668,3.51287078857422,3.4980544572035357,-14.816331370684388
664.8402433229816,10.001579284668,3.51303267478943,3.498093261651316,-14.939413138113977
665.8541897794606,10.001579284668,3.51335644721985,3.498132878363666,-15.223568856184144
666.8682102008546,10.0019388198853,3.51351857185364,3.4981761748688758,-15.34239698476414
667.8821587807286,10.001579284668,3.51368045806885,3.4982124771789085,-15.46798088994139
668.8961692929475,10.001579284668,3.51400423049927,3.498251131023506,-15.753099475763754
669.9101118565366,10.001579284668,3.51400423049927,3.498291057114669,-15.713173384600765
670.9253974672815,10.0019388198853,3.5144898891449,3.4983347855798845,-16.155103565015594
671.9381038612476,10.001579284668,3.51465177536011,3.498373430827543,-16.278344532567157
672.9520966785105,10.001579284668,3.51481366157532,3.4984141357719003,-16.399525803419746
673.9660537519636,10.001579284668,3.51497554779053,3.4984547057482938,-16.52084204223625
674.9805929894666,10.001579284668,3.51529932022095,3.498496462599281,-16.802857621669
675.9940305390126,10.001579284668,3.51562333106995,3.4985384672420765,-17.08486382787333
677.0080399895346,10.001579284668,3.51562333106995,3.4985812707138466,-17.042060356103228
678.0232916259646,10.0019388198853,3.51594710350037,3.4986281358491422,-17.31896765122798
679.0359948348386,10.0019388198853,3.51627087593079,3.498671316984382,-17.599558946407967
680.0499604018696,10.001579284668,3.51627087593079,3.498710877731987,-17.55999819880305
681.0639694984926,10.0019388198853,3.51675653457642,3.498757808461209,-17.998726115211028
682.0779099386866,10.0019388198853,3.51708030700684,3.4988022398920404,-18.278067114799512
683.0919303600816,10.001579284668,3.51708030700684,3.498843335863173,-18.236971143666736
684.1058835406436,10.0019388198853,3.51724219322205,3.498891780370894,-18.350412851155795
685.1211815378576,10.0019388198853,3.51772785186768,3.498937064552101,-18.790787315578594
686.1338635127846,10.0012197494507,3.51772785186768,3.4989744056187995,-18.753446248880312
687.1478775639946,10.001579284668,3.51805186271667,3.499023883938293,-19.02797877837692
688.1618349913466,10.001579284668,3.51837563514709,3.499071900261406,-19.30373488568371
689.1758359482895,10.001579284668,3.51869940757751,3.4991189216382534,-19.580485939256764
690.1898050543126,10.0019388198853,3.51869940757751,3.4991702596318963,-19.52914794561389
691.2037915013916,10.0012197494507,3.51902318000793,3.4992113046490547,-19.811875358875408
692.2191362132896,10.0012197494507,3.51902318000793,3.49925846228243,-19.764717725500258
693.2317661650455,10.001579284668,3.51934695243835,3.4993110032649573,-20.035949173392797
694.2457235923976,10.001579284668,3.51983261108398,3.499361246491079,-20.471364592900887
695.2597295039286,10.001579284668,3.51983261108398,3.4994112742917856,-20.421336792194378
696.2737198438975,10.001579284668,3.52031850814819,3.4994615416691652,-20.856966479024575
697.2877133689595,10.001579284668,3.5204803943634,3.4995127113881295,-20.96768297527074
698.3016661956226,10.0019388198853,3.52080416679382,3.499567606392737,-21.23656040108335
699.3169217249426,10.001579284668,3.52096605300903,3.4996167504576796,-21.34930255135048
700.3296397975796,10.001579284668,3.52128982543945,3.4996682258077585,-21.621599631691524
701.3436311992466,10.0012197494507,3.52145171165466,3.499717552500706,-21.734159153953936
702.3576031364626,10.001579284668,3.52177548408508,3.499773968636782,-22.00151544829776
703.3716002005156,10.001579284668,3.52209949493408,3.4998294603807616,-22.27003455331822
704.3857706751365,10.0019388198853,3.5224232673645,3.4998881654974157,-22.535101867084517
705.3994980680606,10.001579284668,3.5224232673645,3.49994088636273,-22.482381001770246
706.4148233155066,10.001579284668,3.52290892601013,3.4999954803781406,-22.913445631989493
707.4275293555736,10.0019388198853,3.52307081222534,3.500054623365539,-23.016188859800835
708.4415080168726,10.001579284668,3.52339458465576,3.5001097580870764,-23.28482656868358
709.4554891554656,10.0019388198853,3.52371835708618,3.5001714794414074,-23.54687764477248
710.4694773720396,10.001579284668,3.52388024330139,3.500226223982947,-23.65401931844291
711.4834595723296,10.001579284668,3.52420401573181,3.500284121890781,-23.919893841028994
712.4974329251415,10.001579284668,3.52452802658081,3.500344092143519,-24.183934437290944
713.5127224287776,10.001579284668,3.52468991279602,3.500405053294539,-24.28485950148085
714.5254231603576,10.0019388198853,3.52501368522644,3.5004692762293077,-24.544408997132283
715.5394057145465,10.001579284668,3.52517557144165,3.5005273255558045,-24.648245885845466
716.5533677425866,10.001579284668,3.52566123008728,3.500589155072968,-25.072075014311856
717.5673648066396,10.001579284668,3.52582311630249,3.5006527381273114,-25.17037817517842
718.5813487764256,10.0019388198853,3.52614688873291,3.5007203850548736,-25.42650367803656
719.5953210675395,10.001579284668,3.52647089958191,3.500782882277222,-25.68801730468806
720.6106020775956,10.0019388198853,3.52679467201233,3.500850860460142,-25.943811552187945
721.6232854681195,10.001579284668,3.52695655822754,3.5009128922478756,-26.043665979664343
722.6372917335495,10.001579284668,3.52728033065796,3.500978553872605,-26.301776785354836
723.6691115111306,10.001579284668,3.52760410308838,3.501047655413274,-26.556447675105677
724.6808259258665,10.0019388198853,3.52776598930359,3.5011200611702953,-26.645928133294916
725.6948459933626,10.0019388198853,3.52825164794922,3.5011902399265953,-27.0614080226248
726.7087917420425,10.001579284668,3.52841353416443,3.5012554318924516,-27.158102271978457
727.7227990691706,10.001579284668,3.52889943122864,3.5013252481733796,-27.57418305526027
728.7367526036315,10.001579284668,3.52906131744385,3.5013970223415334,-27.664295102316494
729.7507592229606,10.001579284668,3.52938508987427,3.5014704890780846,-27.91460079618524
730.7659967034256,10.001579284668,3.52970886230469,3.5015446968118558,-28.164165492834403
731.7787883870795,10.0019388198853,3.53003263473511,3.5016215713833305,-28.411063351779564
732.7926870671776,10.0012197494507,3.53019452095032,3.5016894703265433,-28.50505062377673
733.8067035956816,10.001579284668,3.53068017959595,3.5017684403604132,-28.911739235536693
734.8206691627125,10.0019388198853,3.53116607666016,3.501849502604235,-29.316574055924693
735.8346655189675,10.001579284668,3.53148984909058,3.50192596818612,-29.56388090446005
736.8486402873756,10.0019388198853,3.53165173530579,3.502007699383828,-29.644035921962075
737.8638965244946,10.001579284668,3.531813621521,3.5020841942773484,-29.729427243651685
738.8765884085966,10.0019388198853,3.53229928016663,3.5021679399011476,-30.131340265482365
739.8906134306795,10.0019388198853,3.53262305259705,3.502250634368264,-30.372418228786113
740.9045690885356,10.001579284668,3.53294682502747,3.502329664930437,-30.61716009703286
741.9185601363035,10.0019388198853,3.53343272209167,3.5024166515693276,-31.016070522342343
742.9325288884265,10.001579284668,3.53375649452209,3.502499162122927,-31.25733239916295
743.9465266602786,10.001579284668,3.53408026695251,3.502584834896981,-31.495432055529182
744.9617814817996,10.001579284668,3.53440403938293,3.502672152932622,-31.731886450308
745.9745069863186,10.001579284668,3.53472781181335,3.5027605598078853,-31.967252005464797
746.9889106804586,10.001579284668,3.53521370887756,3.5028506410256095,-32.36306785195042
748.0024590004296,10.0019388198853,3.53553748130798,3.502945689025072,-32.59179228290776
749.0164394312236,10.0019388198853,3.53602313995361,3.5030382932883692,-32.98484666524093
750.0304389725706,10.0019388198853,3.53618502616882,3.503130890087074,-33.054136081746236
751.0444031240056,10.001579284668,3.53650879859924,3.5032211425225133,-33.28765607672679
752.0597089069996,10.0019388198853,3.53699445724487,3.503320256157033,-33.674201087837034
753.0723728330715,10.0012197494507,3.53699445724487,3.503412105296704,-33.58235194816572
754.0863635269405,10.001579284668,3.53764224052429,3.503513168213751,-34.129072310539414
755.1005396639475,10.001579284668,3.53796601295471,3.5036124926912353,-34.35352026347482
756.1143403139896,10.001579284668,3.53828978538513,3.5037144308346737,-34.57535455045635
757.1155294150286,10.0019388198853,3.53877544403076,3.503819335222735,-34.95610880802502
758.1266959939286,10.001579284668,3.53909921646118,3.5039201543711527,-35.17906209002719
759.1406905806875,10.001579284668,3.5394229888916,3.5040257355320485,-35.39725335955124
760.1546685341885,10.0019388198853,3.53990888595581,3.5041365461304395,-35.77233982537065
761.1686525039736,10.0019388198853,3.54055643081665,3.504246544618125,-36.309886198524936
762.1826396588516,10.0019388198853,3.54088020324707,3.504356927691611,-36.52327555545875
763.1978689996366,10.001579284668,3.54120397567749,3.5044654147178824,-36.73856095960737
764.2105906112646,10.0019388198853,3.54152774810791,3.5045809697584915,-36.94677834941862
765.2245671491686,10.001579284668,3.54185175895691,3.5046939173270166,-37.15784162989344
766.2387680591136,10.001579284668,3.54233741760254,3.504811773977281,-37.525643625258894
767.2525386277306,10.001579284668,3.54266119003296,3.5049310460764524,-37.73014395650742
768.2665328605906,10.001579284668,3.54314684867859,3.5050515953463184,-38.09525333227182
769.2805246161566,10.001579284668,3.54363250732422,3.5051742885938406,-38.45821873037947
770.2957822688716,10.001579284668,3.54411840438843,3.5052998642384954,-38.81854014993458
771.3084741529735,10.0019388198853,3.54460406303406,3.505430699822698,-39.173363211361774
772.3224574149616,10.0019388198853,3.54492783546448,3.5055609831599917,-39.36685230448855
773.3364399691505,10.0019388198853,3.54541349411011,3.505692156914299,-39.721337195810946
774.3504250006326,10.001579284668,3.54573726654053,3.505821876828152,-39.91538971237807
775.3646301573676,10.0019388198853,3.54638504981995,3.5059597583379616,-40.42529148198825
776.3787036636306,10.001579284668,3.54687070846558,3.506094992245265,-40.77571622031506
777.3936732424626,10.001579284668,3.54703259468079,3.5062359931212193,-40.796601559570874
778.4063668960596,10.0019388198853,3.54784202575684,3.5063823907991,-41.45963495773985
779.4203444956615,10.0019388198853,3.54832792282104,3.5065286955041066,-41.79922731693342
780.4343210335655,10.001579284668,3.54865169525146,3.5066739594787655,-41.97773577269448
781.4483308379865,10.0019388198853,3.54913735389709,3.506826892903056,-42.31046099403368
782.4622971128156,10.0012197494507,3.54946112632751,3.50697459119713,-42.486535130380254
783.4764817434016,10.0019388198853,3.55010867118835,3.507137013982508,-42.97165720584184
784.4915535990796,10.001579284668,3.55059456825256,3.5072934867563226,-43.301081496237344
785.5042313272165,10.001579284668,3.55108022689819,3.5074557577848755,-43.624469113314305
786.5182354692516,10.0019388198853,3.55156588554382,3.5076254930392814,-43.940392504538735
787.5322056369716,10.0019388198853,3.55221343040466,3.507795601404598,-44.417829000062085
788.5462009315296,10.0019388198853,3.55286121368408,3.5079679567475006,-44.89325693657919
789.5601838396176,10.001579284668,3.5531849861145,3.5081408913390715,-45.044094775428704
790.5678259371916,10.0019388198853,3.55367064476013,3.5083220886159143,-45.348556144215735
791.5725600457056,10.0019388198853,3.55431818962097,3.50850391913942,-45.81427048155007
792.5864916384215,10.0019388198853,3.55480408668518,3.508691601018566,-46.11248566661441
793.6005046279346,10.0019388198853,3.55561351776123,3.5088828108770835,-46.730706884146485
794.6144648864796,10.0019388198853,3.55609917640686,3.509077733454309,-47.02144295255106
795.6297437731406,10.001579284668,3.55642294883728,3.509274010930311,-47.148937906968946
796.6424232707736,10.001579284668,3.55723261833191,3.5094772023219067,-47.75541601000333
797.6564461694626,10.001579284668,3.55771827697754,3.5096860211516234,-48.03225582591652
798.6703905025466,10.0019388198853,3.55836582183838,3.509903175889906,-48.46264594847361
799.6844190636216,10.0019388198853,3.55885148048401,3.510123255211405,-48.728225272605115
800.6983860462486,10.0019388198853,3.55933737754822,3.510347894823022,-48.98948272519821
801.7123947889726,10.0022993087769,3.56014680862427,3.5105800035884385,-49.56680503583133
802.7276113893896,10.0019388198853,3.56079435348511,3.5108114328866433,-49.98292059846676
803.7403372478076,10.001579284668,3.56128001213074,3.5110475265331744,-50.23248559756554
804.7542826425886,10.0019388198853,3.56208968162537,3.511296512271553,-50.79316935381728
805.7683172199486,10.001579284668,3.56273722648621,3.5115468173394593,-51.19040914675077
806.7822912805586,10.0019388198853,3.56338477134705,3.511809815007928,-51.574956339121684
807.7962901141076,10.0022993087769,3.56403255462646,3.512080035840057,-51.95251878640317
808.8102185217306,10.0019388198853,3.5646800994873,3.51235026322812,-52.32983625917997
809.8255044863746,10.0019388198853,3.56532764434814,3.5126300773942294,-52.6975669539107
810.8382140654336,10.0022993087769,3.56597542762756,3.512921611700534,-53.05381592702574
811.8522146684776,10.0019388198853,3.5666229724884,3.513214228821359,-53.408743667041406
812.8661742192236,10.0019388198853,3.56727051734924,3.5135170388741273,-53.7534784751128
813.8801903938286,10.001579284668,3.56808018684387,3.5138259005248944,-54.254286318975446
814.8941382659045,10.0019388198853,3.56888961791992,3.51415133578532,-54.738282134600084
815.9081523171146,10.001579284668,3.56953716278076,3.5144790394554275,-55.058123325332446
816.9233784728076,10.0019388198853,3.57034683227539,3.5148227568259416,-55.524075449448596
817.9361114092076,10.0019388198853,3.57131814956665,3.5151733869414707,-56.1447626251792
818.9500405246296,10.0019388198853,3.57196569442749,3.515534769649742,-56.43092477774792
819.9640811182746,10.0019388198853,3.57277536392212,3.5159063860715514,-56.868977850568655
820.9784809195246,10.001579284668,3.57358479499817,3.5162859442949252,-57.29885070324458
821.9920483500476,10.001579284668,3.57423233985901,3.5166801721570895,-57.552167701920624
823.0060082546926,10.0019388198853,3.57536578178406,3.5170915959371922,-58.27418584686761
824.0445322971835,10.001579284668,3.5760133266449,3.5175180500716396,-58.49527657326048
825.0495912850886,10.0019388198853,3.57698488235474,3.517951332349298,-59.03355000544197
826.0635724236806,10.0019388198853,3.577956199646,3.5184002156614995,-59.55598398450057
827.0788559110316,10.001579284668,3.57892775535583,3.518859787579309,-60.067967776521236
828.0914536579676,10.001579284668,3.57989907264709,3.5193342424276763,-60.5648302194135
829.1055388429016,10.001579284668,3.58070850372314,3.5198272564940307,-60.88124722910937
830.1195083028226,10.0019388198853,3.58168005943298,3.5203409586950594,-61.33910073792048
831.1334958115996,10.0019388198853,3.58281326293945,3.5208694630449164,-61.94379989453358
832.1474734112015,10.0019388198853,3.58362293243408,3.5214164581236895,-62.20647431039028
833.1614612738766,10.001579284668,3.58459424972534,3.5219828488678178,-62.611400857522256
834.1767819206345,10.0019388198853,3.58572769165039,3.5225921036046643,-63.13558804572583
835.1896189033756,10.0019388198853,3.58686089515686,3.523244857276228,-63.61603788063208
836.2034025662596,10.001579284668,3.58799433708191,3.5238992781872804,-64.09505889462963
837.2173599936116,10.0019388198853,3.58912754058838,3.524575187905228,-64.55235268315195
838.2313705058306,10.001579284668,3.59009909629822,3.5252580517503502,-64.84104454786976
839.2453558912126,10.001579284668,3.5913941860199,3.5259640560005194,-65.4301300193807
840.2593338447136,10.0019388198853,3.59268951416016,3.526695293460161,-65.9942206999986
841.2745497373315,10.001579284668,3.59382271766663,3.527441269941613,-66.38144772501687
842.2873148785516,10.001579284668,3.59495615959167,3.5282129522486985,-66.74320734297146
843.3012471790656,10.001579284668,3.59641337394714,3.529010093221067,-67.40328072607315
844.3154848945196,10.001579284668,3.59754657745361,3.5298336042167593,-67.71297323685089
845.3292303362996,10.001579284668,3.59900379180908,3.5306832629059266,-68.32052890315322
846.0312412618725,10.0019388198853,3.60013699531555,3.5312934976503807,-68.84349766516928
847.0457294990246,9.94399261474609,3.60110855102539,3.5314327052756935,-69.67584574969665
848.0596582605476,9.82378196716309,3.60094666481018,3.530746934556426,-70.19973025375404
849.0749693520296,9.72264575958252,3.60110855102539,3.5302904003606606,-70.81815066472963
850.0876442489736,9.63446617126465,3.60078477859497,3.529983781555474,-70.8009970394956
851.1018586070855,9.5502462387085,3.60110855102539,3.529718106778386,-71.39044424700414
852.1156185587296,9.47070503234863,3.60078477859497,3.5295120080601774,-71.27277053479241
853.1296418113166,9.3944034576416,3.60094666481018,3.5293500196922425,-71.59664511793773
854.1435772969226,9.32350063323975,3.60094666481018,3.5292626784183527,-71.68398639182749
855.1575814389586,9.251877784729,3.60110855102539,3.5291749572216866,-71.93359380370356
856.1728136109366,9.18133449554443,3.60110855102539,3.5291077214374664,-72.00082958792376
857.1855893691296,9.10971069335938,3.60094666481018,3.529033863493283,-71.91280131689703
858.1995273320296,9.04204750061035,3.60110855102539,3.529018632789468,-72.08991823592203
859.2135389059466,8.97402286529541,3.60094666481018,3.5290088949325815,-71.9377698775987
860.2276807147396,8.90312004089355,3.60110855102539,3.528970184685112,-72.13836634027837
861.2414870271666,8.83365631103516,3.60094666481018,3.5289580306712205,-71.98863413895972
862.2554288829576,8.76815223693848,3.6012704372406,3.5290041692922856,-72.26626794831459
863.2707141398026,8.69868850708008,3.60110855102539,3.5290136533453675,-72.09489768002264
864.2834053161076,8.63030529022217,3.60094666481018,3.529041836281499,-71.90482852868118
865.2974183056206,8.56120109558105,3.60094666481018,3.5290711014187495,-71.87556339143075
866.3115763937726,8.49497699737549,3.60110855102539,3.5291465273786886,-71.96202364670157
867.3254874603396,8.4251537322998,3.60094666481018,3.5291870974263704,-71.75956738380984
868.3393666759856,8.35496997833252,3.60094666481018,3.5292326899723907,-71.71397483778952
869.3533428599906,8.28694629669189,3.60094666481018,3.5293158089774,-71.63085583278006
870.3686196232576,8.22036266326904,3.60110855102539,3.529430174999504,-71.67837602588634
871.3813309718116,8.15053844451904,3.60094666481018,3.529508092893909,-71.43857191627134
872.3956454833746,8.08035564422607,3.60094666481018,3.5295854699108875,-71.36119489929271
873.4092854632156,8.01125144958496,3.60094666481018,3.5296790157815083,-71.26764902867188
874.4232584621286,7.94070863723755,3.60110855102539,3.529760718068655,-71.34783295673498
875.4372502176946,7.87124490737915,3.60094666481018,3.5298566934556757,-71.08997135450457
876.4512182620206,7.80034208297729,3.60094666481018,3.529938989479521,-71.00767533065921
877.4665212138216,7.72907876968384,3.60094666481018,3.5300217272752685,-70.92493753491169
878.4791989419596,7.66177463531494,3.60094666481018,3.5301574132350457,-70.7892515751345
879.4931917592226,7.59159135818481,3.60110855102539,3.5302632041367907,-70.84534688859945
880.5071537872626,7.52068853378296,3.60110855102539,3.530361284652919,-70.74726637247109
881.5211667767766,7.44798564910889,3.60110855102539,3.530436977574488,-70.67157345090224
882.5351199573386,7.37780237197876,3.60110855102539,3.53054610056188,-70.56245046351029
883.5491237454746,7.30581951141357,3.60094666481018,3.5306342609488386,-70.31240386134164
884.5643743202066,7.23383665084839,3.60094666481018,3.530722674859806,-70.22398995037405
885.5771125650936,7.16041374206543,3.60094666481018,3.530795347913279,-70.15131689690124
886.5910551286826,7.09490919113159,3.60094666481018,3.53096847074467,-69.9781940655102
887.6050238808056,7.02292633056641,3.60094666481018,3.5310646310563745,-69.88203375380576
888.6190418249066,6.95166349411011,3.60078477859497,3.5311682069531423,-69.61657164182755
889.6330392428586,6.87860059738159,3.60110855102539,3.5312452879671463,-69.86326305824386
890.6470083488806,6.80661773681641,3.60110855102539,3.531334312896164,-69.77423812922635
891.6622670632926,6.73391532897949,3.60094666481018,3.5314124594512606,-69.53420535891964
892.6749635480836,6.66229200363159,3.60094666481018,3.531500416704224,-69.44624810595634
893.6889514107596,6.59030914306641,3.60110855102539,3.531586837583087,-69.5217134423034
894.7029332571506,6.52408504486084,3.60110855102539,3.5317405673305386,-69.36798369485153
895.7169278439096,6.44994258880615,3.60078477859497,3.531797163284592,-68.98761531037766
896.7309001350236,6.37831974029541,3.60110855102539,3.5318763580355763,-69.23219298981387
897.7448855204066,6.30417728424072,3.60094666481018,3.531916037066618,-69.03062774356216
898.7601336178445,6.23831272125244,3.60094666481018,3.532064571747509,-68.88209306267123
899.7728633691526,6.16704988479614,3.60094666481018,3.5321415632657094,-68.80510154447083
900.7868158419166,6.09614658355713,3.60110855102539,3.5322169817289994,-68.89156929639073
901.8007775160576,6.02704286575317,3.60110855102539,3.532308435487459,-68.80011553793119
902.8150385888525,5.95506000518799,3.60110855102539,3.5323592002621886,-68.74935076320155
903.8287426244356,5.88379669189453,3.60094666481018,3.5324093213831276,-68.53734342705265
904.8427368572956,5.81397342681885,3.60094666481018,3.5324729209814016,-68.47374382877858
905.8580836925876,5.74451017379761,3.60094666481018,3.53253879111916,-68.40787369102009
906.8707196606296,5.68152475357056,3.60094666481018,3.532682850895598,-68.26381391458236
907.8847216792706,5.61314105987549,3.60110855102539,3.5327578688607395,-68.35068216465068
908.8987052951566,5.54439735412598,3.60094666481018,3.5328175671166924,-68.12909769348785
909.9130428101615,5.47565364837646,3.60094666481018,3.5328684966966186,-68.0781681135616
910.9270179324695,5.4072699546814,3.60094666481018,3.5329149781477693,-68.03168666241089
911.9406586201096,5.34140586853027,3.60094666481018,3.53298700128671,-67.95966352347006
912.9559371528716,5.27410173416138,3.60094666481018,3.533035970482374,-67.91069432780628
913.9686396539475,5.20715761184692,3.60110855102539,3.533080055193111,-68.02849583227922
914.9825924806106,5.14453220367432,3.60110855102539,3.533172780181599,-67.93577084379132
915.9965760964966,5.07902812957764,3.60094666481018,3.533224463919532,-67.7222008906484
917.0105689137606,5.01532316207886,3.60110855102539,3.5332923191629204,-67.81623186246976
918.0245599615286,4.95017862319946,3.60094666481018,3.533331644669055,-67.6150201411252
919.0385471164066,4.88683366775513,3.60094666481018,3.53338655267638,-67.56011213380032
920.0525271933016,4.8227686882019,3.60094666481018,3.533421557887835,-67.52510692234503
921.0664669256965,4.75798416137695,3.60094666481018,3.5334369386616147,-67.50972614856553
922.0804901782845,4.69391918182373,3.60110855102539,3.533451984915932,-67.65656610945837
923.0944656544916,4.63669300079346,3.6012704372406,3.533550715752577,-67.71972148802297
924.1084651958386,4.57478761672974,3.60110855102539,3.53358391614844,-67.52463487695026
925.1224406720446,4.51108264923096,3.60094666481018,3.533579802478629,-67.36686233155132
926.1364157943526,4.45097684860229,3.60094666481018,3.533612445296502,-67.33421951367814
927.1516624761936,4.39267110824585,3.60110855102539,3.5336626728120546,-67.44587821333559
928.1643982437865,4.33256530761719,3.60094666481018,3.533680919131987,-67.26574567819333
929.1783691193056,4.27389907836914,3.60094666481018,3.533707783717263,-67.23888109291742
930.1923541507886,4.21667289733887,3.60110855102539,3.533746215429147,-67.36233559624338
931.2063335198856,4.15944623947144,3.60078477859497,3.533776415489506,-67.00836310546387
932.2203358924246,4.10401964187622,3.60110855102539,3.5338241277001514,-67.28442332523876
933.2342986282636,4.0482325553894,3.60110855102539,3.533859068453346,-67.249482572044
934.2495831773106,3.99172616004944,3.60094666481018,3.533876628876731,-67.07003593344929
935.2622775387066,3.93881869316101,3.60094666481018,3.533928941346576,-67.01772346360401
936.2762462908306,3.88303184509277,3.60110855102539,3.5339388224844717,-67.16972854091851
937.2902238904315,3.82724523544312,3.60110855102539,3.533935528769889,-67.17302225550137
938.3042436040286,3.77361798286438,3.60094666481018,3.5339507905254637,-66.99587428471654
939.3182880905625,3.72394967079163,3.60110855102539,3.534011216890138,-67.09733413525231
940.3321687218056,3.67176198959351,3.60094666481018,3.534034766140606,-66.91189866957403
941.3473899229116,3.62029433250427,3.60110855102539,3.5340591394287504,-67.0494115966398
942.3601593109206,3.5684666633606,3.60094666481018,3.534067632399934,-66.87903241024617
943.3741308942366,3.51987814903259,3.60094666481018,3.5341104336877778,-66.83623112240244
944.3881198186106,3.47056984901428,3.60110855102539,3.534138632391522,-66.96991863386836
945.4021098046805,3.41982197761536,3.60094666481018,3.534140011327992,-66.80665348218807
946.4160743100146,3.37591218948364,3.60094666481018,3.5342214717534373,-66.72519305674297
947.4300646499836,3.32804369926453,3.60094666481018,3.5342505012729144,-66.69616353726582
948.4453403515536,3.27909517288208,3.60110855102539,3.5342526796331986,-66.85587139219163
949.4580421448316,3.23122668266296,3.60094666481018,3.5342563190772305,-66.69034573294974
950.4720392088846,3.18515753746033,3.60110855102539,3.534275521385722,-66.83302963966797
951.4859930972445,3.14124798774719,3.60110855102539,3.5343176210400693,-66.79092998532087
952.4999820216176,3.09625864028931,3.60110855102539,3.5343415929010895,-66.76695812430067
953.5139787317715,3.05270910263062,3.60094666481018,3.534374830576925,-66.57183423325507
954.5279648249516,3.00771975517273,3.60110855102539,3.5343810841403958,-66.72746688499443
955.5432260166576,2.96309041976929,3.60110855102539,3.5343827546751436,-66.72579635024655
956.5559260404395,2.92098021507263,3.60094666481018,3.534408310861999,-66.53835394818142
957.5699156726106,2.88066983222961,3.60094666481018,3.5344541073113036,-66.49255749887661
958.5838823013396,2.84215903282166,3.60110855102539,3.5345225273757435,-66.58602364964672
959.5978393747926,2.80292820930481,3.60094666481018,3.5345769771819793,-66.36968762820095
960.6118608578846,2.7633376121521,3.60094666481018,3.534621459299502,-66.32520551067822
961.6258320873015,2.72374701499939,3.60110855102539,3.5346554837154467,-66.45306730994349
962.6410918634106,2.68271684646606,3.60110855102539,3.5346632816808903,-66.4452693444999
963.6538000268725,2.64384603500366,3.60110855102539,3.5346875833705793,-66.42096765481087
964.6677864739515,2.60605502128601,3.60094666481018,3.5347214873202635,-66.22517748991675
965.6817679664435,2.57078337669373,3.60094666481018,3.534785246082717,-66.16141872746306
966.6957554752206,2.53695154190063,3.60094666481018,3.534867440891233,-66.07922391894716
967.7097419222996,2.50239968299866,3.60110855102539,3.5349379731116546,-66.1705779137356
968.7237418175456,2.46640825271606,3.60110855102539,3.534982048587964,-66.12650243742601
969.7389768207166,2.43077659606934,3.60094666481018,3.535023121618378,-65.92354319180238
970.7516881692706,2.3965847492218,3.60094666481018,3.5350741021567513,-65.87256265342889
971.7657294707136,2.36311268806458,3.60094666481018,3.5351320956161363,-65.81456919404394
972.7796695570075,2.33108043670654,3.60094666481018,3.5352026095505247,-65.74405525965554
973.7936351240386,2.29688835144043,3.60110855102539,3.5352450124138124,-65.86353861157778
974.8076261718065,2.26737546920776,3.60110855102539,3.53533636437568,-65.77218664971029
975.8216161578775,2.23534297943115,3.60110855102539,3.535398018013856,-65.71053301153418
976.8368465603596,2.20439052581787,3.60110855102539,3.5354656692287296,-65.64288179666056
977.8495667563916,2.17451739311218,3.60094666481018,3.5355431411867944,-65.40352362338587
978.8635478949845,2.1435649394989,3.60110855102539,3.535600300508873,-65.50825051651721
979.8775424817436,2.11369204521179,3.60110855102539,3.53566694941409,-65.4416016113002
980.8915250359325,2.08381915092468,3.60110855102539,3.535727659363558,-65.38089166183214
981.9054916646605,2.05502581596375,3.60094666481018,3.5357989396759253,-65.14772513425493
982.9198865113236,2.0291121006012,3.6012704372406,3.535904196461117,-65.36624077948305
983.9347683231736,1.99995899200439,3.60110855102539,3.535966595673481,-65.14195535190925
984.9474598533776,1.9715256690979,3.60110855102539,3.5360271148820654,-65.08143614332474
985.9614339139875,1.9430924654007,3.60110855102539,3.5360830176908715,-65.02553333451866
986.9754154064785,1.91645872592926,3.60094666481018,3.5361558153798183,-64.79084943036196
987.9893395673136,1.89018499851227,3.60094666481018,3.536232587805449,-64.71407700473142
989.0033794531596,1.86535096168518,3.60110855102539,3.5363225475100206,-64.78600351536956
990.0173740399185,1.8390771150589,3.60110855102539,3.5363926949780664,-64.71585604732377
991.0326649591506,1.81532275676727,3.60094666481018,3.536492249195964,-64.45441561421639
992.0453409177926,1.79156839847565,3.60094666481018,3.536590221778752,-64.35644303142807
993.0593213485865,1.76745414733887,3.60110855102539,3.536679081139595,-64.42946988579523
994.0734189199895,1.74298000335693,3.60110855102539,3.5367589987516075,-64.34955227378269
995.0872981356356,1.72030532360077,3.60110855102539,3.5368585390922784,-64.25001193311175
996.1012792742285,1.69727075099945,3.60110855102539,3.536951583712539,-64.15696731285125
997.1152558121325,1.67315649986267,3.60110855102539,3.537019852469919,-64.08869855547117
998.1305120492506,1.64940214157104,3.60110855102539,3.537091188702852,-64.01736232253796
999.1432216283116,1.62852716445923,3.60094666481018,3.5371972612397022,-63.74940357047798
1000.1571992279116,1.60909175872803,3.60110855102539,3.5373232433712665,-63.78530765412371
1001.1711973536616,1.58857655525208,3.60110855102539,3.5374350966481125,-63.67345437727767
1002.1853710133715,1.56482219696045,3.60110855102539,3.537497238218824,-63.61131280656629
1003.1991521989615,1.54538691043854,3.60094666481018,3.537608105620419,-63.33855918976106
1004.2131478474216,1.52415192127228,3.60110855102539,3.53769286549104,-63.415685534350175
1005.2283998377516,1.50507640838623,3.60094666481018,3.537808615195406,-63.13804961477443
1006.2412361126916,1.48312163352966,3.60110855102539,3.5378756171454038,-63.232933879986405
1007.2550746299415,1.462606549263,3.60110855102539,3.537956502731328,-63.15204829406218
1008.2690600153215,1.44533061981201,3.60110855102539,3.538079239289988,-63.02931173540216
1009.2830634495616,1.42625510692596,3.60110855102539,3.5381797738614686,-62.92877716392154
1010.2970297243916,1.40933918952942,3.60110855102539,3.5383058833822814,-62.80266764310882
1011.3111234029016,1.39206326007843,3.60094666481018,3.538427781785175,-62.51888302500541
1012.3264794395716,1.37478733062744,3.60110855102539,3.5385471819209346,-62.56136910445554
1013.3389795103516,1.35391235351562,3.60094666481018,3.538609708990202,-62.336955819978
1014.3529702042216,1.33663642406464,3.60094666481018,3.5387146364215565,-62.23202838862374
1015.3669616058816,1.32008039951324,3.60110855102539,3.53882858843974,-62.279962585650054
1016.3809300041116,1.30352425575256,3.60110855102539,3.538940921728932,-62.16762929645814
1017.3949100810016,1.28660833835602,3.60110855102539,3.5390462316817066,-62.062319343683555
1018.4088890962016,1.26969230175018,3.60110855102539,3.5391494355294952,-61.95911549589495
1019.4241386092416,1.25565564632416,3.60094666481018,3.539287351973123,-61.65931283705728
1020.4368697761416,1.24125909805298,3.60110855102539,3.5394224030988606,-61.6861479265296
1021.4508463140415,1.22398316860199,3.60110855102539,3.5395166400917084,-61.591910933681774
1022.4648235597516,1.20706713199615,3.6012704372406,3.5396068286899243,-61.663608550675875
1023.4787947891615,1.19375038146973,3.60110855102539,3.5397398870162418,-61.36866400914842
1024.4930250727416,1.17719423770905,3.60094666481018,3.539834679628185,-61.11198518199501
1025.5067545890618,1.16387748718262,3.60110855102539,3.539964039418778,-61.14451160661227
1026.5220373686118,1.14804124832153,3.60094666481018,3.5400630215355506,-60.883643274629584
1027.5347048336716,1.13760364055634,3.60110855102539,3.5402313819638587,-60.87716906153151
1028.5487234855716,1.12356698513031,3.60110855102539,3.540352729068316,-60.755821957074296
1029.5629261650117,1.10953032970428,3.60094666481018,3.540470003315906,-60.47666149427444
1030.5766970875318,1.09405398368835,3.60110855102539,3.54056283857616,-60.54571244923012
1031.5906591155717,1.08001732826233,3.60094666481018,3.540667870753084,-60.27879405709635
1032.6046607803116,1.06778025627136,3.60110855102539,3.54079644118431,-60.31210984108037
1033.6198791502218,1.05410349369049,3.60110855102539,3.5409056288750005,-60.202922150389696
1034.6326386290516,1.04078662395477,3.60110855102539,3.541014152021552,-60.094399003838284
1035.6466084428816,1.02639007568359,3.60110855102539,3.5411031643354804,-60.005386689909734
1036.6605941821617,1.01343309879303,3.60094666481018,3.5412086033947774,-59.73806141540283
1037.6745392230416,1.00191593170166,3.60094666481018,3.541331812459775,-59.6148523504052
1038.6885610600316,0.990758538246155,3.60110855102539,3.5414624427189727,-59.646108306417474
1039.7025223802716,0.982840418815613,3.60110855102539,3.5416398279904113,-59.46872303497885
1040.7178076371217,0.9709632396698,3.60110855102539,3.541764980118092,-59.34357090729803
1041.7306969969318,0.958726108074188,3.60094666481018,3.5418802512228056,-59.06641358737463
1042.7444884455917,0.947928726673126,3.60110855102539,3.5420101191323896,-59.098431893000566
1043.7584600289117,0.936411440372467,3.6012704372406,3.542127564811133,-59.14287242946736
1044.7724698333318,0.926333844661713,3.60110855102539,3.5422648959887177,-58.84365503667244
1045.7864237216918,0.913016974925995,3.60110855102539,3.542352377073221,-58.75617395216936
1046.8004285715217,0.903659224510193,3.60094666481018,3.5424907002612605,-58.455964548919766
1047.8156476492318,0.896460890769958,3.60110855102539,3.542663069472637,-58.44548155275309
1048.8283954494018,0.884583711624146,3.60110855102539,3.5427716577428336,-58.33689328255653
1049.8423539384517,0.871626794338226,3.6012704372406,3.5428570556952965,-58.41338154530362
1050.8563725903516,0.861909091472626,3.60094666481018,3.5429784892168388,-57.96817559334144
1051.8703084298518,0.852911233901978,3.60094666481018,3.5431127331997585,-57.833931610421715
1052.8843277895517,0.843913376331329,3.60110855102539,3.5432454434565153,-57.863107568874916
1053.8983029118617,0.833115935325623,3.60110855102539,3.543355963157487,-57.752587867903046
1054.8988744589317,0.824118077754974,3.60110855102539,3.5434803487278903,-57.628202297499875
1055.9110347865617,0.818359434604645,3.60110855102539,3.5436546226846923,-57.45392834069784
1056.9247575788017,0.807561993598938,3.60094666481018,3.5437638439937915,-57.1828208163887
1057.9384888646116,0.796764612197876,3.60110855102539,3.543863585813236,-57.24496521215406
1058.9525450298217,0.787406802177429,3.60110855102539,3.543978474429545,-57.130076595845125
1059.9665583732317,0.780568420886993,3.60094666481018,3.5441280968925475,-56.818567917632734
1060.9672435219218,0.769411087036133,3.60110855102539,3.5442154438756197,-56.89310714977047
1061.9692572079116,0.761852860450745,3.60110855102539,3.5443453424218543,-56.7632086035359
1062.9712418741717,0.755734324455261,3.60110855102539,3.544499886714881,-56.60866431050904
1064.0110148266517,0.748176097869873,3.60110855102539,3.544643544688829,-56.46500633656126
1065.0213458497317,0.737018764019012,3.60094666481018,3.5447296225160505,-56.21704229412971
1066.0313969386118,0.730900228023529,3.60110855102539,3.5448768895715754,-56.23166145381475
1067.0314786893016,0.722262263298035,3.60094666481018,3.544988880018863,-55.95778479131708
1068.0424435457016,0.713264405727386,3.60094666481018,3.5450946735333257,-55.85199127685448
1069.0474565267216,0.706426024436951,3.60110855102539,3.545225638644032,-55.88291238135801
1070.0525317939916,0.698867797851562,3.60110855102539,3.5453484883507116,-55.76006267467859
1071.0837853329817,0.692029476165771,3.60110855102539,3.5454847705914245,-55.62378043396565
1072.0856864790517,0.683391511440277,3.60094666481018,3.5455890392382647,-55.35762557191548
1073.1047849989018,0.675473392009735,3.60110855102539,3.54570172324216,-55.40682778323003
1074.1056913345417,0.668994903564453,3.60094666481018,3.5458286506903245,-55.11801411985573
1075.1127257873318,0.662156522274017,3.60110855102539,3.545953527494072,-55.15502353131829
1076.1143884053918,0.65567809343338,3.60094666481018,3.5460804938743946,-54.866170935785604
1077.1189646749017,0.647759974002838,3.60094666481018,3.5461865191426445,-54.76014566753573
1078.1355766995416,0.640921592712402,3.60094666481018,3.5463051803746217,-54.641484435558496
1079.1389107831417,0.633723318576813,3.60110855102539,3.5464170791538816,-54.69147187150858
1080.1399544316416,0.628684461116791,3.60110855102539,3.5465561082807517,-54.55244274463844
1081.1419681176317,0.624005615711212,3.60094666481018,3.5467039384133505,-54.242726396829696
1082.1450321762018,0.617167234420776,3.60110855102539,3.5468221245333242,-54.28642649206594
1083.1522531338217,0.608889162540436,3.60110855102539,3.5469169434925627,-54.191607532827476
1084.1541238445618,0.604210317134857,3.60094666481018,3.547054364514557,-53.89230029562331
1085.1563321750716,0.597011983394623,3.60094666481018,3.547160067359348,-53.78659745083203
1086.1582191651717,0.592333137989044,3.60094666481018,3.547297592956525,-53.64907185365509
1087.1593176680317,0.586934387683868,3.60094666481018,3.5474255712197156,-53.521093590464645
1088.1643009215318,0.579736113548279,3.60094666481018,3.5475286877170005,-53.41797709317974
1089.1752445439818,0.574697315692902,3.60110855102539,3.5476570995369836,-53.451451488406576
1090.1874738819417,0.564979612827301,3.60094666481018,3.547720287454879,-53.226377355301224
1091.1953580465117,0.563180029392242,3.60094666481018,3.5478848488331156,-53.06181597706461
1092.2051214154017,0.554182171821594,3.60094666481018,3.5479584969209776,-52.98816788920257
1093.2164737913417,0.549143373966217,3.60110855102539,3.548075779636369,-53.03277138902107
1094.2165024571716,0.542664885520935,3.60094666481018,3.5481732659575935,-52.773398852586695
1095.2185246367317,0.537266194820404,3.60094666481018,3.5482830591587637,-52.663605651416475
1096.2305890577018,0.532227396965027,3.60110855102539,3.5484005188005803,-52.70803222480991
1097.2378404506417,0.530787706375122,3.60094666481018,3.5485697957247826,-52.37686908539763
1098.2406592571317,0.526108860969543,3.60110855102539,3.548698438136729,-52.41011288866115
1099.2456732998417,0.516391158103943,3.60094666481018,3.548750974443777,-52.19569036640337
1100.2477213140417,0.512791991233826,3.60094666481018,3.548876933526923,-52.069731283257426
1101.2479088805817,0.508832931518555,3.60094666481018,3.5490043865644743,-51.942278245705964
1102.2588068500518,0.50595360994339,3.60094666481018,3.549147908421815,-51.798756388365064
1103.2678553427218,0.4987553358078,3.60094666481018,3.5492364754064654,-51.71018940371486
1104.2708992290418,0.495876014232635,3.60110855102539,3.549374234982212,-51.73431604317802
1105.2779149251717,0.489397555589676,3.60110855102539,3.549466251142732,-51.64229988265801
1106.2859537436616,0.486158311367035,3.60078477859497,3.5495975863050817,-51.1871922898881
1107.2883698129517,0.481479436159134,3.60110855102539,3.549711505285846,-51.39704573954429
1108.2910697093216,0.477160453796387,3.60094666481018,3.549827956505811,-51.11870830436915
1109.3030537951918,0.47284147143364,3.60078477859497,3.549944189394686,-50.840589200283674
1110.3121245835116,0.465283274650574,3.60094666481018,3.5500121715476975,-50.934493262482675
1111.3141372078017,0.462763875722885,3.60094666481018,3.550142774279983,-50.80389053019729
1112.3171800324217,0.461324214935303,3.60110855102539,3.550295036650133,-50.81351437525727
1113.3242519985117,0.454485833644867,3.60110855102539,3.5503773403778047,-50.731210647585456
1114.3343409546017,0.450166881084442,3.60110855102539,3.5504840672501943,-50.624483775195905
1115.3482399885918,0.446927636861801,3.60094666481018,3.5506078565350316,-50.33880827514858
1116.3622586404917,0.44296857714653,3.60110855102539,3.550723159609926,-50.38539141546438
1117.3764620277318,0.439369440078735,3.60094666481018,3.5508418758350406,-50.10478897513959
1118.3902651550718,0.4325310587883,3.60094666481018,3.550912012305505,-50.034652504675314
1119.4042586801318,0.429651737213135,3.60094666481018,3.5510332634378283,-49.9134013723519
1120.4195209335317,0.42677241563797,3.60094666481018,3.5511566331303963,-49.79003167978391
1121.4322064474518,0.423893094062805,3.60094666481018,3.5512839359938613,-49.662728816318946
1122.4461879399416,0.422453433275223,3.60094666481018,3.55143129842839,-49.515366381790216
1123.4601761565218,0.418134480714798,3.60110855102539,3.551540468929082,-49.56808209630825
1124.4743452155417,0.412015914916992,3.60110855102539,3.551618302568585,-49.49024845680539
1125.4881341869118,0.408416777849197,3.60094666481018,3.551726190999159,-49.22047381102112
1126.5021117865117,0.404457718133926,3.60078477859497,3.551825986385799,-48.95879220917099
1127.5173910270717,0.400858581066132,3.60094666481018,3.5519324452648804,-49.01421954529983
1128.5300899891618,0.396899521350861,3.60110855102539,3.5520337488791935,-49.07480214619664
1129.5440732511518,0.394740015268326,3.60094666481018,3.552158602678033,-48.78806213214703
1130.5580579287316,0.393300354480743,3.60094666481018,3.552294888813097,-48.651775997083035
1131.5720312815417,0.388261556625366,3.60094666481018,3.552386122377487,-48.56054243269314
1132.5862360843817,0.384302496910095,3.60094666481018,3.552483266065984,-48.463398744196255
1133.5999786949617,0.3807033598423,3.60094666481018,3.5525844682941674,-48.362196516012816
1134.6153241146617,0.377464115619659,3.60094666481018,3.5526889775228723,-48.257687287307945
1135.6279222155017,0.372785240411758,3.60094666481018,3.5527714323475754,-48.1752324626048
1136.6419567928617,0.368466258049011,3.60110855102539,3.5528542833348973,-48.2542676904929
1137.6559067883318,0.365227043628693,3.60094666481018,3.552953669869536,-47.99299494064435
1138.6699187161416,0.364867120981216,3.60110855102539,3.553092841361435,-48.01570966395508
1139.6838793285917,0.357308924198151,3.60094666481018,3.5531320274915257,-47.81463731865454
1140.6978640061716,0.355509340763092,3.60094666481018,3.5532427412370327,-47.70392357314756
1141.7131145809017,0.352630019187927,3.60110855102539,3.5533439639140356,-47.76458711135456
1142.7258464556016,0.351550281047821,3.60094666481018,3.5534713284749433,-47.47533633523693
1143.7398403345617,0.349030882120132,3.60094666481018,3.553581884385925,-47.3647804242554
1144.7538182880717,0.346151560544968,3.60110855102539,3.5536847414823165,-47.42380954307368
1145.7677757154217,0.341472685337067,3.6012704372406,3.553760361532949,-47.5100757076512
1146.7817904744318,0.338593363761902,3.60094666481018,3.553856179482696,-47.090485327484274
1147.7957171125518,0.336793780326843,3.60094666481018,3.553967274569286,-46.97939024089415
1148.8110462528916,0.333554565906525,3.60110855102539,3.5540606985154297,-47.047852509960464
1149.8237133640516,0.329955399036407,3.60110855102539,3.554147299198236,-46.96125182715427
1150.8377259996716,0.330315321683884,3.60110855102539,3.5542884637477905,-46.820087277599676
1151.8516586540818,0.328875660896301,3.60110855102539,3.554409960633909,-46.69859039148116
1152.8656833222717,0.3241967856884,3.60110855102539,3.5544846248189654,-46.62392620642475
1153.8796626913618,0.319157958030701,3.60094666481018,3.5545446679403367,-46.40199686984347
1154.8936346285816,0.317718297243118,3.60094666481018,3.5546525102374185,-46.294154572761755
1155.9093049276717,0.315558820962906,3.60094666481018,3.5547533687033153,-46.193296106864956
1156.9220534356316,0.311239838600159,3.60094666481018,3.554824671769988,-46.12199304019215
1157.9297503875616,0.309800177812576,3.60094666481018,3.554930371006543,-46.016293803637254
1158.9339455077218,0.308360546827316,3.60110855102539,3.5550372799791137,-46.07127104627651
1159.9492438588318,0.30152216553688,3.60094666481018,3.5550710180311635,-45.87564677901668
1160.9619661782617,0.299002766609192,3.60094666481018,3.5551514840179808,-45.79518079219946
1161.9759098035518,0.298642843961716,3.60094666481018,3.555269389022285,-45.677275787895155
1162.9899281015516,0.299722582101822,3.60094666481018,3.555414607529288,-45.53205728089216
1164.0038646488517,0.297563105821609,3.60110855102539,3.555519202526371,-45.58934849901908
1165.0178815312518,0.292884200811386,3.60094666481018,3.5555822290414993,-45.36443576868088
1166.0320534214718,0.290004879236221,3.60094666481018,3.55566332475818,-45.2833400520003
1167.0466489289317,0.288925141096115,3.60110855102539,3.55577073361206,-45.33781741333031
1168.0598302555218,0.288925141096115,3.60094666481018,3.5558966964427365,-45.04996836744368
1169.0738216571917,0.283526420593262,3.60094666481018,3.555947257025786,-44.99940778439404
1170.0877989028918,0.280287206172943,3.60110855102539,3.5560184038501377,-45.090147175252504
1171.1017849960717,0.280287206172943,3.60094666481018,3.5561369870195736,-44.80967779060663
1172.1157735665417,0.279207468032837,3.60094666481018,3.5562447777474517,-44.70188706272849
1173.1297547051317,0.276688039302826,3.60094666481018,3.5563333966395536,-44.61326817062661
1174.1449939550916,0.271649241447449,3.60110855102539,3.5563828532426442,-44.72569778274593
1175.1577145050317,0.270929425954819,3.60094666481018,3.556483065542576,-44.46359926760435
1176.1717041372017,0.26912984251976,3.60110855102539,3.5565757828781215,-44.5327681472687
1177.1858806281016,0.266610443592072,3.60094666481018,3.5566574058012517,-44.28925900892855
1178.1996586286018,0.264450967311859,3.60094666481018,3.5567378300100385,-44.2088348001417
1179.2136992222518,0.25941213965416,3.60094666481018,3.5567848792203898,-44.16178558979045
1180.2278251055816,0.260491907596588,3.60094666481018,3.5569037876627787,-44.04287714740151
1181.2429058087316,0.259772062301636,3.60094666481018,3.557011899365613,-43.934765444567425
1182.2555899070517,0.255093187093735,3.60094666481018,3.5570613409101655,-43.88532390001476
1183.2696032504716,0.255813002586365,3.60110855102539,3.557181147994836,-43.927403030554316
1184.2835532459417,0.255093187093735,3.60110855102539,3.5572878219802475,-43.82072904514267
1185.2975588035717,0.250054389238358,3.60110855102539,3.5573297212426325,-43.77882978275771
1186.3116500047918,0.247534975409508,3.60094666481018,3.557399750062847,-43.546914747333076
1187.3255157722717,0.246815145015717,3.60094666481018,3.5574951808657445,-43.451483944435765
1188.3408137694817,0.243215993046761,3.60078477859497,3.557551943733781,-43.232834861188785
1189.3534168249016,0.241776347160339,3.60094666481018,3.5576348784800484,-43.311786330131774
1190.3674563568518,0.241416424512863,3.60094666481018,3.5577357043600224,-43.21096045015782
1191.3945816626217,0.239616855978966,3.60078477859497,3.557820692512414,-42.96408608255575
1192.3954257120217,0.237817287445068,3.60094666481018,3.557901753577786,-43.04491123239407
1193.4094259611618,0.237097457051277,3.60078477859497,3.557996283313676,-42.788495281294026
1194.4233925898916,0.233858212828636,3.60078477859497,3.5580594740658835,-42.725304529086294
1195.4387907405617,0.232418566942215,3.60094666481018,3.558140915503258,-42.805749306922266
1196.4513761010317,0.230978906154633,3.60094666481018,3.5582242905154526,-42.72237429472759
1197.4653565318217,0.22953924536705,3.60094666481018,3.558307842415301,-42.63882239487904
1198.4793213910516,0.226659923791885,3.60094666481018,3.558370691290795,-42.57597351938536
1199.4933103154317,0.226659923791885,3.60094666481018,3.558470920584899,-42.475744225281
1200.5072992398018,0.225580185651779,3.60110855102539,3.5585600810041056,-42.54847002128459
1201.5211901341218,0.221981033682823,3.60094666481018,3.5586110216017595,-42.33564320842076
1202.5360719459718,0.221621125936508,3.60094666481018,3.558704417149387,-42.2422476607931
1203.5492699058118,0.218741804361343,3.60094666481018,3.5587634263571695,-42.18323845301075
1204.5632584762816,0.21910172700882,3.60094666481018,3.5588679700606307,-42.078694749549506
1205.5772311213018,0.216582328081131,3.60078477859497,3.558933254282431,-41.85152431253903
1206.5912044741117,0.214422836899757,3.60094666481018,3.5589999051247005,-41.94675968547968
1207.6051916289916,0.214062914252281,3.60094666481018,3.5590923220753288,-41.85434273485144
1208.6191628584018,0.214422836899757,3.60094666481018,3.5591981150452883,-41.74854976489195
1209.6345882593016,0.212263345718384,3.60094666481018,3.5592700177518437,-41.67664705833651
1210.6471311518717,0.209384024143219,3.60094666481018,3.559327131933141,-41.619532877039234
1211.6611218457417,0.209024116396904,3.60078477859497,3.559415706546255,-41.36907204871498
1212.6751058155317,0.206504717469215,3.60094666481018,3.55947649654601,-41.47016826417005
1213.6890929704116,0.203265488147736,3.60094666481018,3.5595220919038075,-41.42457290637269
1214.7030574757416,0.202545657753944,3.60094666481018,3.5596005346098143,-41.34613020036593
1215.7170853290218,0.203265488147736,3.60078477859497,3.5597047906154975,-41.07998797947232
1216.7324675542218,0.202545657753944,3.60094666481018,3.55979297706172,-41.1536877484604
1217.7450228332616,0.200386166572571,3.60094666481018,3.5598597026424246,-41.086962167755644
1218.7590252058017,0.199306428432465,3.60094666481018,3.559936476463763,-41.010188346417124
1219.7729921884318,0.1964271068573,3.60110855102539,3.5599880140749303,-41.12053695045992
1220.7869588171618,0.192468047142029,3.60094666481018,3.5600190663179774,-40.92759849220285
1221.8009739300717,0.192468047142029,3.60094666481018,3.560100564725806,-40.846100084374285
1222.8149543608617,0.192108124494553,3.60110855102539,3.5601824206775845,-40.92613034780568
1223.8302746537217,0.187069326639175,3.60094666481018,3.560198853557386,-40.747811252794364
1224.8429077905716,0.185989588499069,3.60110855102539,3.560261016886231,-40.84753413915898
1225.8569048546217,0.186349496245384,3.60078477859497,3.5603496713296647,-40.43510726530508
1226.8708654670618,0.185989588499069,3.60094666481018,3.560433544295243,-40.513120514937384
1227.8848586382317,0.18670941889286,3.60094666481018,3.5605334101875883,-40.413254622591936
1228.8988489782016,0.18670941889286,3.60094666481018,3.5606277670075883,-40.318897802591906
1229.9131914477916,0.185629665851593,3.60110855102539,3.5607029264063965,-40.40562461899366
1230.9281790754817,0.180950775742531,3.60094666481018,3.560725475141778,-40.22118966840216
1231.9407881471916,0.180590867996216,3.60078477859497,3.5608006169982835,-39.98416159668628
1232.9547657467917,0.179511114954948,3.60094666481018,3.5608695039877563,-40.07716082242396
1233.9687776746016,0.177711546421051,3.60094666481018,3.5609302724230267,-40.01639238715349
1234.9826621987418,0.178431376814842,3.60094666481018,3.5610238844312976,-39.922780378882635
1235.9967176561418,0.18023094534874,3.60078477859497,3.5611384543519953,-39.64632424297454
1237.0107161357917,0.176271885633469,3.60078477859497,3.561176076228029,-39.60870236694092
1238.0261146403616,0.174832239747047,3.60094666481018,3.561236846154643,-39.709818655537354
1239.0386670882117,0.172312825918198,3.60094666481018,3.561282413741963,-39.66425106821703
1240.0526584898716,0.172312825918198,3.60094666481018,3.561362000452293,-39.58466435788743
1241.0666343199816,0.1705132573843,3.60094666481018,3.5614179369440193,-39.52872786616091
1242.0806175819716,0.168713688850403,3.60094666481018,3.5614698511390444,-39.47681367113587
1243.0946086297317,0.165114536881447,3.60078477859497,3.561496043156548,-39.28873543842171
1244.1085986158016,0.169073596596718,3.60094666481018,3.561625899738117,-39.320765072063054
1245.1239429738016,0.164394706487656,3.60078477859497,3.561644633744706,-39.14014485026396
1246.1365573540018,0.161515399813652,3.60078477859497,3.5616742265945174,-39.11055200045244
1247.1505342458017,0.159715816378593,3.60094666481018,3.561717994603938,-39.2286702062421
1248.1645157382916,0.163674876093864,3.60094666481018,3.5618495405595714,-39.09712425060885
1249.1785064321616,0.163674876093864,3.60078477859497,3.5619362642667847,-38.848514328185146
1250.1924755381817,0.161515399813652,3.60094666481018,3.5619895506878367,-38.957114122343484
1251.2064687093516,0.158995985984802,3.60094666481018,3.5620308355264707,-38.91582928370951
1252.2218297006018,0.158276170492172,3.60094666481018,3.5620954427822773,-38.85122202790292
1253.2346040432017,0.157916247844696,3.60094666481018,3.5621664021411323,-38.780262669047886
1254.2484273427917,0.157196417450905,3.60094666481018,3.562232763610912,-38.71390119926809
1255.2624010495017,0.154677018523216,3.60078477859497,3.562275882778877,-38.508895816092625
1256.2763531683618,0.157556340098381,3.60078477859497,3.5623896010858163,-38.395177509153555
1257.2903696968717,0.15683650970459,3.60094666481018,3.5624644897498183,-38.48217506036189
1258.3043653453217,0.155036926269531,3.60094666481018,3.5625182372501336,-38.42842756004661
1259.3198717891216,0.151797696948051,3.60094666481018,3.562547599011252,-38.399065798928156
1260.3323162977417,0.15107786655426,3.60094666481018,3.562605920116655,-38.34074469352533
1261.3463151312917,0.149998128414154,3.60078477859497,3.562662716156744,-38.12206243822569
1262.3602881302018,0.149278298020363,3.60094666481018,3.562723981923236,-38.222682886944085
1263.3742568823218,0.14783863723278,3.60094666481018,3.5627748384684184,-38.17182634176186
1264.3882610243618,0.148558467626572,3.60094666481018,3.562858174069875,-38.0884907403054
1265.4021894319817,0.148198559880257,3.60094666481018,3.562929229568262,-38.01743524191803
1266.4175196340118,0.147118806838989,3.60094666481018,3.5629891890254113,-37.95747578476893
1267.4302009011417,0.145679160952568,3.60078477859497,3.5630425552444587,-37.74222335051114
1268.4441707149617,0.146039068698883,3.60094666481018,3.5631201492916884,-37.82651551849181
1269.4581706102117,0.146039068698883,3.60094666481018,3.563195707431002,-37.750957379178104
1270.4721429013216,0.142439916729927,3.60094666481018,3.5632170936725487,-37.72957113763154
1271.4861286406117,0.139560610055923,3.60094666481018,3.563242352648225,-37.70431216195513
1272.5001260585616,0.141720086336136,3.60078477859497,3.5633348967302285,-37.4498818647413
1273.5154173316917,0.140280440449715,3.60094666481018,3.5633879393341377,-37.558725476042554
1274.5280805499617,0.140280440449715,3.60094666481018,3.5634568769168133,-37.48978789336688
1275.5420634580516,0.138120949268341,3.60062289237976,3.5634974654104106,-37.125426969349284
1276.5560541519217,0.138480857014656,3.60078477859497,3.563569614829397,-37.21516376557288
1277.5700547549618,0.137041211128235,3.60094666481018,3.563618569821074,-37.32809498910639
1278.5840128901118,0.13416188955307,3.60110855102539,3.563642739047787,-37.46581197760301
1279.5980145548517,0.132002398371696,3.60094666481018,3.563674602893354,-37.27206191682608
1280.6132789316516,0.136681288480759,3.60094666481018,3.563804492233152,-37.142172577028006
1281.6259633838717,0.133442059159279,3.60094666481018,3.563831830332289,-37.1148344778911
1282.6399551394418,0.129842907190323,3.60078477859497,3.563842716469823,-36.94206212514661
1283.6539451255117,0.128043338656425,3.60094666481018,3.5638750831208115,-37.07158168936875
1284.6679184783218,0.131642490625381,3.60094666481018,3.563984806147928,-36.96185866225221
1285.6819006786118,0.131282567977905,3.60094666481018,3.564051287051652,-36.895377758528355
1286.6958789860116,0.129482999444008,3.60078477859497,3.5640942726521243,-36.690505942845505
1287.7111716747418,0.128763169050217,3.60094666481018,3.5641484201823364,-36.79824462784387
1288.7238663900316,0.128043338656425,3.60094666481018,3.5642032029280912,-36.743461882088994
1289.7378277102816,0.128043338656425,3.60078477859497,3.564267495453817,-36.51728314115266
1290.7518046020816,0.127323508262634,3.60094666481018,3.564321997409134,-36.624667401046196
1291.7658059129217,0.125523939728737,3.60078477859497,3.5643611713046757,-36.42360729029414
1292.7797902366117,0.127323508262634,3.60094666481018,3.5644519049342147,-36.494759875965514
1293.7937929630416,0.127323508262634,3.60094666481018,3.564520646881831,-36.4260179283491
1294.8090686646117,0.123724363744259,3.60094666481018,3.564535370324428,-36.41129448575242
1295.8217106489417,0.121564880013466,3.60094666481018,3.5645610700783994,-36.38559473178083
1296.8357154987716,0.121564880013466,3.60078477859497,3.5646178253121072,-36.166953282862565
1297.8497153940216,0.12120496481657,3.60094666481018,3.564672117879701,-36.27454693047927
1298.8636816688518,0.120125219225883,3.60094666481018,3.5647172101139377,-36.2294546962425
1299.8776667003317,0.118685558438301,3.60078477859497,3.5647562437428686,-36.028534852101224
1300.8916492545218,0.12120496481657,3.60094666481018,3.5648518874823303,-36.09477732784994
1301.9088020370216,0.120125219225883,3.60078477859497,3.5649039698186282,-35.88080877634159
1302.9199848952817,0.119405388832092,3.60094666481018,3.5649561311574476,-35.99053365273264
1303.9336188588318,0.118325650691986,3.60094666481018,3.565002042106665,-35.94462270351517
1304.9475784095816,0.117605820298195,3.60078477859497,3.5650523363612847,-35.732442233685106
1305.9615545935817,0.118325650691986,3.60094666481018,3.5651240120588894,-35.82265275129082
1306.9755421023617,0.118325650691986,3.60078477859497,3.5651878234374426,-35.596955157527255
1307.9895317345317,0.115806244313717,3.60078477859497,3.565215908751789,-35.568869843180636
1309.0047975269317,0.116885989904404,3.60078477859497,3.565289076829403,-35.4957017655666
1310.0177116596817,0.11472649872303,3.60078477859497,3.56531925900006,-35.46551959490962
1311.0314747964117,0.114006675779819,3.60078477859497,3.565366953299862,-35.41782529510762
1312.0454584123017,0.114366583526134,3.60110855102539,3.5654307207716833,-35.67783025370686
1313.0594795414918,0.112567014992237,3.60078477859497,3.5654636268560203,-35.32115173894957
1314.0734256440717,0.112207099795341,3.60094666481018,3.565514086444953,-35.4325783652274
1315.0874071365618,0.111127354204655,3.60094666481018,3.565556539910244,-35.390124899936204
1316.1026973480016,0.111847184598446,3.60078477859497,3.565624024965927,-35.16075362904303
1317.1153828619117,0.112926930189133,3.60094666481018,3.565698723194153,-35.247941616027404
1318.1293654161018,0.110047616064548,3.60094666481018,3.565718632218476,-35.228032591704036
1319.1435008547116,0.105368725955486,3.60078477859497,3.56570316304953,-35.081615545439874
1320.1573298166818,0.104288980364799,3.60094666481018,3.5657315199762256,-35.215144833954604
1321.1713187410617,0.109687700867653,3.60094666481018,3.565859004027144,-35.087660783036156
1322.1853037725416,0.10824804008007,3.60094666481018,3.5659036466431235,-35.04301816705669
1323.2005433764018,0.107168294489384,3.60078477859497,3.5659465633046956,-34.8382152902742
1324.2132770206017,0.106088548898697,3.60078477859497,3.5659872180174457,-34.797560577524145
1325.2272132140017,0.106808379292488,3.60078477859497,3.5660505480221896,-34.73423057278025
1326.2412191255316,0.103929065167904,3.60078477859497,3.5660650822778712,-34.719696317098595
1327.2551896471516,0.103209234774113,3.60094666481018,3.566103421441134,-34.843243369046206
1328.2691810488218,0.102129489183426,3.60094666481018,3.566139937730708,-34.806727079472296
1329.2831611257118,0.105368725955486,3.60094666481018,3.566239255333819,-34.707409476361306
1330.2984368272816,0.104648895561695,3.60094666481018,3.5662913586995373,-34.65530611064294
1331.3112030302018,0.103929065167904,3.60094666481018,3.566338380329685,-34.60828448049513
1332.3133862338716,0.103929065167904,3.60094666481018,3.5663951837821646,-34.551481028015644
1333.3234996089916,0.104288980364799,3.60110855102539,3.5664559107854266,-34.65264023996362
1334.3387784956517,0.0992501750588417,3.60078477859497,3.5664408187174255,-34.34395987754435
1335.3514541003917,0.0999700054526329,3.60094666481018,3.566494301568031,-34.452363242149175
1336.3654677977017,0.100329920649529,3.60094666481018,3.566552428991503,-34.39423581867729
1337.3794376115218,0.102129489183426,3.60078477859497,3.566634744209768,-34.1500343852017
1338.3934215813117,0.102129489183426,3.60094666481018,3.566692438289092,-34.25422652108834
1339.4074246616517,0.0981704294681549,3.60094666481018,3.566689957504757,-34.256707305423184
1340.4213845662916,0.0938514545559883,3.60094666481018,3.5666696288561353,-34.27703595404496
1341.4366270013418,0.0981704294681549,3.60078477859497,3.5667726174245313,-34.01216117043848
1342.4493691391217,0.0967307761311531,3.60110855102539,3.566808874985149,-34.29967604024098
1343.4633407224417,0.0963708609342575,3.60078477859497,3.566852985137574,-33.93179345739572
1344.4773193837416,0.0952911153435707,3.60094666481018,3.5668875915181157,-34.05907329206448
1345.4912442523716,0.0945712849497795,3.60094666481018,3.5669252827767903,-34.02138203338989
1346.5052583035817,0.0952911153435707,3.60078477859497,3.566983176468522,-33.80160212644778
1347.5192429811616,0.0938514545559883,3.60078477859497,3.567013167407803,-33.77161118716687
1348.5345484102618,0.0909721404314041,3.60094666481018,3.5670180799141735,-33.9285848960067
1349.5472307390917,0.0934915393590927,3.60094666481018,3.5670981258054715,-33.84853900470874
1350.5612221407516,0.0934915393590927,3.60094666481018,3.567151602818516,-33.79506199166427
1351.5752071722418,0.0934915393590927,3.60094666481018,3.567203811623723,-33.7428531864572
1352.5891932654217,0.0927717164158821,3.60094666481018,3.567245974925307,-33.70068988487329
1353.6031797125017,0.0942113697528839,3.60094666481018,3.5673170461916777,-33.629618618502555
1354.6171686368716,0.0931316316127777,3.60110855102539,3.5673552867308103,-33.75326429457992
1355.6324064712317,0.0902523100376129,3.60094666481018,3.5673632792656327,-33.58338554454754
1356.6451298523616,0.0880928263068199,3.60078477859497,3.5673766970654963,-33.4080815294735
1357.6591070980617,0.0920518860220909,3.60094666481018,3.567475562577593,-33.47110223258731
1358.6731013309218,0.0916919708251953,3.60078477859497,3.5675268955160893,-33.25788307888055
1359.6870651284516,0.0906122252345085,3.60078477859497,3.567563399116843,-33.22137947812686
1360.7012547136317,0.0898923948407173,3.60094666481018,3.5675997798066685,-33.34688500351169
1361.7150627955516,0.0880928263068199,3.60094666481018,3.5676204172682344,-33.3262475419458
1362.7303105390918,0.0870130807161331,3.60094666481018,3.5676478343379427,-33.29883047223747
1363.7430126862716,0.0859333351254463,3.60078477859497,3.5676771228749025,-33.107655720067356
1364.7570012567417,0.0877329111099243,3.60078477859497,3.5677442195237234,-33.04055907124636
1365.7709650542818,0.0844936817884445,3.60078477859497,3.567744778268792,-33.04000032617793
1366.7849706119116,0.0823341906070709,3.60078477859497,3.567752301194751,-33.032477400218866
1367.7989414874316,0.0826941058039665,3.60078477859497,3.5677922108596594,-32.99256773531045
1368.8129435060716,0.0819742754101753,3.60094666481018,3.567827151722545,-33.11951308763517
1369.8281753241517,0.0866531655192375,3.60094666481018,3.5679359901353545,-33.010674674825765
1370.8408912733917,0.0848535969853401,3.60094666481018,3.5679656922264904,-32.98097258368982
1371.8549070940917,0.0852135047316551,3.60094666481018,3.56801751242447,-32.92915238571004
1372.8688708916318,0.0841337665915489,3.60094666481018,3.5680510473745284,-32.895617435651836
1373.8828346891717,0.0837738513946533,3.60078477859497,3.5680910565433592,-32.693722051610585
1374.8968370617117,0.0834139361977577,3.60078477859497,3.5681302498247107,-32.65452877025909
1375.9111837780918,0.0823341906070709,3.60094666481018,3.568158616495857,-32.78804831432325
1376.9260836387916,0.0808945298194885,3.60078477859497,3.568181484795771,-32.60329379919868
1377.9387702144118,0.0837738513946533,3.60094666481018,3.568265111459137,-32.68155335104339
1378.9527421516218,0.0812544450163841,3.60094666481018,3.5682788969783443,-32.66776783183589
1379.9667282448017,0.0816143602132797,3.60078477859497,3.5683266814912926,-32.4580971036772
1380.9807359258316,0.0816143602132797,3.60094666481018,3.5683712705681847,-32.57539424199551
1381.9947174183217,0.0805346220731735,3.60094666481018,3.5684007360049894,-32.545928805190805
1383.0087109433816,0.0805346220731735,3.60094666481018,3.5684438826012763,-32.5027822089039
1384.0239636415117,0.0801747068762779,3.60078477859497,3.568481556154236,-32.303222440734025
1385.0368579559117,0.0776553004980087,3.60094666481018,3.568486427262735,-32.4602375474452
1386.0506235699418,0.0801747068762779,3.60078477859497,3.568563305010966,-32.221473584003846
1387.0646330204618,0.0808945298194885,3.60094666481018,3.56862399661513,-32.32266819505014
1388.0786063732717,0.0808945298194885,3.60094666481018,3.568671765542443,-32.2748992677373
1389.0925974210418,0.0794548764824867,3.60078477859497,3.5686984349706106,-32.086343624359245
1390.1065859915118,0.0790949612855911,3.60078477859497,3.5687348315796767,-32.04994701529307
1391.1218457676216,0.0769354701042175,3.60094666481018,3.568745234297583,-32.20143051259727
1392.1347365430317,0.0762156471610069,3.60062289237976,3.568773724358273,-31.84916802148674
1393.1485350696817,0.0765755623579025,3.60094666481018,3.5688180716378692,-32.128593172310985
1394.1625116075818,0.0769354701042175,3.60094666481018,3.5688658064205505,-32.08085838962971
1395.1764849603917,0.0772953853011131,3.60078477859497,3.5689146420985516,-31.870136496418233
1396.1904717613718,0.0772953853011131,3.60110855102539,3.5689610121042707,-32.147538921119434
1397.2044755495117,0.0783751308917999,3.60094666481018,3.5690198417734305,-31.926823036749763
1398.2197165689718,0.0747759863734245,3.60094666481018,3.5690131051548666,-31.933559655313637
1399.2324180083417,0.0729764103889465,3.60094666481018,3.5690226320559124,-31.924032754267806
1400.2464164879916,0.0736962407827377,3.60094666481018,3.569067169920499,-31.879494889681226
1401.2604004577818,0.0747759863734245,3.60078477859497,3.569121097008568,-31.66368158640198
1402.2743805346718,0.0733363255858421,3.60110855102539,3.5691407550844603,-31.96779594092991
1403.2883715824416,0.0693772658705711,3.60078477859497,3.569118400523737,-31.66637807123296
1404.3023796173718,0.0682975202798843,3.60078477859497,3.5691310734924566,-31.653705102513197
1405.3177696283517,0.0711768418550491,3.60078477859497,3.5692051710578485,-31.5796075371213
1406.3303181833116,0.0736962407827377,3.60094666481018,3.5692848519643396,-31.661812845840576
1407.3442996758017,0.0718966722488403,3.60078477859497,3.5693058077544912,-31.47897084047857
1408.3582786910017,0.0726164951920509,3.60078477859497,3.569356839486527,-31.42793910844288
1409.3722598295917,0.0729764103889465,3.60094666481018,3.569405022954398,-31.54164185578212
1410.3862395525916,0.0718966722488403,3.60078477859497,3.569430592274605,-31.354186320364796
1411.4001789310917,0.0697371810674667,3.60094666481018,3.5694385345806974,-31.508130229482845
1412.4149269690718,0.0693772658705711,3.60094666481018,3.5694684293209544,-31.478235489225792
1413.4282098647018,0.0711768418550491,3.60094666481018,3.5695324281433742,-31.414236666805984
1414.4421818019216,0.0722565874457359,3.60094666481018,3.569592748277602,-31.35391653257802
1415.4561884212417,0.0722565874457359,3.60078477859497,3.569637889055937,-31.146889539032774
1416.4701419557116,0.0697371810674667,3.60078477859497,3.5696436516792116,-31.14112691575821
1417.4841347729716,0.0693772658705711,3.60094666481018,3.5696739879654737,-31.27267684470647
1418.4981084796816,0.0682975202798843,3.60094666481018,3.5696942839315646,-31.252380878615593
1419.5134446980016,0.0682975202798843,3.60078477859497,3.5697292913314924,-31.0554872634774
1420.5260686334716,0.0679376125335693,3.60110855102539,3.5697612033739428,-31.34734765144742
1421.5400791456916,0.0679376125335693,3.60078477859497,3.5697959532451184,-30.988825349851368
1422.5540457744216,0.0654182061553001,3.60078477859497,3.5697950522027497,-30.989726392220085
1423.5680389455817,0.0639785528182983,3.60078477859497,3.5698026073633655,-30.982171231604294
1424.5820115906017,0.0632587224245071,3.60078477859497,3.5698201195792603,-30.96465901570955
1425.5959888363018,0.0679376125335693,3.60094666481018,3.5699224481920466,-31.024216618133593
1426.6112762165417,0.0668578669428825,3.60078477859497,3.569953637656026,-30.83114093894368
1427.6239794254118,0.0690173506736755,3.60078477859497,3.5700256510207176,-30.759127574252254
1428.6379757816717,0.0682975202798843,3.60094666481018,3.570060968590438,-30.885696219742353
1429.6519240076418,0.0661380365490913,3.60094666481018,3.5700678046550047,-30.87886015517549
1430.6659203639017,0.0650582909584045,3.60094666481018,3.5700859789054644,-30.8606859047158
1431.6798915933116,0.0643384605646133,3.60094666481018,3.5701075095900316,-30.839155220148573
1432.6938967970516,0.0625388920307159,3.60078477859497,3.5701133080855905,-30.67147050937935
1433.7091671901317,0.0650582909584045,3.60094666481018,3.5701823253847875,-30.764339425392695
1434.7218367785918,0.0661380365490913,3.60094666481018,3.570239458362316,-30.707206447864177
1435.7358225178716,0.0668578669428825,3.60078477859497,3.570290780006225,-30.49399858874491
1436.7498503711417,0.0654182061553001,3.60094666481018,3.5703133926477815,-30.63327216239875
1437.7637985971216,0.0654182061553001,3.60078477859497,3.570350253278488,-30.434525316481942
1438.7777829208017,0.0650582909584045,3.60094666481018,3.570380524893653,-30.566139916527124
1439.7917704295817,0.0628988072276115,3.60110855102539,3.570385578101835,-30.72297292355497
1440.8070422382616,0.0621789768338203,3.60078477859497,3.5704059823433383,-30.378796251631535
1441.8197337684617,0.0618190616369247,3.60094666481018,3.570432601710082,-30.514063100098188
1442.8337304786216,0.0632587224245071,3.60094666481018,3.57048764202992,-30.45902278026036
1443.8476733961018,0.0632587224245071,3.60078477859497,3.570526239715036,-30.258538879933905
1444.8616708140617,0.0625388920307159,3.60062289237976,3.570552550251104,-30.07034212865589
1445.8698147405817,0.0625388920307159,3.60094666481018,3.5705880116648236,-30.358653145356573
1446.8752495693518,0.0628988072276115,3.60094666481018,3.570628861772726,-30.317803037454016
1447.8893283841016,0.0603794045746326,3.60078477859497,3.5706271361194997,-30.157642475470148
1448.9031987522717,0.0582199171185493,3.60094666481018,3.5706232024744606,-30.323462335719586
1449.9175571473218,0.0636186376214027,3.60078477859497,3.570732263548627,-30.052515046342876
1450.9312222540018,0.0621789768338203,3.60094666481018,3.570755301647724,-30.19136316245641
1451.9453453061417,0.0578600019216537,3.60110855102539,3.570726255381894,-30.38229564349626
1452.9591615277418,0.056060429662466,3.60078477859497,3.5707214214040617,-30.063357190908135
1453.9731005523417,0.0607393197715282,3.60094666481018,3.5708169051837895,-30.12975962639075
1454.9872016627316,0.0610992312431335,3.60094666481018,3.570864256318791,-30.082408491389323
1456.0010539820516,0.0592996589839458,3.60094666481018,3.5708745014511103,-30.072163359069926
1457.0150825431217,0.0589397437870502,3.60094666481018,3.5709002738283293,-30.046390981850912
1458.0290707597017,0.0578600019216537,3.60078477859497,3.570918230824244,-29.866547770725838
1459.0432345102317,0.0589397437870502,3.60078477859497,3.570963857084853,-29.820921510116616
1460.0569990625718,0.0582199171185493,3.60094666481018,3.5709875363921753,-29.959128418004966
1461.0710152371717,0.0575000867247581,3.60078477859497,3.571010361836854,-29.774416758115763
1462.0849949601718,0.0596595741808414,3.60094666481018,3.571074133040054,-29.872531770126276
1463.0989870696317,0.0603794045746326,3.60094666481018,3.5711235496324583,-29.82311517772196
1464.1117461945717,0.0585798323154449,3.60078477859497,3.571135581755477,-29.649196839492742
1465.1257393657318,0.0578600019216537,3.60078477859497,3.571158750459891,-29.62602813507864
1466.1397024554717,0.0585798323154449,3.60078477859497,3.5712005628395462,-29.584215755423582
1467.1549112701016,0.0571401715278625,3.60094666481018,3.5712133768940992,-29.733287916080986
1468.1676495149918,0.0567802563309669,3.60094666481018,3.571236782090932,-29.70988271924835
1469.1828901805518,0.0553405992686749,3.60078477859497,3.571245237071444,-29.53954152352578
1470.1968320363417,0.0553405992686749,3.60094666481018,3.571275424116719,-29.671240693461165
1471.2108531655317,0.0571401715278625,3.60094666481018,3.5713304192252924,-29.616245584887846
1472.2247950213216,0.0553405992686749,3.60094666481018,3.5713393504644997,-29.607314345680535
1473.2376139552116,0.0542608574032784,3.60078477859497,3.5713514617168642,-29.433316878105575
1474.2527912728217,0.0553405992686749,3.60094666481018,3.57139525266074,-29.551412149440015
1475.2667872751817,0.054620772600174,3.60078477859497,3.5714171526501697,-29.367625944800135
1476.2795492313116,0.0542608574032784,3.60094666481018,3.5714413419175757,-29.505322892604546
1477.2935505421517,0.0539009422063828,3.60078477859497,3.5714661452437086,-29.31863335126117
1478.3089780664418,0.0553405992686749,3.60094666481018,3.571518438387846,-29.428226422334003
1479.3146032929417,0.054620772600174,3.60094666481018,3.5715416328086422,-29.40503200153799
1480.3200713882218,0.054620772600174,3.60078477859497,3.571572649283583,-29.212129311386725
1481.3338681453718,0.0539009422063828,3.60078477859497,3.5715937835208598,-29.19099507411005
1482.3478170791518,0.0542608574032784,3.60094666481018,3.571628326830551,-29.318337979629128
1483.3618169743918,0.0535410270094872,3.60078477859497,3.5716510940931823,-29.13368450178755
1484.3771546083117,0.0535410270094872,3.60078477859497,3.571680790907805,-29.1039876871646
1485.3898001316218,0.0539009422063828,3.60078477859497,3.571718157136825,-29.06662145814476
1486.4037741922416,0.0553405992686749,3.60094666481018,3.5717708922720286,-29.175772538151623
1487.4177624088118,0.0542608574032784,3.60094666481018,3.571790534659893,-29.156130150287396
1488.4317485019917,0.0521013699471951,3.60078477859497,3.5717902595952578,-28.99451899971206
1489.4457006208618,0.0524612851440907,3.60094666481018,3.5718200736905805,-29.1265911195997
1490.4599075470917,0.0521013699471951,3.60078477859497,3.571845923555717,-28.938855039252864
1491.4751036213518,0.052821196615696,3.60078477859497,3.5718831053955507,-28.901673199419164
1492.4876762414517,0.0513815395534039,3.60094666481018,3.5718923547133707,-29.054310096809477
1493.5016825068817,0.0492220520973206,3.60078477859497,3.571886006906756,-28.898771688213643
1494.5156448888217,0.0535410270094872,3.60078477859497,3.5719741352446506,-28.810643350319243
1495.5296398294818,0.0499418824911118,3.60094666481018,3.5719571374925208,-28.98952731765947
1496.5436128283916,0.0459828227758408,3.60078477859497,3.57192195933713,-28.862819257839956
1497.5576198016217,0.048862136900425,3.60078477859497,3.5719771583267446,-28.807620268225254
1498.5731697750116,0.0513815395534039,3.60094666481018,3.5720451597596385,-28.901505050541676
1499.5855817249117,0.0517414547502995,3.60094666481018,3.5720871379712156,-28.859526838964644
1500.5995497692318,0.0524612851440907,3.60078477859497,3.5721307772283355,-28.65400136663432
1501.6135348007217,0.0513815395534039,3.60094666481018,3.5721504392852417,-28.796225524938546
1502.6275198322016,0.0513815395534039,3.60094666481018,3.5721810630762896,-28.765601733890644
1503.6415009707916,0.0495819672942162,3.60078477859497,3.572184172605392,-28.600605989578032
1504.6554838788818,0.0495819672942162,3.60078477859497,3.57220755231973,-28.57722627523973
1505.6708561949117,0.0477823950350285,3.60078477859497,3.5722105673924673,-28.574211202502475
1506.6834493411618,0.0513815395534039,3.60078477859497,3.572288203213648,-28.496575381321776
1507.6974368499316,0.0506617091596127,3.60078477859497,3.57231220906259,-28.472569532379755
1508.7114282516018,0.0485022217035294,3.60078477859497,3.572311093015737,-28.47368557923291
1509.7254083284918,0.0481423102319241,3.60078477859497,3.5723294699080372,-28.45530868693258
1510.7393724799317,0.0485022217035294,3.60078477859497,3.572360792711853,-28.42398588311701
1511.7533783914616,0.0481423102319241,3.60094666481018,3.572383921048297,-28.56274376188317
1512.7919006644618,0.0481423102319241,3.60094666481018,3.572407917033784,-28.53874777639609
1513.7981384903317,0.0467026494443417,3.60078477859497,3.57241991006655,-28.364868528419684
1514.8121249374117,0.0481423102319241,3.60094666481018,3.5724604617187246,-28.486203091455664
1515.8263123991817,0.0477823950350285,3.60078477859497,3.572485868552638,-28.29891004233165
1516.8400659806416,0.0470625646412373,3.60078477859497,3.5725018737131076,-28.282904881862247
1517.8540959573118,0.0456229075789452,3.60078477859497,3.572507646997156,-28.277131597813643
1518.8680491378816,0.0470625646412373,3.60078477859497,3.5725502446339594,-28.23453396101039
1519.8820702670716,0.0459828227758408,3.60094666481018,3.57256332972696,-28.383335083220107
1520.8960089377717,0.0463427342474461,3.60078477859497,3.57259234648827,-28.19243210669997
1521.9103765342018,0.0459828227758408,3.60094666481018,3.5726155726643913,-28.331092145788883
1522.9241693984618,0.0467026494443417,3.60078477859497,3.5726515493424174,-28.13322925255246
1523.9379827888718,0.0467026494443417,3.60094666481018,3.5726798524689154,-28.266812341264824
1524.9519388006217,0.0456229075789452,3.60078477859497,3.5726912752300564,-28.093503364913452
1525.9659988587216,0.0456229075789452,3.60078477859497,3.572717022740055,-28.067755854914722
1526.9799035551016,0.0463427342474461,3.60094666481018,3.5727541070568343,-28.192557753345948
1527.9939094666317,0.0452629923820496,3.60078477859497,3.5727672121011915,-28.01756649377829
1529.0078693712817,0.0452629923820496,3.60078477859497,3.572791891754311,-27.992886840658926
1530.0220462160917,0.0456229075789452,3.60078477859497,3.572823396944293,-27.961381650676742
1531.0358412037417,0.0459828227758408,3.60094666481018,3.572855654436237,-28.091010373943348
1532.0498651641317,0.0456229075789452,3.60094666481018,3.5728801071351817,-28.06655767499855
1533.0638551502018,0.0459828227758408,3.60094666481018,3.5729110970638733,-28.03556774630689
1534.0777924053018,0.0438233353197575,3.60094666481018,3.5729081556289715,-28.03850918120876
1535.0917738977917,0.0452629923820496,3.60078477859497,3.5729516397007717,-27.83313889419814
1536.1058081212516,0.0474224798381329,3.60078477859497,3.5730129831181605,-27.771795476809302
1537.1199294039018,0.0456229075789452,3.60078477859497,3.573018491103641,-27.7662874913287
1538.1337842005016,0.0427435897290707,3.60078477859497,3.573002462462478,-27.782316132491935
1539.1477041145517,0.0445431619882584,3.60094666481018,3.5730477999308223,-27.898864879357888
1540.1617217047517,0.044903077185154,3.60078477859497,3.573081039996937,-27.703738598032768
1541.1756621449417,0.0452629923820496,3.60094666481018,3.57311217586527,-27.83448894491025
1542.1896921216116,0.0438233353197575,3.60094666481018,3.5731202498828756,-27.826414927304643
1543.2036686595218,0.0441832467913628,3.60078477859497,3.5731474955264377,-27.63728306853208
1544.2178196696916,0.0423836745321751,3.60078477859497,3.573147463283351,-27.63731531161895
1545.2316550018418,0.0420237630605698,3.60078477859497,3.5731618342419718,-27.622944352998058
1546.2620446730916,0.0423836745321751,3.60078477859497,3.5731874984067575,-27.59728018821228
1547.2752189216917,0.0387845300137997,3.60094666481018,3.5731593223346616,-27.787342475518617
1548.2879585821718,0.040944017469883,3.60078477859497,3.5732030172574154,-27.58176133755441
1549.3020511989816,0.0395043604075909,3.60094666481018,3.573206294555872,-27.7403702543082
1550.3160578183117,0.040944017469883,3.60094666481018,3.5732472551892274,-27.699409620952853
1551.3299027057517,0.0438233353197575,3.60078477859497,3.5733165621310374,-27.468216463932382
1552.3439036626917,0.0427435897290707,3.60094666481018,3.5733340541390692,-27.612610671110982
1553.3578695836218,0.0427435897290707,3.60078477859497,3.573360607028267,-27.42417156670296
1554.3731509475717,0.0441832467913628,3.60078477859497,3.573408273197711,-27.376505397259
1555.3858208899317,0.0423836745321751,3.60078477859497,3.5734122195622677,-27.372559032702082
1556.3998264475617,0.0423836745321751,3.60094666481018,3.5734360734194333,-27.510591390746963
1557.4137654721617,0.0420237630605698,3.60094666481018,3.5734544804461743,-27.49218436400591
1558.4278580889818,0.0405841022729874,3.60094666481018,3.573456924165941,-27.48974064423937
1559.4417588924716,0.0445431619882584,3.60094666481018,3.5735375600694903,-27.409104740689916
1560.4557644501017,0.0438233353197575,3.60094666481018,3.573563393143862,-27.383271666318265
1561.4709994532716,0.0423836745321751,3.60094666481018,3.57356954157394,-27.37712323624031
1562.4837309740717,0.040944017469883,3.60078477859497,3.5735719741695107,-27.212804425459147
1563.4977022034916,0.0413039326667786,3.60078477859497,3.573598025742962,-27.18675285200778
1564.5117059916317,0.0402241870760918,3.60094666481018,3.573605407262878,-27.341257547302433
1565.5256648345817,0.0395043604075909,3.60078477859497,3.5736130152440206,-27.171763350949174
1566.5396668532217,0.036984957754612,3.60078477859497,3.5735940085823446,-27.190770012625265
1567.5536310046516,0.0423836745321751,3.60094666481018,3.573692577463269,-27.25408734691115
1568.5689035211317,0.0416638478636742,3.60078477859497,3.5737159417172,-27.06883687776962
1569.5815929279418,0.0402241870760918,3.60094666481018,3.5737207079445237,-27.225956865656542
1570.5956037940616,0.0387845300137997,3.60094666481018,3.5737221382055324,-27.224526604647803
1571.6095435264517,0.0395043604075909,3.60078477859497,3.5737509154240406,-27.033863170929262
1572.6235706719317,0.0395043604075909,3.60094666481018,3.573772081695834,-27.174583114346174
1573.6375344694718,0.0384246148169041,3.60078477859497,3.57377999540773,-27.004783187239756
1574.6515325952216,0.0380646996200085,3.60078477859497,3.5737963208511134,-26.988457743856387
1575.6667541502218,0.0398642756044865,3.60094666481018,3.5738434659642695,-27.103198845910725
1576.6794977035918,0.0387845300137997,3.60094666481018,3.573853435347446,-27.093229462734403
1577.6934717642016,0.0391444452106953,3.60078477859497,3.5738805213743476,-26.904257220622174
1578.7074790913316,0.0387845300137997,3.60094666481018,3.573899965578192,-27.046699231988214
1579.7302369280717,0.0395043604075909,3.60094666481018,3.5739304871921695,-27.016177618010673
1580.7354176572817,0.0377047881484032,3.60078477859497,3.5739297670595938,-26.85501153537606
1581.7493995036716,0.0377047881484032,3.60094666481018,3.573948622144918,-26.99804266526229
1582.7646713123518,0.0387845300137997,3.60078477859497,3.57398709491608,-26.797683678889683
1583.7773667354418,0.0395043604075909,3.60094666481018,3.5740230755728217,-26.92358923735849
1584.7913722930716,0.0387845300137997,3.60078477859497,3.5740388811071346,-26.74589748783518
1585.8053424607917,0.0391444452106953,3.60094666481018,3.574065954010485,-26.88071079969534
1586.8054627864917,0.0373448729515076,3.60078477859497,3.5740639298750008,-26.720848719969048
1587.8189105991116,0.0380646996200085,3.60078477859497,3.5740937201101812,-26.691058484788588
1588.8329143872518,0.0384246148169041,3.60094666481018,3.5741220752621214,-26.824589548058775
1589.8469447178218,0.0380646996200085,3.60078477859497,3.5741404113309074,-26.644367264062385
1590.8608671091617,0.0373448729515076,3.60078477859497,3.5741517735589574,-26.633005036012403
1591.8748422314618,0.0391444452106953,3.60078477859497,3.574199664274912,-26.585114320057723
1592.8888962732817,0.0391444452106953,3.60078477859497,3.574228503455909,-26.55627513906067
1593.9033565912716,0.0395043604075909,3.60094666481018,3.574259228724111,-26.687436086069383
1594.9168376704117,0.0373448729515076,3.60094666481018,3.574251977894514,-26.69468691566612
1595.9308163317116,0.0384246148169041,3.60078477859497,3.5742884566334876,-26.496321961482217
1596.9448356914118,0.0377047881484032,3.60078477859497,3.574301604685211,-26.48317390975885
1597.9588759311516,0.036984957754612,3.60094666481018,3.5743118955586946,-26.634769251485668
1598.9727229419816,0.0362651273608208,3.60078477859497,3.574322462052545,-26.462316542424702
1599.9867185904418,0.036984957754612,3.60094666481018,3.574352205364902,-26.59445944527805
1601.0009134841016,0.0373448729515076,3.60078477859497,3.5743791669434835,-26.40561165148636
1602.0146925462916,0.0366250425577164,3.60078477859497,3.574391044954247,-26.39373364072295
1603.0287388023216,0.0337457247078419,3.60078477859497,3.574368935344864,-26.41584325010582
1604.0414554593617,0.0366250425577164,3.60078477859497,3.574425524612469,-26.359253982500608
1605.0554454454316,0.0362651273608208,3.60094666481018,3.5744427735603335,-26.503891249846756
1606.0694018110917,0.0341056399047375,3.60078477859497,3.574433065849093,-26.351712745877
1607.0833999368417,0.0344655551016331,3.60078477859497,3.5744539056881033,-26.33087290686653
1608.0973934619017,0.0366250425577164,3.60078477859497,3.5745062801440803,-26.278498450889476
1609.1113692920117,0.0373448729515076,3.60094666481018,3.5745428904688934,-26.403774341286823
1610.1253532617916,0.0348254702985287,3.60094666481018,3.5745298231692098,-26.416841640970468
1611.1393365237816,0.0337457247078419,3.60078477859497,3.574533771775603,-26.25100681936665
1612.1533314644416,0.0362651273608208,3.60078477859497,3.574585642761123,-26.19913583384692
1613.1547123788016,0.0351853854954243,3.60078477859497,3.574594969469234,-26.189809125735763
1614.1656945762618,0.0348254702985287,3.60078477859497,3.5746089410982758,-26.175837496694054
1615.1796661595718,0.0341056399047375,3.60094666481018,3.574620600158094,-26.326064652086423
1616.1936501293617,0.0359052121639252,3.60094666481018,3.5746655922654993,-26.281072544680928
1617.2076277289616,0.0366250425577164,3.60078477859497,3.5747026559312545,-26.082122663715346
1618.2216095753517,0.0377047881484032,3.60078477859497,3.5747439927521705,-26.04078584279934
1619.2369415468818,0.0366250425577164,3.60078477859497,3.574754642593858,-26.030136001111703
1620.2495934403817,0.0341056399047375,3.60078477859497,3.5747402307143745,-26.044547880595292
1621.2635660854016,0.033025898039341,3.60094666481018,3.574737636325411,-26.20902848476936
1622.2775468700918,0.033025898039341,3.60094666481018,3.5747527518286453,-26.19391298153495
1623.2915301320818,0.0333858132362366,3.60094666481018,3.574777890282928,-26.168774527252303
1624.3057275030317,0.0366250425577164,3.60094666481018,3.5748439232398135,-26.10274157036674
1625.3195047957317,0.0337457247078419,3.60094666481018,3.5748294185415666,-26.11724626861367
1626.3348463225418,0.0319461524486542,3.60094666481018,3.5748190099755432,-26.12765483463697
1627.3474638878317,0.0312263239175081,3.60094666481018,3.574822399301439,-26.12426550874103
1628.3614478576117,0.0341056399047375,3.60078477859497,3.57487933769598,-25.905440898989607
1629.3754116551518,0.0348254702985287,3.60094666481018,3.5749146173994983,-26.03204741068188
1630.3894186283717,0.0333858132362366,3.60078477859497,3.574917949638835,-25.866828956135013
1631.4034011825618,0.033025898039341,3.60094666481018,3.574930041577689,-26.01662323249121
1632.4173812594618,0.0276271793991327,3.60078477859497,3.5748634002494972,-25.92137834547259
1633.4327139387917,0.0323060676455498,3.60078477859497,3.574936478451788,-25.848300143181735
1634.4455590612117,0.0305064953863621,3.60078477859497,3.574933717620312,-25.851060974657614
1635.4596300901817,0.0308664105832577,3.60094666481018,3.574954561371882,-25.992103438298386
1636.4733150152117,0.0348254702985287,3.60094666481018,3.5750328672092495,-25.91379760093071
1637.4874048008317,0.0337457247078419,3.60094666481018,3.5750474740994136,-25.89919071076663
1638.5012829547818,0.0337457247078419,3.60078477859497,3.575071269133154,-25.713509461815942
1639.5152364892417,0.0355453006923199,3.60094666481018,3.575119656888864,-25.827007921316092
1640.5292516021516,0.0341056399047375,3.60078477859497,3.5751250659485767,-25.659712646393107
1641.5432012437218,0.0323060676455498,3.60094666481018,3.575117590853712,-25.829073956468385
1642.5571951226816,0.0308664105832577,3.60078477859497,3.5751126960313977,-25.67208256357212
1643.5711759073718,0.0326659828424454,3.60094666481018,3.575154032713236,-25.792632096944157
1644.5865315901417,0.0319461524486542,3.60078477859497,3.5751642008861366,-25.620577708833192
1645.5993752969716,0.0319461524486542,3.60078477859497,3.5751829035443996,-25.60187505057021
1646.6131557747617,0.0323060676455498,3.60094666481018,3.575205383665307,-25.741281144873174
1647.6271124943116,0.0305064953863621,3.60078477859497,3.575200471868937,-25.584306726032846
1648.6411070810716,0.0319461524486542,3.60078477859497,3.575235342707274,-25.54943588769598
1649.6550641545216,0.0315862372517586,3.60078477859497,3.5752515236394493,-25.5332549555205
1650.6690774979418,0.0337457247078419,3.60094666481018,3.5753049341514296,-25.64173065875064
1651.6843970830016,0.0337457247078419,3.60094666481018,3.5753309984818378,-25.615666328342446
1652.6970627785618,0.0333858132362366,3.60094666481018,3.575349314412055,-25.59735039812505
1653.7110102967417,0.0333858132362366,3.60078477859497,3.5753706630301583,-25.414115564811546
1654.7250155004717,0.0319461524486542,3.60078477859497,3.575369907103258,-25.414871491711732
1655.7389516938817,0.0319461524486542,3.60094666481018,3.5753872544005607,-25.55941040961951
1656.7531607435017,0.0308664105832577,3.60078477859497,3.5753887426840407,-25.396035910929093
1657.7669419290917,0.0312263239175081,3.60078477859497,3.5754103078513757,-25.374470743594113
1658.7823004430618,0.0312263239175081,3.60094666481018,3.575430002863783,-25.516661946397345
1659.7951059287816,0.0323060676455498,3.60078477859497,3.575465841041756,-25.318937553213683
1660.8089285205617,0.0341056399047375,3.60078477859497,3.575517196811951,-25.267581783019022
1661.8229047045718,0.0341056399047375,3.60094666481018,3.5755425115389943,-25.404153271185947
1662.8368815963718,0.0308664105832577,3.60094666481018,3.575517237966122,-25.429426844058245
1663.8508248677617,0.0308664105832577,3.60094666481018,3.57553086796168,-25.41579684850026
1664.8648435196617,0.0319461524486542,3.60078477859497,3.575564030100127,-25.220748494843015
1665.8801425785716,0.0308664105832577,3.60078477859497,3.575567826164834,-25.216952430135997
1666.8930170746216,0.029786666855216,3.60094666481018,3.575566848543722,-25.379816266458022
1667.9071840102517,0.0283470079302788,3.60094666481018,3.575561526069619,-25.385138740561253
1668.9207730286116,0.0308664105832577,3.60078477859497,3.5756093411189265,-25.17543747604334
1669.9597256429417,0.0315862372517586,3.60078477859497,3.5756408296454807,-25.143948949489126
1670.9643564129117,0.0287069231271744,3.60094666481018,3.575621275494706,-25.325389315474123
1671.9783340125116,0.0305064953863621,3.60094666481018,3.5756602521221783,-25.286412688001914
1672.9923211673918,0.0312263239175081,3.60094666481018,3.5756910054348743,-25.25565937530594
1674.0063221243317,0.0305064953863621,3.60078477859497,3.575702754850284,-25.0820237446856
1675.0202908764618,0.0323060676455498,3.60078477859497,3.5757489404204867,-25.03583817448307
1676.0356217862916,0.0315862372517586,3.60094666481018,3.5757625633415273,-25.18410146865291
1677.0484308110017,0.029786666855216,3.60094666481018,3.575754326279908,-25.192338530272362
1678.0622392468217,0.0290668364614248,3.60062289237976,3.575757866331599,-24.865026048160654
1679.0762218010118,0.0287069231271744,3.60078477859497,3.5757681191287625,-25.016659466207347
1680.0901933843318,0.0294267516583204,3.60078477859497,3.575795424397134,-24.989354197835656
1681.1041837243017,0.033025898039341,3.60094666481018,3.575868750451436,-25.07791435874429
1682.1181369048618,0.0312263239175081,3.60078477859497,3.575867690679588,-24.91708791538194
1683.1335021429018,0.0269073490053415,3.60094666481018,3.575820242791646,-25.1264220185341
1684.1460853799817,0.0294267516583204,3.60094666481018,3.575864877096978,-25.081787713202353
1685.1601096942618,0.0290668364614248,3.60078477859497,3.5758790329112067,-24.905745683763136
1686.1740809236817,0.0276271793991327,3.60078477859497,3.5758748806320697,-24.909897962900107
1687.1880762182418,0.0294267516583204,3.60094666481018,3.5759147633017854,-25.03190150839485
1688.2020400157717,0.0294267516583204,3.60078477859497,3.5759359661255132,-24.848812469456583
1689.2160696385417,0.0301465801894665,3.60078477859497,3.575963446771431,-24.821331823538628
1690.2313556031918,0.0287069231271744,3.60078477859497,3.5759625651062574,-24.822213488712386
1691.2440050194018,0.0265474356710911,3.60078477859497,3.575944935109902,-24.839843485067625
1692.2579858040917,0.0283470079302788,3.60094666481018,3.575982574145709,-24.96409066447125
1693.2719874688316,0.0283470079302788,3.60078477859497,3.576001136208314,-24.783642386655647
1694.2859519741717,0.0287069231271744,3.60078477859497,3.5760251315121527,-24.759647082817082
1695.3000286655217,0.0294267516583204,3.60078477859497,3.5760552955751206,-24.72948301984923
1696.3138983258916,0.0301465801894665,3.60078477859497,3.5760873937547393,-24.69738484023054
1697.3292717036218,0.0308664105832577,3.60078477859497,3.5761178955006367,-24.66688309433307
1698.3418797136317,0.0276271793991327,3.60094666481018,3.576091312384212,-24.855352425968036
1699.3558767776817,0.0269073490053415,3.60078477859497,3.5760925858477277,-24.692192747242103
1700.3698288965518,0.0301465801894665,3.60094666481018,3.5761553589151447,-24.79130589503553
1701.3838443633517,0.0305064953863621,3.60078477859497,3.5761860615371335,-24.59871705783634
1702.3978152388718,0.0308664105832577,3.60094666481018,3.576213807054873,-24.732857755307425
1703.4117616953517,0.0261875204741955,3.60094666481018,3.5761640787481457,-24.78258606203454
1704.4271262256018,0.0279870927333832,3.60078477859497,3.5761983095749668,-24.586469020003054
1705.4397908594717,0.0290668364614248,3.60078477859497,3.5762314519003806,-24.553326694589206
1706.4538130503618,0.0276271793991327,3.60094666481018,3.576229508713772,-24.71715609640812
1707.4677425196817,0.0265474356710911,3.60094666481018,3.576228584033512,-24.71808077666804
1708.4817158724918,0.0283470079302788,3.60094666481018,3.5762674753042267,-24.67918950595349
1709.4957062124618,0.0272672642022371,3.60078477859497,3.576271263312683,-24.513515282286846
1710.5096544384417,0.0276271793991327,3.60078477859497,3.5762902903510776,-24.49448824389222
1711.5250210920817,0.0261875204741955,3.60078477859497,3.5762903701941484,-24.4944084008214
1712.5376276864918,0.0279870927333832,3.60078477859497,3.576326125023546,-24.45865357142374
1713.5516590787618,0.0272672642022371,3.60094666481018,3.576335606140894,-24.611058669286034
1714.5655945643716,0.0269073490053415,3.60078477859497,3.576347207509329,-24.43757108564082
1715.5798160004617,0.0276271793991327,3.60094666481018,3.576372368682805,-24.574296127375383
1716.5935862151816,0.0276271793991327,3.60094666481018,3.576391311008373,-24.55535380180729
1717.6075928345117,0.0283470079302788,3.60078477859497,3.576418822253677,-24.365956341292794
1718.6229003870017,0.0272672642022371,3.60110855102539,3.57642094971533,-24.687601310060092
1719.6355533422018,0.0251077767461538,3.60078477859497,3.5764065763873534,-24.37820220761644
1720.6495298801017,0.0279870927333832,3.60078477859497,3.576459825097236,-24.32495349773367
1721.6635474703016,0.0283470079302788,3.60078477859497,3.576488015658475,-24.296762936494964
1722.6774627836617,0.029786666855216,3.60078477859497,3.576530217197686,-24.25456139728377
1723.6916909438416,0.0254676919430494,3.60094666481018,3.5764862315490586,-24.460433261121572
1724.7054211679517,0.0261875204741955,3.60094666481018,3.5765053862346896,-24.44127857549061
1725.7207987924717,0.0258276052772999,3.60078477859497,3.576514481339785,-24.270297255184925
1726.7334025556918,0.0261875204741955,3.60094666481018,3.576534200374968,-24.41246443521239
1727.7474020970417,0.0265474356710911,3.60094666481018,3.5765554444151864,-24.391220394993862
1728.7613694335716,0.0265474356710911,3.60094666481018,3.5765730649919725,-24.373599818207747
1729.7753912705616,0.0269073490053415,3.60094666481018,3.5765920270691547,-24.35463774102553
1730.7893469284118,0.0251077767461538,3.60078477859497,3.576583754877403,-24.201023717566716
1731.8033411612716,0.0251077767461538,3.60094666481018,3.576596461595388,-24.3502032147922
1732.8186582690416,0.0276271793991327,3.60094666481018,3.5766479410911285,-24.29872371905173
1733.8313069774517,0.0276271793991327,3.60078477859497,3.5766696730628342,-24.115105532135583
1734.8454862995518,0.0269073490053415,3.60094666481018,3.5766779519313645,-24.268712878815712
1735.8592710241317,0.0254676919430494,3.60078477859497,3.5766728743752365,-24.111904219733304
1736.8732167728117,0.0254676919430494,3.60094666481018,3.5766845836170456,-24.262081193134666
1737.8874314848217,0.0251077767461538,3.60094666481018,3.576694628968353,-24.252035841827002
1738.9015410887916,0.0258276052772999,3.60094666481018,3.5767154871295874,-24.231177680592797
1739.9166486882816,0.0240280330181122,3.60078477859497,3.5767083586566204,-24.076419938349414
1740.9291738859017,0.0279870927333832,3.60094666481018,3.5767780302791525,-24.16863453102769
1741.9431741350518,0.0240280330181122,3.60110855102539,3.57674185763059,-24.366693394800354
1742.9571234227217,0.0204288884997368,3.60078477859497,3.5766981956628054,-24.08658293216437
1743.9711498604017,0.0233082044869661,3.60078477859497,3.576740344671845,-24.04443392312494
1744.9850920700917,0.0258276052772999,3.60078477859497,3.5767934268566095,-23.99135173836031
1745.9991057674017,0.0272672642022371,3.60078477859497,3.576834266355172,-23.950512239797828
1747.0144688820517,0.0251077767461538,3.60094666481018,3.5768264148548963,-24.120249955283946
1748.0270850317418,0.0247478634119034,3.60078477859497,3.5768348883546173,-23.949890240352545
1749.0412632921416,0.0247478634119034,3.60078477859497,3.576849113901173,-23.93566469379671
1750.0550434160416,0.0251077767461538,3.60078477859497,3.576871189657506,-23.91358893746398
1751.0690157071517,0.0269073490053415,3.60078477859497,3.5769141157796045,-23.870662815365318
1752.0830003847318,0.0240280330181122,3.60078477859497,3.5768914145190966,-23.89336407587317
1753.0969751531418,0.0254676919430494,3.60078477859497,3.5769242656564972,-23.860512938472578
1754.1123846285816,0.0258276052772999,3.60078477859497,3.576948342097509,-23.836436497461033
1755.1249473395017,0.0269073490053415,3.60078477859497,3.5769818386837637,-23.802939911206078
1756.1389454652517,0.0251077767461538,3.60094666481018,3.57697524810785,-23.971416702330384
1757.1528866132417,0.0247478634119034,3.60094666481018,3.5769845166709766,-23.96214813920361
1758.1669201289117,0.0254676919430494,3.60078477859497,3.5770076569679,-23.777121627069686
1759.1810683078818,0.0247478634119034,3.60078477859497,3.5770136859630686,-23.771092631901247
1760.1948905457716,0.0240280330181122,3.60094666481018,3.577017458469721,-23.929206340459253
1761.2102165010217,0.0247478634119034,3.60062289237976,3.577040973391918,-23.5819189878419
1762.2228347741018,0.0251077767461538,3.60094666481018,3.5770620739088486,-23.88459090133166
1763.2368120198016,0.0233082044869661,3.60094666481018,3.5770508648878425,-23.8957999223377
1764.2508243015218,0.0229482892900705,3.60078477859497,3.577055143569973,-23.72963502499692
1765.2647778359817,0.0251077767461538,3.60094666481018,3.5771011026156514,-23.845562194528824
1766.2787823319218,0.0240280330181122,3.60078477859497,3.5771031328564478,-23.68164573852205
1767.2927478989518,0.0240280330181122,3.60094666481018,3.5771185785274384,-23.8280862827418
1768.3086075340616,0.0254676919430494,3.60078477859497,3.5771546350527776,-23.630143542192172
1769.3207229165016,0.0261875204741955,3.60078477859497,3.5771823843651154,-23.60239422985444
1770.3347171493617,0.0233082044869661,3.60094666481018,3.5771596052463916,-23.78705956378857
1771.3503184381218,0.0233082044869661,3.60078477859497,3.5771686230022395,-23.616155592730337
1772.3626879201217,0.0229482892900705,3.60094666481018,3.5771766208965605,-23.7700439136197
1773.3765904931117,0.0251077767461538,3.60078477859497,3.577222179079078,-23.56259951589168
1774.3906417037317,0.0254676919430494,3.60094666481018,3.5772487241618767,-23.69794064830355
1775.4059704901717,0.0265474356710911,3.60094666481018,3.577280220935984,-23.66644387419603
1776.4186241531618,0.0240280330181122,3.60094666481018,3.5772647050420665,-23.681959768113714
1777.4325755642317,0.0240280330181122,3.60078477859497,3.5772749052689563,-23.50987332601351
1778.4465712126917,0.0225883759558201,3.60078477859497,3.5772675117599473,-23.517266835022532
1779.4605551824718,0.0233082044869661,3.60078477859497,3.5772885928969163,-23.496185698053562
1780.4745508309318,0.0236681196838617,3.60078477859497,3.577307300519617,-23.47747807535283
1781.4885128589717,0.0222284607589245,3.60078477859497,3.577302125515863,-23.482653079106797
1782.5038504928916,0.0236681196838617,3.60078477859497,3.5773334408298547,-23.4513377651151
1783.5164807985418,0.0236681196838617,3.60078477859497,3.577349698200115,-23.435080394854868
1784.5304782164917,0.0225883759558201,3.60078477859497,3.5773492158955884,-23.435562699381407
1785.5444494459116,0.0247478634119034,3.60078477859497,3.5773926278090595,-23.39215078591028
1786.5584829615716,0.0218685455620289,3.60094666481018,3.577368806204469,-23.577858605711377
1787.5724223400716,0.0233082044869661,3.60094666481018,3.5773990336746926,-23.547631135487634
1788.5864091410517,0.0229482892900705,3.60078477859497,3.5774093888901,-23.375389704869853
1789.6017446515716,0.0225883759558201,3.60078477859497,3.57741752825953,-23.36725033543985
1790.6143799118117,0.0225883759558201,3.60094666481018,3.577431523636686,-23.515141173494403
1791.6283532646216,0.0236681196838617,3.60078477859497,3.5774595524732735,-23.325226121696296
1792.6423326337217,0.0218685455620289,3.60078477859497,3.5774495158783903,-23.335262716579486
1793.6563109411218,0.0240280330181122,3.60094666481018,3.5774945580655926,-23.452106744587642
1794.6703172065518,0.0243879482150078,3.60078477859497,3.577519262982446,-23.265515612523657
1795.6842795884918,0.0247478634119034,3.60078477859497,3.577543030069068,-23.241748525901773
1796.6996649987916,0.0243879482150078,3.60094666481018,3.5775543210577023,-23.392343752477895
1797.7122429273718,0.0229482892900705,3.60078477859497,3.5775491663171155,-23.23561227785431
1798.7262325595416,0.0225883759558201,3.60078477859497,3.577554946932612,-23.229831662357814
1799.7402292697018,0.0229482892900705,3.60078477859497,3.5775724828525823,-23.21229574238748
1800.7541736027817,0.0222284607589245,3.60078477859497,3.5775774661969013,-23.207312398068503
1801.7681788065117,0.0225883759558201,3.60094666481018,3.5775942141786463,-23.352450631533905
1802.7821811790518,0.0229482892900705,3.60094666481018,3.5776115095948624,-23.335155215317815
1803.7977014249118,0.0211487170308828,3.60078477859497,3.577599823898613,-23.18495469635673
1804.8101477030316,0.0215086322277784,3.60078477859497,3.5776142823585215,-23.17049623644829
1805.8241189324517,0.0225883759558201,3.60094666481018,3.5776438300241846,-23.302834785995596
1806.8381152887016,0.0225883759558201,3.60078477859497,3.577659465941145,-23.125312653824892
1807.8520812096317,0.0229482892900705,3.60078477859497,3.577680091748892,-23.104686846077804
1808.8660680106118,0.0204288884997368,3.60094666481018,3.5776572696642073,-23.289395145972946
1809.8800576427816,0.0225883759558201,3.60078477859497,3.5776970620706536,-23.087716524316182
1810.8953942150017,0.0215086322277784,3.60078477859497,3.577695980397062,-23.088798197907767
1811.9083649716117,0.0197090581059456,3.60094666481018,3.5776787008375894,-23.26796397259079
1812.9220024741517,0.0186293143779039,3.60078477859497,3.5776681743487773,-23.11660424619255
1813.9359931680217,0.0186293143779039,3.60078477859497,3.5776738083377477,-23.110970257222085
1814.9499828001917,0.0204288884997368,3.60078477859497,3.5777104282923373,-23.074350302632496
1815.9639596920017,0.0215086322277784,3.60094666481018,3.5777402348940406,-23.206429916139637
1816.9779426000916,0.0193491447716951,3.60094666481018,3.577726395348607,-23.220269461573295
1817.9932965133617,0.0222284607589245,3.60078477859497,3.5777781351431828,-23.006643451787046
1819.0059392054916,0.0218685455620289,3.60062289237976,3.577791222483126,-22.831669896633766
1820.0198817690716,0.0211487170308828,3.60094666481018,3.577793696759402,-23.152968050778266
1821.0338752941418,0.0197090581059456,3.60094666481018,3.577785772976305,-23.16089183387504
1822.0478578483217,0.0243879482150078,3.60078477859497,3.577864794868568,-22.919983726402027
1823.0618365096218,0.0207888018339872,3.60094666481018,3.5778359521627268,-23.110712647453457
1824.0758222489017,0.0204288884997368,3.60078477859497,3.5778395085716115,-22.945270023358333
1825.0911641296118,0.0211487170308828,3.60078477859497,3.5778616415462077,-22.923137048762143
1826.1037954969618,0.0233082044869661,3.60078477859497,3.5779094864268797,-22.875292168090144
1827.1354121364518,0.0247478634119034,3.60094666481018,3.577953188503546,-22.993476306634175
1828.1489346217818,0.0175495706498623,3.60094666481018,3.57786528218218,-23.081382628000302
1829.1625374422217,0.0197090581059456,3.60078477859497,3.577894458271009,-22.89032032396099
1830.1765168113218,0.0207888018339872,3.60078477859497,3.577922655641225,-22.8621229537449
1831.1905365249117,0.0222284607589245,3.60078477859497,3.5779586968684254,-22.826081726544434
1832.2044819196917,0.0225883759558201,3.60078477859497,3.5779795428182077,-22.80523577676208
1833.2185207438417,0.0207888018339872,3.60078477859497,3.577970234632841,-22.814543962129008
1834.2324746322017,0.0207888018339872,3.60078477859497,3.5779805333174046,-22.804245277565194
1835.2466171487918,0.0200689733028412,3.60078477859497,3.5779816413317187,-22.803137263251116
1836.2604103669516,0.0200689733028412,3.60078477859497,3.5779933146858176,-22.79146390915221
1837.2746091535016,0.0236681196838617,3.60094666481018,3.5780616989526672,-22.884965857512984
1838.2884069723516,0.0215086322277784,3.60078477859497,3.5780504726162556,-22.734305978714175
1839.3025222387116,0.0211487170308828,3.60094666481018,3.578057947419357,-22.88871739082321
1840.3163788048116,0.0215086322277784,3.60078477859497,3.5780738385731574,-22.710940021812398
1841.3291336829618,0.0204288884997368,3.60078477859497,3.578071088452945,-22.713690142024845
1842.3431275619216,0.0189892295747995,3.60078477859497,3.578060485750686,-22.724292844283678
1843.3571072849218,0.0200689733028412,3.60078477859497,3.578084409977344,-22.7003686176257
1844.3710962092916,0.0197090581059456,3.60078477859497,3.578090331172854,-22.694447422115793
1845.3850759322918,0.0157499983906746,3.60078477859497,3.5780399113053742,-22.74486728959557
1846.3990591942718,0.0197090581059456,3.60078477859497,3.5780993382429394,-22.68544035203046
1847.4129999883717,0.0197090581059456,3.60094666481018,3.5781159579911654,-22.83070681901478
1848.4282328681418,0.0207888018339872,3.60094666481018,3.5781465147715252,-22.800150038654987
1849.4423927257917,0.0222284607589245,3.60094666481018,3.578185212043368,-22.761452766812074
1850.4561958531317,0.0197090581059456,3.60078477859497,3.5781655972152944,-22.619181379675446
1851.4702127355317,0.0193491447716951,3.60078477859497,3.578169954966252,-22.614823628718028
1852.4841744096716,0.0200689733028412,3.60062289237976,3.5781917684118207,-22.431123967939115
1853.4981445773917,0.0215086322277784,3.60094666481018,3.578227010346495,-22.7196544636854
1854.5121416414418,0.0197090581059456,3.60094666481018,3.5782189386523764,-22.72772615780383
1855.5263457364817,0.0218685455620289,3.60078477859497,3.5782601498365056,-22.52462875846417
1856.5404804672917,0.0186293143779039,3.60078477859497,3.5782291993242206,-22.55557927074925
1857.5542655457716,0.0207888018339872,3.60094666481018,3.5782668722174518,-22.679792592728454
1858.5683270194618,0.0197090581059456,3.60078477859497,3.578267689483892,-22.51708911107775
1859.5822727681516,0.0204288884997368,3.60078477859497,3.5782900947051806,-22.494683889789258
1860.5885569548018,0.0211487170308828,3.60094666481018,3.57831563953323,-22.63102527695038
1861.5934379314517,0.0175495706498623,3.60078477859497,3.5782774228772882,-22.507355717681587
1862.6073387349418,0.0207888018339872,3.60094666481018,3.578328374097671,-22.618290712509204
1863.6211761904917,0.0197090581059456,3.60094666481018,3.578328533220349,-22.61813158983106
1864.6352992426316,0.0168297421187162,3.60094666481018,3.5782965142894,-22.650150520780343
1865.6492842741118,0.0200689733028412,3.60094666481018,3.5783481797287466,-22.598485081433584
1866.6631227913617,0.0168297421187162,3.60094666481018,3.5783153003985997,-22.631364411580535
1867.6771159625216,0.0164698269218206,3.60078477859497,3.5783125990610443,-22.47217953392555
1868.6910861302417,0.0171896573156118,3.60078477859497,3.5783303474369283,-22.454431158041466
1869.7050916878818,0.0204288884997368,3.60094666481018,3.5783901765817783,-22.55648822840195
1870.7190554854117,0.0193491447716951,3.60094666481018,3.5783945393036354,-22.55212550654484
1871.7330398091017,0.0215086322277784,3.60078477859497,3.5784410304748735,-22.34374812009632
1872.7470276717718,0.0197090581059456,3.60094666481018,3.578432488847057,-22.51417596312333
1873.7609957161017,0.0189892295747995,3.60094666481018,3.5784318874632453,-22.514777346934967
1874.7763528144617,0.0182694010436535,3.60078477859497,3.5784315698978584,-22.353208697111437
1875.7889735648416,0.0186293143779039,3.60078477859497,3.578446620693076,-22.33815790189375
1876.8029593041217,0.0193491447716951,3.60094666481018,3.5784689601961444,-22.477704614035865
1877.8168799259718,0.0197090581059456,3.60094666481018,3.5784898740876017,-22.456790722578557
1878.8309329060817,0.0218685455620289,3.60094666481018,3.5785360308325607,-22.410633977619554
1879.8449041355018,0.0197090581059456,3.60094666481018,3.578523544184857,-22.423120625323367
1880.8588881052817,0.0179094858467579,3.60078477859497,3.5785061763054373,-22.27860228953249
1881.8742338788818,0.0186293143779039,3.60078477859497,3.5785243010041086,-22.26047759086125
1882.8868542753617,0.0197090581059456,3.60078477859497,3.578551691515607,-22.23308707936278
1883.9012367355517,0.0189892295747995,3.60078477859497,3.5785541825169993,-22.23059607797051
1884.9148268156216,0.0161099135875702,3.60094666481018,3.5785207547806137,-22.42591002956651
1885.9288033535217,0.0193491447716951,3.60078477859497,3.578573386641129,-22.21139195384092
1886.9427915701017,0.0189892295747995,3.60078477859497,3.578583933373121,-22.20084522184873
1887.9567822639717,0.0153900841251016,3.60078477859497,3.5785395612620654,-22.24521733290441
1888.9720951249417,0.0121508529409766,3.60078477859497,3.578492852099327,-22.291926495642933
1889.9847300312917,0.0179094858467579,3.60094666481018,3.578573627416873,-22.373037393307094
1890.9987143549718,0.0186293143779039,3.60094666481018,3.578603816773219,-22.342848036961183
1892.0127085878316,0.0193491447716951,3.60078477859497,3.5786310645129853,-22.15371408198452
1893.0268925106218,0.0197090581059456,3.60094666481018,3.578651453306087,-22.295211504093082
1894.0406029163917,0.0168297421187162,3.60078477859497,3.5786236591834575,-22.16111941151233
1895.0546682829718,0.0164698269218206,3.60078477859497,3.5786243032480565,-22.160475346913344
1896.0699825595416,0.0175495706498623,3.60078477859497,3.5786482813261884,-22.13649726878142
1897.0826461317217,0.0171896573156118,3.60078477859497,3.5786539795609618,-22.130799034008053
1898.0965936498917,0.0182694010436535,3.60094666481018,3.578681689797457,-22.264975012723287
1899.1105776196816,0.0193491447716951,3.60078477859497,3.5787122281514305,-22.072550443539285
1900.1245807000216,0.0193491447716951,3.60078477859497,3.5787288191274094,-22.05595946756045
1901.1385869654516,0.0193491447716951,3.60094666481018,3.5787439351155648,-22.202729694615453
1902.1525394382118,0.0200689733028412,3.60094666481018,3.5787669262513884,-22.17973855879185
1903.1678650395518,0.0189892295747995,3.60078477859497,3.578767187705693,-22.017590889277017
1904.1804992381017,0.0175495706498623,3.60094666481018,3.578756552449518,-22.190112360662262
1905.1944945326618,0.0175495706498623,3.60094666481018,3.5787652388731352,-22.181425937044974
1906.2084696549716,0.0189892295747995,3.60094666481018,3.5787971462414667,-22.1495185687135
1907.2224507935616,0.0193491447716951,3.60094666481018,3.5788179066760897,-22.128758134090543
1908.2364287470616,0.0193491447716951,3.60094666481018,3.5788325509431442,-22.11411386703599
1909.2506169166418,0.0193491447716951,3.60078477859497,3.5788458875664406,-21.938891028529195
1910.2657443344717,0.0182694010436535,3.60094666481018,3.578841651771741,-22.105013038439036
1911.2783930428816,0.0168297421187162,3.60078477859497,3.578829195911062,-21.95558268390796
1912.2923826750616,0.0161099135875702,3.60078477859497,3.5788250044218737,-21.959774173096136
1913.3064331778817,0.0164698269218206,3.60078477859497,3.5788363650965076,-21.948413498462216
1914.3203187637116,0.0193491447716951,3.60078477859497,3.5788884955895264,-21.89628300544344
1915.3343232596417,0.0153900841251016,3.60078477859497,3.578846021444889,-21.938757150080868
1916.3482690083217,0.0143103403970599,3.60094666481018,3.5788302244393724,-22.116440370807844
1917.3636476945317,0.0125107672065496,3.60094666481018,3.578809492950479,-22.137171859701432
1918.3762535811518,0.0179094858467579,3.60078477859497,3.57888817633424,-21.896602260729647
1919.3902630316718,0.0182694010436535,3.60094666481018,3.578913185836231,-22.03347897394936
1920.4041981633818,0.0175495706498623,3.60094666481018,3.578917897996186,-22.02876681399424
1921.4182384031217,0.0168297421187162,3.60094666481018,3.5789189510350203,-22.027713775159885
1922.4321887524918,0.0168297421187162,3.60094666481018,3.5789306964606524,-22.015968349527792
1923.4461483032417,0.0179094858467579,3.60094666481018,3.5789550272421944,-21.991637567985833
1924.4615046938118,0.0171896573156118,3.60078477859497,3.5789572325186803,-21.82754607628956
1925.4741392462518,0.0150301698595285,3.60078477859497,3.578937354467311,-21.847424127658943
1926.4881037515918,0.0175495706498623,3.60094666481018,3.5789790107500092,-21.967654060170982
1927.5021539005118,0.0164698269218206,3.60078477859497,3.578976037521351,-21.808741073618965
1928.5160681521718,0.0175495706498623,3.60094666481018,3.579002688485664,-21.943976324516168
1929.5300836189817,0.0161099135875702,3.60078477859497,3.57899311220116,-21.791666393809805
1930.5440527250016,0.0175495706498623,3.60094666481018,3.579023835125771,-21.922829684409173
1931.5594076999716,0.0179094858467579,3.60094666481018,3.5790419069423147,-21.9047578678655
1932.5720153560817,0.0168297421187162,3.60078477859497,3.579038990529988,-21.74578806498184
1933.5860212676116,0.0179094858467579,3.60078477859497,3.5790670215985223,-21.717756996447513
1934.5999797566617,0.0193491447716951,3.60094666481018,3.579104042800857,-21.842622009323076
1935.6139916844818,0.0186293143779039,3.60078477859497,3.5791086048446585,-21.67617375031128
1936.6279544203217,0.0164698269218206,3.60094666481018,3.5790898303636496,-21.856834446530637
1937.6419405135016,0.0168297421187162,3.60094666481018,3.579100823866232,-21.845840943948147
1938.6572523127818,0.0168297421187162,3.60094666481018,3.579111155086384,-21.83550972379633
1939.6699300409116,0.0175495706498623,3.60110855102539,3.5791308200784955,-21.977730946894702
1940.6838588024416,0.0164698269218206,3.60078477859497,3.579126940760404,-21.657837834565985
1941.6979029350716,0.0157499983906746,3.60094666481018,3.579123163293158,-21.82350151702206
1942.7118348816916,0.0150301698595285,3.60094666481018,3.579119171787648,-21.827493022532174
1943.7258489329017,0.0193491447716951,3.60110855102539,3.579189877761664,-21.918673263725985
1944.7397890191917,0.0153900841251016,3.60094666481018,3.579150815487845,-21.795849322335137
1945.7551737216918,0.0125107672065496,3.60094666481018,3.579112541535441,-21.834123274739436
1946.7677796083117,0.0175495706498623,3.60078477859497,3.5791880512948837,-21.596727300086105
1947.7817897666316,0.0179094858467579,3.60094666481018,3.5792093052519847,-21.737359558195557
1948.7957652428317,0.0161099135875702,3.60078477859497,3.57919819085513,-21.586587739840013
1949.8097463814318,0.0164698269218206,3.60078477859497,3.5792115765537864,-21.573202041183404
1950.8257850895018,0.0157499983906746,3.60078477859497,3.5792124675062555,-21.57231108871427
1951.8377252918717,0.0175495706498623,3.60094666481018,3.5792471708278715,-21.69949398230875
1952.8530197500918,0.0157499983906746,3.60094666481018,3.5792344292453837,-21.71223556479651
1953.8656886307517,0.0150301698595285,3.60078477859497,3.5792309107970444,-21.553867797925452
1954.8796166844818,0.0153900841251016,3.60094666481018,3.579243525331865,-21.703139478315148
1955.8939683554518,0.0164698269218206,3.60078477859497,3.5792678531824658,-21.51692541250405
1956.9079363997716,0.0157499983906746,3.60094666481018,3.5792704526166745,-21.676212193505684
1957.9216181397117,0.0164698269218206,3.60094666481018,3.5792906082255636,-21.656056584616667
1958.9355840606418,0.0168297421187162,3.60094666481018,3.579306950417543,-21.63971439263701
1959.9509397434117,0.0157499983906746,3.60078477859497,3.5793060209868246,-21.478757608145216
1960.9635558931018,0.0182694010436535,3.60094666481018,3.5793507091409067,-21.595955669273526
1961.9775451713817,0.0168297421187162,3.60094666481018,3.579347521919178,-21.599142891002288
1962.9915100306116,0.0179094858467579,3.60094666481018,3.5793739967159417,-21.572668094238523
1964.0055329293018,0.0161099135875702,3.60078477859497,3.5793607330895716,-21.424045505398226
1965.0194808013716,0.0164698269218206,3.60094666481018,3.579373881440924,-21.572783369256054
1966.0334736186417,0.0168297421187162,3.60094666481018,3.5793899356660575,-21.556729144122766
1967.0488328404017,0.0168297421187162,3.60094666481018,3.5794016904327344,-21.544974377445847
1968.0614443894017,0.0168297421187162,3.60094666481018,3.5794116993194613,-21.53496549071887
1969.0753972160617,0.0153900841251016,3.60078477859497,3.579398701121292,-21.386077473677823
1970.0894130367717,0.0125107672065496,3.60078477859497,3.5793629887556193,-21.421789839350502
1971.1035736022118,0.0153900841251016,3.60094666481018,3.5794060151132565,-21.54064969692371
1972.1173795607417,0.0179094858467579,3.60078477859497,3.579457936233656,-21.32684236131377
1973.1313401731918,0.0143103403970599,3.60094666481018,3.5794182795672573,-21.528385242922887
1974.1467475252316,0.011071109212935,3.60078477859497,3.5793731337813854,-21.411644813584374
1975.1593102361517,0.0153900841251016,3.60094666481018,3.5794353355932986,-21.51132921688159
1976.1733172093816,0.0164698269218206,3.60094666481018,3.57946493641969,-21.48172839049023
1977.1872845459118,0.0146702546626329,3.60094666481018,3.5794529566746753,-21.493708135504885
1978.2013024900116,0.0153900841251016,3.60078477859497,3.5794690635886193,-21.315715006350544
1979.2152662875417,0.0125107672065496,3.60094666481018,3.5794351234712183,-21.511541338961937
1980.2292407020518,0.0153900841251016,3.60078477859497,3.5794820313072213,-21.302747287748502
1981.2445917841417,0.0153900841251016,3.60078477859497,3.579493149456156,-21.29162913881366
1982.2572157196116,0.0135905109345913,3.60062289237976,3.579478825861968,-21.14406651779177
1983.2711582832017,0.0164698269218206,3.60078477859497,3.5795285473173695,-21.256231277600346
1984.2851847208817,0.0175495706498623,3.60078477859497,3.5795613180272423,-21.223460567727503
1985.2992207138318,0.0175495706498623,3.60078477859497,3.579575970553726,-21.20880804124381
1986.3131466441616,0.0153900841251016,3.60094666481018,3.5795595986238684,-21.38706618631181
1987.3270962857316,0.0161099135875702,3.60078477859497,3.5795753562716337,-21.209422323336113
1988.3424551536018,0.0143103403970599,3.60078477859497,3.5795590014574157,-21.225777137554136
1989.3550921833316,0.0139504261314869,3.60094666481018,3.579557681440276,-21.388983369904135
1990.3690733219316,0.0128706824034452,3.60078477859497,3.579547850383324,-21.2369282116458
1991.3830463208417,0.0153900841251016,3.60094666481018,3.5795897959084413,-21.356868901738935
1992.3970547096617,0.0139504261314869,3.60094666481018,3.579582530902104,-21.364133908076344
1993.4110107214217,0.0150301698595285,3.60078477859497,3.5796038511359494,-21.18092745902045
1994.4250067237717,0.0143103403970599,3.60094666481018,3.57960535684825,-21.341307961930234
1995.4403245393416,0.0153900841251016,3.60078477859497,3.579629599978679,-21.155178616290904
1996.4529803257317,0.0153900841251016,3.60094666481018,3.579641550605428,-21.30511420475223
1997.4669600487316,0.0143103403970599,3.60078477859497,3.5796350870986493,-21.14969149632051
1998.4809496809016,0.0139504261314869,3.60078477859497,3.5796375448272286,-21.14723376774119
1999.4951261718118,0.0161099135875702,3.60094666481018,3.5796781843323653,-21.268480477814933
2000.5089091268917,0.0146702546626329,3.60078477859497,3.579670385533464,-21.114393061505865
2001.5228821258017,0.0150301698595285,3.60078477859497,3.5796832584101685,-21.10152018480127
2002.5382293150017,0.0146702546626329,3.60094666481018,3.579687951578862,-21.258713231318005
2003.5508631596417,0.0150301698595285,3.60078477859497,3.5797029009538055,-21.081877641164315
2004.5648531457116,0.0153900841251016,3.60094666481018,3.5797175880557726,-21.22907675440766
2005.5788084496717,0.0150301698595285,3.60078477859497,3.579722456641208,-21.06232195376201
2006.5930330708618,0.0143103403970599,3.60078477859497,3.579725637051433,-21.059141543536608
2007.6244840855618,0.0161099135875702,3.60078477859497,3.579757170009394,-21.02760858557584
2008.6375981713118,0.0153900841251016,3.60094666481018,3.579761223624896,-21.185441185284315
2009.6515301179218,0.0150301698595285,3.60094666481018,3.5797643688890597,-21.18229592112053
2010.6655544322116,0.0143103403970599,3.60110855102539,3.5797643832624986,-21.344167762891608
2011.6795380480917,0.0146702546626329,3.60078477859497,3.579774516081349,-21.010262513621036
2012.6937046298217,0.0139504261314869,3.60094666481018,3.579777361777112,-21.16930303306841
2013.7074631658718,0.0146702546626329,3.60094666481018,3.5797923807099465,-21.154284100233678
2014.7214938503416,0.0139504261314869,3.60094666481018,3.579793247189924,-21.153417620256132
2015.7355309049917,0.0168297421187162,3.60078477859497,3.57984389479895,-20.940883796019882
2016.7494366630717,0.0161099135875702,3.60094666481018,3.579851358335941,-21.095306474239184
2017.7634008145117,0.0168297421187162,3.60094666481018,3.57987024397541,-21.076420834770015
2018.7774392847616,0.0139504261314869,3.60078477859497,3.579842995971001,-20.94178262396884
2019.7915471192416,0.0146702546626329,3.60078477859497,3.5798564384693723,-20.928340125597522
2020.8054539390116,0.0139504261314869,3.60094666481018,3.5798545579452288,-21.092106864951443
2021.8193550964118,0.0135905109345913,3.60078477859497,3.579856988141556,-20.927790453413753
2022.8333783489918,0.0161099135875702,3.60078477859497,3.579901069347218,-20.883709247751625
2023.8472993247317,0.0146702546626329,3.60094666481018,3.5798941033009655,-21.05256150921475
2024.8613101908518,0.0128706824034452,3.60094666481018,3.579874163401126,-21.072501409054034
2025.8753100861018,0.011071109212935,3.60094666481018,3.5798516989651015,-21.09496584507875
2026.8894674664516,0.0132305966690183,3.60094666481018,3.5798841597805127,-21.062505029667555
2027.9036361715816,0.0153900841251016,3.60094666481018,3.5799256289624726,-21.021035847707648
2028.9172662422518,0.0150301698595285,3.60078477859497,3.5799355444503034,-20.84923414466644
2029.9312434879516,0.0150301698595285,3.60094666481018,3.579947348387415,-20.99931642276509
2030.9452193180516,0.0153900841251016,3.60078477859497,3.5799629974371174,-20.82178115785238
2031.9592531876117,0.0135905109345913,3.60078477859497,3.5799486636512166,-20.83611494375326
2032.9732130922616,0.0153900841251016,3.60078477859497,3.5799811104253054,-20.80366816966439
2033.9873219884316,0.0146702546626329,3.60094666481018,3.5799841268460817,-20.962537964098527
2035.0011796162316,0.0157499983906746,3.60078477859497,3.5800097125192964,-20.775066075673365
2036.0151324429016,0.0164698269218206,3.60078477859497,3.580033704677377,-20.751073917592677
2037.0291744521417,0.0135905109345913,3.60094666481018,3.580003059237129,-20.943605573051194
2038.0430894116016,0.0132305966690183,3.60078477859497,3.580001337721183,-20.78344087378703
2039.0570882451416,0.0135905109345913,3.60078477859497,3.5800117067007773,-20.77307189419253
2040.0710619518618,0.0135905109345913,3.60094666481018,3.580020473644214,-20.92619116596639
2041.0846339830716,0.0139504261314869,3.60094666481018,3.580031894464791,-20.914770345389133
2042.0990054723918,0.0135905109345913,3.60094666481018,3.5800382946859,-20.90837012428004
2043.1130209391918,0.0153900841251016,3.60094666481018,3.5800726360752675,-20.87402873491273
2044.1270257890317,0.0153900841251016,3.60078477859497,3.5800867804116354,-20.6979981833344
2045.1409683526217,0.0146702546626329,3.60078477859497,3.58008948699855,-20.695291596419807
2046.1549498451118,0.0157499983906746,3.60094666481018,3.5801147480407844,-20.831916769395775
2047.1689638963219,0.0161099135875702,3.60078477859497,3.5801338114906347,-20.650967104335116
2048.1830957959414,0.0153900841251016,3.60094666481018,3.5801347867495847,-20.81187806059548
2049.1969106019415,0.0135905109345913,3.60094666481018,3.5801156987626284,-20.830966047551858
2050.2108814774615,0.0132305966690183,3.60078477859497,3.580115597308099,-20.669181286870675
2051.2249602922116,0.0153900841251016,3.60094666481018,3.5801554883812514,-20.791176428928804
2052.2388465858417,0.0157499983906746,3.60078477859497,3.58017427629267,-20.61050230229977
2053.2529020432517,0.0146702546626329,3.60094666481018,3.580171024287413,-20.775640522767258
2054.2668385905513,0.0153900841251016,3.60078477859497,3.5801898418855096,-20.59493670946022
2055.2809814610414,0.0143103403970599,3.60094666481018,3.5801851968652807,-20.761467944899525
2056.2949827718817,0.0150301698595285,3.60094666481018,3.5802018316787154,-20.7448331314648
2057.3087851914215,0.0125107672065496,3.60094666481018,3.5801737582102713,-20.772906599908936
2058.3228353403415,0.011071109212935,3.60078477859497,3.5801542084021487,-20.630570192821107
2059.3368833658715,0.0135905109345913,3.60094666481018,3.580194061849345,-20.752602960835365
2060.3507912473415,0.0164698269218206,3.60094666481018,3.5802492914148027,-20.697373395377472
2061.3647415967116,0.0153900841251016,3.60094666481018,3.5802504316016517,-20.696233208528536
2062.3788742041315,0.0132305966690183,3.60094666481018,3.5802298656130738,-20.71679919710645
2063.3920619008913,0.0139504261314869,3.60094666481018,3.5802447733218195,-20.70189148836077
2064.4066613012515,0.0135905109345913,3.60094666481018,3.580246680896693,-20.699983913487152
2065.4206870311314,0.0125107672065496,3.60094666481018,3.5802380143917936,-20.708650418386654
2066.4346118997614,0.0135905109345913,3.60094666481018,3.58025709719632,-20.689567613860316
2067.4486585096915,0.011071109212935,3.60094666481018,3.580227475119089,-20.719189691091433
2068.4626244306214,0.0096314512193203,3.60078477859497,3.5802065962360796,-20.578182358890196
2069.4767542068416,0.011071109212935,3.60062289237976,3.580227403746486,-20.395488633274006
2070.4905371619316,0.0125107672065496,3.60078477859497,3.580256454952612,-20.528323642357904
2071.5045664308013,0.0143103403970599,3.60078477859497,3.580292870137186,-20.491908457783925
2072.5185387219217,0.0132305966690183,3.60078477859497,3.5802936399119787,-20.491138682991128
2073.5325241073015,0.0161099135875702,3.60094666481018,3.580344589484057,-20.602075326123348
2074.5459733355215,0.0143103403970599,3.60078477859497,3.5803356715381462,-20.449107056823568
2075.5604849688916,0.0139504261314869,3.60094666481018,3.5803395698997074,-20.607094910472856
2076.5746405797513,0.0125107672065496,3.60094666481018,3.5803251908791083,-20.621473931071943
2077.5885067011313,0.0121508529409766,3.60078477859497,3.5803235480848783,-20.46123051009152
2078.6024329853517,0.0125107672065496,3.60078477859497,3.580336972575059,-20.447806019910697
2079.6164357117914,0.0146702546626329,3.60078477859497,3.580377653294466,-20.407125300503814
2080.6303772136816,0.0143103403970599,3.60078477859497,3.5803856493328823,-20.399129262087534
2081.6443615373714,0.0143103403970599,3.60110855102539,3.5803956851765237,-20.712865848866446
2082.6583646177114,0.0132305966690183,3.60094666481018,3.5803897524279393,-20.55691238224089
2083.6725389852213,0.0135905109345913,3.60078477859497,3.580402056389081,-20.382722205888992
2084.6863109694314,0.0135905109345913,3.60078477859497,3.5804119369432827,-20.372841651687068
2085.7003784594117,0.0139504261314869,3.60078477859497,3.5804251314751365,-20.35964711983329
2086.7143210230015,0.0103512806817889,3.60078477859497,3.5803790064893914,-20.405772105578368
2087.7282950836116,0.0135905109345913,3.60078477859497,3.5804270691785023,-20.35770941646753
2088.7422776378016,0.011431023478508,3.60094666481018,3.5804059435904723,-20.540721219707958
2089.7562591302913,0.0099913654848933,3.60078477859497,3.5803865157085917,-20.398262886378138
2090.7704136794514,0.0092715369537472,3.60078477859497,3.5803775140866048,-20.407264508365053
2091.7842206996816,0.0143103403970599,3.60094666481018,3.5804538989168253,-20.492765893354914
2092.7982768648812,0.0139504261314869,3.60094666481018,3.580466629720945,-20.480035089235127
2093.8122477404013,0.0150301698595285,3.60094666481018,3.5804958667967846,-20.450798013395666
2094.8261478360914,0.0125107672065496,3.60094666481018,3.580470899967466,-20.475764842714295
2095.8401480852413,0.0128706824034452,3.60078477859497,3.5804800462292383,-20.304732365731493
2096.8541430259015,0.0117909386754036,3.60094666481018,3.580472958429164,-20.47370638101631
2097.8682883736815,0.0135905109345913,3.60078477859497,3.5805058640380247,-20.278914556945082
2098.8821049491817,0.0125107672065496,3.60094666481018,3.5805005185870162,-20.446146223163986
2099.8965132440117,0.0128706824034452,3.60094666481018,3.580514047705365,-20.432617104815254
2100.9101012006813,0.0139504261314869,3.60094666481018,3.5805396555182964,-20.40700929188377
2101.9240405791816,0.0146702546626329,3.60078477859497,3.580563106348923,-20.22167224604665
2102.9380563998916,0.0121508529409766,3.60078477859497,3.5805377952234116,-20.24698337155817
2103.9520414313715,0.0135905109345913,3.60078477859497,3.580562547222642,-20.222231372327926
2104.9661991656217,0.0125107672065496,3.60078477859497,3.5805564301782162,-20.228348416753583
2105.9799821207116,0.0121508529409766,3.60094666481018,3.5805572536514467,-20.389411158733495
2106.9939579508114,0.0121508529409766,3.60094666481018,3.580565560294557,-20.38110451562325
2108.0082445043513,0.0135905109345913,3.60094666481018,3.5805932406427416,-20.353424167438572
2109.0219227052917,0.0132305966690183,3.60094666481018,3.5805999565245727,-20.346708285607473
2110.0354165248013,0.0135905109345913,3.60094666481018,3.5806137866674272,-20.332878142752975
2111.0499504538216,0.0135905109345913,3.60078477859497,3.5806243208290103,-20.16045776595954
2112.0640586421914,0.0135905109345913,3.60094666481018,3.5806331830155465,-20.31348179463377
2113.0778546915417,0.0132305966690183,3.60094666481018,3.5806389671598113,-20.307697650368883
2114.0918499861014,0.0135905109345913,3.60094666481018,3.5806515525370166,-20.295112273163607
2115.1058498813513,0.0125107672065496,3.60094666481018,3.5806450652277,-20.301599582480012
2116.1198204029715,0.0132305966690183,3.60094666481018,3.5806637595912902,-20.28290521888998
2117.1337987103716,0.0153900841251016,3.60078477859497,3.580705267073216,-20.0795115217538
2118.1478364728214,0.0143103403970599,3.60078477859497,3.580705726551238,-20.07905204373195
2119.1619372293117,0.0143103403970599,3.60078477859497,3.5807143858109654,-20.070392784004465
2120.1757392949517,0.0121508529409766,3.60078477859497,3.5806904395207697,-20.094339074200107
2121.1897335278113,0.0103512806817889,3.60078477859497,3.58066642328004,-20.118355314930003
2122.2032599060417,0.0117909386754036,3.60078477859497,3.5806875972891605,-20.097181305809286
2123.2124927801515,0.0117909386754036,3.60094666481018,3.580694882993285,-20.251781816895242
2124.2155019843613,0.0153900841251016,3.60110855102539,3.580756718187865,-20.351832837525397
2125.2175446900715,0.0150301698595285,3.60094666481018,3.580769710240516,-20.176954569664396
2126.2266211407814,0.0125107672065496,3.60094666481018,3.58074419821223,-20.20246659795033
2127.2275933016613,0.0128706824034452,3.60078477859497,3.5807549575669557,-20.029821028014094
2128.2486552538217,0.0143103403970599,3.60094666481018,3.5807849956381497,-20.16166917203055
2129.2596887666514,0.0117909386754036,3.60094666481018,3.5807586466082473,-20.188018201932945
2130.2668088630217,0.0139504261314869,3.60094666481018,3.5807935881568316,-20.153076653348645
2131.2756234283816,0.0117909386754036,3.60094666481018,3.5807739351588,-20.172729651380283
2132.2788527578414,0.0139504261314869,3.60094666481018,3.5808111995841783,-20.13546522600196
2133.2809577498015,0.0132305966690183,3.60078477859497,3.580812354869667,-19.972423725302946
2134.2909766338616,0.0117909386754036,3.60078477859497,3.580798289003134,-19.9864895918358
2135.3009325238713,0.0121508529409766,3.60094666481018,3.5808076131239894,-20.13905168619079
2136.3039629620316,0.0125107672065496,3.60094666481018,3.580820276580143,-20.126388230037318
2137.3150424817413,0.0128706824034452,3.60094666481018,3.5808327824221595,-20.1138823880207
2138.3220482687016,0.011431023478508,3.60078477859497,3.580820517927378,-19.964260667591827
2139.3320926334914,0.0125107672065496,3.60094666481018,3.5808403530404354,-20.106311769744867
2140.3389915429216,0.0125107672065496,3.60078477859497,3.5808508218297157,-19.933956765254113
2141.3441528076714,0.0132305966690183,3.60094666481018,3.5808700372574163,-20.07662755276396
2142.3473831988313,0.0135905109345913,3.60094666481018,3.5808852238275484,-20.06144098263185
2143.3613519509513,0.0128706824034452,3.60094666481018,3.580884759122748,-20.06190568743227
2144.3643027618014,0.0128706824034452,3.60110855102539,3.5808937276904707,-20.21482333491953
2145.3753893595017,0.0135905109345913,3.60094666481018,3.5809112653000867,-20.035399510093477
2146.3763569196913,0.0128706824034452,3.60078477859497,3.5809103944270837,-19.874384167886117
2147.3824004549515,0.011071109212935,3.60078477859497,3.5808916339273322,-19.893144667637586
2148.3854790233813,0.0117909386754036,3.60078477859497,3.5809036417327267,-19.88113686224313
2149.3954979074415,0.0117909386754036,3.60094666481018,3.5809129368493444,-20.0337279608358
2150.4055351942516,0.0128706824034452,3.60078477859497,3.5809346674415172,-19.850111153452588
2151.4076469102915,0.0125107672065496,3.60078477859497,3.580939203552987,-19.845575041983032
2152.4126245014013,0.011431023478508,3.60094666481018,3.5809319560295276,-20.01470878065259
2153.4206286377716,0.0125107672065496,3.60110855102539,3.5809526695865554,-20.155881438834733
2154.4297291536213,0.011431023478508,3.60078477859497,3.580945312881696,-19.839465713273885
2155.4307342271213,0.0125107672065496,3.60094666481018,3.580966572100291,-19.98009270988943
2156.4387539350514,0.0121508529409766,3.60094666481018,3.5809709051500853,-19.975759660094905
2157.4387988802414,0.0132305966690183,3.60094666481018,3.5809959812979657,-19.950683512214518
2158.4488411216416,0.0139504261314869,3.60094666481018,3.5810156187696194,-19.93104604056084
2159.4529130849014,0.0121508529409766,3.60078477859497,3.5810019095640553,-19.78286903091453
2160.4589704222217,0.0121508529409766,3.60078477859497,3.5810070441319666,-19.777734463003238
2161.4609752607316,0.0117909386754036,3.60078477859497,3.581009078749231,-19.775699845738792
2162.4710868663515,0.0121508529409766,3.60078477859497,3.5810201813356994,-19.764597259270378
2163.4820499532616,0.0121508529409766,3.60094666481018,3.581028998595496,-19.91766621468427
2164.4841429126514,0.0125107672065496,3.60078477859497,3.5810395759849767,-19.74520260999313
2165.4891442150015,0.0121508529409766,3.60094666481018,3.5810438583048314,-19.902806505348813
2166.4911536542013,0.011431023478508,3.60094666481018,3.5810399409584233,-19.906723851756958
2167.4952539293913,0.011431023478508,3.60094666481018,3.5810451687737577,-19.90149603642255
2168.5066678837716,0.011431023478508,3.60094666481018,3.581051433889081,-19.895230921099127
2169.5162893391216,0.011431023478508,3.60094666481018,3.581058095941717,-19.888568868463352
2170.5233032657616,0.011431023478508,3.60078477859497,3.581064671270062,-19.72010732490803
2171.5314103867713,0.0103512806817889,3.60094666481018,3.5810603295247305,-19.886335285449697
2172.5423787821614,0.011071109212935,3.60078477859497,3.5810706374070884,-19.714141187881395
2173.5474646664015,0.011071109212935,3.60094666481018,3.581077176571185,-19.86948823899537
2174.5474667898015,0.011071109212935,3.60094666481018,3.581082917056695,-19.863747753485317
2175.5575256644615,0.0107111949473619,3.60094666481018,3.581084836149051,-19.861828661129177
2176.5688164619514,0.011071109212935,3.60094666481018,3.58109160066669,-19.855064143490253
2177.5725359416915,0.0103512806817889,3.60094666481018,3.5810895958601114,-19.85706895006878
2178.5836285556716,0.011431023478508,3.60094666481018,3.5811043671995155,-19.842297610664694
2179.5915229833213,0.0099913654848933,3.60094666481018,3.581102522701524,-19.84414210865637
2180.5947172767615,0.0121508529409766,3.60094666481018,3.5811361369457826,-19.81052786439763
2181.5957333211313,0.011431023478508,3.60094666481018,3.5811361680020566,-19.810496808123634
2182.5988295845314,0.0117909386754036,3.60094666481018,3.5811481793950515,-19.79848541512874
2183.6067862984214,0.0107111949473619,3.60078477859497,3.581140381314435,-19.644397280534687
2184.6193182201214,0.0096314512193203,3.60078477859497,3.5811278574730014,-19.656921121968374
2185.6332699850814,0.011071109212935,3.60078477859497,3.581151567587428,-19.633211007541895
2186.6486423011115,0.0099913654848933,3.60078477859497,3.581146063767808,-19.63871482716195
2187.6677135707314,0.0117909386754036,3.60078477859497,3.5811782892643067,-19.606489330663113
2188.6780088500013,0.0135905109345913,3.60094666481018,3.5812172903247665,-19.729374485413675
2189.6840375214915,0.011431023478508,3.60078477859497,3.5811980373202146,-19.586741274755237
2190.6911002862116,0.011071109212935,3.60094666481018,3.581198885506418,-19.747779303762147
2191.6930955694415,0.0117909386754036,3.60094666481018,3.5812147278241175,-19.73193698606268
2192.7002054027416,0.011431023478508,3.60094666481018,3.5812181025137395,-19.72856229644071
2193.7002698123815,0.0107111949473619,3.60094666481018,3.581211270239674,-19.735394570506326
2194.7062638017615,0.007471963763237,3.60094666481018,3.5811685069979777,-19.77815781220249
2195.7143220847015,0.0103512806817889,3.60094666481018,3.581207039560329,-19.7396252498514
2196.7225682880717,0.0107111949473619,3.60078477859497,3.5812209867419686,-19.563791853001167
2197.7379342339113,0.0096314512193203,3.60094666481018,3.581212582081417,-19.73408272876309
2198.7505454290113,0.0085517074912786,3.60078477859497,3.5811993030380345,-19.58547555693535
2199.7645141811413,0.00783187802881,3.60094666481018,3.5811893393884975,-19.757325421682737
2200.7785062906014,0.007471963763237,3.60094666481018,3.5811876940634444,-19.758970746735827
2201.7939185972314,0.011071109212935,3.60110855102539,3.5812417497197684,-19.866801305621795
2202.8064862627416,0.0117909386754036,3.60078477859497,3.581265465841474,-19.519312753495832
2203.8204674013414,0.0121508529409766,3.60094666481018,3.5812842047807187,-19.66246002946148
2204.8359933095817,0.0117909386754036,3.60094666481018,3.5812902689988086,-19.656395811371574
2205.8484176459515,0.011071109212935,3.60094666481018,3.581287262339029,-19.659402471151388
2206.8624051547313,0.0089116217568516,3.60078477859497,3.581261747785522,-19.52303080944784
2207.8764008031817,0.0099913654848933,3.60078477859497,3.5812791502638475,-19.50562833112235
2208.8907634450316,0.0107111949473619,3.60110855102539,3.5812964005404497,-19.81215048494045
2209.9043496322015,0.011071109212935,3.60094666481018,3.5813126377916102,-19.634027018569977
2210.9183466962613,0.0125107672065496,3.60078477859497,3.581344540198427,-19.440238396542853
2211.9506845821516,0.0139504261314869,3.60094666481018,3.5813799652546687,-19.56669955551149
2212.9619074310117,0.0096314512193203,3.60094666481018,3.5813286658465953,-19.61799896358496
2213.9758800760214,0.0099913654848933,3.60078477859497,3.581332553272116,-19.452225322853955
2214.9912467296613,0.0099913654848933,3.60110855102539,3.5813369096519376,-19.771641373452553
2216.0038717268317,0.0099913654848933,3.60094666481018,3.581344156827481,-19.602507982699358
2217.0178362321712,0.0107111949473619,3.60094666481018,3.5813562189896246,-19.59044582055558
2218.0318219714513,0.0096314512193203,3.60078477859497,3.5813552959868784,-19.42948260809141
2219.0457935547615,0.0117909386754036,3.60094666481018,3.5813860940243654,-19.560570785814857
2220.0598019435915,0.011071109212935,3.60094666481018,3.5813888784083363,-19.557786401843913
2221.0737820204813,0.0107111949473619,3.60094666481018,3.5813911192754504,-19.555545534729823
2222.0891267323814,0.0107111949473619,3.60094666481018,3.581397908460189,-19.548756349991425
2223.1017255410216,0.011071109212935,3.60078477859497,3.5814108248715906,-19.373953723379245
2224.1157204816714,0.011431023478508,3.60094666481018,3.5814235152212985,-19.523149588881683
2225.1297203769213,0.0107111949473619,3.60094666481018,3.5814215552704574,-19.525109539722862
2226.1436877134515,0.0107111949473619,3.60078477859497,3.5814278287442707,-19.356949850699134
2227.1576684981414,0.0117909386754036,3.60094666481018,3.581452785523359,-19.493879286821336
2228.1716648543916,0.0132305966690183,3.60094666481018,3.5814834358042407,-19.463229005939553
2229.1870223066617,0.011431023478508,3.60094666481018,3.581470592543177,-19.476072267003097
2230.1997789543016,0.0107111949473619,3.60094666481018,3.5814657035297413,-19.48096128043897
2231.2136079162715,0.0107111949473619,3.60078477859497,3.5814701368857693,-19.314641709200497
2232.2275841002815,0.0099913654848933,3.60094666481018,3.5814644219779286,-19.48224283225164
2233.2416172620415,0.0096314512193203,3.60078477859497,3.5814622686993673,-19.32250989560247
2234.2556072481116,0.0092715369537472,3.60094666481018,3.581462009845362,-19.484654964818215
2235.2695331784416,0.011431023478508,3.60094666481018,3.581498903254507,-19.447761555673182
2236.2848987703915,0.0121508529409766,3.60078477859497,3.581521439687297,-19.263338907672622
2237.2977392921216,0.0121508529409766,3.60078477859497,3.581531461451334,-19.253317143635762
2238.3114903962814,0.0099913654848933,3.60078477859497,3.5815090470473674,-19.275731547602426
2239.3254637491013,0.011431023478508,3.60094666481018,3.581533605221343,-19.4130595888371
2240.3394703684316,0.0099913654848933,3.60078477859497,3.5815199005208718,-19.264878074098046
2241.3534433673417,0.00783187802881,3.60078477859497,3.58149126771847,-19.293510876499997
2242.3674237981313,0.0107111949473619,3.60094666481018,3.5815343536099182,-19.41231120026199
2243.3827642632414,0.0132305966690183,3.60094666481018,3.581583560310278,-19.363104499902306
2244.3953874909116,0.0107111949473619,3.60094666481018,3.581562123636869,-19.38454117331112
2245.3958963978516,0.0121508529409766,3.60094666481018,3.5815879003592017,-19.358764450978505
2246.4077601580116,0.0089116217568516,3.60078477859497,3.5815490262934264,-19.235752301543396
2247.4231176102817,0.0107111949473619,3.60094666481018,3.581575298414953,-19.371366395227074
2248.4357238507914,0.0096314512193203,3.60094666481018,3.5815673767152827,-19.37928809489753
2249.4497064049815,0.0096314512193203,3.60078477859497,3.581572016410111,-19.21276218485879
2250.4636818811914,0.011071109212935,3.60078477859497,3.5815981668157564,-19.186611779213436
2251.4776676204715,0.0107111949473619,3.60078477859497,3.581602629509829,-19.18214908514093
2252.4916653923215,0.0103512806817889,3.60078477859497,3.5816053811484028,-19.179397446567048
2253.5056440536214,0.0107111949473619,3.60078477859497,3.581612986204318,-19.17179239065181
2254.5209923045113,0.0092715369537472,3.60094666481018,3.581606438742648,-19.340226067532384
2255.5335967755314,0.011431023478508,3.60094666481018,3.5816397131432582,-19.30695166692198
2256.5475977324713,0.0107111949473619,3.60110855102539,3.581638663145853,-19.469887879536962
2257.5615668384917,0.0103512806817889,3.60078477859497,3.58163931061062,-19.145467984349906
2258.5755600096613,0.0096314512193203,3.60094666481018,3.581635220165334,-19.311444644846354
2259.5895563659114,0.011431023478508,3.60094666481018,3.58166565448102,-19.281010329160075
2260.6035159166613,0.0099913654848933,3.60094666481018,3.581655030431639,-19.2916343785412
2261.6188800930113,0.0121508529409766,3.60078477859497,3.5816935075716203,-19.09127102334951
2262.6315065057715,0.0089116217568516,3.60078477859497,3.5816548224676277,-19.12995612734214
2263.6454741962016,0.0107111949473619,3.60078477859497,3.5816827635185327,-19.102015076437162
2264.6594461334116,0.0107111949473619,3.60078477859497,3.5816921350860826,-19.092643508887175
2265.6734403662713,0.0107111949473619,3.60078477859497,3.5817014623019694,-19.08331629300042
2266.6874041638116,0.0121508529409766,3.60094666481018,3.5817295165658574,-19.217148244322857
2267.7014160916315,0.0099913654848933,3.60094666481018,3.581708202958197,-19.238461851983413
2268.7167303682013,0.0089116217568516,3.60094666481018,3.581694868004421,-19.25179680575928
2269.7295687665414,0.0103512806817889,3.60094666481018,3.5817190566617776,-19.22760814840263
2270.7433280103814,0.0081917932257056,3.60078477859497,3.5816918755623703,-19.092903032599473
2271.7573314446213,0.0067521347664296,3.60094666481018,3.5816691206252385,-19.277544184941764
2272.7712991350413,0.0063922200351953,3.60094666481018,3.581664047803136,-19.282617007044145
2273.7853007997915,0.0092715369537472,3.60078477859497,3.5817051629314927,-19.079615663477156
2274.7992564576416,0.0092715369537472,3.60094666481018,3.581716621176101,-19.23004363407932
2275.8146206339916,0.0117909386754036,3.60094666481018,3.581763069406775,-19.183595403405196
2276.8271999781714,0.0125107672065496,3.60078477859497,3.5817880716277983,-18.996706967171484
2277.8414327390415,0.0107111949473619,3.60094666481018,3.581775338974403,-19.171325835777075
2278.8552659478014,0.0117909386754036,3.60094666481018,3.581798533157092,-19.148131653088374
2279.8692028490013,0.0103512806817889,3.60094666481018,3.5817858131674107,-19.160851642769483
2280.8831574451615,0.0096314512193203,3.60078477859497,3.581779320467786,-19.005458127183683
2281.8975728179716,0.0096314512193203,3.60094666481018,3.5817835439988914,-19.163120811288792
2282.9124677240916,0.0096314512193203,3.60094666481018,3.581790125156776,-19.15653965340436
2283.9251316501613,0.0121508529409766,3.60094666481018,3.5818330382731713,-19.113626537008876
2284.9390894314115,0.0103512806817889,3.60078477859497,3.5818200393645236,-18.96473923044617
2285.9530744629014,0.0103512806817889,3.60078477859497,3.581824786352038,-18.95999224293199
2286.9672201645812,0.0099913654848933,3.60094666481018,3.581826274874684,-19.120389935496362
2287.9810636364214,0.0103512806817889,3.60094666481018,3.5818346587969336,-19.112006013246585
2288.9950150474815,0.0096314512193203,3.60094666481018,3.581831393413672,-19.11527139650815
2290.0104135520514,0.0081917932257056,3.60094666481018,3.581815117646214,-19.131547163966367
2291.0229730778815,0.0092715369537472,3.60094666481018,3.5818308703018698,-19.11579450831047
2292.0369828823013,0.0089116217568516,3.60078477859497,3.5818290183111197,-18.955760283850154
2293.0509572968112,0.005672391038388,3.60078477859497,3.5817835608139803,-19.00121778098951
2294.0649508218717,0.005672391038388,3.60094666481018,3.5817784706580156,-19.16819415216464
2295.0789064797314,0.00783187802881,3.60094666481018,3.58181106482377,-19.135599986410234
2296.0929499045615,0.0107111949473619,3.60078477859497,3.5818607211094267,-18.924057485543155
2297.1083508864212,0.0107111949473619,3.60094666481018,3.581876195791695,-19.07046901848508
2298.1208888244114,0.011071109212935,3.60078477859497,3.581892865203776,-18.891913391193782
2299.1348427127714,0.011071109212935,3.60110855102539,3.5819023758906385,-19.206175134751646
2300.1488557022813,0.0096314512193203,3.60094666481018,3.5818907296052505,-19.055935204929764
2301.1627904800916,0.0081917932257056,3.60078477859497,3.581873707293029,-18.91107130194092
2302.1768158560712,0.0081917932257056,3.60078477859497,3.5818740731761025,-18.910705418867302
2303.1908065499415,0.0089116217568516,3.60078477859497,3.5818891338298036,-18.895644765166253
2304.2061632944115,0.0099913654848933,3.60078477859497,3.581911430583944,-18.873348011025914
2305.2187511321713,0.0099913654848933,3.60094666481018,3.5819207730177482,-19.02589179243197
2306.2327400565414,0.0099913654848933,3.60094666481018,3.5819274393097937,-19.019225500386483
2307.2467084547716,0.0089116217568516,3.60078477859497,3.581919633718714,-18.86514487625579
2308.2607281683613,0.0096314512193203,3.60078477859497,3.581934671624575,-18.850106970394798
2309.2746813489216,0.0121508529409766,3.60094666481018,3.5819803889372204,-18.966275872959848
2310.2887849366116,0.0103512806817889,3.60078477859497,3.5819672683537265,-18.81751024124334
2311.3040029526314,0.00783187802881,3.60094666481018,3.5819342002546875,-19.01246455549277
2312.3128076088115,0.0103512806817889,3.60094666481018,3.581973142469812,-18.9735223403682
2313.3150237250916,0.0099913654848933,3.60094666481018,3.581976801097522,-18.969863712658075
2314.3290161884515,0.0099913654848933,3.60094666481018,3.581984568848235,-18.962095961945202
2315.3443708095315,0.0107111949473619,3.60110855102539,3.5820021485287223,-19.10640249666784
2316.3570067775713,0.0096314512193203,3.60078477859497,3.58199491210126,-18.789866493709617
2317.3709535879516,0.0089116217568516,3.60094666481018,3.5819885099752176,-18.95815483496266
2318.3849495903014,0.0092715369537472,3.60094666481018,3.5819961038520196,-18.95056095816061
2319.3989675344014,0.00783187802881,3.60094666481018,3.581979045859193,-18.96761895098731
2320.4129192993714,0.0060323057696223,3.60078477859497,3.5819523199467844,-18.83245864818539
2321.4268908826816,0.0053124763071537,3.60094666481018,3.58193855898732,-19.008105822860166
2322.4422869099517,0.0096314512193203,3.60094666481018,3.582001862787187,-18.9448020229932
2323.4548482052815,0.0085517074912786,3.60094666481018,3.5820013191146574,-18.945345695522864
2324.4688512856214,0.0117909386754036,3.60094666481018,3.582056977964598,-18.889686845582343
2325.4828225150413,0.0099913654848933,3.60110855102539,3.5820447606800125,-19.06379034537764
2326.4968524917113,0.0089116217568516,3.60078477859497,3.5820347595646567,-18.750019030313148
2327.5107893929116,0.0089116217568516,3.60078477859497,3.582038505955265,-18.746272639704742
2328.5247825640713,0.0099913654848933,3.60094666481018,3.5820610198986436,-18.88564491153666
2329.5401428475316,0.0117909386754036,3.60062289237976,3.582097581643665,-18.52531073609498
2330.5527522731413,0.0085517074912786,3.60078477859497,3.582061161703935,-18.723616891034744
2331.5667302266415,0.0089116217568516,3.60094666481018,3.582068672669184,-18.87799214099628
2332.5807173815215,0.0107111949473619,3.60094666481018,3.5821014141252623,-18.845250684917936
2333.5946914421315,0.0117909386754036,3.60094666481018,3.5821283971186517,-18.8182676915285
2334.6087012465514,0.0099913654848933,3.60094666481018,3.582111557526019,-18.835107284161268
2335.6226498264214,0.0049525620415806,3.60094666481018,3.582039987430788,-18.906677379392
2336.6380334672212,0.0099913654848933,3.60094666481018,3.582106666590629,-18.83999821955129
2337.6506365226514,0.0107111949473619,3.60094666481018,3.582129312729842,-18.81735208033808
2338.6646095215615,0.0092715369537472,3.60094666481018,3.5821192471080545,-18.827417702125704
2339.6785895984513,0.0103512806817889,3.60094666481018,3.5821403538455265,-18.806310964653683
2340.6925940943916,0.0096314512193203,3.60094666481018,3.5821377699547914,-18.808894855388836
2341.7065702783916,0.00783187802881,3.60094666481018,3.582115531477407,-18.83113333277331
2342.7205507091917,0.00783187802881,3.60078477859497,3.582116257165725,-18.668521429245022
2343.7358993139815,0.0089116217568516,3.60094666481018,3.5821351136009216,-18.811551209258592
2344.7485151097717,0.0099913654848933,3.60078477859497,3.582158999136687,-18.62577945828292
2345.7514627355313,0.0096314512193203,3.60094666481018,3.5821655185534174,-18.78114625676286
2346.7608881307615,0.0117909386754036,3.60078477859497,3.582205979522556,-18.578799072413776
2347.7762512454215,0.0092715369537472,3.60094666481018,3.58218083920715,-18.765825603030084
2348.7888698724014,0.0099913654848933,3.60094666481018,3.5821940671383357,-18.752597671844562
2349.8028368550313,0.0092715369537472,3.60110855102539,3.582191910387721,-18.91664063766907
2350.8168275489015,0.0099913654848933,3.60078477859497,3.5822040082039126,-18.58077039105721
2351.8308115186815,0.0081917932257056,3.60094666481018,3.58218940307347,-18.75726173671044
2352.8447912416814,0.0125107672065496,3.60094666481018,3.582254581994543,-18.692082815637168
2353.8587730880713,0.0103512806817889,3.60078477859497,3.5822386886485833,-18.546089946386513
2354.8741383261213,0.0067521347664296,3.60078477859497,3.582187862794034,-18.59691580093603
2355.8873019577413,0.0049525620415806,3.60078477859497,3.5821559563884877,-18.6288222064821
2356.9010888057214,0.0103512806817889,3.60094666481018,3.582232679315566,-18.713985494614338
2357.9147047204215,0.0103512806817889,3.60094666481018,3.58224820208657,-18.6984627236102
2358.9287003688814,0.0099913654848933,3.60094666481018,3.5822524588042084,-18.694206005971825
2359.9426701827015,0.0092715369537472,3.60094666481018,3.5822490508281106,-18.697613982069594
2360.9566679545514,0.0103512806817889,3.60094666481018,3.5822719909815355,-18.67467382864474
2361.9720126664515,0.0099913654848933,3.60078477859497,3.582274678245977,-18.510100348992697
2362.9846196147614,0.0081917932257056,3.60094666481018,3.5822528966161102,-18.693768194069982
2363.9987677937415,0.007471963763237,3.60094666481018,3.582243557775645,-18.70310703453537
2365.0126013564013,0.0089116217568516,3.60094666481018,3.5822666239143155,-18.680040895864725
2366.0265778943017,0.0089116217568516,3.60094666481018,3.5822738753641525,-18.672789446027682
2367.0405544322116,0.0089116217568516,3.60094666481018,3.582279063204366,-18.667601605814266
2368.0545323857114,0.0085517074912786,3.60110855102539,3.5822796276838123,-18.82892334157793
2369.0699011627516,0.0085517074912786,3.60110855102539,3.5822853378200534,-18.823213205336753
2370.0825215592313,0.0089116217568516,3.60094666481018,3.5822928406725008,-18.653824137679464
2371.0964945581413,0.0081917932257056,3.60094666481018,3.582291398481584,-18.655266328596376
2372.1104746350316,0.0099913654848933,3.60078477859497,3.5823217788167563,-18.46299977821353
2373.1244614360116,0.0099913654848933,3.60094666481018,3.582332785399809,-18.613879410371403
2374.1384432824016,0.0099913654848933,3.60094666481018,3.582340263767328,-18.606401042852383
2375.1524290216817,0.0092715369537472,3.60094666481018,3.582337061902705,-18.609602907475153
2376.1677900129416,0.0089116217568516,3.60094666481018,3.5823366817029445,-18.609983107235717
2377.1803898832713,0.0089116217568516,3.60078477859497,3.582340969891058,-18.443808703911824
2378.1943922558116,0.0085517074912786,3.60078477859497,3.5823389249190782,-18.445853675891577
2379.2083808262914,0.0071120494976639,3.60094666481018,3.582321444089839,-18.62522072034123
2380.2223446238213,0.007471963763237,3.60094666481018,3.5823242660432704,-18.622398766909853
2381.2363466424613,0.0049525620415806,3.60094666481018,3.5822908441615486,-18.655820648631583
2382.2502378906815,0.0063922200351953,3.60094666481018,3.582307941085258,-18.638723724922368
2383.2656530285017,0.0081917932257056,3.60094666481018,3.582338413133835,-18.608251676345056
2384.2782911199415,0.00783187802881,3.60094666481018,3.582343911032355,-18.602753777825054
2385.2924357599213,0.0096314512193203,3.60094666481018,3.582375655674097,-18.571009136083116
2386.3062434879516,0.0089116217568516,3.60094666481018,3.582376694177269,-18.569970632911215
2387.3204957132716,0.0089116217568516,3.60094666481018,3.582384799725062,-18.561865085118257
2388.3342068268316,0.0099913654848933,3.60094666481018,3.5824070003117328,-18.53966449844746
2389.3481992901916,0.0096314512193203,3.60094666481018,3.5824111067625264,-18.535558047653833
2390.3635514339717,0.0081917932257056,3.60094666481018,3.582396854819733,-18.549809990447308
2391.3761651063714,0.0085517074912786,3.60078477859497,3.582402792986158,-18.381985608811657
2392.3903263796115,0.0071120494976639,3.60094666481018,3.5823872969037502,-18.55936790642998
2393.4040537725414,0.0096314512193203,3.60094666481018,3.582424104272691,-18.52256053748924
2394.4181279866016,0.0045926473103463,3.60094666481018,3.5823588575673027,-18.587807242877563
2395.4320857678513,0.0053124763071537,3.60110855102539,3.5823612682976957,-18.747282727694436
2396.4460683220414,0.0081917932257056,3.60094666481018,3.582406997892105,-18.53966691807507
2397.4614126800416,0.011071109212935,3.60094666481018,3.5824586250838153,-18.488039726364924
2398.4740716515216,0.0096314512193203,3.60094666481018,3.5824551230793484,-18.491541730831784
2399.4879986435517,0.00783187802881,3.60094666481018,3.5824353213014652,-18.511343508714972
2400.5020165876513,0.0071120494976639,3.60094666481018,3.5824276746286627,-18.51899018151748
2401.5159856936716,0.0092715369537472,3.60110855102539,3.5824616240492846,-18.646926976105593
2402.5299693095617,0.0096314512193203,3.60110855102539,3.582476261067935,-18.63228995745514
2403.5439412467813,0.00783187802881,3.60094666481018,3.5824568939867816,-18.489770823398644
2404.5593146245014,0.00783187802881,3.60094666481018,3.5824602537780668,-18.48641103211346
2405.5718989232714,0.0085517074912786,3.60094666481018,3.5824769324126624,-18.469732397517813
2406.5858736916816,0.0103512806817889,3.60094666481018,3.5825107245679955,-18.435940242184756
2407.5998357197213,0.0103512806817889,3.60094666481018,3.582523554175053,-18.423110635127138
2408.6138635730013,0.0107111949473619,3.60094666481018,3.5825380361953862,-18.408628614793976
2409.6278369258116,0.0081917932257056,3.60094666481018,3.5825091326713654,-18.437532138814827
2410.6418300969713,0.007471963763237,3.60094666481018,3.582499543296046,-18.447121514134412
2411.6571617146014,0.0081917932257056,3.60078477859497,3.5825116183968744,-18.27316019809544
2412.6697877734714,0.0067521347664296,3.60094666481018,3.5824925332436566,-18.454131566523646
2413.6837597106814,0.0053124763071537,3.60110855102539,3.5824695126589106,-18.63903836647962
2414.6977751774916,0.0049525620415806,3.60094666481018,3.582460634668953,-18.486030141227072
2415.7117361438313,0.0045926473103463,3.60094666481018,3.582456646011846,-18.49001879833434
2416.7257406397716,0.0071120494976639,3.60094666481018,3.5824930422835024,-18.453622526677815
2417.7397125769817,0.0099913654848933,3.60094666481018,3.582545873068186,-18.400791741994382
2418.7550824157215,0.0096314512193203,3.60094666481018,3.582554565561514,-18.39209924866614
2419.7676500812313,0.0089116217568516,3.60094666481018,3.582555485655014,-18.391179155166082
2420.7816662558316,0.0107111949473619,3.60110855102539,3.582588303929525,-18.520247095865194
2421.7956541185113,0.0096314512193203,3.60094666481018,3.5825846881912566,-18.36197661892358
2422.8096359649016,0.0081917932257056,3.60094666481018,3.582568261277564,-18.37840353261644
2423.8235785284915,0.0067521347664296,3.60094666481018,3.582550360655861,-18.396304154319143
2424.8376085051614,0.0071120494976639,3.60078477859497,3.58255442862154,-18.23034997342976
2425.8529185349516,0.00783187802881,3.60078477859497,3.582569020969323,-18.215757625646756
2426.8655739674414,0.0081917932257056,3.60094666481018,3.5825812376792383,-18.365427130941914
2427.8795444890616,0.0092715369537472,3.60094666481018,3.5826038087462875,-18.342856063892743
2428.8939156244815,0.0096314512193203,3.60094666481018,3.5826197080543505,-18.326956755829737
2429.9075071201414,0.011071109212935,3.60110855102539,3.582647861431534,-18.460689593856383
2430.9215066614915,0.00783187802881,3.60094666481018,3.582612778456119,-18.333886354061413
2431.9354594881515,0.0067521347664296,3.60078477859497,3.582598548588573,-18.18623000639663
2432.9508300346815,0.0085517074912786,3.60094666481018,3.5826260039942808,-18.320660815899448
2433.9634083171713,0.011071109212935,3.60110855102539,3.5826722462479736,-18.436304777416535
2434.9774361704513,0.0099913654848933,3.60094666481018,3.582667872437163,-18.27879237301744
2435.9913974906913,0.004232732579112,3.60094666481018,3.5825849629001487,-18.361701910031503
2437.0054387921314,0.004232732579112,3.60094666481018,3.582574367450047,-18.37229736013324
2438.0193381800314,0.0092715369537472,3.60094666481018,3.582648491103364,-18.29817370681619
2439.0333678028014,0.0096314512193203,3.60094666481018,3.582668097800361,-18.278567009819113
2440.0487082679115,0.00783187802881,3.60110855102539,3.5826509446621264,-18.457606363263768
2441.0613428203515,0.0071120494976639,3.60094666481018,3.5826435971502955,-18.303067659884764
2442.0753161731614,0.0081917932257056,3.60110855102539,3.5826616379521408,-18.446913073249416
2443.0893411952516,0.00783187802881,3.60094666481018,3.582664210609885,-18.282454200295284
2444.1032759730615,0.0081917932257056,3.60094666481018,3.5826705800603977,-18.276084749782484
2445.1172794072913,0.007471963763237,3.60094666481018,3.5826693292653524,-18.2773355448278
2446.1312332956513,0.0092715369537472,3.60094666481018,3.5827002143422715,-18.246450467908737
2447.1466133974614,0.0099913654848933,3.60110855102539,3.582722533801675,-18.386017223715356
2448.1591743388913,0.0107111949473619,3.60094666481018,3.582744908656693,-18.201756153487292
2449.1732064389616,0.0053124763071537,3.60094666481018,3.5826706301874895,-18.276034622690673
2450.1871889931513,0.0081917932257056,3.60094666481018,3.582705888354995,-18.24077645518507
2451.2011743785315,0.0063922200351953,3.60078477859497,3.5826862982448304,-18.09848035013939
2452.2151190655113,0.007471963763237,3.60094666481018,3.5827028284349547,-18.24383637522553
2453.2291200224513,0.0024331600870937,3.60094666481018,3.5826274331355794,-18.31923167460081
2454.2444491627916,0.00783187802881,3.60078477859497,3.5827004661866475,-18.08431240832231
2455.2571201668516,0.00783187802881,3.60094666481018,3.5827130228933926,-18.23364191678767
2456.2710637921314,0.007471963763237,3.60078477859497,3.582715085713725,-18.069692881244936
2457.2851709188117,0.0099913654848933,3.60110855102539,3.5827610278266433,-18.347523198746885
2458.2991428560313,0.0092715369537472,3.60094666481018,3.5827629217614327,-18.18374304874748
2459.3130259645613,0.007471963763237,3.60094666481018,3.582744528851998,-18.202135958182097
2460.3269901160015,0.00783187802881,3.60078477859497,3.582750524381057,-18.034254213912693
2461.3423765879916,0.0071120494976639,3.60078477859497,3.5827440632517535,-18.040715343216274
2462.3549431918013,0.0081917932257056,3.60078477859497,3.582764205762785,-18.020572832184723
2463.3689551196217,0.007471963763237,3.60094666481018,3.5827596072460195,-18.187057564160725
2464.3829199788515,0.0081917932257056,3.60078477859497,3.5827744880191736,-18.010290575796173
2465.3969389846516,0.00783187802881,3.60094666481018,3.5827769404451453,-18.169724365034945
2466.4108808404417,0.0092715369537472,3.60094666481018,3.5828030060318112,-18.143658778368987
2467.4249193106916,0.0081917932257056,3.60094666481018,3.582797349071228,-18.149315738952065
2468.4404038127414,0.00783187802881,3.60094666481018,3.5827943006739327,-18.152364136247545
2469.4776488638213,0.005672391038388,3.60078477859497,3.5827655095953497,-18.01926899962014
2470.4824059757716,0.00783187802881,3.60094666481018,3.5827957242895097,-18.150940520670567
2471.4977910321713,0.0060323057696223,3.60078477859497,3.5827761451292655,-18.00863346570436
2472.5103990421817,0.0063922200351953,3.60094666481018,3.582782147930352,-18.16451687982834
2473.5244045998115,0.0103512806817889,3.60094666481018,3.582846364042594,-18.100300767586397
2474.5383758292314,0.0081917932257056,3.60094666481018,3.5828285372100264,-18.118127600153855
2475.5523551983315,0.0045926473103463,3.60094666481018,3.5827769411534023,-18.169723656777936
2476.5663285511414,0.0035129035823047,3.60110855102539,3.5827552675147767,-18.353283510613494
2477.5803351704712,0.0085517074912786,3.60094666481018,3.5828288144915548,-18.11785031862545
2478.5956674959016,0.0085517074912786,3.60094666481018,3.5828422252656376,-18.10443954454266
2479.6083062951316,0.0089116217568516,3.60094666481018,3.5828542102601024,-18.092454550077797
2480.6222311637616,0.00783187802881,3.60078477859497,3.5828481262140834,-17.936652380886375
2481.6362653872216,0.0081917932257056,3.60094666481018,3.582857788811498,-18.08887599868214
2482.6502139671015,0.0081917932257056,3.60094666481018,3.582863850916935,-18.082813893245397
2483.6642428820714,0.007471963763237,3.60094666481018,3.582858737147991,-18.08792766218925
2484.6781879229616,0.0063922200351953,3.60094666481018,3.5828468781305816,-18.09978667959866
2485.6935715637514,0.0092715369537472,3.60110855102539,3.582891067446127,-18.217483579263227
2486.7061792198715,0.0071120494976639,3.60094666481018,3.582869020335539,-18.077644474641108
2487.7201568194714,0.007471963763237,3.60094666481018,3.5828773251271975,-18.069339682982744
2488.7341330034715,0.00783187802881,3.60078477859497,3.582888453283587,-17.896325311382633
2489.7481523631714,0.0089116217568516,3.60078477859497,3.5829118235215525,-17.87295507341735
2490.7620956345613,0.0089116217568516,3.60110855102539,3.5829201002274345,-18.188450797955724
2491.7760965915013,0.0081917932257056,3.60094666481018,3.5829163228622876,-18.03034194789266
2492.7914140531716,0.007471963763237,3.60094666481018,3.5829114407364293,-18.03522407375091
2493.8040620537813,0.0085517074912786,3.60094666481018,3.5829313620262035,-18.015302783976672
2494.8180028478714,0.0096314512193203,3.60110855102539,3.58295638049951,-18.15217052588025
2495.8320253926613,0.0096314512193203,3.60094666481018,3.5829636711944484,-17.982993615731857
2496.8459884824015,0.007471963763237,3.60094666481018,3.582940843587929,-18.00582122225114
2497.8600025336114,0.00783187802881,3.60094666481018,3.5829467399850965,-17.999924825083724
2498.8739560680715,0.00783187802881,3.60094666481018,3.5829515587249117,-17.995106085268553
2499.8896713123513,0.00783187802881,3.60094666481018,3.582956216268349,-17.990448541831405
2500.9019268388315,0.0081917932257056,3.60094666481018,3.582966239233466,-17.98042557671442
2501.9159341659615,0.0081917932257056,3.60094666481018,3.582971526277182,-17.97513853299826
2502.9298593884914,0.0071120494976639,3.60094666481018,3.582962108582641,-17.98455622753936
2503.9439176770916,0.007471963763237,3.60078477859497,3.582969238772315,-17.815539822654713
2504.9578697959614,0.007471963763237,3.60094666481018,3.5829765123911845,-17.97015241899569
2505.9718813698814,0.0096314512193203,3.60094666481018,3.583013075498462,-17.93358931171829
2506.9871882145717,0.0089116217568516,3.60110855102539,3.583013201829323,-18.095349196067367
2507.9998277216014,0.00783187802881,3.60094666481018,3.583004861105564,-17.941803704616177
2509.0137731163813,0.0092715369537472,3.60094666481018,3.583028995372982,-17.917669437198303
2510.0277935377817,0.0081917932257056,3.60094666481018,3.58302129388831,-17.925370921870076
2511.0417460105414,0.00783187802881,3.60094666481018,3.583019888183506,-17.92677662667419
2512.0557717404213,0.007471963763237,3.60094666481018,3.5830190369282326,-17.927627881947572
2513.0697015636415,0.00783187802881,3.60094666481018,3.583027154656118,-17.919510154062124
2514.0851113929816,0.00783187802881,3.60078477859497,3.5830319373565307,-17.75284123843912
2515.0977045392315,0.007471963763237,3.60094666481018,3.5830300176376038,-17.91664717257646
2516.1117019571816,0.0060323057696223,3.60078477859497,3.583013524910928,-17.771253684041977
2517.1256738943916,0.007471963763237,3.60094666481018,3.583035425174586,-17.911239635594267
2518.1396557407816,0.0092715369537472,3.60094666481018,3.5830703140050515,-17.876350805128727
2519.1536280319015,0.00783187802881,3.60078477859497,3.583059274022794,-17.725504572176032
2520.1676300505414,0.0081917932257056,3.60078477859497,3.5830692932412513,-17.715485353718474
2521.1829613142713,0.0099913654848933,3.60094666481018,3.583102635394621,-17.84402941555907
2522.1956103765815,0.00783187802881,3.60094666481018,3.5830806041628254,-17.866060647354853
2523.2095292289314,0.0085517074912786,3.60094666481018,3.5830945193954173,-17.852145414762877
2524.2235634523913,0.0085517074912786,3.60110855102539,3.5831006439791446,-18.007907046245553
2525.2375276038215,0.00783187802881,3.60094666481018,3.5830948363429758,-17.851828467204456
2526.2515359926515,0.0067521347664296,3.60110855102539,3.5830823282343536,-18.026222791036606
2527.2654651080716,0.0085517074912786,3.60094666481018,3.583111690795503,-17.83497401467704
2528.2808618431413,0.0089116217568516,3.60094666481018,3.5831246739797806,-17.821990830399592
2529.2936570657816,0.0063922200351953,3.60078477859497,3.583095542958784,-17.689235636185963
2530.3074747029814,0.0089116217568516,3.60094666481018,3.583132880091974,-17.81378471820627
2531.3214225750617,0.0103512806817889,3.60094666481018,3.583165320893406,-17.78134391677444
2532.3354253015013,0.0049525620415806,3.60094666481018,3.5830923524855405,-17.854312324639743
2533.3493894529315,0.0027930745854973,3.60094666481018,3.5830536005288263,-17.893064281353954
2534.3634119977214,0.0081917932257056,3.60094666481018,3.5831268914719065,-17.81977333827367
2535.3787354756714,0.0096314512193203,3.60078477859497,3.5831617684152097,-17.62301017976009
2536.3913604728414,0.007471963763237,3.60094666481018,3.5831405876361777,-17.80607717400251
2537.4053309944616,0.0060323057696223,3.60094666481018,3.5831231225057683,-17.823542304411966
2538.4193333670014,0.00783187802881,3.60110855102539,3.5831500667045613,-17.958484320828916
2539.4333056581113,0.0096314512193203,3.60094666481018,3.5831841672060603,-17.762497604119964
2540.4472652088616,0.0060323057696223,3.60094666481018,3.5831416265442737,-17.805038265906514
2541.4612647502113,0.00783187802881,3.60094666481018,3.583168109353084,-17.778555457096168
2542.4766314038516,0.0099913654848933,3.60094666481018,3.5832071865446493,-17.739478265530906
2543.4892344592713,0.0089116217568516,3.60094666481018,3.583201496494263,-17.745168315917326
2544.5032315233316,0.0035129035823047,3.60094666481018,3.583125470045808,-17.821194764372272
2545.5171946130613,0.0060323057696223,3.60094666481018,3.5831537705663075,-17.79289424387276
2546.5312044174816,0.00783187802881,3.60078477859497,3.583185446176349,-17.599332418620772
2547.5451639682315,0.0089116217568516,3.60094666481018,3.5832104117287487,-17.736253081431563
2548.5591525387013,0.007471963763237,3.60094666481018,3.583199099154736,-17.74756565544422
2549.5745068058814,0.0081917932257056,3.60094666481018,3.5832140694733337,-17.73259533684657
2550.5873303404514,0.0092715369537472,3.60078477859497,3.5832363181665645,-17.5484604284053
2551.6011086948515,0.00783187802881,3.60110855102539,3.583224548262843,-17.88400276254709
2552.6150898334413,0.0067521347664296,3.60094666481018,3.5832102836168107,-17.73638119336951
2553.6290769883217,0.0049525620415806,3.60094666481018,3.583184403315469,-17.76226149471105
2554.6430581269115,0.007471963763237,3.60110855102539,3.583219687535316,-17.888863490074236
2555.6570328953217,0.0049525620415806,3.60094666481018,3.5831884334710553,-17.758231339124908
2556.6725892388913,0.005672391038388,3.60078477859497,3.5831970091593734,-17.587769435596368
2557.6850004809917,0.0063922200351953,3.60094666481018,3.5832113485657313,-17.735316244448907
2558.6989940060616,0.007471963763237,3.60094666481018,3.5832318764939806,-17.71478831619966
2559.7307720235412,0.0067521347664296,3.60078477859497,3.583228915772592,-17.555862822377755
2560.7425678350714,0.00783187802881,3.60094666481018,3.5832492012579134,-17.697463552266868
2561.7565326943113,0.0071120494976639,3.60078477859497,3.5832471142175315,-17.53766437743831
2562.7705219725813,0.0081917932257056,3.60094666481018,3.583267034434709,-17.679630375471156
2563.7844988643815,0.0071120494976639,3.60078477859497,3.5832583871327666,-17.52639146220325
2564.7985065454113,0.0067521347664296,3.60094666481018,3.5832570495862663,-17.68961522391388
2565.8124551252813,0.0081917932257056,3.60094666481018,3.5832825201150507,-17.664144695129558
2566.8278366426916,0.0085517074912786,3.60094666481018,3.583297157780765,-17.649507029415368
2567.8404011231114,0.005672391038388,3.60078477859497,3.58326035284169,-17.524425753279615
2568.8544268529913,0.0060323057696223,3.60078477859497,3.583263949209476,-17.52082938549382
2569.8683595074017,0.0092715369537472,3.60078477859497,3.5833155984341776,-17.46918016079224
2570.8827140095714,0.0081917932257056,3.60094666481018,3.5833130497997745,-17.633615010405723
2571.8966558653615,0.0089116217568516,3.60094666481018,3.5833307360712516,-17.615928738928588
2572.9103726413114,0.0092715369537472,3.60094666481018,3.5833441847127174,-17.60248009746279
2573.9256830249915,0.0027930745854973,3.60094666481018,3.583251572907351,-17.69509190282914
2574.9383158079413,0.00783187802881,3.60094666481018,3.5833149423735455,-17.63172243663469
2575.9522891607517,0.00783187802881,3.60078477859497,3.5833268007651475,-17.45797782982228
2576.9663074587515,0.0071120494976639,3.60094666481018,3.5833222275995182,-17.62443721066198
2577.9804082152514,0.0063922200351953,3.60094666481018,3.5833147742520497,-17.631890558130525
2578.9942729210316,0.00783187802881,3.60094666481018,3.5833403555932395,-17.60630921694073
2580.0082183158115,0.00783187802881,3.60094666481018,3.5833475282759224,-17.59913653425782
2581.0236090345916,0.0063922200351953,3.60094666481018,3.583333037352909,-17.613627457271352
2582.0362021808414,0.00783187802881,3.60094666481018,3.58335647750614,-17.59018730404005
2583.0501953520115,0.0085517074912786,3.60094666481018,3.583375554695581,-17.571110114599442
2584.0641563183513,0.0089116217568516,3.60094666481018,3.583389109912522,-17.55755489765809
2585.0781735546516,0.0024331600870937,3.60078477859497,3.583296563827086,-17.488214767883647
2586.0921345209913,0.0067521347664296,3.60094666481018,3.583349041212016,-17.59762359816408
2587.1061443254116,0.00783187802881,3.60078477859497,3.583374983749839,-17.409794845130833
2588.1200982137816,0.0092715369537472,3.60094666481018,3.5834052814521953,-17.54138335798494
2589.1340938622316,0.0053124763071537,3.60094666481018,3.5833559717943757,-17.590693015804515
2590.1480611987613,0.005672391038388,3.60094666481018,3.5833586077721753,-17.588057038004923
2591.1620614479016,0.007471963763237,3.60094666481018,3.5833870985210887,-17.5595662890915
2592.1760309078213,0.00783187802881,3.60094666481018,3.583399136014762,-17.5475287954181
2593.1899695785214,0.0060323057696223,3.60094666481018,3.5833793298432806,-17.56733496689966
2594.2039415157415,0.0085517074912786,3.60110855102539,3.5834185132490854,-17.690037776304735
2595.2193584230613,0.00783187802881,3.60110855102539,3.5834188474883595,-17.6897035370307
2596.2319784656415,0.0049525620415806,3.60094666481018,3.58338006277387,-17.56660203631011
2597.2459670361113,0.0071120494976639,3.60094666481018,3.5834104128795548,-17.53625193062547
2598.2599255251616,0.0096314512193203,3.60094666481018,3.5834531802935716,-17.493484516608593
2599.2742028773214,0.0067521347664296,3.60094666481018,3.58342647494911,-17.52018986107018
2600.2880371477713,0.007471963763237,3.60078477859497,3.583437295199365,-17.34748339560488
2601.3019004379616,0.00783187802881,3.60110855102539,3.583446730725002,-17.661820300387987
2602.3172447959614,0.0067521347664296,3.60094666481018,3.5834376723065997,-17.50899250358051
2603.3298782867114,0.0067521347664296,3.60078477859497,3.5834391405104458,-17.34563808452405
2604.3438268665814,0.0063922200351953,3.60094666481018,3.583436979051862,-17.509685758318128
2605.3578207455416,0.0060323057696223,3.60094666481018,3.58343588478578,-17.51078002440032
2606.3718036536316,0.007471963763237,3.60078477859497,3.583459365392014,-17.325413202955886
2607.3857964708914,0.00783187802881,3.60094666481018,3.5834719418383725,-17.474722971807743
2608.3997730088013,0.005672391038388,3.60094666481018,3.583447035976434,-17.49962883374634
2609.4150770223014,0.0071120494976639,3.60094666481018,3.583468274881868,-17.47838992831241
2610.4277395327713,0.0081917932257056,3.60078477859497,3.5834906642698217,-17.294114325148158
2611.4417298727417,0.00783187802881,3.60110855102539,3.583495289344894,-17.61326168049626
2612.4557000404616,0.0092715369537472,3.60094666481018,3.5835219779059386,-17.424686904241593
2613.4696981662114,0.0049525620415806,3.60110855102539,3.5834667513134435,-17.641799711946682
2614.4836655027416,0.0071120494976639,3.60094666481018,3.583494920026965,-17.451744783215428
2615.4976544271117,0.0081917932257056,3.60094666481018,3.5835177826017666,-17.428882208413654
2616.5129917071313,0.00783187802881,3.60094666481018,3.58352125922532,-17.425405584860165
2617.5256216588814,0.0063922200351953,3.60078477859497,3.5835056806677823,-17.279097927187514
2618.5396042130715,0.00783187802881,3.60094666481018,3.5835289538728703,-17.417710937309927
2619.5535927835513,0.0092715369537472,3.60078477859497,3.583558722827074,-17.2260557678956
2620.5675721526413,0.0060323057696223,3.60110855102539,3.5835188564809832,-17.589694544406953
2621.5815685089015,0.0063922200351953,3.60094666481018,3.583523940484345,-17.422724325835137
2622.5955315986416,0.0099913654848933,3.60094666481018,3.58358055553814,-17.366109272040298
2623.6109024990715,0.0053124763071537,3.60094666481018,3.5835221649470728,-17.424499863107457
2624.6235190026614,0.0024331600870937,3.60094666481018,3.5834753940885875,-17.471270721592713
2625.6374944788613,0.0060323057696223,3.60094666481018,3.583520854097423,-17.425810712757173
2626.6514048376316,0.0089116217568516,3.60094666481018,3.5835721347648697,-17.374530045310532
2627.6654592333416,0.0067521347664296,3.60110855102539,3.583552257486009,-17.55629353938115
2628.6794453265215,0.0071120494976639,3.60094666481018,3.583561619554362,-17.385045255818188
2629.6934349587013,0.0092715369537472,3.60094666481018,3.5836005685826926,-17.346096227487617
2630.7087757777012,0.0063922200351953,3.60094666481018,3.583567971301344,-17.37869350883603
2631.7213954663916,0.0067521347664296,3.60094666481018,3.58357327194793,-17.37339286225037
2632.7353804978716,0.0060323057696223,3.60078477859497,3.5835652538736027,-17.21952472136712
2633.7493623442615,0.0060323057696223,3.60094666481018,3.583567274663567,-17.37939014661327
2634.7633349892712,0.0071120494976639,3.60078477859497,3.583582266675655,-17.202511919314656
2635.7773182512615,0.0024331600870937,3.60094666481018,3.583518734897916,-17.42792991226416
2636.7913096529314,0.0071120494976639,3.60094666481018,3.5835806875678733,-17.36597724230693
2637.8066759526714,0.0071120494976639,3.60094666481018,3.583591414475106,-17.355250335074235
2638.8192690989213,0.0060323057696223,3.60110855102539,3.5835824600002737,-17.526091025116486
2639.8332718253614,0.0071120494976639,3.60078477859497,3.583601191664445,-17.183586930524797
2640.8472331456014,0.007471963763237,3.60094666481018,3.5836135351748934,-17.33312963528677
2641.8612252550715,0.007471963763237,3.60094666481018,3.5836227768563353,-17.323887953844874
2642.8752184262316,0.0085517074912786,3.60094666481018,3.583643805526541,-17.302859283639282
2643.8895194896213,0.0071120494976639,3.60094666481018,3.583631265165988,-17.315399644192375
2644.9045520625014,0.0063922200351953,3.60094666481018,3.583623404257525,-17.323260552655206
2645.9171558257217,0.0060323057696223,3.60094666481018,3.5836273487827004,-17.319316027479825
2646.0419335770716,0.0071120494976639,3.60110855102539,3.583638838435843,-17.469712589547104
2646.0425014149814,0.0079601788893342,3.60078477859497,3.5836456364484914,-17.13914214647838
2647.0595637171114,0.0,3.60078477859497,3.583533488479964,-17.251290115005702
2648.0748939191517,0.0,3.60062289237976,3.583510488430025,-17.11240394973501
2649.0874760945217,0.0,3.60062289237976,3.583499131976377,-17.123760403382704
2650.1014887301317,0.0,3.60062289237976,3.5834905147860896,-17.132377593670256
2651.1155169373114,0.0,3.60046076774597,3.5834835402047007,-16.97722754126918
2652.1294828582413,0.0,3.60046076774597,3.583477734763335,-16.983032982635038
2653.1434728443114,0.0,3.60046076774597,3.5834727344080646,-16.98803333790533
2654.1574688466717,0.0,3.60013699531555,3.583468354326263,-16.66864098928711
2655.1728199287513,0.0,3.60029888153076,3.5834644688847646,-16.83441264599539
2656.0463533708016,0.0,3.60013699531555,3.5834651697042728,-16.671825611277225
2657.0594969538515,0.0265474356710911,3.60078477859497,3.5838749225341155,-16.909856060854267
2658.0734894172115,0.0164698269218206,3.60110855102539,3.583807745697784,-17.300805327606028
2659.0874549842515,0.0121508529409766,3.60094666481018,3.583763125243438,-17.183539566742123
2660.1014393079313,0.011071109212935,3.60110855102539,3.5837555006210415,-17.353050404348647
2661.1154165536313,0.0096314512193203,3.60094666481018,3.5837395098139293,-17.207154996250917
2662.1294093709016,0.0060323057696223,3.60094666481018,3.583689993720421,-17.256671089759035
2663.1447091376112,0.00783187802881,3.60094666481018,3.583713080011241,-17.233584798939106
2664.1573730636815,0.0060323057696223,3.60078477859497,3.5836913128243673,-17.093465770602556
2665.1713623419514,0.00783187802881,3.60078477859497,3.583717851340387,-17.066927254582698
2666.1790044395216,0.0071120494976639,3.60094666481018,3.583713731607695,-17.232933202485423
2667.1850999979515,0.005672391038388,3.60078477859497,3.5836948516120555,-17.08992698291434
2668.1989317911116,0.0053124763071537,3.60094666481018,3.583690526989494,-17.256137820686135
2669.2129702613615,0.0092715369537472,3.60094666481018,3.583750765610387,-17.195899199793363
2670.2269807735815,0.00783187802881,3.60078477859497,3.5837443824426733,-17.040396152296466
2671.2408603431313,0.0081917932257056,3.60110855102539,3.583752761962894,-17.35578906249602
2672.2549218168215,0.0053124763071537,3.60110855102539,3.5837164066990557,-17.392144326334513
2673.2689029554112,0.0063922200351953,3.60078477859497,3.583730557170507,-17.054221424462668
2674.2830320238413,0.0071120494976639,3.60078477859497,3.5837466838903924,-17.0380947045774
2675.2967746344216,0.0089116217568516,3.60094666481018,3.583777079621308,-17.169585188872016
2676.3109235212014,0.0049525620415806,3.60094666481018,3.5837284072494784,-17.218257560701833
2677.3247967205616,0.0060323057696223,3.60062289237976,3.5837413791845747,-16.88151319518516
2678.3387406997513,0.00783187802881,3.60094666481018,3.5837721047308126,-17.174560079367573
2679.3531167897513,0.0067521347664296,3.60094666481018,3.583764218953432,-17.18244585674844
2680.3670356421017,0.003872818313539,3.60094666481018,3.583726740561995,-17.219924248185414
2681.3810903917115,0.0092715369537472,3.60094666481018,3.5838027205296474,-17.143944280532786
2682.3949211231816,0.0081917932257056,3.60110855102539,3.5838011983627616,-17.307352662628617
2683.4089981684315,0.0017133308574557,3.60094666481018,3.583705942519285,-17.24072229089524
2684.4229545340913,0.00207324558869,3.60094666481018,3.5836979682376184,-17.248696572561784
2685.4356205835516,0.00783187802881,3.60094666481018,3.583781932964495,-17.16473184568512
2686.4494399902514,0.0085517074912786,3.60094666481018,3.583807857275106,-17.13880753507402
2687.4646636686516,0.005672391038388,3.60094666481018,3.583776156601514,-17.17050820866639
2688.4789608391516,0.007471963763237,3.60094666481018,3.583803620916574,-17.143043893606436
2689.4925657829813,0.0063922200351953,3.60094666481018,3.5837965844151825,-17.15008039499777
2690.5066881273215,0.0089116217568516,3.60094666481018,3.5838376594673766,-17.109005342803574
2691.5205687585712,0.0060323057696223,3.60078477859497,3.5838051790831393,-16.97959951183048
2692.5345169845414,0.0067521347664296,3.60110855102539,3.5838176263713173,-17.290924654072892
2693.5488240642217,0.00783187802881,3.60094666481018,3.5838397890501468,-17.106875760033446
2694.5625769378817,0.0089116217568516,3.60094666481018,3.5838640117968983,-17.082653013281934
2695.5766355803817,0.0060323057696223,3.60094666481018,3.583830539250806,-17.11612555937414
2696.5904631267613,0.0053124763071537,3.60078477859497,3.5838183026819967,-16.966475912973067
2697.6045380486216,0.0063922200351953,3.60094666481018,3.5838346583533767,-17.112006456803552
2698.6184873362913,0.0067521347664296,3.60078477859497,3.583843978078428,-16.9408005165419
2699.6318636612914,0.0049525620415806,3.60078477859497,3.583821226055724,-16.963552539245974
2700.6464152852614,0.0063922200351953,3.60094666481018,3.5838423868480644,-17.104277962115777
2701.6604265052815,0.005672391038388,3.60094666481018,3.5838363467460614,-17.11031806411878
2702.6745492035216,0.0049525620415806,3.60094666481018,3.583828506088418,-17.118158721762367
2703.6882978303915,0.0063922200351953,3.60094666481018,3.5838515605519197,-17.09510425826055
2704.7023830153216,0.00783187802881,3.60110855102539,3.5838811438708826,-17.227407154507546
2705.7163372575815,0.0071120494976639,3.60094666481018,3.5838797218581755,-17.066942952004727
2706.7302720353914,0.007471963763237,3.60094666481018,3.583890800640837,-17.055864169343238
2707.7445281536016,0.0081917932257056,3.60094666481018,3.5839084036748123,-17.038261135367883
2708.7583369433214,0.0053124763071537,3.60110855102539,3.583871921423393,-17.236629601997233
2709.7724246055514,0.0060323057696223,3.60094666481018,3.5838805392884256,-17.06612552175457
2710.7862160542113,0.005672391038388,3.60094666481018,3.583879080300666,-17.067584509514067
2711.8002644336416,0.0071120494976639,3.60094666481018,3.5839028537923694,-17.043811017810828
2712.8142611437916,0.0063922200351953,3.60094666481018,3.583898860081626,-17.047804728554272
2713.8281534537014,0.0053124763071537,3.60078477859497,3.583886402495567,-16.898376099403034
2714.8422400542313,0.0053124763071537,3.60094666481018,3.5838875895152364,-17.05907529494377
2715.8562657841117,0.0067521347664296,3.60094666481018,3.583911861573738,-17.03480323644202
2716.8704305963515,0.00783187802881,3.60094666481018,3.583936440843621,-17.010223966559046
2717.8841548041814,0.0099913654848933,3.60110855102539,3.583978731387995,-17.129819637395016
2718.8976001395113,0.0035129035823047,3.60078477859497,3.5838935318454106,-16.89124674955922
2719.9121464549917,0.005672391038388,3.60094666481018,3.5839160618233126,-17.03060298686765
2720.9260617683512,0.0089116217568516,3.60094666481018,3.5839704858065025,-16.97617900367776
2721.9400988230013,0.0063922200351953,3.60094666481018,3.5839443098749424,-17.00235493523783
2722.9684755160615,0.0071120494976639,3.60094666481018,3.5839579181537182,-16.988746656461995
2723.9823738422615,0.00783187802881,3.60110855102539,3.5839752734078805,-17.133277617509712
2724.9963882473717,0.0081917932257056,3.60094666481018,3.583986565038196,-16.960099771984094
2726.0103159471914,0.0053124763071537,3.60094666481018,3.5839509521454658,-16.995712664714446
2727.0256121749117,0.0063922200351953,3.60094666481018,3.5839647531599965,-16.9819116501837
2728.0383362638313,0.0060323057696223,3.60094666481018,3.5839652772984825,-16.981387511697754
2729.0523212953117,0.007471963763237,3.60094666481018,3.583989587339469,-16.95707747071129
2730.0662882779416,0.0063922200351953,3.60094666481018,3.583979997650105,-16.96666716007522
2731.0802658775415,0.0060323057696223,3.60094666481018,3.583976438494334,-16.970226315846215
2732.0942498473314,0.0053124763071537,3.60094666481018,3.5839682896029657,-16.97837520721457
2733.1082313398215,0.0053124763071537,3.60094666481018,3.5839665555999267,-16.980109210253502
2734.1234907620315,0.003872818313539,3.60110855102539,3.583945558229863,-17.16299279552702
2735.1362261757313,0.0027930745854973,3.60094666481018,3.5839273176989743,-17.019347111205896
2736.1501588301417,0.0053124763071537,3.60078477859497,3.5839623408822923,-16.82243771267755
2737.1641686345615,0.005672391038388,3.60078477859497,3.583973428435272,-16.811350159697813
2738.1781377405814,0.005672391038388,3.60094666481018,3.5839801621053016,-16.96650270487865
2739.1921517917913,0.0067521347664296,3.60094666481018,3.5840025391668284,-16.944125643351793
2740.2060844462117,0.0092715369537472,3.60094666481018,3.5840502207049254,-16.896444105254815
2741.2213980149813,0.0071120494976639,3.60094666481018,3.5840311151351747,-16.915549675005526
2742.2340573403617,0.0067521347664296,3.60110855102539,3.5840282497501823,-17.080301275207876
2743.2480862553416,0.005672391038388,3.60094666481018,3.584014189318514,-16.93247549166621
2744.2620879200813,0.003152989083901,3.60094666481018,3.5839778151798316,-16.968849630348615
2745.2760403928414,0.0067521347664296,3.60094666481018,3.5840265770653676,-16.920087744812573
2746.2900034825816,0.0027930745854973,3.60094666481018,3.5839732450688375,-16.9734197413427
2747.3040019622313,0.0009935018606483,3.60094666481018,3.583938653498119,-17.0080113120612
2748.3192482901713,0.003872818313539,3.60094666481018,3.583974942269602,-16.971722540578327
2749.3319667167116,0.007471963763237,3.60094666481018,3.5840337928431,-16.912871967080356
2750.3463130791915,0.0089116217568516,3.60110855102539,3.5840691708415227,-17.039380183867525
2751.3598932500813,0.005672391038388,3.60094666481018,3.584037466706923,-16.909198103257417
2752.3738733269815,0.005672391038388,3.60094666481018,3.5840370430204893,-16.90962178969091
2753.3879057809413,0.00783187802881,3.60094666481018,3.584072191079281,-16.87447373089901
2754.4018532991213,0.0071120494976639,3.60094666481018,3.584072676580574,-16.873988229606063
2755.4171449261516,0.007471963763237,3.60094666481018,3.5840821019711,-16.86456283908022
2756.4297755857015,0.0049525620415806,3.60094666481018,3.5840506405799784,-16.896024230201867
2757.4438289197215,0.0063922200351953,3.60094666481018,3.584072468388213,-16.87419642196719
2758.4578047498217,0.0081917932257056,3.60110855102539,3.58410570268943,-17.00284833596033
2759.4718329570014,0.0081917932257056,3.6012704372406,3.5841168167395514,-17.15362050104874
2760.4857617185216,0.00207324558869,3.60094666481018,3.5840300038395276,-16.916660970652586
2761.4997616137716,0.0035129035823047,3.60094666481018,3.58403878306942,-16.90788174076019
2762.5150730591513,0.0071120494976639,3.60078477859497,3.584093609520199,-16.691169074770862
2763.5277330923313,0.007471963763237,3.60110855102539,3.5841113207235256,-16.99723030186462
2764.5417149387213,0.0053124763071537,3.60094666481018,3.5840870010211376,-16.85966378904258
2765.5556964312113,0.0071120494976639,3.60110855102539,3.584114611594007,-16.993939431383165
2766.5696704918214,0.00783187802881,3.60110855102539,3.584133753633466,-16.974797391924312
2767.5836594162015,0.005672391038388,3.60094666481018,3.5841101390281636,-16.836525782016665
2768.5976409086916,0.0063922200351953,3.60094666481018,3.584121448939577,-16.82521587060304
2769.6129704029213,0.0096314512193203,3.60094666481018,3.5841767765651587,-16.76988824502157
2770.6256042475716,0.00207324558869,3.60094666481018,3.5840762499948107,-16.87041481536955
2771.6396076818114,0.0060323057696223,3.60078477859497,3.5841223778782267,-16.662400716743075
2772.6535704176513,0.0053124763071537,3.60094666481018,3.5841178983350113,-16.828766475168955
2773.6675696050916,0.0049525620415806,3.60094666481018,3.584115161983164,-16.831502827016287
2774.6815472046915,0.0067521347664296,3.60110855102539,3.584144349472013,-16.9642015533773
2775.6955276354915,0.0067521347664296,3.60110855102539,3.5841518055486077,-16.956745476782498
2776.7108259866013,0.0053124763071537,3.60094666481018,3.5841366351536394,-16.81002965654077
2777.7235054842313,0.0063922200351953,3.60094666481018,3.5841535307330306,-16.793134077149663
2778.7375630650413,0.0049525620415806,3.60094666481018,3.584136354188697,-16.810310621483193
2779.7515983501917,0.003872818313539,3.60078477859497,3.5841196961883246,-16.665082406645215
2780.7518680213216,0.0060323057696223,3.60094666481018,3.584151844577155,-16.794820233025032
2781.7650776598416,0.0063922200351953,3.60094666481018,3.5841625127079673,-16.784152102212957
2782.7792934335516,0.004232732579112,3.60078477859497,3.5841372114957357,-16.647567099234095
2783.7930891290016,0.005672391038388,3.60094666481018,3.5841566250701855,-16.79003973999471
2784.8069740070314,0.0049525620415806,3.60094666481018,3.5841534114232028,-16.793253386977458
2785.8210036298015,0.007471963763237,3.60094666481018,3.584192071746842,-16.754593063338152
2786.8350559021214,0.0063922200351953,3.60094666481018,3.58418712436424,-16.759540445940413
2787.8492090356813,0.0081917932257056,3.60094666481018,3.584221068629186,-16.725596180994007
2788.8629127173713,0.00783187802881,3.60094666481018,3.5842231994146494,-16.723465395530823
2789.8770113504715,0.005672391038388,3.60110855102539,3.58419848624458,-16.910064780810252
2790.8909811642916,0.0053124763071537,3.60094666481018,3.5841922460156646,-16.75441879451567
2791.9048660423214,0.005672391038388,3.60110855102539,3.584199008277648,-16.909542747742368
2792.9189232692215,0.0049525620415806,3.60094666481018,3.584191513763482,-16.755151046698114
2793.9329256417614,0.0067521347664296,3.60110855102539,3.5842194494147988,-16.88910161059143
2794.9470826682214,0.0053124763071537,3.60094666481018,3.5842049873875785,-16.741677422601686
2795.9608281100013,0.0053124763071537,3.60094666481018,3.5842074389779097,-16.7392258322705
2796.9748902914916,0.0060323057696223,3.60094666481018,3.5842218299196107,-16.72483489056953
2797.9888721378816,0.0071120494976639,3.60094666481018,3.5842436762625267,-16.702988547653508
2799.0027442755413,0.0067521347664296,3.60094666481018,3.5842466733521468,-16.69999145803347
2800.0167494792713,0.0071120494976639,3.60110855102539,3.584253732001012,-16.85481902437802
2801.0308067061815,0.0060323057696223,3.60094666481018,3.584248242108766,-16.698422701414195
2802.0449166640515,0.0063922200351953,3.60094666481018,3.5842536265476914,-16.693038262488802
2803.0586967879412,0.0060323057696223,3.60110855102539,3.5842527653239213,-16.85578570146884
2804.0727628623213,0.0045926473103463,3.60094666481018,3.5842333221128655,-16.713342697314726
2805.0867468321117,0.0045926473103463,3.60078477859497,3.584233521631596,-16.551256963373895
2806.1006363108313,0.0063922200351953,3.60094666481018,3.584261729781333,-16.68493502884738
2807.1146485925515,0.0071120494976639,3.60078477859497,3.5842799145674507,-16.50486402751916
2808.1286902478914,0.0067521347664296,3.60094666481018,3.5842827659958023,-16.66389881437791
2809.1427987901616,0.0063922200351953,3.60094666481018,3.5842823615727557,-16.664303237424516
2810.1565668814815,0.0067521347664296,3.60110855102539,3.584290869036928,-16.81768198846223
2811.1706517125212,0.0060323057696223,3.60078477859497,3.5842853435539377,-16.49943504103213
2812.1846356823116,0.0053124763071537,3.60094666481018,3.5842776758067525,-16.668989003427725
2813.2063587180214,0.005672391038388,3.60094666481018,3.5842854285386267,-16.66123627155347
2814.2125307186616,0.0081917932257056,3.60094666481018,3.5843274248152315,-16.619239994948742
2815.2265752051917,0.0060323057696223,3.60094666481018,3.5843049619064224,-16.64170290375777
2816.2406858708614,0.0017133308574557,3.60094666481018,3.5842379520288046,-16.708712781375645
2817.2544518387913,0.00207324558869,3.60094666481018,3.5842332284289973,-16.713436381182945
2818.2685249911515,0.005672391038388,3.60094666481018,3.584283805024603,-16.662859785577133
2819.2825114382313,0.0063922200351953,3.60078477859497,3.5843051073117227,-16.47967128324712
2820.2964440926517,0.0067521347664296,3.60094666481018,3.5843179972203876,-16.628667589792645
2821.3104061206914,0.0063922200351953,3.60094666481018,3.5843210578581495,-16.625606952030747
2822.3244647631914,0.0067521347664296,3.60094666481018,3.584331046662417,-16.615618147763023
2823.3388903990713,0.0049525620415806,3.60094666481018,3.584309953611049,-16.636711199131238
2824.3523835107817,0.0049525620415806,3.60094666481018,3.584309223015743,-16.63744179443727
2825.3664163186413,0.0049525620415806,3.60094666481018,3.584312356031682,-16.63430877849814
2826.3803907331517,0.0067521347664296,3.60094666481018,3.584343205434025,-16.60345937615526
2827.3943329428416,0.0085517074912786,3.60094666481018,3.584378451166201,-16.568213643979313
2828.4082963864817,0.0060323057696223,3.60078477859497,3.5843516674661453,-16.433111128824507
2829.4223437042115,0.0063922200351953,3.60094666481018,3.584359681479075,-16.5869833311052
2830.4364589705715,0.0063922200351953,3.60094666481018,3.584362641523902,-16.58402328627817
2831.4502369710613,0.004232732579112,3.60094666481018,3.5843335110066867,-16.613153803493486
2832.4643002142516,0.003152989083901,3.60094666481018,3.584314641584793,-16.63202322538737
2833.4782827684417,0.003872818313539,3.60078477859497,3.5843214007215622,-16.46337787340757
2834.4921081914213,0.0049525620415806,3.60110855102539,3.5843394428462076,-16.769108179182535
2835.5061781586915,0.0067521347664296,3.60110855102539,3.5843676303785443,-16.740920646845847
2836.5202226452316,0.003872818313539,3.60094666481018,3.5843350192038557,-16.611645606324554
2837.5343481746613,0.0045926473103463,3.60094666481018,3.584344280309165,-16.602384501015255
2838.5481265290614,0.0067521347664296,3.60110855102539,3.5843816033532923,-16.726947672097925
2839.5621710155915,0.007471963763237,3.60078477859497,3.5844024255695297,-16.38235302544011
2840.5761694952416,0.0067521347664296,3.60110855102539,3.584400761979307,-16.707789046083388
2841.5900342010214,0.0071120494976639,3.60094666481018,3.5844106925812893,-16.535972228890916
2842.6042612995116,0.005672391038388,3.60094666481018,3.584394607008981,-16.552057801199282
2843.6182976463615,0.003872818313539,3.6012704372406,3.5843694241804145,-16.901013060185655
2844.6322253461913,0.0053124763071537,3.60094666481018,3.584388373269077,-16.55829154110311
2845.6460415677916,0.004232732579112,3.60094666481018,3.584375459151517,-16.571205658663324
2846.6594334643514,0.0060323057696223,3.60110855102539,3.584403547365788,-16.70500365960237
2847.6740367575917,0.0049525620415806,3.60094666481018,3.5843943891709107,-16.55227563926953
2848.6879506553514,0.005672391038388,3.60110855102539,3.584405523807502,-16.703027217888078
2849.7019962035815,0.003872818313539,3.60094666481018,3.584384151362325,-16.56251344785531
2850.7159854818615,0.005672391038388,3.60078477859497,3.5844097957644117,-16.37498283055816
2851.7300975631215,0.005672391038388,3.60078477859497,3.5844168657914337,-16.36791280353611
2852.7443112134415,0.0071120494976639,3.6012704372406,3.5844411719820894,-16.829265258510695
2853.7581748575217,0.0045926473103463,3.60094666481018,3.584412000272116,-16.53466453806418
2854.7721414862513,0.0060323057696223,3.60110855102539,3.5844346008141277,-16.6739502112625
2855.7858865741314,0.0053124763071537,3.60094666481018,3.584428548433655,-16.518116376525338
2856.7998645276316,0.0045926473103463,3.60078477859497,3.5844193555080324,-16.365423086937447
2857.8140470348217,0.003872818313539,3.60094666481018,3.584406441300995,-16.54022350918538
2858.8279906601115,0.0009935018606483,3.60094666481018,3.584363212070353,-16.583452739827198
2859.8419555193414,0.0049525620415806,3.60094666481018,3.5844148696856983,-16.531795124481885
2860.8558209329217,0.0063922200351953,3.60094666481018,3.5844444097160526,-16.502255094127616
2861.8698250749617,0.004232732579112,3.60078477859497,3.5844221399902465,-16.362638604723312
2862.8836515596313,0.005672391038388,3.60110855102539,3.5844438424892515,-16.66470853613866
2863.8977218808113,0.0060323057696223,3.60094666481018,3.58445456846181,-16.492096348370122
2864.9117139902714,0.0049525620415806,3.60094666481018,3.584444807468147,-16.501857342033244
2865.9258557990615,0.0063922200351953,3.60110855102539,3.584468091970596,-16.640459054794388
2866.9396015947414,0.0060323057696223,3.60110855102539,3.584470246538778,-16.6383044866123
2867.9537087214217,0.0049525620415806,3.60094666481018,3.584460309976938,-16.486354833242345
2868.9676597785915,0.0063922200351953,3.60094666481018,3.584481072182226,-16.46559262795444
2869.9817892009114,0.00207324558869,3.60094666481018,3.5844235334109986,-16.5231313991816
2870.9957675083115,0.00783187802881,3.60110855102539,3.5845022016242,-16.6063494011901
2872.0096399998715,0.0024331600870937,3.60094666481018,3.5844338660776582,-16.512798732521983
2873.0237191685214,-0.0008060709806159,3.60094666481018,3.5843764970507594,-16.570167759420773
2874.0375318511315,0.003152989083901,3.60094666481018,3.5844220466776417,-16.52461813253847
2875.0514984798615,0.0063922200351953,3.60094666481018,3.584476955227353,-16.469709582827008
2876.0655663237417,0.007471963763237,3.60094666481018,3.5845052946817937,-16.441370128386534
2877.0794274905315,0.0053124763071537,3.60094666481018,3.5844845347329417,-16.462130077238513
2878.0935063052816,0.0024331600870937,3.60094666481018,3.5844425958964297,-16.504068913750558
2879.1075019537416,0.0049525620415806,3.60078477859497,3.5844746316910268,-16.310146903943057
2880.1216242980813,0.0045926473103463,3.60094666481018,3.584477746886471,-16.468917923709192
2881.1353846036213,0.0060323057696223,3.60094666481018,3.5845030506796234,-16.44361413055684
2882.1494559864914,0.0063922200351953,3.60110855102539,3.5845164363535913,-16.592114671798885
2883.1634350016916,0.0060323057696223,3.60094666481018,3.5845178463715635,-16.428818438616766
2884.1773439448616,0.005672391038388,3.60078477859497,3.5845184426521697,-16.266335942800136
2885.1913717981315,0.0060323057696223,3.60094666481018,3.5845254675874982,-16.421197222681982
2886.2053536445314,0.0045926473103463,3.60078477859497,3.584508735613585,-16.27604298138463
2887.2195025313013,0.0035129035823047,3.60094666481018,3.584491125803152,-16.45553900702801
2888.2332752233115,0.0045926473103463,3.60094666481018,3.5845073805851917,-16.439284224988526
2889.2472726412616,0.0045926473103463,3.60094666481018,3.5845097848876497,-16.436879922530512
2890.2613277447713,-0.0011659855954349,3.60094666481018,3.584422816508641,-16.52384830153908
2891.2751800640913,0.005672391038388,3.60094666481018,3.5845107249179713,-16.43593989220893
2892.2892602944316,0.0060323057696223,3.60094666481018,3.58453011420108,-16.416550609100078
2893.3032159522913,0.004232732579112,3.60094666481018,3.5845126369907128,-16.434027819467456
2894.3173988133813,0.0045926473103463,3.60094666481018,3.584520326841522,-16.426337968658
2895.3311205439213,0.0063922200351953,3.60110855102539,3.5845490160653064,-16.559534960083777
2896.3455267153513,0.0053124763071537,3.60094666481018,3.5845444952719903,-16.40216953818996
2897.3591918220313,0.0071120494976639,3.60078477859497,3.5845732599683555,-16.211518626614296
2898.3731103204814,0.0045926473103463,3.60094666481018,3.5845446073417913,-16.402057468388964
2899.3871172937115,0.0060323057696223,3.60078477859497,3.584568094550962,-16.216684044007668
2900.4011154194613,0.0060323057696223,3.60094666481018,3.5845728437609443,-16.373821049235904
2901.4152483807716,0.0035129035823047,3.60094666481018,3.5845410228445678,-16.40564196561245
2902.4290653101716,0.005672391038388,3.60110855102539,3.584570671527701,-16.537879497689367
2903.4508389534712,0.0071120494976639,3.60094666481018,3.5845977581455157,-16.348906664664486
2904.4570679318613,-0.0004461564240045,3.60094666481018,3.5844902826700284,-16.45638214015177
2905.4709400695215,0.005672391038388,3.60094666481018,3.5845683305382914,-16.37833427188884
2906.4849654455015,0.0071120494976639,3.60094666481018,3.584602517825191,-16.344146984989205
2907.4989603861613,0.007471963763237,3.60094666481018,3.58461864920594,-16.328015604240242
2908.5131386465614,0.0053124763071537,3.60078477859497,3.584595667665297,-16.18911092967279
2909.5269088612813,0.005672391038388,3.60110855102539,3.584601734410383,-16.506816615007303
2910.5409894455315,0.0027930745854973,3.60110855102539,3.5845618417010403,-16.546709324349873
2911.5549008659914,0.0071120494976639,3.60110855102539,3.584623412831931,-16.485138193459203
2912.5688763422013,0.005672391038388,3.60094666481018,3.584612567163681,-16.3340976464994
2913.5828489872115,0.0053124763071537,3.60094666481018,3.5846127041877556,-16.333960622424648
2914.5968725937014,0.00783187802881,3.60110855102539,3.584653200624149,-16.45535040124102
2915.6110023699216,0.0060323057696223,3.60094666481018,3.584635802709174,-16.310862101006407
2916.6248313318915,0.00207324558869,3.60110855102539,3.584575699284225,-16.532851741165366
2917.6388432597114,0.0035129035823047,3.60094666481018,3.5845905182037554,-16.356146606424815
2918.6528049338513,0.0063922200351953,3.60094666481018,3.5846358508587652,-16.310813951414982
2919.6667241401015,0.00783187802881,3.60110855102539,3.5846666359140564,-16.44191511133375
2920.6807388991115,0.003872818313539,3.60094666481018,3.5846199691979144,-16.32669561226585
2921.6947264078813,0.005672391038388,3.60094666481018,3.584643057797804,-16.303607012376098
2922.7089032526915,0.0049525620415806,3.60078477859497,3.584640372359119,-16.144406235850894
2923.7226713440114,0.0071120494976639,3.60110855102539,3.584673136941201,-16.435414084189137
2924.7369101211616,0.0053124763071537,3.60094666481018,3.584655452050359,-16.29121275982115
2925.7506732579013,0.0045926473103463,3.60094666481018,3.5846472316340847,-16.2994331760955
2926.7640495829014,0.007471963763237,3.60094666481018,3.584691902287195,-16.25476252298519
2927.7786443825617,0.0049525620415806,3.60094666481018,3.584662791757101,-16.283873053079212
2928.7926449856013,0.0017133308574557,3.60094666481018,3.584612233462733,-16.334431347447165
2929.8067949340816,0.0045926473103463,3.60110855102539,3.584648636543915,-16.459914481475213
2930.8205778891615,0.0053124763071537,3.60094666481018,3.5846652189241723,-16.281445886007884
2931.8345597355515,0.0071120494976639,3.60110855102539,3.5846970354798775,-16.411515545512678
2932.8485681243815,0.0049525620415806,3.60094666481018,3.58467469273872,-16.27197207146036
2933.8624947625117,0.0053124763071537,3.60094666481018,3.5846819394034224,-16.26472540675783
2934.8765279242716,0.0053124763071537,3.60078477859497,3.5846870279999457,-16.097750595024163
2935.8904743807516,0.0071120494976639,3.60110855102539,3.5847175766066544,-16.390974418735826
2936.9040269475113,0.0049525620415806,3.60094666481018,3.5846934603491154,-16.25320446106482
2937.9184288721513,0.0045926473103463,3.60094666481018,3.5846881080490967,-16.258556761083565
2938.9324220433214,0.0071120494976639,3.60094666481018,3.5847297907178084,-16.216874092371825
2939.9464736078316,0.00783187802881,3.60110855102539,3.5847495579308717,-16.358993094518492
2940.9604126324316,0.0035129035823047,3.60110855102539,3.5846911221068614,-16.41742891852882
2941.9738820329017,-0.0004461564240045,3.60094666481018,3.5846236493193886,-16.323015490791626
2942.9884272866916,0.0053124763071537,3.60078477859497,3.5846966657442874,-16.088112850682457
2944.0025446764416,0.0053124763071537,3.60094666481018,3.5847077210590754,-16.238943751104795
2945.0163534661615,0.0063922200351953,3.60094666481018,3.5847312586590925,-16.21540615108774
2946.0303190331915,0.005672391038388,3.60078477859497,3.584727901360643,-16.056877234326805
2947.0443394545914,0.005672391038388,3.60094666481018,3.5847307210696413,-16.21594374053892
2948.0582781252915,0.0035129035823047,3.60094666481018,3.5847017153317013,-16.244949478478876
2949.0722850985117,0.0035129035823047,3.60078477859497,3.5846996967494644,-16.08508184550539
2950.0863341857416,0.0049525620415806,3.60078477859497,3.584721292325849,-16.063486269120908
2951.1004296337414,0.0060323057696223,3.60094666481018,3.584742406401532,-16.204258408648364
2952.1142147122314,0.0063922200351953,3.60110855102539,3.5847568788903126,-16.3516721350776
2953.1282262861414,0.0067521347664296,3.60094666481018,3.5847694978031157,-16.177167007064508
2954.1424211798017,0.0060323057696223,3.60110855102539,3.584765429340174,-16.343121685216122
2955.1563941787113,0.0053124763071537,3.60094666481018,3.5847594446936744,-16.187220116505863
2956.1703498365714,0.0060323057696223,3.60110855102539,3.5847709855816854,-16.337565443704793
2957.1842039253816,0.0045926473103463,3.60094666481018,3.584755644815405,-16.191019994775235
2958.1983269775214,0.0053124763071537,3.60094666481018,3.5847682668507184,-16.178397959461854
2959.2121074553115,0.0081917932257056,3.60094666481018,3.584814977065291,-16.131687744889156
2960.2261045193613,0.0071120494976639,3.60110855102539,3.5848119168877064,-16.296634137683785
2961.2401033529113,0.0017133308574557,3.60094666481018,3.5847335295669676,-16.213135243212662
2962.2540413158113,-0.0015259000938385,3.60094666481018,3.5846698723738792,-16.27679243630098
2963.2682500115416,0.0067521347664296,3.60094666481018,3.584781109411948,-16.16555539823228
2964.2819950994217,0.0063922200351953,3.60094666481018,3.584793874310633,-16.1527904995471
2965.2962193667113,0.0067521347664296,3.60094666481018,3.5848078145882676,-16.138850221912637
2966.3099846268415,0.003152989083901,3.60094666481018,3.5847603333314204,-16.186331478759808
2967.3239788597016,0.0045926473103463,3.60094666481018,3.584777616872011,-16.16904793816909
2968.3386111726713,0.0060323057696223,3.60110855102539,3.5848046533467985,-16.30389767859164
2969.3521517068616,0.0063922200351953,3.60094666481018,3.584817772539679,-16.128892270501183
2970.3659668667615,0.0049525620415806,3.60094666481018,3.584803671741253,-16.142993068927414
2971.3799306643014,0.0071120494976639,3.60110855102539,3.5848380549114074,-16.27049611398279
2972.3940774276816,0.007471963763237,3.60110855102539,3.584852860050033,-16.255690975357062
2973.4078848018016,0.0009935018606483,3.60094666481018,3.5847618421654475,-16.184822644732755
2974.4218648787014,0.0045926473103463,3.60094666481018,3.5848025405868587,-16.144124223321565
2975.4359366154713,0.0071120494976639,3.60094666481018,3.58484676875899,-16.09989605119022
2976.4498409579514,0.0045926473103463,3.60110855102539,3.5848195319684892,-16.289019056900944
2977.4640202800515,0.005672391038388,3.60094666481018,3.5848357784879186,-16.110886322261653
2978.4780166363016,0.0053124763071537,3.60094666481018,3.5848355464574344,-16.111118352745812
2979.4921506593214,0.0049525620415806,3.60094666481018,3.5848328685606305,-16.113796249549672
2980.5057669279213,0.0045926473103463,3.60094666481018,3.5848291527253116,-16.117512084868668
2981.5199759775414,0.003872818313539,3.60094666481018,3.5848192407807664,-16.127424029413806
2982.5340027691213,0.004232732579112,3.60094666481018,3.5848262257256596,-16.120439084520655
2983.5477160060814,0.00783187802881,3.60094666481018,3.5848842177736433,-16.06244703653692
2984.5616925439813,0.0045926473103463,3.60110855102539,3.584847332251021,-16.261218774369368
2985.5756991633116,0.0049525620415806,3.60094666481018,3.5848528151054486,-16.0938497047316
2986.5898406182114,0.005672391038388,3.60094666481018,3.5848668611780323,-16.079803632147893
2987.6036465767415,0.0060323057696223,3.60094666481018,3.5848783985854715,-16.068266224708694
2988.6176386862016,0.0067521347664296,3.60094666481018,3.584896741493237,-16.049923316943104
2989.6317090073717,0.00783187802881,3.60110855102539,3.5849196715356935,-16.188879489696717
2990.6455988399916,-8.62418673932552e-05,3.60094666481018,3.584805211407583,-16.141453402597428
2991.6595704233114,0.0049525620415806,3.60110855102539,3.584863656488675,-16.244894536715293
2992.6735607632813,0.0053124763071537,3.60094666481018,3.584879151101316,-16.06751370886439
2993.6877538874414,0.0060323057696223,3.60094666481018,3.584894559372779,-16.05210543740121
2994.7015262255513,0.003872818313539,3.60094666481018,3.584868742216152,-16.077922594028404
2995.7155201045216,0.0049525620415806,3.60094666481018,3.5848834502597775,-16.063214550402716
2996.7297574660715,0.0049525620415806,3.60078477859497,3.5848882568861766,-15.896521708793188
2997.7437322344813,0.0053124763071537,3.60094666481018,3.5848939867640435,-16.052678046136748
2998.7574783840614,0.003152989083901,3.60078477859497,3.5848668984419936,-15.917880152976238
2999.7717026513415,0.0067521347664296,3.60094666481018,3.5849202980700783,-16.02636674010194
3000.7862047294416,0.00783187802881,3.60094666481018,3.5849489208487424,-15.997743961437827
3001.7996571427516,0.0045926473103463,3.60094666481018,3.5849082511852384,-16.03841362494185
3002.8138184159916,0.000273672689218,3.60110855102539,3.5848423039651185,-16.266247060271688
3003.8276657807214,0.0060323057696223,3.60094666481018,3.584915880520023,-16.03078429015703
3004.8415814479713,0.005672391038388,3.60094666481018,3.584923013663348,-16.02365114683213
3005.8557310425513,0.0067521347664296,3.60094666481018,3.584944213099926,-16.002451710254384
3006.8693809315614,0.0027930745854973,3.60094666481018,3.584892689183228,-16.053975626952433
3007.8838720387917,0.0053124763071537,3.60110855102539,3.5849259410171634,-16.18261000822674
3008.8975176810113,0.0053124763071537,3.60094666481018,3.5849330664900854,-16.013598320094857
3009.9113204544515,0.0060323057696223,3.60110855102539,3.5849475766008028,-16.160974424587415
3010.9254987148515,0.0053124763071537,3.60094666481018,3.5849437531664496,-16.002911643730577
3011.9392285850713,0.005672391038388,3.60110855102539,3.584954092968548,-16.154458056842014
3012.9532327271113,0.0081917932257056,3.60094666481018,3.584994105352315,-15.952559457865334
3013.9672524407015,0.0024331600870937,3.60078477859497,3.584917934007083,-15.866844587886675
3014.9816207449317,-0.0008060709806159,3.60110855102539,3.584855874664052,-16.252676361338203
3015.9953757419917,0.0049525620415806,3.60094666481018,3.5849313203139648,-16.015344496215445
3017.0101860662116,0.0060323057696223,3.60094666481018,3.584957639010407,-15.989025799773238
3018.0233790714715,0.003872818313539,3.60094666481018,3.584934026118352,-16.01263869182823
3019.0359407207015,0.0049525620415806,3.60094666481018,3.584951395255368,-15.995269554812008
3020.0513186991116,0.0049525620415806,3.60094666481018,3.5849572303722397,-15.989434437940542
3021.0651306739214,0.005672391038388,3.60110855102539,3.5849673113605696,-16.141239664820617
3022.0793050414413,0.004232732579112,3.60110855102539,3.5849550659185283,-16.153485106861876
3023.0930710093617,0.004232732579112,3.60094666481018,3.584956321620842,-15.99034318933823
3024.1070567486513,0.00783187802881,3.60110855102539,3.5850114266097317,-16.09712441565847
3025.1212449182217,0.0024331600870937,3.60094666481018,3.5849416280109714,-16.00503679920884
3026.1352157937413,0.0027930745854973,3.60094666481018,3.584940687131322,-16.00597767885814
3027.1489973332314,0.003872818313539,3.60094666481018,3.584958936603128,-15.98772820705241
3028.1629905043915,0.00783187802881,3.60094666481018,3.5850193847267473,-15.927280083432915
3029.1771868136516,0.0053124763071537,3.60094666481018,3.584996108933204,-15.950555876976136
3030.1909605673613,0.003872818313539,3.60094666481018,3.5849781139273076,-15.968550882872634
3031.2049385208616,0.0045926473103463,3.60094666481018,3.5849882322258315,-15.958432584348703
3032.2189472635814,0.005672391038388,3.60094666481018,3.5850065833173765,-15.940081492803682
3033.2328944278615,0.0049525620415806,3.60094666481018,3.585002541435428,-15.944123374752373
3034.2469038783815,0.005672391038388,3.60110855102539,3.5850141090214573,-16.09444200393284
3035.2608821857816,0.0035129035823047,3.60094666481018,3.5849894691836215,-15.957195626558729
3036.2750133776017,0.005672391038388,3.60094666481018,3.585020643010426,-15.92602179975433
3037.2888150893414,0.0063922200351953,3.60110855102539,3.5850383287032073,-16.070222322182914
3038.3028227703717,0.0060323057696223,3.60094666481018,3.5850428040722786,-15.90386073790162
3039.3168375293812,0.0071120494976639,3.60110855102539,3.5850582108880236,-16.050340137366614
3040.3307846936514,0.0060323057696223,3.60110855102539,3.5850524139437385,-16.056137081651656
3041.3451498127915,0.0027930745854973,3.60094666481018,3.585006875628613,-15.939789181567132
3042.3587689125816,0.0035129035823047,3.60094666481018,3.5850108867005424,-15.935778109637866
3043.3729078901815,0.003152989083901,3.60078477859497,3.585005629717229,-15.779148877741012
3044.3867188033014,0.003152989083901,3.60094666481018,3.585004317192585,-15.942347617595054
3045.4007024191915,0.0017133308574557,3.60094666481018,3.584980397102738,-15.966267707442139
3046.4147253178717,0.0006335872458294,3.60094666481018,3.5849579911621596,-15.98867364802059
3047.4287032713714,0.000273672689218,3.60094666481018,3.584948360459411,-15.99830435076921
3048.4426422959714,0.0060323057696223,3.60094666481018,3.5850323632940166,-15.914301516163576
3049.4566485614014,0.0049525620415806,3.60094666481018,3.5850317752920837,-15.914889518096498
3050.4710055408614,0.0049525620415806,3.60094666481018,3.585037293456859,-15.909371353321156
3051.4846005755116,0.0053124763071537,3.60094666481018,3.5850476458578036,-15.899018952376665
3052.4985810063113,0.0049525620415806,3.60078477859497,3.5850493342242906,-15.735444370679197
3053.5126017816015,0.0053124763071537,3.60094666481018,3.5850578565992373,-15.888808210942962
3054.5265846896914,0.0035129035823047,3.60094666481018,3.5850339997517913,-15.912665058388953
3055.5405431787412,0.00207324558869,3.60078477859497,3.5850115241595084,-15.773254435461403
3056.5545278563213,0.0045926473103463,3.60110855102539,3.585045370168497,-16.0631808568934
3057.5686739119014,0.0053124763071537,3.60094666481018,3.585063223339836,-15.883441470344373
3058.5824706690614,0.0049525620415806,3.60110855102539,3.585064631325557,-16.043919699832987
3059.5964698565012,0.004232732579112,3.60094666481018,3.5850581799666803,-15.888484843499917
3060.6104984175813,0.0063922200351953,3.60094666481018,3.5850937478597436,-15.852916950436668
3061.6244618612113,0.0049525620415806,3.60094666481018,3.5850809452785217,-15.865719531658495
3062.6384217658615,0.0045926473103463,3.60094666481018,3.585077040819839,-15.869623990341086
3063.6524255540016,0.003872818313539,3.60094666481018,3.5850709734874022,-15.875691322777996
3064.6665482522417,0.0053124763071537,3.60110855102539,3.585093263322872,-16.015287702518144
3065.6803588114517,0.0067521347664296,3.60094666481018,3.585121707526948,-15.824957283232077
3066.6943509209214,0.0067521347664296,3.60094666481018,3.5851305034704013,-15.816161339778922
3067.7083423225813,0.00207324558869,3.60110855102539,3.5850654353404914,-16.0431156848988
3068.7222880712716,0.0045926473103463,3.60094666481018,3.5850958643282747,-15.85080048190557
3069.7365080917616,0.0045926473103463,3.60078477859497,3.58509975644339,-15.68502215157963
3070.7503133424916,0.004232732579112,3.60110855102539,3.5850981039012866,-16.0104471241036
3071.7644742618413,0.0049525620415806,3.60094666481018,3.585112189174617,-15.834475635563283
3072.7783301201416,0.0060323057696223,3.60094666481018,3.585132073606743,-15.81459120343709
3073.8066728388817,0.0035129035823047,3.60110855102539,3.5851034160194577,-16.00513500593248
3074.8218795301214,0.0045926473103463,3.60094666481018,3.585116320629839,-15.83034418034135
3075.8346407784516,0.004232732579112,3.60078477859497,3.58511460145844,-15.670177136529961
3076.8485628158915,0.0067521347664296,3.60094666481018,3.585156704117262,-15.789960692918381
3077.8625598799413,0.0049525620415806,3.60094666481018,3.58513939826224,-15.80726654794029
3078.8765526972115,0.0045926473103463,3.60110855102539,3.5851357998024724,-15.972751222917747
3079.8905129557515,0.0053124763071537,3.60110855102539,3.5851493966511705,-15.959154374219686
3080.9044976333416,0.005672391038388,3.60094666481018,3.5851585732463778,-15.788091563802453
3081.9197482080713,0.004232732579112,3.60078477859497,3.58514191470528,-15.642863889689718
3082.9324461084616,0.0035129035823047,3.60094666481018,3.585131667980298,-15.81499682988241
3083.9464534355816,0.0049525620415806,3.60110855102539,3.585152042258695,-15.956508766695077
3084.9604306812917,0.003152989083901,3.60062289237976,3.5851294378553566,-15.493454524403205
3085.9744185439613,0.003872818313539,3.60094666481018,3.5851385363286474,-15.80812848153279
3086.9883975591615,0.0045926473103463,3.60094666481018,3.585151817800914,-15.794847009266366
3088.0023942693115,0.004232732579112,3.60110855102539,3.585151358069572,-15.957192955818211
3089.0176388277614,0.0045926473103463,3.60094666481018,3.585159257960397,-15.787406849783192
3090.0303476990216,0.0049525620415806,3.60094666481018,3.5851670485218854,-15.779616288294829
3091.0443369772916,0.004232732579112,3.60094666481018,3.585164068938302,-15.782595871878247
3092.0583205931816,0.0060323057696223,3.60078477859497,3.585182968638414,-15.601809956555801
3093.0723024395716,0.0045926473103463,3.60078477859497,3.5851755857918732,-15.609192803096583
3094.0862906561415,0.0045926473103463,3.60094666481018,3.58517462317975,-15.772041630430333
3095.1002671940514,0.003152989083901,3.60094666481018,3.5851590015995685,-15.787663210611758
3096.1155227233717,0.0045926473103463,3.60094666481018,3.585176477561744,-15.770187248436152
3097.1282386726116,0.001353416359052,3.60094666481018,3.5851303305313746,-15.816334278805577
3098.1422413990513,-0.0011659855954349,3.60078477859497,3.5850858258230915,-15.698952771878272
3099.1562076738815,0.00207324558869,3.60094666481018,3.5851208524911518,-15.825812319028465
3100.1701838578815,0.0053124763071537,3.60094666481018,3.585174836628634,-15.771828181546432
3101.1841777368513,0.0067521347664296,3.60094666481018,3.585207836526206,-15.738828283974104
3102.1981436577817,0.0045926473103463,3.60094666481018,3.585188456919629,-15.758207890551379
3103.2134236061315,0.0045926473103463,3.60110855102539,3.585189599929722,-15.918951095668099
3104.2261253994116,0.0035129035823047,3.60110855102539,3.5851773276583114,-15.93122336707875
3105.2400998139215,0.0045926473103463,3.60094666481018,3.585193373619404,-15.753291190776064
3106.2540876766016,0.005672391038388,3.60094666481018,3.5852124045663682,-15.73426024381197
3107.2680369642717,0.004232732579112,3.60078477859497,3.585199663078691,-15.585115516278947
3108.2821037464514,0.0045926473103463,3.60094666481018,3.5852068672970856,-15.739797513094622
3109.2960406476514,0.005672391038388,3.60094666481018,3.5852281073476635,-15.718557462516713
3110.3115155944315,0.0071120494976639,3.60094666481018,3.58525579021396,-15.690874596220095
3111.3239972624515,0.0063922200351953,3.6012704372406,3.585255917636066,-16.01451960453426
3112.3383556575013,0.0024331600870937,3.60110855102539,3.5852029611403475,-15.905589885042648
3113.3519765267915,0.0035129035823047,3.60094666481018,3.58520933934904,-15.737325461140372
3114.3659580192816,0.003872818313539,3.60094666481018,3.5852155183915313,-15.731146418648922
3115.3799154466415,0.0035129035823047,3.60094666481018,3.585213638248905,-15.733026561275398
3116.3939160496816,0.0053124763071537,3.60094666481018,3.585242722845199,-15.703941964981372
3117.4091959980415,0.0053124763071537,3.60110855102539,3.585248353121734,-15.860197903656115
3118.4218988530115,0.003152989083901,3.60094666481018,3.585219939160829,-15.726725649351181
3119.4358693746317,0.0024331600870937,3.60094666481018,3.5852070780934002,-15.739586716779996
3120.4498473281315,0.004232732579112,3.60094666481018,3.585232849156186,-15.713815653994434
3121.4638419148914,0.0049525620415806,3.60094666481018,3.5852479803138895,-15.698684496290749
3122.4777713842113,0.0045926473103463,3.60078477859497,3.5852491694385527,-15.535609156417163
3123.4918187019416,0.0045926473103463,3.60094666481018,3.585253148226111,-15.693516584069034
3124.5057998405314,0.0060323057696223,3.60094666481018,3.5852793402258505,-15.667324584329734
3125.5197689465613,0.005672391038388,3.60110855102539,3.58528218164504,-15.82636938034998
3126.5337582248317,0.0053124763071537,3.60094666481018,3.585280652850551,-15.666011959629245
3127.5477485648016,0.003872818313539,3.60110855102539,3.5852631630254295,-15.845387999960714
3128.5617233332114,0.004232732579112,3.60094666481018,3.5852678440783508,-15.678820731829468
3129.5756988094113,0.0049525620415806,3.60094666481018,3.585281325604001,-15.665339206179407
3130.5896841948015,0.0053124763071537,3.60094666481018,3.585292024408191,-15.654640401989273
3131.6049347695316,0.005672391038388,3.60110855102539,3.5853041387407627,-15.804412284627478
3132.6176447024914,0.0063922200351953,3.60094666481018,3.58531778713475,-15.628877675430086
3133.6316527374115,0.0053124763071537,3.60110855102539,3.5853098854352443,-15.798665590145866
3134.6456218434314,0.0045926473103463,3.60110855102539,3.5852994208310633,-15.809130194326837
3135.6595856409713,0.00207324558869,3.60094666481018,3.5852622031803665,-15.68446162981374
3136.6735816433315,0.003152989083901,3.60094666481018,3.5852732189033403,-15.673445906839945
3137.6875390706814,0.0067521347664296,3.60094666481018,3.5853303595742254,-15.616305235954808
3138.7022736604913,0.0045926473103463,3.60110855102539,3.585308787825812,-15.799763199578098
3139.7154949776814,0.0009935018606483,3.60078477859497,3.5852547513660733,-15.530027228896515
3140.7297234917514,0.0045926473103463,3.60094666481018,3.5852995456493395,-15.647119160840717
3141.7473604082516,0.004232732579112,3.60094666481018,3.5853025020844838,-15.644162725696464
3142.7574812152516,0.0045926473103463,3.60110855102539,3.5853114898323395,-15.797061193050688
3143.7714740325114,0.0049525620415806,3.60094666481018,3.5853218872516113,-15.624777558568947
3144.7854576484015,0.0053124763071537,3.60094666481018,3.5853299628265156,-15.616701983664605
3145.8006901742815,0.003872818313539,3.60094666481018,3.5853150578399373,-15.631606970242906
3146.8134089547116,0.004232732579112,3.60078477859497,3.585319556035759,-15.4652225592109
3147.8273805380313,0.0035129035823047,3.60094666481018,3.585310963558183,-15.635701251997425
3148.8414044984115,0.003872818313539,3.60094666481018,3.585317255597533,-15.629409212647438
3149.8553445847115,0.0045926473103463,3.60094666481018,3.585330681408082,-15.615983402098355
3150.8693512040413,0.0049525620415806,3.60094666481018,3.5853394432264034,-15.60722158377681
3151.8832888130414,0.003872818313539,3.60094666481018,3.5853323681707363,-15.614296639443914
3152.8985935343417,0.0060323057696223,3.60094666481018,3.5853626421785223,-15.584022631657923
3153.9112783404616,0.004232732579112,3.60094666481018,3.5853443339210087,-15.602330889171512
3154.9252732811115,0.003872818313539,3.60094666481018,3.585339426285509,-15.607238524671274
3155.9392583126014,0.003872818313539,3.60094666481018,3.585341872653062,-15.604792157118297
3156.9534751480014,0.0049525620415806,3.60078477859497,3.5853605135269375,-15.424265068032295
3157.9674555788015,0.0063922200351953,3.60094666481018,3.5853873477380853,-15.559317072094903
3158.9812615373316,0.005672391038388,3.60094666481018,3.5853857438835273,-15.560920926652955
3159.9965782911913,0.0049525620415806,3.60094666481018,3.585375872532082,-15.5707922780981
3161.0092047039616,0.0009935018606483,3.60094666481018,3.585316456767548,-15.630208042632265
3162.0231808879616,0.003872818313539,3.60094666481018,3.5853523683670905,-15.594296443089739
3163.0371974164714,0.0049525620415806,3.60078477859497,3.585374120626802,-15.410657968167651
3164.0511449346413,0.004232732579112,3.60094666481018,3.5853703855100165,-15.576279300163698
3165.0651742035216,0.0067521347664296,3.60094666481018,3.5854112945157746,-15.53537029440566
3166.0790622666414,0.0053124763071537,3.60094666481018,3.5854000791711362,-15.546585639043986
3167.0944894370314,0.0027930745854973,3.60110855102539,3.58536389541175,-15.744655613640024
3168.1070709046116,0.0024331600870937,3.60094666481018,3.585355030960231,-15.591633849949105
3169.1210877870117,0.0045926473103463,3.60094666481018,3.585385554589119,-15.561110221061103
3170.1350494611615,0.0045926473103463,3.60094666481018,3.585390613094958,-15.556051715222008
3171.1490528953914,0.0045926473103463,3.60094666481018,3.585395718401102,-15.550946409078392
3172.1630283716013,0.0049525620415806,3.60094666481018,3.5854053018818295,-15.541362928350733
3173.1770208349617,0.0053124763071537,3.60078477859497,3.5854130677820746,-15.371710812895234
3174.1923758099415,0.003872818313539,3.60094666481018,3.5853978589013917,-15.548805908788488
3175.2049855894415,0.004232732579112,3.60110855102539,3.5854029280929547,-15.705622932435492
3176.2189826534914,0.004232732579112,3.60094666481018,3.5854053060312157,-15.541358778964565
3177.2329471588314,0.003152989083901,3.60094666481018,3.5853929860819194,-15.553678728260856
3178.2469265279315,0.0071120494976639,3.60094666481018,3.5854534817696497,-15.49318304053049
3179.2609303160616,0.0045926473103463,3.60094666481018,3.58542566134866,-15.521003461520078
3180.2748587236915,-8.62418673932552e-05,3.60110855102539,3.5853527089410666,-15.755842084323568
3181.2896697557117,0.0009935018606483,3.60094666481018,3.58535785400921,-15.588810800970077
3182.3028429426213,0.003872818313539,3.60094666481018,3.5853986711732544,-15.547993636925828
3183.3168566399313,0.0035129035823047,3.60094666481018,3.5854002614009692,-15.546403409210985
3184.3312097264916,0.0035129035823047,3.60094666481018,3.5854037761026363,-15.542888707543945
3185.3448351964716,0.005672391038388,3.60094666481018,3.5854387231078135,-15.50794170236669
3186.3587526332217,0.004232732579112,3.60094666481018,3.58542674590925,-15.519918900930296
3187.3727468660813,0.004232732579112,3.60094666481018,3.585427892545111,-15.51877226506937
3188.3881121041313,0.003152989083901,3.60094666481018,3.5854164864064915,-15.530178403688755
3189.4007466565813,0.0063922200351953,3.60094666481018,3.5854658946481033,-15.48077016207694
3190.4147143470013,0.0049525620415806,3.60110855102539,3.585454516979005,-15.654034046385323
3191.4287273365117,0.0024331600870937,3.60094666481018,3.585419032483096,-15.527632327084095
3192.4426840560714,0.0045926473103463,3.60094666481018,3.58544720267827,-15.499462131910224
3193.4566768733316,0.0045926473103463,3.60110855102539,3.5854536221632354,-15.654928862154804
3194.4706293461013,0.0045926473103463,3.60094666481018,3.58545674618153,-15.489918628650123
3195.4860197109815,0.003872818313539,3.60094666481018,3.58545298785505,-15.493676955130375
3196.4985912693814,0.005672391038388,3.60094666481018,3.585480713118284,-15.46595169189624
3197.5395066082215,0.0067521347664296,3.60094666481018,3.585505428814216,-15.441235995964142
3198.5435010675715,0.0053124763071537,3.60094666481018,3.585492545784828,-15.45411902535232
3199.5561536688715,0.0049525620415806,3.60094666481018,3.5854884090214325,-15.45825578874771
3200.5700615503515,0.003872818313539,3.60094666481018,3.5854746134951356,-15.472051315044588
3201.5841024978913,0.0035129035823047,3.60094666481018,3.585468162451441,-15.478502358739377
3202.5980624025415,0.003152989083901,3.60094666481018,3.5854620224141107,-15.484642396069503
3203.6121040578814,0.0027930745854973,3.60094666481018,3.5854548617451947,-15.491803064985543
3204.6260540533513,0.0017133308574557,3.60094666481018,3.5854341151083733,-15.512549701806932
3205.6414791003513,-0.0018858145922422,3.60094666481018,3.5853765553425054,-15.570109467674786
3206.6539795250314,0.0035129035823047,3.60094666481018,3.585443426854177,-15.503237956003169
3207.6680448916113,0.0024331600870937,3.60078477859497,3.585436223364943,-15.348555230026761
3208.6819938253816,0.003872818313539,3.60094666481018,3.5854606764101935,-15.485988399986717
3209.6959788568715,0.0063922200351953,3.60110855102539,3.585503604105588,-15.604946919802298
3210.7099284984415,0.003152989083901,3.60094666481018,3.5854680461510333,-15.478618659146903
3211.7239506893316,0.003872818313539,3.60110855102539,3.5854770897037755,-15.631461321614637
3212.7394677501015,0.003872818313539,3.60110855102539,3.5854804584271336,-15.628092598256593
3213.7519062424317,0.003872818313539,3.60094666481018,3.5854842734656613,-15.462391344518878
3214.7658548223017,0.004232732579112,3.60094666481018,3.5854931987003953,-15.45346610978493
3215.7798826755816,0.0045926473103463,3.60094666481018,3.5854982974337415,-15.448367376438732
3216.7937898492514,0.003152989083901,3.60094666481018,3.585488969345132,-15.457695465048271
3217.8078615860213,0.0049525620415806,3.60094666481018,3.585510620919579,-15.436043890601159
3218.8218264452516,0.0049525620415806,3.60094666481018,3.585520931867263,-15.425732942917048
3219.8372337973015,0.0060323057696223,3.60094666481018,3.58554294745427,-15.403717355910285
3220.8497710274814,0.0060323057696223,3.60110855102539,3.5855480534317796,-15.560497593610556
3221.8637429647015,0.003872818313539,3.60110855102539,3.5855221147727168,-15.586436252673419
3222.8777732952713,0.003152989083901,3.60110855102539,3.585509369218088,-15.59918180730202
3223.8917629274415,0.003152989083901,3.60094666481018,3.585505989752928,-15.440675057252218
3224.9056562990513,-8.62418673932552e-05,3.60094666481018,3.585460053568697,-15.486611241483317
3225.9197244968313,0.0045926473103463,3.60094666481018,3.5855192310734614,-15.427433736718843
3226.9344067095712,0.005672391038388,3.60110855102539,3.5855446944100797,-15.563856615310456
3227.9476938520015,0.0024331600870937,3.60110855102539,3.585502931701793,-15.605619323597164
3228.9616378311816,0.0006335872458294,3.60110855102539,3.585469946231551,-15.63860479383905
3229.9756529440915,0.0045926473103463,3.60094666481018,3.5855255873923397,-15.42107741784049
3231.0148012646214,0.004232732579112,3.60094666481018,3.5855299417067283,-15.41672310345188
3232.0192221724215,0.004232732579112,3.60094666481018,3.585534645262178,-15.41201954800231
3233.0331820770616,0.0049525620415806,3.60094666481018,3.5855484752793796,-15.398189530800632
3234.0471752482313,0.004232732579112,3.60094666481018,3.5855443986432185,-15.40226616696172
3235.0611493088413,0.003872818313539,3.60094666481018,3.5855405523203507,-15.406112489829482
3236.0751566359613,0.00207324558869,3.60078477859497,3.585515230046894,-15.269548548075829
3237.0905105492416,0.0067521347664296,3.60110855102539,3.5855845605346897,-15.523990490700523
3238.1031139585616,0.0017133308574557,3.60094666481018,3.585520053134556,-15.426611675624091
3239.1170636001316,-0.0015259000938385,3.60094666481018,3.5854642081233035,-15.482456686876755
3240.1310964080017,0.0024331600870937,3.60110855102539,3.5855092312469754,-15.599319778414777
3241.1450878096616,0.0053124763071537,3.60094666481018,3.585558859748581,-15.387805061599202
3242.1590487760113,0.0060323057696223,3.60094666481018,3.5855819974440246,-15.364667366155604
3243.1729962941813,0.0045926473103463,3.60110855102539,3.5855703312550777,-15.538219770312445
3244.1883700258113,0.004232732579112,3.60094666481018,3.5855675230080886,-15.379141802091656
3245.2009964385716,0.0035129035823047,3.60094666481018,3.585559746082652,-15.386918727528176
3246.2149772232715,0.0045926473103463,3.60094666481018,3.585576955572318,-15.369709237862406
3247.2289318194316,0.0053124763071537,3.60110855102539,3.5855928830009556,-15.515668024434603
3248.2429426855415,0.003152989083901,3.60094666481018,3.5855676776154604,-15.378987194719862
3249.2568990512013,0.0060323057696223,3.60094666481018,3.585609149492941,-15.337515317239259
3250.2709233654814,0.0067521347664296,3.60094666481018,3.585630953554624,-15.315711255556419
3251.2862383498514,0.0060323057696223,3.60094666481018,3.5856275753035,-15.31908950668015
3252.2988803341814,0.0006335872458294,3.60094666481018,3.5855495411998377,-15.397123610342511
3253.3128423622215,0.0049525620415806,3.60094666481018,3.5856046678449367,-15.34199696524352
3254.3268436730614,0.004232732579112,3.60094666481018,3.5856017761556016,-15.344888654578615
3255.3411426130715,0.0045926473103463,3.60110855102539,3.58561057066801,-15.497980357380037
3256.3548201062113,0.0049525620415806,3.60094666481018,3.585620122837851,-15.326541972329188
3257.3687715172814,0.004232732579112,3.60094666481018,3.5856136864425983,-15.332978367581962
3258.3841427716116,0.004232732579112,3.60094666481018,3.5856135780239606,-15.333086786219585
3259.3967284859814,0.0027930745854973,3.60110855102539,3.5855939260686585,-15.514624956731726
3260.4107520924713,0.0035129035823047,3.60094666481018,3.5856042824059555,-15.342382404224697
3261.4247017340413,0.0053124763071537,3.60094666481018,3.5856353179323763,-15.311346877803889
3262.4387175547413,0.0045926473103463,3.60094666481018,3.5856320195754705,-15.314645234709712
3263.4526997550315,0.0053124763071537,3.60078477859497,3.5856466864628462,-15.138092132123582
3264.4666529355914,0.0053124763071537,3.60110855102539,3.585653188360322,-15.455362665067973
3265.4820319757114,0.005672391038388,3.60094666481018,3.5856631499987355,-15.283514811444743
3266.4946530799916,0.0035129035823047,3.60094666481018,3.5856347292667743,-15.31193554340593
3267.5086476667416,0.003872818313539,3.60094666481018,3.5856391269774663,-15.30753783271388
3268.5226065096913,0.004232732579112,3.60094666481018,3.585646987152545,-15.299677657635069
3269.5365841092917,0.0049525620415806,3.60110855102539,3.5856618675359258,-15.44668348946443
3270.5505893130317,0.0067521347664296,3.60110855102539,3.5856912996404215,-15.417251384968633
3271.5647134268615,0.0067521347664296,3.60110855102539,3.5857048259783126,-15.403725047077543
3272.5799296733817,0.0024331600870937,3.60110855102539,3.5856455223123023,-15.463028713087912
3273.5925865214713,0.00207324558869,3.60094666481018,3.585633522780739,-15.313142029441007
3274.6065145752013,0.0049525620415806,3.60094666481018,3.5856744867132377,-15.27217809694248
3275.6204688174516,0.0049525620415806,3.60110855102539,3.5856813787051554,-15.427172320234828
3276.6344895927514,0.004232732579112,3.60094666481018,3.5856754031534117,-15.271261656768509
3277.6484264939513,0.0045926473103463,3.60110855102539,3.5856820697328913,-15.426481292498906
3278.6624561167214,0.004232732579112,3.60110855102539,3.5856794438490645,-15.42910717632573
3279.6777905655513,0.0024331600870937,3.60094666481018,3.5856545624580813,-15.29210235209888
3280.6905949895713,0.003152989083901,3.60094666481018,3.585662115185701,-15.284549624479116
3281.7043981169013,0.0049525620415806,3.60094666481018,3.5856911550587727,-15.255509751407548
3282.7183870412814,0.004232732579112,3.60094666481018,3.5856881376250254,-15.258527185154858
3283.7324612553416,0.005672391038388,3.60094666481018,3.5857114579438405,-15.235206866339723
3284.7463507340613,0.0024331600870937,3.60094666481018,3.5856700993849637,-15.276565425216493
3285.7602844501716,0.0049525620415806,3.60094666481018,3.585704438934784,-15.242225875396365
3286.7756741072617,0.004232732579112,3.60110855102539,3.585699682771562,-15.408868253828256
3287.7882792860714,0.003872818313539,3.60110855102539,3.585694859109287,-15.4136919161032
3288.8022802430214,0.001353416359052,3.60110855102539,3.5856605253988714,-15.448025626518813
3289.8162174981217,0.0063922200351953,3.60110855102539,3.5857300847586537,-15.378466266736446
3290.8302793257117,0.00207324558869,3.60110855102539,3.5856771458086225,-15.431405216767669
3291.8441875610915,0.0009935018606483,3.60094666481018,3.5856550144178683,-15.29165039231195
3292.8582341710116,0.003152989083901,3.60094666481018,3.5856832623517283,-15.263402458451925
3293.8735445547013,0.0049525620415806,3.60094666481018,3.5857142733494283,-15.232391460751948
3294.8861801688413,0.0045926473103463,3.60094666481018,3.5857173032484755,-15.229361561704735
3295.9001531677513,0.003872818313539,3.60094666481018,3.5857120226479826,-15.23464216219761
3296.9141555402916,0.0045926473103463,3.60094666481018,3.5857248266339807,-15.221838176199487
3297.9281005811713,0.0049525620415806,3.60110855102539,3.585734903474645,-15.373647550745329
3298.9420739339917,0.004232732579112,3.60110855102539,3.585728241769146,-15.380309256244118
3299.9560596732713,0.0027930745854973,3.60110855102539,3.585707944643728,-15.400606381662296
3300.9714532232415,0.0024331600870937,3.60110855102539,3.5857013340199355,-15.407217005454665
3301.9840637105513,0.0035129035823047,3.60094666481018,3.5857163746776703,-15.230290132509872
3302.9980660830915,0.004232732579112,3.60094666481018,3.5857311004078225,-15.215564402357717
3304.0119859971314,0.0045926473103463,3.60110855102539,3.5857408797903387,-15.36767123505145
3305.0260251751815,0.003872818313539,3.60094666481018,3.5857375959301936,-15.209068879986631
3306.0400523206613,0.0053124763071537,3.60094666481018,3.585760508658731,-15.186156151449026
3307.0539768353915,0.0060323057696223,3.60110855102539,3.5857776812897755,-15.330869735614705
3308.0693257940816,0.0027930745854973,3.60094666481018,3.5857353783081414,-15.211286502038845
3309.0819514990517,0.0035129035823047,3.60094666481018,3.5857432040543404,-15.203460755839782
3310.0959085725017,0.0045926473103463,3.60078477859497,3.585762926948831,-15.021851646138895
3311.1099258088016,0.0063922200351953,3.60078477859497,3.585793786586632,-14.990992008337756
3312.1238942070313,0.0063922200351953,3.60094666481018,3.585803607291469,-15.143057518711256
3313.1378792385117,0.0024331600870937,3.60094666481018,3.5857497956442552,-15.196869165924998
3314.1520429890516,0.0035129035823047,3.60094666481018,3.5857603680328345,-15.186296777345731
3315.1672372938215,0.0035129035823047,3.60094666481018,3.5857622157588915,-15.184449051288684
3316.1798155763013,0.003872818313539,3.60094666481018,3.585769241282346,-15.177423527834133
3317.1938105169615,0.004232732579112,3.60094666481018,3.5857774553782082,-15.169209431971975
3318.2077895321613,0.004232732579112,3.60110855102539,3.585780027876801,-15.328523148589124
3319.2217809338313,0.003872818313539,3.60094666481018,3.585776483662165,-15.17018114801516
3320.2357539327413,0.00207324558869,3.60094666481018,3.585751721712173,-15.194943098007396
3321.2497697534513,0.0024331600870937,3.60110855102539,3.585754566843016,-15.353984182373992
3322.2650942930914,0.0045926473103463,3.60094666481018,3.585785618865735,-15.161045944445117
3323.2777189363615,0.004232732579112,3.60094666481018,3.585789287778228,-15.15737703195219
3324.2916763637213,0.0049525620415806,3.60110855102539,3.5858035403376087,-15.30501068778145
3325.3056723660716,0.0045926473103463,3.60094666481018,3.5858056805699237,-15.14098424025656
3326.3196520890715,0.005672391038388,3.60094666481018,3.5858262671875263,-15.120397622653936
3327.3340044678416,0.0053124763071537,3.60110855102539,3.585825982699052,-15.282568326338009
3328.3476164896515,0.0035129035823047,3.60094666481018,3.5858028545527003,-15.143810257479906
3329.3629859744815,0.0024331600870937,3.60094666481018,3.585786502786862,-15.160162023318158
3330.3755876143114,0.0049525620415806,3.60094666481018,3.5858215491107672,-15.125115699412994
3331.3895839705715,0.000273672689218,3.60094666481018,3.5857543605801565,-15.192304230023712
3332.4035477681014,-0.0033254728186875,3.60110855102539,3.585684035412892,-15.424515612498357
3333.4175504945415,0.0024331600870937,3.60094666481018,3.5857547009981383,-15.191963812041909
3334.4315100452914,0.003872818313539,3.60094666481018,3.585785501302071,-15.161163508109254
3335.4455198497117,0.0049525620415806,3.60110855102539,3.5858109701849745,-15.297580840415659
3336.4607990902714,0.0063922200351953,3.60094666481018,3.585842252742207,-15.104412067973083
3337.4734732794113,0.0045926473103463,3.60110855102539,3.585825171259397,-15.283379765993033
3338.4875308602213,0.0027930745854973,3.60094666481018,3.58580152524995,-15.145139560230003
3339.5014380338916,0.0035129035823047,3.60094666481018,3.5858099360374402,-15.136728772739971
3340.5154074938214,0.0035129035823047,3.60094666481018,3.5858113848118367,-15.13527999834352
3341.5294194216312,0.0024331600870937,3.60110855102539,3.5857978941815674,-15.310656843822823
3342.5433934822413,0.0053124763071537,3.60110855102539,3.58584076720167,-15.267783823720293
3343.5573827605112,0.0049525620415806,3.60094666481018,3.5858457892321676,-15.100875578012651
3344.5713416034614,0.0053124763071537,3.60094666481018,3.58585516907135,-15.091495738830396
3345.5853146023715,0.0024331600870937,3.60094666481018,3.5858177109701113,-15.12895384006896
3346.5993141437216,0.003872818313539,3.60094666481018,3.5858351301607727,-15.11153464940751
3347.6133080226814,0.004232732579112,3.60094666481018,3.5858441408037627,-15.10252400641754
3348.6272983626513,0.003872818313539,3.60094666481018,3.585842578250079,-15.104086560101315
3349.6412720693615,0.0035129035823047,3.60094666481018,3.58584114378686,-15.10552102332019
3350.6565633424916,0.0071120494976639,3.60110855102539,3.585898812581414,-15.209738443976217
3351.6692446096213,0.003152989083901,3.60094666481018,3.5858491381298685,-15.097526680311724
3352.6832200858316,0.0009935018606483,3.60094666481018,3.585811600223771,-15.135064586409008
3353.6972150264914,0.000273672689218,3.60094666481018,3.5857934151416333,-15.15324966854692
3354.7111887332017,0.004232732579112,3.60110855102539,3.585848610673122,-15.259940352267964
3355.7253563766317,0.0053124763071537,3.60110855102539,3.585874905655466,-15.233645369923998
3356.7394426232613,0.005672391038388,3.60094666481018,3.5858883634738956,-15.058301336284607
3357.7545134172415,0.0027930745854973,3.60094666481018,3.5858516967367375,-15.094968073442683
3358.7673249192417,0.003152989083901,3.60110855102539,3.585854406721674,-15.254144303716188
3359.7813131358216,0.003872818313539,3.60094666481018,3.5858655777071826,-15.081087102997603
3360.7952843652315,0.0027930745854973,3.60094666481018,3.585856126514166,-15.090538296014255
3361.8092934618617,0.005672391038388,3.60110855102539,3.585898568395538,-15.209982629852181
3362.8232452268217,0.0053124763071537,3.60094666481018,3.5859027840334776,-15.0438807767026
3363.8372500766613,0.0045926473103463,3.60110855102539,3.5858977262397103,-15.210824785679922
3364.8523389194916,0.0053124763071537,3.60078477859497,3.5859120360397267,-14.872742555243068
3365.8650046150615,0.0053124763071537,3.60110855102539,3.5859167918371537,-15.191759188236453
3366.8789924777316,0.0035129035823047,3.60094666481018,3.5858941823319563,-15.052482478223883
3367.8929930807813,0.003152989083901,3.60094666481018,3.5858880823655155,-15.058582444664736
3368.9068860984917,0.0045926473103463,3.60078477859497,3.58590839215702,-14.876386437949751
3369.9209394325017,0.0027930745854973,3.60078477859497,3.585887831104253,-14.896947490716794
3370.9349853346316,0.0045926473103463,3.60094666481018,3.585913103956461,-15.033560853719319
3371.9502015811513,0.004232732579112,3.60110855102539,3.5859110365430893,-15.197514482300889
3372.9628909879616,0.0024331600870937,3.60094666481018,3.5858875841025384,-15.059080707641836
3373.9768799123317,0.0027930745854973,3.60094666481018,3.5858906990148434,-15.055965795336856
3374.9908511417516,0.0045926473103463,3.60094666481018,3.5859192230897814,-15.027441720398826
3376.0048439590114,0.004232732579112,3.60094666481018,3.5859204314622204,-15.026233347959828
3377.0190243428115,0.004232732579112,3.60094666481018,3.5859232763809072,-15.023388429272977
3378.0328094212914,0.003872818313539,3.60094666481018,3.5859214929948027,-15.025171815377547
3379.0482847219614,0.003872818313539,3.60094666481018,3.5859245218251137,-15.022142985066544
3380.0609684663914,0.0049525620415806,3.60110855102539,3.585943238740729,-15.165312284661336
3381.0747531909715,0.0024331600870937,3.60094666481018,3.5859096271945945,-15.037037615585724
3382.0889505619216,0.0024331600870937,3.60094666481018,3.5859043977145886,-15.042267095591644
3383.1027190071413,0.001353416359052,3.60110855102539,3.585883582638702,-15.224968386688076
3384.1167008535413,-0.0029655583202838,3.60094666481018,3.585810309613619,-15.136355196561091
3385.1306915474015,0.00207324558869,3.60110855102539,3.585870009890457,-15.238541134933392
3386.1459566320013,0.00207324558869,3.60094666481018,3.5858822040625564,-15.064460747623798
3387.1586531167914,0.007471963763237,3.60110855102539,3.585966890872716,-15.141660152674152
3388.1812485138416,0.005672391038388,3.60110855102539,3.5859585854565066,-15.149965568883594
3389.1866270726514,0.0035129035823047,3.60094666481018,3.585931616734132,-15.015048076048032
3390.2006121041313,0.0024331600870937,3.60094666481018,3.5859150589588693,-15.031605851310914
3391.2145879342415,0.003872818313539,3.60094666481018,3.5859335144332505,-15.01315037692974
3392.2285655338414,0.004232732579112,3.60094666481018,3.5859440432976526,-15.002621512527625
3393.2438645927514,0.003152989083901,3.60094666481018,3.585932456132403,-15.014208677777141
3394.2565391357916,0.003872818313539,3.60094666481018,3.5859455130948543,-15.0011517153259
3395.2705121347117,0.0067521347664296,3.60094666481018,3.5859938355215055,-14.952829288674696
3396.2845063675713,0.00207324558869,3.60110855102539,3.585932385972939,-15.176165052451118
3397.2985179414814,-0.0029655583202838,3.60094666481018,3.5858481153156934,-15.098549494486857
3398.3124767844315,0.0024331600870937,3.60110855102539,3.5859094502804822,-15.199100744907934
3399.3267870492014,0.0045926473103463,3.60094666481018,3.5859502902260654,-14.996374584114847
3400.3417513195513,0.0049525620415806,3.60110855102539,3.5859645025574602,-15.144048467929938
3401.3544152456216,0.0024331600870937,3.60110855102539,3.58593198283886,-15.176568186530126
3402.3685995223113,0.001353416359052,3.60094666481018,3.585913186372492,-15.03347843768843
3403.3826709051814,0.0045926473103463,3.60110855102539,3.5859609974576157,-15.14755356777453
3404.3963685705717,0.0053124763071537,3.60110855102539,3.5859810055043364,-15.127545521053776
3405.4103447545813,0.0049525620415806,3.60094666481018,3.5859832338951607,-14.963430915019504
3406.4243350945517,0.0024331600870937,3.60094666481018,3.5859510692812466,-14.995595528933592
3407.4396231825913,0.0045926473103463,3.60094666481018,3.5859807530772665,-14.965911732913728
3408.4523051575216,0.005672391038388,3.60110855102539,3.5860043288346373,-15.104222190752914
3409.4662940818916,0.0049525620415806,3.60110855102539,3.5859998601367087,-15.108690888681497
3410.4802451390615,0.0027930745854973,3.60094666481018,3.58597207952962,-14.97458528056006
3411.4942506966913,0.0035129035823047,3.60110855102539,3.585979704562394,-15.128846462996393
3412.5082516536313,0.003872818313539,3.60094666481018,3.585986971469613,-14.959693340567348
3413.5222384546114,0.0035129035823047,3.60094666481018,3.585983976074395,-14.962688735785434
3414.5375088476917,0.0027930745854973,3.60110855102539,3.5859782859369385,-15.130265088451722
3415.5501826829413,0.0053124763071537,3.60094666481018,3.586014593417581,-14.932071392599333
3416.5641616981416,0.003152989083901,3.60078477859497,3.585989914259787,-14.794864335182734
3417.5781488530115,0.0024331600870937,3.60094666481018,3.585977383061225,-14.969281748955066
3418.5921406085813,0.0024331600870937,3.60094666481018,3.585978870018881,-14.967794791299394
3419.6061320102513,0.0049525620415806,3.60094666481018,3.5860158341930006,-14.930830617179591
3420.6201043013616,0.0045926473103463,3.60110855102539,3.5860187588601695,-15.089792165220661
3421.6348268586116,0.0027930745854973,3.60094666481018,3.585995124541105,-14.951540269075192
3422.6480655168516,0.003152989083901,3.60110855102539,3.586000580963494,-15.107970061896125
3423.6620477171414,0.0049525620415806,3.60094666481018,3.586030080972803,-14.91658383737704
3424.6760394727116,0.004232732579112,3.60110855102539,3.5860250436754084,-15.083507349981762
3425.6900128255215,0.0024331600870937,3.60094666481018,3.586001102563342,-14.945562246838406
3426.7040006881916,0.004232732579112,3.60094666481018,3.5860268467326306,-14.919818077549607
3427.7179935054614,0.0053124763071537,3.60110855102539,3.586048832052617,-15.05971897277325
3428.7336139047716,0.005672391038388,3.60110855102539,3.5860623150477724,-15.046235977617783
3429.7459724159016,0.005672391038388,3.60094666481018,3.586067007604608,-14.879657205572272
3430.7601372281415,0.0006335872458294,3.60094666481018,3.585995964721041,-14.950700089139346
3431.7739159364314,0.0027930745854973,3.60094666481018,3.5860182981050817,-14.928366705098561
3432.7879572378815,0.003872818313539,3.60094666481018,3.586036790747718,-14.909874062462247
3433.8018927234816,0.0024331600870937,3.60094666481018,3.586016693031225,-14.929971778955053
3434.8158689074917,-0.0015259000938385,3.60094666481018,3.5859550575695813,-14.991607240598892
3435.8312394540217,0.0024331600870937,3.60094666481018,3.586002307027737,-14.944357782443074
3436.8438329541714,0.0035129035823047,3.60094666481018,3.586022679886177,-14.923984924003264
3437.8578229402415,0.003872818313539,3.60110855102539,3.5860370809764435,-15.071470048946711
3438.8718097412216,0.0060323057696223,3.60094666481018,3.5860739164970834,-14.872748313096817
3439.8857997272917,0.0049525620415806,3.60094666481018,3.586068415619131,-14.878249191049076
3440.8997596319314,0.0027930745854973,3.60094666481018,3.5860391415874853,-14.907523222694952
3441.9137439556216,0.003152989083901,3.60078477859497,3.58604314551552,-14.741633079449645
3442.9290026700314,0.003872818313539,3.60094666481018,3.5860558405048644,-14.890824305315853
3443.9417118951915,0.004232732579112,3.60078477859497,3.586066203033906,-14.718575561063929
3444.9557089592413,0.0049525620415806,3.60094666481018,3.586079503096278,-14.86716171390201
3445.9696794808615,0.003872818313539,3.60110855102539,3.5860703673799157,-15.03818364547449
3446.9837954550217,0.0035129035823047,3.60094666481018,3.5860665378794727,-14.880126930707505
3447.9976484821314,0.0053124763071537,3.60094666481018,3.5860949977186625,-14.85166709151775
3449.0116395299015,0.003872818313539,3.60094666481018,3.58608196116826,-14.864703641920052
3450.0269166470616,0.0053124763071537,3.60094666481018,3.5861057770413214,-14.840887768858835
3451.0395926057013,0.00207324558869,3.60094666481018,3.5860619740560336,-14.884690754146668
3452.0535953321414,0.00207324558869,3.60094666481018,3.5860546714061696,-14.891993404010595
3453.0675757629415,0.0035129035823047,3.60110855102539,3.586076086264393,-15.0324647609974
3454.0815491157514,0.0024331600870937,3.60094666481018,3.5860603114350083,-14.886353375171968
3455.0955146827814,-0.0029655583202838,3.60094666481018,3.58597282181343,-14.973842996750086
3456.1095064383517,0.0024331600870937,3.60094666481018,3.586038975168014,-14.907689642166044
3457.1235127037817,0.0024331600870937,3.60094666481018,3.5860461735303337,-14.900491279846495
3458.1374980891615,0.003152989083901,3.60110855102539,3.586062132874819,-15.046418150571395
3459.1514268506817,0.0071120494976639,3.60110855102539,3.5861277669898315,-14.980784035558692
3460.1654532883613,0.0049525620415806,3.60094666481018,3.586110590252077,-14.836074558103096
3461.1794269950715,0.0024331600870937,3.60110855102539,3.586076708317364,-15.031842708026044
3462.1934215818314,0.0027930745854973,3.60110855102539,3.5860781661097896,-15.030384915600603
3463.2073620220312,0.003152989083901,3.60094666481018,3.5860846571313094,-14.862007678870803
3464.2226706362117,0.0035129035823047,3.60094666481018,3.58609148478978,-14.855180020400205
3465.2353480104516,0.003152989083901,3.60094666481018,3.586091550403506,-14.855114406674197
3466.2493422433113,0.0049525620415806,3.60094666481018,3.5861208469001364,-14.825817910043781
3467.2632961316713,0.0060323057696223,3.60094666481018,3.586144751582451,-14.80191322772928
3468.2773229232516,0.0045926473103463,3.60094666481018,3.586131995278259,-14.814669531921343
3469.2912821201016,0.004232732579112,3.60110855102539,3.5861280970354406,-14.980453989949627
3470.3052905089216,0.003152989083901,3.60094666481018,3.5861153542475592,-14.831310562620992
3471.3205290510814,0.003872818313539,3.60094666481018,3.5861255166495165,-14.82114816066371
3472.3336081008215,0.0045926473103463,3.60094666481018,3.586140040906075,-14.806623904105365
3473.3472208304315,0.004232732579112,3.60078477859497,3.586136039684719,-14.64873891025098
3474.3612168327913,0.000273672689218,3.60094666481018,3.5860801174615617,-14.866547348618475
3475.3751647048616,0.0035129035823047,3.60094666481018,3.5861192546615768,-14.827410148603448
3476.3891847723617,0.003152989083901,3.60110855102539,3.586117991501403,-14.990559523987201
3477.4031482160017,0.0009935018606483,3.60094666481018,3.5860841198087408,-14.862545001439464
3478.4348214793413,-0.0033254728186875,3.60094666481018,3.586010884794667,-14.935780015513433
3479.4467415094714,0.0053124763071537,3.60094666481018,3.5861261040937777,-14.820560716402476
3480.4607127388813,0.0053124763071537,3.60094666481018,3.5861440680998116,-14.802596710368654
3481.4760025964215,0.0053124763071537,3.60094666481018,3.5861529663651144,-14.79369844506584
3482.4886778472614,0.0024331600870937,3.60094666481018,3.5861176683743263,-14.828996435853892
3483.5026639404414,0.0027930745854973,3.60094666481018,3.5861189559182414,-14.827708891938851
3484.5166472024316,0.003152989083901,3.60094666481018,3.586125733306606,-14.820931503574108
3485.5306340034113,0.003872818313539,3.60094666481018,3.586140466194753,-14.806198615427313
3486.5446215121815,0.0049525620415806,3.60110855102539,3.5861634740990604,-14.945076926329737
3487.5586068975713,0.0063922200351953,3.60094666481018,3.5861934923569443,-14.75317245323593
3488.5738847225316,0.004232732579112,3.60110855102539,3.586169770654628,-14.938780370762128
3489.5865670513613,0.003872818313539,3.60078477859497,3.5861650723072134,-14.61970628775644
3490.6005442970613,0.003872818313539,3.60094666481018,3.5861670409178004,-14.779623892379856
3491.6145332214314,0.004232732579112,3.60110855102539,3.586171612003237,-14.936939022152984
3492.6285469187414,0.0027930745854973,3.60110855102539,3.5861542537842155,-14.954297241174697
3493.6425004532016,0.0024331600870937,3.60094666481018,3.5861465446842637,-14.800120125916472
3494.6564844229915,0.00207324558869,3.60110855102539,3.586141310477258,-14.967240548132033
3495.6717576472715,0.0024331600870937,3.60078477859497,3.586146553578243,-14.638225016726736
3496.6844665185313,0.0035129035823047,3.60094666481018,3.5861620671062338,-14.784597703946467
3497.6984335011516,0.003152989083901,3.60110855102539,3.586160808078333,-14.94774294705703
3498.7124111007615,0.00207324558869,3.60110855102539,3.58614652660216,-14.962024423230247
3499.7265245976214,0.003152989083901,3.60110855102539,3.5861614502856143,-14.947100739775898
3500.7403744396415,0.0045926473103463,3.60094666481018,3.5861860157211094,-14.76064908907082
3501.7543587633213,0.003872818313539,3.60094666481018,3.586183176301279,-14.76348850890119
3502.7696656080116,0.0049525620415806,3.60110855102539,3.586203229131385,-14.905321894005397
3503.7822966214717,0.0045926473103463,3.60094666481018,3.5862027264203533,-14.743938389826905
3504.7963205818514,0.0024331600870937,3.60094666481018,3.58617474837578,-14.771916434400012
3505.8102461582816,0.0035129035823047,3.60110855102539,3.5861878962997813,-14.920654725608884
3506.8242800278513,0.0027930745854973,3.60094666481018,3.586180808343376,-14.765856466804284
3507.8382703678217,0.0071120494976639,3.60094666481018,3.586246417120264,-14.700247689916068
3508.8522490291116,0.0049525620415806,3.60110855102539,3.586227808564801,-14.880742460589236
3509.8674858017816,-8.62418673932552e-05,3.60110855102539,3.5861517349799175,-14.95681604547272
3510.8802148452914,-0.0033254728186875,3.60094666481018,3.586085652310704,-14.861012499476356
3511.8941460841115,0.004232732579112,3.60094666481018,3.5861842564352706,-14.762408374909608
3512.9081190830216,0.0049525620415806,3.60110855102539,3.586209553994024,-14.89899703136599
3513.9221642773514,0.0045926473103463,3.60094666481018,3.586212932485893,-14.733732324287097
3514.9361652343014,0.003872818313539,3.60110855102539,3.5862078163568096,-14.90073466858055
3515.9500996582115,0.003152989083901,3.60094666481018,3.5861996254621236,-14.747039348056656
3516.9654372921214,0.0027930745854973,3.60094666481018,3.586194170389187,-14.752494420993134
3517.9780583964016,0.00207324558869,3.60094666481018,3.586183016245219,-14.763648564961152
3518.9920841262815,0.001353416359052,3.60078477859497,3.5861751992200426,-14.60957937492724
3520.0060436770314,0.0049525620415806,3.60094666481018,3.5862255385838435,-14.7211262263367
3521.0200485268615,0.0053124763071537,3.60094666481018,3.5862402806372993,-14.706384172880949
3522.0340063081117,0.003872818313539,3.60094666481018,3.5862260540514748,-14.720610758705455
3523.0480249600114,0.0024331600870937,3.60094666481018,3.5862065322059093,-14.740132604270872
3524.0632589014813,0.0035129035823047,3.60094666481018,3.5862199743699574,-14.72669044022279
3525.0759727273316,0.003152989083901,3.60094666481018,3.5862183338837172,-14.728330926462974
3526.0899528042314,0.003152989083901,3.60078477859497,3.5862196256697025,-14.565152925267277
3527.1039530533717,0.003152989083901,3.60094666481018,3.5862219019492527,-14.724762860927498
3528.1179200360016,0.0063922200351953,3.60094666481018,3.5862745147647965,-14.672150045383692
3529.1319309021214,0.0067521347664296,3.60110855102539,3.586294094198632,-14.814456826758082
3530.1460776655013,0.0045926473103463,3.60110855102539,3.58626908068313,-14.839470342260075
3531.1611725246216,0.0017133308574557,3.60094666481018,3.5862255276805284,-14.72113712965184
3532.1738470676614,0.0035129035823047,3.60094666481018,3.586247113797965,-14.699551012215206
3533.1878476707116,0.003152989083901,3.60110855102539,3.5862448181036477,-14.863732921742479
3534.2018040363614,0.003152989083901,3.60094666481018,3.5862450750910617,-14.701589719118502
3535.2158124251914,0.0027930745854973,3.60094666481018,3.5862397253554326,-14.706939454747658
3536.2297574660715,-0.0004461564240045,3.60094666481018,3.5861884560379655,-14.758208772214676
3537.2437867349413,0.0024331600870937,3.60094666481018,3.5862239519197354,-14.7227128904448
3538.2590634982116,0.00207324558869,3.60094666481018,3.5862226424192536,-14.724022390926628
3539.2717369795614,0.003872818313539,3.60110855102539,3.5862521836863785,-14.856367339011634
3540.2857078550815,0.0063922200351953,3.60094666481018,3.5862986358774496,-14.64802893273065
3541.2997250913813,0.0045926473103463,3.60094666481018,3.5862833656668207,-14.66329914335951
3542.3136924279115,0.0035129035823047,3.60110855102539,3.586269593890508,-14.838957134882147
3543.3280242805213,0.0006335872458294,3.60094666481018,3.586225463203888,-14.721201606292311
3544.3416398413315,0.0024331600870937,3.60094666481018,3.586244868001701,-14.701796808479273
3545.3564253926215,0.0024331600870937,3.60094666481018,3.586246709977889,-14.699954832291251
3546.3695762838815,0.0024331600870937,3.60094666481018,3.5862470842193055,-14.699580590874728
3547.3836144002316,0.00207324558869,3.60110855102539,3.5862442222036646,-14.864328821725614
3548.3975743048713,0.0045926473103463,3.60094666481018,3.586282127694342,-14.664537115838261
3549.4115724306216,0.0035129035823047,3.60078477859497,3.586275006925209,-14.509771669760863
3550.4255394132515,0.004232732579112,3.60094666481018,3.5862884784243603,-14.658186385819949
3551.4395428474913,0.004232732579112,3.60094666481018,3.586296867473831,-14.649797336349302
3552.4548277504314,0.0060323057696223,3.60094666481018,3.5863236296441214,-14.623035166058784
3553.4675178650414,0.003872818313539,3.60094666481018,3.5863023748570484,-14.644289953131828
3554.4814788313815,0.0027930745854973,3.60110855102539,3.5862874245459713,-14.821126479418911
3555.4954797883315,0.003872818313539,3.60094666481018,3.586299921324916,-14.646743485264402
3556.0583602298816,0.0024331600870937,3.60094666481018,3.5862820224047725,-14.664642405407768
3557.0754179812916,0.0,3.60078477859497,3.5862418762564117,-14.54290233855815
3558.0894079673617,0.0,3.60094666481018,3.586232012605741,-14.714652204439016
3559.1033749499816,0.0,3.60094666481018,3.5862263383924535,-14.720326417726692
3560.1173341468316,0.0,3.60078477859497,3.5862224563257055,-14.56232226926435
3561.1313481980415,0.0,3.60078477859497,3.58621917148494,-14.565607110029966
3562.1466925560417,0.0,3.60078477859497,3.586216332922049,-14.568445672920927
3563.1593179071115,0.0,3.60062289237976,3.586213779263457,-14.409113116302663
3564.1732523310216,0.0,3.60062289237976,3.58621147820599,-14.411414173769899
3565.1876510705715,0.0,3.60078477859497,3.5862094025626967,-14.575376032273102
3566.0778007840513,0.0,3.60078477859497,3.586207775523129,-14.577003071840622
