Time,Current,Voltage,Simulated_V,Residual_mV
0.0,0.0,2.86671233177185,2.866694661632736,-0.017670139114134287
1.00302406797128,0.0,2.86655020713806,2.866694661709338,0.14445457127765238
2.01300756211638,0.0,2.86671233177185,2.8666946617090634,-0.017670062786745433
3.02210312337207,0.0,2.86671233177185,2.866694661708819,-0.0176700630309945
4.03309098321669,0.0,2.86655020713806,2.8666946617086895,0.14445457062928213
5.040122604810771,0.0,2.86671233177185,2.866694661708562,-0.01767006328812215
6.051132406400759,0.0,2.86671233177185,2.8666946617083826,-0.01767006346753419
7.061198005141449,0.0,2.86655020713806,2.866694661708191,0.14445457013101404
8.068234935222309,0.0,2.86671233177185,2.8666946617080007,-0.017670063849450912
9.07328189055742,0.0,2.86687421798706,2.86669466170781,-0.17955627924992612
10.08231410387082,0.0,2.86671233177185,2.8666946617076183,-0.017670064231811722
11.08234878598442,0.0,2.86655020713806,2.8666946617075366,0.14445456947642654
12.09239421247542,0.0,2.86655020713806,2.8666946617074736,0.14445456941336587
13.10144058175352,0.0,2.86655020713806,2.8666946617074114,0.14445456935119338
14.10444695476882,0.0,2.86671233177185,2.866694661707349,-0.017670064500929783
15.104539676338021,0.0,2.86671233177185,2.866694661707287,-0.017670064563102272
16.11559760820822,0.0,2.86671233177185,2.866694661707175,-0.017670064675012753
17.11657260028082,0.0,2.86655020713806,2.866694661707057,0.1444545689968102
18.126631121039118,0.0,2.86655020713806,2.866694661706937,0.1444545688769061
19.135662980453418,0.0,2.86655020713806,2.866694661706817,0.14445456875700202
20.13866298328462,0.0,2.86655020713806,2.866694661706699,0.1444545686388743
21.14773447940022,0.0,2.86671233177185,2.8666946617066804,-0.017670065169728133
22.15586389606122,0.0,2.86655020713806,2.866694661706675,0.14445456861489347
23.16186956410952,0.0,2.86671233177185,2.866694661706668,-0.01767006518216263
24.17086497191452,0.0,2.86655020713806,2.8666946617066627,0.14445456860245898
25.181943076034518,0.0,2.86655020713806,2.866694661706656,0.14445456859579764
26.18495051074722,0.0,2.86655020713806,2.8666946617065565,0.14445456849632166
27.18795617596432,0.0,2.86687421798706,2.8666946617064513,-0.1795562806088391
28.19403085434082,0.0,2.86671233177185,2.866694661706345,-0.017670065505015486
29.20619401315942,0.0,2.86671233177185,2.866694661706238,-0.017670065612040986
30.21415320434422,0.0,2.86671233177185,2.8666946617061333,-0.01767006571684604
31.21814978709432,0.0,2.86671233177185,2.866694661706023,-0.017670065826980164
32.22517574630242,0.0,2.86671233177185,2.866694661705913,-0.017670065937114288
33.232237449321616,0.0,2.86671233177185,2.8666946617058033,-0.017670066046804322
34.23531849505112,0.0,2.86687421798706,2.8666946617056936,-0.1795562813664553
35.23930127573552,0.0,2.86671233177185,2.8666946617055844,-0.017670066265740303
36.24034527813642,0.0,2.86671233177185,2.8666946617055604,-0.01767006628972112
37.25137242078322,0.0,2.86671233177185,2.866694661705536,-0.017670066314146027
38.25442480068402,0.0,2.86671233177185,2.8666946617055116,-0.017670066338570933
39.25843837059182,0.0,2.86655020713806,2.866694661705487,0.14445456742695484
40.26948922447962,0.0,2.86671233177185,2.866694661705462,-0.017670066388308925
41.27556531845262,0.0,2.86655020713806,2.8666946617054005,0.14445456734035744
42.28158726586032,0.0,2.86671233177185,2.86669466170534,-0.01767006650998937
43.28262560587532,0.0,2.86671233177185,2.866694661705279,-0.01767006657127368
44.28564011857032,0.0,2.86687421798706,2.866694661705217,-0.17955628184296302
45.291704887771516,0.0,2.86671233177185,2.866694661705157,-0.017670066692954123
46.30193965029102,0.0,2.86671233177185,2.8666946617051234,-0.017670066726704903
47.31375598797312,0.0,2.86671233177185,2.866694661705088,-0.01767006676223204
48.31584293107742,0.0,2.86671233177185,2.8666946617050533,-0.017670066796870998
49.32584801306882,0.0,2.86687421798706,2.8666946617050186,-0.1795562820414709
50.33489615184252,0.0,2.86655020713806,2.866694661704975,0.14445456691491998
51.33496056148222,0.0,2.86655020713806,2.866694661704841,0.14445456678080504
52.33992470442342,0.0,2.86671233177185,2.866694661704705,-0.01767006714503694
53.35100563973632,0.0,2.86671233177185,2.866694661704569,-0.017670067280928237
54.36100682883742,0.0,2.86671233177185,2.866694661704434,-0.017670067415931356
55.36110769008632,0.0,2.86687421798706,2.8666946617043174,-0.17955628274268776
56.370075847659116,0.0,2.86687421798706,2.866694661704335,-0.1795562827249242
57.37521375506782,0.0,2.86671233177185,2.866694661704352,-0.01767006749808786
58.38221246404382,0.0,2.86655020713806,2.86669466170437,0.1444545663096264
59.04428799744062,0.0,2.86671233177185,2.866694661704382,-0.017670067468333883
60.04884208065382,10.0019388198853,3.0062735080719,3.029740783941926,23.46727587002606
61.05386497084882,10.001579284668,3.02699708938599,3.071922524754249,44.92543536825933
62.05787217057252,10.0012197494507,3.04415893554688,3.09597836103097,51.819425484090246
63.06399214803621,10.001579284668,3.0600254535675,3.1133983381262027,53.37288455870271
64.06600831131672,10.0012197494507,3.07411122322083,3.1273680996640456,53.25687644321553
65.06602388287803,10.0012197494507,3.0870635509491,3.139326354847109,52.2628038980093
66.06805774111453,10.001579284668,3.09936809539795,3.150022460017795,50.65436461984474
67.07110339693203,10.0012197494507,3.11053967475891,3.159831902435309,49.292227676399406
68.07813784971903,10.001579284668,3.12171101570129,3.169049055956075,47.33804025478516
69.08718740408932,10.001579284668,3.13207268714905,3.177804389226924,45.731702077874026
70.09318210126493,10.001579284668,3.14194893836975,3.1861674227675505,44.21848439780041
71.09731351957933,10.0012197494507,3.15133929252625,3.1942184960363447,42.87920351009467
72.10433664759452,10.001579284668,3.16040587425232,3.2020562205496126,41.650346297292806
73.10531270136453,10.0019388198853,3.16898679733276,3.2096335847329653,40.64678740020522
74.11541050492502,10.0012197494507,3.17724394798279,3.2170651787055955,39.82123072280564
75.11941451955663,10.001579284668,3.18517732620239,3.2242722327403945,39.09490653800462
76.12146925784123,10.0008592605591,3.192786693573,3.2312626446928348,38.47595111983493
77.12848176888282,10.0012197494507,3.20023441314697,3.2381058345911455,37.871421444175546
78.13047740601452,10.0012197494507,3.20719623565674,3.2447125361707876,37.51630051404753
79.13858488093013,10.001579284668,3.2141580581665,3.2511569471425985,36.9988889760986
80.14566534060263,10.001579284668,3.22095799446106,3.2573750717015058,36.417077240445735
81.15574261801423,10.0012197494507,3.22727227210999,3.263382653928766,36.11038181877602
82.16721850474383,10.0012197494507,3.2334246635437,3.269171770405172,35.74710686147231
83.17569261914673,10.0012197494507,3.23941516876221,3.2747089788231207,35.29381006091059
84.18475491388523,10.001579284668,3.24556756019592,3.280015521432655,34.44796123673477
85.19579196570743,10.001579284668,3.25139594078064,3.2850881831724883,33.692242391848204
86.20283349647683,10.0012197494507,3.25673890113831,3.2898953539822653,33.156452843955186
87.20890109687093,10.0012197494507,3.2622435092926,3.294465153117126,32.22164382452597
88.20890817485322,10.0019388198853,3.26774835586548,3.2987832710782046,31.034915212724723
89.22230007141283,10.001579284668,3.27276730537415,3.302915265279104,30.147959904954114
90.23321502803893,10.001579284668,3.2776243686676,3.306814302137088,29.18993346948806
91.23801920857842,10.001579284668,3.28264355659485,3.3104715675495746,27.828010954724647
92.24406062043772,10.001579284668,3.2873387336731,3.31392191378789,26.583180114789773
93.25406251733703,10.0012197494507,3.29187202453613,3.3171788291627227,25.306804626592516
94.26520892398693,10.001579284668,3.29656720161438,3.320251773984475,23.684572370095136
95.27419831550692,10.001579284668,3.30093860626221,3.3231277715573495,22.189165295139368
96.27521400597823,10.0012197494507,3.30514812469482,3.325802447844781,20.654323149960963
97.28540346941062,10.0012197494507,3.30935764312744,3.328338536485589,18.980893358148787
98.29335275142003,10.0019388198853,3.31356716156006,3.330718859446308,17.15169788624804
99.30234037344462,10.001579284668,3.31745290756226,3.3329408052686165,15.487897706356613
100.30839346397462,10.001579284668,3.32150030136108,3.3350203390143474,13.52003765326737
101.31143274960763,10.001579284668,3.32538604736328,3.336963722331019,11.577674967738982
102.31945245754262,10.001579284668,3.32910990715027,3.33879157286172,9.681665711450016
103.32144986416962,10.0012197494507,3.33250975608826,3.3404931166813157,7.9833605930557106
104.32351698892363,10.001579284668,3.33590984344482,3.3420950235104554,6.185180065635176
105.32661856080162,10.001579284668,3.33930993080139,3.34359597723537,4.286046433980228
106.33159048952362,10.0019388198853,3.34238600730896,3.3450123428040204,2.6263354950604167
107.33780035736363,10.001579284668,3.34513831138611,3.3463350064695154,1.1966950834052525
108.34983540470063,10.001579284668,3.34805274009705,3.347588497590501,-0.46424250654908406
109.35511274836263,10.0012197494507,3.35031938552856,3.348755413847451,-1.5639716811088888
110.35975732039962,10.001579284668,3.35274791717529,3.3498617279241194,-2.8861892511704568
111.36882881651462,10.001579284668,3.3548526763916,3.3509044092865343,-3.9482671050654616
112.36884828096663,10.001579284668,3.35663366317749,3.351881005785422,-4.752657392067761
113.37890043154063,10.001579284668,3.35857629776001,3.3528118148286477,-5.764482931362558
114.37891812649663,10.0012197494507,3.36019539833069,3.353680114839941,-6.515283490748924
115.38190609675763,10.0012197494507,3.36165261268616,3.3545099585841953,-7.142654101964574
116.38777976043463,10.001579284668,3.36310982704163,3.3553041194989217,-7.805707542708262
117.40340015974563,10.0019388198853,3.36440491676331,3.3560673418406495,-8.337574922660629
118.41576681055763,10.001579284668,3.36553835868835,3.356783281646149,-8.75507704220091
119.42289044592263,10.0012197494507,3.36667156219482,3.35746254639972,-9.20901579510014
120.43397704362162,10.001579284668,3.36764311790466,3.3581233694359054,-9.519748468754585
121.43696678337862,10.001579284668,3.36845254898071,3.358748158040572,-9.704390940137753
122.44404582745463,10.001579284668,3.36958575248718,3.359350461564137,-10.235290923042761
123.44610056573863,10.001579284668,3.37039542198181,3.3599272282426265,-10.468193739183729
124.45211578906363,10.001579284668,3.37120485305786,3.3604861970598514,-10.718655998008586
125.45524461117363,10.0012197494507,3.37201452255249,3.361021174017619,-10.993348534870773
126.45620721677763,10.001579284668,3.37266206741333,3.361546010266467,-11.116057146863145
127.46026360847863,10.001579284668,3.37347149848938,3.362054977175124,-11.416521314255856
128.47561327496462,10.001579284668,3.37395715713501,3.362555278513391,-11.401878621619232
129.4882796783296,10.001579284668,3.37476682662964,3.363042155664964,-11.724670964675887
130.50226046302362,10.001579284668,3.37557625770569,3.3635188885472567,-12.05736915843314
131.5162235527606,10.001579284668,3.37622404098511,3.363986094957875,-12.237946027235047
132.53022203241062,10.001579284668,3.37687158584595,3.364444687565832,-12.426898280117893
133.54419821641562,10.0012197494507,3.37735724449158,3.3648932417011617,-12.46400279041815
134.5581945726696,10.001579284668,3.37800478935242,3.3653419627617853,-12.66282659063478
135.5734653196516,10.001579284668,3.37881445884705,3.3657829823813312,-13.031476465718672
136.5861586193506,10.001579284668,3.37930011749268,3.3662180670419057,-13.082050450774041
137.6001294948686,10.0012197494507,3.37994766235352,3.366646381124614,-13.30128122890617
138.6141279745176,10.0019388198853,3.38075733184814,3.3670830787075157,-13.674253140624426
139.62810274292661,10.0019388198853,3.38140487670898,3.367512788845086,-13.892087863893732
140.64207043335261,10.001579284668,3.38205242156982,3.367934692780303,-14.117728789517336
141.65604378616462,10.001579284668,3.38253808021545,3.3683585005246983,-14.179579690751787
142.6712950686946,10.0012197494507,3.38318586349487,3.368781789771333,-14.404073723536914
143.68401101793762,10.0019388198853,3.38383340835571,3.369215373951767,-14.618034403942826
144.6980190528626,10.001579284668,3.38464283943176,3.369638195134885,-15.004644296875203
145.7120051460426,10.001579284668,3.38512873649597,3.3700658956987035,-15.062840797266386
146.7259717747716,10.001579284668,3.38593816757202,3.370495732450903,-15.442435121117093
147.7399447736846,10.0012197494507,3.38642382621765,3.3709239405125193,-15.499885705130723
148.7783573379526,10.001579284668,3.38723349571228,3.3713727640854434,-15.860731626836433
149.78350975522562,10.0012197494507,3.38771915435791,3.371803681355787,-15.91547300212337
150.7975259298306,10.001579284668,3.38852858543396,3.372248328824929,-16.280256609030985
151.81147840259462,10.0012197494507,3.3891761302948,3.3726901321645513,-16.485998130248536
152.8267611821466,10.0019388198853,3.38982391357422,3.3731472096041593,-16.676703970060824
153.8394689917086,10.001579284668,3.39030957221985,3.37359704278279,-16.71252943706003
154.8534366821346,10.0012197494507,3.39095711708069,3.3740502059269084,-16.9069111537814
155.86742277531562,10.001579284668,3.39176678657532,3.3745162585358237,-17.250528039496338
156.8814028522106,10.001579284668,3.39241433143616,3.3749849949961788,-17.429336439981125
157.89537868231662,10.001579284668,3.39289999008179,3.3754578309450527,-17.442159136737523
158.90938176265462,10.001579284668,3.39370965957642,3.375935720853604,-17.773938722815963
159.9246040254566,10.0012197494507,3.39435720443726,3.3764165624149793,-17.940642022280517
160.9373302377736,10.0019388198853,3.39516663551331,3.3769127654817064,-18.253870031603725
161.9513209316426,10.001579284668,3.39565229415894,3.377406527067884,-18.245767091055853
162.9653109177126,10.001579284668,3.39630007743835,3.377906679125179,-18.393398313170994
163.9792924102046,10.0019388198853,3.3971095085144,3.3784176756981434,-18.691832816256415
164.9936525747536,10.001579284668,3.39759516716003,3.378928387365128,-18.666779794902055
166.00724088532363,10.001579284668,3.39824295043945,3.3794476240475233,-18.795326391926714
167.0225335740516,10.001579284668,3.39872860908508,3.3799745962813863,-18.7540128036936
168.0352141333816,10.001579284668,3.39953804016113,3.3805067239252833,-19.031316235846862
169.0492023499566,10.001579284668,3.40018582344055,3.3810457165345014,-19.140106906048615
170.0631718098786,10.001579284668,3.40067148208618,3.381591139318528,-19.080342767651803
171.07717099732662,10.001579284668,3.40131902694702,3.382142961841096,-19.176065105924067
172.09135102722362,10.0012197494507,3.40196657180786,3.382697946755855,-19.268625052005106
173.1051375213006,10.001579284668,3.40277624130249,3.3832650552805323,-19.51118602195745
174.1203803102526,10.001579284668,3.40342378616333,3.383837695843541,-19.586090319788863
175.1331160778456,10.001579284668,3.40390944480896,3.384414840520374,-19.49460428858618
176.1470876611616,10.001579284668,3.40455722808838,3.3849976763270937,-19.559551761286098
177.1610751699386,10.0019388198853,3.40536665916443,3.385589685677724,-19.77697348670615
178.1753157165846,10.0008592605591,3.40569043159485,3.386176515813706,-19.513915781144142
179.1892331533366,10.0012197494507,3.40633797645569,3.3867813781400806,-19.556598315609186
180.2030175240186,10.001579284668,3.40714764595032,3.3873923705020137,-19.755275448306353
181.2183356934826,10.0012197494507,3.40763330459595,3.3880031817269782,-19.6301228689717
182.24871545554862,10.0012197494507,3.40828084945679,3.388632218461024,-19.648630995766414
183.26057956961262,10.001579284668,3.40892863273621,3.3892604640859108,-19.6681686502993
184.2758283748486,10.001579284668,3.40957617759705,3.3898919666130207,-19.68421098402917
185.2885517559726,10.001579284668,3.41022372245789,3.3905254965268976,-19.698225930992574
186.3025045826356,10.001579284668,3.41070938110352,3.3911657506493924,-19.54363045412766
187.3165285430216,10.001579284668,3.41119527816772,3.391811299455901,-19.383978711819072
188.33066539722662,10.0019388198853,3.41200470924377,3.392464490517029,-19.540218726740832
189.3444196864836,10.001579284668,3.4124903678894,3.3931146465128443,-19.37572137655552
190.3584514326506,10.001579284668,3.41330003738403,3.393772313014441,-19.527724369589272
191.3737543844526,10.001579284668,3.41362380981445,3.3944351938889494,-19.188615925500585
192.38639813827461,10.001579284668,3.41427135467529,3.395100247395708,-19.17110727958171
193.40049854086962,10.001579284668,3.41491889953613,3.3957694928729927,-19.14940666313747
194.4143674934416,10.001579284668,3.41556668281555,3.396441601189031,-19.125081626519158
195.4283818985516,10.001579284668,3.41605234146118,3.3971168972736945,-18.935444187485384
196.44235418966562,10.001579284668,3.41669988632202,3.3977949026040983,-18.90498371792182
197.4563378055526,10.001579284668,3.41734743118286,3.3984753311543865,-18.872100028473504
198.47160147455162,10.001579284668,3.41799521446228,3.3991585502300468,-18.83666423223307
199.48430432952662,10.001579284668,3.41848087310791,3.3998417824767118,-18.639090631198396
200.49828122132962,10.0012197494507,3.41880464553833,3.400524118114767,-18.280527423562898
201.5122857172646,10.0012197494507,3.41961407661438,3.4012103057850895,-18.403770829290345
202.5262233262656,10.001579284668,3.4202618598938,3.4019023329238216,-18.359526969978557
203.54023419238362,10.001579284668,3.42074751853943,3.402591904889165,-18.155613650264968
204.5541997594156,10.001579284668,3.42139506340027,3.403281727523166,-18.113335877103953
205.56951332819062,10.0019388198853,3.42204284667969,3.4039760984313476,-18.066748248342535
206.5821793776576,10.001579284668,3.42236661911011,3.4046608693869955,-17.70574972311456
207.5961651169386,10.0012197494507,3.42301416397095,3.405345301245237,-17.668862725713108
208.61014590163163,10.001579284668,3.42366170883179,3.4060361633609704,-17.625545470819848
209.6241295175186,10.0012197494507,3.42398548126221,3.406719943011651,-17.26553825055932
210.6381212730846,10.001579284668,3.42463326454163,3.407409158897132,-17.224105644498167
211.6521211683306,10.0019388198853,3.42544269561768,3.408097513788877,-17.345181828802847
212.66734909351862,10.001579284668,3.42592835426331,3.408776670678684,-17.151683584625932
213.6800600881736,10.001579284668,3.42641425132751,3.409455316675683,-16.958934651827295
214.6940571522266,10.001579284668,3.42689990997314,3.4101327219756015,-16.767187997538624
215.70804678439762,10.001579284668,3.42754745483398,3.41080727431194,-16.74018052203996
216.72202049110862,10.001579284668,3.42803311347961,3.411478832959396,-16.554280520213904
217.7360072920876,10.001579284668,3.42851901054382,3.4121470232231372,-16.3719873206829
218.7499686123296,10.001579284668,3.42900466918945,3.4128116696397446,-16.192999549705434
219.76543364992762,10.001579284668,3.4298141002655,3.4134734487619274,-16.340651503572445
220.7779485844706,10.001579284668,3.43013787269592,3.414129210563731,-16.008662132189322
221.7919399861376,10.0019388198853,3.43062376976013,3.4147842233009627,-15.839546459167408
222.80590413757162,10.0012197494507,3.43110942840576,3.415425732283369,-15.683696122390955
223.81990934130462,10.001579284668,3.4317569732666,3.4160715118810954,-15.685461385504418
224.8338812785206,10.001579284668,3.43224263191223,3.4167104529930126,-15.532178919217543
225.84787975816963,10.0019388198853,3.43272829055786,3.4173480401264875,-15.380250431372477
226.86312360881863,10.0012197494507,3.43321418762207,3.417971098767067,-15.243088855002807
227.87583637296862,10.0019388198853,3.4336998462677,3.4185975560847397,-15.102290182960498
228.8898175115616,10.001579284668,3.43402361869812,3.4192102096005867,-14.81340909753337
229.90380395864062,10.001579284668,3.43450927734375,3.4198198713690062,-14.689405974743774
230.91780173049162,10.0019388198853,3.43515706062317,3.4204261096544233,-14.730950968746548
231.93176977481662,10.0012197494507,3.4356427192688,3.4210171665262474,-14.625552742552728
232.9457417120326,10.001579284668,3.43612837791443,3.4216107680997547,-14.517609814675314
233.96098874777363,10.0019388198853,3.43661403656006,3.422199623495983,-14.414413064077092
234.97371035940162,10.001579284668,3.43677592277527,3.4227747742409376,-14.00114853433232
235.98817138519962,10.001579284668,3.43726181983948,3.423345624026752,-13.916195812728294
237.0020789127756,10.0012197494507,3.43774747848511,3.4239057105064843,-13.841767978625796
238.01566297655663,10.001579284668,3.43839502334595,3.42446505633,-13.929967015950062
239.02964694634161,10.001579284668,3.43871879577637,3.4250148441646493,-13.703951611720555
240.0436266693376,10.001579284668,3.439204454422,3.4255574204825465,-13.647033939453657
241.0589267899466,10.001579284668,3.439528465271,3.4260929348697333,-13.435530401266771
242.0716069953786,10.0012197494507,3.43969035148621,3.426615810115025,-13.074541371185244
243.08558211768562,10.001579284668,3.44033789634705,3.427137643564435,-13.200252782614719
244.0995692725636,10.0012197494507,3.44082355499268,3.427646523636545,-13.177031356134794
245.11354616436662,10.0019388198853,3.4411473274231,3.42815762603366,-12.98970138944
246.12753756603362,10.001579284668,3.4416332244873,3.4286538783008234,-12.979346186476448
247.14151728902962,10.0012197494507,3.44195699691772,3.429141401339775,-12.815595577944983
248.1567632630736,10.001579284668,3.44244265556335,3.429626638130947,-12.816017432403015
249.1694749655266,10.0019388198853,3.44276642799377,3.4301031273129565,-12.66330068081345
250.1834663671936,10.001579284668,3.44309020042419,3.430566390083565,-12.523810340625108
251.19747086312762,10.001579284668,3.44341397285461,3.4310243363685458,-12.38963648606406
252.2114428003426,10.001579284668,3.44373798370361,3.431474961791895,-12.263021911715022
253.22541792265062,10.001579284668,3.44406175613403,3.431918175458353,-12.14358067567689
254.23940684702362,10.001579284668,3.44438552856445,3.432353766651899,-12.031761912551175
255.2546301715236,10.001579284668,3.44470930099487,3.4327818679553306,-11.927433039539359
256.26737974118265,10.0012197494507,3.44503307342529,3.4331975904710466,-11.835482954243304
257.28135521738864,10.001579284668,3.44535684585571,3.433612706105802,-11.744139749907845
258.29533352478865,10.001579284668,3.44584250450134,3.4340188039498,-11.823700551540028
259.30928741314966,10.001579284668,3.44600462913513,3.4344171030351647,-11.587526099965384
260.32329969486466,10.001579284668,3.44632840156555,3.434807452984499,-11.520948581051016
261.33728543414566,10.001579284668,3.44665217399597,3.435188964035682,-11.463209960287823
262.35201896226465,10.0012197494507,3.44681406021118,3.435560180393507,-11.253879817672896
263.36525868220264,10.001579284668,3.44729971885681,3.4359297414230845,-11.369977433725698
264.37923203501464,10.001579284668,3.44746160507202,3.436291047135616,-11.17055793640409
265.39329740159764,10.0019388198853,3.44778537750244,3.4366494870286646,-11.1358904737755
266.3934612568896,10.0019388198853,3.44794726371765,3.436992817001498,-10.954446716151978
267.40557557763066,10.0019388198853,3.44843316078186,3.4373306600104225,-11.102500771437374
268.41958184305963,10.0012197494507,3.44859504699707,3.437653666129829,-10.941380867240724
269.43354882568764,10.001579284668,3.44891881942749,3.437982249691352,-10.93656973613788
270.4339699656396,10.001579284668,3.44924259185791,3.4382971943064695,-10.945397551440639
271.44591618429865,10.0012197494507,3.44940447807312,3.4386053850997866,-10.79909297333348
272.45987431944764,10.0019388198853,3.44989013671875,3.438918740323678,-10.971396395071942
273.47388058487763,10.001579284668,3.44989013671875,3.4392137870599595,-10.676349658790496
274.48784509021164,10.001579284668,3.45005202293396,3.4395057455351323,-10.54627739882763
275.50184675495365,10.001579284668,3.45021390914917,3.439791978985831,-10.42193016333881
276.51582364675664,10.001579284668,3.45053791999817,3.4400718305906066,-10.466089407563217
277.5310943937386,10.001579284668,3.45086169242859,3.4403458672163008,-10.515825212289442
278.54378273884964,10.0019388198853,3.45118546485901,3.4406162269852087,-10.569237873801374
279.55778298799464,10.001579284668,3.45118546485901,3.4408752109990495,-10.31025385996065
280.57174253874064,10.001579284668,3.45134735107422,3.4411309045104965,-10.216446563723558
281.58574809637264,10.001579284668,3.45150923728943,3.4413805552775565,-10.128682011873558
282.59971083221063,10.0019388198853,3.45183300971985,3.441627777505357,-10.205232214492987
283.61371037355764,10.001579284668,3.45215678215027,3.4418636660452324,-10.29311610503747
284.6289177725976,10.001579284668,3.45231866836548,3.4420972781401047,-10.22139022537516
285.64170981015064,10.001579284668,3.45248079299927,3.4423249104903637,-10.155882508906089
286.65563963337064,10.001579284668,3.45248079299927,3.442547549406933,-9.933243592336716
287.66964589880064,10.0019388198853,3.4529664516449,3.4427681267685277,-10.1983248763724
288.68358173830563,10.001579284668,3.4529664516449,3.44297783481816,-9.988616826740238
289.69760852988463,10.001579284668,3.45329022407532,3.4431846984160486,-10.105525659271475
290.71158259049463,10.0012197494507,3.45345211029053,3.443383109795199,-10.069000495330993
291.72686537004665,10.0012197494507,3.45345211029053,3.443580807210759,-9.871303079771021
292.73952858832064,10.001579284668,3.45393776893616,3.4437770631268,-10.160705809359794
293.75353839274163,10.001579284668,3.45409965515137,3.4439659780316334,-10.13367711973645
294.76752554761964,10.001579284668,3.45409965515137,3.44415016678135,-9.949488370019743
295.78157711213663,10.0012197494507,3.45426154136658,3.44432691208552,-9.934629281059593
296.79547543833564,10.001579284668,3.45458555221558,3.4445047786195087,-10.080773596071513
297.80948418105964,10.0012197494507,3.45474743843079,3.4446727578876564,-10.074680543133763
298.82468237872166,10.001579284668,3.45474743843079,3.4448427493114875,-9.904689119302645
299.83746556879663,10.001579284668,3.45507121086121,3.445005527735224,-10.065683125985991
300.8513982232096,10.001579284668,3.45523309707642,3.4451646674871577,-10.068429589262351
301.86542006020164,10.001579284668,3.45539498329163,3.445319925625602,-10.075057666028009
302.87937288686464,10.001579284668,3.45555686950684,3.445471285989353,-10.085583517486896
303.89338481468064,10.0019388198853,3.45588064193726,3.44562139070708,-10.259251230179789
304.90736029088663,10.0012197494507,3.45571875572205,3.4457584218401003,-9.960333881949612
305.92264342433765,10.001579284668,3.45604252815247,3.445901126511824,-10.14140164064603
306.93533318504564,10.001579284668,3.45620441436768,3.4460388525815664,-10.165561786113386
307.94931927822563,10.001579284668,3.45636630058289,3.4461733353913755,-10.192965191514691
308.96327422828364,10.001579284668,3.45669007301331,3.4463037957948024,-10.386277218507711
309.9772847405026,10.001579284668,3.45669007301331,3.4464307980766997,-10.259274936610385
310.99162579449967,10.001579284668,3.4570140838623,3.4465544106759203,-10.459673186379526
312.0052438325956,10.001579284668,3.45717597007751,3.4466747362610333,-10.50123381647694
313.02051634907366,10.0012197494507,3.45717597007751,3.446789363297748,-10.386606779761998
314.03320398638664,10.001579284668,3.45749974250793,3.446907338209202,-10.592404298728209
315.04717167681264,10.0019388198853,3.45766162872314,3.447024044501265,-10.637584221874885
316.06118041953664,10.001579284668,3.45782351493835,3.447131673950664,-10.691840987686163
317.07513360009864,10.001579284668,3.45782351493835,3.4472377245097756,-10.585790428574438
318.0893461887146,10.001579284668,3.45814728736877,3.447341309903325,-10.805977465444982
319.10313055939764,10.001579284668,3.45830917358398,3.4474426795955124,-10.866493988467507
320.11837122495365,10.0012197494507,3.45830917358398,3.447538863934243,-10.770309649736909
321.13107337213063,10.001579284668,3.4586329460144,3.4476381186377427,-10.994827376657135
322.1450973325166,10.001579284668,3.45879483222961,3.447732461669757,-11.06237055985293
323.15904378899563,10.001579284668,3.45911884307861,3.4478245991875625,-11.294243891047717
324.17304120694763,10.001579284668,3.45911884307861,3.447914680108481,-11.204162970129161
325.1870340242106,10.0019388198853,3.45944261550903,3.4480054880978463,-11.437127411183745
326.2010130394086,10.001579284668,3.45944261550903,3.4480883245746337,-11.354290934396438
327.21625122767165,10.001579284668,3.45976638793945,3.448171895394307,-11.594492545142998
328.2289983200366,10.0019388198853,3.45992827415466,3.448255857065983,-11.672417088676834
329.24294902330564,10.0012197494507,3.46009016036987,3.448329099270336,-11.761061099533787
330.2569478568536,10.001579284668,3.46025204658508,3.44840873505415,-11.843311530929768
331.2709219174636,10.001579284668,3.46025204658508,3.448483238567844,-11.768808017235788
332.2849200432136,10.0012197494507,3.46025204658508,3.4485532978588154,-11.69874872626453
333.2988813634556,10.001579284668,3.4605758190155,3.4486278663948053,-11.94795262069448
334.31414290906065,10.0012197494507,3.46089959144592,3.4486955205310164,-12.20407091490383
335.3268719525706,10.001579284668,3.46106147766113,3.448767245569255,-12.294232091875301
336.34084212029063,10.001579284668,3.46122360229492,3.4488340531566406,-12.389549138279499
337.3548441389306,10.001579284668,3.46138548851013,3.448899053601143,-12.486434908987043
338.36881289105463,10.001579284668,3.46170926094055,3.4489624222152635,-12.74683872528648
339.38272678881464,10.0019388198853,3.46170926094055,3.449027309375511,-12.68195156503893
340.39700201757466,10.001579284668,3.46203303337097,3.449085045451981,-12.94798791898888
341.41144959520665,10.001579284668,3.46219491958618,3.449144139907025,-13.0507796791548
342.42474487730664,10.001579284668,3.46235680580139,3.449201525471255,-13.15528033013491
343.43873026268864,10.0012197494507,3.4625186920166,3.449254496822374,-13.264195194225614
344.45284906803766,10.001579284668,3.46268057823181,3.449312153431894,-13.3684247999164
345.4666999717546,10.001579284668,3.46284246444702,3.449366217197123,-13.476247249897266
346.4806772174566,10.001579284668,3.46300435066223,3.4494196089613314,-13.58474170089874
347.4946555248566,10.001579284668,3.46316623687744,3.449471483762833,-13.694753114607217
348.50993441151866,10.0012197494507,3.46349024772644,3.4495187066554656,-13.971541070974425
349.5226206332346,10.001579284668,3.46365213394165,3.449569797090428,-14.082336851221733
350.5366127426996,10.001579284668,3.46381402015686,3.4496174263431354,-14.196593813724512
351.5505800792266,10.001579284668,3.46413779258728,3.4496643014954826,-14.473491091797186
352.5645884680516,10.001579284668,3.46413779258728,3.4497102000962117,-14.427592491068175
353.5785508499906,10.001579284668,3.46413779258728,3.449754889083702,-14.382903503577626
354.5925383587676,10.0012197494507,3.46462345123291,3.4497955593433165,-14.827891889593658
355.60778928739865,10.001579284668,3.46478533744812,3.449841012645715,-14.944324802405262
356.6205137302196,10.001579284668,3.46494722366333,3.44988285906044,-15.06436460289029
357.6345125637686,10.001579284668,3.46510910987854,3.4499239278145786,-15.185182063961467
358.64860022599566,10.001579284668,3.46527099609375,3.4499639924681813,-15.307003625568694
359.66246422397967,10.001579284668,3.46543288230896,3.450002952182253,-15.429930126706903
360.67644960936167,10.001579284668,3.46543288230896,3.4500409026928707,-15.39197961608929
361.6904282706606,10.001579284668,3.46575689315796,3.450078313403652,-15.678579754307975
362.70574290113365,10.001579284668,3.46591877937317,3.4501150456156826,-15.803733757487226
363.7183905478456,10.001579284668,3.46624255180359,3.450150990429609,-16.091561373981378
364.7323837190086,10.0012197494507,3.46624255180359,3.4501835314840577,-16.059020319532546
365.7463514094346,10.0019388198853,3.46656632423401,3.4502240595806164,-16.342264653393723
366.7603406877066,10.001579284668,3.4664044380188,3.450255089162002,-16.149348856798085
367.77433916735663,10.001579284668,3.46672821044922,3.4502880837533474,-16.440126695872692
368.7883174747556,10.0019388198853,3.46705198287964,3.4503231091864572,-16.728873693182766
369.80358751393965,10.001579284668,3.46721386909485,3.4503514741010863,-16.86239499376363
370.8162762129496,10.001579284668,3.46737575531006,3.4503817373320325,-16.994017978027465
371.8302573515426,10.001579284668,3.46753764152527,3.4504112963861764,-17.1263451390935
372.84424769151167,10.0012197494507,3.46786165237427,3.4504375884835885,-17.424063890681296
373.85823661588563,10.0012197494507,3.46786165237427,3.4504663748838493,-17.39527749042047
374.8722120920916,10.001579284668,3.46802353858948,3.450497560115076,-17.52597847440418
375.8862027859606,10.0012197494507,3.4683473110199,3.45052255070513,-17.824760314770316
376.90145442239066,10.0012197494507,3.4683473110199,3.450550118896632,-17.797192123268246
377.91416364754963,10.001579284668,3.46867108345032,3.450580466603206,-18.090616847114216
378.92815186412463,10.001579284668,3.46867108345032,3.450607982183431,-18.06310126688926
379.94213087932167,10.0019388198853,3.46915674209595,3.4506379429019214,-18.518799194028546
380.9561063555286,10.001579284668,3.46915674209595,3.4506609828285506,-18.495759267399325
381.9700882019196,10.0019388198853,3.46931862831116,3.4506886658636926,-18.629962447467285
382.98444730477064,10.001579284668,3.46948051452637,3.4507103060872364,-18.770208439133462
383.9997488409766,10.001579284668,3.46964240074158,3.4507345025873533,-18.907898154226555
385.0120510821486,10.0019388198853,3.46996641159058,3.450761097055145,-19.205314535434947
386.0260276200526,10.001579284668,3.47012829780579,3.4507813068489557,-19.346990956834453
387.04000840474566,10.001579284668,3.47012829780579,3.450803847264836,-19.324450540953997
388.05399379012766,10.001579284668,3.47061395645142,3.450826213175893,-19.787743275526903
389.0679869612906,10.001579284668,3.47061395645142,3.450848569187912,-19.76538726350796
390.08195854460666,10.001579284668,3.47061395645142,3.4508707521544193,-19.743204297000716
391.09721619732164,10.0012197494507,3.47077584266663,3.4508891563258075,-19.886686340822468
392.1116198914626,10.001579284668,3.47093772888184,3.450912680819186,-20.025048062653816
393.1239214248366,10.0012197494507,3.47126150131226,3.4509302265370447,-20.331274775215125
394.13789690104267,10.0012197494507,3.47142338752747,3.4509514276850144,-20.471959842455423
395.15188511761767,10.001579284668,3.47158527374268,3.4509757204594376,-20.60955328324221
396.1658524541446,10.001579284668,3.47174715995789,3.4509965609217983,-20.750599036091888
397.1798488103996,10.001579284668,3.4719090461731,3.451016719490034,-20.892326683066287
398.19510610921463,10.0019388198853,3.47207117080688,3.451039289781044,-21.031881025836086
399.2078167499706,10.001579284668,3.47223305702209,3.4510554844769317,-21.177572545158174
400.2217957651686,10.001579284668,3.4723949432373,3.4510740490062806,-21.32089423101924
401.2357761959626,10.001579284668,3.47255682945251,3.451092861568179,-21.463967884331137
402.24975627285767,10.001579284668,3.47288060188293,3.4511116473407792,-21.768954542150887
403.2637434277356,10.0012197494507,3.47288060188293,3.4511273548041745,-21.75324707875559
404.2777284592186,10.001579284668,3.47320437431335,3.4511485206753307,-22.055853638019318
405.29297797225263,10.0012197494507,3.47304248809814,3.451163875992291,-21.878612105849182
406.30568578181567,10.001579284668,3.47336626052856,3.4511855151549398,-22.180745373620248
407.31967824517966,10.001579284668,3.47352814674377,3.4512045729575864,-22.323573786183548
408.3335578147256,10.001579284668,3.47385191917419,3.4512231727899025,-22.628746384287357
409.34758885309367,10.0019388198853,3.47385191917419,3.4512443036785716,-22.607615495618294
410.3615703455856,10.001579284668,3.47385191917419,3.4512594251054964,-22.59249406869346
411.37554865298563,10.001579284668,3.47417593002319,3.451277171051663,-22.8987589715266
412.39055822241767,10.001579284668,3.4743378162384,3.4512947058662227,-23.043110372177544
413.40348651113067,10.0012197494507,3.47449970245361,3.4513093893511098,-23.190313102500415
414.4175214423896,10.0012197494507,3.47466158866882,3.451326904022828,-23.334684645992088
415.4314494961146,10.001579284668,3.47482347488403,3.4513475993745235,-23.475875509506583
416.4454656707196,10.0019388198853,3.47514724731445,3.45136885732059,-23.77838999385995
417.4593816918746,10.0012197494507,3.47514724731445,3.45138189947264,-23.76534784181006
418.4733876034056,10.001579284668,3.47530913352966,3.4514033860477,-23.90574748195995
419.4882163303876,10.001579284668,3.47547101974487,3.4514219306828777,-24.049089061992213
420.5013449260026,10.001579284668,3.47579479217529,3.4514405006419353,-24.354291533354555
421.5153706558846,10.001579284668,3.47563290596008,3.451459040834722,-24.173865125357796
422.52929623231563,10.001579284668,3.4759566783905,3.451477750385639,-24.478928004860734
423.54333187137166,10.001579284668,3.4759566783905,3.4514968849145227,-24.459793475977154
424.55740219254267,10.001579284668,3.47628045082092,3.451516419214231,-24.764031606689052
425.5712573430486,10.001579284668,3.47644257545471,3.451536169531475,-24.90640592323512
426.58613844710067,10.001579284668,3.47660446166992,3.4515562573185354,-25.048204351384662
427.59929181565366,10.001579284668,3.47660446166992,3.4515765656583777,-25.027896011542428
428.6132457040146,10.0012197494507,3.47676634788513,3.4515942603816647,-25.172087503465335
429.6271981767786,10.0019388198853,3.47709012031555,3.4516208770555776,-25.46924325997235
430.64116763669966,10.001579284668,3.47709012031555,3.4516392409652905,-25.45087935025947
431.6551958438756,10.001579284668,3.47725200653076,3.4516608585331428,-25.591147997617192
432.6691578719156,10.0012197494507,3.47725200653076,3.451680003090181,-25.57200344057886
433.6832136832226,10.0012197494507,3.47741389274597,3.4517024592561554,-25.711433489814528
434.6971215646976,10.001579284668,3.47773766517639,3.4517285223487444,-26.009142827645437
435.7111635739386,10.001579284668,3.4778995513916,3.4517524950594987,-26.147056332101126
436.7250746405056,10.001579284668,3.47806143760681,3.4517772651635816,-26.28417244322856
437.7390547174006,10.001579284668,3.47822332382202,3.451802915295541,-26.4204085264792
438.75309743443967,10.001579284668,3.47822332382202,3.451829186416628,-26.394137405392204
439.76709556018966,10.001579284668,3.47854733467102,3.4518558043511973,-26.691530319822743
440.7818230720246,10.0012197494507,3.47838521003723,3.4518801441044396,-26.50506593279056
441.79505040549367,10.0012197494507,3.47854733467102,3.451907885523354,-26.639449147666028
442.8090764892746,10.001579284668,3.47887110710144,3.451939149472076,-26.931957629364067
443.82304948818665,10.0019388198853,3.47903299331665,3.451971333357809,-27.061659958841133
444.83701717861265,10.001579284668,3.47919487953186,3.4519985549528873,-27.196324578972586
445.85098203784565,10.0019388198853,3.47935676574707,3.4520323547104574,-27.324411036612428
446.8649200007466,10.0012197494507,3.47919487953186,3.452058417255283,-27.136462276577067
447.8797214774966,10.001579284668,3.47951865196228,3.452094126940876,-27.424525021404023
448.89296898321567,10.0019388198853,3.47968053817749,3.4521307907017422,-27.549747475747566
449.90685421514667,10.0019388198853,3.4798424243927,3.4521656529110603,-27.67677148163994
450.92089126979965,10.0012197494507,3.4798424243927,3.4521957866589794,-27.64663773372078
451.93488691825667,10.001579284668,3.48016619682312,3.4522355388380457,-27.930657985074436
452.9488482384986,10.001579284668,3.48032808303833,3.4522734756402813,-28.05460739804877
453.96286193580966,10.0019388198853,3.48032808303833,3.4523153761073067,-28.012706931023423
454.97766305866065,10.001579284668,3.48048996925354,3.4523524105760237,-28.137558677516328
455.9914711405846,10.001579284668,3.48065185546875,3.452393081703851,-28.258773764898937
457.00500282729564,10.001579284668,3.48081398010254,3.452434580744134,-28.379399358406054
458.01899529066065,10.001579284668,3.48081398010254,3.4524769044383263,-28.337075664213618
459.03282142143865,10.001579284668,3.48097586631775,3.452520510969601,-28.455355348148803
460.04673213410666,10.001579284668,3.48113775253296,3.452565341160016,-28.57241137294375
461.0606605417306,10.0012197494507,3.48113775253296,3.452608513511575,-28.52923902138471
462.07555474004965,10.001579284668,3.48146152496338,3.452658759276484,-28.80276568689588
463.08869076754667,10.0019388198853,3.48162341117859,3.4527103440943536,-28.913067084236577
464.10262129856466,10.001579284668,3.4817852973938,3.4527576643192,-29.02763307459999
465.11660597614866,10.0012197494507,3.4817852973938,3.452806507072972,-28.978790320828285
466.13059525442065,10.0019388198853,3.48227095603943,3.452865450132007,-29.40550590742319
467.14470910518367,10.001579284668,3.48227095603943,3.452916554949894,-29.35440108953591
468.15858902862766,10.001579284668,3.48243284225464,3.45297161180305,-29.461230451590215
469.17341634001366,10.001579284668,3.48259472846985,3.453027751523486,-29.566976946363788
470.18664579687766,10.001579284668,3.48259472846985,3.4530849056389963,-29.509822830853683
471.2005317366076,10.001579284668,3.48291873931885,3.453143540019315,-29.775199299534982
472.21452773896266,10.001579284668,3.48291873931885,3.4532035637289344,-29.715175589915432
473.2285205562266,10.001579284668,3.48308062553406,3.4532650926265105,-29.815532907549347
474.24252434436266,10.001579284668,3.48324251174927,3.453328246658319,-29.914265090950742
475.25650159006466,10.0012197494507,3.48324251174927,3.4533902755390473,-29.852236210222483
476.27123334868867,10.0019388198853,3.48356628417969,3.453462926485776,-30.103357693914035
477.28443767871465,10.0019388198853,3.4837281703949,3.453531820967903,-30.196349426997227
478.29849596731566,10.0012197494507,3.4837281703949,3.4535956627782203,-30.13250761667985
479.31238119924666,10.0019388198853,3.48389005661011,3.453671915918691,-30.218140691419038
480.32646921537366,10.0012197494507,3.48389005661011,3.4537372158231716,-30.152840786938473
481.34032259638366,10.0012197494507,3.48405194282532,3.4538098907989094,-30.242052026410615
482.35436708291866,10.001579284668,3.48437571525574,3.4538884455862227,-30.487269669517314
483.36912290668266,10.0019388198853,3.48437571525574,3.4539699783711373,-30.405736884602685
484.38238598396265,10.001579284668,3.48453760147095,3.454047896040978,-30.48970542997198
485.3967709214496,10.0019388198853,3.48469948768616,3.4541319167642257,-30.567570921934184
486.41035003064366,10.0012197494507,3.48486137390137,3.4542077594868243,-30.653614414545505
487.42445220273464,10.0012197494507,3.48486137390137,3.454291682371526,-30.5696915298439
488.43827585621966,10.001579284668,3.48518538475037,3.4543819952743084,-30.80338947606176
489.45229698541266,10.001579284668,3.48518538475037,3.4544723814414997,-30.7130033088705
490.46709598486865,10.001579284668,3.48534727096558,3.454563620320291,-30.783650645289207
491.48050026789764,10.0012197494507,3.48550915718079,3.454653085996873,-30.856071183916978
492.49416820576965,10.0019388198853,3.48550915718079,3.454753800783521,-30.755356397269118
493.5084430806306,10.001579284668,3.485671043396,3.454848755326474,-30.822288069526138
494.52223205200164,10.0012197494507,3.485671043396,3.454946458700431,-30.724584695569046
495.53625884358064,10.001579284668,3.48599481582642,3.4550528026376273,-30.94201318879275
496.55018406611265,10.001579284668,3.48599481582642,3.455159103357779,-30.83571246864114
497.5654682612616,10.001579284668,3.48615670204163,3.45526758914679,-30.889112894839865
498.57810352150466,10.001579284668,3.48631858825684,3.455377933280921,-30.940654975919024
499.59212111170666,10.001579284668,3.48648047447205,3.455491294727049,-30.98917974500104
500.60605588951466,10.001579284668,3.48664236068726,3.455607395145139,-31.03496554212093
501.62002393383966,10.001579284668,3.48664236068726,3.455726909610816,-30.915451076444
502.63399622495365,10.001579284668,3.48680424690247,3.4558502434341825,-30.95400346828736
503.64798656492366,10.0019388198853,3.48712801933289,3.4559801289778074,-31.147890355082808
504.66282661667765,10.0019388198853,3.48745203018188,3.4561102803420862,-31.341749839793653
505.67596229027566,10.001579284668,3.48729014396667,3.4562403467376233,-31.04979722904666
506.68999049745065,10.001579284668,3.48729014396667,3.4563773821847454,-30.91276178192448
507.70387466768466,10.001579284668,3.48745203018188,3.456518162477042,-30.93386770483786
508.71785297508467,10.0012197494507,3.48761391639709,3.4566604662517406,-30.953450145349226
509.73184260725566,10.001579284668,3.4877758026123,3.456813084814942,-30.96271779735771
510.74586939883466,10.001579284668,3.4877758026123,3.456967555675899,-30.808246936400607
511.76071865196565,10.001579284668,3.48809957504272,3.457127074382679,-30.972500660041202
512.7738829913916,10.001579284668,3.48826146125793,3.457291396474161,-30.970064783768958
513.7878375875506,10.0012197494507,3.48826146125793,3.457458054313551,-30.80340694437922
514.8017950149026,10.001579284668,3.48842334747314,3.4576358185871383,-30.78752888600178
515.8158087122135,10.001579284668,3.48858523368835,3.4578167927405965,-30.76844094775355
516.8297357042405,10.001579284668,3.48874711990356,3.458004016446151,-30.74310345740905
517.8437426774695,10.0012197494507,3.48874711990356,3.4581951428627713,-30.551977040788714
518.8585721122496,10.001579284668,3.48907089233398,3.4583993323224584,-30.671560011521493
519.8717074319486,10.0019388198853,3.48923277854919,3.4586102582274774,-30.622520321712532
520.8857441327026,10.001579284668,3.48923277854919,3.4588223623436947,-30.410416205495228
521.8997079302386,10.0012197494507,3.4893946647644,3.459041699850072,-30.352964914327707
522.9136515555235,10.001579284668,3.48955678939819,3.459276136485116,-30.28065291307369
523.9276436649895,10.001579284668,3.4897186756134,3.459517772120784,-30.20090349261606
524.9416824891385,10.001579284668,3.4897186756134,3.4597686179300573,-29.950057683342912
525.9564425596916,10.0019388198853,3.49004244804382,3.460032367830897,-30.010080212923285
526.9695690319115,10.001579284668,3.49020433425903,3.460298478819946,-29.905855439084306
527.9840541228496,10.0012197494507,3.49020433425903,3.4605727561985846,-29.631578060445474
528.9976597744776,10.001579284668,3.49036622047424,3.460864600753839,-29.501619720400996
530.0115938444866,10.0012197494507,3.49052810668945,3.4611644939153714,-29.363612774078618
531.0256001099166,10.001579284668,3.49068999290466,3.461482885717663,-29.20710718699704
532.0395324104315,10.0019388198853,3.49085187911987,3.4618150613307215,-29.03681778914846
533.0543073447476,10.001579284668,3.49101376533508,3.4621516509571104,-28.862114377969483
534.0674734536695,10.001579284668,3.49117565155029,3.462501600272474,-28.67405127781586
535.0815108622215,10.0019388198853,3.4913375377655,3.4628697402081103,-28.467797557389485
536.0955004943926,10.001579284668,3.4913375377655,3.4632446165552175,-28.092921210282285
537.1094791556916,10.0012197494507,3.49149942398071,3.463631303186048,-27.86812079466161
538.1234861289196,10.001579284668,3.4916615486145,3.4640399962924016,-27.62155232209862
539.1374516959515,10.0019388198853,3.49182343482971,3.4644620474987597,-27.361387330950393
540.1522213217805,10.0008592605591,3.49182343482971,3.4648853872658623,-26.938047563847878
541.1653991093735,10.001579284668,3.49198532104492,3.465336598320696,-26.64872272422425
542.1794096215926,10.001579284668,3.49230909347534,3.4657958836893603,-26.513209785979708
543.1933192725636,10.001579284668,3.49230909347534,3.4662678793240245,-26.04121415131555
544.2073711909795,10.001579284668,3.49247097969055,3.466752001871969,-25.718977818581124
545.2221758528216,10.001579284668,3.49263286590576,3.467248526077785,-25.384339827974944
546.2352591493495,10.001579284668,3.49279475212097,3.4677561524154346,-25.038599705535347
547.2492824019375,10.0019388198853,3.49295663833618,3.4682785456073617,-24.678092728818157
548.2632380597936,10.001579284668,3.49311852455139,3.468805027318673,-24.31349723271703
549.2772368933425,10.0012197494507,3.4932804107666,3.469338886606889,-23.94152415971096
550.2912845649686,10.0019388198853,3.49344229698181,3.469893871820285,-23.548425161525
551.3052087258036,10.001579284668,3.49344229698181,3.4704454864406653,-22.996810541144885
552.3200098486545,10.001579284668,3.49360418319702,3.471006250928516,-22.597932268504373
553.3332014383126,10.001579284668,3.49376606941223,3.471573270624656,-22.192798787574297
554.3471507259845,10.001579284668,3.49392819404602,3.472147505560179,-21.780688485840916
555.3611506212305,10.001579284668,3.49409008026123,3.4727248108918882,-21.3652693693418
556.3751122953715,10.001579284668,3.49425196647644,3.4733031491459347,-20.948817330505243
557.3891748307616,10.001579284668,3.49441385269165,3.4738842868217255,-20.529565869924493
558.4031400438936,10.001579284668,3.49457573890686,3.4744667571977623,-20.108981709097584
559.4170521721576,10.001579284668,3.49473762512207,3.4750486950855084,-19.68893003656147
560.4310467589166,10.001579284668,3.49473762512207,3.4756285907035314,-19.109034418538506
561.4451043397196,10.0019388198853,3.49489951133728,3.4762099615524282,-18.6895497848516
562.4590267310585,10.001579284668,3.4952232837677,3.476781968689764,-18.441315077936338
563.4738112206505,10.001579284668,3.49538516998291,3.4773517820545465,-18.03338792836362
564.4869649431035,10.001579284668,3.49554705619812,3.477915291621642,-17.631764576478304
565.5010104913356,10.001579284668,3.49570894241333,3.478474142023391,-17.234800389938965
566.5150567473656,10.0019388198853,3.49570894241333,3.479029032359563,-16.6799100537669
567.5290297462786,10.0012197494507,3.49587082862854,3.4795659035551347,-16.304925073405308
568.5430183167526,10.001579284668,3.49603295326233,3.480103627227923,-15.929326034406888
569.5569803447926,10.001579284668,3.49619483947754,3.480629254960918,-15.565584516621822
570.5722553385646,10.001579284668,3.49635672569275,3.48114585305835,-15.210872634400019
571.5849808430826,10.0019388198853,3.49651861190796,3.48165380602401,-14.864805883950005
572.5989457023156,10.0019388198853,3.49668049812317,3.4821483439644565,-14.53215415871334
573.6129225941186,10.0019388198853,3.49684238433838,3.482630343908802,-14.212040429577577
574.6269097489966,10.0012197494507,3.49684238433838,3.483093820234769,-13.748564103610583
575.6409216768126,10.001579284668,3.49700427055359,3.483554308155111,-13.449962398479176
576.6548861821466,10.001579284668,3.4971661567688,3.484001066347686,-13.165090421114023
577.6701073832515,10.001579284668,3.49732804298401,3.484435132231012,-12.892910752998255
578.6828565990115,10.0012197494507,3.49748992919922,3.484851799944133,-12.638129255087005
579.6968246433366,10.001579284668,3.49781370162964,3.4852619622433507,-12.551739386289285
580.7108234768846,10.0019388198853,3.49797558784485,3.4856618850393923,-12.313702805457627
581.7247908134116,10.0019388198853,3.49797558784485,3.486044987568623,-11.930600276226944
582.7387822150786,10.001579284668,3.49813771247864,3.4864102784042648,-11.727434074375154
583.7527552139916,10.0012197494507,3.49829959869385,3.4867622342341087,-11.537364459741184
584.7680330389555,10.0019388198853,3.49862337112427,3.4871152658626325,-11.508105261637258
585.7807486342996,10.001579284668,3.49862337112427,3.4874428460972555,-11.180525027014276
586.7947234027076,10.0019388198853,3.49878525733948,3.48776560217469,-11.019655164790088
587.8086879080416,10.0012197494507,3.49894714355469,3.488066583364837,-10.88056018985295
588.8226892188836,10.001579284668,3.4991090297699,3.488364849321802,-10.744180448098106
589.8388896588516,10.0012197494507,3.49927091598511,3.4886476286308987,-10.623287354211364
590.8506610513456,10.0019388198853,3.49959468841553,3.488928167074626,-10.666521340903845
591.8658889765336,10.0019388198853,3.49959468841553,3.4891927328473513,-10.401955568178689
592.8786102342626,10.001579284668,3.49975657463074,3.4894408308801834,-10.31574375055655
593.8925910189566,10.0012197494507,3.49991846084595,3.489679194978802,-10.23926586714774
594.9065859596146,10.001579284668,3.50024223327637,3.489915388304437,-10.326844971932925
595.9205628514176,10.001579284668,3.50040435791016,3.4901397255410456,-10.264632369114235
596.9345482367996,10.001579284668,3.50056624412537,3.4903540886582154,-10.212155467154815
597.9485265441996,10.001579284668,3.50056624412537,3.4905596241336956,-10.006619991674626
598.9637856125106,10.001579284668,3.50072813034058,3.4907573761149293,-9.970754225650857
599.9765001461566,10.001579284668,3.50121378898621,3.490947113181575,-10.266675804635028
600.9911006082066,10.0019388198853,3.50121378898621,3.4911330279874226,-10.080760998787408
602.0044645467356,10.001579284668,3.50137567520142,3.4913048495523538,-10.07082564906625
603.0184531172106,10.0019388198853,3.50169944763184,3.491474377256088,-10.225070375752043
604.0324289473156,10.0019388198853,3.50169944763184,3.4916342173860375,-10.065230245802415
605.0464132710006,10.001579284668,3.50186133384705,3.491785380257483,-10.075953589566922
606.0617197617936,10.001579284668,3.50186133384705,3.4919337909912316,-9.927542855818317
607.0743971360316,10.001579284668,3.50218510627747,3.492076330089055,-10.108776188414659
608.0883697810456,10.0019388198853,3.50250911712646,3.492216189875908,-10.292927250552086
609.1023477345466,10.001579284668,3.50267100334167,3.492344294322442,-10.326709019227831
610.1163263958446,10.001579284668,3.50267100334167,3.492470463378114,-10.200539963555855
611.1303227520996,10.001579284668,3.50283288955688,3.4925928081130997,-10.240081443780191
612.1442943354156,10.001579284668,3.5031566619873,3.4927107584487205,-10.445903538579326
613.1595799461605,10.0019388198853,3.5031566619873,3.4928270489929893,-10.329612994310455
614.1722721841626,10.0019388198853,3.50348043441772,3.492935410126737,-10.54502429098303
615.1862522610576,10.0012197494507,3.50364232063293,3.49303332017715,-10.609000455779949
616.2002344613476,10.001579284668,3.50380420684814,3.4931370122774434,-10.667194570696648
617.2142276325096,10.001579284668,3.50396609306335,3.493235443069715,-10.730649993635044
618.2284094319026,10.001579284668,3.50412797927856,3.4933305638295633,-10.797415448996706
619.2421870785016,10.001579284668,3.50445175170898,3.493422204442031,-11.029547266948825
620.2574217277736,10.001579284668,3.50445175170898,3.493510982813704,-10.940768895276065
621.2701539563756,10.001579284668,3.50461363792419,3.4935965720007065,-11.017065923483393
622.2841439424466,10.001579284668,3.50461363792419,3.493679803337251,-10.933834586938751
623.2917085361136,10.001579284668,3.50493764877319,3.493760204295404,-11.17744447778568
624.2977655195335,10.0019388198853,3.50526142120361,3.4938415816810884,-11.41983952252179
625.3104963325396,10.001579284668,3.50542330741882,3.493915432912018,-11.507874506802018
626.3244590683776,10.0019388198853,3.50558519363403,3.4939924420665456,-11.592751567484516
627.3384579019266,10.0019388198853,3.50574707984924,3.4940646010253467,-11.682478823893394
628.3524386866196,10.0019388198853,3.50607085227966,3.4941349017959267,-11.935950483733304
629.3664254875986,10.001579284668,3.50607085227966,3.494199697695007,-11.871154584652821
630.3805099647336,10.001579284668,3.50639462471008,3.494265334360989,-12.129290349090827
631.3957513380885,10.001579284668,3.50639462471008,3.4943309918641687,-12.063632845911165
632.3967029728196,10.001579284668,3.50688052177429,3.4943949037766173,-12.485617997672893
633.4067335355476,10.0019388198853,3.50688052177429,3.49446040597371,-12.420115800580334
634.4207383853806,10.001579284668,3.5070424079895,3.4945189665746805,-12.523441414819647
635.4359719729556,10.0019388198853,3.50720429420471,3.4945819043311506,-12.62238987355957
636.4487194192186,10.001579284668,3.50736618041992,3.4946370308500856,-12.729149569834508
637.4626651678996,10.001579284668,3.50752806663513,3.4946939217519506,-12.834144883179466
638.4766724950276,10.001579284668,3.50785183906555,3.4947512356785855,-13.100603386964504
639.4906150586156,10.001579284668,3.50785183906555,3.494807387190242,-13.044451875308116
640.5046344183136,10.001579284668,3.50817561149597,3.4948615570506956,-13.314054445274337
641.5185989236476,10.001579284668,3.50833749771118,3.494915163878194,-13.422333832985966
642.5338710862255,10.0012197494507,3.50849938392639,3.4949655014560355,-13.533882470354364
643.5465661554196,10.001579284668,3.5086612701416,3.49502180135223,-13.639468789369946
644.5605678201616,10.001579284668,3.50898504257202,3.495075103632854,-13.909938939166366
645.5745326793946,10.001579284668,3.50914716720581,3.495126957780071,-14.020209425738894
646.5885325746406,10.0019388198853,3.50947093963623,3.4951807174192244,-14.2902222170056
647.6024977877726,10.0019388198853,3.50963282585144,3.4952317531985337,-14.401072652906244
648.6165036993036,10.001579284668,3.50979471206665,3.495278828876627,-14.515883190022727
649.6317121600406,10.001579284668,3.50995659828186,3.4953270590672347,-14.629539214625176
650.6446616827016,10.001579284668,3.51028037071228,3.4953761508554253,-14.904219856854528
651.6584304818226,10.001579284668,3.51044225692749,3.4954262192640875,-15.016037663402315
652.6724431174366,10.0019388198853,3.51076602935791,3.495478173806962,-15.287855550948137
653.6863924051086,10.001579284668,3.51076602935791,3.4955234442320946,-15.242585125815555
654.7003954854466,10.001579284668,3.51108980178833,3.4955703963344424,-15.519405453887636
655.7143408802276,10.001579284668,3.51108980178833,3.495618248403907,-15.471553384422965
656.7291409413816,10.001579284668,3.51141381263733,3.495666690776711,-15.747121860619107
657.7423282842506,10.001579284668,3.51157569885254,3.4957142022750602,-15.861496577479706
658.7563384425706,10.001579284668,3.51189947128296,3.495761166799641,-16.138304483318766
659.7702969316196,10.0012197494507,3.51189947128296,3.4958052323122937,-16.094238970666197
660.7843191225096,10.0019388198853,3.51222324371338,3.4958599736111946,-16.36327010218519
661.7982577932086,10.001579284668,3.51222324371338,3.495904869326329,-16.31837438705075
662.8122736139146,10.001579284668,3.51270890235901,3.4959511331508355,-16.757769208174622
663.8274767661646,10.001579284668,3.51287078857422,3.4959984978782663,-16.87229069595375
664.8402433229816,10.001579284668,3.51303267478943,3.4960458727976724,-16.986801991757616
665.8541897794606,10.001579284668,3.51335644721985,3.4960935791076033,-17.262868112246643
666.8682102008546,10.0019388198853,3.51351857185364,3.496145293794035,-17.373278059604758
667.8821587807286,10.001579284668,3.51368045806885,3.496189301142602,-17.491156926247697
668.8961692929475,10.001579284668,3.51400423049927,3.496235852921941,-17.768377577328742
669.9101118565366,10.001579284668,3.51400423049927,3.49628452513313,-17.71970536613976
670.9253974672815,10.0019388198853,3.5144898891449,3.4963362896778465,-18.15359946705364
671.9381038612476,10.001579284668,3.51465177536011,3.4963811867751855,-18.270588584924585
672.9520966785105,10.001579284668,3.51481366157532,3.496428649495261,-18.38501208005905
673.9660537519636,10.001579284668,3.51497554779053,3.4964775429185577,-18.498004871972284
674.9805929894666,10.001579284668,3.51529932022095,3.496526460834087,-18.772859386862795
675.9940305390126,10.001579284668,3.51562333106995,3.49657549527985,-19.047835790099832
677.0080399895346,10.001579284668,3.51562333106995,3.496625229933646,-18.998101136303625
678.0232916259646,10.0019388198853,3.51594710350037,3.496678751743725,-19.268351756644986
679.0359948348386,10.0019388198853,3.51627087593079,3.496728923741543,-19.541952189247258
680.0499604018696,10.001579284668,3.51627087593079,3.4967752418516285,-19.49563407916166
681.0639694984926,10.0019388198853,3.51675653457642,3.4968283197785053,-19.928214797914734
682.0779099386866,10.0019388198853,3.51708030700684,3.496880432780803,-20.19987422603675
683.0919303600816,10.001579284668,3.51708030700684,3.496928526146629,-20.151780860210966
684.1058835406436,10.0019388198853,3.51724219322205,3.496983177251824,-20.259015970225835
685.1211815378576,10.0019388198853,3.51772785186768,3.49703534648068,-20.692505386999738
686.1338635127846,10.0012197494507,3.51772785186768,3.497080140639303,-20.64771122837694
687.1478775639946,10.001579284668,3.51805186271667,3.4971343089643585,-20.917553752311413
688.1618349913466,10.001579284668,3.51837563514709,3.4971886264256824,-21.18700872140744
689.1758359482895,10.001579284668,3.51869940757751,3.4972434849467953,-21.45592263071494
690.1898050543126,10.0019388198853,3.51869940757751,3.4973002811531346,-21.39912642437558
691.2037915013916,10.0012197494507,3.51902318000793,3.4973470607451294,-21.676119262800775
692.2191362132896,10.0012197494507,3.51902318000793,3.497400669859317,-21.62251014861294
693.2317661650455,10.001579284668,3.51934695243835,3.4974609256473332,-21.88602679101681
694.2457235923976,10.001579284668,3.51983261108398,3.497517444867755,-22.31516621622509
695.2597295039286,10.001579284668,3.51983261108398,3.497573542830455,-22.259068253525083
696.2737198438975,10.001579284668,3.52031850814819,3.4976306427920187,-22.687865356171066
697.2877133689595,10.001579284668,3.5204803943634,3.4976878779046205,-22.792516458779666
698.3016661956226,10.0019388198853,3.52080416679382,3.497750202256641,-23.053964537179006
699.3169217249426,10.001579284668,3.52096605300903,3.4978042189805776,-23.16183402845251
700.3296397975796,10.001579284668,3.52128982543945,3.497863114877464,-23.426710561985864
701.3436311992466,10.0012197494507,3.52145171165466,3.4979183782990155,-23.533333355644448
702.3576031364626,10.001579284668,3.52177548408508,3.4979838989279344,-23.791585157145523
703.3716002005156,10.001579284668,3.52209949493408,3.4980441802318842,-24.055314702195574
704.3857706751365,10.0019388198853,3.5224232673645,3.498109601969487,-24.313665395013118
705.3994980680606,10.001579284668,3.5224232673645,3.4981672942472577,-24.25597311724248
706.4148233155066,10.001579284668,3.52290892601013,3.4982307765885725,-24.67814942155755
707.4275293555736,10.0019388198853,3.52307081222534,3.498297155526814,-24.773656698525937
708.4415080168726,10.001579284668,3.52339458465576,3.4983579311009154,-25.036653554844523
709.4554891554656,10.0019388198853,3.52371835708618,3.498425577033609,-25.29278005257085
710.4694773720396,10.001579284668,3.52388024330139,3.498488059191613,-25.39218410977684
711.4834595723296,10.001579284668,3.52420401573181,3.49855351312281,-25.65050260900037
712.4974329251415,10.001579284668,3.52452802658081,3.4986199516714978,-25.90807490931235
713.5127224287776,10.001579284668,3.52468991279602,3.498687533251833,-26.00237954418727
714.5254231603576,10.0019388198853,3.52501368522644,3.498758930323863,-26.254754902577115
715.5394057145465,10.001579284668,3.52517557144165,3.4988253195270316,-26.350251914618372
716.5533677425866,10.001579284668,3.52566123008728,3.4988945731351775,-26.76665695210234
717.5673648066396,10.001579284668,3.52582311630249,3.4989650031942108,-26.858113108279014
718.5813487764256,10.0019388198853,3.52614688873291,3.499040267594341,-27.10662113856932
719.5953210675395,10.001579284668,3.52647089958191,3.499109995921575,-27.36090366033528
720.6106020775956,10.0019388198853,3.52679467201233,3.499185680990929,-27.608991021400797
721.6232854681195,10.001579284668,3.52695655822754,3.499255168262476,-27.701389965063772
722.6372917335495,10.001579284668,3.52728033065796,3.4993285918796455,-27.95173877831436
723.6691115111306,10.001579284668,3.52760410308838,3.499405834751302,-28.198268337077614
724.6808259258665,10.0019388198853,3.52776598930359,3.499485866164366,-28.280123139224234
725.6948459933626,10.0019388198853,3.52825164794922,3.49956459247738,-28.68705547184014
726.7087917420425,10.001579284668,3.52841353416443,3.499639701130539,-28.773833033890917
727.7227990691706,10.001579284668,3.52889943122864,3.4997169522499756,-29.182478978664328
728.7367526036315,10.001579284668,3.52906131744385,3.4997957652494596,-29.26555219439031
729.7507592229606,10.001579284668,3.52938508987427,3.499876246257572,-29.5088436166977
730.7659967034256,10.001579284668,3.52970886230469,3.4999594254138735,-29.74943689081666
731.7787883870795,10.0019388198853,3.53003263473511,3.5000457265827887,-29.986908152321412
732.7926870671776,10.0012197494507,3.53019452095032,3.5001227020619616,-30.071818888358415
733.8067035956816,10.001579284668,3.53068017959595,3.5002110695619435,-30.46911003400643
734.8206691627125,10.0019388198853,3.53116607666016,3.500301215015933,-30.86486164422686
735.8346655189675,10.001579284668,3.53148984909058,3.500385269852753,-31.104579237827057
736.8486402873756,10.0019388198853,3.53165173530579,3.5004761959819417,-31.175539323848422
737.8638965244946,10.001579284668,3.531813621521,3.5005629254146755,-31.250696106324583
738.8765884085966,10.0019388198853,3.53229928016663,3.500657385243065,-31.64189492356506
739.8906134306795,10.0019388198853,3.53262305259705,3.5007499575786554,-31.873095018394526
740.9045690885356,10.001579284668,3.53294682502747,3.500840261317951,-32.10656370951881
741.9185601363035,10.0019388198853,3.53343272209167,3.5009365886255215,-32.496133466148436
742.9325288884265,10.001579284668,3.53375649452209,3.5010279943822598,-32.72850013983009
743.9465266602786,10.001579284668,3.53408026695251,3.501123844382243,-32.95642257026721
744.9617814817996,10.001579284668,3.53440403938293,3.501222496327689,-33.18154305524112
745.9745069863186,10.001579284668,3.53472781181335,3.501322380675536,-33.40543113781402
746.9889106804586,10.001579284668,3.53521370887756,3.5014238488205347,-33.78986005702522
748.0024590004296,10.0019388198853,3.53553748130798,3.501529784290664,-34.00769701731576
749.0164394312236,10.0019388198853,3.53602313995361,3.5016337736933734,-34.38936626023681
750.0304389725706,10.0019388198853,3.53618502616882,3.5017385978627025,-34.44642830611766
751.0444031240056,10.001579284668,3.53650879859924,3.501841631231977,-34.66716736726294
752.0597089069996,10.0019388198853,3.53699445724487,3.5019534025795487,-35.041054665321255
753.0723728330715,10.0012197494507,3.53699445724487,3.502057022059722,-34.93743518514813
754.0863635269405,10.001579284668,3.53764224052429,3.502169582935884,-35.47265758840634
755.1005396639475,10.001579284668,3.53796601295471,3.5022833955510406,-35.68261740366951
756.1143403139896,10.001579284668,3.53828978538513,3.502398990101533,-35.89079528359696
757.1155294150286,10.0019388198853,3.53877544403076,3.5025172479575284,-36.25819607323155
758.1266959939286,10.001579284668,3.53909921646118,3.50263178409461,-36.46743236656968
759.1406905806875,10.001579284668,3.5394229888916,3.5027522153655855,-36.67077352601433
760.1546685341885,10.0019388198853,3.53990888595581,3.5028778845891173,-37.03100136669279
761.1686525039736,10.0019388198853,3.54055643081665,3.50300249093191,-37.55393988473976
762.1826396588516,10.0019388198853,3.54088020324707,3.5031281483226255,-37.75205492444434
763.1978689996366,10.001579284668,3.54120397567749,3.5032525216543244,-37.951454023165354
764.2105906112646,10.0019388198853,3.54152774810791,3.50338526440441,-38.14248370350004
765.2245671491686,10.001579284668,3.54185175895691,3.5035153243731214,-38.33643458378866
766.2387680591136,10.001579284668,3.54233741760254,3.503648784733473,-38.688632869066986
767.2525386277306,10.001579284668,3.54266119003296,3.50378564661014,-38.87554342282007
768.2665328605906,10.001579284668,3.54314684867859,3.5039249320341637,-39.221916644426535
769.2805246161566,10.001579284668,3.54363250732422,3.5040663825353655,-39.56612478885457
770.2957822688716,10.001579284668,3.54411840438843,3.504210850703562,-39.90755368486809
771.3084741529735,10.0019388198853,3.54460406303406,3.504361626670888,-40.24243636317193
772.3224574149616,10.0019388198853,3.54492783546448,3.504511070489218,-40.416764975262254
773.3364399691505,10.0019388198853,3.54541349411011,3.5046624652102953,-40.75102889981474
774.3504250006326,10.001579284668,3.54573726654053,3.5048141279467537,-40.92313859377627
775.3646301573676,10.0019388198853,3.54638504981995,3.5049756130747136,-41.40943674523623
776.3787036636306,10.001579284668,3.54687070846558,3.505133008098622,-41.73770036695812
777.3936732424626,10.001579284668,3.54703259468079,3.505295802496905,-41.73679218388493
778.4063668960596,10.0019388198853,3.54784202575684,3.5054670829893153,-42.37494276752463
779.4203444956615,10.0019388198853,3.54832792282104,3.505637552268224,-42.69037055281588
780.4343210335655,10.001579284668,3.54865169525146,3.505807229528799,-42.844465722660985
781.4483308379865,10.0019388198853,3.54913735389709,3.5059867387861834,-43.15061511090646
782.4622971128156,10.0012197494507,3.54946112632751,3.5061623257330496,-43.29880059446056
783.4764817434016,10.0019388198853,3.55010867118835,3.5063525970997804,-43.75607408856963
784.4915535990796,10.001579284668,3.55059456825256,3.5065383730460766,-44.056195206483295
785.5042313272165,10.001579284668,3.55108022689819,3.5067303397826395,-44.349887115550324
786.5182354692516,10.0019388198853,3.55156588554382,3.5069310389018966,-44.63484664192352
787.5322056369716,10.0019388198853,3.55221343040466,3.50713288839879,-45.08054200586997
788.5462009315296,10.0019388198853,3.55286121368408,3.5073377910328496,-45.52342265123022
789.5601838396176,10.001579284668,3.5531849861145,3.507544331630393,-45.64065448410703
790.5678259371916,10.0019388198853,3.55367064476013,3.5077612415735846,-45.90940318654546
791.5725600457056,10.0019388198853,3.55431818962097,3.507979169959108,-46.33901966186205
792.5864916384215,10.0019388198853,3.55480408668518,3.508204147097149,-46.59993958803143
793.6005046279346,10.0019388198853,3.55561351776123,3.5084343586884454,-47.179159072784586
794.6144648864796,10.0019388198853,3.55609917640686,3.50866985721409,-47.42931919276971
795.6297437731406,10.001579284668,3.55642294883728,3.50890804403271,-47.514904804569994
796.6424232707736,10.001579284668,3.55723261833191,3.509154137322203,-48.07848100970702
797.6564461694626,10.001579284668,3.55771827697754,3.5094079090953323,-48.31036788220766
798.6703905025466,10.0019388198853,3.55836582183838,3.509671981916719,-48.69383992166077
799.6844190636216,10.0019388198853,3.55885148048401,3.5099389703519828,-48.91251013202735
800.6983860462486,10.0019388198853,3.55933737754822,3.5102123147691877,-49.12506277903228
801.7123947889726,10.0022993087769,3.56014680862427,3.5104958521424785,-49.6509564817913
802.7276113893896,10.0019388198853,3.56079435348511,3.5107813299533057,-50.013023531804365
803.7403372478076,10.001579284668,3.56128001213074,3.5110736126733944,-50.20639945734562
804.7542826425886,10.0019388198853,3.56208968162537,3.511379874705086,-50.709806920284265
805.7683172199486,10.001579284668,3.56273722648621,3.511688890444396,-51.04833604181414
806.7822912805586,10.0019388198853,3.56338477134705,3.512012545861335,-51.372225485714736
807.7962901141076,10.0022993087769,3.56403255462646,3.512345830180577,-51.68672444588296
808.8102185217306,10.0019388198853,3.5646800994873,3.5126830357090695,-51.99706377823033
809.8255044863746,10.0019388198853,3.56532764434814,3.513032540932676,-52.29510341546417
810.8382140654336,10.0022993087769,3.56597542762756,3.5133931270448913,-52.582300582668665
811.8522146684776,10.0019388198853,3.5666229724884,3.5137582974040766,-52.86467508432358
812.8661742192236,10.0019388198853,3.56727051734924,3.514136900582554,-53.133616766686046
813.8801903938286,10.001579284668,3.56808018684387,3.514524881700091,-53.55530514377893
814.8941382659045,10.0019388198853,3.56888961791992,3.5149313167029628,-53.958301216957324
815.9081523171146,10.001579284668,3.56953716278076,3.515344714629691,-54.19244815106916
816.9233784728076,10.0019388198853,3.57034683227539,3.515776981792191,-54.56985048319929
817.9361114092076,10.0019388198853,3.57131814956665,3.516216978739484,-55.10117082716582
818.9500405246296,10.0019388198853,3.57196569442749,3.5166701982996695,-55.29549612782026
819.9640811182746,10.0019388198853,3.57277536392212,3.5171374785750373,-55.637885347082694
820.9784809195246,10.001579284668,3.57358479499817,3.517616640183736,-55.96815481443373
821.9920483500476,10.001579284668,3.57423233985901,3.5181136135596547,-56.11872629935544
823.0060082546926,10.0019388198853,3.57536578178406,3.518629385386382,-56.736396397677694
824.0445322971835,10.001579284668,3.5760133266449,3.519168774663569,-56.84455198133121
825.0495912850886,10.0019388198853,3.57698488235474,3.519713550311754,-57.27133204298607
826.0635724236806,10.0019388198853,3.577956199646,3.5202779183635737,-57.678281282426354
827.0788559110316,10.001579284668,3.57892775535583,3.5208570837032034,-58.07067165262669
828.0914536579676,10.001579284668,3.57989907264709,3.521454928594552,-58.444144052538064
829.1055388429016,10.001579284668,3.58070850372314,3.5220732550301954,-58.63524869294467
830.1195083028226,10.0019388198853,3.58168005943298,3.5227145198844685,-58.96553954851136
831.1334958115996,10.0019388198853,3.58281326293945,3.5233738048092964,-59.43945813015361
832.1474734112015,10.0019388198853,3.58362293243408,3.5240546439839378,-59.56828845014206
833.1614612738766,10.001579284668,3.58459424972534,3.52475335731002,-59.8408924153202
834.1767819206345,10.0019388198853,3.58572769165039,3.525480202022007,-60.24748962838311
835.1896189033756,10.0019388198853,3.58686089515686,3.526225111744264,-60.635783412596126
836.2034025662596,10.001579284668,3.58799433708191,3.5269915541528714,-61.002782929038716
837.2173599936116,10.0019388198853,3.58912754058838,3.5277890617773338,-61.33847881104604
838.2313705058306,10.001579284668,3.59009909629822,3.5286070725750815,-61.492023723138445
839.2453558912126,10.001579284668,3.5913941860199,3.529453410955785,-61.940775064114995
840.2593338447136,10.0019388198853,3.59268951416016,3.530328684209848,-62.360829950312
841.2745497373315,10.001579284668,3.59382271766663,3.5312261314557443,-62.596586210885704
842.2873148785516,10.001579284668,3.59495615959167,3.5321521788823405,-62.803980709329466
843.3012471790656,10.001579284668,3.59641337394714,3.5331101203433994,-63.30325360374056
844.3154848945196,10.001579284668,3.59754657745361,3.5340998449791754,-63.446732474434775
845.3292303362996,10.001579284668,3.59900379180908,3.535119959753667,-63.883832055412704
846.0312412618725,10.0019388198853,3.60013699531555,3.5358346552924655,-64.30234002308444
847.0457294990246,9.94399261474609,3.60110855102539,3.5361702430856283,-64.93830793976186
848.0596582605476,9.82378196716309,3.60094666481018,3.5356733635944253,-65.27330121575491
849.0749693520296,9.72264575958252,3.60110855102539,3.5353868674179028,-65.72168360748742
850.0876442489736,9.63446617126465,3.60078477859497,3.5352650538696073,-65.5197247253625
851.1018586070855,9.5502462387085,3.60110855102539,3.5352022848411337,-65.90626618425644
852.1156185587296,9.47070503234863,3.60078477859497,3.535194251175911,-65.5905274190589
853.1296418113166,9.3944034576416,3.60094666481018,3.535226801155496,-65.7198636546843
854.1435772969226,9.32350063323975,3.60094666481018,3.5353334357962893,-65.61322901389089
855.1575814389586,9.251877784729,3.60110855102539,3.5354387749570506,-65.66977606833957
856.1728136109366,9.18133449554443,3.60110855102539,3.5355652566202296,-65.5432944051606
857.1855893691296,9.10971069335938,3.60094666481018,3.53568522093576,-65.26144387442034
858.1995273320296,9.04204750061035,3.60110855102539,3.5358619744170943,-65.24657660829591
859.2135389059466,8.97402286529541,3.60094666481018,3.536043544089226,-64.90312072095428
860.2276807147396,8.90312004089355,3.60110855102539,3.5361997274884214,-64.90882353696881
861.2414870271666,8.83365631103516,3.60094666481018,3.5363805877449526,-64.56607706522766
862.2554288829576,8.76815223693848,3.6012704372406,3.5366203586537686,-64.65007858683158
863.2707141398026,8.69868850708008,3.60110855102539,3.53682258099659,-64.28597002880032
864.2834053161076,8.63030529022217,3.60094666481018,3.5370435359871366,-63.90312882304361
865.2974183056206,8.56120109558105,3.60094666481018,3.5372646625723405,-63.68200223783971
866.3115763937726,8.49497699737549,3.60110855102539,3.5375304375641394,-63.57811346125075
867.3254874603396,8.4251537322998,3.60094666481018,3.5377613387383002,-63.185326071879985
868.3393666759856,8.35496997833252,3.60094666481018,3.537994199135622,-62.95246567455814
869.3533428599906,8.28694629669189,3.60094666481018,3.5382597722285585,-62.68689258162175
870.3686196232576,8.22036266326904,3.60110855102539,3.53855460701814,-62.55394400725001
871.3813309718116,8.15053844451904,3.60094666481018,3.5388171216556166,-62.12954315456365
872.3956454833746,8.08035564422607,3.60094666481018,3.539080798481173,-61.86586632900726
873.4092854632156,8.01125144958496,3.60094666481018,3.539365454268265,-61.58121054191534
874.4232584621286,7.94070863723755,3.60110855102539,3.539640186533296,-61.468364492094366
875.4372502176946,7.87124490737915,3.60094666481018,3.5399323485574192,-61.01431625276099
876.4512182620206,7.80034208297729,3.60094666481018,3.5402142801355647,-60.7323846746155
877.4665212138216,7.72907876968384,3.60094666481018,3.54049605609677,-60.45060871341023
878.4791989419596,7.66177463531494,3.60094666481018,3.540826161092011,-60.120503718169346
879.4931917592226,7.59159135818481,3.60110855102539,3.541127018762458,-59.981532262932014
880.5071537872626,7.52068853378296,3.60110855102539,3.541419328617369,-59.689222408020996
881.5211667767766,7.44798564910889,3.60110855102539,3.541687416683039,-59.42113434235097
882.5351199573386,7.37780237197876,3.60110855102539,3.541989585801623,-59.11896522376736
883.5491237454746,7.30581951141357,3.60094666481018,3.542268796822728,-58.677867987452004
884.5643743202066,7.23383665084839,3.60094666481018,3.5425477768032767,-58.39888800690352
885.5771125650936,7.16041374206543,3.60094666481018,3.5428078358583956,-58.138828951784575
886.5910551286826,7.09490919113159,3.60094666481018,3.5431680304126445,-57.778634397535725
887.6050238808056,7.02292633056641,3.60094666481018,3.5434522102335575,-57.49445457662272
888.6190418249066,6.95166349411011,3.60078477859497,3.5437416247974336,-57.04315379753622
889.6330392428586,6.87860059738159,3.60110855102539,3.544003402349204,-57.10514867618599
890.6470083488806,6.80661773681641,3.60110855102539,3.5442761977760733,-56.8323532493169
891.6622670632926,6.73391532897949,3.60094666481018,3.544537594923584,-56.40906988659644
892.6749635480836,6.66229200363159,3.60094666481018,3.5448059231738887,-56.140741636291565
893.6889514107596,6.59030914306641,3.60110855102539,3.545071423363662,-56.03712766172819
894.7029332571506,6.52408504486084,3.60110855102539,3.545403413619265,-55.70513740612526
895.7169278439096,6.44994258880615,3.60078477859497,3.54563750106968,-55.147277525289695
896.7309001350236,6.37831974029541,3.60110855102539,3.5458911313468366,-55.21741967855354
897.7448855204066,6.30417728424072,3.60094666481018,3.5461084492240804,-54.83821558609981
898.7601336178445,6.23831272125244,3.60094666481018,3.546427303814717,-54.51936099546329
899.7728633691526,6.16704988479614,3.60094666481018,3.5466757126778545,-54.27095213232569
900.7868158419166,6.09614658355713,3.60110855102539,3.546919785493255,-54.18876553213536
901.8007775160576,6.02704286575317,3.60110855102539,3.5471807569247042,-53.92779410068593
902.8150385888525,5.95506000518799,3.60110855102539,3.54739870909765,-53.70984192773997
903.8287426244356,5.88379669189453,3.60094666481018,3.5476139150857033,-53.332749724476884
904.8427368572956,5.81397342681885,3.60094666481018,3.5478405804335345,-53.10608437664577
905.8580836925876,5.74451017379761,3.60094666481018,3.548066989771777,-52.87967503840329
906.8707196606296,5.68152475357056,3.60094666481018,3.548370799568511,-52.57586524166902
907.8847216792706,5.61314105987549,3.60110855102539,3.548605477267817,-52.50307375757313
908.8987052951566,5.54439735412598,3.60094666481018,3.5488227699572237,-52.12389485295654
909.9130428101615,5.47565364837646,3.60094666481018,3.549029518945523,-51.91714586465723
910.9270179324695,5.4072699546814,3.60094666481018,3.549230168565022,-51.71649624515817
911.9406586201096,5.34140586853027,3.60094666481018,3.5494536738916977,-51.49299091848248
912.9559371528716,5.27410173416138,3.60094666481018,3.5496543185688068,-51.292346241373465
913.9686396539475,5.20715761184692,3.60110855102539,3.5498473212992514,-51.26122972613878
914.9825924806106,5.14453220367432,3.60110855102539,3.5500866953975243,-51.021855627865875
915.9965760964966,5.07902812957764,3.60094666481018,3.550284284144527,-50.6623806656532
917.0105689137606,5.01532316207886,3.60110855102539,3.5504948465991513,-50.61370442623891
918.0245599615286,4.95017862319946,3.60094666481018,3.550677270401782,-50.26939440839806
919.0385471164066,4.88683366775513,3.60094666481018,3.550870827296845,-50.075837513335216
920.0525271933016,4.8227686882019,3.60094666481018,3.5510452233030274,-49.90144150715281
921.0664669256965,4.75798416137695,3.60094666481018,3.551197645160844,-49.749019649336205
922.0804901782845,4.69391918182373,3.60110855102539,3.551348398160104,-49.76015286528623
923.0944656544916,4.63669300079346,3.6012704372406,3.5515785204691146,-49.691916771485545
924.1084651958386,4.57478761672974,3.60110855102539,3.551743463810111,-49.365087215279324
925.1224406720446,4.51108264923096,3.60094666481018,3.551868214110719,-49.078450699461044
926.1364157943526,4.45097684860229,3.60094666481018,3.552028589454431,-48.91807535574921
927.1516624761936,4.39267110824585,3.60110855102539,3.5522063532046304,-48.902197820759774
928.1643982437865,4.33256530761719,3.60094666481018,3.552347859081692,-48.598805728488074
929.1783691193056,4.27389907836914,3.60094666481018,3.552497414210035,-48.44925060014526
930.1923541507886,4.21667289733887,3.60110855102539,3.5526562546367795,-48.452296388610705
931.2063335198856,4.15944623947144,3.60078477859497,3.5528072840158442,-47.97749457912559
932.2203358924246,4.10401964187622,3.60110855102539,3.5529706374031575,-48.13791362223263
933.2342986282636,4.0482325553894,3.60110855102539,3.5531218448421265,-47.98670618326373
934.2495831773106,3.99172616004944,3.60094666481018,3.5532546840058186,-47.691980804361656
935.2622775387066,3.93881869316101,3.60094666481018,3.553419145797122,-47.52751901305841
936.2762462908306,3.88303184509277,3.60110855102539,3.5535399263993925,-47.56862462599764
937.2902238904315,3.82724523544312,3.60110855102539,3.5536449192719624,-47.463631753427826
938.3042436040286,3.77361798286438,3.60094666481018,3.5537665143987844,-47.180150411395786
939.3182880905625,3.72394967079163,3.60110855102539,3.5539338859823784,-47.17466504301182
940.3321687218056,3.67176198959351,3.60094666481018,3.5540630956899273,-46.88356912025293
941.3473899229116,3.62029433250427,3.60110855102539,3.554189385379452,-46.919165645938236
942.3601593109206,3.5684666633606,3.60094666481018,3.5542975306587263,-46.649134151453886
943.3741308942366,3.51987814903259,3.60094666481018,3.554441421713603,-46.50524309657733
944.3881198186106,3.47056984901428,3.60110855102539,3.554566880381831,-46.5416706435593
945.4021098046805,3.41982197761536,3.60094666481018,3.5546658404041573,-46.28082440602288
946.4160743100146,3.37591218948364,3.60094666481018,3.5548414617762507,-46.10520303392951
947.4300646499836,3.32804369926453,3.60094666481018,3.554964438223687,-45.98222658649309
948.4453403515536,3.27909517288208,3.60110855102539,3.5550607412749273,-46.047809750462854
949.4580421448316,3.23122668266296,3.60094666481018,3.5551549471763053,-45.79171763387491
950.4720392088846,3.18515753746033,3.60110855102539,3.55526329583857,-45.84525518682003
951.4859930972445,3.14124798774719,3.60110855102539,3.5553936494224945,-45.71490160289571
952.4999820216176,3.09625864028931,3.60110855102539,3.5555035384390563,-45.60501258633387
953.5139787317715,3.05270910263062,3.60094666481018,3.5556233359274323,-45.32332888274793
954.5279648249516,3.00771975517273,3.60110855102539,3.5557132796197477,-45.395271405642475
955.5432260166576,2.96309041976929,3.60110855102539,3.5557971676649496,-45.3113833604406
956.5559260404395,2.92098021507263,3.60094666481018,3.5559043675806197,-45.042297229560546
957.5699156726106,2.88066983222961,3.60094666481018,3.5560301527923732,-44.916512017806994
958.5838823013396,2.84215903282166,3.60110855102539,3.55617670853436,-44.931842491030324
959.5978393747926,2.80292820930481,3.60094666481018,3.5563105872308944,-44.63607757928578
960.6118608578846,2.7633376121521,3.60094666481018,3.5564309408827066,-44.5157239274736
961.6258320873015,2.72374701499939,3.60110855102539,3.5565419074779245,-44.566643547465645
962.6410918634106,2.68271684646606,3.60110855102539,3.5566248057035748,-44.48374532181543
963.6538000268725,2.64384603500366,3.60110855102539,3.556720864388649,-44.38768663674119
964.6677864739515,2.60605502128601,3.60094666481018,3.5568283612514207,-44.118303558759564
965.6817679664435,2.57078337669373,3.60094666481018,3.556962694490722,-43.983970319457995
966.6957554752206,2.53695154190063,3.60094666481018,3.5571154152249425,-43.831249585237764
967.7097419222996,2.50239968299866,3.60110855102539,3.5572551444391673,-43.85340658622283
968.7237418175456,2.46640825271606,3.60110855102539,3.5573669322457944,-43.74161877959581
969.7389768207166,2.43077659606934,3.60094666481018,3.55747713622219,-43.46952858799025
970.7516881692706,2.3965847492218,3.60094666481018,3.557593913590148,-43.35275122003202
971.7657294707136,2.36311268806458,3.60094666481018,3.5577173466916983,-43.22931811848196
972.7796695570075,2.33108043670654,3.60094666481018,3.557853661966042,-43.093002844138084
973.7936351240386,2.29688835144043,3.60110855102539,3.5579570998109524,-43.151451214437756
974.8076261718065,2.26737546920776,3.60110855102539,3.558114608671598,-42.99394235379239
975.8216161578775,2.23534297943115,3.60110855102539,3.5582345400705147,-42.87401095487553
976.8368465603596,2.20439052581787,3.60110855102539,3.558367051003965,-42.74150002142507
977.8495667563916,2.17451739311218,3.60094666481018,3.5585040877652845,-42.442577044895735
978.8635478949845,2.1435649394989,3.60110855102539,3.5586232154817456,-42.48533554364453
979.8775424817436,2.11369204521179,3.60110855102539,3.5587474095547407,-42.361141470649514
980.8915250359325,2.08381915092468,3.60110855102539,3.558866698714192,-42.24185231119826
981.9054916646605,2.05502581596375,3.60094666481018,3.5589941041880486,-41.9525606221316
982.9198865113236,2.0291121006012,3.6012704372406,3.5591569885112992,-42.1134487293009
983.9347683231736,1.99995899200439,3.60110855102539,3.559274846976447,-41.833704048943154
984.9474598533776,1.9715256690979,3.60110855102539,3.559390833690053,-41.717717335337134
985.9614339139875,1.9430924654007,3.60110855102539,3.5595000960599754,-41.608454965414765
986.9754154064785,1.91645872592926,3.60094666481018,3.559627641842318,-41.31902296786238
987.9893395673136,1.89018499851227,3.60094666481018,3.5597564339640084,-41.190230846171794
989.0033794531596,1.86535096168518,3.60110855102539,3.559899335241588,-41.20921578380221
990.0173740399185,1.8390771150589,3.60110855102539,3.560021744656187,-41.086806369203366
991.0326649591506,1.81532275676727,3.60094666481018,3.5601720388538576,-40.77462595632264
992.0453409177926,1.79156839847565,3.60094666481018,3.5603200307861824,-40.626634023997795
993.0593213485865,1.76745414733887,3.60110855102539,3.560459738594917,-40.648812430473136
994.0734189199895,1.74298000335693,3.60110855102539,3.5605889291234343,-40.5196219019559
995.0872981356356,1.72030532360077,3.60110855102539,3.560736604117627,-40.371946907763245
996.1012792742285,1.69727075099945,3.60110855102539,3.56087729333609,-40.23125768930002
997.1152558121325,1.67315649986267,3.60110855102539,3.560996009280606,-40.112541744784295
998.1305120492506,1.64940214157104,3.60110855102539,3.5611143478417713,-39.99420318361891
999.1432216283116,1.62852716445923,3.60094666481018,3.56126390214444,-39.682762665740334
1000.1571992279116,1.60909175872803,3.60110855102539,3.5614356857232807,-39.67286530210945
1001.1711973536616,1.58857655525208,3.60110855102539,3.561593991483267,-39.51455954212335
1002.1853710133715,1.56482219696045,3.60110855102539,3.561701554934934,-39.40699609045639
1003.1991521989615,1.54538691043854,3.60094666481018,3.561856748552779,-39.089916257401214
1004.2131478474216,1.52415192127228,3.60110855102539,3.5619875964067735,-39.12095461861664
1005.2283998377516,1.50507640838623,3.60094666481018,3.5621421695453974,-38.8044952647828
1006.2412361126916,1.48312163352966,3.60110855102539,3.562254531861581,-38.85401916380937
1007.2550746299415,1.462606549263,3.60110855102539,3.5623777367400997,-38.730814285290464
1008.2690600153215,1.44533061981201,3.60110855102539,3.562541135878888,-38.567415146502086
1009.2830634495616,1.42625510692596,3.60110855102539,3.5626832532622057,-38.42529776318449
1010.2970297243916,1.40933918952942,3.60110855102539,3.5628504334517173,-38.25811757367292
1011.3111234029016,1.39206326007843,3.60094666481018,3.5630132712259517,-37.93339358422854
1012.3264794395716,1.37478733062744,3.60110855102539,3.563169741577404,-37.938809447986
1013.3389795103516,1.35391235351562,3.60094666481018,3.5632755321933027,-37.671132616877486
1014.3529702042216,1.33663642406464,3.60094666481018,3.563418352382054,-37.52831242812604
1015.3669616058816,1.32008039951324,3.60110855102539,3.563571182127262,-37.53736889812798
1016.3809300041116,1.30352425575256,3.60110855102539,3.5637220510589542,-37.38649996643595
1017.3949100810016,1.28660833835602,3.60110855102539,3.56386513840562,-37.24341261977004
1018.4088890962016,1.26969230175018,3.60110855102539,3.56400376925872,-37.104781766670314
1019.4241386092416,1.25565564632416,3.60094666481018,3.564180745015008,-36.76591979517241
1020.4368697761416,1.24125909805298,3.60110855102539,3.5643534225124083,-36.755128512981905
1021.4508463140415,1.22398316860199,3.60110855102539,3.5644828986668062,-36.62565235858395
1022.4648235597516,1.20706713199615,3.6012704372406,3.5646103013337083,-36.66013590689188
1023.4787947891615,1.19375038146973,3.60110855102539,3.564779505599977,-36.32904542541304
1024.4930250727416,1.17719423770905,3.60094666481018,3.5649076199234786,-36.03904488670162
1025.5067545890618,1.16387748718262,3.60110855102539,3.565072813650039,-36.03573737535104
1026.5220373686118,1.14804124832153,3.60094666481018,3.5652065499651573,-35.74011484502293
1027.5347048336716,1.13760364055634,3.60110855102539,3.565408042767073,-35.70050825831706
1028.5487234855716,1.12356698513031,3.60110855102539,3.5655656442907917,-35.542906734598475
1029.5629261650117,1.10953032970428,3.60094666481018,3.5657171228463005,-35.229541963879726
1030.5766970875318,1.09405398368835,3.60110855102539,3.565843710938176,-35.264840087214196
1031.5906591155717,1.08001732826233,3.60094666481018,3.565981437059272,-34.96522775090804
1032.6046607803116,1.06778025627136,3.60110855102539,3.5661419812012554,-34.96656982413482
1033.6198791502218,1.05410349369049,3.60110855102539,3.5662836518425496,-34.824899182840596
1034.6326386290516,1.04078662395477,3.60110855102539,3.5664242380613516,-34.684312964038625
1035.6466084428816,1.02639007568359,3.60110855102539,3.5665455702722646,-34.562980753125586
1036.6605941821617,1.01343309879303,3.60094666481018,3.566679581977142,-34.26708283303803
1037.6745392230416,1.00191593170166,3.60094666481018,3.566834545482425,-34.11211932775515
1038.6885610600316,0.990758538246155,3.60110855102539,3.566994198947959,-34.114352077430965
1039.7025223802716,0.982840418815613,3.60110855102539,3.567204223148113,-33.90432787727704
1040.7178076371217,0.9709632396698,3.60110855102539,3.5673604246269877,-33.74812639840252
1041.7306969969318,0.958726108074188,3.60094666481018,3.5675045208197544,-33.44214399042578
1042.7444884455917,0.947928726673126,3.60110855102539,3.56766408372269,-33.444467302700346
1043.7584600289117,0.936411440372467,3.6012704372406,3.567812408967029,-33.45802827357103
1044.7724698333318,0.926333844661713,3.60110855102539,3.5679767194306446,-33.131831594745535
1045.7864237216918,0.913016974925995,3.60110855102539,3.5680966242846544,-33.01192674073583
1046.8004285715217,0.903659224510193,3.60094666481018,3.5682610512120094,-32.68561359817079
1047.8156476492318,0.896460890769958,3.60110855102539,3.568462181274191,-32.64636975119917
1048.8283954494018,0.884583711624146,3.60110855102539,3.5685984926118564,-32.51005841353383
1049.8423539384517,0.871626794338226,3.6012704372406,3.5687104509221825,-32.559986318417614
1050.8563725903516,0.861909091472626,3.60094666481018,3.568860100428002,-32.08656438217838
1051.8703084298518,0.852911233901978,3.60094666481018,3.5690214195166905,-31.925245293489724
1052.8843277895517,0.843913376331329,3.60110855102539,3.5691815439182792,-31.92700710711094
1053.8983029118617,0.833115935325623,3.60110855102539,3.569318723234244,-31.78982779114614
1054.8988744589317,0.824118077754974,3.60110855102539,3.569468546185663,-31.640004839727176
1055.9110347865617,0.818359434604645,3.60110855102539,3.569671210898267,-31.437340127123292
1056.9247575788017,0.807561993598938,3.60094666481018,3.569806462168739,-31.140202641441128
1057.9384888646116,0.796764612197876,3.60110855102539,3.5699317091320446,-31.176841893345575
1058.9525450298217,0.787406802177429,3.60110855102539,3.5700730762514628,-31.03547477392743
1059.9665583732317,0.780568420886993,3.60094666481018,3.5702473071745566,-30.699357635623592
1060.9672435219218,0.769411087036133,3.60110855102539,3.570358766323211,-30.749784702179372
1061.9692572079116,0.761852860450745,3.60110855102539,3.5705142320607237,-30.594318964666467
1062.9712418741717,0.755734324455261,3.60110855102539,3.570692721245123,-30.415829780267245
1064.0110148266517,0.748176097869873,3.60110855102539,3.5708633238762384,-30.245227149151788
1065.0213458497317,0.737018764019012,3.60094666481018,3.570974384014092,-29.972280796088047
1066.0313969386118,0.730900228023529,3.60110855102539,3.5711438003901956,-29.964750635194548
1067.0314786893016,0.722262263298035,3.60094666481018,3.5712799493315908,-29.666715478589456
1068.0424435457016,0.713264405727386,3.60094666481018,3.5714094301912054,-29.53723461897484
1069.0474565267216,0.706426024436951,3.60110855102539,3.5715632095126253,-29.54534151276489
1070.0525317939916,0.698867797851562,3.60110855102539,3.571708975743803,-29.399575281586987
1071.0837853329817,0.692029476165771,3.60110855102539,3.5718679484946567,-29.24060253073346
1072.0856864790517,0.683391511440277,3.60094666481018,3.5719955099827905,-28.951154827389747
1073.1047849989018,0.675473392009735,3.60110855102539,3.5721302856830586,-28.97826534233161
1074.1056913345417,0.668994903564453,3.60094666481018,3.572279497689737,-28.66716712044326
1075.1127257873318,0.662156522274017,3.60110855102539,3.572426340403649,-28.682210621741255
1076.1143884053918,0.65567809343338,3.60094666481018,3.57257470684052,-28.37195796966041
1077.1189646749017,0.647759974002838,3.60094666481018,3.572703465519759,-28.243199290421295
1078.1355766995416,0.640921592712402,3.60094666481018,3.5728440303824147,-28.102634427765505
1079.1389107831417,0.633723318576813,3.60110855102539,3.5729776527109154,-28.130898314474795
1080.1399544316416,0.628684461116791,3.60110855102539,3.573135816817573,-27.972734207817318
1081.1419681176317,0.624005615711212,3.60094666481018,3.5733053594662265,-27.641305343953704
1082.1450321762018,0.617167234420776,3.60110855102539,3.5734439695633378,-27.664581462052418
1083.1522531338217,0.608889162540436,3.60110855102539,3.5735588361406903,-27.549714884699927
1084.1541238445618,0.604210317134857,3.60094666481018,3.5737172265518833,-27.229438258296934
1085.1563321750716,0.597011983394623,3.60094666481018,3.573843445076374,-27.10321973380614
1086.1582191651717,0.592333137989044,3.60094666481018,3.574000798278151,-26.94586653202924
1087.1593176680317,0.586934387683868,3.60094666481018,3.5741506640317513,-26.79600077842892
1088.1643009215318,0.579736113548279,3.60094666481018,3.574273415095587,-26.673249714593172
1089.1752445439818,0.574697315692902,3.60110855102539,3.5744220286104422,-26.686522414947955
1090.1874738819417,0.564979612827301,3.60094666481018,3.574506348349223,-26.440316460957014
1091.1953580465117,0.563180029392242,3.60094666481018,3.5746906236918194,-26.256041118360773
1092.2051214154017,0.554182171821594,3.60094666481018,3.5747808134812864,-26.16585132889382
1093.2164737913417,0.549143373966217,3.60110855102539,3.574917184367851,-26.191366657539294
1094.2165024571716,0.542664885520935,3.60094666481018,3.575033051227513,-25.913613582667416
1095.2185246367317,0.537266194820404,3.60094666481018,3.5751607886591046,-25.785876151075637
1096.2305890577018,0.532227396965027,3.60110855102539,3.5752976998453225,-25.81085118006765
1097.2378404506417,0.530787706375122,3.60094666481018,3.575483061686216,-25.46360312396434
1098.2406592571317,0.526108860969543,3.60110855102539,3.5756310982155304,-25.477452809859802
1099.2456732998417,0.516391158103943,3.60094666481018,3.575705200683093,-25.241464127087276
1100.2477213140417,0.512791991233826,3.60094666481018,3.575847838740335,-25.09882606984526
1101.2479088805817,0.508832931518555,3.60094666481018,3.5759932796256773,-24.953385184502963
1102.2588068500518,0.50595360994339,3.60094666481018,3.5761574498531514,-24.789214957028793
1103.2678553427218,0.4987553358078,3.60094666481018,3.576260133535101,-24.686531275079027
1104.2708992290418,0.495876014232635,3.60110855102539,3.5764161526413067,-24.692398384083436
1105.2779149251717,0.489397555589676,3.60110855102539,3.5765259242994887,-24.582626725901502
1106.2859537436616,0.486158311367035,3.60078477859497,3.5766738922866774,-24.11088630829239
1107.2883698129517,0.481479436159134,3.60110855102539,3.5768052183367796,-24.303332688610624
1108.2910697093216,0.477160453796387,3.60094666481018,3.5769383081773687,-24.008356632811534
1109.3030537951918,0.47284147143364,3.60078477859497,3.577068398440512,-23.716380154457983
1110.3121245835116,0.465283274650574,3.60094666481018,3.5771611497114875,-23.785515098692755
1111.3141372078017,0.462763875722885,3.60094666481018,3.5773040068278252,-23.642657982354987
1112.3171800324217,0.461324214935303,3.60110855102539,3.577473411546305,-23.635139479085243
1113.3242519985117,0.454485833644867,3.60110855102539,3.5775697766681067,-23.538774357283465
1114.3343409546017,0.450166881084442,3.60110855102539,3.577694322063457,-23.414228961933237
1115.3482399885918,0.446927636861801,3.60094666481018,3.577833698794836,-23.112966015344405
1116.3622586404917,0.44296857714653,3.60110855102539,3.577965360874074,-23.143190151316162
1117.3764620277318,0.439369440078735,3.60094666481018,3.5780978449062695,-22.848819903910744
1118.3902651550718,0.4325310587883,3.60094666481018,3.5781867922334416,-22.759872576738616
1119.4042586801318,0.429651737213135,3.60094666481018,3.5783224879057913,-22.624176904388893
1120.4195209335317,0.42677241563797,3.60094666481018,3.578461572783031,-22.4850920271491
1121.4322064474518,0.423893094062805,3.60094666481018,3.578604745099947,-22.34191971023325
1122.4461879399416,0.422453433275223,3.60094666481018,3.578766114666649,-22.180550143531264
1123.4601761565218,0.418134480714798,3.60110855102539,3.5788932096946042,-22.215341330785954
1124.4743452155417,0.412015914916992,3.60110855102539,3.5789875658353347,-22.120985190055453
1125.4881341869118,0.408416777849197,3.60094666481018,3.579107794489274,-21.838870320906256
1126.5021117865117,0.404457718133926,3.60078477859497,3.5792250323616974,-21.559746233272392
1127.5173910270717,0.400858581066132,3.60094666481018,3.5793454583669337,-21.60120644324648
1128.5300899891618,0.396899521350861,3.60110855102539,3.5794634508703433,-21.645100155046837
1129.5440732511518,0.394740015268326,3.60094666481018,3.5796019074355407,-21.344757374639478
1130.5580579287316,0.393300354480743,3.60094666481018,3.5797554967940917,-21.191168016088557
1131.5720312815417,0.388261556625366,3.60094666481018,3.579858361401292,-21.08830340888801
1132.5862360843817,0.384302496910095,3.60094666481018,3.5799709907748265,-20.97567403535372
1133.5999786949617,0.3807033598423,3.60094666481018,3.5800855769192523,-20.861087890927887
1134.6153241146617,0.377464115619659,3.60094666481018,3.5802045563120517,-20.74210849812852
1135.6279222155017,0.372785240411758,3.60094666481018,3.5803010055122515,-20.64565929792872
1136.6419567928617,0.368466258049011,3.60110855102539,3.580397583603308,-20.710967422082227
1137.6559067883318,0.365227043628693,3.60094666481018,3.5805101592345374,-20.436505575642805
1138.6699187161416,0.364867120981216,3.60110855102539,3.580663124848811,-20.445426176578962
1139.6838793285917,0.357308924198151,3.60094666481018,3.5807168632903617,-20.22980151981857
1140.6978640061716,0.355509340763092,3.60094666481018,3.580839833035681,-20.106831774499234
1141.7131145809017,0.352630019187927,3.60110855102539,3.5809540984763606,-20.15445254902959
1142.7258464556016,0.351550281047821,3.60094666481018,3.5810945157062406,-19.85214910393962
1143.7398403345617,0.349030882120132,3.60094666481018,3.5812187917939093,-19.72787301627088
1144.7538182880717,0.346151560544968,3.60110855102539,3.581334491267743,-19.774059757647233
1145.7677757154217,0.341472685337067,3.6012704372406,3.581423093003185,-19.847344237414966
1146.7817904744318,0.338593363761902,3.60094666481018,3.581532570513159,-19.414094297021123
1147.7957171125518,0.336793780326843,3.60094666481018,3.5816563406107726,-19.29032419940757
1148.8110462528916,0.333554565906525,3.60110855102539,3.581762773874497,-19.345777150893362
1149.8237133640516,0.329955399036407,3.60110855102539,3.5818619778216303,-19.246573203759887
1150.8377259996716,0.330315321683884,3.60110855102539,3.5820140822195996,-19.094468805790576
1151.8516586540818,0.328875660896301,3.60110855102539,3.5821498164930494,-18.95873453234076
1152.8656833222717,0.3241967856884,3.60110855102539,3.582237473539381,-18.871077486009025
1153.8796626913618,0.319157958030701,3.60094666481018,3.5823105431107227,-18.636121699457497
1154.8936346285816,0.317718297243118,3.60094666481018,3.5824318718967643,-18.514792913415956
1155.9093049276717,0.315558820962906,3.60094666481018,3.582543930295781,-18.40273451439911
1156.9220534356316,0.311239838600159,3.60094666481018,3.582626495461698,-18.32016934848202
1157.9297503875616,0.309800177812576,3.60094666481018,3.582743756736244,-18.202908073936097
1158.9339455077218,0.308360546827316,3.60110855102539,3.5828633839473,-18.24516707809032
1159.9492438588318,0.30152216553688,3.60094666481018,3.582906448458471,-18.04021635170905
1160.9619661782617,0.299002766609192,3.60094666481018,3.5829995136516777,-17.94715115850254
1161.9759098035518,0.298642843961716,3.60094666481018,3.583128581963576,-17.818082846604355
1162.9899281015516,0.299722582101822,3.60094666481018,3.583285782781,-17.660882029180147
1164.0038646488517,0.297563105821609,3.60110855102539,3.58340091624259,-17.70763478280024
1165.0178815312518,0.292884200811386,3.60094666481018,3.583476584249168,-17.470080561012402
1166.0320534214718,0.290004879236221,3.60094666481018,3.5835693433199647,-17.377321490215536
1167.0466489289317,0.288925141096115,3.60110855102539,3.583688457241724,-17.420093783666157
1168.0598302555218,0.288925141096115,3.60094666481018,3.583822966294722,-17.12369851545814
1169.0738216571917,0.283526420593262,3.60094666481018,3.5838883072562586,-17.0583575539216
1170.0877989028918,0.280287206172943,3.60110855102539,3.5839696840690185,-17.13886695637168
1171.1017849960717,0.280287206172943,3.60094666481018,3.5840984514558736,-16.84821335430664
1172.1157735665417,0.279207468032837,3.60094666481018,3.5842190031458596,-16.727661664320603
1173.1297547051317,0.276688039302826,3.60094666481018,3.584319019689267,-16.627645120913304
1174.1449939550916,0.271649241447449,3.60110855102539,3.5843762980768035,-16.732252948586712
1175.1577145050317,0.270929425954819,3.60094666481018,3.5844882536401648,-16.458411170015452
1176.1717041372017,0.26912984251976,3.60110855102539,3.5845913707711117,-16.517180254278507
1177.1858806281016,0.266610443592072,3.60094666481018,3.584683041876865,-16.26362293331507
1178.1996586286018,0.264450967311859,3.60094666481018,3.5847761539511627,-16.17051085901755
1179.2136992222518,0.25941213965416,3.60094666481018,3.584829708662187,-16.116956147993022
1180.2278251055816,0.260491907596588,3.60094666481018,3.5849606411125032,-15.986023697676988
1181.2429058087316,0.259772062301636,3.60094666481018,3.585076897982585,-15.869766827595111
1182.2555899070517,0.255093187093735,3.60094666481018,3.585138679254106,-15.807985556074211
1183.2696032504716,0.255813002586365,3.60110855102539,3.5852673465561558,-15.841204469234427
1184.2835532459417,0.255093187093735,3.60110855102539,3.5853849870019054,-15.723564023484737
1185.2975588035717,0.250054389238358,3.60110855102539,3.585437837919246,-15.670713106143985
1186.3116500047918,0.247534975409508,3.60094666481018,3.5855169171561485,-15.429747654031711
1187.3255157722717,0.246815145015717,3.60094666481018,3.5856224462409774,-15.324218569202852
1188.3408137694817,0.243215993046761,3.60078477859497,3.5856879695126174,-15.096809082352447
1189.3534168249016,0.241776347160339,3.60094666481018,3.5857805347699445,-15.166130040235704
1190.3674563568518,0.241416424512863,3.60094666481018,3.5858906516946463,-15.05601311553395
1191.3945816626217,0.239616855978966,3.60078477859497,3.5859859412293913,-14.798837365578521
1192.3954257120217,0.237817287445068,3.60094666481018,3.5860763135663367,-14.870351243843505
1193.4094259611618,0.237097457051277,3.60078477859497,3.5861822303418736,-14.60254825309626
1194.4233925898916,0.233858212828636,3.60078477859497,3.58625207269458,-14.532705900389686
1195.4387907405617,0.232418566942215,3.60094666481018,3.5863438413519173,-14.602823458262915
1196.4513761010317,0.230978906154633,3.60094666481018,3.586436415396246,-14.510249413934417
1197.4653565318217,0.22953924536705,3.60094666481018,3.58652828782425,-14.41837698593007
1198.4793213910516,0.226659923791885,3.60094666481018,3.5866027607448876,-14.343904065292623
1199.4933103154317,0.226659923791885,3.60094666481018,3.5867112063005884,-14.235458509591847
1200.5072992398018,0.225580185651779,3.60110855102539,3.586808659516268,-14.299891509122364
1201.5211901341218,0.221981033682823,3.60094666481018,3.586870117369375,-14.076547440805331
1202.5360719459718,0.221621125936508,3.60094666481018,3.5869708302669596,-13.9758345432206
1203.5492699058118,0.218741804361343,3.60094666481018,3.587039277744803,-13.907387065377197
1204.5632584762816,0.21910172700882,3.60094666481018,3.58715111237666,-13.795552433520264
1205.5772311213018,0.216582328081131,3.60078477859497,3.587226844455198,-13.557934139771799
1206.5912044741117,0.214422836899757,3.60094666481018,3.5873026706159976,-13.643994194182607
1207.6051916289916,0.214062914252281,3.60094666481018,3.587403769094676,-13.542895715504155
1208.6191628584018,0.214422836899757,3.60094666481018,3.5875185330342645,-13.42813177591573
1209.6345882593016,0.212263345718384,3.60094666481018,3.5875995711829205,-13.34709362725972
1210.6471311518717,0.209384024143219,3.60094666481018,3.5876660985154154,-13.280566294764817
1211.6611218457417,0.209024116396904,3.60078477859497,3.5877634210248255,-13.021357570144332
1212.6751058155317,0.206504717469215,3.60094666481018,3.587833065329637,-13.113599480543137
1213.6890929704116,0.203265488147736,3.60094666481018,3.5878868994382556,-13.059765371924659
1214.7030574757416,0.202545657753944,3.60094666481018,3.5879742472472813,-12.972417562898908
1215.7170853290218,0.203265488147736,3.60078477859497,3.588086646466637,-12.698132128332595
1216.7324675542218,0.202545657753944,3.60094666481018,3.5881841488787725,-12.762515931407759
1217.7450228332616,0.200386166572571,3.60094666481018,3.588258022397759,-12.688642412421292
1218.7590252058017,0.199306428432465,3.60094666481018,3.5883432280052516,-12.603436804928592
1219.7729921884318,0.1964271068573,3.60110855102539,3.5884025557728534,-12.705995252536795
1220.7869588171618,0.192468047142029,3.60094666481018,3.588440439053878,-12.506225756302225
1221.8009739300717,0.192468047142029,3.60094666481018,3.588529831516595,-12.416833293585228
1222.8149543608617,0.192108124494553,3.60110855102539,3.588619711998186,-12.48883902720399
1223.8302746537217,0.187069326639175,3.60094666481018,3.588645099527866,-12.301565282314186
1224.8429077905716,0.185989588499069,3.60110855102539,3.5887134463235855,-12.395104701804716
1225.8569048546217,0.186349496245384,3.60078477859497,3.5888093709639124,-11.975407631057422
1226.8708654670618,0.185989588499069,3.60094666481018,3.588901170333151,-12.045494477029184
1227.8848586382317,0.18670941889286,3.60094666481018,3.589008394415571,-11.938270394609152
1228.8988489782016,0.18670941889286,3.60094666481018,3.5891108952870217,-11.835769523158568
1229.9131914477916,0.185629665851593,3.60110855102539,3.5891949383936512,-11.913612631738957
1230.9281790754817,0.180950775742531,3.60094666481018,3.589229316926569,-11.717347883611229
1231.9407881471916,0.180590867996216,3.60078477859497,3.589309565235444,-11.475213359525949
1232.9547657467917,0.179511114954948,3.60094666481018,3.589385849464671,-11.560815345509123
1233.9687776746016,0.177711546421051,3.60094666481018,3.589451874575076,-11.494790235104357
1234.9826621987418,0.178431376814842,3.60094666481018,3.5895535804851644,-11.393084325015845
1235.9967176561418,0.18023094534874,3.60078477859497,3.5896755234339377,-11.109255161032117
1237.0107161357917,0.176271885633469,3.60078477859497,3.5897209534238237,-11.063825171146124
1238.0261146403616,0.174832239747047,3.60094666481018,3.5897889832517484,-11.157681558431776
1239.0386670882117,0.172312825918198,3.60094666481018,3.5898425981085116,-11.104066701668636
1240.0526584898716,0.172312825918198,3.60094666481018,3.589927798827715,-11.018865982465265
1241.0666343199816,0.1705132573843,3.60094666481018,3.5899916570324977,-10.955007777682546
1242.0806175819716,0.168713688850403,3.60094666481018,3.5900519714996726,-10.89469331050763
1243.0946086297317,0.165114536881447,3.60078477859497,3.5900855565692336,-10.699222025736255
1244.1085986158016,0.169073596596718,3.60094666481018,3.5902200562052333,-10.726608604946897
1245.1239429738016,0.164394706487656,3.60078477859497,3.5902470831190527,-10.537695475917097
1246.1365573540018,0.161515399813652,3.60078477859497,3.590283644762269,-10.501133832701015
1247.1505342458017,0.159715816378593,3.60094666481018,3.590333895005822,-10.612769804358102
1248.1645157382916,0.163674876093864,3.60094666481018,3.5904713659524377,-10.475298857742565
1249.1785064321616,0.163674876093864,3.60078477859497,3.5905663244791794,-10.218454115790365
1250.1924755381817,0.161515399813652,3.60094666481018,3.590625989671075,-10.320675139105173
1251.2064687093516,0.158995985984802,3.60094666481018,3.590675704893538,-10.270959916642397
1252.2218297006018,0.158276170492172,3.60094666481018,3.590744401130721,-10.2022636794592
1253.2346040432017,0.157916247844696,3.60094666481018,3.5908219294095725,-10.124735400607765
1254.2484273427917,0.157196417450905,3.60094666481018,3.5908953445951077,-10.05132021507249
1255.2624010495017,0.154677018523216,3.60078477859497,3.5909432590990287,-9.841519495941142
1256.2763531683618,0.157556340098381,3.60078477859497,3.59106513680451,-9.71964179045992
1257.2903696968717,0.15683650970459,3.60094666481018,3.5911479604243417,-9.79870438583852
1258.3043653453217,0.155036926269531,3.60094666481018,3.5912091733833713,-9.737491426808909
1259.3198717891216,0.151797696948051,3.60094666481018,3.5912451736293853,-9.701491180794886
1260.3323162977417,0.15107786655426,3.60094666481018,3.5913100682066177,-9.63659660356253
1261.3463151312917,0.149998128414154,3.60078477859497,3.5913730398133032,-9.411738781666568
1262.3602881302018,0.149278298020363,3.60094666481018,3.591439861086979,-9.50680372320134
1263.3742568823218,0.14783863723278,3.60094666481018,3.5915008128972588,-9.445851912921466
1264.3882610243618,0.148558467626572,3.60094666481018,3.591586342547964,-9.360322262216059
1265.4021894319817,0.148198559880257,3.60094666481018,3.5916651826454746,-9.28148216470559
1266.4175196340118,0.147118806838989,3.60094666481018,3.591731453507849,-9.215211302331383
1267.4302009011417,0.145679160952568,3.60078477859497,3.591791731865955,-8.993046729014686
1268.4441707149617,0.146039068698883,3.60094666481018,3.5918745583126355,-9.072106497544752
1269.4581706102117,0.146039068698883,3.60094666481018,3.591956910781468,-8.98975402871205
1270.4721429013216,0.142439916729927,3.60094666481018,3.5919839917506278,-8.96267305955245
1271.4861286406117,0.139560610055923,3.60094666481018,3.592015101520049,-8.931563290131006
1272.5001260585616,0.141720086336136,3.60078477859497,3.5921140259648636,-8.670752630106193
1273.5154173316917,0.140280440449715,3.60094666481018,3.592174148979176,-8.772515831004135
1274.5280805499617,0.140280440449715,3.60094666481018,3.5922492639288146,-8.697400881365613
1275.5420634580516,0.138120949268341,3.60062289237976,3.592295704273691,-8.327188106068917
1276.5560541519217,0.138480857014656,3.60078477859497,3.5923735388812883,-8.411239713681518
1277.5700547549618,0.137041211128235,3.60094666481018,3.5924271707771993,-8.519494032980912
1278.5840128901118,0.13416188955307,3.60110855102539,3.5924566245671627,-8.651926458227432
1279.5980145548517,0.132002398371696,3.60094666481018,3.592491975566881,-8.454689243299285
1280.6132789316516,0.136681288480759,3.60094666481018,3.592629323944663,-8.317340865517053
1281.6259633838717,0.133442059159279,3.60094666481018,3.592662543889084,-8.284120921096427
1282.6399551394418,0.129842907190323,3.60078477859497,3.592677859533774,-8.106919061195761
1283.6539451255117,0.128043338656425,3.60094666481018,3.592716663009576,-8.230001800604292
1284.6679184783218,0.131642490625381,3.60094666481018,3.5928303526016854,-8.116312208494847
1285.6819006786118,0.131282567977905,3.60094666481018,3.5929048766652953,-8.041788144884876
1286.6958789860116,0.129482999444008,3.60078477859497,3.592953242765283,-7.831535829686764
1287.7111716747418,0.128763169050217,3.60094666481018,3.5930125974821943,-7.934067327985961
1288.7238663900316,0.128043338656425,3.60094666481018,3.59307319342187,-7.873471388310183
1289.7378277102816,0.128043338656425,3.60078477859497,3.593143037418462,-7.6417411765077325
1290.7518046020816,0.127323508262634,3.60094666481018,3.5932040833404386,-7.742581469741605
1291.7658059129217,0.125523939728737,3.60078477859497,3.593250566651342,-7.534211943627689
1292.7797902366117,0.127323508262634,3.60094666481018,3.5933438480516884,-7.602816758491837
1293.7937929630416,0.127323508262634,3.60094666481018,3.5934195824565784,-7.527082353601777
1294.8090686646117,0.123724363744259,3.60094666481018,3.593439397367796,-7.507267442384169
1295.8217106489417,0.121564880013466,3.60094666481018,3.5934706878311573,-7.475976979022914
1296.8357154987716,0.121564880013466,3.60078477859497,3.5935323371929018,-7.252441402068044
1297.8497153940216,0.12120496481657,3.60094666481018,3.5935920271288695,-7.354637681310727
1298.8636816688518,0.120125219225883,3.60094666481018,3.5936411772747396,-7.30548753544058
1299.8776667003317,0.118685558438301,3.60078477859497,3.5936871086722277,-7.097669922742078
1300.8916492545218,0.12120496481657,3.60094666481018,3.5937861864744423,-7.160478335737963
1301.9088020370216,0.120125219225883,3.60078477859497,3.593844210897661,-6.940567697308886
1302.9199848952817,0.119405388832092,3.60094666481018,3.593901504877659,-7.045159932521194
1303.9336188588318,0.118325650691986,3.60094666481018,3.5939526934966564,-6.993971313523861
1304.9475784095816,0.117605820298195,3.60078477859497,3.594007678107978,-6.77710048699165
1305.9615545935817,0.118325650691986,3.60094666481018,3.5940840756336425,-6.862589176537703
1306.9755421023617,0.118325650691986,3.60078477859497,3.594154757769853,-6.630020825116656
1307.9895317345317,0.115806244313717,3.60078477859497,3.594188316150314,-6.596462444655948
1309.0047975269317,0.116885989904404,3.60078477859497,3.5942659443133302,-6.518834281639574
1310.0177116596817,0.11472649872303,3.60078477859497,3.594301217679512,-6.4835609154578755
1311.0314747964117,0.114006675779819,3.60078477859497,3.59435415144084,-6.430627154129898
1312.0454584123017,0.114366583526134,3.60110855102539,3.594422258468189,-6.686292557201323
1313.0594795414918,0.112567014992237,3.60078477859497,3.5944603763916136,-6.324402203356172
1314.0734256440717,0.112207099795341,3.60094666481018,3.594515565085641,-6.431099724539369
1315.0874071365618,0.111127354204655,3.60094666481018,3.5945617070273053,-6.384957782874956
1316.1026973480016,0.111847184598446,3.60078477859497,3.5946352445583383,-6.149534036631543
1317.1153828619117,0.112926930189133,3.60094666481018,3.5947161839306787,-6.23048087950151
1318.1293654161018,0.110047616064548,3.60094666481018,3.5947422028580998,-6.2044619520804645
1319.1435008547116,0.105368725955486,3.60078477859497,3.5947300528271047,-6.054725767865143
1320.1573298166818,0.104288980364799,3.60094666481018,3.5947631406457603,-6.183524164419918
1321.1713187410617,0.109687700867653,3.60094666481018,3.5948952292481295,-6.051435562050678
1322.1853037725416,0.10824804008007,3.60094666481018,3.5949443390713403,-6.002325738839964
1323.2005433764018,0.107168294489384,3.60078477859497,3.594991100931208,-5.793677663761709
1324.2132770206017,0.106088548898697,3.60078477859497,3.5950366293167093,-5.748149278260506
1325.2272132140017,0.106808379292488,3.60078477859497,3.5951038668689255,-5.6809117260443465
1326.2412191255316,0.103929065167904,3.60078477859497,3.595123987461038,-5.6607911339319195
1327.2551896471516,0.103209234774113,3.60094666481018,3.595166817769784,-5.7798470403960245
1328.2691810488218,0.102129489183426,3.60094666481018,3.595207421263165,-5.73924354701516
1329.2831611257118,0.105368725955486,3.60094666481018,3.5953109221315027,-5.635742678677502
1330.2984368272816,0.104648895561695,3.60094666481018,3.595368365342782,-5.5782994673982955
1331.3112030302018,0.103929065167904,3.60094666481018,3.595420326140785,-5.5263386693953365
1332.3133862338716,0.103929065167904,3.60094666481018,3.59548186562184,-5.464799188340308
1333.3234996089916,0.104288980364799,3.60110855102539,3.595547216082911,-5.561334942479235
1334.3387784956517,0.0992501750588417,3.60078477859497,3.595538298867525,-5.246479727444964
1335.3514541003917,0.0999700054526329,3.60094666481018,3.595594998447095,-5.351666363085261
1336.3654677977017,0.100329920649529,3.60094666481018,3.595656552002732,-5.290112807448288
1337.3794376115218,0.102129489183426,3.60078477859497,3.595743031877071,-5.041746717898921
1338.3934215813117,0.102129489183426,3.60094666481018,3.5958057602953706,-5.140904514809641
1339.4074246616517,0.0981704294681549,3.60094666481018,3.595809647649057,-5.137017161123136
1340.4213845662916,0.0938514545559883,3.60094666481018,3.5957929625727836,-5.15370223739664
1341.4366270013418,0.0981704294681549,3.60078477859497,3.595900591697524,-4.88418689744563
1342.4493691391217,0.0967307761311531,3.60110855102539,3.595940700354504,-5.16785067088632
1343.4633407224417,0.0963708609342575,3.60078477859497,3.5959891046178933,-4.795673977076476
1344.4773193837416,0.0952911153435707,3.60094666481018,3.5960278881586953,-4.91877665148488
1345.4912442523716,0.0945712849497795,3.60094666481018,3.5960703783224512,-4.876286487728976
1346.5052583035817,0.0952911153435707,3.60078477859497,3.5961320310336493,-4.652747561320503
1347.5192429811616,0.0938514545559883,3.60078477859497,3.596166992041403,-4.617786553566816
1348.5345484102618,0.0909721404314041,3.60094666481018,3.596177166741742,-4.769498068438072
1349.5472307390917,0.0934915393590927,3.60094666481018,3.5962587861859703,-4.68787862420994
1350.5612221407516,0.0934915393590927,3.60094666481018,3.5963164488548816,-4.630215955298667
1351.5752071722418,0.0934915393590927,3.60094666481018,3.596371952855698,-4.574711954482336
1352.5891932654217,0.0927717164158821,3.60094666481018,3.5964204903462194,-4.526174463960864
1353.6031797125017,0.0942113697528839,3.60094666481018,3.5964956082409834,-4.451056569196865
1354.6171686368716,0.0931316316127777,3.60110855102539,3.5965395483007003,-4.569002724689852
1355.6324064712317,0.0902523100376129,3.60094666481018,3.5965497243083435,-4.396940501836699
1356.6451298523616,0.0880928263068199,3.60078477859497,3.5965646403339697,-4.220138261000095
1357.6591070980617,0.0920518860220909,3.60094666481018,3.596667911479043,-4.278753331137253
1358.6731013309218,0.0916919708251953,3.60078477859497,3.5967247100201116,-4.060068574858189
1359.6870651284516,0.0906122252345085,3.60078477859497,3.5967659494364215,-4.018829158548343
1360.7012547136317,0.0898923948407173,3.60094666481018,3.5968081206798663,-4.138544130313893
1361.7150627955516,0.0880928263068199,3.60094666481018,3.5968335004684877,-4.11316434169251
1362.7303105390918,0.0870130807161331,3.60094666481018,3.596864308777321,-4.0823560328591135
1363.7430126862716,0.0859333351254463,3.60078477859497,3.5968971612406686,-3.8876173543012094
1364.7570012567417,0.0877329111099243,3.60078477859497,3.596969727621746,-3.815050973223766
1365.7709650542818,0.0844936817884445,3.60078477859497,3.5969733876629264,-3.8113909320434125
1366.7849706119116,0.0823341906070709,3.60078477859497,3.5969839794810166,-3.800799113953257
1367.7989414874316,0.0826941058039665,3.60078477859497,3.597027144608899,-3.757633986070985
1368.8129435060716,0.0819742754101753,3.60094666481018,3.5970612883854076,-3.885376424772602
1369.8281753241517,0.0866531655192375,3.60094666481018,3.5971778644510803,-3.7688003590998775
1370.8408912733917,0.0848535969853401,3.60094666481018,3.5972124554459537,-3.734209364226526
1371.8549070940917,0.0852135047316551,3.60094666481018,3.5972675620677457,-3.679102742434548
1372.8688708916318,0.0841337665915489,3.60094666481018,3.597304821272192,-3.641843537988354
1373.8828346891717,0.0837738513946533,3.60078477859497,3.5973487294865785,-3.436049108391348
1374.8968370617117,0.0834139361977577,3.60078477859497,3.5973926177357565,-3.3921608592133445
1375.9111837780918,0.0823341906070709,3.60094666481018,3.597424545344849,-3.5221194653312082
1376.9260836387916,0.0808945298194885,3.60078477859497,3.5974506637188832,-3.3341148760865913
1377.9387702144118,0.0837738513946533,3.60094666481018,3.5975378625944825,-3.408802215697726
1378.9527421516218,0.0812544450163841,3.60094666481018,3.597555701935592,-3.390962874588066
1379.9667282448017,0.0816143602132797,3.60078477859497,3.597607064394857,-3.1777142001128134
1380.9807359258316,0.0816143602132797,3.60094666481018,3.5976539876007054,-3.2926772094747925
1381.9947174183217,0.0805346220731735,3.60094666481018,3.5976893851043275,-3.257279705852767
1383.0087109433816,0.0805346220731735,3.60094666481018,3.597734924247168,-3.2117405630121
1384.0239636415117,0.0801747068762779,3.60078477859497,3.5977777368638564,-3.0070417311134356
1385.0368579559117,0.0776553004980087,3.60094666481018,3.597788315168604,-3.1583496415761303
1386.0506235699418,0.0801747068762779,3.60078477859497,3.597866232601787,-2.918545993182864
1387.0646330204618,0.0808945298194885,3.60094666481018,3.5979297097619383,-3.016955048241954
1388.0786063732717,0.0808945298194885,3.60094666481018,3.597982232887697,-2.9644319224830795
1389.0925974210418,0.0794548764824867,3.60078477859497,3.5980127898581835,-2.7719887367863016
1390.1065859915118,0.0790949612855911,3.60078477859497,3.5980525454190633,-2.73223317590654
1391.1218457676216,0.0769354701042175,3.60094666481018,3.598067978322698,-2.8786864874823515
1392.1347365430317,0.0762156471610069,3.60062289237976,3.5980985047736533,-2.524387606106515
1393.1485350696817,0.0765755623579025,3.60094666481018,3.5981457125326504,-2.8009522775298556
1394.1625116075818,0.0769354701042175,3.60094666481018,3.5981964905225685,-2.7501742876117063
1395.1764849603917,0.0772953853011131,3.60078477859497,3.5982490031226817,-2.5357754722881154
1396.1904717613718,0.0772953853011131,3.60110855102539,3.598299721554957,-2.8088294704331496
1397.2044755495117,0.0783751308917999,3.60094666481018,3.5983590056662225,-2.5876591439577545
1398.2197165689718,0.0747759863734245,3.60094666481018,3.598359173301973,-2.5874915082071404
1399.2324180083417,0.0729764103889465,3.60094666481018,3.5983700334495055,-2.5766313606747637
1400.2464164879916,0.0736962407827377,3.60094666481018,3.5984187046756237,-2.527960134556473
1401.2604004577818,0.0747759863734245,3.60078477859497,3.5984779799213285,-2.3067986736413637
1402.2743805346718,0.0733363255858421,3.60110855102539,3.5985004318407046,-2.60811918468562
1403.2883715824416,0.0693772658705711,3.60078477859497,3.5984807525241505,-2.304026070819365
1404.3023796173718,0.0682975202798843,3.60078477859497,3.598496763114051,-2.288015480918837
1405.3177696283517,0.0711768418550491,3.60078477859497,3.598573027142258,-2.2117514527120186
1406.3303181833116,0.0736962407827377,3.60094666481018,3.5986557339886764,-2.2909308215037782
1407.3442996758017,0.0718966722488403,3.60078477859497,3.5986810756227765,-2.103702972193311
1408.3582786910017,0.0726164951920509,3.60078477859497,3.5987355070780587,-2.049271516911144
1409.3722598295917,0.0729764103889465,3.60094666481018,3.5987876093107776,-2.159055499402651
1410.3862395525916,0.0718966722488403,3.60078477859497,3.5988163438358693,-1.968434759100468
1411.4001789310917,0.0697371810674667,3.60094666481018,3.5988262593968776,-2.1204054133026062
1412.4149269690718,0.0693772658705711,3.60094666481018,3.5988585779254647,-2.088086884715512
1413.4282098647018,0.0711768418550491,3.60094666481018,3.5989270086727956,-2.01965613738464
1414.4421818019216,0.0722565874457359,3.60094666481018,3.5989910655855617,-1.9555992246185205
1415.4561884212417,0.0722565874457359,3.60078477859497,3.5990392039503463,-1.7455746446235487
1416.4701419557116,0.0697371810674667,3.60078477859497,3.599050169366338,-1.7346092286318893
1417.4841347729716,0.0693772658705711,3.60094666481018,3.59908184055677,-1.86482425341028
1418.4981084796816,0.0682975202798843,3.60094666481018,3.5991070296183376,-1.8396351918426035
1419.5134446980016,0.0682975202798843,3.60078477859497,3.599144134947459,-1.640643647510931
1420.5260686334716,0.0679376125335693,3.60110855102539,3.599179328047015,-1.929222978375389
1421.5400791456916,0.0679376125335693,3.60078477859497,3.599216180860565,-1.5685977344048752
1422.5540457744216,0.0654182061553001,3.60078477859497,3.5992188374253407,-1.5659411696291592
1423.5680389455817,0.0639785528182983,3.60078477859497,3.599229124582056,-1.5556540129137986
1424.5820115906017,0.0632587224245071,3.60078477859497,3.599251768548626,-1.5330100463439855
1425.5959888363018,0.0679376125335693,3.60094666481018,3.599354464169052,-1.5922006411281941
1426.6112762165417,0.0668578669428825,3.60078477859497,3.599388294787817,-1.3964838071527375
1427.6239794254118,0.0690173506736755,3.60078477859497,3.599463588815321,-1.3211897796487904
1428.6379757816717,0.0682975202798843,3.60094666481018,3.5995026085389146,-1.444056271265648
1429.6519240076418,0.0661380365490913,3.60094666481018,3.599513837907968,-1.4328269022123585
1430.6659203639017,0.0650582909584045,3.60094666481018,3.5995342036056113,-1.4124612045689489
1431.6798915933116,0.0643384605646133,3.60094666481018,3.599557839183956,-1.3888256262242216
1432.6938967970516,0.0625388920307159,3.60078477859497,3.5995693800916,-1.2153985033696024
1433.7091671901317,0.0650582909584045,3.60094666481018,3.5996396302668887,-1.3070345432915076
1434.7218367785918,0.0661380365490913,3.60094666481018,3.5996997910199684,-1.246873790211822
1435.7358225178716,0.0668578669428825,3.60078477859497,3.599754954212376,-1.0298243825936915
1436.7498503711417,0.0654182061553001,3.60094666481018,3.599780308092203,-1.1663567179773793
1437.7637985971216,0.0654182061553001,3.60078477859497,3.5998208073394298,-0.9639712555400415
1438.7777829208017,0.0650582909584045,3.60094666481018,3.599855978549846,-1.0906862603343725
1439.7917704295817,0.0628988072276115,3.60110855102539,3.5998644506477775,-1.244100377612689
1440.8070422382616,0.0621789768338203,3.60078477859497,3.599886704944344,-0.8980736506258857
1441.8197337684617,0.0618190616369247,3.60094666481018,3.599917732057763,-1.028932752417333
1442.8337304786216,0.0632587224245071,3.60094666481018,3.599974417631955,-0.9722471782254161
1443.8476733961018,0.0632587224245071,3.60078477859497,3.6000147884943985,-0.7699901005713272
1444.8616708140617,0.0625388920307159,3.60062289237976,3.600044663519544,-0.5782288602156349
1445.8698147405817,0.0625388920307159,3.60094666481018,3.6000824899401898,-0.8641748699904639
1446.8752495693518,0.0628988072276115,3.60094666481018,3.6001234111987723,-0.8232536114078925
1447.8893283841016,0.0603794045746326,3.60078477859497,3.600125752675094,-0.6590259198757664
1448.9031987522717,0.0582199171185493,3.60094666481018,3.6001288566260805,-0.8178081840997109
1449.9175571473218,0.0636186376214027,3.60078477859497,3.600238994765184,-0.545783829785762
1450.9312222540018,0.0621789768338203,3.60094666481018,3.6002640168959905,-0.6826479141897046
1451.9453453061417,0.0578600019216537,3.60110855102539,3.600235233586905,-0.8733174384851772
1452.9591615277418,0.056060429662466,3.60078477859497,3.600238317604918,-0.5464609900518447
1453.9731005523417,0.0607393197715282,3.60094666481018,3.600331879277253,-0.6147855329272645
1454.9872016627316,0.0610992312431335,3.60094666481018,3.6003817343345808,-0.5649304755994677
1456.0010539820516,0.0592996589839458,3.60094666481018,3.600396407621886,-0.5502571882942675
1457.0150825431217,0.0589397437870502,3.60094666481018,3.6004241879882115,-0.5224768219687093
1458.0290707597017,0.0578600019216537,3.60078477859497,3.600444092540375,-0.34068605459491863
1459.0432345102317,0.0589397437870502,3.60078477859497,3.600493497650512,-0.2912809444577391
1460.0569990625718,0.0582199171185493,3.60094666481018,3.6005199622642587,-0.4267025459214757
1461.0710152371717,0.0575000867247581,3.60078477859497,3.6005470421849335,-0.23773641003632662
1462.0849949601718,0.0596595741808414,3.60094666481018,3.6006127902028573,-0.33387460732292595
1463.0989870696317,0.0603794045746326,3.60094666481018,3.6006645399028483,-0.2821249073319265
1464.1117461945717,0.0585798323154449,3.60078477859497,3.6006794822009316,-0.10529639403822344
1465.1257393657318,0.0578600019216537,3.60078477859497,3.6007054140002017,-0.07936459476809432
1466.1397024554717,0.0585798323154449,3.60078477859497,3.6007488290004352,-0.03594959453456781
1467.1549112701016,0.0571401715278625,3.60094666481018,3.600765653553562,-0.18101125661829087
1468.1676495149918,0.0567802563309669,3.60094666481018,3.600791515902503,-0.15514890767720502
1469.1828901805518,0.0553405992686749,3.60078477859497,3.6008038703629435,0.01909176797365575
1470.1968320363417,0.0553405992686749,3.60094666481018,3.6008342785005065,-0.11238630967369545
1471.2108531655317,0.0571401715278625,3.60094666481018,3.600893022525138,-0.053642285042343474
1472.2247950213216,0.0553405992686749,3.60094666481018,3.600904406796267,-0.042258013912999104
1473.2376139552116,0.0542608574032784,3.60078477859497,3.600921270077843,0.13649148287298019
1474.2527912728217,0.0553405992686749,3.60094666481018,3.600967194490763,0.020529680582637155
1475.2667872751817,0.054620772600174,3.60078477859497,3.60099032609536,0.20554750039014635
1476.2795492313116,0.0542608574032784,3.60094666481018,3.601016677432716,0.07001262253591989
1477.2935505421517,0.0539009422063828,3.60078477859497,3.601045165648829,0.2603870538591124
1478.3089780664418,0.0553405992686749,3.60094666481018,3.6010975874287214,0.15092261854121602
1479.3146032929417,0.054620772600174,3.60094666481018,3.6011250585912626,0.17839378108241988
1480.3200713882218,0.054620772600174,3.60078477859497,3.601156819651321,0.3720410563512466
1481.3338681453718,0.0539009422063828,3.60078477859497,3.6011828897096105,0.39811111464072013
1482.3478170791518,0.0542608574032784,3.60094666481018,3.601218095268038,0.2714304578579352
1483.3618169743918,0.0535410270094872,3.60078477859497,3.6012436090675815,0.4588304726116377
1484.3771546083117,0.0535410270094872,3.60078477859497,3.6012765265740887,0.4917479791188839
1485.3898001316218,0.0539009422063828,3.60078477859497,3.6013176212368947,0.53284264192488
1486.4037741922416,0.0553405992686749,3.60094666481018,3.601371954410362,0.42528960018195505
1487.4177624088118,0.0542608574032784,3.60094666481018,3.601395135577379,0.44847076719856105
1488.4317485019917,0.0521013699471951,3.60078477859497,3.6013951238749873,0.6103452800174658
1489.4457006208618,0.0524612851440907,3.60094666481018,3.6014287218155627,0.48205700538250795
1490.4599075470917,0.0521013699471951,3.60078477859497,3.6014559998791107,0.6712212841408771
1491.4751036213518,0.052821196615696,3.60078477859497,3.6014979413356083,0.7131627406384844
1492.4876762414517,0.0513815395534039,3.60094666481018,3.6015086753112966,0.5620105011163723
1493.5016825068817,0.0492220520973206,3.60078477859497,3.60150796304763,0.7231844526600639
1494.5156448888217,0.0535410270094872,3.60078477859497,3.601595245233866,0.8104666388963899
1495.5296398294818,0.0499418824911118,3.60094666481018,3.6015805754621826,0.6339106520023563
1496.5436128283916,0.0459828227758408,3.60078477859497,3.6015446140819143,0.7598354869444712
1497.5576198016217,0.048862136900425,3.60078477859497,3.6016048817331594,0.8201031381895874
1498.5731697750116,0.0513815395534039,3.60094666481018,3.6016725796912175,0.7259148810372373
1499.5855817249117,0.0517414547502995,3.60094666481018,3.601717741050904,0.7710762407238114
1500.5995497692318,0.0524612851440907,3.60078477859497,3.601764334034275,0.9795554393052797
1501.6135348007217,0.0513815395534039,3.60094666481018,3.601787140342649,0.8404755324686874
1502.6275198322016,0.0513815395534039,3.60094666481018,3.601818288269156,0.8716234589756233
1503.6415009707916,0.0495819672942162,3.60078477859497,3.6018262623576636,1.0414837626937512
1504.6554838788818,0.0495819672942162,3.60078477859497,3.601852052164472,1.0672735695020918
1505.6708561949117,0.0477823950350285,3.60078477859497,3.601856804722469,1.072026127499015
1506.6834493411618,0.0513815395534039,3.60078477859497,3.6019376434446153,1.1528648496454963
1507.6974368499316,0.0506617091596127,3.60078477859497,3.601963670073854,1.1788914788843918
1508.7114282516018,0.0485022217035294,3.60078477859497,3.6019649628580757,1.1801842631058435
1509.7254083284918,0.0481423102319241,3.60078477859497,3.6019852766663063,1.2004980713364866
1510.7393724799317,0.0485022217035294,3.60078477859497,3.6020191419860885,1.234363391118709
1511.7533783914616,0.0481423102319241,3.60094666481018,3.6020440868077244,1.0974219975441457
1512.7919006644618,0.0481423102319241,3.60094666481018,3.6020704838827173,1.1238190725371133
1513.7981384903317,0.0467026494443417,3.60078477859497,3.602085513579761,1.3007349847913297
1514.8121249374117,0.0481423102319241,3.60094666481018,3.6021272958663357,1.1806310561555122
1515.8263123991817,0.0477823950350285,3.60078477859497,3.602154847881976,1.3700692870060038
1516.8400659806416,0.0470625646412373,3.60078477859497,3.6021721560739772,1.3873774790074123
1517.8540959573118,0.0456229075789452,3.60078477859497,3.602179847510019,1.395068915049258
1518.8680491378816,0.0470625646412373,3.60078477859497,3.60222516725083,1.4403886558600476
1519.8820702670716,0.0459828227758408,3.60094666481018,3.60224029329903,1.2936284888498406
1520.8960089377717,0.0463427342474461,3.60078477859497,3.602272468304433,1.4876897094633357
1521.9103765342018,0.0459828227758408,3.60094666481018,3.6022967991226804,1.3501343125001952
1522.9241693984618,0.0467026494443417,3.60078477859497,3.602335760999775,1.5509824048050014
1523.9379827888718,0.0467026494443417,3.60094666481018,3.6023669716755546,1.420306865374421
1524.9519388006217,0.0456229075789452,3.60078477859497,3.6023810768705804,1.596298275610586
1525.9659988587216,0.0456229075789452,3.60078477859497,3.602407892778843,1.6231141838733976
1526.9799035551016,0.0463427342474461,3.60094666481018,3.602445665828034,1.4990010178537183
1527.9939094666317,0.0452629923820496,3.60078477859497,3.6024610534760866,1.6762748811167683
1529.0078693712817,0.0452629923820496,3.60078477859497,3.6024881376542472,1.7033590592774317
1530.0220462160917,0.0456229075789452,3.60078477859497,3.602522069696006,1.7372911010360426
1531.0358412037417,0.0459828227758408,3.60094666481018,3.602557340310375,1.6106755001947803
1532.0498651641317,0.0456229075789452,3.60094666481018,3.6025827413311746,1.6360765209944006
1533.0638551502018,0.0459828227758408,3.60094666481018,3.6026175061007244,1.6708412905441783
1534.0777924053018,0.0438233353197575,3.60094666481018,3.6026180219863595,1.6713571761792778
1535.0917738977917,0.0452629923820496,3.60078477859497,3.6026620657378636,1.8772871428938132
1536.1058081212516,0.0474224798381329,3.60078477859497,3.6027240983988613,1.9393198038915038
1537.1199294039018,0.0456229075789452,3.60078477859497,3.6027336923164777,1.94891372150785
1538.1337842005016,0.0427435897290707,3.60078477859497,3.6027191060247694,1.9343274297995983
1539.1477041145517,0.0445431619882584,3.60094666481018,3.6027673729427367,1.8207081325565255
1540.1617217047517,0.044903077185154,3.60078477859497,3.602802271808559,2.0174932135890167
1541.1756621449417,0.0452629923820496,3.60094666481018,3.602836840777081,1.8901759669009977
1542.1896921216116,0.0438233353197575,3.60094666481018,3.602846706417128,1.9000416069476778
1543.2036686595218,0.0441832467913628,3.60078477859497,3.6028772264813247,2.0924478863548757
1544.2178196696916,0.0423836745321751,3.60078477859497,3.6028778805522808,2.093101957310939
1545.2316550018418,0.0420237630605698,3.60078477859497,3.6028944436628336,2.1096650678638085
1546.2620446730916,0.0423836745321751,3.60078477859497,3.602922040565339,2.137261970369231
1547.2752189216917,0.0387845300137997,3.60094666481018,3.602894309007156,1.9476441969756841
1548.2879585821718,0.040944017469883,3.60078477859497,3.6029404315147984,2.1556529198285546
1549.3020511989816,0.0395043604075909,3.60094666481018,3.6029443898094295,1.9977249992493284
1550.3160578183117,0.040944017469883,3.60094666481018,3.60298770502232,2.0410402121395776
1551.3299027057517,0.0438233353197575,3.60078477859497,3.6030585339487993,2.273755353829454
1552.3439036626917,0.0427435897290707,3.60094666481018,3.6030783386935403,2.131673883360108
1553.3578695836218,0.0427435897290707,3.60078477859497,3.6031091516546407,2.3243730596709256
1554.3731509475717,0.0441832467913628,3.60078477859497,3.6031595267548564,2.374748159886586
1555.3858208899317,0.0423836745321751,3.60078477859497,3.603164636471698,2.379857876728231
1556.3998264475617,0.0423836745321751,3.60094666481018,3.6031904630419134,2.2437982317331517
1557.4137654721617,0.0420237630605698,3.60094666481018,3.6032113912737316,2.2647264635513586
1558.4278580889818,0.0405841022729874,3.60094666481018,3.603217732840851,2.2710680306707864
1559.4417588924716,0.0445431619882584,3.60094666481018,3.603301475042572,2.354810232391813
1560.4557644501017,0.0438233353197575,3.60094666481018,3.6033267842059584,2.380119395778202
1561.4709994532716,0.0423836745321751,3.60094666481018,3.603335801383805,2.3891365736248282
1562.4837309740717,0.040944017469883,3.60078477859497,3.603340268860843,2.555490265873317
1563.4977022034916,0.0413039326667786,3.60078477859497,3.603367733088934,2.5829544939641735
1564.5117059916317,0.0402241870760918,3.60094666481018,3.603376596736824,2.429931926643647
1565.5256648345817,0.0395043604075909,3.60078477859497,3.603387337818981,2.6025592240110917
1566.5396668532217,0.036984957754612,3.60078477859497,3.6033719640692716,2.587185474301812
1567.5536310046516,0.0423836745321751,3.60094666481018,3.603469714629581,2.523049819400658
1568.5689035211317,0.0416638478636742,3.60078477859497,3.603494730535137,2.709951940166988
1569.5815929279418,0.0402241870760918,3.60094666481018,3.603500815951267,2.5541511410867024
1570.5956037940616,0.0387845300137997,3.60094666481018,3.6035028876911652,2.556222880985004
1571.6095435264517,0.0395043604075909,3.60078477859497,3.6035343212050996,2.7495426101298293
1572.6235706719317,0.0395043604075909,3.60094666481018,3.6035582701888065,2.6116053786262583
1573.6375344694718,0.0384246148169041,3.60078477859497,3.6035669774895585,2.782198894588639
1574.6515325952216,0.0380646996200085,3.60078477859497,3.603584111316458,2.7993327214881347
1575.6667541502218,0.0398642756044865,3.60094666481018,3.603632388059745,2.685723249564731
1576.6794977035918,0.0387845300137997,3.60094666481018,3.603645120604778,2.6984557945977095
1577.6934717642016,0.0391444452106953,3.60078477859497,3.603674260383328,2.889481788358239
1578.7074790913316,0.0387845300137997,3.60094666481018,3.603696476489525,2.749811679344738
1579.7302369280717,0.0395043604075909,3.60094666481018,3.6037301549933627,2.7834901831824688
1580.7354176572817,0.0377047881484032,3.60078477859497,3.603731081458007,2.946302863036987
1581.7493995036716,0.0377047881484032,3.60094666481018,3.603752464759563,2.8057999493826813
1582.7646713123518,0.0387845300137997,3.60078477859497,3.60379195344499,3.00717485002
1583.7773667354418,0.0395043604075909,3.60094666481018,3.6038297314378727,2.8830666276924433
1584.7913722930716,0.0387845300137997,3.60078477859497,3.603846905021973,3.062126427002987
1585.8053424607917,0.0391444452106953,3.60094666481018,3.603877000256815,2.930335446634569
1586.8054627864917,0.0373448729515076,3.60078477859497,3.6038762015801487,3.0914229851788377
1587.8189105991116,0.0380646996200085,3.60078477859497,3.603907732669477,3.122954074507245
1588.8329143872518,0.0384246148169041,3.60094666481018,3.6039380420595646,2.991377249384364
1589.8469447178218,0.0380646996200085,3.60078477859497,3.603957837754089,3.1730591591192514
1590.8608671091617,0.0373448729515076,3.60078477859497,3.603973657042252,3.1888784472822174
1591.8748422314618,0.0391444452106953,3.60078477859497,3.6040237673789193,3.238988783949459
1592.8888962732817,0.0391444452106953,3.60078477859497,3.6040534102194215,3.268631624451679
1593.9033565912716,0.0395043604075909,3.60094666481018,3.604085059498018,3.138394687837831
1594.9168376704117,0.0373448729515076,3.60094666481018,3.6040815446562897,3.134879846109495
1595.9308163317116,0.0384246148169041,3.60078477859497,3.6041182825426024,3.3335039476325434
1596.9448356914118,0.0377047881484032,3.60078477859497,3.6041332935312123,3.3485149362424416
1597.9588759311516,0.036984957754612,3.60094666481018,3.6041453642768575,3.1986994666772794
1598.9727229419816,0.0362651273608208,3.60078477859497,3.6041572837745552,3.3725051795854277
1599.9867185904418,0.036984957754612,3.60094666481018,3.6041890567824026,3.242391972222425
1601.0009134841016,0.0373448729515076,3.60078477859497,3.604218414104222,3.433635509252131
1602.0146925462916,0.0366250425577164,3.60078477859497,3.604229465046848,3.4446864518780096
1603.0287388023216,0.0337457247078419,3.60078477859497,3.6042114559229486,3.4266773279787444
1604.0414554593617,0.0366250425577164,3.60078477859497,3.604268002901284,3.483224306314092
1605.0554454454316,0.0362651273608208,3.60094666481018,3.6042885394016655,3.341874591485272
1606.0694018110917,0.0341056399047375,3.60078477859497,3.604278516180735,3.4937375857651
1607.0833999368417,0.0344655551016331,3.60078477859497,3.604301622205607,3.516843610637199
1608.0973934619017,0.0366250425577164,3.60078477859497,3.604354398518459,3.5696199234891424
1609.1113692920117,0.0373448729515076,3.60094666481018,3.604393988850697,3.4473240405166194
1610.1253532617916,0.0348254702985287,3.60094666481018,3.6043826861086634,3.436021298483194
1611.1393365237816,0.0337457247078419,3.60078477859497,3.604385299053671,3.600520458701073
1612.1533314644416,0.0362651273608208,3.60078477859497,3.604441721452654,3.6569428576842533
1613.1547123788016,0.0351853854954243,3.60078477859497,3.6044526863677606,3.6679077727908016
1614.1656945762618,0.0348254702985287,3.60078477859497,3.604468538541819,3.683759946849108
1615.1796661595718,0.0341056399047375,3.60094666481018,3.604480172738484,3.5335079283038695
1616.1936501293617,0.0359052121639252,3.60094666481018,3.6045279827916588,3.581317981478538
1617.2076277289616,0.0366250425577164,3.60078477859497,3.6045667643631827,3.78198576821287
1618.2216095753517,0.0377047881484032,3.60078477859497,3.604610343828134,3.825565233164241
1619.2369415468818,0.0366250425577164,3.60078477859497,3.604623117755821,3.8383391608509676
1620.2495934403817,0.0341056399047375,3.60078477859497,3.604608559673878,3.8237810789083504
1621.2635660854016,0.033025898039341,3.60094666481018,3.604608094129616,3.661429319435694
1622.2775468700918,0.033025898039341,3.60094666481018,3.6046246780106896,3.6780132005094224
1623.2915301320818,0.0333858132362366,3.60094666481018,3.604650698722665,3.70403391248475
1624.3057275030317,0.0366250425577164,3.60094666481018,3.6047161596994592,3.7694948892790237
1625.3195047957317,0.0337457247078419,3.60094666481018,3.6047064755324376,3.759810722257395
1626.3348463225418,0.0319461524486542,3.60094666481018,3.6046971880409924,3.7505232308121528
1627.3474638878317,0.0312263239175081,3.60094666481018,3.604702127146459,3.755462336278992
1628.3614478576117,0.0341056399047375,3.60078477859497,3.60475867859979,3.97390000482023
1629.3754116551518,0.0348254702985287,3.60094666481018,3.6047964724585393,3.8498076483590715
1630.3894186283717,0.0333858132362366,3.60078477859497,3.6048022440224963,4.0174654275264565
1631.4034011825618,0.033025898039341,3.60094666481018,3.604812094089154,3.865429278973931
1632.4173812594618,0.0276271793991327,3.60078477859497,3.6047500413226015,3.9652627276316466
1633.4327139387917,0.0323060676455498,3.60078477859497,3.604821858391324,4.037079796354259
1634.4455590612117,0.0305064953863621,3.60078477859497,3.6048214143380424,4.036635743072559
1635.4596300901817,0.0308664105832577,3.60094666481018,3.604843643894978,3.8969790847978025
1636.4733150152117,0.0348254702985287,3.60094666481018,3.6049239997910725,3.9773349808922553
1637.4874048008317,0.0337457247078419,3.60094666481018,3.60494108881486,3.994424004679864
1638.5012829547818,0.0337457247078419,3.60078477859497,3.604966882517541,4.182103922571123
1639.5152364892417,0.0355453006923199,3.60094666481018,3.6050173429604713,4.070678150291052
1640.5292516021516,0.0341056399047375,3.60078477859497,3.605025756774824,4.240978179854249
1641.5432012437218,0.0323060676455498,3.60094666481018,3.6050208646868884,4.074199876708207
1642.5571951226816,0.0308664105832577,3.60078477859497,3.605018848039606,4.234069444636113
1643.5711759073718,0.0326659828424454,3.60094666481018,3.6050584761679483,4.111811357768058
1644.5865315901417,0.0319461524486542,3.60078477859497,3.605071345626625,4.286567031654975
1645.5993752969716,0.0319461524486542,3.60078477859497,3.6050914503714044,4.306671776434623
1646.6131557747617,0.0323060676455498,3.60094666481018,3.605115662164547,4.168997354366599
1647.6271124943116,0.0305064953863621,3.60078477859497,3.6051120591381003,4.327280543130474
1648.6411070810716,0.0319461524486542,3.60078477859497,3.605148384185905,4.363605590935293
1649.6550641545216,0.0315862372517586,3.60078477859497,3.6051660761454576,4.381297550487773
1650.6690774979418,0.0337457247078419,3.60094666481018,3.6052214567273686,4.274791917188381
1651.6843970830016,0.0337457247078419,3.60094666481018,3.605249240698888,4.30257588870786
1652.6970627785618,0.0333858132362366,3.60094666481018,3.6052694236305336,4.322758820353378
1653.7110102967417,0.0333858132362366,3.60078477859497,3.605292775213758,4.5079966187882015
1654.7250155004717,0.0319461524486542,3.60078477859497,3.6052932096117405,4.508431016770675
1655.7389516938817,0.0319461524486542,3.60094666481018,3.6053119159002076,4.365251090027389
1656.7531607435017,0.0308664105832577,3.60078477859497,3.6053150164016725,4.530237806702697
1657.7669419290917,0.0312263239175081,3.60078477859497,3.6053380897390315,4.553311144061656
1658.7823004430618,0.0312263239175081,3.60094666481018,3.6053593536030983,4.412688792918118
1659.7951059287816,0.0323060676455498,3.60078477859497,3.6053970140703635,4.612235475393689
1660.8089285205617,0.0341056399047375,3.60078477859497,3.6054486749289114,4.663896333941597
1661.8229047045718,0.0341056399047375,3.60094666481018,3.6054762384146657,4.529573604485471
1662.8368815963718,0.0308664105832577,3.60094666481018,3.605452728640109,4.506063829928575
1663.8508248677617,0.0308664105832577,3.60094666481018,3.6054672433902852,4.520578580105017
1664.8648435196617,0.0319461524486542,3.60078477859497,3.6055018228633986,4.717044268428783
1665.8801425785716,0.0308664105832577,3.60078477859497,3.6055078525033712,4.723073908401432
1666.8930170746216,0.029786666855216,3.60094666481018,3.605509079269037,4.562414458856967
1667.9071840102517,0.0283470079302788,3.60094666481018,3.605505207936368,4.558543126187864
1668.9207730286116,0.0308664105832577,3.60078477859497,3.6055537463730944,4.768967778124633
1669.9597256429417,0.0315862372517586,3.60078477859497,3.6055881259817153,4.803347386745482
1670.9643564129117,0.0287069231271744,3.60094666481018,3.6055691878306444,4.622523020464175
1671.9783340125116,0.0305064953863621,3.60094666481018,3.6056092123992265,4.662547589046273
1672.9923211673918,0.0312263239175081,3.60094666481018,3.6056415750763637,4.694910266183516
1674.0063221243317,0.0305064953863621,3.60078477859497,3.6056559722850645,4.8711936900946995
1675.0202908764618,0.0323060676455498,3.60078477859497,3.6057038399223256,4.919061327355756
1676.0356217862916,0.0315862372517586,3.60094666481018,3.605717976831401,4.771312021220719
1677.0484308110017,0.029786666855216,3.60094666481018,3.605712294075589,4.7656292654085775
1678.0622392468217,0.0290668364614248,3.60062289237976,3.605716266559092,5.093374179331978
1679.0762218010118,0.0287069231271744,3.60078477859497,3.605726473728613,4.941695133643176
1680.0901933843318,0.0294267516583204,3.60078477859497,3.6057578027797006,4.973024184730779
1681.1041837243017,0.033025898039341,3.60094666481018,3.6058301142734277,4.88344946324748
1682.1181369048618,0.0312263239175081,3.60078477859497,3.6058333158297846,5.048537234814798
1683.1335021429018,0.0269073490053415,3.60094666481018,3.6057881099101987,4.841445100018493
1684.1460853799817,0.0294267516583204,3.60094666481018,3.6058330135932537,4.88634878307348
1685.1601096942618,0.0290668364614248,3.60078477859497,3.6058487033536535,5.063924758683669
1686.1740809236817,0.0276271793991327,3.60078477859497,3.6058451788573005,5.060400262330678
1687.1880762182418,0.0294267516583204,3.60094666481018,3.605886405426347,4.9397406161668655
1688.2020400157717,0.0294267516583204,3.60078477859497,3.6059081295666506,5.123350971680818
1689.2160696385417,0.0301465801894665,3.60078477859497,3.605939784821332,5.155006226362335
1690.2313556031918,0.0287069231271744,3.60078477859497,3.6059393197767573,5.154541181787486
1691.2440050194018,0.0265474356710911,3.60078477859497,3.6059248865592752,5.140107964305418
1692.2579858040917,0.0283470079302788,3.60094666481018,3.6059620399097754,5.015375099595154
1693.2719874688316,0.0283470079302788,3.60078477859497,3.605982371844694,5.197593249724353
1694.2859519741717,0.0287069231271744,3.60078477859497,3.6060069240086206,5.222145413650736
1695.3000286655217,0.0294267516583204,3.60078477859497,3.606038470168413,5.253691573443131
1696.3138983258916,0.0301465801894665,3.60078477859497,3.606071973282334,5.28719468736405
1697.3292717036218,0.0308664105832577,3.60078477859497,3.606105119757358,5.320341162388331
1698.3418797136317,0.0276271793991327,3.60094666481018,3.606080326022808,5.133661212627594
1699.3558767776817,0.0269073490053415,3.60078477859497,3.606081908275759,5.297129680789325
1700.3698288965518,0.0301465801894665,3.60094666481018,3.606145895526977,5.199230716796954
1701.3838443633517,0.0305064953863621,3.60078477859497,3.60617849778417,5.393719189200397
1702.3978152388718,0.0308664105832577,3.60094666481018,3.6062074387911798,5.260773980999556
1703.4117616953517,0.0261875204741955,3.60094666481018,3.6061592486833276,5.212583873147381
1704.4271262256018,0.0279870927333832,3.60078477859497,3.606194758650553,5.40998005558313
1705.4397908594717,0.0290668364614248,3.60078477859497,3.6062294538699495,5.444675274979716
1706.4538130503618,0.0276271793991327,3.60094666481018,3.606228757577865,5.282092767684876
1707.4677425196817,0.0265474356710911,3.60094666481018,3.6062275337983625,5.280868988182252
1708.4817158724918,0.0283470079302788,3.60094666481018,3.60626801498035,5.321350170169659
1709.4957062124618,0.0272672642022371,3.60078477859497,3.6062733484079557,5.488569812985844
1710.5096544384417,0.0276271793991327,3.60078477859497,3.6062928192752395,5.508040680269666
1711.5250210920817,0.0261875204741955,3.60078477859497,3.606290796835211,5.506018240241328
1712.5376276864918,0.0279870927333832,3.60078477859497,3.6063316047572997,5.546826162329932
1713.5516590787618,0.0272672642022371,3.60094666481018,3.6063422758387644,5.395611028584213
1714.5655945643716,0.0269073490053415,3.60078477859497,3.6063549592556274,5.57018066065762
1715.5798160004617,0.0276271793991327,3.60094666481018,3.6063824228995647,5.435758089384457
1716.5935862151816,0.0276271793991327,3.60094666481018,3.606403226559931,5.456561749750843
1717.6075928345117,0.0283470079302788,3.60078477859497,3.60643350310966,5.64872451469034
1718.6229003870017,0.0272672642022371,3.60110855102539,3.6064356548927323,5.327103867342142
1719.6355533422018,0.0251077767461538,3.60078477859497,3.606422028177181,5.6372495822110125
1720.6495298801017,0.0279870927333832,3.60078477859497,3.606475847741516,5.691069146546379
1721.6635474703016,0.0283470079302788,3.60078477859497,3.606506086200824,5.721307605853987
1722.6774627836617,0.029786666855216,3.60078477859497,3.6065496962891443,5.764917694174532
1723.6916909438416,0.0254676919430494,3.60094666481018,3.606508878124663,5.562213314482811
1724.7054211679517,0.0261875204741955,3.60094666481018,3.6065277747796656,5.581109969485354
1725.7207987924717,0.0258276052772999,3.60078477859497,3.6065384730500947,5.753694455124858
1726.7334025556918,0.0261875204741955,3.60094666481018,3.606559352596877,5.612687786696657
1727.7474020970417,0.0265474356710911,3.60094666481018,3.6065815178726455,5.63485306246525
1728.7613694335716,0.0265474356710911,3.60094666481018,3.606600345713168,5.653680902987901
1729.7753912705616,0.0269073490053415,3.60094666481018,3.6066215717137546,5.674906903574417
1730.7893469284118,0.0251077767461538,3.60078477859497,3.606612858584331,5.828079989361079
1731.8033411612716,0.0251077767461538,3.60094666481018,3.606626496616094,5.679831805913693
1732.8186582690416,0.0276271793991327,3.60094666481018,3.6066813986586426,5.734733848462348
1733.8313069774517,0.0276271793991327,3.60078477859497,3.6067040980120293,5.9193194170594765
1734.8454862995518,0.0269073490053415,3.60094666481018,3.6067142086438793,5.76754383369904
1735.8592710241317,0.0254676919430494,3.60078477859497,3.6067100338854954,5.925255290525566
1736.8732167728117,0.0254676919430494,3.60094666481018,3.60672315088346,5.776486073279852
1737.8874314848217,0.0251077767461538,3.60094666481018,3.6067339434234604,5.787278613280211
1738.9015410887916,0.0258276052772999,3.60094666481018,3.606759528490764,5.812863680583646
1739.9166486882816,0.0240280330181122,3.60078477859497,3.606753015890568,5.968237295598033
1740.9291738859017,0.0279870927333832,3.60094666481018,3.6068242074541534,5.8775426439732215
1741.9431741350518,0.0240280330181122,3.60110855102539,3.606788931791714,5.680380766323712
1742.9571234227217,0.0204288884997368,3.60078477859497,3.6067421403407502,5.957361745780432
1743.9711498604017,0.0233082044869661,3.60078477859497,3.606786799697224,6.002021102254229
1744.9850920700917,0.0258276052772999,3.60078477859497,3.606840380684369,6.055602089399148
1745.9991057674017,0.0272672642022371,3.60078477859497,3.606884975852169,6.100197257199014
1747.0144688820517,0.0251077767461538,3.60094666481018,3.606878344970153,5.9316801599726965
1748.0270850317418,0.0247478634119034,3.60078477859497,3.6068871880120987,6.102409417128918
1749.0412632921416,0.0247478634119034,3.60078477859497,3.6069027843658974,6.1180057709275815
1750.0550434160416,0.0251077767461538,3.60078477859497,3.6069259433568845,6.14116476191473
1751.0690157071517,0.0269073490053415,3.60078477859497,3.606969484463065,6.184705868095275
1752.0830003847318,0.0240280330181122,3.60078477859497,3.606948724999931,6.163946404960985
1753.0969751531418,0.0254676919430494,3.60078477859497,3.6069826114409707,6.197832846000839
1754.1123846285816,0.0258276052772999,3.60078477859497,3.607008191129886,6.223412534916317
1755.1249473395017,0.0269073490053415,3.60078477859497,3.6070422780379565,6.257499442986703
1756.1389454652517,0.0251077767461538,3.60094666481018,3.6070374201097954,6.090755299615225
1757.1528866132417,0.0247478634119034,3.60094666481018,3.607047926201579,6.101261391398882
1758.1669201289117,0.0254676919430494,3.60078477859497,3.6070725024976373,6.287723902667519
1759.1810683078818,0.0247478634119034,3.60078477859497,3.6070799404375573,6.295161842587493
1760.1948905457716,0.0240280330181122,3.60094666481018,3.607085094101142,6.1384292909618665
1761.2102165010217,0.0247478634119034,3.60062289237976,3.607109300504029,6.486408124269261
1762.2228347741018,0.0251077767461538,3.60094666481018,3.6071320530288933,6.1853882187130615
1763.2368120198016,0.0233082044869661,3.60094666481018,3.6071218465089294,6.175181698749199
1764.2508243015218,0.0229482892900705,3.60078477859497,3.607127737676361,6.342959081391264
1765.2647778359817,0.0251077767461538,3.60094666481018,3.6071737310857683,6.227066275588111
1766.2787823319218,0.0240280330181122,3.60078477859497,3.6071778779522767,6.3930993573069195
1767.2927478989518,0.0240280330181122,3.60094666481018,3.6071936270958473,6.246962285667124
1768.3086075340616,0.0254676919430494,3.60078477859497,3.6072319074508856,6.447128855915807
1769.3207229165016,0.0261875204741955,3.60078477859497,3.6072641725582604,6.479393963290558
1770.3347171493617,0.0233082044869661,3.60094666481018,3.6072409559402474,6.294291130067187
1771.3503184381218,0.0233082044869661,3.60078477859497,3.6072503205112336,6.465541916263806
1772.3626879201217,0.0229482892900705,3.60094666481018,3.6072595293664134,6.312864556233144
1773.3765904931117,0.0251077767461538,3.60078477859497,3.607305545024041,6.520766429071401
1774.3906417037317,0.0254676919430494,3.60094666481018,3.6073333333659936,6.3866685558133796
1775.4059704901717,0.0265474356710911,3.60094666481018,3.607367171462678,6.420506652497604
1776.4186241531618,0.0240280330181122,3.60094666481018,3.6073532255725422,6.406560762362012
1777.4325755642317,0.0240280330181122,3.60078477859497,3.60736459323561,6.579814640640169
1778.4465712126917,0.0225883759558201,3.60078477859497,3.607358112589881,6.5733339949112235
1779.4605551824718,0.0233082044869661,3.60078477859497,3.6073798315583816,6.595052963411785
1780.4745508309318,0.0236681196838617,3.60078477859497,3.6073978409955156,6.613062400545822
1781.4885128589717,0.0222284607589245,3.60078477859497,3.607393505465991,6.608726871021098
1782.5038504928916,0.0236681196838617,3.60078477859497,3.607426690076594,6.641911481624074
1783.5164807985418,0.0236681196838617,3.60078477859497,3.607442951975605,6.658173380635013
1784.5304782164917,0.0225883759558201,3.60078477859497,3.607445401017781,6.66062242281118
1785.5444494459116,0.0247478634119034,3.60078477859497,3.6074888286538966,6.704050058926825
1786.5584829615716,0.0218685455620289,3.60094666481018,3.607467180998697,6.5205161885169005
1787.5724223400716,0.0233082044869661,3.60094666481018,3.6074993458999214,6.552681089741164
1788.5864091410517,0.0229482892900705,3.60078477859497,3.607509761701227,6.724983106257021
1789.6017446515716,0.0225883759558201,3.60078477859497,3.607519050901071,6.734272306101019
1790.6143799118117,0.0225883759558201,3.60094666481018,3.607534129147929,6.587464337748816
1791.6283532646216,0.0236681196838617,3.60078477859497,3.6075622828386704,6.777504243700605
1792.6423326337217,0.0218685455620289,3.60078477859497,3.6075560733674013,6.771294772431435
1793.6563109411218,0.0240280330181122,3.60094666481018,3.607600111661935,6.65344685175473
1794.6703172065518,0.0243879482150078,3.60078477859497,3.607626718645717,6.8419400507471195
1795.6842795884918,0.0247478634119034,3.60078477859497,3.6076514822043544,6.866703609384572
1796.6996649987916,0.0243879482150078,3.60094666481018,3.607664832807461,6.718167997280755
1797.7122429273718,0.0229482892900705,3.60078477859497,3.6076603876445668,6.875609049596942
1798.7262325595416,0.0225883759558201,3.60078477859497,3.6076679989408738,6.88322034590394
1799.7402292697018,0.0229482892900705,3.60078477859497,3.6076860180729913,6.901239478021459
1800.7541736027817,0.0222284607589245,3.60078477859497,3.6076912971493584,6.906518554388619
1801.7681788065117,0.0225883759558201,3.60094666481018,3.6077096116437595,6.762946833579253
1802.7821811790518,0.0229482892900705,3.60094666481018,3.607728725983825,6.78206117364466
1803.7977014249118,0.0211487170308828,3.60078477859497,3.60771817410443,6.933395509460372
1804.8101477030316,0.0215086322277784,3.60078477859497,3.6077332256729995,6.9484470780296625
1805.8241189324517,0.0225883759558201,3.60094666481018,3.6077634973833312,6.8168325731510215
1806.8381152887016,0.0225883759558201,3.60078477859497,3.607780598822859,6.995820227889027
1807.8520812096317,0.0229482892900705,3.60078477859497,3.607800344347054,7.015565752084285
1808.8660680106118,0.0204288884997368,3.60094666481018,3.607777997643371,6.831332833190817
1809.8800576427816,0.0225883759558201,3.60078477859497,3.607820432131649,7.035653536679121
1810.8953942150017,0.0215086322277784,3.60078477859497,3.6078214929071675,7.036714312197656
1811.9083649716117,0.0197090581059456,3.60094666481018,3.607804934609775,6.858269799594918
1812.9220024741517,0.0186293143779039,3.60078477859497,3.607795387453585,7.010608858615264
1813.9359931680217,0.0186293143779039,3.60078477859497,3.607802499496792,7.0177209018220665
1814.9499828001917,0.0204288884997368,3.60078477859497,3.607838428088583,7.05364949361309
1815.9639596920017,0.0215086322277784,3.60094666481018,3.6078706591886402,6.92399437846003
1816.9779426000916,0.0193491447716951,3.60094666481018,3.607856197524882,6.90953271470196
1817.9932965133617,0.0222284607589245,3.60078477859497,3.6079086962711693,7.123917676199465
1819.0059392054916,0.0218685455620289,3.60062289237976,3.6079233734527034,7.300481072943565
1820.0198817690716,0.0211487170308828,3.60094666481018,3.607927345037528,6.980680227347769
1821.0338752941418,0.0197090581059456,3.60094666481018,3.607918309626523,6.971644816342604
1822.0478578483217,0.0243879482150078,3.60078477859497,3.608002056500817,7.21727790584703
1823.0618365096218,0.0207888018339872,3.60094666481018,3.607973722703395,7.027057893214561
1824.0758222489017,0.0204288884997368,3.60078477859497,3.607979347384721,7.194568789750999
1825.0911641296118,0.0211487170308828,3.60078477859497,3.608001633691683,7.216855096713104
1826.1037954969618,0.0233082044869661,3.60078477859497,3.6080512643473983,7.266485752428498
1827.1354121364518,0.0247478634119034,3.60094666481018,3.608095138292669,7.148473482488704
1828.1489346217818,0.0175495706498623,3.60094666481018,3.6080070234589905,7.060358648810272
1829.1625374422217,0.0197090581059456,3.60078477859497,3.608037043155669,7.252264560699384
1830.1765168113218,0.0207888018339872,3.60078477859497,3.6080661239231384,7.281345328168598
1831.1905365249117,0.0222284607589245,3.60078477859497,3.6081028114341924,7.31803283922261
1832.2044819196917,0.0225883759558201,3.60078477859497,3.608127013114612,7.342234519642332
1833.2185207438417,0.0207888018339872,3.60078477859497,3.608119168170685,7.334389575714972
1834.2324746322017,0.0207888018339872,3.60078477859497,3.6081296864371524,7.3449078421825575
1835.2466171487918,0.0200689733028412,3.60078477859497,3.60813164357417,7.34686497920034
1836.2604103669516,0.0200689733028412,3.60078477859497,3.608144803956966,7.360025361996314
1837.2746091535016,0.0236681196838617,3.60094666481018,3.6082126912300234,7.266026419843197
1838.2884069723516,0.0215086322277784,3.60078477859497,3.6082043257688174,7.419547173847629
1839.3025222387116,0.0211487170308828,3.60094666481018,3.6082121468562343,7.265482046054039
1840.3163788048116,0.0215086322277784,3.60078477859497,3.6082314490689016,7.446670473931771
1841.3291336829618,0.0204288884997368,3.60078477859497,3.608228490013258,7.443711418288146
1842.3431275619216,0.0189892295747995,3.60078477859497,3.608216786121031,7.432007526061213
1843.3571072849218,0.0200689733028412,3.60078477859497,3.6082427812440567,7.4580026490869145
1844.3710962092916,0.0197090581059456,3.60078477859497,3.608248552896764,7.463774301794235
1845.3850759322918,0.0157499983906746,3.60078477859497,3.6081980619884075,7.41328339343772
1846.3990591942718,0.0197090581059456,3.60078477859497,3.6082568438146327,7.472065219662927
1847.4129999883717,0.0197090581059456,3.60094666481018,3.6082759076813153,7.329242871135122
1848.4282328681418,0.0207888018339872,3.60094666481018,3.608308489673487,7.361824863306943
1849.4423927257917,0.0222284607589245,3.60094666481018,3.6083482958987148,7.401631088534533
1850.4561958531317,0.0197090581059456,3.60078477859497,3.6083297269876713,7.544948392701478
1851.4702127355317,0.0193491447716951,3.60078477859497,3.608334624973064,7.549846378094305
1852.4841744096716,0.0200689733028412,3.60062289237976,3.608358140514148,7.735248134387973
1853.4981445773917,0.0215086322277784,3.60094666481018,3.6083927061131726,7.446041302992423
1854.5121416414418,0.0197090581059456,3.60094666481018,3.6083870773827753,7.44041257259509
1855.5263457364817,0.0218685455620289,3.60078477859497,3.608429390245474,7.644611650504007
1856.5404804672917,0.0186293143779039,3.60078477859497,3.6084006937942816,7.615915199311818
1857.5542655457716,0.0207888018339872,3.60094666481018,3.6084397490205937,7.493084210413503
1858.5683270194618,0.0197090581059456,3.60078477859497,3.60844163342195,7.656854826980197
1859.5822727681516,0.0204288884997368,3.60078477859497,3.608464365014685,7.679586419715001
1860.5885569548018,0.0211487170308828,3.60094666481018,3.6084889999376357,7.542335127455502
1861.5934379314517,0.0175495706498623,3.60078477859497,3.608454634883902,7.669856288932131
1862.6073387349418,0.0207888018339872,3.60094666481018,3.608506233135742,7.559568325561816
1863.6211761904917,0.0197090581059456,3.60094666481018,3.608506991156124,7.560326345943835
1864.6352992426316,0.0168297421187162,3.60094666481018,3.6084760836225045,7.529418812324273
1865.6492842741118,0.0200689733028412,3.60094666481018,3.6085268711884497,7.580206378269505
1866.6631227913617,0.0168297421187162,3.60094666481018,3.608494812109625,7.548147299444974
1867.6771159625216,0.0164698269218206,3.60078477859497,3.6084938741858306,7.709095590860748
1868.6910861302417,0.0171896573156118,3.60078477859497,3.6085138266959595,7.729048100989733
1869.7050916878818,0.0204288884997368,3.60094666481018,3.608570403743149,7.623738932968749
1870.7190554854117,0.0193491447716951,3.60094666481018,3.6085784417712814,7.631776961101178
1871.7330398091017,0.0215086322277784,3.60078477859497,3.6086237631359483,7.838984540978533
1872.7470276717718,0.0197090581059456,3.60094666481018,3.6086181490744518,7.671484264271555
1873.7609957161017,0.0189892295747995,3.60094666481018,3.608618730768076,7.672065957895935
1874.7763528144617,0.0182694010436535,3.60078477859497,3.608619026757351,7.834248162381208
1875.7889735648416,0.0186293143779039,3.60078477859497,3.608634957829547,7.850179234577315
1876.8029593041217,0.0193491447716951,3.60094666481018,3.608658537041857,7.711872231676686
1877.8168799259718,0.0197090581059456,3.60094666481018,3.608682346430095,7.735681619914558
1878.8309329060817,0.0218685455620289,3.60094666481018,3.6087194155915308,7.772750781350535
1879.8449041355018,0.0197090581059456,3.60094666481018,3.6087141791479085,7.767514337728265
1880.8588881052817,0.0179094858467579,3.60078477859497,3.6086997258853484,7.91494729037856
1881.8742338788818,0.0186293143779039,3.60078477859497,3.608717261734581,7.932483139611257
1882.8868542753617,0.0197090581059456,3.60078477859497,3.608746604574536,7.961825979566406
1883.9012367355517,0.0189892295747995,3.60078477859497,3.608749662101806,7.964883506835996
1884.9148268156216,0.0161099135875702,3.60094666481018,3.6087172463483688,7.770581538188548
1885.9288033535217,0.0193491447716951,3.60078477859497,3.6087697196873783,7.984941092408437
1886.9427915701017,0.0189892295747995,3.60078477859497,3.6087815376382886,7.996759043318757
1887.9567822639717,0.0153900841251016,3.60078477859497,3.608739782679587,7.955004084617023
1888.9720951249417,0.0121508529409766,3.60078477859497,3.6086900434843323,7.9052648893624955
1889.9847300312917,0.0179094858467579,3.60094666481018,3.6087733251458576,7.82666033567736
1890.9987143549718,0.0186293143779039,3.60094666481018,3.6088044897272704,7.857824917090195
1892.0127085878316,0.0193491447716951,3.60078477859497,3.6088331669510656,8.048388356095781
1893.0268925106218,0.0197090581059456,3.60094666481018,3.6088541129098823,7.907448099702119
1894.0406029163917,0.0168297421187162,3.60078477859497,3.6088286602094053,8.043881614435477
1895.0546682829718,0.0164698269218206,3.60078477859497,3.608828947541646,8.044168946676145
1896.0699825595416,0.0175495706498623,3.60078477859497,3.6088536040028614,8.068825407891556
1897.0826461317217,0.0171896573156118,3.60078477859497,3.60886096794963,8.076189354660368
1898.0965936498917,0.0182694010436535,3.60094666481018,3.60888921506585,7.942550255669811
1899.1105776196816,0.0193491447716951,3.60078477859497,3.608920092480894,8.135313885924145
1900.1245807000216,0.0193491447716951,3.60078477859497,3.6089381018071705,8.153323212200636
1901.1385869654516,0.0193491447716951,3.60094666481018,3.60895573631679,8.0090715066099
1902.1525394382118,0.0200689733028412,3.60094666481018,3.6089785163701444,8.03185155996422
1903.1678650395518,0.0189892295747995,3.60078477859497,3.6089802529867434,8.195474391773594
1904.1804992381017,0.0175495706498623,3.60094666481018,3.6089697997554517,8.023134945271515
1905.1944945326618,0.0175495706498623,3.60094666481018,3.6089793280175537,8.032663207373503
1906.2084696549716,0.0189892295747995,3.60094666481018,3.6090113903639844,8.06472555380422
1907.2224507935616,0.0193491447716951,3.60094666481018,3.609033682895714,8.087018085533693
1908.2364287470616,0.0193491447716951,3.60094666481018,3.6090493564335855,8.102691623405267
1909.2506169166418,0.0193491447716951,3.60078477859497,3.609061844684186,8.277066089215968
1910.2657443344717,0.0182694010436535,3.60094666481018,3.609060515193094,8.113850382913679
1911.2783930428816,0.0168297421187162,3.60078477859497,3.609048346392853,8.263567797883287
1912.2923826750616,0.0161099135875702,3.60078477859497,3.6090442137024157,8.259435107445867
1913.3064331778817,0.0164698269218206,3.60078477859497,3.6090562702353015,8.271491640331696
1914.3203187637116,0.0193491447716951,3.60078477859497,3.609107636941889,8.322858346919038
1915.3343232596417,0.0153900841251016,3.60078477859497,3.6090672009456517,8.282422350681884
1916.3482690083217,0.0143103403970599,3.60094666481018,3.6090528814548866,8.106216644706343
1917.3636476945317,0.0125107672065496,3.60094666481018,3.609029234219686,8.082569409505691
1918.3762535811518,0.0179094858467579,3.60078477859497,3.6091089818741566,8.324203279186815
1919.3902630316718,0.0182694010436535,3.60094666481018,3.609136990436297,8.190325626116657
1920.4041981633818,0.0175495706498623,3.60094666481018,3.6091434090996604,8.19674428948014
1921.4182384031217,0.0168297421187162,3.60094666481018,3.609144982458424,8.198317648243858
1922.4321887524918,0.0168297421187162,3.60094666481018,3.609156947222505,8.210282412324688
1923.4461483032417,0.0179094858467579,3.60094666481018,3.6091841997169563,8.237534906776034
1924.4615046938118,0.0171896573156118,3.60078477859497,3.6091863532149033,8.401574619933516
1925.4741392462518,0.0150301698595285,3.60078477859497,3.6091640369511295,8.379258356159713
1926.4881037515918,0.0175495706498623,3.60094666481018,3.609206925218249,8.26026040806882
1927.5021539005118,0.0164698269218206,3.60078477859497,3.6092074652117523,8.422686616782471
1928.5160681521718,0.0175495706498623,3.60094666481018,3.6092339746012487,8.287309791068509
1929.5300836189817,0.0161099135875702,3.60078477859497,3.6092266124195405,8.441833824570644
1930.5440527250016,0.0175495706498623,3.60094666481018,3.609257100877028,8.310436066847782
1931.5594076999716,0.0179094858467579,3.60094666481018,3.6092767957808625,8.330130970682248
1932.5720153560817,0.0168297421187162,3.60078477859497,3.6092763593826653,8.491580787695518
1933.5860212676116,0.0179094858467579,3.60078477859497,3.609303745750353,8.518967155383361
1934.5999797566617,0.0193491447716951,3.60094666481018,3.609340439222021,8.393774411840749
1935.6139916844818,0.0186293143779039,3.60078477859497,3.6093481491703603,8.563370575390472
1936.6279544203217,0.0164698269218206,3.60094666481018,3.6093291868964257,8.382522086245459
1937.6419405135016,0.0168297421187162,3.60094666481018,3.609341173407806,8.394508597625805
1938.6572523127818,0.0168297421187162,3.60094666481018,3.609352399522191,8.40573471201056
1939.6699300409116,0.0175495706498623,3.60110855102539,3.609372627308514,8.264076283123867
1940.6838588024416,0.0164698269218206,3.60078477859497,3.6093699478638968,8.58516926892694
1941.6979029350716,0.0157499983906746,3.60094666481018,3.60936739565679,8.420730846609992
1942.7118348816916,0.0150301698595285,3.60094666481018,3.609365817487101,8.419152676920838
1943.7258489329017,0.0193491447716951,3.60110855102539,3.609434731455609,8.3261804302186
1944.7397890191917,0.0153900841251016,3.60094666481018,3.6093985080918003,8.451843281620075
1945.7551737216918,0.0125107672065496,3.60094666481018,3.609360306610518,8.413641800337768
1946.7677796083117,0.0175495706498623,3.60078477859497,3.6094359394641815,8.651160869211694
1947.7817897666316,0.0179094858467579,3.60094666481018,3.609460241106588,8.513576296407699
1948.7957652428317,0.0161099135875702,3.60078477859497,3.609449813324991,8.665034730021226
1949.8097463814318,0.0164698269218206,3.60078477859497,3.609463168496177,8.678389901207062
1950.8257850895018,0.0157499983906746,3.60078477859497,3.6094659874780324,8.681208883062563
1951.8377252918717,0.0175495706498623,3.60094666481018,3.6095019171110465,8.55525230086629
1952.8530197500918,0.0157499983906746,3.60094666481018,3.609488679844776,8.542015034595618
1953.8656886307517,0.0150301698595285,3.60078477859497,3.6094865096368647,8.701731041894867
1954.8796166844818,0.0153900841251016,3.60094666481018,3.6094990107415215,8.552345931341243
1955.8939683554518,0.0164698269218206,3.60078477859497,3.6095242607998017,8.739482204831894
1956.9079363997716,0.0157499983906746,3.60094666481018,3.609527650484961,8.580985674780717
1957.9216181397117,0.0164698269218206,3.60094666481018,3.609548651890724,8.601987080543605
1958.9355840606418,0.0168297421187162,3.60094666481018,3.6095658301819116,8.619165371731352
1959.9509397434117,0.0157499983906746,3.60078477859497,3.609565707539487,8.780928944517097
1960.9635558931018,0.0182694010436535,3.60094666481018,3.6096112808036,8.664615993419833
1961.9775451713817,0.0168297421187162,3.60094666481018,3.6096090855291347,8.662420718954511
1962.9915100306116,0.0179094858467579,3.60094666481018,3.6096368126312015,8.690147821021288
1964.0055329293018,0.0161099135875702,3.60078477859497,3.6096243326879867,8.839554093016844
1965.0194808013716,0.0164698269218206,3.60094666481018,3.609638244814475,8.691580004294597
1966.0334736186417,0.0168297421187162,3.60094666481018,3.609655220156402,8.708555346221836
1967.0488328404017,0.0168297421187162,3.60094666481018,3.60966782184873,8.721157038549698
1968.0614443894017,0.0168297421187162,3.60094666481018,3.609678908318717,8.73224350853663
1969.0753972160617,0.0153900841251016,3.60078477859497,3.609667335399675,8.882556804705288
1970.0894130367717,0.0125107672065496,3.60078477859497,3.6096293063359877,8.844527741017849
1971.1035736022118,0.0153900841251016,3.60094666481018,3.609675081472358,8.728416662177718
1972.1173795607417,0.0179094858467579,3.60078477859497,3.6097249188206058,8.94014022563594
1973.1313401731918,0.0143103403970599,3.60094666481018,3.6096876472512194,8.740982441039158
1974.1467475252316,0.011071109212935,3.60078477859497,3.609640681972989,8.855903378019114
1975.1593102361517,0.0153900841251016,3.60094666481018,3.609703159945301,8.75649513512089
1976.1733172093816,0.0164698269218206,3.60094666481018,3.609734908045062,8.788243234881588
1977.1872845459118,0.0146702546626329,3.60094666481018,3.609724342582372,8.77767777219196
1978.2013024900116,0.0153900841251016,3.60078477859497,3.609741268092984,8.956489498014086
1979.2152662875417,0.0125107672065496,3.60094666481018,3.6097095256050897,8.76286079490951
1980.2292407020518,0.0153900841251016,3.60078477859497,3.6097549615824196,8.970182987449782
1981.2445917841417,0.0153900841251016,3.60078477859497,3.609769169225197,8.984390630227157
1982.2572157196116,0.0135905109345913,3.60062289237976,3.609754051608991,9.131159229231134
1983.2711582832017,0.0164698269218206,3.60078477859497,3.609804867126657,9.020088531687342
1984.2851847208817,0.0175495706498623,3.60078477859497,3.609838664978868,9.053886383898035
1985.2992207138318,0.0175495706498623,3.60078477859497,3.609854777862854,9.06999926788421
1986.3131466441616,0.0153900841251016,3.60094666481018,3.609840664141667,8.893999331486935
1987.3270962857316,0.0161099135875702,3.60078477859497,3.609856524178677,9.07174558370727
1988.3424551536018,0.0143103403970599,3.60078477859497,3.609841670898398,9.05689230342821
1989.3550921833316,0.0139504261314869,3.60094666481018,3.6098400225979166,8.893357787736367
1990.3690733219316,0.0128706824034452,3.60078477859497,3.609831477180696,9.046698585726265
1991.3830463208417,0.0153900841251016,3.60094666481018,3.609874330797793,8.927665987612965
1992.3970547096617,0.0139504261314869,3.60094666481018,3.6098651038434433,8.91843903326306
1993.4110107214217,0.0150301698595285,3.60078477859497,3.6098877735095947,9.102994914624851
1994.4250067237717,0.0143103403970599,3.60094666481018,3.6098897775097414,8.943112699561162
1995.4403245393416,0.0153900841251016,3.60078477859497,3.6099153978172636,9.130619222293745
1996.4529803257317,0.0153900841251016,3.60094666481018,3.609927669599454,8.981004789273772
1997.4669600487316,0.0143103403970599,3.60078477859497,3.6099225100374817,9.137731442511843
1998.4809496809016,0.0139504261314869,3.60078477859497,3.609924645876189,9.139867281219072
1999.4951261718118,0.0161099135875702,3.60094666481018,3.609966507790247,9.019842980066972
2000.5089091268917,0.0146702546626329,3.60078477859497,3.6099595289544517,9.174750359481898
2001.5228821258017,0.0150301698595285,3.60078477859497,3.6099735010668828,9.188722471912936
2002.5382293150017,0.0146702546626329,3.60094666481018,3.6099796234164017,9.032958606221442
2003.5508631596417,0.0150301698595285,3.60078477859497,3.609994816119874,9.210037524904013
2004.5648531457116,0.0153900841251016,3.60094666481018,3.610010423921855,9.063759111674674
2005.5788084496717,0.0150301698595285,3.60078477859497,3.610016943737962,9.232165142992077
2006.5930330708618,0.0143103403970599,3.60078477859497,3.6100160095136333,9.231230918663513
2007.6244840855618,0.0161099135875702,3.60078477859497,3.6100519776834084,9.267199088438538
2008.6375981713118,0.0153900841251016,3.60094666481018,3.610056789994286,9.110125184105922
2009.6515301179218,0.0150301698595285,3.60094666481018,3.610061033883814,9.114369073633721
2010.6655544322116,0.0143103403970599,3.60110855102539,3.610061004774419,8.952453749028866
2011.6795380480917,0.0146702546626329,3.60078477859497,3.6100739825540598,9.289203959089942
2012.6937046298217,0.0139504261314869,3.60094666481018,3.6100736878159934,9.12702300581314
2013.7074631658718,0.0146702546626329,3.60094666481018,3.6100904640229388,9.143799212758541
2014.7214938503416,0.0139504261314869,3.60094666481018,3.6100920584646,9.145393654419909
2015.7355309049917,0.0168297421187162,3.60078477859497,3.6101445119836595,9.359733388689673
2016.7494366630717,0.0161099135875702,3.60094666481018,3.610152964746212,9.206299936031836
2017.7634008145117,0.0168297421187162,3.60094666481018,3.610176226442987,9.22956163280686
2018.7774392847616,0.0139504261314869,3.60078477859497,3.610146246659535,9.36146806456506
2019.7915471192416,0.0146702546626329,3.60078477859497,3.6101611516239043,9.37637302893446
2020.8054539390116,0.0139504261314869,3.60094666481018,3.610159744471812,9.213079661631873
2021.8193550964118,0.0135905109345913,3.60078477859497,3.6101616325119137,9.376853916943872
2022.8333783489918,0.0161099135875702,3.60078477859497,3.610207930923238,9.42315232826818
2023.8472993247317,0.0146702546626329,3.60094666481018,3.6102016532556793,9.254988445499102
2024.8613101908518,0.0128706824034452,3.60094666481018,3.610182430665731,9.23576585555086
2025.8753100861018,0.011071109212935,3.60094666481018,3.6101581779524863,9.21151314230606
2026.8894674664516,0.0132305966690183,3.60094666481018,3.6101913204386795,9.244655628499299
2027.9036361715816,0.0153900841251016,3.60094666481018,3.6102337036398393,9.287038829659089
2028.9172662422518,0.0150301698595285,3.60078477859497,3.610245980357149,9.46120176217935
2029.9312434879516,0.0150301698595285,3.60094666481018,3.61025903220281,9.312367392629639
2030.9452193180516,0.0153900841251016,3.60078477859497,3.6102745216497576,9.48974305478778
2031.9592531876117,0.0135905109345913,3.60078477859497,3.6102621129561774,9.477334361207568
2032.9732130922616,0.0153900841251016,3.60078477859497,3.610295074479741,9.510295884771036
2033.9873219884316,0.0146702546626329,3.60094666481018,3.6102987168337513,9.352052023571034
2035.0011796162316,0.0157499983906746,3.60078477859497,3.6103254577695147,9.54067917454493
2036.0151324429016,0.0164698269218206,3.60078477859497,3.6103492938681097,9.56451527313984
2037.0291744521417,0.0135905109345913,3.60094666481018,3.610320629889303,9.373965079122915
2038.0430894116016,0.0132305966690183,3.60078477859497,3.6103189765718886,9.53419797691879
2039.0570882451416,0.0135905109345913,3.60078477859497,3.6103300654172945,9.545286822324694
2040.0710619518618,0.0135905109345913,3.60094666481018,3.610338911794065,9.392246983884966
2041.0846339830716,0.0139504261314869,3.60094666481018,3.6103527344677637,9.406069657583505
2042.0990054723918,0.0135905109345913,3.60094666481018,3.6103594340680596,9.412769257879372
2043.1130209391918,0.0153900841251016,3.60094666481018,3.610393944135581,9.447279325400793
2044.1270257890317,0.0153900841251016,3.60078477859497,3.610408910873085,9.624132278115205
2045.1409683526217,0.0146702546626329,3.60078477859497,3.610412431533119,9.627652938149378
2046.1549498451118,0.0157499983906746,3.60094666481018,3.610438784514095,9.492119703914614
2047.1689638963219,0.0161099135875702,3.60078477859497,3.6104582442901734,9.673465695203554
2048.1830957959414,0.0153900841251016,3.60094666481018,3.610460306549479,9.513641739298695
2049.1969106019415,0.0135905109345913,3.60094666481018,3.610442696818595,9.496032008414979
2050.2108814774615,0.0132305966690183,3.60078477859497,3.610442320707297,9.657542112327278
2051.2249602922116,0.0153900841251016,3.60094666481018,3.6104829440806814,9.536279270501158
2052.2388465858417,0.0157499983906746,3.60078477859497,3.6105026556429656,9.71787704799576
2053.2529020432517,0.0146702546626329,3.60094666481018,3.610500605228348,9.553940418167706
2054.2668385905513,0.0153900841251016,3.60078477859497,3.610519501684477,9.734723089507291
2055.2809814610414,0.0143103403970599,3.60094666481018,3.6105165099735723,9.569845163392099
2056.2949827718817,0.0150301698595285,3.60094666481018,3.6105335602425317,9.586895432351472
2057.3087851914215,0.0125107672065496,3.60094666481018,3.6105057874051543,9.559122594974045
2058.3228353403415,0.011071109212935,3.60078477859497,3.610485959412647,9.701180817677013
2059.3368833658715,0.0135905109345913,3.60094666481018,3.610526372519286,9.579707709105989
2060.3507912473415,0.0164698269218206,3.60094666481018,3.610582317150416,9.63565234023589
2061.3647415967116,0.0153900841251016,3.60094666481018,3.610585749692363,9.63908488218257
2062.3788742041315,0.0132305966690183,3.60094666481018,3.6105649394491532,9.618274638973023
2063.3920619008913,0.0139504261314869,3.60094666481018,3.610579564125432,9.632899315251908
2064.4066613012515,0.0135905109345913,3.60094666481018,3.6105834137165824,9.636748906402204
2065.4206870311314,0.0125107672065496,3.60094666481018,3.6105761243849965,9.629459574816313
2066.4346118997614,0.0135905109345913,3.60094666481018,3.610596319742091,9.649654931910945
2067.4486585096915,0.011071109212935,3.60094666481018,3.6105659444242892,9.619279614109022
2068.4626244306214,0.0096314512193203,3.60078477859497,3.610546410825283,9.761632230313122
2069.4767542068416,0.011071109212935,3.60062289237976,3.610566709781658,9.94381740189798
2070.4905371619316,0.0125107672065496,3.60078477859497,3.610596103355516,9.811324760546025
2071.5045664308013,0.0143103403970599,3.60078477859497,3.6106339548019912,9.849176207021415
2072.5185387219217,0.0132305966690183,3.60078477859497,3.6106332449462233,9.848466351253471
2073.5325241073015,0.0161099135875702,3.60094666481018,3.610686581425008,9.73991661482776
2074.5459733355215,0.0143103403970599,3.60078477859497,3.610679538273662,9.894759678692022
2075.5604849688916,0.0139504261314869,3.60094666481018,3.6106831127766394,9.736447966459227
2076.5746405797513,0.0125107672065496,3.60094666481018,3.6106710839785157,9.72441916833544
2077.5885067011313,0.0121508529409766,3.60078477859497,3.610670156044504,9.885377449533994
2078.6024329853517,0.0125107672065496,3.60078477859497,3.610682592832287,9.89781423731717
2079.6164357117914,0.0146702546626329,3.60078477859497,3.6107226350593793,9.937856464409478
2080.6303772136816,0.0143103403970599,3.60078477859497,3.6107329697568136,9.948191161843756
2081.6443615373714,0.0143103403970599,3.60110855102539,3.610742655860508,9.634104835117618
2082.6583646177114,0.0132305966690183,3.60094666481018,3.6107382637222623,9.791598912082033
2083.6725389852213,0.0135905109345913,3.60078477859497,3.6107510769832794,9.966298388309536
2084.6863109694314,0.0135905109345913,3.60078477859497,3.6107621390719573,9.977360476987496
2085.7003784594117,0.0139504261314869,3.60078477859497,3.610775361733883,9.990583138913323
2086.7143210230015,0.0103512806817889,3.60078477859497,3.61073119499046,9.94641639549032
2087.7282950836116,0.0135905109345913,3.60078477859497,3.6107787133021234,9.993934707153596
2088.7422776378016,0.011431023478508,3.60094666481018,3.6107584991800947,9.811834369914507
2089.7562591302913,0.0099913654848933,3.60078477859497,3.610739286090307,9.954507495337328
2090.7704136794514,0.0092715369537472,3.60078477859497,3.6107316986569202,9.946920061950415
2091.7842206996816,0.0143103403970599,3.60094666481018,3.6108053812335705,9.858716423390312
2092.7982768648812,0.0139504261314869,3.60094666481018,3.610820407886894,9.873743076713737
2093.8122477404013,0.0150301698595285,3.60094666481018,3.6108514760764696,9.904811266289393
2094.8261478360914,0.0125107672065496,3.60094666481018,3.6108278618784317,9.881197068251524
2095.8401480852413,0.0128706824034452,3.60078477859497,3.610837328730741,10.05255013577111
2096.8541430259015,0.0117909386754036,3.60094666481018,3.6108294789024464,9.882814092266212
2097.8682883736815,0.0135905109345913,3.60078477859497,3.610863889007383,10.079110412413161
2098.8821049491817,0.0125107672065496,3.60094666481018,3.61086021623565,9.913551425469791
2099.8965132440117,0.0128706824034452,3.60094666481018,3.610873651858232,9.926987048051839
2100.9101012006813,0.0139504261314869,3.60094666481018,3.610900167864169,9.953503053988566
2101.9240405791816,0.0146702546626329,3.60078477859497,3.6109215316860137,10.136753091043893
2102.9380563998916,0.0121508529409766,3.60078477859497,3.6108994381847572,10.114659589787411
2103.9520414313715,0.0135905109345913,3.60078477859497,3.610925176130447,10.140397535477241
2104.9661991656217,0.0125107672065496,3.60078477859497,3.6109190920478818,10.134313452911936
2105.9799821207116,0.0121508529409766,3.60094666481018,3.6109202071483444,9.973542338164165
2106.9939579508114,0.0121508529409766,3.60094666481018,3.610928649344048,9.98198453386756
2108.0082445043513,0.0135905109345913,3.60094666481018,3.610958292373501,10.011627563320857
2109.0219227052917,0.0132305966690183,3.60094666481018,3.610965723681468,10.019058871287623
2110.0354165248013,0.0135905109345913,3.60094666481018,3.610979868136814,10.03320332663371
2111.0499504538216,0.0135905109345913,3.60078477859497,3.610991304077808,10.206525482838291
2112.0640586421914,0.0135905109345913,3.60094666481018,3.6110013976582787,10.054732848098435
2113.0778546915417,0.0132305966690183,3.60094666481018,3.6110061632964126,10.059498486232332
2114.0918499861014,0.0135905109345913,3.60094666481018,3.611018461973619,10.071797163438756
2115.1058498813513,0.0125107672065496,3.60094666481018,3.611017153176728,10.070488366547892
2116.1198204029715,0.0132305966690183,3.60094666481018,3.6110328151351556,10.086150324975396
2117.1337987103716,0.0153900841251016,3.60078477859497,3.6110766884743195,10.291909879349692
2118.1478364728214,0.0143103403970599,3.60078477859497,3.611077410455356,10.292631860385981
2119.1619372293117,0.0143103403970599,3.60078477859497,3.611086771270417,10.301992675447291
2120.1757392949517,0.0121508529409766,3.60078477859497,3.6110637878317706,10.279009236800807
2121.1897335278113,0.0103512806817889,3.60078477859497,3.6110398929135727,10.255114318602931
2122.2032599060417,0.0117909386754036,3.60078477859497,3.6110611252603566,10.276346665386793
2123.2124927801515,0.0117909386754036,3.60094666481018,3.6110686957305766,10.12203092039643
2124.2155019843613,0.0153900841251016,3.60110855102539,3.6111309911514344,10.022440126044252
2125.2175446900715,0.0150301698595285,3.60094666481018,3.611146310630138,10.199645819957581
2126.2266211407814,0.0125107672065496,3.60094666481018,3.611120453417371,10.173788607190648
2127.2275933016613,0.0128706824034452,3.60078477859497,3.6111327546931533,10.347976098183498
2128.2486552538217,0.0143103403970599,3.60094666481018,3.611160380211024,10.213715400843704
2129.2596887666514,0.0117909386754036,3.60094666481018,3.6111377246741743,10.191059863994045
2130.2668088630217,0.0139504261314869,3.60094666481018,3.611172616292074,10.225951481893869
2131.2756234283816,0.0117909386754036,3.60094666481018,3.6111530388217785,10.206374011598296
2132.2788527578414,0.0139504261314869,3.60094666481018,3.6111915338420966,10.244869031916348
2133.2809577498015,0.0132305966690183,3.60078477859497,3.611193175984833,10.408397389863211
2134.2909766338616,0.0117909386754036,3.60078477859497,3.611180387131487,10.39560853651711
2135.3009325238713,0.0121508529409766,3.60094666481018,3.6111902390033195,10.24357419313926
2136.3039629620316,0.0125107672065496,3.60094666481018,3.6112033816054856,10.256716795305376
2137.3150424817413,0.0128706824034452,3.60094666481018,3.6112165588128167,10.269894002636448
2138.3220482687016,0.011431023478508,3.60078477859497,3.611205433359224,10.420654764254245
2139.3320926334914,0.0125107672065496,3.60094666481018,3.611225457370181,10.278792560000749
2140.3389915429216,0.0125107672065496,3.60078477859497,3.6112361164575217,10.451337862551924
2141.3441528076714,0.0132305966690183,3.60094666481018,3.6112567288116066,10.310064001426422
2142.3473831988313,0.0135905109345913,3.60094666481018,3.6112723685039314,10.325703693751187
2143.3613519509513,0.0128706824034452,3.60094666481018,3.611273640007685,10.326975197504584
2144.3643027618014,0.0128706824034452,3.60110855102539,3.611282788205737,10.174237180346601
2145.3753893595017,0.0135905109345913,3.60094666481018,3.6113013966500356,10.354731839855358
2146.3763569196913,0.0128706824034452,3.60078477859497,3.6113017143798234,10.516935784853576
2147.3824004549515,0.011071109212935,3.60078477859497,3.611282253093226,10.49747449825622
2148.3854790233813,0.0117909386754036,3.60078477859497,3.611295331946252,10.510553351282148
2149.3954979074415,0.0117909386754036,3.60094666481018,3.6113033078381376,10.356643027957357
2150.4055351942516,0.0128706824034452,3.60078477859497,3.6113279180487727,10.543139453802919
2151.4076469102915,0.0125107672065496,3.60078477859497,3.6113329304619635,10.54815186699365
2152.4126245014013,0.011431023478508,3.60094666481018,3.6113242067437246,10.377541933544343
2153.4206286377716,0.0125107672065496,3.60110855102539,3.611346638672228,10.238087646837979
2154.4297291536213,0.011431023478508,3.60078477859497,3.611340648577223,10.555869982252997
2155.4307342271213,0.0125107672065496,3.60094666481018,3.611361619769899,10.41495495971878
2156.4387539350514,0.0121508529409766,3.60094666481018,3.6113664955560525,10.419830745872272
2157.4387988802414,0.0132305966690183,3.60094666481018,3.6113925701984386,10.445905388258403
2158.4488411216416,0.0139504261314869,3.60094666481018,3.6114146488994017,10.46798408922145
2159.4529130849014,0.0121508529409766,3.60078477859497,3.6114007677800752,10.615989185105423
2160.4589704222217,0.0121508529409766,3.60078477859497,3.611405942068522,10.62116347355202
2161.4609752607316,0.0117909386754036,3.60078477859497,3.611408117628499,10.623339033529078
2162.4710868663515,0.0121508529409766,3.60078477859497,3.6114206417495063,10.635863154536462
2163.4820499532616,0.0121508529409766,3.60094666481018,3.6114295456667973,10.482880856617083
2164.4841429126514,0.0125107672065496,3.60078477859497,3.611442369657966,10.657591062996019
2165.4891442150015,0.0121508529409766,3.60094666481018,3.6114463176972293,10.499652887049127
2166.4911536542013,0.011431023478508,3.60094666481018,3.611443151344948,10.496486534767868
2167.4952539293913,0.011431023478508,3.60094666481018,3.6114486800897367,10.50201527955652
2168.5066678837716,0.011431023478508,3.60094666481018,3.611455457124105,10.508792313924875
2169.5162893391216,0.011431023478508,3.60094666481018,3.611462038282227,10.515373472046896
2170.5233032657616,0.011431023478508,3.60078477859497,3.6114673926608547,10.682614065884888
2171.5314103867713,0.0103512806817889,3.60094666481018,3.6114634070246314,10.516742214451202
2172.5423787821614,0.011071109212935,3.60078477859497,3.611474142237971,10.689363643001215
2173.5474646664015,0.011071109212935,3.60094666481018,3.6114816020287126,10.53493721853238
2174.5474667898015,0.011071109212935,3.60094666481018,3.6114884322202867,10.541767410106484
2175.5575256644615,0.0107111949473619,3.60094666481018,3.6114920062911264,10.545341480946213
2176.5688164619514,0.011071109212935,3.60094666481018,3.6115020629967307,10.555398186550491
2177.5725359416915,0.0103512806817889,3.60094666481018,3.6115031745678894,10.556509757709165
2178.5836285556716,0.011431023478508,3.60094666481018,3.6115169868050496,10.570321994869403
2179.5915229833213,0.0099913654848933,3.60094666481018,3.6115091926281777,10.562527817997491
2180.5947172767615,0.0121508529409766,3.60094666481018,3.6115452794239595,10.598614613779311
2181.5957333211313,0.011431023478508,3.60094666481018,3.6115465011737546,10.599836363574422
2182.5988295845314,0.0117909386754036,3.60094666481018,3.6115583513845815,10.611686574401258
2183.6067862984214,0.0107111949473619,3.60078477859497,3.611551036897533,10.76625830256317
2184.6193182201214,0.0096314512193203,3.60078477859497,3.6115421484650296,10.757369870059819
2185.6332699850814,0.011071109212935,3.60078477859497,3.611564876722765,10.780098127795235
2186.6486423011115,0.0099913654848933,3.60078477859497,3.6115588677273824,10.774089132412623
2187.6677135707314,0.0117909386754036,3.60078477859497,3.6115916842947575,10.806905699787706
2188.6780088500013,0.0135905109345913,3.60094666481018,3.611631226266215,10.684561456034913
2189.6840375214915,0.011431023478508,3.60078477859497,3.6116135127457487,10.828734150778896
2190.6911002862116,0.011071109212935,3.60094666481018,3.611614569333276,10.66790452309574
2191.6930955694415,0.0117909386754036,3.60094666481018,3.6116307912904664,10.68412648028616
2192.7002054027416,0.011431023478508,3.60094666481018,3.6116345976195547,10.687932809374523
2193.7002698123815,0.0107111949473619,3.60094666481018,3.6116290655873287,10.682400777148437
2194.7062638017615,0.007471963763237,3.60094666481018,3.6115868779486595,10.640213138479293
2195.7143220847015,0.0103512806817889,3.60094666481018,3.6116248621794,10.6781973692196
2196.7225682880717,0.0107111949473619,3.60078477859497,3.611639410527364,10.85463193239411
2197.7379342339113,0.0096314512193203,3.60094666481018,3.6116316966641766,10.685031853996385
2198.7505454290113,0.0085517074912786,3.60078477859497,3.611618788571792,10.834009976822045
2199.7645141811413,0.00783187802881,3.60094666481018,3.61160870095525,10.662036145069997
2200.7785062906014,0.007471963763237,3.60094666481018,3.6116061583407033,10.65949353052309
2201.7939185972314,0.011071109212935,3.60110855102539,3.6116595135666336,10.550962541243436
2202.8064862627416,0.0117909386754036,3.60078477859497,3.6116862993444863,10.901520749516447
2203.8204674013414,0.0121508529409766,3.60094666481018,3.611705225603746,10.758560793565852
2204.8359933095817,0.0117909386754036,3.60094666481018,3.61171235758896,10.765692778779812
2205.8484176459515,0.011071109212935,3.60094666481018,3.611709489371076,10.762824560895723
2206.8624051547313,0.0089116217568516,3.60078477859497,3.611688734206382,10.903955611412108
2207.8764008031817,0.0099913654848933,3.60078477859497,3.611703761607598,10.918983012628392
2208.8907634450316,0.0107111949473619,3.60110855102539,3.6117218049408697,10.613253915479515
2209.9043496322015,0.011071109212935,3.60094666481018,3.611737248239038,10.790583428857747
2210.9183466962613,0.0125107672065496,3.60078477859497,3.61176995186396,10.985173268990067
2211.9506845821516,0.0139504261314869,3.60094666481018,3.6118050301642333,10.858365354053046
2212.9619074310117,0.0096314512193203,3.60094666481018,3.611755186256625,10.808521446444619
2213.9758800760214,0.0099913654848933,3.60078477859497,3.6117597345994294,10.974956004459635
2214.9912467296613,0.0099913654848933,3.60110855102539,3.6117644719234385,10.655920898048343
2216.0038717268317,0.0099913654848933,3.60094666481018,3.61177125690693,10.824592096749797
2217.0178362321712,0.0107111949473619,3.60094666481018,3.6117852767824936,10.838611972313394
2218.0318219714513,0.0096314512193203,3.60078477859497,3.611781705126741,10.996926531771312
2219.0457935547615,0.0117909386754036,3.60094666481018,3.6118175870929603,10.870922282780082
2220.0598019435915,0.011071109212935,3.60094666481018,3.6118189921601807,10.872327350000432
2221.0737820204813,0.0107111949473619,3.60094666481018,3.6118210856764885,10.874420866308299
2222.0891267323814,0.0107111949473619,3.60094666481018,3.6118287726050258,10.882107794845552
2223.1017255410216,0.011071109212935,3.60078477859497,3.6118419735764093,11.057194981439533
2224.1157204816714,0.011431023478508,3.60094666481018,3.6118546928433344,10.90802803315416
2225.1297203769213,0.0107111949473619,3.60094666481018,3.6118543702582357,10.907705448055527
2226.1436877134515,0.0107111949473619,3.60078477859497,3.6118622222162298,11.077443621259953
2227.1576684981414,0.0117909386754036,3.60094666481018,3.6118874024769134,10.940737666733202
2228.1716648543916,0.0132305966690183,3.60094666481018,3.611917998089535,10.971333279354845
2229.1870223066617,0.011431023478508,3.60094666481018,3.611906234385055,10.959569574874983
2230.1997789543016,0.0107111949473619,3.60094666481018,3.611901580311704,10.954915501523832
2231.2136079162715,0.0107111949473619,3.60078477859497,3.6119056578745377,11.120879279567841
2232.2275841002815,0.0099913654848933,3.60094666481018,3.6119013507446005,10.954685934420283
2233.2416172620415,0.0096314512193203,3.60078477859497,3.6118995384733057,11.114759878335878
2234.2556072481116,0.0092715369537472,3.60094666481018,3.6119000626658577,10.953397855677505
2235.2695331784416,0.011431023478508,3.60094666481018,3.6119369325254502,10.990267715270008
2236.2848987703915,0.0121508529409766,3.60078477859497,3.611960025814732,11.175247219762152
2237.2977392921216,0.0121508529409766,3.60078477859497,3.611970570526562,11.185791931592082
2238.3114903962814,0.0099913654848933,3.60078477859497,3.611948884376838,11.164105781868106
2239.3254637491013,0.011431023478508,3.60094666481018,3.611975411070604,11.028746260423716
2240.3394703684316,0.0099913654848933,3.60078477859497,3.611961661351779,11.176882756809281
2241.3534433673417,0.00783187802881,3.60078477859497,3.611931620126611,11.14684153164136
2242.3674237981313,0.0107111949473619,3.60094666481018,3.6119751949366816,11.028530126501401
2243.3827642632414,0.0132305966690183,3.60094666481018,3.612025290668203,11.078625858022662
2244.3953874909116,0.0107111949473619,3.60094666481018,3.612005558167511,11.058893357330568
2245.3958963978516,0.0121508529409766,3.60094666481018,3.6120317847759336,11.085119965753343
2246.4077601580116,0.0089116217568516,3.60078477859497,3.6119943466520965,11.209568057126695
2247.4231176102817,0.0107111949473619,3.60094666481018,3.6120211742568142,11.074509446634018
2248.4357238507914,0.0096314512193203,3.60094666481018,3.6120128413524966,11.066176542316342
2249.4497064049815,0.0096314512193203,3.60078477859497,3.612018186710072,11.233408115101984
2250.4636818811914,0.011071109212935,3.60078477859497,3.6120448133304803,11.260034735510516
2251.4776676204715,0.0107111949473619,3.60078477859497,3.6120499491368387,11.26517054186893
2252.4916653923215,0.0103512806817889,3.60078477859497,3.612052123680819,11.267345085849367
2253.5056440536214,0.0107111949473619,3.60078477859497,3.6120626661172537,11.27788752228387
2254.5209923045113,0.0092715369537472,3.60094666481018,3.6120539626278783,11.107297817698036
2255.5335967755314,0.011431023478508,3.60094666481018,3.612086777891563,11.14011308138263
2256.5475977324713,0.0107111949473619,3.60110855102539,3.6120880146216447,10.979463596254568
2257.5615668384917,0.0103512806817889,3.60078477859497,3.6120891958314068,11.304417236436937
2258.5755600096613,0.0096314512193203,3.60094666481018,3.6120851131425415,11.138448332361328
2259.5895563659114,0.011431023478508,3.60094666481018,3.612116422992071,11.16975818189081
2260.6035159166613,0.0099913654848933,3.60094666481018,3.612107451828464,11.160787018283713
2261.6188800930113,0.0121508529409766,3.60078477859497,3.6121454644257285,11.360685830758666
2262.6315065057715,0.0089116217568516,3.60078477859497,3.6121079487118397,11.323170116869896
2263.6454741962016,0.0107111949473619,3.60078477859497,3.612136784325679,11.35200573070927
2264.6594461334116,0.0107111949473619,3.60078477859497,3.6121462272393208,11.361448644350958
2265.6734403662713,0.0107111949473619,3.60078477859497,3.6121571485024724,11.372369907502566
2266.6874041638116,0.0121508529409766,3.60094666481018,3.6121834478131407,11.236783002960493
2267.7014160916315,0.0099913654848933,3.60094666481018,3.612164276850999,11.217612040818725
2268.7167303682013,0.0089116217568516,3.60094666481018,3.6121538121715844,11.207147361404157
2269.7295687665414,0.0103512806817889,3.60094666481018,3.6121749975815582,11.228332771378025
2270.7433280103814,0.0081917932257056,3.60078477859497,3.612149433822045,11.364655227075193
2271.7573314446213,0.0067521347664296,3.60094666481018,3.612127029186387,11.180364376206953
2272.7712991350413,0.0063922200351953,3.60094666481018,3.6121204273028455,11.173762492665329
2273.7853007997915,0.0092715369537472,3.60078477859497,3.6121618817489405,11.377103153970669
2274.7992564576416,0.0092715369537472,3.60094666481018,3.6121731565170836,11.226491706903374
2275.8146206339916,0.0117909386754036,3.60094666481018,3.6122200398234714,11.273375013291176
2276.8271999781714,0.0125107672065496,3.60078477859497,3.6122456041590163,11.460825564046484
2277.8414327390415,0.0107111949473619,3.60094666481018,3.612235075063309,11.288410253128767
2278.8552659478014,0.0117909386754036,3.60094666481018,3.6122583341597916,11.311669349611364
2279.8692028490013,0.0103512806817889,3.60094666481018,3.6122472327027917,11.300567892611468
2280.8831574451615,0.0096314512193203,3.60078477859497,3.6122419383423985,11.457159747428669
2281.8975728179716,0.0096314512193203,3.60094666481018,3.6122457342399383,11.299069429758113
2282.9124677240916,0.0096314512193203,3.60094666481018,3.6122532818420443,11.306617031864086
2283.9251316501613,0.0121508529409766,3.60094666481018,3.612295913352035,11.349248541854706
2284.9390894314115,0.0103512806817889,3.60078477859497,3.612283459900873,11.498681305903258
2285.9530744629014,0.0103512806817889,3.60078477859497,3.6122891602777516,11.504381682781784
2286.9672201645812,0.0099913654848933,3.60094666481018,3.612291474004865,11.344809194684835
2287.9810636364214,0.0103512806817889,3.60094666481018,3.612299702572305,11.353037762124707
2288.9950150474815,0.0096314512193203,3.60094666481018,3.612296652074689,11.349987264508865
2290.0104135520514,0.0081917932257056,3.60094666481018,3.612280526625655,11.333861815474577
2291.0229730778815,0.0092715369537472,3.60094666481018,3.612297850594908,11.351185784727935
2292.0369828823013,0.0089116217568516,3.60078477859497,3.612297117720701,11.512339125731241
2293.0509572968112,0.005672391038388,3.60078477859497,3.6122511839897156,11.466405394745749
2294.0649508218717,0.005672391038388,3.60094666481018,3.612245486917733,11.29882210755273
2295.0789064797314,0.00783187802881,3.60094666481018,3.6122778955240817,11.331230713901519
2296.0929499045615,0.0107111949473619,3.60078477859497,3.6123290140562645,11.544235461294683
2297.1083508864212,0.0107111949473619,3.60094666481018,3.6123451095154926,11.398444705312372
2298.1208888244114,0.011071109212935,3.60078477859497,3.612362452680351,11.57767408538124
2299.1348427127714,0.011071109212935,3.60110855102539,3.6123728499639345,11.264298938544304
2300.1488557022813,0.0096314512193203,3.60094666481018,3.612361428306505,11.414763496324642
2301.1627904800916,0.0081917932257056,3.60078477859497,3.612345253449455,11.560474854485303
2302.1768158560712,0.0081917932257056,3.60078477859497,3.6123457606188096,11.560982023839816
2303.1908065499415,0.0089116217568516,3.60078477859497,3.612360397906317,11.575619311347207
2304.2061632944115,0.0099913654848933,3.60078477859497,3.6123837304310733,11.598951836103488
2305.2187511321713,0.0099913654848933,3.60094666481018,3.6123938268704667,11.447162060286509
2306.2327400565414,0.0099913654848933,3.60094666481018,3.612401071510869,11.454406700688757
2307.2467084547716,0.0089116217568516,3.60078477859497,3.6123935703372054,11.608791742235613
2308.2607281683613,0.0096314512193203,3.60078477859497,3.6124096029654957,11.624824370525921
2309.2746813489216,0.0121508529409766,3.60094666481018,3.6124579841518485,11.511319341668269
2310.2887849366116,0.0103512806817889,3.60078477859497,3.61244451713215,11.659738537180164
2311.3040029526314,0.00783187802881,3.60094666481018,3.6124147934415323,11.468128631352048
2312.3128076088115,0.0103512806817889,3.60094666481018,3.612449037198019,11.50237238783891
2313.3150237250916,0.0099913654848933,3.60094666481018,3.612455386676813,11.508721866632765
2314.3290161884515,0.0099913654848933,3.60094666481018,3.6124644676979023,11.517802887722084
2315.3443708095315,0.0107111949473619,3.60110855102539,3.6124799163931858,11.371365367795594
2316.3570067775713,0.0096314512193203,3.60078477859497,3.612473993060219,11.689214465249176
2317.3709535879516,0.0089116217568516,3.60094666481018,3.6124681354187445,11.521470608564233
2318.3849495903014,0.0092715369537472,3.60094666481018,3.6124757930504927,11.529128240312492
2319.3989675344014,0.00783187802881,3.60094666481018,3.612459390582252,11.512725772071963
2320.4129192993714,0.0060323057696223,3.60078477859497,3.612432269278156,11.647490683186046
2321.4268908826816,0.0053124763071537,3.60094666481018,3.6124179921221766,11.471327311996404
2322.4422869099517,0.0096314512193203,3.60094666481018,3.6124820886085725,11.53542379839223
2323.4548482052815,0.0085517074912786,3.60094666481018,3.612480572820131,11.5339080099508
2324.4688512856214,0.0117909386754036,3.60094666481018,3.6125358569724364,11.589192162256179
2325.4828225150413,0.0099913654848933,3.60110855102539,3.6125257715526313,11.417220527241145
2326.4968524917113,0.0089116217568516,3.60078477859497,3.6125162235498482,11.731444954878434
2327.5107893929116,0.0089116217568516,3.60078477859497,3.6125212664932453,11.736487898275527
2328.5247825640713,0.0099913654848933,3.60094666481018,3.6125447828940445,11.59811808386424
2329.5401428475316,0.0117909386754036,3.60062289237976,3.612579594718276,11.956702338516312
2330.5527522731413,0.0085517074912786,3.60078477859497,3.612546836668209,11.762058073239157
2331.5667302266415,0.0089116217568516,3.60094666481018,3.612553325146332,11.606660336151986
2332.5807173815215,0.0107111949473619,3.60094666481018,3.612586491218783,11.639826408602616
2333.5946914421315,0.0117909386754036,3.60094666481018,3.6126138694425007,11.667204632320516
2334.6087012465514,0.0099913654848933,3.60094666481018,3.6125991617708286,11.652496960648406
2335.6226498264214,0.0049525620415806,3.60094666481018,3.612527485354698,11.58082054451759
2336.6380334672212,0.0099913654848933,3.60094666481018,3.612593647727732,11.646982917551618
2337.6506365226514,0.0107111949473619,3.60094666481018,3.6126170324886666,11.670367678486393
2338.6646095215615,0.0092715369537472,3.60094666481018,3.612608486685974,11.661821875793787
2339.6785895984513,0.0103512806817889,3.60094666481018,3.6126304674186582,11.683802608478011
2340.6925940943916,0.0096314512193203,3.60094666481018,3.6126276130383297,11.680948228149468
2341.7065702783916,0.00783187802881,3.60094666481018,3.6126072105794997,11.66054576931952
2342.7205507091917,0.00783187802881,3.60078477859497,3.612607164215252,11.822385620282372
2343.7358993139815,0.0089116217568516,3.60094666481018,3.6126272533843466,11.680588574166428
2344.7485151097717,0.0099913654848933,3.60078477859497,3.612650988764387,11.866210169417357
2345.7514627355313,0.0096314512193203,3.60094666481018,3.612657717982947,11.711053172766661
2346.7608881307615,0.0117909386754036,3.60078477859497,3.612696602689498,11.911824094528178
2347.7762512454215,0.0092715369537472,3.60094666481018,3.6126734846041173,11.726819793937082
2348.7888698724014,0.0099913654848933,3.60094666481018,3.6126875323494594,11.740867539279165
2349.8028368550313,0.0092715369537472,3.60110855102539,3.6126850978112186,11.576546785828423
2350.8168275489015,0.0099913654848933,3.60078477859497,3.612697874990753,11.913096395783196
2351.8308115186815,0.0081917932257056,3.60094666481018,3.6126875221858263,11.740857375646119
2352.8447912416814,0.0125107672065496,3.60094666481018,3.612750652778611,11.80398796843063
2353.8587730880713,0.0103512806817889,3.60078477859497,3.6127356843971614,11.950905802191603
2354.8741383261213,0.0067521347664296,3.60078477859497,3.6126848705955714,11.900092000601603
2355.8873019577413,0.0049525620415806,3.60078477859497,3.612653739421776,11.86896082680633
2356.9010888057214,0.0103512806817889,3.60094666481018,3.6127304277242804,11.783762914100215
2357.9147047204215,0.0103512806817889,3.60094666481018,3.6127455881971433,11.79892338696309
2358.9287003688814,0.0099913654848933,3.60094666481018,3.61275113282299,11.804468012809988
2359.9426701827015,0.0092715369537472,3.60094666481018,3.6127499624300636,11.803297619883413
2360.9566679545514,0.0103512806817889,3.60094666481018,3.6127722391717705,11.825574361590263
2361.9720126664515,0.0099913654848933,3.60078477859497,3.612774473404338,11.989694809368068
2362.9846196147614,0.0081917932257056,3.60094666481018,3.612754571426184,11.807906616003727
2363.9987677937415,0.007471963763237,3.60094666481018,3.6127449106485368,11.798245838356536
2365.0126013564013,0.0089116217568516,3.60094666481018,3.6127693254231,11.822660612919922
2366.0265778943017,0.0089116217568516,3.60094666481018,3.6127764705396856,11.829805729505427
2367.0405544322116,0.0089116217568516,3.60094666481018,3.612782261784149,11.835596973968965
2368.0545323857114,0.0085517074912786,3.60110855102539,3.6127833406025194,11.674789577129197
2369.0699011627516,0.0085517074912786,3.60110855102539,3.6127892290601267,11.680678034736491
2370.0825215592313,0.0089116217568516,3.60094666481018,3.6127989065156596,11.852241705479383
2371.0964945581413,0.0081917932257056,3.60094666481018,3.6127953877063956,11.848722896215413
2372.1104746350316,0.0099913654848933,3.60078477859497,3.6128279652871513,12.043186692181518
2373.1244614360116,0.0099913654848933,3.60094666481018,3.612838775556587,11.892110746406725
2374.1384432824016,0.0099913654848933,3.60094666481018,3.612847354958104,11.900690147923942
2375.1524290216817,0.0092715369537472,3.60094666481018,3.612844276408901,11.897611598720825
2376.1677900129416,0.0089116217568516,3.60094666481018,3.612844608630468,11.89794382028797
2377.1803898832713,0.0089116217568516,3.60078477859497,3.6128491017272273,12.06432313225747
2378.1943922558116,0.0085517074912786,3.60078477859497,3.61284811025269,12.063331657720333
2379.2083808262914,0.0071120494976639,3.60094666481018,3.6128299603492304,11.88329553905021
2380.2223446238213,0.007471963763237,3.60094666481018,3.612834156752982,11.887491942801809
2381.2363466424613,0.0049525620415806,3.60094666481018,3.612799999846189,11.853335036008605
2382.2502378906815,0.0063922200351953,3.60094666481018,3.612817172909903,11.870508099722787
2383.2656530285017,0.0081917932257056,3.60094666481018,3.6128473186864944,11.900653876314227
2384.2782911199415,0.00783187802881,3.60094666481018,3.6128524182804935,11.905753470313307
2385.2924357599213,0.0096314512193203,3.60094666481018,3.6128848789147656,11.938214104585398
2386.3062434879516,0.0089116217568516,3.60094666481018,3.6128866115910983,11.939946780918032
2387.3204957132716,0.0089116217568516,3.60094666481018,3.6128958508545046,11.949186044324378
2388.3342068268316,0.0099913654848933,3.60094666481018,3.6129183222295764,11.971657419396209
2389.3481992901916,0.0096314512193203,3.60094666481018,3.6129234394114573,11.976774601277107
2390.3635514339717,0.0081917932257056,3.60094666481018,3.6129094079016446,11.96274309146439
2391.3761651063714,0.0085517074912786,3.60078477859497,3.6129155168637634,12.130738268793628
2392.3903263796115,0.0071120494976639,3.60094666481018,3.612902605324678,11.955940514497776
2393.4040537725414,0.0096314512193203,3.60094666481018,3.612938169851678,11.991505041497597
2394.4181279866016,0.0045926473103463,3.60094666481018,3.612873963020241,11.927298210060666
2395.4320857678513,0.0053124763071537,3.60110855102539,3.6128764068567834,11.76785583139317
2396.4460683220414,0.0081917932257056,3.60094666481018,3.6129206202649913,11.973955454811058
2397.4614126800416,0.011071109212935,3.60094666481018,3.6129726592000555,12.025994389875283
2398.4740716515216,0.0096314512193203,3.60094666481018,3.6129697899996103,12.02312518943005
2399.4879986435517,0.00783187802881,3.60094666481018,3.612950738323891,12.0040735137108
2400.5020165876513,0.0071120494976639,3.60094666481018,3.612942065833592,11.995401023411567
2401.5159856936716,0.0092715369537472,3.60110855102539,3.6129770640797223,11.86851305433212
2402.5299693095617,0.0096314512193203,3.60110855102539,3.6129925134539786,11.883962428588468
2403.5439412467813,0.00783187802881,3.60094666481018,3.612974857228919,12.028192418738648
2404.5593146245014,0.00783187802881,3.60094666481018,3.61297794301684,12.031278206659834
2405.5718989232714,0.0085517074912786,3.60094666481018,3.612993914835209,12.0472500250286
2406.5858736916816,0.0103512806817889,3.60094666481018,3.613027816502187,12.081151692006742
2407.5998357197213,0.0103512806817889,3.60094666481018,3.613042113285769,12.095448475588633
2408.6138635730013,0.0107111949473619,3.60094666481018,3.6130544684737065,12.107803663526262
2409.6278369258116,0.0081917932257056,3.60094666481018,3.6130277781137257,12.081113303545443
2410.6418300969713,0.007471963763237,3.60094666481018,3.613019829304979,12.073164494798672
2411.6571617146014,0.0081917932257056,3.60078477859497,3.613030932270196,12.24615367522608
2412.6697877734714,0.0067521347664296,3.60094666481018,3.613012825448661,12.06616063848065
2413.6837597106814,0.0053124763071537,3.60110855102539,3.6129897326231695,11.881181597779289
2414.6977751774916,0.0049525620415806,3.60094666481018,3.612980324448631,12.033659638450711
2415.7117361438313,0.0045926473103463,3.60094666481018,3.6129730567371743,12.026391926994062
2416.7257406397716,0.0071120494976639,3.60094666481018,3.61301238036417,12.065715553989609
2417.7397125769817,0.0099913654848933,3.60094666481018,3.6130640080336582,12.117343223478017
2418.7550824157215,0.0096314512193203,3.60094666481018,3.6130756696899176,12.129004879737337
2419.7676500812313,0.0089116217568516,3.60094666481018,3.613076923708313,12.130258898132684
2420.7816662558316,0.0107111949473619,3.60110855102539,3.6131104925877824,12.001941562392204
2421.7956541185113,0.0096314512193203,3.60094666481018,3.613107727363443,12.16106255326288
2422.8096359649016,0.0081917932257056,3.60094666481018,3.6130928355570187,12.146170746838436
2423.8235785284915,0.0067521347664296,3.60094666481018,3.6130755727062516,12.12890789607135
2424.8376085051614,0.0071120494976639,3.60078477859497,3.6130806127826496,12.295834187679766
2425.8529185349516,0.00783187802881,3.60078477859497,3.6130948388718487,12.310060276878865
2426.8655739674414,0.0081917932257056,3.60094666481018,3.6131076697788815,12.161004968701317
2427.8795444890616,0.0092715369537472,3.60094666481018,3.6131313246522736,12.184659842093382
2428.8939156244815,0.0096314512193203,3.60094666481018,3.6131484902098134,12.201825399633215
2429.9075071201414,0.011071109212935,3.60110855102539,3.613179008213868,12.070457188477768
2430.9215066614915,0.00783187802881,3.60094666481018,3.6131426349941846,12.195970184004423
2431.9354594881515,0.0067521347664296,3.60078477859497,3.6131275860438135,12.34280744884364
2432.9508300346815,0.0085517074912786,3.60094666481018,3.6131547474568126,12.208082646632423
2433.9634083171713,0.011071109212935,3.60110855102539,3.6132005683275024,12.092017302112179
2434.9774361704513,0.0099913654848933,3.60094666481018,3.6131997787996926,12.253113989512343
2435.9913974906913,0.004232732579112,3.60094666481018,3.6131167464342173,12.170081624037099
2437.0054387921314,0.004232732579112,3.60094666481018,3.6131069573134935,12.160292503313297
2438.0193381800314,0.0092715369537472,3.60094666481018,3.61317975221554,12.23308740536
2439.0333678028014,0.0096314512193203,3.60094666481018,3.613201049430905,12.25438462072459
2440.0487082679115,0.00783187802881,3.60110855102539,3.6131847777104613,12.076226685071134
2441.0613428203515,0.0071120494976639,3.60094666481018,3.6131786285905614,12.231963780381161
2442.0753161731614,0.0081917932257056,3.60110855102539,3.613196442847601,12.087891822210928
2443.0893411952516,0.00783187802881,3.60094666481018,3.613198239153324,12.251574343143723
2444.1032759730615,0.0081917932257056,3.60094666481018,3.6132082694622,12.261604652019642
2445.1172794072913,0.007471963763237,3.60094666481018,3.613205158878949,12.258494068768666
2446.1312332956513,0.0092715369537472,3.60094666481018,3.6132367312755997,12.290066465419525
2447.1466133974614,0.0099913654848933,3.60110855102539,3.6132593669056328,12.150815880242583
2448.1591743388913,0.0107111949473619,3.60094666481018,3.61328048028555,12.333815475369825
2449.1732064389616,0.0053124763071537,3.60094666481018,3.613208797916979,12.26213310679869
2450.1871889931513,0.0081917932257056,3.60094666481018,3.613243990888845,12.297326078664739
2451.2011743785315,0.0063922200351953,3.60078477859497,3.613225656512585,12.440877917615278
2452.2151190655113,0.007471963763237,3.60094666481018,3.613239058643569,12.292393833388982
2453.2291200224513,0.0024331600870937,3.60094666481018,3.6131652793727262,12.218614562546026
2454.2444491627916,0.00783187802881,3.60078477859497,3.6132372172970313,12.452438702061475
2455.2571201668516,0.00783187802881,3.60094666481018,3.6132505559466956,12.303891136515421
2456.2710637921314,0.007471963763237,3.60078477859497,3.613253705009521,12.468926414550996
2457.2851709188117,0.0099913654848933,3.60110855102539,3.6132997821059063,12.191231080516118
2458.2991428560313,0.0092715369537472,3.60094666481018,3.61330267317253,12.356008362349957
2459.3130259645613,0.007471963763237,3.60094666481018,3.6132825245081936,12.33585969801343
2460.3269901160015,0.00783187802881,3.60078477859497,3.6132896527267544,12.504874131784582
2461.3423765879916,0.0071120494976639,3.60078477859497,3.613286174130346,12.501395535376325
2462.3549431918013,0.0081917932257056,3.60078477859497,3.613305492352213,12.520713757243396
2463.3689551196217,0.007471963763237,3.60094666481018,3.6133013887340044,12.354723923824196
2464.3829199788515,0.0081917932257056,3.60078477859497,3.6133161639195097,12.531385324539901
2465.3969389846516,0.00783187802881,3.60094666481018,3.6133206387725245,12.373973962344298
2466.4108808404417,0.0092715369537472,3.60094666481018,3.6133446715396227,12.398006729442468
2467.4249193106916,0.0081917932257056,3.60094666481018,3.613339961520095,12.393296709914736
2468.4404038127414,0.00783187802881,3.60094666481018,3.6133374925077986,12.390827697618345
2469.4776488638213,0.005672391038388,3.60078477859497,3.6133085003343393,12.523721739369442
2470.4824059757716,0.00783187802881,3.60094666481018,3.6133403791849124,12.393714374732134
2471.4977910321713,0.0060323057696223,3.60078477859497,3.6133210830579046,12.536304462934744
2472.5103990421817,0.0063922200351953,3.60094666481018,3.613328929866796,12.382265056615882
2473.5244045998115,0.0103512806817889,3.60094666481018,3.613392222580441,12.445557770260685
2474.5383758292314,0.0081917932257056,3.60094666481018,3.6133746336030796,12.427968792899424
2475.5523551983315,0.0045926473103463,3.60094666481018,3.613323450535089,12.376785724908856
2476.5663285511414,0.0035129035823047,3.60110855102539,3.6133020393130995,12.193488287709275
2477.5803351704712,0.0085517074912786,3.60094666481018,3.613371927298723,12.42526248854281
2478.5956674959016,0.0085517074912786,3.60094666481018,3.613387595548483,12.440930738302658
2479.6083062951316,0.0089116217568516,3.60094666481018,3.6134015374989206,12.454872688740348
2480.6222311637616,0.00783187802881,3.60078477859497,3.6133953242963104,12.61054570134057
2481.6362653872216,0.0081917932257056,3.60094666481018,3.61340600197486,12.459337164679951
2482.6502139671015,0.0081917932257056,3.60094666481018,3.6134113796525122,12.464714842332025
2483.6642428820714,0.007471963763237,3.60094666481018,3.6134063576917588,12.459692881578555
2484.6781879229616,0.0063922200351953,3.60094666481018,3.613398989750469,12.452324940288584
2485.6935715637514,0.0092715369537472,3.60110855102539,3.613443017406106,12.334466380715892
2486.7061792198715,0.0071120494976639,3.60094666481018,3.61342091261686,12.474247806679717
2487.7201568194714,0.007471963763237,3.60094666481018,3.613428226223606,12.481561413425712
2488.7341330034715,0.00783187802881,3.60078477859497,3.6134404957148516,12.655717119881782
2489.7481523631714,0.0089116217568516,3.60078477859497,3.6134627858650616,12.678007270091829
2490.7620956345613,0.0089116217568516,3.60110855102539,3.613472872348366,12.364321322975602
2491.7760965915013,0.0081917932257056,3.60094666481018,3.6134692142093363,12.522549399156091
2492.7914140531716,0.007471963763237,3.60094666481018,3.613463716983792,12.517052173611987
2493.8040620537813,0.0085517074912786,3.60094666481018,3.613484779550573,12.538114740392903
2494.8180028478714,0.0096314512193203,3.60110855102539,3.613510224307818,12.401673282427694
2495.8320253926613,0.0096314512193203,3.60094666481018,3.6135198383141396,12.573173503959367
2496.8459884824015,0.007471963763237,3.60094666481018,3.6134969802153747,12.550315405194468
2497.8600025336114,0.00783187802881,3.60094666481018,3.6135024795348163,12.555814724636072
2498.8739560680715,0.00783187802881,3.60094666481018,3.6135075473272025,12.560882517022254
2499.8896713123513,0.00783187802881,3.60094666481018,3.6135135127130265,12.566847902846234
2500.9019268388315,0.0081917932257056,3.60094666481018,3.613523460567165,12.576795756984893
2501.9159341659615,0.0081917932257056,3.60094666481018,3.6135278843090233,12.581219498843055
2502.9298593884914,0.0071120494976639,3.60094666481018,3.613519935487224,12.573270677043613
2503.9439176770916,0.007471963763237,3.60078477859497,3.6135264790668282,12.741700471858408
2504.9578697959614,0.007471963763237,3.60094666481018,3.6135325573967862,12.585892586606029
2505.9718813698814,0.0096314512193203,3.60094666481018,3.613571204976005,12.624540165824705
2506.9871882145717,0.0089116217568516,3.60110855102539,3.613572581903482,12.46403087809167
2507.9998277216014,0.00783187802881,3.60094666481018,3.6135643094377277,12.617644627547442
2509.0137731163813,0.0092715369537472,3.60094666481018,3.6135887755481795,12.642110737999257
2510.0277935377817,0.0081917932257056,3.60094666481018,3.613582286066852,12.635621256671836
2511.0417460105414,0.00783187802881,3.60094666481018,3.6135809641672005,12.634299357020318
2512.0557717404213,0.007471963763237,3.60094666481018,3.6135801786515773,12.633513841397104
2513.0697015636415,0.00783187802881,3.60094666481018,3.6135889241390102,12.642259328830008
2514.0851113929816,0.00783187802881,3.60078477859497,3.6135943010572276,12.80952246225775
2515.0977045392315,0.007471963763237,3.60094666481018,3.6135924460903257,12.645781280145485
2516.1117019571816,0.0060323057696223,3.60078477859497,3.6135737510603376,12.78897246536781
2517.1256738943916,0.007471963763237,3.60094666481018,3.613596397233841,12.649732423660964
2518.1396557407816,0.0092715369537472,3.60094666481018,3.613630368154599,12.683703344418706
2519.1536280319015,0.00783187802881,3.60078477859497,3.613621329818089,12.83655122311922
2520.1676300505414,0.0081917932257056,3.60078477859497,3.613632939017078,12.848160422108013
2521.1829613142713,0.0099913654848933,3.60094666481018,3.6136667013379227,12.720036527742451
2522.1956103765815,0.00783187802881,3.60094666481018,3.613645833365753,12.699168555572626
2523.2095292289314,0.0085517074912786,3.60094666481018,3.6136591632383706,12.712498428190333
2524.2235634523913,0.0085517074912786,3.60110855102539,3.6136660178790114,12.557466853621246
2525.2375276038215,0.00783187802881,3.60094666481018,3.6136608980792477,12.71423326906751
2526.2515359926515,0.0067521347664296,3.60110855102539,3.61365040159909,12.541850573699609
2527.2654651080716,0.0085517074912786,3.60094666481018,3.6136789862991603,12.73232148898007
2528.2808618431413,0.0089116217568516,3.60094666481018,3.6136919725431986,12.745307733018407
2529.2936570657816,0.0063922200351953,3.60078477859497,3.6136629954893964,12.878216894426586
2530.3074747029814,0.0089116217568516,3.60094666481018,3.6137013769463104,12.75471213613022
2531.3214225750617,0.0103512806817889,3.60094666481018,3.613733614450052,12.786949639871814
2532.3354253015013,0.0049525620415806,3.60094666481018,3.6136618907027254,12.715225892545146
2533.3493894529315,0.0027930745854973,3.60094666481018,3.6136215099333473,12.674845123167078
2534.3634119977214,0.0081917932257056,3.60094666481018,3.6136948517441083,12.748186933928096
2535.3787354756714,0.0096314512193203,3.60078477859497,3.6137302550863377,12.945476491367902
2536.3913604728414,0.007471963763237,3.60094666481018,3.613710186751569,12.763521941388856
2537.4053309944616,0.0060323057696223,3.60094666481018,3.6136908279411335,12.744163130953279
2538.4193333670014,0.00783187802881,3.60110855102539,3.6137199463076066,12.611395282216442
2539.4333056581113,0.0096314512193203,3.60094666481018,3.613756396263122,12.80973145294162
2540.4472652088616,0.0060323057696223,3.60094666481018,3.613713464637208,12.766799827027775
2541.4612647502113,0.00783187802881,3.60094666481018,3.6137385232015244,12.791858391344224
2542.4766314038516,0.0099913654848933,3.60094666481018,3.61377773838635,12.83107357616986
2543.4892344592713,0.0089116217568516,3.60094666481018,3.613773407624473,12.826742814292746
2544.5032315233316,0.0035129035823047,3.60094666481018,3.613700279824323,12.753615014142738
2545.5171946130613,0.0060323057696223,3.60094666481018,3.613725697383996,12.77903257381574
2546.5312044174816,0.00783187802881,3.60078477859497,3.6137573023347573,12.972523739787523
2547.5451639682315,0.0089116217568516,3.60094666481018,3.613782778952994,12.836114142813937
2548.5591525387013,0.007471963763237,3.60094666481018,3.6137719888180606,12.82532400788039
2549.5745068058814,0.0081917932257056,3.60094666481018,3.613787914968875,12.841250158694972
2550.5873303404514,0.0092715369537472,3.60078477859497,3.613812620529442,13.02784193447204
2551.6011086948515,0.00783187802881,3.60110855102539,3.6138005075291306,12.691956503740442
2552.6150898334413,0.0067521347664296,3.60094666481018,3.613787287494365,12.840622684184844
2553.6290769883217,0.0049525620415806,3.60094666481018,3.6137632911439077,12.816626333727488
2554.6430581269115,0.007471963763237,3.60110855102539,3.613793990374948,12.685439349557903
2555.6570328953217,0.0049525620415806,3.60094666481018,3.6137648101231594,12.818145312979201
2556.6725892388913,0.005672391038388,3.60078477859497,3.613773457112576,12.9886785176061
2557.6850004809917,0.0063922200351953,3.60094666481018,3.6137875860601003,12.84092124992009
2558.6989940060616,0.007471963763237,3.60094666481018,3.6138081991644766,12.861534354296378
2559.7307720235412,0.0067521347664296,3.60078477859497,3.6138071528331572,13.022374238187417
2560.7425678350714,0.00783187802881,3.60094666481018,3.613826834567565,12.880169757384596
2561.7565326943113,0.0071120494976639,3.60078477859497,3.613825119566083,13.040340971113284
2562.7705219725813,0.0081917932257056,3.60094666481018,3.613846556271778,12.899891461597868
2563.7844988643815,0.0071120494976639,3.60078477859497,3.61383815955985,13.05338096488029
2564.7985065454113,0.0067521347664296,3.60094666481018,3.6138384472071783,12.891782396998064
2565.8124551252813,0.0081917932257056,3.60094666481018,3.6138630275517762,12.916362741596021
2566.8278366426916,0.0085517074912786,3.60094666481018,3.613875366892444,12.928702082263932
2567.8404011231114,0.005672391038388,3.60078477859497,3.6138397587545588,13.054980159588947
2568.8544268529913,0.0060323057696223,3.60078477859497,3.61384443430839,13.05965571342016
2569.8683595074017,0.0092715369537472,3.60078477859497,3.6138978917490023,13.113113154032519
2570.8827140095714,0.0081917932257056,3.60094666481018,3.613896399950593,12.949735140412866
2571.8966558653615,0.0089116217568516,3.60094666481018,3.6139137505148295,12.967085704649328
2572.9103726413114,0.0092715369537472,3.60094666481018,3.6139275384304828,12.980873620302535
2573.9256830249915,0.0027930745854973,3.60094666481018,3.6138361494817897,12.889484671609441
2574.9383158079413,0.00783187802881,3.60094666481018,3.6138993482833057,12.952683473125504
2575.9522891607517,0.00783187802881,3.60078477859497,3.613911496031355,13.12671743638516
2576.9663074587515,0.0071120494976639,3.60094666481018,3.6139074786196117,12.960813809431482
2577.9804082152514,0.0063922200351953,3.60094666481018,3.6139019457533452,12.955280943165004
2578.9942729210316,0.00783187802881,3.60094666481018,3.6139266186644177,12.979953854237447
2580.0082183158115,0.00783187802881,3.60094666481018,3.6139343904355643,12.987725625384083
2581.0236090345916,0.0063922200351953,3.60094666481018,3.613919929715184,12.973264905003834
2582.0362021808414,0.00783187802881,3.60094666481018,3.6139431475302803,12.996482720100122
2583.0501953520115,0.0085517074912786,3.60094666481018,3.6139627649316624,13.016100121482133
2584.0641563183513,0.0089116217568516,3.60094666481018,3.613977249352125,13.030584541944723
2585.0781735546516,0.0024331600870937,3.60078477859497,3.6138864869227105,13.101708327740713
2586.0921345209913,0.0067521347664296,3.60094666481018,3.6139370304540153,12.990365643835045
2587.1061443254116,0.00783187802881,3.60078477859497,3.6139634518996084,13.178673304638622
2588.1200982137816,0.0092715369537472,3.60094666481018,3.613994573295998,13.047908485817938
2589.1340938622316,0.0053124763071537,3.60094666481018,3.61394603974233,12.999374932149976
2590.1480611987613,0.005672391038388,3.60094666481018,3.613948823522724,13.002158712543732
2591.1620614479016,0.007471963763237,3.60094666481018,3.6139775874196554,13.030922609475137
2592.1760309078213,0.00783187802881,3.60094666481018,3.6139914029745652,13.044738164385006
2593.1899695785214,0.0060323057696223,3.60094666481018,3.6139720871115344,13.025422301354173
2594.2039415157415,0.0085517074912786,3.60110855102539,3.6140116607389823,12.903109713592098
2595.2193584230613,0.00783187802881,3.60110855102539,3.614010584822773,12.90203379738264
2596.2319784656415,0.0049525620415806,3.60094666481018,3.613973573304743,13.026908494562672
2597.2459670361113,0.0071120494976639,3.60094666481018,3.6140033132832787,13.056648473098509
2598.2599255251616,0.0096314512193203,3.60094666481018,3.6140485137657348,13.101848955554551
2599.2742028773214,0.0067521347664296,3.60094666481018,3.6140188131877395,13.072148377559323
2600.2880371477713,0.007471963763237,3.60078477859497,3.614032166314979,13.247387720009218
2601.3019004379616,0.00783187802881,3.60110855102539,3.6140422713812805,12.933720355890355
2602.3172447959614,0.0067521347664296,3.60094666481018,3.6140327186305106,13.086053820330346
2603.3298782867114,0.0067521347664296,3.60078477859497,3.614035101120913,13.250322525943048
2604.3438268665814,0.0063922200351953,3.60094666481018,3.6140328618327353,13.08619702255509
2605.3578207455416,0.0060323057696223,3.60094666481018,3.6140334670850214,13.086802274841158
2606.3718036536316,0.007471963763237,3.60078477859497,3.6140566927401,13.271914145130292
2607.3857964708914,0.00783187802881,3.60094666481018,3.6140697427272057,13.123077917025494
2608.3997730088013,0.005672391038388,3.60094666481018,3.6140442610639507,13.097596253770494
2609.4150770223014,0.0071120494976639,3.60094666481018,3.61406578245644,13.119117646259948
2610.4277395327713,0.0081917932257056,3.60078477859497,3.614089462023228,13.30468342825819
2611.4417298727417,0.00783187802881,3.60110855102539,3.6140951140773807,12.98656305199053
2612.4557000404616,0.0092715369537472,3.60094666481018,3.6141217537053514,13.17508889517116
2613.4696981662114,0.0049525620415806,3.60110855102539,3.6140665094070616,12.957958381671464
2614.4836655027416,0.0071120494976639,3.60094666481018,3.6140940994147184,13.147434604538155
2615.4976544271117,0.0081917932257056,3.60094666481018,3.614117041660506,13.170376850325738
2616.5129917071313,0.00783187802881,3.60094666481018,3.6141207108181397,13.174046007959461
2617.5256216588814,0.0063922200351953,3.60078477859497,3.6141066319894306,13.321853394460792
2618.5396042130715,0.00783187802881,3.60094666481018,3.6141304453171297,13.18378050694946
2619.5535927835513,0.0092715369537472,3.60078477859497,3.6141602906547576,13.37551205978782
2620.5675721526413,0.0060323057696223,3.60110855102539,3.6141218815879883,13.013330562598124
2621.5815685089015,0.0063922200351953,3.60094666481018,3.6141262438912767,13.17957908109646
2622.5955315986416,0.0099913654848933,3.60094666481018,3.6141835144595587,13.236849649378435
2623.6109024990715,0.0053124763071537,3.60094666481018,3.6141263164223902,13.17965161221002
2624.6235190026614,0.0024331600870937,3.60094666481018,3.6140795583246095,13.132893514429256
2625.6374944788613,0.0060323057696223,3.60094666481018,3.614124131308965,13.177466498784707
2626.6514048376316,0.0089116217568516,3.60094666481018,3.614174724763497,13.228059953316773
2627.6654592333416,0.0067521347664296,3.60110855102539,3.614156755054,13.048204028609955
2628.6794453265215,0.0071120494976639,3.60094666481018,3.614166659805504,13.21999499532378
2629.6934349587013,0.0092715369537472,3.60094666481018,3.6142045696836074,13.257904873427151
2630.7087757777012,0.0063922200351953,3.60094666481018,3.614173312373248,13.226647563067573
2631.7213954663916,0.0067521347664296,3.60094666481018,3.6141777627320866,13.231097921906354
2632.7353804978716,0.0060323057696223,3.60078477859497,3.61417117674944,13.386398154470402
2633.7493623442615,0.0060323057696223,3.60094666481018,3.614172872682698,13.226207872517826
2634.7633349892712,0.0071120494976639,3.60078477859497,3.6141896549434183,13.404876348448447
2635.7773182512615,0.0024331600870937,3.60094666481018,3.614125858147588,13.179193337407913
2636.7913096529314,0.0071120494976639,3.60094666481018,3.614186991875878,13.240327065697777
2637.8066759526714,0.0071120494976639,3.60094666481018,3.6141985245213535,13.251859711173264
2638.8192690989213,0.0060323057696223,3.60110855102539,3.6141882851230895,13.079734097699358
2639.8332718253614,0.0071120494976639,3.60078477859497,3.614208964401165,13.424185806194977
2640.8472331456014,0.007471963763237,3.60094666481018,3.614222014907569,13.27535009738856
2641.8612252550715,0.007471963763237,3.60094666481018,3.6142302257541457,13.283560943965433
2642.8752184262316,0.0085517074912786,3.60094666481018,3.6142535416078014,13.306876797621214
2643.8895194896213,0.0071120494976639,3.60094666481018,3.614241001995806,13.294337185625782
2644.9045520625014,0.0063922200351953,3.60094666481018,3.614233186739485,13.286521929304573
2645.9171558257217,0.0060323057696223,3.60094666481018,3.6142303268642717,13.283662054091483
2646.0419335770716,0.0071120494976639,3.60110855102539,3.6142427442690632,13.134193243673042
2646.0425014149814,0.0079601788893342,3.60078477859497,3.6142495465037183,13.46476790874851
2647.0595637171114,0.0,3.60078477859497,3.6141420824798574,13.35730388488754
2648.0748939191517,0.0,3.60062289237976,3.614120198568487,13.497306188727354
2649.0874760945217,0.0,3.60062289237976,3.614108011613901,13.485119234140974
2650.1014887301317,0.0,3.60062289237976,3.614098628572202,13.475736192442245
2651.1155169373114,0.0,3.60046076774597,3.6140910848925087,13.63031714653884
2652.1294828582413,0.0,3.60046076774597,3.6140846934207578,13.623925674787873
2653.1434728443114,0.0,3.60046076774597,3.614079246891191,13.618479145220963
2654.1574688466717,0.0,3.60013699531555,3.614074574964083,13.937579648533038
2655.1728199287513,0.0,3.60029888153076,3.6140703756515196,13.77149412075962
2656.0463533708016,0.0,3.60013699531555,3.6140738633408507,13.936868025300697
2657.0594969538515,0.0265474356710911,3.60078477859497,3.6144833172936126,13.698538698642793
2658.0734894172115,0.0164698269218206,3.60110855102539,3.6144220759190304,13.313524893640238
2659.0874549842515,0.0121508529409766,3.60094666481018,3.614377205546123,13.430540735942742
2660.1014393079313,0.011071109212935,3.60110855102539,3.614369985775345,13.26143474995467
2661.1154165536313,0.0096314512193203,3.60094666481018,3.6143558017938724,13.409136983692171
2662.1294093709016,0.0060323057696223,3.60094666481018,3.6143072163073593,13.360551497179074
2663.1447091376112,0.00783187802881,3.60094666481018,3.614327834025432,13.381169215251898
2664.1573730636815,0.0060323057696223,3.60078477859497,3.6143081479018595,13.523369306889688
2665.1713623419514,0.00783187802881,3.60078477859497,3.614335080944854,13.550302349884191
2666.1790044395216,0.0071120494976639,3.60094666481018,3.6143304868170736,13.383822006893364
2667.1850999979515,0.005672391038388,3.60078477859497,3.6143126771206053,13.527898525635518
2668.1989317911116,0.0053124763071537,3.60094666481018,3.6143079791776667,13.361314367486443
2669.2129702613615,0.0092715369537472,3.60094666481018,3.6143677450999716,13.421080289791387
2670.2269807735815,0.00783187802881,3.60078477859497,3.6143627691978,13.577990602830159
2671.2408603431313,0.0081917932257056,3.60110855102539,3.6143725493873666,13.263998361976448
2672.2549218168215,0.0053124763071537,3.60110855102539,3.6143362295940125,13.22767856862228
2673.2689029554112,0.0063922200351953,3.60078477859497,3.6143499508216923,13.565172226722488
2674.2830320238413,0.0071120494976639,3.60078477859497,3.6143663919267093,13.581613331739462
2675.2967746344216,0.0089116217568516,3.60094666481018,3.614399134856783,13.452470046602993
2676.3109235212014,0.0049525620415806,3.60094666481018,3.614351456739428,13.404791929247928
2677.3247967205616,0.0060323057696223,3.60062289237976,3.6143631435609795,13.740251181219687
2678.3387406997513,0.00783187802881,3.60094666481018,3.6143935527343243,13.446887924144058
2679.3531167897513,0.0067521347664296,3.60094666481018,3.6143862504603397,13.439585650159458
2680.3670356421017,0.003872818313539,3.60094666481018,3.614348328557135,13.401663746954728
2681.3810903917115,0.0092715369537472,3.60094666481018,3.614423557587255,13.476892777074756
2682.3949211231816,0.0081917932257056,3.60110855102539,3.6144233424456162,13.314791420226069
2683.4089981684315,0.0017133308574557,3.60094666481018,3.6143325014827177,13.385836672537454
2684.4229545340913,0.00207324558869,3.60094666481018,3.6143212561900038,13.374591379823553
2685.4356205835516,0.00783187802881,3.60094666481018,3.614403996010285,13.45733120010495
2686.4494399902514,0.0085517074912786,3.60094666481018,3.614431082689422,13.484417879241928
2687.4646636686516,0.005672391038388,3.60094666481018,3.6144003427445113,13.453677934331054
2688.4789608391516,0.007471963763237,3.60094666481018,3.6144282570895436,13.481592279363408
2689.4925657829813,0.0063922200351953,3.60094666481018,3.6144212618884373,13.474597078257045
2690.5066881273215,0.0089116217568516,3.60094666481018,3.6144627525236572,13.51608771347701
2691.5205687585712,0.0060323057696223,3.60078477859497,3.614431682716772,13.646904121802361
2692.5345169845414,0.0067521347664296,3.60110855102539,3.6144432740816614,13.334723056271258
2693.5488240642217,0.00783187802881,3.60094666481018,3.6144656684026084,13.519003592428191
2694.5625769378817,0.0089116217568516,3.60094666481018,3.6144913483003,13.544683490119613
2695.5766355803817,0.0060323057696223,3.60094666481018,3.614457606485628,13.510941675447974
2696.5904631267613,0.0053124763071537,3.60078477859497,3.6144462374270128,13.66145883204295
2697.6045380486216,0.0063922200351953,3.60094666481018,3.614462162184192,13.515497374011698
2698.6184873362913,0.0067521347664296,3.60078477859497,3.614471630633097,13.686852038127029
2699.6318636612914,0.0049525620415806,3.60078477859497,3.6144497782335496,13.664999638579811
2700.6464152852614,0.0063922200351953,3.60094666481018,3.6144705712917102,13.523906481530013
2701.6604265052815,0.005672391038388,3.60094666481018,3.6144651212950984,13.518456484918229
2702.6745492035216,0.0049525620415806,3.60094666481018,3.6144577819077863,13.511117097606107
2703.6882978303915,0.0063922200351953,3.60094666481018,3.6144809618433795,13.534297033199305
2704.7023830153216,0.00783187802881,3.60110855102539,3.614509402001557,13.400850976166723
2705.7163372575815,0.0071120494976639,3.60094666481018,3.614509824601941,13.563159791760704
2706.7302720353914,0.007471963763237,3.60094666481018,3.614521719007712,13.575054197531689
2707.7445281536016,0.0081917932257056,3.60094666481018,3.6145405452789814,13.593880468801167
2708.7583369433214,0.0053124763071537,3.60110855102539,3.6145034864223966,13.394935397006424
2709.7724246055514,0.0060323057696223,3.60094666481018,3.614511826470563,13.565161660382685
2710.7862160542113,0.005672391038388,3.60094666481018,3.6145098839151353,13.56321910495506
2711.8002644336416,0.0071120494976639,3.60094666481018,3.6145355396205945,13.588874810414264
2712.8142611437916,0.0063922200351953,3.60094666481018,3.6145314966250233,13.584831814843046
2713.8281534537014,0.0053124763071537,3.60078477859497,3.6145192846171486,13.734506022178739
2714.8422400542313,0.0053124763071537,3.60094666481018,3.614521195328341,13.57453051816071
2715.8562657841117,0.0067521347664296,3.60094666481018,3.6145451317484985,13.598466938318232
2716.8704305963515,0.00783187802881,3.60094666481018,3.61457129751465,13.624632704469786
2717.8841548041814,0.0099913654848933,3.60110855102539,3.6146127523532168,13.504201327826593
2718.8976001395113,0.0035129035823047,3.60078477859497,3.6145291827659727,13.744404171002866
2719.9121464549917,0.005672391038388,3.60094666481018,3.6145528179261626,13.606153115982345
2720.9260617683512,0.0089116217568516,3.60094666481018,3.614605830358018,13.659165547837748
2721.9400988230013,0.0063922200351953,3.60094666481018,3.614580998991368,13.634334181187757
2722.9684755160615,0.0071120494976639,3.60094666481018,3.6145950463779775,13.64838156779724
2723.9823738422615,0.00783187802881,3.60110855102539,3.6146128938210933,13.504342795703117
2724.9963882473717,0.0081917932257056,3.60094666481018,3.614625604400459,13.678939590278993
2726.0103159471914,0.0053124763071537,3.60094666481018,3.6145895551361384,13.642890325958223
2727.0256121749117,0.0063922200351953,3.60094666481018,3.61460356540071,13.656900590529819
2728.0383362638313,0.0060323057696223,3.60094666481018,3.6146025303413944,13.655865531214229
2729.0523212953117,0.007471963763237,3.60094666481018,3.614628810851556,13.682146041375631
2730.0662882779416,0.0063922200351953,3.60094666481018,3.614619975376747,13.673310566566954
2731.0802658775415,0.0060323057696223,3.60094666481018,3.614616854848132,13.67019003795189
2732.0942498473314,0.0053124763071537,3.60094666481018,3.6146084079188245,13.66174310864432
2733.1082313398215,0.0053124763071537,3.60094666481018,3.6146067985855326,13.660133775352357
2734.1234907620315,0.003872818313539,3.60110855102539,3.6145857599854656,13.477208960075426
2735.1362261757313,0.0027930745854973,3.60094666481018,3.614567434830076,13.620770019895811
2736.1501588301417,0.0053124763071537,3.60078477859497,3.614602274396059,13.817495801089041
2737.1641686345615,0.005672391038388,3.60078477859497,3.614613710840203,13.828932245233183
2738.1781377405814,0.005672391038388,3.60094666481018,3.614621031213354,13.674366403173988
2739.1921517917913,0.0067521347664296,3.60094666481018,3.614642925683379,13.696260873198973
2740.2060844462117,0.0092715369537472,3.60094666481018,3.6146890933494644,13.742428539284202
2741.2213980149813,0.0071120494976639,3.60094666481018,3.614672440218174,13.725775407993801
2742.2340573403617,0.0067521347664296,3.60110855102539,3.6146702491039826,13.561698078592421
2743.2480862553416,0.005672391038388,3.60094666481018,3.614656224477065,13.709559666884807
2744.2620879200813,0.003152989083901,3.60094666481018,3.6146210144167443,13.674349606564107
2745.2760403928414,0.0067521347664296,3.60094666481018,3.614668042696489,13.721377886308783
2746.2900034825816,0.0027930745854973,3.60094666481018,3.6146152970647654,13.668632254585145
2747.3040019622313,0.0009935018606483,3.60094666481018,3.6145822291678003,13.635564357620034
2748.3192482901713,0.003872818313539,3.60094666481018,3.6146174450682276,13.670780258047355
2749.3319667167116,0.007471963763237,3.60094666481018,3.6146782014316576,13.731536621477414
2750.3463130791915,0.0089116217568516,3.60110855102539,3.6147135798655414,13.605028840151245
2751.3598932500813,0.005672391038388,3.60094666481018,3.6146786681492267,13.73200333904645
2752.3738733269815,0.005672391038388,3.60094666481018,3.6146819778209847,13.73531301080444
2753.3879057809413,0.00783187802881,3.60094666481018,3.6147180885097048,13.771423699524554
2754.4018532991213,0.0071120494976639,3.60094666481018,3.6147183622315664,13.771697421386175
2755.4171449261516,0.007471963763237,3.60094666481018,3.614727273919365,13.780609109184994
2756.4297755857015,0.0049525620415806,3.60094666481018,3.614697908068738,13.75124325855781
2757.4438289197215,0.0063922200351953,3.60094666481018,3.614718977536139,13.772312725958802
2758.4578047498217,0.0081917932257056,3.60110855102539,3.614752348795436,13.643797770045651
2759.4718329570014,0.0081917932257056,3.6012704372406,3.6147624299622474,13.49199272164725
2760.4857617185216,0.00207324558869,3.60094666481018,3.6146758503388807,13.729185528700505
2761.4997616137716,0.0035129035823047,3.60094666481018,3.6146860820979465,13.739417287766287
2762.5150730591513,0.0071120494976639,3.60078477859497,3.614741621648301,13.956843053331003
2763.5277330923313,0.007471963763237,3.60110855102539,3.614757025418528,13.648474393137988
2764.5417149387213,0.0053124763071537,3.60094666481018,3.614734797486644,13.788132676463949
2765.5556964312113,0.0071120494976639,3.60110855102539,3.614763359875978,13.654808850587674
2766.5696704918214,0.00783187802881,3.60110855102539,3.614782000417104,13.673449391713888
2767.5836594162015,0.005672391038388,3.60094666481018,3.6147595489943316,13.812884184151386
2768.5976409086916,0.0063922200351953,3.60094666481018,3.6147723176431024,13.825652832922142
2769.6129704029213,0.0096314512193203,3.60094666481018,3.614825432164079,13.878767353898702
2770.6256042475716,0.00207324558869,3.60094666481018,3.6147284040867,13.781739276519822
2771.6396076818114,0.0060323057696223,3.60078477859497,3.614771554447373,13.986775852403266
2772.6535704176513,0.0053124763071537,3.60094666481018,3.6147678766669213,13.821211856741122
2773.6675696050916,0.0049525620415806,3.60094666481018,3.6147688386352455,13.822173825065232
2774.6815472046915,0.0067521347664296,3.60110855102539,3.614796625484999,13.688074459608846
2775.6955276354915,0.0067521347664296,3.60110855102539,3.614803651350288,13.695100324897957
2776.7108259866013,0.0053124763071537,3.60094666481018,3.6147892687894374,13.842603979257184
2777.7235054842313,0.0063922200351953,3.60094666481018,3.614805704006131,13.859039195950995
2778.7375630650413,0.0049525620415806,3.60094666481018,3.6147891107266137,13.842445916433466
2779.7515983501917,0.003872818313539,3.60078477859497,3.614773533275694,13.988754680724025
2780.7518680213216,0.0060323057696223,3.60094666481018,3.614803179704387,13.856514894206917
2781.7650776598416,0.0063922200351953,3.60094666481018,3.6148153526223648,13.868687812184533
2782.7792934335516,0.004232732579112,3.60078477859497,3.6147886244124106,14.003845817440741
2783.7930891290016,0.005672391038388,3.60094666481018,3.614810659259617,13.863994449436756
2784.8069740070314,0.0049525620415806,3.60094666481018,3.614807940707225,13.861275897044667
2785.8210036298015,0.007471963763237,3.60094666481018,3.6148465960292038,13.899931219023554
2786.8350559021214,0.0063922200351953,3.60094666481018,3.6148421973475315,13.895532537351318
2787.8492090356813,0.0081917932257056,3.60094666481018,3.6148755579218363,13.928893111656127
2788.8629127173713,0.00783187802881,3.60094666481018,3.614880586138709,13.933921328528776
2789.8770113504715,0.005672391038388,3.60110855102539,3.614855215613146,13.746664587755753
2790.8909811642916,0.0053124763071537,3.60094666481018,3.614850389593545,13.90372478336488
2791.9048660423214,0.005672391038388,3.60110855102539,3.6148555293679174,13.74697834252725
2792.9189232692215,0.0049525620415806,3.60094666481018,3.6148481029645105,13.901438154330314
2793.9329256417614,0.0067521347664296,3.60110855102539,3.6148764816404966,13.767930615106394
2794.9470826682214,0.0053124763071537,3.60094666481018,3.614863161821084,13.916497010903583
2795.9608281100013,0.0053124763071537,3.60094666481018,3.6148653652420486,13.91870043186838
2796.9748902914916,0.0060323057696223,3.60094666481018,3.614879338200429,13.93267339024895
2797.9888721378816,0.0071120494976639,3.60094666481018,3.614901382197841,13.954717387660853
2799.0027442755413,0.0067521347664296,3.60094666481018,3.614905163642229,13.958498832048694
2800.0167494792713,0.0071120494976639,3.60110855102539,3.6149152631869166,13.806712161526402
2801.0308067061815,0.0060323057696223,3.60094666481018,3.6149065781425263,13.95991333234603
2802.0449166640515,0.0063922200351953,3.60094666481018,3.6149139693414445,13.967304531264269
2803.0586967879412,0.0060323057696223,3.60110855102539,3.6149133591669655,13.804808141575364
2804.0727628623213,0.0045926473103463,3.60094666481018,3.6148936039233925,13.94693911321232
2805.0867468321117,0.0045926473103463,3.60078477859497,3.614893261672246,14.10848307727619
2806.1006363108313,0.0063922200351953,3.60094666481018,3.614923267540017,13.976602729836696
2807.1146485925515,0.0071120494976639,3.60078477859497,3.6149415826647626,14.156804069792805
2808.1286902478914,0.0067521347664296,3.60094666481018,3.6149445012591195,13.99783644893926
2809.1427987901616,0.0063922200351953,3.60094666481018,3.6149451555804317,13.998490770251504
2810.1565668814815,0.0067521347664296,3.60110855102539,3.6149544143979244,13.84586337253424
2811.1706517125212,0.0060323057696223,3.60078477859497,3.6149490950320486,14.164316437078828
2812.1846356823116,0.0053124763071537,3.60094666481018,3.614941371724708,13.994706914527644
2813.2063587180214,0.005672391038388,3.60094666481018,3.61495002438117,14.003359570989637
2814.2125307186616,0.0081917932257056,3.60094666481018,3.614991423116225,14.044758306044791
2815.2265752051917,0.0060323057696223,3.60094666481018,3.6149688909598763,14.02222614969606
2816.2406858708614,0.0017133308574557,3.60094666481018,3.61490325028444,13.956585474259597
2817.2544518387913,0.00207324558869,3.60094666481018,3.6148984704886793,13.951805678499074
2818.2685249911515,0.005672391038388,3.60094666481018,3.614949775534162,14.003110723981749
2819.2825114382313,0.0063922200351953,3.60078477859497,3.614970755186739,14.185976591769123
2820.2964440926517,0.0067521347664296,3.60094666481018,3.614984572858055,14.037908047874748
2821.3104061206914,0.0063922200351953,3.60094666481018,3.614987738970369,14.041074160188849
2822.3244647631914,0.0067521347664296,3.60094666481018,3.6149940835173417,14.04741870716153
2823.3388903990713,0.0049525620415806,3.60094666481018,3.6149762662198746,14.029601409694337
2824.3523835107817,0.0049525620415806,3.60094666481018,3.6149754848960614,14.028820085881133
2825.3664163186413,0.0049525620415806,3.60094666481018,3.614977415115278,14.030750305097595
2826.3803907331517,0.0067521347664296,3.60094666481018,3.615009507769814,14.06284295963367
2827.3943329428416,0.0085517074912786,3.60094666481018,3.6150455947192057,14.098929909025504
2828.4082963864817,0.0060323057696223,3.60078477859497,3.61502120520561,14.236426610640063
2829.4223437042115,0.0063922200351953,3.60094666481018,3.6150280793575513,14.081414547371107
2830.4364589705715,0.0063922200351953,3.60094666481018,3.615032002084034,14.08533727385386
2831.4502369710613,0.004232732579112,3.60094666481018,3.6150025488776323,14.055884067452062
2832.4643002142516,0.003152989083901,3.60094666481018,3.6149825848988195,14.035920088639298
2833.4782827684417,0.003872818313539,3.60078477859497,3.614989660632259,14.204882037289313
2834.4921081914213,0.0049525620415806,3.60110855102539,3.615007701479714,13.899150454323994
2835.5061781586915,0.0067521347664296,3.60110855102539,3.6150378707024076,13.929319677017382
2836.5202226452316,0.003872818313539,3.60094666481018,3.6150061646726015,14.059499862421276
2837.5343481746613,0.0045926473103463,3.60094666481018,3.6150157331807913,14.06906837061106
2838.5481265290614,0.0067521347664296,3.60110855102539,3.6150511877366673,13.942636711277157
2839.5621710155915,0.007471963763237,3.60078477859497,3.6150724419642173,14.287663369247472
2840.5761694952416,0.0067521347664296,3.60110855102539,3.6150720304688138,13.963479443423576
2841.5900342010214,0.0071120494976639,3.60094666481018,3.6150835440760516,14.136879265871372
2842.6042612995116,0.005672391038388,3.60094666481018,3.6150670358447745,14.120371034594292
2843.6182976463615,0.003872818313539,3.6012704372406,3.615040311007425,13.769873766825036
2844.6322253461913,0.0053124763071537,3.60094666481018,3.615060531152119,14.113866341938675
2845.6460415677916,0.004232732579112,3.60094666481018,3.6150478744317356,14.101209621555366
2846.6594334643514,0.0060323057696223,3.60110855102539,3.615075073741222,13.966522715831875
2847.6740367575917,0.0049525620415806,3.60094666481018,3.6150657890521423,14.119124241962044
2848.6879506553514,0.005672391038388,3.60110855102539,3.6150787953748638,13.970244349473582
2849.7019962035815,0.003872818313539,3.60094666481018,3.6150567955929964,14.1101307828162
2850.7159854818615,0.005672391038388,3.60078477859497,3.615082667823356,14.29788922838604
2851.7300975631215,0.005672391038388,3.60078477859497,3.6150912669681854,14.306488373215576
2852.7443112134415,0.0071120494976639,3.6012704372406,3.6151170511716124,13.846613931012275
2853.7581748575217,0.0045926473103463,3.60094666481018,3.615088948328509,14.142283518328913
2854.7721414862513,0.0060323057696223,3.60110855102539,3.6151088021844395,14.000251159049348
2855.7858865741314,0.0053124763071537,3.60094666481018,3.615103971802107,14.157306991926966
2856.7998645276316,0.0045926473103463,3.60078477859497,3.6150948678610435,14.310089266073689
2857.8140470348217,0.003872818313539,3.60094666481018,3.6150821306317584,14.135465821578208
2858.8279906601115,0.0009935018606483,3.60094666481018,3.6150387641599018,14.092099349721554
2859.8419555193414,0.0049525620415806,3.60094666481018,3.615088577166924,14.141912356743891
2860.8558209329217,0.0063922200351953,3.60094666481018,3.6151187984447364,14.172133634556161
2861.8698250749617,0.004232732579112,3.60078477859497,3.6150971223441015,14.312343749131706
2862.8836515596313,0.005672391038388,3.60110855102539,3.6151195356169405,14.010984591550368
2863.8977218808113,0.0060323057696223,3.60094666481018,3.6151306532126752,14.183988402495018
2864.9117139902714,0.0049525620415806,3.60094666481018,3.615122528096196,14.175863286015833
2865.9258557990615,0.0063922200351953,3.60110855102539,3.6151467709464034,14.038219921013173
2866.9396015947414,0.0060323057696223,3.60110855102539,3.615149015875497,14.040464850106904
2867.9537087214217,0.0049525620415806,3.60094666481018,3.615138827635404,14.192162825223953
2868.9676597785915,0.0063922200351953,3.60094666481018,3.6151586268917586,14.211962081578378
2869.9817892009114,0.00207324558869,3.60094666481018,3.615103044657386,14.156379847205969
2870.9957675083115,0.00783187802881,3.60110855102539,3.6151827898420756,14.074238816685458
2872.0096399998715,0.0024331600870937,3.60094666481018,3.615115244649746,14.168579839565876
2873.0237191685214,-0.0008060709806159,3.60094666481018,3.6150574660832095,14.110801273029328
2874.0375318511315,0.003152989083901,3.60094666481018,3.615102836965807,14.156172155626923
2875.0514984798615,0.0063922200351953,3.60094666481018,3.6151579317961806,14.211266986000393
2876.0655663237417,0.007471963763237,3.60094666481018,3.6151867123949755,14.240047584795246
2877.0794274905315,0.0053124763071537,3.60094666481018,3.615165610826016,14.218946015835954
2878.0935063052816,0.0024331600870937,3.60094666481018,3.6151221083866205,14.175443576440294
2879.1075019537416,0.0049525620415806,3.60078477859497,3.615155072217717,14.370293622746999
2880.1216242980813,0.0045926473103463,3.60094666481018,3.615157153767874,14.210488957693723
2881.1353846036213,0.0060323057696223,3.60094666481018,3.6151834328824877,14.236768072307449
2882.1494559864914,0.0063922200351953,3.60110855102539,3.6151969427123696,14.088391686979396
2883.1634350016916,0.0060323057696223,3.60094666481018,3.6151994559741247,14.252791163944512
2884.1773439448616,0.005672391038388,3.60078477859497,3.6151999174448277,14.4151388498579
2885.1913717981315,0.0060323057696223,3.60094666481018,3.615208552176878,14.261887366697756
2886.2053536445314,0.0045926473103463,3.60078477859497,3.61519163959645,14.406861001480031
2887.2195025313013,0.0035129035823047,3.60094666481018,3.6151759080414894,14.229243231309141
2888.2332752233115,0.0045926473103463,3.60094666481018,3.6151896496411586,14.242984830978411
2889.2472726412616,0.0045926473103463,3.60094666481018,3.615193155030387,14.246490220206631
2890.2613277447713,-0.0011659855954349,3.60094666481018,3.6151041986909496,14.157533880769346
2891.2751800640913,0.005672391038388,3.60094666481018,3.615194958272925,14.248293462744588
2892.2892602944316,0.0060323057696223,3.60094666481018,3.615213001608211,14.26633679803091
2893.3032159522913,0.004232732579112,3.60094666481018,3.615194433671328,14.247768861147758
2894.3173988133813,0.0045926473103463,3.60094666481018,3.6152025502555922,14.255885445412009
2895.3311205439213,0.0063922200351953,3.60110855102539,3.6152331231464263,14.124572121036127
2896.3455267153513,0.0053124763071537,3.60094666481018,3.6152284527140646,14.281787903884346
2897.3591918220313,0.0071120494976639,3.60078477859497,3.615257132520693,14.472353925722992
2898.3731103204814,0.0045926473103463,3.60094666481018,3.6152297352671594,14.283070456979186
2899.3871172937115,0.0060323057696223,3.60078477859497,3.615252922437984,14.468143843014314
2900.4011154194613,0.0060323057696223,3.60094666481018,3.6152577396218235,14.311074811643287
2901.4152483807716,0.0035129035823047,3.60094666481018,3.6152260741364657,14.279409326285464
2902.4290653101716,0.005672391038388,3.60110855102539,3.61525661473865,14.148063713259607
2903.4508389534712,0.0071120494976639,3.60094666481018,3.6152864870302386,14.339822220058362
2904.4570679318613,-0.0004461564240045,3.60094666481018,3.615178832686651,14.232167876470747
2905.4709400695215,0.005672391038388,3.60094666481018,3.615256331827934,14.309667017753824
2906.4849654455015,0.0071120494976639,3.60094666481018,3.6152903062218105,14.343641411630248
2907.4989603861613,0.007471963763237,3.60094666481018,3.615306342961529,14.359678151348643
2908.5131386465614,0.0053124763071537,3.60078477859497,3.6152860115714103,14.501232976440459
2909.5269088612813,0.005672391038388,3.60110855102539,3.6152901177483243,14.181566722934136
2910.5409894455315,0.0027930745854973,3.60110855102539,3.6152523107342027,14.143759708812542
2911.5549008659914,0.0071120494976639,3.60110855102539,3.615311137937616,14.202586912225978
2912.5688763422013,0.005672391038388,3.60094666481018,3.615303693512345,14.357028702164598
2913.5828489872115,0.0053124763071537,3.60094666481018,3.615303740694039,14.357075883858705
2914.5968725937014,0.00783187802881,3.60110855102539,3.6153435528447093,14.235001819319137
2915.6110023699216,0.0060323057696223,3.60094666481018,3.615327820744501,14.381155934320766
2916.6248313318915,0.00207324558869,3.60110855102539,3.615270457764554,14.161906739163843
2917.6388432597114,0.0035129035823047,3.60094666481018,3.615283880866794,14.337216056613755
2918.6528049338513,0.0063922200351953,3.60094666481018,3.6153292259222343,14.382561112054049
2919.6667241401015,0.00783187802881,3.60110855102539,3.6153615261430336,14.252975117643452
2920.6807388991115,0.003872818313539,3.60094666481018,3.615313580900026,14.366916089845638
2921.6947264078813,0.005672391038388,3.60094666481018,3.615335950408501,14.389285598320978
2922.7089032526915,0.0049525620415806,3.60078477859497,3.615331392735686,14.54661414071623
2923.7226713440114,0.0071120494976639,3.60110855102539,3.615367527623196,14.258976597805617
2924.7369101211616,0.0053124763071537,3.60094666481018,3.615350063434683,14.403398624502906
2925.7506732579013,0.0045926473103463,3.60094666481018,3.6153416016873354,14.394936877155207
2926.7640495829014,0.007471963763237,3.60094666481018,3.615387633295368,14.44096848518761
2927.7786443825617,0.0049525620415806,3.60094666481018,3.615358587117409,14.411922307228764
2928.7926449856013,0.0017133308574557,3.60094666481018,3.615311012351405,14.364347541224731
2929.8067949340816,0.0045926473103463,3.60110855102539,3.6153431824698767,14.234631444486556
2930.8205778891615,0.0053124763071537,3.60094666481018,3.615361280621805,14.414615811624731
2931.8345597355515,0.0071120494976639,3.60110855102539,3.6153944161040235,14.285865078633275
2932.8485681243815,0.0049525620415806,3.60094666481018,3.615372404815307,14.425740005126642
2933.8624947625117,0.0053124763071537,3.60094666481018,3.615378411743827,14.431746933646572
2934.8765279242716,0.0053124763071537,3.60078477859497,3.6153827440051605,14.59796541019065
2935.8904743807516,0.0071120494976639,3.60110855102539,3.6154165569050356,14.308005879645425
2936.9040269475113,0.0049525620415806,3.60094666481018,3.6153923025913635,14.44563778118324
2937.9184288721513,0.0045926473103463,3.60094666481018,3.6153878030836673,14.44113827348703
2938.9324220433214,0.0071120494976639,3.60094666481018,3.6154286341128548,14.481969302674536
2939.9464736078316,0.00783187802881,3.60110855102539,3.6154473934925897,14.33884246719952
2940.9604126324316,0.0035129035823047,3.60110855102539,3.6153921307833907,14.283579758000542
2941.9738820329017,-0.0004461564240045,3.60094666481018,3.6153245002073797,14.377835397199501
2942.9884272866916,0.0053124763071537,3.60078477859497,3.6153944013988997,14.609622803929856
2944.0025446764416,0.0053124763071537,3.60094666481018,3.61540721763394,14.460552823759798
2945.0163534661615,0.0063922200351953,3.60094666481018,3.6154301977480237,14.483532937843435
2946.0303190331915,0.005672391038388,3.60078477859497,3.6154272026851584,14.642424090188566
2947.0443394545914,0.005672391038388,3.60094666481018,3.6154312591004483,14.48459429026805
2948.0582781252915,0.0035129035823047,3.60094666481018,3.615403571553791,14.456906743610887
2949.0722850985117,0.0035129035823047,3.60078477859497,3.615400820906811,14.616042311841326
2950.0863341857416,0.0049525620415806,3.60078477859497,3.6154219529823823,14.637174387412522
2951.1004296337414,0.0060323057696223,3.60094666481018,3.615444208350216,14.497543540035629
2952.1142147122314,0.0063922200351953,3.60110855102539,3.6154585030783863,14.349952052996162
2953.1282262861414,0.0067521347664296,3.60094666481018,3.615471259698179,14.52459488799862
2954.1424211798017,0.0060323057696223,3.60110855102539,3.615467849844369,14.359298818978683
2955.1563941787113,0.0053124763071537,3.60094666481018,3.6154637196073622,14.517054797182016
2956.1703498365714,0.0060323057696223,3.60110855102539,3.6154732883781726,14.36473735278243
2957.1842039253816,0.0045926473103463,3.60094666481018,3.615459604751071,14.512939940890757
2958.1983269775214,0.0053124763071537,3.60094666481018,3.615471041430546,14.524376620365764
2959.2121074553115,0.0081917932257056,3.60094666481018,3.6155198156520663,14.57315084188604
2960.2261045193613,0.0071120494976639,3.60110855102539,3.6155154359327204,14.40688490733022
2961.2401033529113,0.0017133308574557,3.60094666481018,3.6154371968224317,14.490532012251478
2962.2540413158113,-0.0015259000938385,3.60094666481018,3.6153743517924504,14.42768698227015
2963.2682500115416,0.0067521347664296,3.60094666481018,3.6154840208593066,14.537356049126426
2964.2819950994217,0.0063922200351953,3.60094666481018,3.615497790319705,14.551125509524976
2965.2962193667113,0.0067521347664296,3.60094666481018,3.615511777573613,14.565112763432975
2966.3099846268415,0.003152989083901,3.60094666481018,3.6154651358907555,14.518471080575246
2967.3239788597016,0.0045926473103463,3.60094666481018,3.615482517866342,14.535853056161674
2968.3386111726713,0.0060323057696223,3.60110855102539,3.615509406377238,14.400855351847763
2969.3521517068616,0.0063922200351953,3.60094666481018,3.615522676657335,14.576011847154735
2970.3659668667615,0.0049525620415806,3.60094666481018,3.615509408705644,14.562743895463637
2971.3799306643014,0.0071120494976639,3.60110855102539,3.6155440958407636,14.435544815373458
2972.3940774276816,0.007471963763237,3.60110855102539,3.6155588434222374,14.450292396847253
2973.4078848018016,0.0009935018606483,3.60094666481018,3.6154673259564865,14.520661146306235
2974.4218648787014,0.0045926473103463,3.60094666481018,3.6155078321600644,14.561167349884219
2975.4359366154713,0.0071120494976639,3.60094666481018,3.6155506384215146,14.603973611334364
2976.4498409579514,0.0045926473103463,3.60110855102539,3.6155261618386962,14.417610813306059
2977.4640202800515,0.005672391038388,3.60094666481018,3.6155424283849675,14.595763574787313
2978.4780166363016,0.0053124763071537,3.60094666481018,3.615542987736649,14.59632292646873
2979.4921506593214,0.0049525620415806,3.60094666481018,3.6155406495495037,14.593984739323496
2980.5057669279213,0.0045926473103463,3.60094666481018,3.615536686822022,14.590022011841786
2981.5199759775414,0.003872818313539,3.60094666481018,3.6155282317331063,14.581566922926115
2982.5340027691213,0.004232732579112,3.60094666481018,3.615533469124742,14.586804314561608
2983.5477160060814,0.00783187802881,3.60094666481018,3.6155930053442926,14.646340534112401
2984.5616925439813,0.0045926473103463,3.60110855102539,3.6155573642401926,14.448813214802403
2985.5756991633116,0.0049525620415806,3.60094666481018,3.615562494536836,14.615829726655871
2986.5898406182114,0.005672391038388,3.60094666481018,3.6155769811490885,14.630316338908322
2987.6036465767415,0.0060323057696223,3.60094666481018,3.615589112612048,14.642447801867853
2988.6176386862016,0.0067521347664296,3.60094666481018,3.615607290581101,14.660625770920976
2989.6317090073717,0.00783187802881,3.60110855102539,3.615630672355187,14.5221213297968
2990.6455988399916,-8.62418673932552e-05,3.60094666481018,3.6155203181228344,14.573653312654145
2991.6595704233114,0.0049525620415806,3.60110855102539,3.615575905477781,14.46735445239078
2992.6735607632813,0.0053124763071537,3.60094666481018,3.615590548045799,14.643883235618826
2993.6877538874414,0.0060323057696223,3.60094666481018,3.615607204959342,14.66054014916196
2994.7015262255513,0.003872818313539,3.60094666481018,3.615580218972546,14.63355416236567
2995.7155201045216,0.0049525620415806,3.60094666481018,3.6155958953943115,14.649230584131256
2996.7297574660715,0.0049525620415806,3.60078477859497,3.615600646975822,14.815868380852137
2997.7437322344813,0.0053124763071537,3.60094666481018,3.615605174385582,14.658509575401713
2998.7574783840614,0.003152989083901,3.60078477859497,3.615588344127618,14.803565532648388
2999.7717026513415,0.0067521347664296,3.60094666481018,3.6156359253382373,14.68926052805708
3000.7862047294416,0.00783187802881,3.60094666481018,3.615663740176086,14.717075365905607
3001.7996571427516,0.0045926473103463,3.60094666481018,3.6156238949548842,14.677230144704012
3002.8138184159916,0.000273672689218,3.60110855102539,3.6155547060730178,14.446155047627585
3003.8276657807214,0.0060323057696223,3.60094666481018,3.615629182609984,14.682517799803563
3004.8415814479713,0.005672391038388,3.60094666481018,3.6156367584221134,14.690093611933186
3005.8557310425513,0.0067521347664296,3.60094666481018,3.61565907421043,14.712409400249982
3006.8693809315614,0.0027930745854973,3.60094666481018,3.615608083763415,14.661418953234584
3007.8838720387917,0.0053124763071537,3.60110855102539,3.615640106897002,14.531555871611701
3008.8975176810113,0.0053124763071537,3.60094666481018,3.615647366634592,14.700701824411855
3009.9113204544515,0.0060323057696223,3.60110855102539,3.6156629889609966,14.554437935606401
3010.9254987148515,0.0053124763071537,3.60094666481018,3.615660151459816,14.713486649635676
3011.9392285850713,0.005672391038388,3.60110855102539,3.6156697314298767,14.561180404486507
3012.9532327271113,0.0081917932257056,3.60094666481018,3.615713560744746,14.766895934565927
3013.9672524407015,0.0024331600870937,3.60078477859497,3.615637312633147,14.852534038177101
3014.9816207449317,-0.0008060709806159,3.60110855102539,3.6155756110394437,14.467060014053512
3015.9953757419917,0.0049525620415806,3.60094666481018,3.6156492645215694,14.702599711389208
3017.0101860662116,0.0060323057696223,3.60094666481018,3.6156754765921306,14.728811781950402
3018.0233790714715,0.003872818313539,3.60094666481018,3.615652506474656,14.705841664475638
3019.0359407207015,0.0049525620415806,3.60094666481018,3.6156698458142817,14.723181004101527
3020.0513186991116,0.0049525620415806,3.60094666481018,3.6156759559643894,14.729291154209179
3021.0651306739214,0.005672391038388,3.60110855102539,3.6156904318989977,14.581880873607567
3022.0793050414413,0.004232732579112,3.60110855102539,3.6156741688274034,14.565617802013264
3023.0930710093617,0.004232732579112,3.60094666481018,3.615674898598805,14.728233788624756
3024.1070567486513,0.00783187802881,3.60110855102539,3.6157330154436966,14.624464418306449
3025.1212449182217,0.0024331600870937,3.60094666481018,3.615664570088093,14.717905277912724
3026.1352157937413,0.0027930745854973,3.60094666481018,3.6156610651020364,14.714400291856222
3027.1489973332314,0.003872818313539,3.60094666481018,3.6156761105948774,14.729445784697148
3028.1629905043915,0.00783187802881,3.60094666481018,3.615742290309788,14.795625499608
3029.1771868136516,0.0053124763071537,3.60094666481018,3.615719245458277,14.772580648096945
3030.1909605673613,0.003872818313539,3.60094666481018,3.6156999055366965,14.753240726516292
3031.2049385208616,0.0045926473103463,3.60094666481018,3.615709955582796,14.763290772615623
3032.2189472635814,0.005672391038388,3.60094666481018,3.615729098706043,14.782433895862646
3033.2328944278615,0.0049525620415806,3.60094666481018,3.615725778869027,14.779114058846687
3034.2469038783815,0.005672391038388,3.60110855102539,3.6157381998614184,14.629648836028242
3035.2608821857816,0.0035129035823047,3.60094666481018,3.6157120296415983,14.765364831418104
3036.2750133776017,0.005672391038388,3.60094666481018,3.615743438572723,14.796773762542959
3037.2888150893414,0.0063922200351953,3.60110855102539,3.615761803180411,14.65325215502089
3038.3028227703717,0.0060323057696223,3.60094666481018,3.6157659930070722,14.819328196892023
3039.3168375293812,0.0071120494976639,3.60110855102539,3.615788872612722,14.68032158733168
3040.3307846936514,0.0060323057696223,3.60110855102539,3.615780343245149,14.671792219759006
3041.3451498127915,0.0027930745854973,3.60094666481018,3.6157329956620687,14.786330851888518
3042.3587689125816,0.0035129035823047,3.60094666481018,3.615737272800452,14.790607990271987
3043.3729078901815,0.003152989083901,3.60078477859497,3.6157312689103063,14.946490315336458
3044.3867188033014,0.003152989083901,3.60094666481018,3.6157267671302216,14.780102320041344
3045.4007024191915,0.0017133308574557,3.60094666481018,3.615704862252118,14.75819744193796
3046.4147253178717,0.0006335872458294,3.60094666481018,3.615682892018811,14.736227208630659
3047.4287032713714,0.000273672689218,3.60094666481018,3.615674526021174,14.727861210993787
3048.4426422959714,0.0060323057696223,3.60094666481018,3.615754485343024,14.807820532843685
3049.4566485614014,0.0049525620415806,3.60094666481018,3.6157546843854007,14.808019575220488
3050.4710055408614,0.0049525620415806,3.60094666481018,3.615762274388511,14.815609578330946
3051.4846005755116,0.0053124763071537,3.60094666481018,3.6157731831939137,14.8265183837335
3052.4985810063113,0.0049525620415806,3.60078477859497,3.6157750591297155,14.990280534745715
3053.5126017816015,0.0053124763071537,3.60094666481018,3.615779648918689,14.83298410850864
3054.5265846896914,0.0035129035823047,3.60094666481018,3.61575893244215,14.812267631969966
3055.5405431787412,0.00207324558869,3.60078477859497,3.6157356460595613,14.95086746459151
3056.5545278563213,0.0045926473103463,3.60110855102539,3.615769875349886,14.661324324495961
3057.5686739119014,0.0053124763071537,3.60094666481018,3.6157879709618155,14.841306151635258
3058.5824706690614,0.0049525620415806,3.60110855102539,3.615789404138929,14.680853113538728
3059.5964698565012,0.004232732579112,3.60094666481018,3.615783375003309,14.8367101931286
3060.6104984175813,0.0063922200351953,3.60094666481018,3.6158202205387204,14.873555728540211
3061.6244618612113,0.0049525620415806,3.60094666481018,3.615807477514862,14.86081270468187
3062.6384217658615,0.0045926473103463,3.60094666481018,3.615804257734501,14.857592924320873
3063.6524255540016,0.003872818313539,3.60094666481018,3.61579754031795,14.850875507769867
3064.6665482522417,0.0053124763071537,3.60110855102539,3.6158204443724555,14.711893347065352
3065.6803588114517,0.0067521347664296,3.60094666481018,3.6158497397277136,14.903074917533399
3066.6943509209214,0.0067521347664296,3.60094666481018,3.615858534130566,14.911869320385573
3067.7083423225813,0.00207324558869,3.60110855102539,3.615795080810709,14.686529785318925
3068.7222880712716,0.0045926473103463,3.60094666481018,3.615823835184059,14.877170373878812
3069.7365080917616,0.0045926473103463,3.60078477859497,3.615828909393566,15.044130798596012
3070.7503133424916,0.004232732579112,3.60110855102539,3.6158272272781535,14.718676252763352
3071.7644742618413,0.0049525620415806,3.60094666481018,3.6158416575771284,14.894992766948167
3072.7783301201416,0.0060323057696223,3.60094666481018,3.615859823527479,14.913158717298813
3073.8066728388817,0.0035129035823047,3.60110855102539,3.6158312726785913,14.722721653201098
3074.8218795301214,0.0045926473103463,3.60094666481018,3.615845766439403,14.899101629222589
3075.8346407784516,0.004232732579112,3.60078477859497,3.615845421724059,15.060643129089168
3076.8485628158915,0.0067521347664296,3.60094666481018,3.6158858564076524,14.939191597472146
3077.8625598799413,0.0049525620415806,3.60094666481018,3.615869594496359,14.922929686178588
3078.8765526972115,0.0045926473103463,3.60110855102539,3.6158670237137933,14.758472688403135
3079.8905129557515,0.0053124763071537,3.60110855102539,3.6158800607067345,14.77150968134433
3080.9044976333416,0.005672391038388,3.60094666481018,3.615890334396496,14.943669586315877
3081.9197482080713,0.004232732579112,3.60078477859497,3.615873139077796,15.088360482826246
3082.9324461084616,0.0035129035823047,3.60094666481018,3.61586280897907,14.916144168889645
3083.9464534355816,0.0049525620415806,3.60110855102539,3.615883369149138,14.774818123747924
3084.9604306812917,0.003152989083901,3.60062289237976,3.615861627006533,15.238734626773276
3085.9744185439613,0.003872818313539,3.60094666481018,3.6158707097095326,14.924044899352396
3086.9883975591615,0.0045926473103463,3.60094666481018,3.615883692219507,14.937027409326564
3088.0023942693115,0.004232732579112,3.60110855102539,3.6158834506080106,14.77489958262046
3089.0176388277614,0.0045926473103463,3.60094666481018,3.6158920595221966,14.945394712016391
3090.0303476990216,0.0049525620415806,3.60094666481018,3.6159020184529966,14.955353642816416
3091.0443369772916,0.004232732579112,3.60094666481018,3.61590116206873,14.954497258549804
3092.0583205931816,0.0060323057696223,3.60078477859497,3.6159205647989063,15.135786203936519
3093.0723024395716,0.0045926473103463,3.60078477859497,3.61591284251888,15.128063923909973
3094.0862906561415,0.0045926473103463,3.60094666481018,3.6159116905777036,14.965025767523343
3095.1002671940514,0.003152989083901,3.60094666481018,3.6158947226293643,14.948057819184069
3096.1155227233717,0.0045926473103463,3.60094666481018,3.615912483471704,14.965818661523578
3097.1282386726116,0.001353416359052,3.60094666481018,3.6158660794329287,14.919414622748484
3098.1422413990513,-0.0011659855954349,3.60078477859497,3.6158182969713573,15.033518376387445
3099.1562076738815,0.00207324558869,3.60094666481018,3.6158556147042185,14.908949894038237
3100.1701838578815,0.0053124763071537,3.60094666481018,3.615909307246034,14.96264243585399
3101.1841777368513,0.0067521347664296,3.60094666481018,3.6159420069112533,14.995342101073117
3102.1981436577817,0.0045926473103463,3.60094666481018,3.6159246950684465,14.978030258266273
3103.2134236061315,0.0045926473103463,3.60110855102539,3.615926125328528,14.817574303137793
3104.2261253994116,0.0035129035823047,3.60110855102539,3.615912951210359,14.80440018496898
3105.2400998139215,0.0045926473103463,3.60094666481018,3.615930588403009,14.983923592828852
3106.2540876766016,0.005672391038388,3.60094666481018,3.615952073300571,15.005408490390781
3107.2680369642717,0.004232732579112,3.60078477859497,3.615938372063791,15.153593468821391
3108.2821037464514,0.0045926473103463,3.60094666481018,3.615946420216573,14.999755406392978
3109.2960406476514,0.005672391038388,3.60094666481018,3.615967508254085,15.020843443904752
3110.3115155944315,0.0071120494976639,3.60094666481018,3.6159951059911006,15.048441180920413
3111.3239972624515,0.0063922200351953,3.6012704372406,3.6159949772591258,14.724540018525634
3112.3383556575013,0.0024331600870937,3.60110855102539,3.6159400751699864,14.831524144596209
3113.3519765267915,0.0035129035823047,3.60094666481018,3.6159490817194935,15.002416909313254
3114.3659580192816,0.003872818313539,3.60094666481018,3.6159553579374433,15.00869312726305
3115.3799154466415,0.0035129035823047,3.60094666481018,3.6159535625715917,15.006897761411508
3116.3939160496816,0.0053124763071537,3.60094666481018,3.6159812733415437,15.034608531363514
3117.4091959980415,0.0053124763071537,3.60110855102539,3.615988034089534,14.879483064143884
3118.4218988530115,0.003152989083901,3.60094666481018,3.6159606255362635,15.013960726083297
3119.4358693746317,0.0024331600870937,3.60094666481018,3.615946991600653,15.000326790472585
3120.4498473281315,0.004232732579112,3.60094666481018,3.6159719354758697,15.025270665689483
3121.4638419148914,0.0049525620415806,3.60094666481018,3.6159886786350697,15.042013824889455
3122.4777713842113,0.0045926473103463,3.60078477859497,3.615989676022793,15.204897427823383
3123.4918187019416,0.0045926473103463,3.60094666481018,3.6159945504274185,15.047885617238244
3124.5057998405314,0.0060323057696223,3.60094666481018,3.6160195167202898,15.072851910109542
3125.5197689465613,0.005672391038388,3.60110855102539,3.6160237672859226,14.915216260532382
3126.5337582248317,0.0053124763071537,3.60094666481018,3.6160236917357937,15.077026925613524
3127.5477485648016,0.003872818313539,3.60110855102539,3.6160084260795116,14.899875054121381
3128.5617233332114,0.004232732579112,3.60094666481018,3.6160115126345653,15.064847824385108
3129.5756988094113,0.0049525620415806,3.60094666481018,3.6160253425711817,15.078677761001469
3130.5896841948015,0.0053124763071537,3.60094666481018,3.6160364927860655,15.089827975885317
3131.6049347695316,0.005672391038388,3.60110855102539,3.6160479047238008,14.939353698410596
3132.6176447024914,0.0063922200351953,3.60094666481018,3.6160617531431996,15.115088333019333
3133.6316527374115,0.0053124763071537,3.60110855102539,3.616054665447679,14.946114422288659
3134.6456218434314,0.0045926473103463,3.60110855102539,3.616043692236614,14.935141211223968
3135.6595856409713,0.00207324558869,3.60094666481018,3.616007786373821,15.0611215636407
3136.6735816433315,0.003152989083901,3.60094666481018,3.616019569998038,15.072905187857977
3137.6875390706814,0.0067521347664296,3.60094666481018,3.6160751345134434,15.128469703263203
3138.7022736604913,0.0045926473103463,3.60110855102539,3.616054202113299,14.945651087908907
3139.7154949776814,0.0009935018606483,3.60078477859497,3.6160007696954066,15.21599110043681
3140.7297234917514,0.0045926473103463,3.60094666481018,3.616046073306116,15.09940849593594
3141.7473604082516,0.004232732579112,3.60094666481018,3.616048586796828,15.101921986647948
3142.7574812152516,0.0045926473103463,3.60110855102539,3.616057821069462,14.94927004407165
3143.7714740325114,0.0049525620415806,3.60094666481018,3.616068363179924,15.121698369743974
3144.7854576484015,0.0053124763071537,3.60094666481018,3.6160786500875375,15.131985277357263
3145.8006901742815,0.003872818313539,3.60094666481018,3.616063241317923,15.116576507742785
3146.8134089547116,0.004232732579112,3.60078477859497,3.616066692115301,15.281913520331258
3147.8273805380313,0.0035129035823047,3.60094666481018,3.616061652281234,15.114987471053887
3148.8414044984115,0.003872818313539,3.60094666481018,3.616066516641862,15.119851831681963
3149.8553445847115,0.0045926473103463,3.60094666481018,3.61607991757663,15.133252766449612
3150.8693512040413,0.0049525620415806,3.60094666481018,3.61609020990581,15.143545095629651
3151.8832888130414,0.003872818313539,3.60094666481018,3.616080455792674,15.133790982493789
3152.8985935343417,0.0060323057696223,3.60094666481018,3.616112308297437,15.165643487256908
3153.9112783404616,0.004232732579112,3.60094666481018,3.6160945402992284,15.147875489048168
3154.9252732811115,0.003872818313539,3.60094666481018,3.6160895364210375,15.142871610857256
3155.9392583126014,0.003872818313539,3.60094666481018,3.616092261578481,15.145596768300962
3156.9534751480014,0.0049525620415806,3.60078477859497,3.6161113823145703,15.326603719600485
3157.9674555788015,0.0063922200351953,3.60094666481018,3.616138584586942,15.191919776761598
3158.9812615373316,0.005672391038388,3.60094666481018,3.6161376700508323,15.191005240652089
3159.9965782911913,0.0049525620415806,3.60094666481018,3.6161278949396576,15.181230129477363
3161.0092047039616,0.0009935018606483,3.60094666481018,3.616069791946427,15.123127136246861
3162.0231808879616,0.003872818313539,3.60094666481018,3.616104235613399,15.157570803218778
3163.0371974164714,0.0049525620415806,3.60078477859497,3.616125797885755,15.34101929078524
3164.0511449346413,0.004232732579112,3.60094666481018,3.6161237235315586,15.177058721378422
3165.0651742035216,0.0067521347664296,3.60094666481018,3.6161633894543384,15.21672464415813
3166.0790622666414,0.0053124763071537,3.60094666481018,3.6161535007415346,15.206835931354412
3167.0944894370314,0.0027930745854973,3.60110855102539,3.616116804628235,15.008253602844857
3168.1070709046116,0.0024331600870937,3.60094666481018,3.6161082872051096,15.161622394929353
3169.1210877870117,0.0045926473103463,3.60094666481018,3.616138515163056,15.191850352875846
3170.1350494611615,0.0045926473103463,3.60094666481018,3.616145449374118,15.19878456393764
3171.1490528953914,0.0045926473103463,3.60094666481018,3.616150415091705,15.203750281524986
3172.1630283716013,0.0049525620415806,3.60094666481018,3.616160525402943,15.213860592762973
3173.1770208349617,0.0053124763071537,3.60078477859497,3.6161694426986983,15.384664103728518
3174.1923758099415,0.003872818313539,3.60094666481018,3.6161536047455405,15.206939935360264
3175.2049855894415,0.004232732579112,3.60110855102539,3.616159364109599,15.050813084208858
3176.2189826534914,0.004232732579112,3.60094666481018,3.6161609422276024,15.214277417422206
3177.2329471588314,0.003152989083901,3.60094666481018,3.6161491349616344,15.20247015145415
3178.2469265279315,0.0071120494976639,3.60094666481018,3.616210125786017,15.26346097583664
3179.2609303160616,0.0045926473103463,3.60094666481018,3.6161828060401446,15.236141229964417
3180.2748587236915,-8.62418673932552e-05,3.60110855102539,3.6161115041754575,15.002953150067277
3181.2896697557117,0.0009935018606483,3.60094666481018,3.616113221752823,15.166556942642906
3182.3028429426213,0.003872818313539,3.60094666481018,3.616153119909699,15.206455099518568
3183.3168566399313,0.0035129035823047,3.60094666481018,3.6161543111375702,15.207646327390023
3184.3312097264916,0.0035129035823047,3.60094666481018,3.6161603107787443,15.213645968564116
3185.3448351964716,0.005672391038388,3.60094666481018,3.616196526826019,15.249862015839
3186.3587526332217,0.004232732579112,3.60094666481018,3.6161833255985427,15.2366607883625
3187.3727468660813,0.004232732579112,3.60094666481018,3.6161842236077684,15.237558797588147
3188.3881121041313,0.003152989083901,3.60094666481018,3.616173200731707,15.226535921526896
3189.4007466565813,0.0063922200351953,3.60094666481018,3.616222526229767,15.2758614195867
3190.4147143470013,0.0049525620415806,3.60110855102539,3.61621043767302,15.101886647630014
3191.4287273365117,0.0024331600870937,3.60094666481018,3.6161744061358956,15.22774132571536
3192.4426840560714,0.0045926473103463,3.60094666481018,3.6162035723471098,15.256907536929543
3193.4566768733316,0.0045926473103463,3.60110855102539,3.61621012020718,15.101569181789731
3194.4706293461013,0.0045926473103463,3.60094666481018,3.616213159682875,15.266494872694825
3195.4860197109815,0.003872818313539,3.60094666481018,3.616211100926421,15.26443611624062
3196.4985912693814,0.005672391038388,3.60094666481018,3.6162385995019695,15.291934691789244
3197.5395066082215,0.0067521347664296,3.60094666481018,3.6162629268108866,15.316262000706349
3198.5435010675715,0.0053124763071537,3.60094666481018,3.6162518334515648,15.305168641384537
3199.5561536688715,0.0049525620415806,3.60094666481018,3.616248477792944,15.301812982763785
3200.5700615503515,0.003872818313539,3.60094666481018,3.6162347242302304,15.288059420050182
3201.5841024978913,0.0035129035823047,3.60094666481018,3.6162284973969343,15.281832586754085
3202.5980624025415,0.003152989083901,3.60094666481018,3.616222603814235,15.275939004054884
3203.6121040578814,0.0027930745854973,3.60094666481018,3.616216000429528,15.269335619347846
3204.6260540533513,0.0017133308574557,3.60094666481018,3.6161968154936512,15.25015068347102
3205.6414791003513,-0.0018858145922422,3.60094666481018,3.616138240878345,15.191576068164903
3206.6539795250314,0.0035129035823047,3.60094666481018,3.6162038313827796,15.257166572599345
3207.6680448916113,0.0024331600870937,3.60078477859497,3.616195828629335,15.411050034365381
3208.6819938253816,0.003872818313539,3.60094666481018,3.6162211519840937,15.274487173913442
3209.6959788568715,0.0063922200351953,3.60110855102539,3.6162643722132053,15.15582118781511
3210.7099284984415,0.003152989083901,3.60094666481018,3.616229683252008,15.283018441827778
3211.7239506893316,0.003872818313539,3.60110855102539,3.61623796547284,15.12941444744964
3212.7394677501015,0.003872818313539,3.60110855102539,3.616241588594017,15.13303756862694
3213.7519062424317,0.003872818313539,3.60094666481018,3.616245835737772,15.29917092759181
3214.7658548223017,0.004232732579112,3.60094666481018,3.616254429087647,15.307764277466607
3215.7798826755816,0.0045926473103463,3.60094666481018,3.616264658316856,15.31799350667562
3216.7937898492514,0.003152989083901,3.60094666481018,3.6162474229337764,15.300758123596214
3217.8078615860213,0.0049525620415806,3.60094666481018,3.6162752689992845,15.328604189104311
3218.8218264452516,0.0049525620415806,3.60094666481018,3.6162828296306584,15.33616482047817
3219.8372337973015,0.0060323057696223,3.60094666481018,3.61630523889635,15.358574086169696
3220.8497710274814,0.0060323057696223,3.60110855102539,3.6163143659329013,15.205814907511161
3221.8637429647015,0.003872818313539,3.60110855102539,3.616286538298973,15.177987273582882
3222.8777732952713,0.003152989083901,3.60110855102539,3.6162744488059255,15.165897780535342
3223.8917629274415,0.003152989083901,3.60094666481018,3.6162692757841843,15.322610974004114
3224.9056562990513,-8.62418673932552e-05,3.60094666481018,3.61622294937443,15.276284564249565
3225.9197244968313,0.0045926473103463,3.60094666481018,3.6162824383336853,15.335773523505125
3226.9344067095712,0.005672391038388,3.60110855102539,3.616309381660724,15.20083063533395
3227.9476938520015,0.0024331600870937,3.60110855102539,3.616268470375985,15.159919350594908
3228.9616378311816,0.0006335872458294,3.60110855102539,3.6162364211289746,15.127870103584407
3229.9756529440915,0.0045926473103463,3.60094666481018,3.616290892108224,15.344227298043744
3231.0148012646214,0.004232732579112,3.60094666481018,3.6162958655916713,15.349200781491046
3232.0192221724215,0.004232732579112,3.60094666481018,3.616300628527907,15.353963717726682
3233.0331820770616,0.0049525620415806,3.60094666481018,3.616314755794946,15.368090984765992
3234.0471752482313,0.004232732579112,3.60094666481018,3.6163109582180315,15.364293407851282
3235.0611493088413,0.003872818313539,3.60094666481018,3.6163078557971597,15.361190986979523
3236.0751566359613,0.00207324558869,3.60078477859497,3.616282788634733,15.498010039763255
3237.0905105492416,0.0067521347664296,3.60110855102539,3.616353072897721,15.244521872330719
3238.1031139585616,0.0017133308574557,3.60094666481018,3.6162877500000845,15.341085189904291
3239.1170636001316,-0.0015259000938385,3.60094666481018,3.616228138521637,15.281473711456606
3240.1310964080017,0.0024331600870937,3.60110855102539,3.616275826787719,15.167275762328902
3241.1450878096616,0.0053124763071537,3.60094666481018,3.616325644431252,15.378979621071931
3242.1590487760113,0.0060323057696223,3.60094666481018,3.6163498576753637,15.403192865183435
3243.1729962941813,0.0045926473103463,3.60110855102539,3.616337321018478,15.228769993087976
3244.1883700258113,0.004232732579112,3.60094666481018,3.6163348651318907,15.38820032171051
3245.2009964385716,0.0035129035823047,3.60094666481018,3.616326777986049,15.380113175868626
3246.2149772232715,0.0045926473103463,3.60094666481018,3.6163454400571493,15.398775246969088
3247.2289318194316,0.0053124763071537,3.60110855102539,3.6163615194797814,15.25296845439117
3248.2429426855415,0.003152989083901,3.60094666481018,3.6163360633558326,15.389398545652355
3249.2568990512013,0.0060323057696223,3.60094666481018,3.616379550963939,15.432886153758929
3250.2709233654814,0.0067521347664296,3.60094666481018,3.6164020897600957,15.455424949915475
3251.2862383498514,0.0060323057696223,3.60094666481018,3.6164004280800577,15.453763269877463
3252.2988803341814,0.0006335872458294,3.60094666481018,3.6163217575486892,15.37509273850901
3253.3128423622215,0.0049525620415806,3.60094666481018,3.6163753033759143,15.428638565734065
3254.3268436730614,0.004232732579112,3.60094666481018,3.6163734025046304,15.426737694450132
3255.3411426130715,0.0045926473103463,3.60110855102539,3.616382020829385,15.27346980399491
3256.3548201062113,0.0049525620415806,3.60094666481018,3.6163910053436625,15.444340533482315
3257.3687715172814,0.004232732579112,3.60094666481018,3.616385962594814,15.439297784633599
3258.3841427716116,0.004232732579112,3.60094666481018,3.6163876163264055,15.440951516225265
3259.3967284859814,0.0027930745854973,3.60110855102539,3.61636811421855,15.25956319316002
3260.4107520924713,0.0035129035823047,3.60094666481018,3.6163772490184187,15.430584208238507
3261.4247017340413,0.0053124763071537,3.60094666481018,3.616406575001315,15.459910191134796
3262.4387175547413,0.0045926473103463,3.60094666481018,3.6164052593099862,15.458594499806022
3263.4526997550315,0.0053124763071537,3.60078477859497,3.616419618891789,15.634840296819164
3264.4666529355914,0.0053124763071537,3.60110855102539,3.616426722637514,15.318171612123788
3265.4820319757114,0.005672391038388,3.60094666481018,3.616436955244535,15.49029043435457
3266.4946530799916,0.0035129035823047,3.60094666481018,3.6164102602274286,15.4635954172484
3267.5086476667416,0.003872818313539,3.60094666481018,3.6164134058271826,15.466741017002406
3268.5226065096913,0.004232732579112,3.60094666481018,3.6164216286409663,15.47496383078606
3269.5365841092917,0.0049525620415806,3.60110855102539,3.616436710676142,15.32815965075196
3270.5505893130317,0.0067521347664296,3.60110855102539,3.6164707081142913,15.362157088901096
3271.5647134268615,0.0067521347664296,3.60110855102539,3.6164808369796937,15.37228595430351
3272.5799296733817,0.0024331600870937,3.60110855102539,3.6164217113130785,15.313160287688365
3273.5925865214713,0.00207324558869,3.60094666481018,3.61641105732052,15.46439251033993
3274.6065145752013,0.0049525620415806,3.60094666481018,3.616450816527191,15.504151717010917
3275.6204688174516,0.0049525620415806,3.60110855102539,3.6164582525483704,15.349701522980208
3276.6344895927514,0.004232732579112,3.60094666481018,3.616452481952231,15.50581714205057
3277.6484264939513,0.0045926473103463,3.60110855102539,3.61645936668518,15.350815659789685
3278.6624561167214,0.004232732579112,3.60110855102539,3.616456543173318,15.347992147928036
3279.6777905655513,0.0024331600870937,3.60094666481018,3.616431679895297,15.485015085116682
3280.6905949895713,0.003152989083901,3.60094666481018,3.6164396636684097,15.492998858229523
3281.7043981169013,0.0049525620415806,3.60094666481018,3.6164685079363146,15.52184312613436
3282.7183870412814,0.004232732579112,3.60094666481018,3.6164645560715916,15.517891261411343
3283.7324612553416,0.005672391038388,3.60094666481018,3.6164887271273223,15.542062317142058
3284.7463507340613,0.0024331600870937,3.60094666481018,3.616448804058023,15.502139247842717
3285.7602844501716,0.0049525620415806,3.60094666481018,3.6164822907757395,15.535625965559241
3286.7756741072617,0.004232732579112,3.60110855102539,3.616478083569976,15.369532544585951
3287.7882792860714,0.003872818313539,3.60110855102539,3.6164733297778153,15.364778752425146
3288.8022802430214,0.001353416359052,3.60110855102539,3.6164372677098107,15.328716684420485
3289.8162174981217,0.0063922200351953,3.60110855102539,3.616509689911374,15.401138885983823
3290.8302793257117,0.00207324558869,3.60110855102539,3.616456525464151,15.347974438761014
3291.8441875610915,0.0009935018606483,3.60094666481018,3.616433673744016,15.4870089338357
3292.8582341710116,0.003152989083901,3.60094666481018,3.616461675308919,15.515010498738935
3293.8735445547013,0.0049525620415806,3.60094666481018,3.616493540702832,15.546875892651801
3294.8861801688413,0.0045926473103463,3.60094666481018,3.6164963479844143,15.549683174234108
3295.9001531677513,0.003872818313539,3.60094666481018,3.616491250470416,15.544585660235644
3296.9141555402916,0.0045926473103463,3.60094666481018,3.616504561473586,15.557896663405568
3297.9281005811713,0.0049525620415806,3.60110855102539,3.616514067224172,15.405516198781832
3298.9420739339917,0.004232732579112,3.60110855102539,3.6165088906975145,15.400339672124286
3299.9560596732713,0.0027930745854973,3.60110855102539,3.6164880872607985,15.379536235408331
3300.9714532232415,0.0024331600870937,3.60110855102539,3.6164808174115413,15.372266386151079
3301.9840637105513,0.0035129035823047,3.60094666481018,3.6164963652815265,15.549700471346295
3302.9980660830915,0.004232732579112,3.60094666481018,3.616511182292876,15.564517482695717
3304.0119859971314,0.0045926473103463,3.60110855102539,3.616520928651851,15.41237762646075
3305.0260251751815,0.003872818313539,3.60094666481018,3.616517678237281,15.571013427100766
3306.0400523206613,0.0053124763071537,3.60094666481018,3.6165416533513404,15.594988541160149
3307.0539768353915,0.0060323057696223,3.60110855102539,3.616559902549429,15.45135152403887
3308.0693257940816,0.0027930745854973,3.60094666481018,3.6165202396738585,15.573574863678274
3309.0819514990517,0.0035129035823047,3.60094666481018,3.616525798123197,15.579133313016857
3310.0959085725017,0.0045926473103463,3.60078477859497,3.6165446582184755,15.759879623505668
3311.1099258088016,0.0063922200351953,3.60078477859497,3.616578256030878,15.793477435908088
3312.1238942070313,0.0063922200351953,3.60094666481018,3.6165863483513565,15.639683541176286
3313.1378792385117,0.0024331600870937,3.60094666481018,3.6165349952491495,15.588330438969233
3314.1520429890516,0.0035129035823047,3.60094666481018,3.6165440124519557,15.59734764177545
3315.1672372938215,0.0035129035823047,3.60094666481018,3.6165461395827765,15.599474772596267
3316.1798155763013,0.003872818313539,3.60094666481018,3.6165535311467845,15.606866336604241
3317.1938105169615,0.004232732579112,3.60094666481018,3.616561965233033,15.615300422852751
3318.2077895321613,0.004232732579112,3.60110855102539,3.616565807222493,15.457256197102698
3319.2217809338313,0.003872818313539,3.60094666481018,3.6165609362261564,15.614271415976155
3320.2357539327413,0.00207324558869,3.60094666481018,3.616535142410988,15.588477600807948
3321.2497697534513,0.0024331600870937,3.60110855102539,3.6165380757466368,15.42952472124659
3322.2650942930914,0.0045926473103463,3.60094666481018,3.6165721309681373,15.625466157957124
3323.2777189363615,0.004232732579112,3.60094666481018,3.6165743607974017,15.627695987221468
3324.2916763637213,0.0049525620415806,3.60110855102539,3.616589262725722,15.480711700331717
3325.3056723660716,0.0045926473103463,3.60094666481018,3.6165909702805283,15.644305470348119
3326.3196520890715,0.005672391038388,3.60094666481018,3.6166120134908026,15.665348680622415
3327.3340044678416,0.0053124763071537,3.60110855102539,3.6166132209479325,15.504669922542291
3328.3476164896515,0.0035129035823047,3.60094666481018,3.6165909283187063,15.644263508526102
3329.3629859744815,0.0024331600870937,3.60094666481018,3.6165743483751838,15.627683565003547
3330.3755876143114,0.0049525620415806,3.60094666481018,3.6166071691627124,15.66050435253219
3331.3895839705715,0.000273672689218,3.60094666481018,3.616540588469995,15.593923659814823
3332.4035477681014,-0.0033254728186875,3.60110855102539,3.6164727517134256,15.364200688035456
3333.4175504945415,0.0024331600870937,3.60094666481018,3.616539198915179,15.592534104998723
3334.4315100452914,0.003872818313539,3.60094666481018,3.6165698452413326,15.623180431152406
3335.4455198497117,0.0049525620415806,3.60110855102539,3.6165964288600545,15.48787783466432
3336.4607990902714,0.0063922200351953,3.60094666481018,3.616627728410168,15.681063599987777
3337.4734732794113,0.0045926473103463,3.60110855102539,3.616612050253422,15.503499228031625
3338.4875308602213,0.0027930745854973,3.60094666481018,3.6165884569479045,15.64179213772432
3339.5014380338916,0.0035129035823047,3.60094666481018,3.6165961994491203,15.649534638940032
3340.5154074938214,0.0035129035823047,3.60094666481018,3.616598231389171,15.651566578990916
3341.5294194216312,0.0024331600870937,3.60110855102539,3.6165848516396535,15.476300614263305
3342.5433934822413,0.0053124763071537,3.60110855102539,3.6166277663386732,15.519215313283041
3343.5573827605112,0.0049525620415806,3.60094666481018,3.61663289068149,15.686225871309745
3344.5713416034614,0.0053124763071537,3.60094666481018,3.6166402195752156,15.693554765035422
3345.5853146023715,0.0024331600870937,3.60094666481018,3.6166052170419007,15.658552231720524
3346.5993141437216,0.003872818313539,3.60094666481018,3.6166227043327908,15.676039522610541
3347.6133080226814,0.004232732579112,3.60094666481018,3.6166314716630357,15.684806852855449
3348.6272983626513,0.003872818313539,3.60094666481018,3.6166304311694786,15.683766359298357
3349.6412720693615,0.0035129035823047,3.60094666481018,3.616629280808865,15.682615998684923
3350.6565633424916,0.0071120494976639,3.60110855102539,3.616686260118089,15.577709092698733
3351.6692446096213,0.003152989083901,3.60094666481018,3.616639226691626,15.692561881445855
3352.6832200858316,0.0009935018606483,3.60094666481018,3.6166011562215212,15.65449141134101
3353.6972150264914,0.000273672689218,3.60094666481018,3.616581510869999,15.634846059818575
3354.7111887332017,0.004232732579112,3.60110855102539,3.6166370272234354,15.528476198045205
3355.7253563766317,0.0053124763071537,3.60110855102539,3.6166646965959077,15.556145570517543
3356.7394426232613,0.005672391038388,3.60094666481018,3.616677971591996,15.731306781815668
3357.7545134172415,0.0027930745854973,3.60094666481018,3.6166408446039817,15.6941797938015
3358.7673249192417,0.003152989083901,3.60110855102539,3.6166445291535605,15.535978128170314
3359.7813131358216,0.003872818313539,3.60094666481018,3.616657038457076,15.710373646895981
3360.7952843652315,0.0027930745854973,3.60094666481018,3.616644627220097,15.697962409916943
3361.8092934618617,0.005672391038388,3.60110855102539,3.6166885208955963,15.579969870206156
3362.8232452268217,0.0053124763071537,3.60094666481018,3.616694014874628,15.74735006444783
3363.8372500766613,0.0045926473103463,3.60110855102539,3.616690048623636,15.581497598245786
3364.8523389194916,0.0053124763071537,3.60078477859497,3.61670385129531,15.919072700340209
3365.8650046150615,0.0053124763071537,3.60110855102539,3.616709965426981,15.601414401591018
3366.8789924777316,0.0035129035823047,3.60094666481018,3.6166872318795305,15.74056706935023
3367.8929930807813,0.003152989083901,3.60094666481018,3.616680988932833,15.734324122652854
3368.9068860984917,0.0045926473103463,3.60078477859497,3.6167018895804657,15.917110985495864
3369.9209394325017,0.0027930745854973,3.60078477859497,3.6166808481900907,15.89606959512091
3370.9349853346316,0.0045926473103463,3.60094666481018,3.6167060101594934,15.759345349313225
3371.9502015811513,0.004232732579112,3.60110855102539,3.6167062229864824,15.597671961092185
3372.9628909879616,0.0024331600870937,3.60094666481018,3.616681197399767,15.734532589586792
3373.9768799123317,0.0027930745854973,3.60094666481018,3.6166850239271082,15.738359116928002
3374.9908511417516,0.0045926473103463,3.60094666481018,3.616713739965644,15.767075155463939
3376.0048439590114,0.004232732579112,3.60094666481018,3.6167149451012293,15.768280291049042
3377.0190243428115,0.004232732579112,3.60094666481018,3.616717957361578,15.771292551397753
3378.0328094212914,0.003872818313539,3.60094666481018,3.6167165168970805,15.769852086900293
3379.0482847219614,0.003872818313539,3.60094666481018,3.6167188551019893,15.772190291809096
3380.0609684663914,0.0049525620415806,3.60110855102539,3.6167359993203267,15.627448294936563
3381.0747531909715,0.0024331600870937,3.60094666481018,3.616704935524769,15.758270714588907
3382.0889505619216,0.0024331600870937,3.60094666481018,3.6166999874837984,15.753322673618175
3383.1027190071413,0.001353416359052,3.60110855102539,3.616678941529426,15.570390504035636
3384.1167008535413,-0.0029655583202838,3.60094666481018,3.616604602099623,15.65793728944298
3385.1306915474015,0.00207324558869,3.60110855102539,3.6166619357742147,15.553384748824506
3386.1459566320013,0.00207324558869,3.60094666481018,3.61667293242031,15.726267610129963
3387.1586531167914,0.007471963763237,3.60110855102539,3.6167602274858024,15.651676460412212
3388.1812485138416,0.005672391038388,3.60110855102539,3.6167524858272553,15.6439348018651
3389.1866270726514,0.0035129035823047,3.60094666481018,3.6167275617131183,15.780896902938046
3390.2006121041313,0.0024331600870937,3.60094666481018,3.6167106166801952,15.763951870015003
3391.2145879342415,0.003872818313539,3.60094666481018,3.6167298215943173,15.783156784137109
3392.2285655338414,0.004232732579112,3.60094666481018,3.6167403396319138,15.79367482173355
3393.2438645927514,0.003152989083901,3.60094666481018,3.6167283307286984,15.78166591851815
3394.2565391357916,0.003872818313539,3.60094666481018,3.616741492869506,15.794828059325638
3395.2705121347117,0.0067521347664296,3.60094666481018,3.6167898119391246,15.843147128944413
3396.2845063675713,0.00207324558869,3.60110855102539,3.616729500233076,15.620949207685975
3397.2985179414814,-0.0029655583202838,3.60094666481018,3.616646168660234,15.699503850053809
3398.3124767844315,0.0024331600870937,3.60110855102539,3.6167040715251,15.595520499709803
3399.3267870492014,0.0045926473103463,3.60094666481018,3.6167454874606753,15.798822650495037
3400.3417513195513,0.0049525620415806,3.60110855102539,3.61675855511944,15.65000409404993
3401.3544152456216,0.0024331600870937,3.60110855102539,3.616728000119192,15.619449093801752
3402.3685995223113,0.001353416359052,3.60094666481018,3.616710628782444,15.763963972263983
3403.3826709051814,0.0045926473103463,3.60110855102539,3.6167572973177475,15.648746292357352
3404.3963685705717,0.0053124763071537,3.60110855102539,3.616777939570619,15.669388545228813
3405.4103447545813,0.0049525620415806,3.60094666481018,3.6167804818629596,15.83381705277942
3406.4243350945517,0.0024331600870937,3.60094666481018,3.6167487130474427,15.8020482372625
3407.4396231825913,0.0045926473103463,3.60094666481018,3.6167786717784174,15.832006968237167
3408.4523051575216,0.005672391038388,3.60110855102539,3.6168015511398797,15.693000114489486
3409.4662940818916,0.0049525620415806,3.60110855102539,3.616798473619071,15.689922593680627
3410.4802451390615,0.0027930745854973,3.60094666481018,3.6167710293412063,15.824364531026092
3411.4942506966913,0.0035129035823047,3.60110855102539,3.6167786647902824,15.670113764892246
3412.5082516536313,0.003872818313539,3.60094666481018,3.616785985314316,15.839320504135834
3413.5222384546114,0.0035129035823047,3.60094666481018,3.6167832645891917,15.836599779011529
3414.5375088476917,0.0027930745854973,3.60110855102539,3.6167794311942756,15.670880168885404
3415.5501826829413,0.0053124763071537,3.60094666481018,3.6168158627477975,15.869197937617319
3416.5641616981416,0.003152989083901,3.60078477859497,3.6167908569448963,16.00607834992651
3417.5781488530115,0.0024331600870937,3.60094666481018,3.61677827404126,15.831609231079735
3418.5921406085813,0.0024331600870937,3.60094666481018,3.616778791096416,15.83212628623576
3419.6061320102513,0.0049525620415806,3.60094666481018,3.6168152541884537,15.868589378273512
3420.6201043013616,0.0045926473103463,3.60110855102539,3.6168181137247255,15.709562699335322
3421.6348268586116,0.0027930745854973,3.60094666481018,3.6167960467273503,15.849381917170113
3422.6480655168516,0.003152989083901,3.60110855102539,3.6167999600433074,15.691409017917213
3423.6620477171414,0.0049525620415806,3.60094666481018,3.616829862988009,15.883198177828906
3424.6760394727116,0.004232732579112,3.60110855102539,3.616826729312141,15.718178286750817
3425.6900128255215,0.0024331600870937,3.60094666481018,3.616803394553794,15.856729743613851
3426.7040006881916,0.004232732579112,3.60094666481018,3.6168288336638907,15.882168853710521
3427.7179935054614,0.0053124763071537,3.60110855102539,3.6168516349297843,15.743083904394162
3428.7336139047716,0.005672391038388,3.60110855102539,3.6168653002726603,15.756749247270108
3429.7459724159016,0.005672391038388,3.60094666481018,3.6168676226720957,15.920957861915497
3430.7601372281415,0.0006335872458294,3.60094666481018,3.6167971862095634,15.850521399383144
3431.7739159364314,0.0027930745854973,3.60094666481018,3.6168192866823556,15.872621872175419
3432.7879572378815,0.003872818313539,3.60094666481018,3.6168370554168248,15.890390606644544
3433.8018927234816,0.0024331600870937,3.60094666481018,3.6168190532063624,15.872388396182213
3434.8158689074917,-0.0015259000938385,3.60094666481018,3.6167544130760687,15.807748265888488
3435.8312394540217,0.0024331600870937,3.60094666481018,3.6168008794360063,15.854214625826035
3436.8438329541714,0.0035129035823047,3.60094666481018,3.6168237732829263,15.877108472746038
3437.8578229402415,0.003872818313539,3.60110855102539,3.6168365660470974,15.728015021707176
3438.8718097412216,0.0060323057696223,3.60094666481018,3.6168756658048085,15.92900099462824
3439.8857997272917,0.0049525620415806,3.60094666481018,3.616869818512089,15.923153701908888
3440.8997596319314,0.0027930745854973,3.60094666481018,3.616842147419865,15.895482609684652
3441.9137439556216,0.003152989083901,3.60078477859497,3.6168454890922077,16.060710497237896
3442.9290026700314,0.003872818313539,3.60094666481018,3.616857673770345,15.911008960164619
3443.9417118951915,0.004232732579112,3.60078477859497,3.6168684145049896,16.083635910019822
3444.9557089592413,0.0049525620415806,3.60094666481018,3.616882212851137,15.93554804095687
3445.9696794808615,0.003872818313539,3.60110855102539,3.6168740243230992,15.765473297709054
3446.9837954550217,0.0035129035823047,3.60094666481018,3.616871091575434,15.924426765253852
3447.9976484821314,0.0053124763071537,3.60094666481018,3.6168979909569425,15.951326146762312
3449.0116395299015,0.003872818313539,3.60094666481018,3.6168866539049587,15.93998909477845
3450.0269166470616,0.0053124763071537,3.60094666481018,3.616907860487407,15.961195677226758
3451.0395926057013,0.00207324558869,3.60094666481018,3.6168658012218846,15.919136411704393
3452.0535953321414,0.00207324558869,3.60094666481018,3.6168604986583692,15.913833848189007
3453.0675757629415,0.0035129035823047,3.60110855102539,3.6168807042759563,15.772153250566134
3454.0815491157514,0.0024331600870937,3.60094666481018,3.6168644062218966,15.917741411716424
3455.0955146827814,-0.0029655583202838,3.60094666481018,3.616778473654834,15.83180884465385
3456.1095064383517,0.0024331600870937,3.60094666481018,3.6168407675598058,15.89410274962555
3457.1235127037817,0.0024331600870937,3.60094666481018,3.6168490614433098,15.902396633129534
3458.1374980891615,0.003152989083901,3.60110855102539,3.6168642847722925,15.755733746902312
3459.1514268506817,0.0071120494976639,3.60110855102539,3.616930967705014,15.822416679623696
3460.1654532883613,0.0049525620415806,3.60094666481018,3.6169151287224803,15.968463912300113
3461.1794269950715,0.0024331600870937,3.60110855102539,3.616880507094068,15.771956068677984
3462.1934215818314,0.0027930745854973,3.60110855102539,3.6168827338490557,15.774182823665495
3463.2073620220312,0.003152989083901,3.60094666481018,3.6168894017867763,15.942736976596095
3464.2226706362117,0.0035129035823047,3.60094666481018,3.6168964132815193,15.94974847133912
3465.2353480104516,0.003152989083901,3.60094666481018,3.616898040630362,15.951375820181912
3466.2493422433113,0.0049525620415806,3.60094666481018,3.616926671797341,15.980006987160955
3467.2632961316713,0.0060323057696223,3.60094666481018,3.6169512224541016,16.00455764392139
3468.2773229232516,0.0045926473103463,3.60094666481018,3.616938885543235,15.99222073305473
3469.2912821201016,0.004232732579112,3.60110855102539,3.6169352665665464,15.826715541156222
3470.3052905089216,0.003152989083901,3.60094666481018,3.6169226042268545,15.9759394166743
3471.3205290510814,0.003872818313539,3.60094666481018,3.6169326561680273,15.985991357847062
3472.3336081008215,0.0045926473103463,3.60094666481018,3.6169481755200907,16.001510709910516
3473.3472208304315,0.004232732579112,3.60078477859497,3.6169448810165177,16.16010242154786
3474.3612168327913,0.000273672689218,3.60094666481018,3.6168885950621887,15.941930252008518
3475.3751647048616,0.0035129035823047,3.60094666481018,3.6169261088435687,15.979444033388468
3476.3891847723617,0.003152989083901,3.60110855102539,3.6169259090424184,15.817358017028216
3477.4031482160017,0.0009935018606483,3.60094666481018,3.616892287894394,15.945623084213878
3478.4348214793413,-0.0033254728186875,3.60094666481018,3.6168168962336957,15.870231423515513
3479.4467415094714,0.0053124763071537,3.60094666481018,3.6169314495980203,15.984784787840045
3480.4607127388813,0.0053124763071537,3.60094666481018,3.6169521803344975,16.005515524317282
3481.4760025964215,0.0053124763071537,3.60094666481018,3.616961142759314,16.0144779491338
3482.4886778472614,0.0024331600870937,3.60094666481018,3.6169237170567627,15.977052246582524
3483.5026639404414,0.0027930745854973,3.60094666481018,3.6169273205541974,15.980655744017191
3484.5166472024316,0.003152989083901,3.60094666481018,3.6169346873334427,15.98802252326248
3485.5306340034113,0.003872818313539,3.60094666481018,3.6169492104159,16.002545605719565
3486.5446215121815,0.0049525620415806,3.60110855102539,3.6169715256341783,15.86297460878816
3487.5586068975713,0.0063922200351953,3.60094666481018,3.6169991754781305,16.052510667950326
3488.5738847225316,0.004232732579112,3.60110855102539,3.616978694313226,15.87014328783587
3489.5865670513613,0.003872818313539,3.60078477859497,3.616974222774098,16.189444179128376
3490.6005442970613,0.003872818313539,3.60094666481018,3.6169765004967087,16.029835686528493
3491.6145332214314,0.004232732579112,3.60110855102539,3.6169839132556865,15.875362230296286
3492.6285469187414,0.0027930745854973,3.60110855102539,3.616965841389291,15.857290363900933
3493.6425004532016,0.0024331600870937,3.60094666481018,3.6169580454251236,16.011380614943338
3494.6564844229915,0.00207324558869,3.60110855102539,3.6169513748979853,15.842823872595169
3495.6717576472715,0.0024331600870937,3.60078477859497,3.61695611176603,16.17133317106001
3496.6844665185313,0.0035129035823047,3.60094666481018,3.616972297538432,16.02563272825197
3497.6984335011516,0.003152989083901,3.60110855102539,3.616972359289823,15.863808264432677
3498.7124111007615,0.00207324558869,3.60110855102539,3.616957163527459,15.848612502068704
3499.7265245976214,0.003152989083901,3.60110855102539,3.616972587687783,15.864036662392778
3500.7403744396415,0.0045926473103463,3.60094666481018,3.6169986215548793,16.05195674469906
3501.7543587633213,0.003872818313539,3.60094666481018,3.61699638985125,16.049725041069607
3502.7696656080116,0.0049525620415806,3.60110855102539,3.6170153598706225,15.906808845232323
3503.7822966214717,0.0045926473103463,3.60094666481018,3.6170156520973764,16.06898728719619
3504.7963205818514,0.0024331600870937,3.60094666481018,3.6169896683921703,16.043003581990067
3505.8102461582816,0.0035129035823047,3.60110855102539,3.617001335071049,15.892784045658637
3506.8242800278513,0.0027930745854973,3.60094666481018,3.6169953091138325,16.04864430365227
3507.8382703678217,0.0071120494976639,3.60094666481018,3.617062142515903,16.115477705722636
3508.8522490291116,0.0049525620415806,3.60110855102539,3.617044090418127,15.935539392736953
3509.8674858017816,-8.62418673932552e-05,3.60110855102539,3.616968619253471,15.860068228080948
3510.8802148452914,-0.0033254728186875,3.60094666481018,3.6169044615613752,15.95779675119502
3511.8941460841115,0.004232732579112,3.60094666481018,3.617001219546582,16.054554736401716
3512.9081190830216,0.0049525620415806,3.60110855102539,3.6170264927129674,15.917941687577208
3513.9221642773514,0.0045926473103463,3.60094666481018,3.6170308081875535,16.084143377373294
3514.9361652343014,0.003872818313539,3.60110855102539,3.617024948945431,15.916397920040737
3515.9500996582115,0.003152989083901,3.60094666481018,3.6170166748514663,16.070010041286054
3516.9654372921214,0.0027930745854973,3.60094666481018,3.617010901714506,16.06423690432557
3517.9780583964016,0.00207324558869,3.60094666481018,3.6169993706308188,16.052705820638558
3518.9920841262815,0.001353416359052,3.60078477859497,3.61698757879061,16.202800195640243
3520.0060436770314,0.0049525620415806,3.60094666481018,3.6170401989974463,16.093534187266112
3521.0200485268615,0.0053124763071537,3.60094666481018,3.617058865333743,16.11220052356277
3522.0340063081117,0.003872818313539,3.60094666481018,3.6170437987277255,16.097133917545303
3523.0480249600114,0.0024331600870937,3.60094666481018,3.6170249263970558,16.07826158687553
3524.0632589014813,0.0035129035823047,3.60094666481018,3.617038559803327,16.09189499314656
3525.0759727273316,0.003152989083901,3.60094666481018,3.6170368682359055,16.090203425725313
3526.0899528042314,0.003152989083901,3.60078477859497,3.617038391151976,16.253612557006303
3527.1039530533717,0.003152989083901,3.60094666481018,3.6170414796116592,16.094814801479007
3528.1179200360016,0.0063922200351953,3.60094666481018,3.61709418058426,16.14751577407958
3529.1319309021214,0.0067521347664296,3.60110855102539,3.617111353428413,16.002802403022987
3530.1460776655013,0.0045926473103463,3.60110855102539,3.617088511357629,15.979960332238807
3531.1611725246216,0.0017133308574557,3.60094666481018,3.617045308855197,16.09864404501682
3532.1738470676614,0.0035129035823047,3.60094666481018,3.617066499816995,16.119835006814576
3533.1878476707116,0.003152989083901,3.60110855102539,3.6170644603390305,15.955909313640326
3534.2018040363614,0.003152989083901,3.60094666481018,3.617064598455777,16.11793364559677
3535.2158124251914,0.0027930745854973,3.60094666481018,3.6170584809008237,16.111816090643494
3536.2297574660715,-0.0004461564240045,3.60094666481018,3.6170104531291374,16.06378831895716
3537.2437867349413,0.0024331600870937,3.60094666481018,3.617043480523531,16.096815713350754
3538.2590634982116,0.00207324558869,3.60094666481018,3.617043102948137,16.096438137956692
3539.2717369795614,0.003872818313539,3.60110855102539,3.6170726645009665,15.964113475576358
3540.2857078550815,0.0063922200351953,3.60094666481018,3.6171184795680063,16.17181475782603
3541.2997250913813,0.0045926473103463,3.60094666481018,3.617104494611831,16.157829801650703
3542.3136924279115,0.0035129035823047,3.60110855102539,3.6170898365606767,15.981285535286549
3543.3280242805213,0.0006335872458294,3.60094666481018,3.617046777176649,16.1001123664688
3544.3416398413315,0.0024331600870937,3.60094666481018,3.617065215395119,16.118550584938607
3545.3564253926215,0.0024331600870937,3.60094666481018,3.617067160696818,16.120495886637887
3546.3695762838815,0.0024331600870937,3.60094666481018,3.617066913584644,16.120248774463608
3547.3836144002316,0.00207324558869,3.60110855102539,3.617064562540662,15.956011515271928
3548.3975743048713,0.0045926473103463,3.60094666481018,3.617102601946106,16.15593713592567
3549.4115724306216,0.0035129035823047,3.60078477859497,3.6170962626332233,16.311484038253443
3550.4255394132515,0.004232732579112,3.60094666481018,3.6171098813406615,16.16321653048125
3551.4395428474913,0.004232732579112,3.60094666481018,3.6171200305401747,16.173365729994504
3552.4548277504314,0.0060323057696223,3.60094666481018,3.6171470537625177,16.20038895233744
3553.4675178650414,0.003872818313539,3.60094666481018,3.6171260674781265,16.179402667946263
3554.4814788313815,0.0027930745854973,3.60110855102539,3.617112091702766,16.00354067737575
3555.4954797883315,0.003872818313539,3.60094666481018,3.6171258268259887,16.17916201580849
3556.0583602298816,0.0024331600870937,3.60094666481018,3.617106267950457,16.159603140276868
3557.0754179812916,0.0,3.60078477859497,3.6170661509380615,16.281372343091682
3558.0894079673617,0.0,3.60094666481018,3.6170559684624934,16.109303652313223
3559.1033749499816,0.0,3.60094666481018,3.617050069743871,16.10340493369078
3560.1173341468316,0.0,3.60078477859497,3.6170456844448338,16.26090584986395
3561.1313481980415,0.0,3.60078477859497,3.6170420447605753,16.25726616560552
3562.1466925560417,0.0,3.60078477859497,3.61703891473032,16.254136135350095
3563.1593179071115,0.0,3.60062289237976,3.617036100000981,16.413207621221115
3564.1732523310216,0.0,3.60062289237976,3.617033576192865,16.410683813105287
3565.1876510705715,0.0,3.60078477859497,3.6170313269140437,16.246548319073906
3566.0778007840513,0.0,3.60078477859497,3.617029585832155,16.24480723718502
