Time,Voltage [V],Battery open-circuit voltage [V],Negative electrode stoichiometry,Positive electrode stoichiometry,Minimum negative particle surface stoichiometry,Maximum negative particle surface stoichiometry,X-averaged negative electrode open-circuit potential [V],X-averaged negative electrode surface potential difference [V],Minimum negative electrode surface potential difference [V],X-averaged positive electrode surface potential difference [V],X-averaged positive electrode hysteresis state,Battery particle concentration overpotential [V],X-averaged battery reaction overpotential [V],X-averaged battery electrolyte ohmic losses [V],X-averaged battery solid phase ohmic losses [V],X-averaged battery concentration overpotential [V],Imposed_CSV_current_A,Contact_voltage_contribution_V
0.0,3.426670572652973,3.4266705714513184,0.8659335994267359,0.06520166035010574,0.8659335994267362,0.8659335994267362,0.09201370505206685,0.09201370505211952,0.09201370505211712,3.5186842776893084,1.0,-4.718447854656915e-16,1.1858711373990971e-09,1.572994512422099e-11,5.415977794942964e-14,0.0,0.0,0.0
9.996,3.426670571450372,3.426670571450836,0.8659335994266815,0.06520166035015414,0.8659335994264477,0.8659335994265069,0.09201370505206682,0.09201370505216251,0.09201370505215413,3.518684276502606,0.9999999999934754,-2.0160262348412061e-13,-1.9072243784279408e-13,-4.021982663922386e-14,1.7411152890322342e-15,-3.3193670864114617e-14,0.0,0.0
19.992,3.426670571449767,3.4266705714503027,0.8659335994266198,0.06520166035020865,0.8659335994262665,0.8659335994263763,0.09201370505206687,0.0920137050521601,0.09201370505215008,3.518684276502009,0.9999999999862988,-2.6824376053724563e-13,-1.8515744493186048e-13,-3.9060240032125414e-14,8.847197684119822e-15,-5.156171435290299e-14,0.0,0.0
29.999,3.426670571449045,3.4266705714497387,0.8659335994265547,0.06520166035026628,0.8659335994260885,0.8659335994262461,0.0920137050520669,0.09201370505218845,0.09201370505217592,3.5186842765013497,0.9999999999787171,-3.3488489759037066e-13,-2.4234780848786386e-13,-5.1173951584409994e-14,-4.891133214302778e-16,-6.474720997426416e-14,0.0,0.0
40.001,3.4266705714487222,3.4266705714492636,0.8659335994264996,0.06520166035031484,0.8659335994260163,0.8659335994262035,0.09201370505206688,0.09201370505213957,0.09201370505212957,3.518684276500954,0.9999999999723308,-3.0378477511305846e-13,-1.455224829527424e-13,-3.0522874906811746e-14,3.0813635641599505e-15,-6.492854963533609e-14,0.0,0.0
49.996,3.426670571448125,3.426670571448752,0.8659335994264448,0.06520166035036332,0.8659335994259151,0.8659335994261311,0.0920137050520669,0.09201370505216644,0.09201370505215524,3.518684276500399,0.999999999965282,-3.2067404287516865e-13,-1.9857726574201706e-13,-4.1916590762940054e-14,-4.810847146972279e-16,-6.530319784023444e-14,0.0,0.0
60.007,3.3782353138695975,3.4168117046556357,0.8647381445374994,0.06625729024821742,0.857889651070822,0.8593446389492139,0.09201409273510382,0.0960029215923496,0.09570721714253591,3.4993064043332476,0.865730610163549,-0.005575759247018849,-0.007932462667718812,-0.0016950943254860787,-0.002475229074514342,-0.0009042405089075398,-2.4992,-0.0199936
70.014,3.358662042637509,3.3997032646668672,0.8623494276769682,0.06836661361859465,0.8494451680975855,0.8531012217335038,0.09201444292604871,0.09599926002363203,0.09559940605573175,3.4807505020407508,0.6238333258169887,-0.007027513080349476,-0.007924509569399121,-0.0016878839609293296,-0.002506829664812694,-0.0019208809370051614,-2.4967,-0.0199736
80.009,3.344575049262036,3.3855547004507645,0.859964769313494,0.07047235318930468,0.843502497804707,0.8489060957623489,0.09201466701682529,0.09599944915573538,0.09556537016277385,3.467127710774505,0.4136267620488141,-0.006501943945813229,-0.007924494886181438,-0.0016889909480863486,-0.0025092079485945083,-0.0023814086892639374,-2.4967,-0.0199736
90.011,3.333477530037501,3.37380952092268,0.8575784407378272,0.07257956761777974,0.8384437845450547,0.8453522268766038,0.09201484870132573,0.09599963257651616,0.09555010012225686,3.456254047917944,0.23051391233582608,-0.005630600339676675,-0.007924505241575633,-0.0016901455846730102,-0.002508014375320018,-0.0026051205939132387,-2.4967,-0.0199736
100.007,3.324467545297967,3.3640545611108568,0.8551923518866215,0.07468657036088693,0.8338914096239533,0.8421454076336965,0.0920150067540795,0.09600372117582023,0.09554644744126661,3.447382124095884,0.0711381545187231,-0.0047438291198804855,-0.007932329070912764,-0.0016926522854003373,-0.002508592486166312,-0.002716008105615433,-2.4992,-0.0199936
110.003,3.317099038104163,3.3559365400848287,0.8528050661310874,0.0767946300137992,0.8296784343859465,0.8391660352112358,0.0920151493210187,0.0960038956756599,0.0955428705644985,3.440067965370798,-0.06765600704342145,-0.003940080473355673,-0.007932389916334937,-0.0016932099978528956,-0.002506777439056559,-0.0027714394141364787,-2.4992,-0.0199936
120.01,3.310996714158625,3.349167765697624,0.8504151541194,0.0789050087458674,0.8257070777601618,0.8363468086350607,0.09201528113719049,0.09600402850227095,0.09554117132883613,3.4339918373858445,-0.18858516775375325,-0.003247562554183639,-0.007932394259866679,-0.0016936058130388228,-0.0025049117538081646,-0.00279897242061849,-2.4992,-0.0199936
130.006,3.3059247981550492,3.3435278447706547,0.8480278784147137,0.08101305952351782,0.8219238053574197,0.8336524895262812,0.09201540498674612,0.09600402462899685,0.09554027260847628,3.428931961216295,-0.29371646436446214,-0.002667754398309935,-0.007932153785046525,-0.0016938552416268051,-0.0025029560772179076,-0.0028127223772798546,-2.4992,-0.0199936
140.021,3.301713573354146,3.3388092562529215,0.8456372455150856,0.08312407482570704,0.8182837322423869,0.8310544619745115,0.0920155231211789,0.09600039567214955,0.09553647669718156,3.4246976628275667,-0.38534389838165195,-0.002187303441017488,-0.00792468565648681,-0.0016924880754300852,-0.0024987649935323234,-0.002818836001434288,-2.4967,-0.0199736
150.0030018,3.2981354846115805,3.3348732053071926,0.8432544967458426,0.08522812815565461,0.8147612497819812,0.8285341694123423,0.09201563713196267,0.09600430147968513,0.09553997876266795,3.4211490498191073,-0.4648309121619067,-0.0017962311723616342,-0.007932225795408601,-0.0016943734703458654,-0.0024989800838439292,-0.0028223054382007853,-2.4992,-0.0199936
160.0110042,3.295179047676649,3.3315645754441787,0.8408655417677245,0.08733766179247214,0.8113265546325195,0.826074217278582,0.09201574858126242,0.09600052724968727,0.09553631851781506,3.4181645933597133,-0.5341990315823897,-0.0014760112057120717,-0.007924498128440774,-0.0016928934914246644,-0.002494607526216484,-0.0028239126853418658,-2.4967,-0.0199736
170.0060013,3.2926665185789172,3.3287908219900384,0.8384808841229433,0.08944340072855012,0.8079737583170663,0.8236698503710473,0.0920158583582047,0.09600062326815695,0.09553644044252775,3.415650474561421,-0.5944691322312696,-0.0012165016113063198,-0.007924469085467845,-0.0016931095073212908,-0.0024923633549613377,-0.0028242551216341345,-2.4967,-0.0199736
180.0140038,3.2905078344743988,3.326452864009311,0.8360919314014202,0.0915529323727127,0.804669506962745,0.8212971448541742,0.09201596826654887,0.09600463070663827,0.09554015855939851,3.4135189704028925,-0.6470214206933403,-0.001006305945493391,-0.007932218367563262,-0.0016950170260389371,-0.0024923826440853554,-0.0028255008164242193,-2.4992,-0.0199936
190.002996,3.2887107902651103,3.324484969647777,0.8337063250007388,0.09365950909456015,0.8014232722067605,0.8189649965861197,0.09201607869748311,0.09600474032784255,0.09554016663352417,3.4117212835721387,-0.6926930399866555,-0.0008362119599646667,-0.007932214443516494,-0.0016952146394975916,-0.00249007582812603,-0.0028268577763688766,-2.4992,-0.0199936
200.0150017,3.2872179310436467,3.322819888269328,0.831316412225992,0.09576988850043779,0.7982244646226638,0.8166666327717261,0.09201619080096003,0.09600098248693503,0.09553665913093567,3.4101983873512536,-0.7325138165333075,-0.0006979677327050016,-0.007924515672304469,-0.0016937384543666248,-0.0024853656461667393,-0.0028267649897887495,-2.4967,-0.0199736
210.0020024,3.285926870675733,3.3214146031506466,0.8289336604821511,0.09787394445706278,0.7950727697541116,0.8144004554274674,0.09201630551392076,0.09600107024495398,0.09553683111998729,3.408904595441761,-0.7670732122414344,-0.0005866192491517236,-0.007924458704688123,-0.0016939499198614276,-0.0024828137770570246,-0.002826286093697723,-2.4967,-0.0199736
220.0130022,3.284824409972132,3.3202196412597926,0.8265451848530047,0.09998305481140375,0.791943951984381,0.8121495055564276,0.09201642473674769,0.09600118950228896,0.09553697511230166,3.4077998874671485,-0.7972252543112884,-0.0004964898652781158,-0.00792445342965492,-0.0016941655622066212,-0.002480267442447712,-0.0028262502575464496,-2.4967,-0.0199736
230.0090052,3.283884921097851,3.319205408988901,0.8241602866657466,0.10208900615518733,0.7888471758514695,0.8099207690908344,0.0920165492970658,0.09600135096317787,0.09553714471755444,3.4068584182144903,-0.8234223454071634,-0.00042382197735871263,-0.007924519760229926,-0.0016943910589658144,-0.002477751667462511,-0.0028263986964046713,-2.4967,-0.0199736
240.0080054,3.2830477670576794,3.3183402176770467,0.8217734813041842,0.1041966416028504,0.7857651500832488,0.8077011445735093,0.09201668128497309,0.09600537522547423,0.0955408841656251,3.406048079719843,-0.846244077395681,-0.000365250912616924,-0.007932262270061025,-0.0016962907228717768,-0.0024775271591908955,-0.0028275148190955333,-2.4992,-0.0199936
250.0080015,3.2823562457738773,3.3176005400743893,0.8193852452950564,0.10630554036404999,0.7827029137002858,0.8054957089406053,0.0920168220558069,0.09600556860555085,0.0955409743616737,3.405355851660464,-0.8661182907900258,-0.0003178944825345531,-0.00793236253694167,-0.001696499124186217,-0.0024751276007891833,-0.002828805820540893,-2.4992,-0.0199936
260.0160039,3.281761910213978,3.31696646021431,0.8169950938766292,0.10841613050092719,0.7796585732017395,0.8033028276238418,0.09201697353926305,0.09600572010513127,0.09554108839043905,3.4047601939043988,-0.883425070924679,-0.0002796299667993246,-0.00793235644824307,-0.0016966840477076958,-0.0024727251116159975,-0.0028295496904301096,-2.4992,-0.0199936
270.0100053,3.281250496858456,3.316422454426668,0.8146082868865553,0.1105237673866244,0.7766348251667636,0.8011242205364361,0.09201713770587865,0.09600584485317226,0.0955411947738639,3.4042472041776026,-0.8984652621526085,-0.0002488200609445934,-0.007932275041293027,-0.0016968465951919137,-0.0024703618182046016,-0.0028300493170411284,-2.4992,-0.0199936
280.0129987,3.2808404709582915,3.3159533046310994,0.8122205244863485,0.11263224793401971,0.7736302347935017,0.7989596156159936,0.09201731699953049,0.09600217216880055,0.09553779336291283,3.4038069775453867,-0.9115638810146585,-0.00022388938649163526,-0.007924609868021473,-0.001695339320067016,-0.0024658378444532866,-0.0028295525229633687,-2.4967,-0.0199736
290.0029968,3.2804257280973164,3.315548333075981,0.8098358534451763,0.11473799869959528,0.7706340721029454,0.7967991401632873,0.09201751501288574,0.0960061979571867,0.09554162297970832,3.403418333928644,-0.9229429289077062,-0.0002039796167958713,-0.00793221748772785,-0.001697182545254668,-0.0024658859369355206,-0.002829734656143208,-2.4992,-0.0199936
300.0060003,3.280090298256416,3.3151960147403092,0.8074469005656619,0.11684753048326996,0.7676414885073993,0.7946409576457036,0.09201773549110497,0.09600648223271124,0.09554182759523672,3.4030822155913154,-0.9328742661607848,-0.00018793993883613191,-0.007932341442868765,-0.00169735752370547,-0.002463901934028602,-0.0028305709085375496,-2.4992,-0.0199936
310.0079979,3.2797975938736905,3.3148891516259877,0.8050581832567388,0.11895685424959371,0.764660004358152,0.792490398922667,0.09201798191096235,0.0960067287764343,0.09554204385898347,3.4027884879902714,-0.9415187249889667,-0.00017505713745931406,-0.007932335274691116,-0.0016974963868235356,-0.002461998239913863,-0.0028310659773785355,-2.4992,-0.0199936
320.008004,3.279541002236713,3.314620937913869,0.8026699415485011,0.12106575804331313,0.7616875573265887,0.7903456885120127,0.09201825907151887,0.09600700604104744,0.09554229929296544,3.402530867991028,-0.9490388117149037,-0.00016474935937151047,-0.007932326604517051,-0.0016976264786573835,-0.0024602182076549793,-0.0028314102907705963,-2.4992,-0.0199936
330.0109974,3.2793148133302226,3.3143852598458827,0.8002809864145485,0.12317529181773872,0.7587215053535786,0.7882048209572132,0.09201857267998075,0.09600731976664804,0.09554259278372615,3.40230373553538,-0.9555889809368355,-0.00015652189935486116,-0.007932322177795825,-0.001697747050296045,-0.0024585697212926774,-0.0028316809305456987,-2.4992,-0.0199936
340.0140009,3.27911527595507,3.3141773255159963,0.79789206023983,0.1252848000201129,0.7557622070557535,0.7860679840502847,0.09201892911265992,0.09600745844263378,0.09554272404830343,3.40210291048747,-0.9612919291200951,-0.00014998487019363127,-0.0079318886009664,-0.0016977628503668895,-0.0024569297417530982,-0.002831878761316135,-2.4992,-0.0199936
350.0120054,3.2789696047747396,3.31399340806461,0.7955055290358121,0.12739219337674965,0.7528180040684503,0.7839417442003819,0.0920193345742787,0.09600418931109538,0.0955397085167374,3.4019282442416365,-0.966243623173922,-0.00014477567224238652,-0.007924577461826648,-0.0016962621124003482,-0.0024533958618519923,-0.002831187449516487,-2.4967,-0.0199736
360.0149989,3.278779231069563,3.3138294530818366,0.7931177232805182,0.12950071220825438,0.7498699153629272,0.7818102024938076,0.09201980063662393,0.09600848123007369,0.09554378524495885,3.401764974631132,-0.970557353461443,-0.00014077760950718943,-0.007932182071271277,-0.0016980349245823353,-0.0024543593524930856,-0.0028312633171647186,-2.4992,-0.0199936
370.0040012,3.2786353787205136,3.3136824196556107,0.7907321147937547,0.13160729077218802,0.746928133301041,0.7796822123528859,0.09202033613689811,0.09600908386750225,0.09554428900451972,3.401621497465234,-0.9743223981876733,-0.00013769306395994274,-0.007932312993918986,-0.001698144851752985,-0.0024533111220812545,-0.002831974165740063,-2.4992,-0.0199936
380.0030015,3.2785059921017674,3.313549812979047,0.788344128496009,0.1337159690292067,0.7439898770113929,0.7775554328044789,0.09202095372760247,0.09600958054278612,0.09554473711390252,3.4014919726059967,-0.9776071180310701,-0.0001353518912397822,-0.007932069024596325,-0.0016981679962857626,-0.002452274094169688,-0.0028323531330596424,-2.4992,-0.0199936
390.0190003,3.2784202562845284,3.3134295910867335,0.7859532644895899,0.13582718840704983,0.7410594215486802,0.7754331650766854,0.09202166659042745,0.09600653654534319,0.09554192092420725,3.4013779452944815,-0.9804709313435304,-0.00013358817491494757,-0.007924594162680529,-0.0016966015806857701,-0.00244921588970995,-0.00283173026042735,-2.4967,-0.0199736
400.0089984,3.278281283176756,3.3133205057990187,0.7835685579665874,0.13793297050436462,0.738133820566022,0.7733108319204255,0.09202249223640316,0.0960112306712379,0.09554637086659386,3.4012669955662016,-0.9829534102284551,-0.00013245638015534078,-0.007932284523899852,-0.0016983688293035195,-0.002450708076475719,-0.0028318000730442475,-2.4992,-0.0199936
410.0120019,3.2781815360383235,3.3132202666624146,0.7811796010167233,0.14004250588230557,0.7352065366319717,0.7711849601198714,0.09202345233099367,0.09601220181912197,0.09554721476576084,3.4011683764806713,-0.9851239043899459,-0.00013178760672925838,-0.007932304394136142,-0.001698435450125998,-0.002450106658947066,-0.00283249177406878,-2.4992,-0.0199936
420.0139995,3.2780895343464596,3.313127757486933,0.7787908860523641,0.14215182757829462,0.732286183303272,0.7690612101457934,0.09202456744902147,0.09601326320561974,0.09554818680945538,3.401077304813581,-0.9870197666835593,-0.00013152098950548752,-0.007932194889466226,-0.0016984747547450964,-0.0024495641784524195,-0.0028328635873978106,-2.4992,-0.0199936
430.0129998,3.2780362110984123,3.3130421272646515,0.776404111550323,0.1442594357758843,0.7293806338527918,0.7669451745146033,0.09202586049612654,0.09601078928983171,0.09554590131190338,3.4009966379549943,-0.9886675898568041,-0.00013157711453866405,-0.007924701484950294,-0.001696896609047541,-0.002446931625896255,-0.002832204594517437,-2.4967,-0.0199736
440.0029979,3.2779248062188793,3.312962430385996,0.7740193472557171,0.1463652688876142,0.7264759764155304,0.7648238959353512,0.09202736930573892,0.09601608219347722,0.09555089975722042,3.4009142077950267,-0.9900983007229447,-0.00013207994140379542,-0.007932224843042707,-0.0016986259371325981,-0.0024487803843675914,-0.002832308317763451,-2.4992,-0.0199936
450.0060014,3.2778482667781184,3.3128873826522796,0.7716303908277721,0.14847480380468145,0.7235717768407732,0.7626980438786872,0.09202913212657708,0.09601788485796853,0.0955525157485338,3.4008400295177363,-0.9913535633217492,-0.00013293568403173472,-0.007932302308480202,-0.0016987122603509637,-0.0024485707788386647,-0.002832990097563372,-2.4992,-0.0199936
460.0199986,3.277775794401122,3.312816421216336,0.769238807716132,0.15058665817843986,0.7206735809027729,0.7605704568422721,0.09203119034190661,0.09601994422135206,0.09555441259048805,3.4007699196714896,-0.992452836994353,-0.00013414290122490402,-0.007932302864973179,-0.0016987908092597763,-0.002448408459673514,-0.002833377033404721,-2.4992,-0.0199936
470.0069993,3.2777070031871873,3.312749305517416,0.7668536746649194,0.15269281691558856,0.7177923784024643,0.7584478122088801,0.09203358608103863,0.09602228765383786,0.0955565817623652,3.400703669386975,-0.9934088402738799,-0.00013572682268328529,-0.007932196961595459,-0.0016988571557450998,-0.0024482792986279304,-0.002833637342847496,-2.4992,-0.0199936
480.0100028,3.2776735362757297,3.3126853708809967,0.7644660292623529,0.15480119414983673,0.7149256073307622,0.7563270901157716,0.09203637843517573,0.0960211770554147,0.09555555944914974,3.400644451818682,-0.9942387416984309,-0.00013766266560909235,-0.007924433452120613,-0.0016972572196474714,-0.002445950543899273,-0.002832925977613729,-2.4967,-0.0199736
490.0120004,3.277577880223707,3.312624047710874,0.7620784465790096,0.1569095160007422,0.7120625081701721,0.7541973486531411,0.09203964839733232,0.09602830325344527,0.09556225575083159,3.400580108787516,-0.994965288882537,-0.00014014194943542946,-0.007932100227367525,-0.0016990690912314613,-0.0024481916970942276,-0.0028330597677582617,-2.4992,-0.0199936
500.010005,3.2775146054869144,3.3125650752225377,0.7596906908894052,0.15901799062243263,0.7092124484307266,0.7520643630054672,0.09204346850717404,0.09603223131028488,0.09556583516139344,3.400521864346144,-0.9955966982020272,-0.0001431312591140821,-0.00793231092756469,-0.0016992500404266822,-0.0024483467117844583,-0.002833826038892949,-2.4992,-0.0199936
510.0129984,3.2774533944887034,3.3125079859764317,0.7573017394273855,0.16112752115440823,0.706378374022784,0.7499286634620567,0.092047928744432,0.09603661321493631,0.09556987069810433,3.4004657571938437,-0.9961495813467582,-0.00014668700583191085,-0.007932154991692572,-0.0016993768398872065,-0.0024484369516201646,-0.002834330936847607,-2.4992,-0.0199936
520.0029965,3.2774258021407765,3.312452642658908,0.7549172089645421,0.163233147784236,0.7035755218971492,0.7477991534302513,0.09205310942801206,0.09603789997256587,0.09557105258918015,3.4004153103995614,-0.9966321112978873,-0.0001508234863100144,-0.007924408745602296,-0.0016978685324905247,-0.0024463194565033986,-0.002833815535392391,-2.4967,-0.0199736
530.0039984,3.2773342875852745,3.3123985937372638,0.7525298767815041,0.16534124843431333,0.7007827154184462,0.7456557657529255,0.09205917536061373,0.0960478694291307,0.0955803672035357,3.400358478801048,-0.9970559306046192,-0.00015581571956997664,-0.007932168645776713,-0.00169980819333917,-0.002448772055658282,-0.002834136765111869,-2.4992,-0.0199936
540.0040045,3.277273835959528,3.3123457456037673,0.7501416395033106,0.16745014831614355,0.6980141058735485,0.7435056235623465,0.09206624902260781,0.09605502364147085,0.09558691409274821,3.4003067643395326,-0.9974247538718015,-0.00016167956586654597,-0.007932325339839008,-0.001700105672708431,-0.002449076276617646,-0.0028351180099525294,-2.4992,-0.0199936
550.0080037,3.2772139601088424,3.3122937973219004,0.7477524482996754,0.16955989054863566,0.6952740837177287,0.7413500705224166,0.09207448428601003,0.09606317371076017,0.09559441741090316,3.4002562871394435,-0.9977496103075817,-0.00016853145985760987,-0.007932152433359402,-0.001700380227331542,-0.0024493073538530163,-0.002835860951681925,-2.4992,-0.0199936
560.0109971,3.2771862008885178,3.3122427465565196,0.7453648423060255,0.17166823298338504,0.6925789010558591,0.7391942358052171,0.0920840223710608,0.09606886026596678,0.09559965085997336,3.4002106795076763,-0.9980308839198426,-0.00017643864084207483,-0.007924488673968097,-0.0016990671665193398,-0.0024473448575195044,-0.002835601537839265,-2.4967,-0.0199736
570.0049985,3.277093558638881,3.3121923476304054,0.7429791564733444,0.17377487984656056,0.6899156648118251,0.7370247063476326,0.09209511611330988,0.0960837940091621,0.09561353216966355,3.400158263766603,-0.9982775286917881,-0.00018575763948286417,-0.007932120233481443,-0.0017011837979116489,-0.0024498775915700786,-0.002836244922179584,-2.4992,-0.0199936
580.0200015,3.277030125871191,3.3121423034922985,0.7405873346080533,0.17588694504842636,0.687288608397238,0.7348391351610609,0.09210800826505526,0.09609680009510907,0.09562546699481242,3.4001101576033017,-0.9984938538460293,-0.00019660448796886276,-0.007932341496137155,-0.001701733527213649,-0.0024503035216675104,-0.0028375897687123825,-2.4992,-0.0199936
590.0070022,3.276998781181473,3.3120927913401497,0.7382035340163352,0.17799192717565643,0.6847299778039964,0.7326562314412894,0.09212280932631274,0.09610771792501088,0.09563550665986598,3.400066904217484,-0.9986815922479172,-0.00020899198776445915,-0.007924613059912308,-0.0017006182828072877,-0.0024483917056912605,-0.002837790293626232,-2.4967,-0.0199736
600.0110015,3.2769012903779426,3.3120433853619082,0.7358154624960239,0.18010068068728247,0.6822132112986358,0.7304495136463516,0.09213995881383223,0.09612870003416275,0.09565495661778224,3.4000164147739906,-0.9988467297048689,-0.000223445257857946,-0.007932225364222195,-0.001702972417810963,-0.002450977018388171,-0.002838870075299802,-2.4992,-0.0199936
610.003997,3.276832214378112,3.311994102988656,0.7334288950948896,0.1822081060072821,0.6797599176361557,0.7282283244627652,0.09215967378192688,0.0961484940457692,0.09567315156362528,3.3999701700670384,-0.9989906240411166,-0.00024004844286681926,-0.007932378524520028,-0.0017037763761030664,-0.0024514330335043033,-0.002840647364038651,-2.4992,-0.0199936
620.0110036,3.2767611497047815,3.3119446944326607,0.7310389909482612,0.18431847779421925,0.6773714111187261,0.7259883812158374,0.09218230416938795,0.09617103906374072,0.09569393056986081,3.399924467432379,-0.9991170397426167,-0.00025906984519875886,-0.007932196218823864,-0.0017046168879656046,-0.0024517931122361963,-0.0028422637723652163,-2.4992,-0.0199936
630.0100039,3.2767194360089804,3.3118951700704407,0.7286522313041093,0.18642607287175553,0.6750644628066212,0.7237379113226005,0.09220807358444846,0.09619297910874264,0.09571416793503117,3.39988294616341,-0.9992276008606524,-0.0002806242417743854,-0.007924578773998964,-0.001703943755559508,-0.0024499622694195765,-0.002843020109294834,-2.4967,-0.0199736
640.0059968,3.2766100330962082,3.3118453505092704,0.7262660622290574,0.18853314645541988,0.6728290180455421,0.7214586685708564,0.09223750946989351,0.09622630582472669,0.09574505348577017,3.399834066539639,-0.9993240967842801,-0.00030528239426388937,-0.00793230740009443,-0.001706774386956085,-0.0024526218239455384,-0.002844726463081386,-2.4992,-0.0199936
650.0139992,3.2765601126045247,3.3117950155970064,0.7238771576730121,0.190642635567724,0.6706771334269565,0.7191575249889379,0.09227090593439097,0.09625588243386256,0.09577233298970458,3.39979309785509,-0.9994087240966685,-0.00033309421309871134,-0.00792470596268001,-0.0017063578079797642,-0.0024508236502519556,-0.0028463163866098923,-2.4967,-0.0199736
660.0080005,3.276442068099837,3.3117441435549737,0.721491473141037,0.19274928128232913,0.6686067491859734,0.7168261174835147,0.09230875134538954,0.09629757935446896,0.0958110045883214,3.399744794771769,-0.9994825859805672,-0.00036457039996432017,-0.007932357737709297,-0.001709436166536315,-0.0024534838030384675,-0.0028486223351361284,-2.4992,-0.0199936
670.0020018,3.2763499160222045,3.3116924777440695,0.7191046655307044,0.1948569187157375,0.6666216539287753,0.7144626234092112,0.09235148197209984,0.09634035119994487,0.0958505770267167,3.399700461837882,-0.9995471327992622,-0.00039993169204791124,-0.007932435414084726,-0.0017109785950776744,-0.0024539690104516064,-0.0028516419572238113,-2.4992,-0.0199936
680.0080027,3.276252597253943,3.311639785582139,0.7167149921276096,0.1969670867477901,0.6647195896095686,0.7120651636717873,0.09239961168916365,0.09638848715382417,0.09589523650068578,3.399656307256405,-0.9996040083420208,-0.00043952246383142934,-0.007932443015726695,-0.0017126485979289431,-0.0024544290363511705,-0.0028545401165366267,-2.4992,-0.0199936
690.0140035,3.27614946393561,3.3115859363837927,0.7143253196225318,0.19907725398686119,0.6629049526274329,0.7096309633221624,0.09245359420041684,0.09644245368047162,0.09594541194503767,3.3996123424648585,-0.9996536832237032,-0.0004836356481970894,-0.007932411951208529,-0.001714447574048106,-0.002454874064750343,-0.002857498062555949,-2.4992,-0.0199936
700.0020001,3.27607288093483,3.3115308312796583,0.7119411619829392,0.20118255140027588,0.6611844821186537,0.7071684317922565,0.09251368634317435,0.09649864105094602,0.09599779200940418,3.399572524545418,-0.9996969813213006,-0.0005322977239085452,-0.007924650061277919,-0.0017146700603460846,-0.0024530347439869504,-0.0028596925584194527,-2.4967,-0.0199736
710.0100025,3.27592461490748,3.3114739750430786,0.7095521719118606,0.2032921160254468,0.659533307580992,0.7046507837315793,0.09258114536661143,0.09656991947887579,0.09606444327653554,3.3995250471509144,-0.9997349027116478,-0.0005866110407211772,-0.007932236330318893,-0.001718400940638879,-0.002455678613140884,-0.002862827949177834,-2.4992,-0.0199936
720.0060054,3.275798923861559,3.31141523101278,0.707164886271359,0.2054001755767815,0.6579588609096569,0.7020871805221207,0.09265634152770665,0.09664520537805117,0.09613489681506841,3.399481372198527,-0.9997679721477426,-0.0006466274176690906,-0.007932436774634788,-0.0017206114574208056,-0.0024562139112223333,-0.002866812263503966,-2.4992,-0.0199936
730.0119962,3.2756650157222147,3.3113541618014875,0.7047752152803889,0.20751034147884037,0.6564524040296246,0.6994742324905648,0.09274017751180745,0.09672903057050129,0.09621362340490854,3.399437870693838,-0.999797075404701,-0.0007128943626743683,-0.007932427315475998,-0.0017228752033490806,-0.0024566803445469736,-0.002870663455836925,-2.4992,-0.0199936
740.0140039,3.2755219426750934,3.311290478291197,0.7023865017512799,0.2096196619074515,0.6550116692165567,0.6968096837544591,0.092833438257255,0.09682221222267638,0.09630143633597052,3.399394555097792,-0.9998224943780918,-0.0007858642863289578,-0.007932271129752005,-0.0017251823533382471,-0.0024570939551543116,-0.002874518418208064,-2.4992,-0.0199936
750.0150058,3.2754010141362473,3.3112237687348443,0.6999992731862358,0.21172767105909324,0.6536362589040835,0.6940966947892194,0.09293682728703011,0.09692174751919763,0.09639565749494401,3.399355094712136,-0.9998446578255482,-0.0008657778680864064,-0.0079246436738198,-0.0017259029238192395,-0.0024553073152123106,-0.002877517268087137,-2.4967,-0.0199736
760.0039981,3.275204325644155,3.31115358412324,0.6976148365988682,0.2138332147934809,0.6523035527568302,0.6913232131031071,0.09305223607590246,0.09704094479908389,0.09650883503123314,3.3993081596892987,-0.9998640659773391,-0.0009541970091858226,-0.00793217222383931,-0.0017299976007469956,-0.0024579368451910564,-0.002881349159202596,-2.4992,-0.0199936
770.0099989,3.2750243818249376,3.3110791203190137,0.6952251632196567,0.21594338280444375,0.6510100096337504,0.688482165666348,0.0931811867117985,0.09716995366803022,0.09663175044600669,3.3992648139836517,-0.9998810410340725,-0.0010519136220323577,-0.007932346381360075,-0.0017324916540051114,-0.002458476909375901,-0.0028859041948239347,-2.4992,-0.0199936
780.0159998,3.2748302183755587,3.310999876762443,0.6928354898165636,0.21805355083649464,0.6497511277456632,0.6855829680055335,0.0933250711550372,0.09731380707652255,0.09676944638128634,3.3992216452169983,-0.9998959558453882,-0.0011597220119817786,-0.007932316609985335,-0.0017349169617476242,-0.002458943250330208,-0.0028901537245703732,-2.4992,-0.0199936
790.0159958,3.274619521301119,3.310915165501922,0.6904472505278513,0.22016245249368593,0.6485195915406533,0.6826244145774389,0.09348581674030729,0.09747451639704724,0.09692397734189853,3.3991785498376417,-0.9999089896336508,-0.0012788504726621852,-0.007932281588665296,-0.0017372874731229069,-0.002459401934500673,-0.0028942168044009666,-2.4992,-0.0199936
800.011003,3.2743899039133377,3.3108241387624857,0.6880602026844326,0.22227030206159676,0.6473063942603706,0.679607023702217,0.09366580248350345,0.09765446576837576,0.09709780871481309,3.3991355158177616,-0.9999203818921039,-0.001410842271801438,-0.007932246441298599,-0.001739566789523063,-0.0024598563913159083,-0.00289811692632521,-2.4992,-0.0199936
810.0039984,3.2741385833910126,3.310725806244129,0.685673635307184,0.22437772736050468,0.646102176909162,0.676532359208755,0.09386785775506837,0.0978564801152785,0.0972938651470524,3.399092524808729,-0.999930347785577,-0.0015575548276711981,-0.007932206723007429,-0.00174171644841892,-0.0024603087582699417,-0.002901829964673264,-2.4992,-0.0199936
820.0070019,3.273862407329434,3.310618931213873,0.6832846883940167,0.22648725387567928,0.6448965336161956,0.6734011557837789,0.09409550874938064,0.09808397383743048,0.09751567943536392,3.3990496325654957,-0.9999390739021732,-0.0017213326241964089,-0.007931939861611226,-0.0017436475422248146,-0.0024606951856338,-0.0029053024387336937,-2.4992,-0.0199936
830.0160001,3.2735903534325628,3.310502326833837,0.6808954999973723,0.2285969936294968,0.6436870538930652,0.6702282083440749,0.0943516326338996,0.098336252303834,0.09776299584316077,3.399010466978637,-0.9999467058765957,-0.0019037792530734593,-0.007924332905960105,-0.0017437362395113397,-0.0024589120188528097,-0.0029076066596340185,-2.4967,-0.0199736
840.0109972,3.273254828308048,3.3103748103767456,0.6785108356668716,0.23070273846930683,0.642459233160783,0.6670230369248631,0.09464073240852647,0.09862529149631111,0.0980474523415814,3.3989676466018537,-0.9999533729180933,-0.0021082058491681266,-0.007924249422034763,-0.001745228860369986,-0.0024593027305133673,-0.002909388791822897,-2.4967,-0.0199736
850.0149965,3.272846968572859,3.3102343288841123,0.6761228307883512,0.23281143313382172,0.6411923510399589,0.6637799736016359,0.09496978978631368,0.09895813032452287,0.09837600041703248,3.39892095562474,-0.9999592112218384,-0.002339738726479787,-0.007931764857415216,-0.0017481022666790999,-0.0024619434682863687,-0.002912204491073389,-2.4992,-0.0199936
860.0050046,3.2724608137957776,3.310079418587651,0.6737381778943791,0.2349171678747636,0.6398958703393491,0.660535752092778,0.09534106251817547,0.0993256661431992,0.09874054165972053,3.3988817741268336,-0.9999643086484075,-0.002598912622645541,-0.007924397981371456,-0.0017473605202031075,-0.002460268339884394,-0.0029140587628583,-2.4967,-0.0199736
870.0210034,3.2719612815205275,3.309907321844553,0.6713473103570784,0.23702839037050286,0.6385428733854831,0.6572832064227497,0.09576391799982352,0.09975223191186725,0.09916462194163045,3.3988351558659406,-0.9999687822482333,-0.0028926358030357396,-0.007931762087444102,-0.0017495074355652384,-0.0024628634736592655,-0.002915664901337679,-2.4992,-0.0199936
880.0069983,3.2714726653379165,3.309716644657776,0.6689636290444659,0.23913326716996908,0.6371438622286637,0.654066604691995,0.09624000895606402,0.10022447185763644,0.09963581571475265,3.398796160334009,-0.999972681467408,-0.0032208124879781475,-0.007924143693425006,-0.0017479817773040293,-0.0024611026026860323,-0.002916332105533638,-2.4967,-0.0199736
890.0100018,3.270891966814245,3.3095039719760977,0.6665770626196927,0.24124069162780687,0.635680565585738,0.6508841351057252,0.0967781755381463,0.10076263333094207,0.10017383049398629,3.3987533591685497,-0.9999761014586771,-0.0035891149044655762,-0.00792413123402469,-0.0017477645280836174,-0.002461518140349004,-0.0029158696860873135,-2.4967,-0.0199736
900.0130053,3.2702091164376426,3.309266423252087,0.6641893045945079,0.24334916831189976,0.6341396127304495,0.6477442850757696,0.09738639122162322,0.10137471442456819,0.10078637029777117,3.3987066599777576,-0.9999790951590486,-0.004002670954149412,-0.007931806744748485,-0.0017489076948488955,-0.0024642080288475904,-0.002916106720481023,-2.4992,-0.0199936
910.0170046,3.2695192462346085,3.309000761982304,0.6618013106236073,0.24545785334459178,0.6325327167432027,0.6446724100353198,0.0980662514924761,0.10205076026498021,0.10146426426517784,3.3986676378257923,-0.9999817141790265,-0.004459682908533019,-0.007924201512958806,-0.0017463574759845686,-0.0024624362528039225,-0.0029152309515489898,-2.4967,-0.0199736
920.0040053,3.2687234186218994,3.3087040477223315,0.6594185619239179,0.2475619066131207,0.6308554864656538,0.6416766439477869,0.0988221416019883,0.10280664330130225,0.10222264472900675,3.3986249567508073,-0.9999840004211231,-0.004961572987756693,-0.007924161285069661,-0.001745223025900254,-0.0024628306343842535,-0.0029132345570729206,-2.4967,-0.0199736
930.0069987,3.267844097195179,3.30837119164841,0.6570319958017221,0.24966933080377163,0.629099314207109,0.6387456220350759,0.09966147104908622,0.10364604885537938,0.10306510348716391,3.398582122592692,-0.999986003939932,-0.0055108367581640505,-0.007924281152933116,-0.001743918179860696,-0.0024632741958993476,-0.0029111776036750245,-2.4967,-0.0199736
940.010998,3.2668450334460792,3.307998074396121,0.654643997967755,0.2517780192476913,0.6272626000786896,0.6358770844171864,0.10058824357297556,0.10457676529238039,0.10399900159016479,3.3985353873869997,-0.999987757723103,-0.0061073600364888875,-0.0079320922650125,-0.001744163130934779,-0.0024659904867728975,-0.002909828519188353,-2.4992,-0.0199936
950.0110041,3.2657923578387713,3.3075801840782706,0.6522557561762119,0.2538869231149726,0.6253573069019188,0.6330757922242957,0.10160044218763206,0.10558902226857103,0.10501492768891255,3.39849251154211,-0.999989292376312,-0.006744515407089244,-0.007932179397642375,-0.001742600916683611,-0.0024664720914065737,-0.0029084519769764406,-2.4992,-0.0199936
960.0130017,3.264656807702067,3.307112531071314,0.6498670444673079,0.25599624193627696,0.6233886256448219,0.6303372902670524,0.10269670279896398,0.10668521534514071,0.10611503995521815,3.3984497839741254,-0.9999906357415814,-0.00741595428612625,-0.00793200815620311,-0.0017409277334402874,-0.002466853216089519,-0.0029063735929873123,-2.4992,-0.0199936
970.0039956,3.2634771386426955,3.3065909426271394,0.6474821549951983,0.25810218558426945,0.6213697376841245,0.6276642312126542,0.10386959654241852,0.10785434172059354,0.10728845033135995,3.398410840189031,-0.9999918082756228,-0.00810995905222514,-0.00792448510647667,-0.0017376248991161822,-0.0024650456699799035,-0.0029030829433108426,-2.4967,-0.0199736
980.0080049,3.2621889301832034,3.3060090082866282,0.6450953413681586,0.26020982833064793,0.6192934556218914,0.6250365709702446,0.10512008725182036,0.10910478744595725,0.10854297998417362,3.3983681667195733,-0.9999928347673456,-0.008821263324476136,-0.007924365688535953,-0.0017359760511216162,-0.002465367917811905,-0.0028994988737278174,-2.4967,-0.0199736
990.0070052,3.260830307166653,3.3053622816863015,0.6427097198904318,0.26231641836607184,0.6171663804504187,0.6224503481356972,0.10644002765401078,0.11042481002014519,0.10986691714081967,3.39832537143113,-0.9999937322619354,-0.009537219161871752,-0.007924501113444879,-0.0017344210446118748,-0.002465776367302218,-0.0028964506482860117,-2.4967,-0.0199736
1000.009999,3.25937445660896,3.3046448460956426,0.6403219557264572,0.264424900470938,0.6149858147909482,0.6198923206810986,0.1078243498971204,0.11181304288556436,0.111258619831693,3.3982786909819462,-0.9999945179847948,-0.010246941772295917,-0.007932256226964696,-0.001734595396840984,-0.0024684435280224845,-0.002894546434613605,-2.4992,-0.0199936
1010.013002,3.2579016973445474,3.303852290409018,0.6379330013576698,0.26653443356969453,0.6127646134879167,0.6173657343799563,0.10925684834195863,0.11324558456468577,0.11269465536053268,3.398235854304875,-0.9999952046165339,-0.010929720614582639,-0.007932300054246416,-0.0017331196766687778,-0.0024688758247199435,-0.0028929708247313096,-2.4992,-0.0199936
1020.012002,3.256433764091027,3.302981932132024,0.6355462574447697,0.26864201475596666,0.6105176007237333,0.6148766101781811,0.11071748033523436,0.11470238777807928,0.11415514782557329,3.3981969109110524,-0.9999958034466709,-0.011562715849908006,-0.007924693149143083,-0.0017300368340719035,-0.0024670422948161416,-0.0028900739039277546,-2.4967,-0.0199736
1030.002996,3.2548802492873503,3.3020309653938935,0.6331613653103791,0.27074796075484964,0.6082331314259742,0.6124066643267287,0.11220032391635854,0.116188948101574,0.11564479260952712,3.398150498529759,-0.9999963292203002,-0.012137349076323828,-0.007932065889384735,-0.0017303100018113758,-0.0024695648578470755,-0.0028878203200812737,-2.4992,-0.0199936
1040.006,3.253387071574756,3.3009958798679997,0.6307736392462805,0.27285640921614746,0.6059213356527192,0.6099599626523529,0.11368553444768249,0.1176703767439717,0.11712955716630667,3.39811150616396,-0.9999967890548971,-0.012630221018754051,-0.007924529429256977,-0.001727355763299714,-0.0024677407418656483,-0.002885355433909096,-2.4967,-0.0199736
1050.009999,3.2518379898743586,3.2998775605268067,0.6283854936424917,0.27496522814616325,0.6035745212794951,0.6075264763523851,0.11516267368726629,0.11915146204665733,0.11861337096974692,3.3980647959947365,-0.9999971889545057,-0.013031857403629318,-0.007932369175098153,-0.0017278584816286659,-0.0024704040601174113,-0.002883475667858696,-2.4992,-0.0199936
1060.013002,3.250346788762135,3.29867766115503,0.625996536209935,0.2770747639503391,0.6012018331446715,0.6051084396698491,0.11661312396164968,0.12060195631453384,0.12006663490805548,3.3980219482099283,-0.9999975415938364,-0.013325228244230991,-0.007932441015404579,-0.0017266805072983955,-0.00247082136010137,-0.002882095447043067,-2.4992,-0.0199936
1070.024998,3.2488969828851455,3.2973994017858743,0.6236054310329321,0.2791861962905291,0.5988040474685309,0.6027054141919754,0.11802249927134102,0.12201134394260556,0.12147872550768755,3.397979105138253,-0.9999978505274625,-0.013499186492769252,-0.00793245409745763,-0.0017255374736905474,-0.0024712103838447678,-0.002880424677368137,-2.4992,-0.0199936
1080.002997,3.2475059941550195,3.296054854081768,0.6212224451562895,0.2812904589948851,0.5963911786428444,0.6003253982546384,0.11937325364104008,0.12336210658051508,0.12283208651481352,3.3979364124691314,-0.999998119802142,-0.01354808508335291,-0.00793246310979863,-0.0017244400276682976,-0.0024715865102547378,-0.002878679461289371,-2.4992,-0.0199936
1090.006996,3.246175595115012,3.294644637768027,0.6188332498550102,0.28340020484574513,0.5939490755203876,0.5979530759087056,0.12066329517360246,0.12465215635254467,0.1241246545303495,3.3978936114940055,-0.9999983559531479,-0.013470710546565373,-0.007932472080000877,-0.0017233744681777298,-0.002471956592179085,-0.0028769232714293434,-2.4992,-0.0199936
1100.009999,3.2449182690446223,3.2931831716231206,0.6164443164897623,0.28550971939761693,0.5914845504444793,0.5955944438447296,0.12188070781781518,0.1258694113432103,0.12534436141942162,3.3978509641677945,-0.9999985624666216,-0.013269449077648668,-0.007932169720887589,-0.0017222732362705859,-0.002472235965813762,-0.0028751689217557355,-2.4992,-0.0199936
1110.025002,3.243772240065822,3.2916820167586165,0.6140536951580433,0.2876207244849244,0.5890015148175513,0.593252225296033,0.12301815109567325,0.127003229785324,0.12648083595143841,3.3978117962522103,-0.9999987431172103,-0.012948507158013142,-0.007924943133717208,-0.0017196677942343066,-0.0024704571462262266,-0.0028725958462952803,-2.4967,-0.0199736
1120.012999,3.2426450402890405,3.2901606626280033,0.611669511033113,0.2897260452858503,0.5864947266431911,0.5909225416565802,0.12407420523861479,0.1280629111385572,0.1275426700574391,3.3977654862088174,-0.9999989007912674,-0.012525932203709178,-0.00793215535403416,-0.0017202652033476962,-0.0024728987870444924,-0.0028707652080829393,-2.4992,-0.0199936
1130.002001,3.241629383584678,3.2886294315494196,0.6092839196212144,0.2918326087720604,0.58396111937611,0.5886030393595887,0.12504830917925608,0.129037187322233,0.12851915034974623,3.397722573331441,-0.9999990387880502,-0.01201155544955694,-0.007932490090654803,-0.0017193534774764415,-0.0024733670077510027,-0.0028696763917849103,-2.4992,-0.0199936
1140.006,3.2406965019772005,3.287102546881039,0.6068947246541075,0.2939423543278341,0.5814011972594301,0.5862940115491642,0.12594035678429832,0.12992924282532625,0.12941343454036894,3.397679770764009,-0.9999991597164748,-0.011419518260587125,-0.007932500681768928,-0.001718380986239151,-0.0024737342985692657,-0.0028683051639434164,-2.4992,-0.0199936
1150.023005,3.2398438373694693,3.2855957956042223,0.6045024232455167,0.29605484298377555,0.5788135430455681,0.5839949082916295,0.1267522650445305,0.1307411572899433,0.1302275657315367,3.3976369188592863,-0.9999992656443394,-0.01076752679301382,-0.007932507241865255,-0.0017174153492311391,-0.002474090861303445,-0.002866812510891275,-2.4992,-0.0199936
1160.009,3.2390716387677414,3.2841302093866083,0.6021175277354147,0.2981607919635337,0.5762088452376177,0.581715660083339,0.12748391109567067,0.13147278629974804,0.1309613877358508,3.3975942013724403,-0.9999993579609602,-0.010076303474657156,-0.007932490839258899,-0.0017164594189076525,-0.0024744398002006776,-0.0028652716411049313,-2.4992,-0.0199936
1170.012999,3.238371783037534,3.2827115493804317,0.5997283324345213,0.3002705378140528,0.5735738382268936,0.5794450180316525,0.12814312568399971,0.1321320203092107,0.13162280231777754,3.397551408167169,-0.9999994388185014,-0.009359650634771816,-0.007932510887701832,-0.0017155069075483358,-0.0024747847302983928,-0.002863707771200303,-2.4992,-0.0199936
1180.016003,3.237741136938625,3.281353773204677,0.5973393747631858,0.30238007382907905,0.5709131304633808,0.5771872921808662,0.12873317023732617,0.13272205398083753,0.13221499986283522,3.3975086201720024,-0.9999995094870004,-0.008634706392422545,-0.0079325006210893,-0.0017145594024124645,-0.0024751259449790003,-0.0028621385267386433,-2.4992,-0.0199936
1190.013001,3.2371753729543635,3.2800664671244046,0.5949518794245613,0.3044883185514394,0.5682281549945329,0.574943690438573,0.12925885791224376,0.13324753080662385,0.13274263064431788,3.397465998814891,-0.9999995712386691,-0.007915846946255342,-0.007932152169882078,-0.0017135568714522417,-0.0024753819727340682,-0.0028605508640419178,-2.4992,-0.0199936
1200.005997,3.236701075999151,3.278856476107665,0.5925665295606288,0.3065946687420604,0.5655260272447112,0.5727196407977809,0.1297244370525269,0.13370948069892105,0.13320697206298066,3.397426913420195,-0.9999996250994608,-0.0072141039829583115,-0.007924939403432835,-0.001711043971839325,-0.0024735862423787788,-0.0028581211987837325,-2.4967,-0.0199736
1210.009,3.236215826550414,3.277725838243772,0.5901787375694089,0.3087031754193907,0.5627879411935536,0.5704991905081835,0.13013838264092428,0.13412707392170956,0.13362649389256198,3.3973806000244187,-0.9999996721437754,-0.0065401958982871655,-0.007932116242775789,-0.001711685195375315,-0.0024759704673740727,-0.0028564386075455887,-2.4992,-0.0199936
1220.012004,3.2358081316487626,3.2766775535453827,0.5877898123449844,0.3108126827826211,0.5600221082126758,0.5682885873381328,0.13050424012509368,0.1344931211965463,0.13399453912009932,3.3973375962478403,-0.9999997134235474,-0.0059005736936117575,-0.00793250480047708,-0.0017108538167508501,-0.0024764338797719616,-0.0028554504550110894,-2.4992,-0.0199936
1230.013006,3.2354451374334237,3.275712617834481,0.5854013331594883,0.3129217962773476,0.5572344290840102,0.566091336257783,0.13082624916571653,0.13481516453611828,0.13431859713561242,3.3972948181744616,-0.999999749515128,-0.005300429442413768,-0.007932534753723741,-0.0017099500321834452,-0.002476770741902235,-0.002854190210389733,-2.4992,-0.0199936
1240.003004,3.2351216138155934,3.274830373147949,0.5830154815671689,0.3150285895122785,0.5544274098352396,0.5639078247032034,0.13110901423919272,0.13509787825240016,0.1346032906878542,3.397252085924132,-0.999999781020921,-0.0047436815452813474,-0.007932483930935735,-0.0017090698989887841,-0.00247710003653716,-0.0028528187299516573,-2.4992,-0.0199936
1250.005997,3.234832241404638,3.274026007705318,0.5806265265258258,0.3171381232049261,0.551595508096458,0.5617320242332796,0.13135752578788176,0.13534640031253156,0.13485374801468122,3.3972092987246776,-0.9999998085995602,-0.004230613339998468,-0.007932495953173135,-0.001708212373219852,-0.002477423711506619,-0.0028514157611258316,-2.4992,-0.0199936
1260.009001,3.2345743083148744,3.273296984409602,0.5782375949396732,0.3192476361857925,0.5487441662028758,0.5595662671825645,0.13157532768314467,0.13556394488642245,0.13507318448212519,3.3971667445253315,-0.999999832709078,-0.003762174296766646,-0.007932010473926304,-0.0017072798508727524,-0.0024776073641893342,-0.002849998975704108,-2.4992,-0.0199936
1270.012004,3.23437470289808,3.2726391376862374,0.5758498751234645,0.32135607912997755,0.5458826640545521,0.5574157452950357,0.1317655383326683,0.1357506221702044,0.1352619371408211,3.397127502689242,-0.9999998537695494,-0.0033372481478538274,-0.007925009019345841,-0.0017049508161435288,-0.0024758592207975243,-0.002847762482116846,-2.4967,-0.0199736
1280.026997,3.234135538699013,3.272046444299827,0.5734591680492108,0.3234671599310436,0.5429935315117308,0.5552644803668035,0.13193267805667322,0.13592146732012078,0.13543434431759113,3.3970810368240443,-0.9999998721291852,-0.002954530689096485,-0.007932344106807293,-0.0017057920833333153,-0.0024782839893628394,-0.0028463496516677542,-2.4992,-0.0199936
1290.015004,3.2339478553321976,3.2715157020164765,0.5710738105683877,0.32557351684765473,0.5400959182050517,0.553124743613775,0.13207857109287782,0.13606742422859422,0.13558189787245128,3.3970382308935934,-0.9999998882284034,-0.0026124192834520443,-0.007932476068025274,-0.0017050841892488132,-0.0024786496721841455,-0.0028456124156621345,-2.4992,-0.0199936
1300.005002,3.233779511770251,3.2710402037547777,0.5686879775381214,0.32768029369162127,0.5371874869389061,0.5509927693694868,0.1322060944437674,0.13619475246004456,0.13571079623932877,3.3969956717858514,-0.9999999023153597,-0.0023071757434008633,-0.007932108685570177,-0.0017043095474934197,-0.0024788662099897627,-0.0028446267662184735,-2.4992,-0.0199936
1310.008005,3.233658516284208,3.270614602392369,0.5663002517981295,0.3297887418667211,0.5342734257955712,0.5488704987810189,0.13231744905493334,0.13630252425298617,0.1358203211659504,3.3969565075483477,-0.9999999146318239,-0.0020356394727810145,-0.007924979624226697,-0.0017020891693221487,-0.00247706666908774,-0.0028427061676449903,-2.4967,-0.0199736
1320.022998,3.233488237123355,3.2702338861562357,0.5639095573232671,0.33189981154206905,0.5313398997374174,0.5467442251497135,0.13241527979204393,0.1364040364750054,0.13592305284123335,3.396910029059996,-0.9999999253737478,-0.001795590466467295,-0.007932303104777744,-0.0017030884983271297,-0.0024794893945145236,-0.0028415725800745497,-2.4992,-0.0199936
1330.012001,3.233360511979105,3.2698945797490415,0.5615239517346908,0.3340063875467985,0.5284049222015809,0.5446263954222134,0.1325007604445915,0.13648958902391684,0.13600984859855159,3.396867208785951,-0.9999999347461381,-0.0015845064966966693,-0.007932453490310548,-0.0017025439729959338,-0.002479851609602526,-0.0028411072312966865,-2.4992,-0.0199936
1340.015004,3.2332436845966273,3.269591045139095,0.559134994302187,0.33611592335092755,0.5254629683731816,0.5425104177493835,0.13257573017439694,0.13656455193366526,0.13608601004456689,3.3968244199623445,-0.9999999429822743,-0.0013987300874276631,-0.007932447022987815,-0.0017020077986324967,-0.0024801596595498505,-0.002840411023238012,-2.4992,-0.0199936
1350.012003,3.2331361455450636,3.2693198804497787,0.5567474707690825,0.3382241929700336,0.5225202555096992,0.5403988959755804,0.1326414697960658,0.1366302878319473,0.13615286230418047,3.396781660326738,-0.9999999501821135,-0.0012360642091368002,-0.007932443745851142,-0.0017015151209660555,-0.0024804580962065783,-0.002839648798955626,-2.4992,-0.0199936
1360.006004,3.233036550417924,3.2690772556160392,0.554360663230392,0.34033183034017966,0.5195770176564849,0.5382903844926218,0.13269924580244227,0.13668805614601812,0.13621165937249186,3.396738915241167,-0.9999999564695401,-0.0010939600307602326,-0.007932436490130035,-0.001701064487294351,-0.002480750002585002,-0.0028388892694361737,-2.4992,-0.0199936
1370.008002,3.2329436723477567,3.268859560302338,0.5519719458159856,0.3424411541996489,0.5166312271745659,0.5361818777879735,0.13275019438898733,0.1367390010003658,0.13626354536844304,3.396696136926111,-0.9999999619634566,-0.0009699911904333947,-0.007932433186159438,-0.0017006541103699252,-0.002481037787371335,-0.00283816677672647,-2.4992,-0.0199936
1380.002999,3.232856696618454,3.2686640946854424,0.549584900408579,0.34454900161647345,0.5136885274297207,0.5340758937228971,0.13279518096322893,0.1367839831744555,0.1363093805089755,3.396653389169923,-0.9999999667611629,-0.0008622594843256948,-0.00793242920564921,-0.0017002833373492973,-0.0024813221309058797,-0.0028374990183337315,-2.4992,-0.0199936
1390.011001,3.2327746225697642,3.268487766846683,0.5471947490947225,0.346659591661011,0.5107441137057708,0.5319676572464497,0.1328351168574567,0.13682391481192366,0.13635008056659056,3.3966105862393827,-0.9999999709599559,-0.0007686700581176487,-0.007932425361106082,-0.0016999501516777164,-0.002481604027656184,-0.0028368897997999728,-2.4992,-0.0199936
1400.008,3.232697263236236,3.268328583129045,0.5448072365657404,0.348767851563079,0.5078061262759066,0.5298618031526645,0.13287062643162573,0.13685931264162635,0.1363861690524445,3.3965679390830315,-0.9999999746256426,-0.0006877500021184313,-0.007932206685521553,-0.0016996065704215106,-0.0024818197534923476,-0.002836332013470719,-2.4992,-0.0199936
1410.009002,3.232655423727338,3.26818419983322,0.5424199207915454,0.35087593772355447,0.504878652166312,0.527760856859715,0.13290231703087152,0.13688727581422624,0.13641501140878967,3.396528922574331,-0.9999999778291131,-0.0006177556564334608,-0.007924797416681423,-0.0016977216676275684,-0.002479909542461345,-0.00283498696897456,-2.4967,-0.0199736
1420.015998,3.232553333302953,3.268052616952633,0.5400310179303685,0.3529854253392288,0.5019464585749907,0.5256506618353822,0.13293093396473915,0.13691958690936026,0.13644766312456175,3.396482466160692,-0.999999980605042,-0.0005575922808730149,-0.007932145420427944,-0.0016991159270377532,-0.0024823129898198376,-0.0028345121814555285,-2.4992,-0.0199936
1430.009004,3.232516828178489,3.267932430222063,0.5376457981528184,0.35509166065887005,0.4990301842894689,0.5235478923720885,0.1329567442586775,0.13694166243286507,0.13647041804147247,3.3964434759986704,-0.9999999830315458,-0.000505890842751211,-0.00792472581350645,-0.0016972927784007427,-0.0024804086573760446,-0.0028336791134130138,-2.4967,-0.0199736
1440.011002,3.2324514740458006,3.267821902745426,0.5352594606398448,0.3571988829793106,0.4961186216627007,0.5214419245432449,0.132980308031877,0.1369652432351798,0.13649445298659899,3.3964007530148104,-0.9999999851513707,-0.0004616350041344308,-0.00792475796166106,-0.0016971438831004677,-0.002480655066348873,-0.002832631952335655,-2.4967,-0.0199736
1450.010998,3.2323552923425294,3.267719756958264,0.5328721950744123,0.35930692480363324,0.49320411847620077,0.5193258722256977,0.13300206144790677,0.13699069482292756,0.13651995914855228,3.396354288474906,-0.9999999870045926,-0.00042403705664142977,-0.007932126249644594,-0.00169863315981397,-0.00248308685472815,-0.002832976463423567,-2.4992,-0.0199936
1460.019996,3.232291084198095,3.267624777309035,0.5304818071624653,0.36141772377284087,0.4902939899955679,0.5172059666474126,0.13302226827334712,0.13701105131002192,0.1365404766487715,3.396311320227817,-0.9999999886337095,-0.0003920952886047324,-0.007932413102635122,-0.0016985815116220544,-0.002483464296623683,-0.0028335340841494643,-2.4992,-0.0199936
1470.012006,3.2322290300810743,3.267536244613026,0.5280954751224157,0.3635249412604917,0.4873984543016397,0.5150886757795031,0.13304116654873807,0.1370299496701559,0.13655952774490832,3.3962685771370036,-0.9999999900699901,-0.0003652036000711678,-0.007932413546107187,-0.0016985010029461735,-0.00248374715467838,-0.002833744404172711,-2.4992,-0.0199936
1480.012998,3.2321680574235923,3.267453044677108,0.5257069979649778,0.36563405296436974,0.4845098547233132,0.5129669636797297,0.13305908575773143,0.13704786808795655,0.13657755338582617,3.396225800704619,-0.9999999913274253,-0.00034269895556440777,-0.007932413104881214,-0.0016984501270592852,-0.002484017798907762,-0.0028338024455266523,-2.4992,-0.0199936
1490.013004,3.232108453576923,3.267374500385588,0.5233187860317279,0.3677429304656984,0.4816315551232115,0.5108426178407955,0.13307624821235478,0.1370648477891391,0.13659459806135513,3.3961832129280562,-0.9999999924254664,-0.00032408427758323644,-0.007932050969087445,-0.0016983477564108678,-0.002484174332157597,-0.002833784653584331,-2.4992,-0.0199936
1500.015001,3.2320803559477294,3.267299953538553,0.5209313415551329,0.3698511302750477,0.4787710180295337,0.508720552454283,0.13309283226831048,0.13707792132498642,0.1366079362681301,3.3961439795977992,-0.9999999933783918,-0.00030882334391624244,-0.00792507192182379,-0.0016968219210088224,-0.0024823684338071165,-0.002832907155418996,-2.4967,-0.0199736
1510.007997,3.231990385453062,3.2672288443518767,0.5185457562071799,0.3719576884065747,0.47591606198867326,0.5065893656691249,0.13310911666960204,0.1370977485060909,0.13662752246576862,3.396097736500762,-0.9999999942059743,-0.0002967415878235846,-0.007932114769382131,-0.0016984043970740955,-0.0024846636082118292,-0.0028329297167616766,-2.4992,-0.0199936
1520.015003,3.2319630833818174,3.2671605171696414,0.5161572558465084,0.37406682059974705,0.4730754002945401,0.5044571557114529,0.13312522481874553,0.13711006296462108,0.1366399562950144,3.3960587562988698,-0.9999999949309821,-0.0002872544869276794,-0.007924569348465055,-0.0016968008964085121,-0.0024826993805202495,-0.002832504859696733,-2.4967,-0.0199736
1530.015,3.231871946451816,3.267094641622894,0.5137700025079599,0.37617485162728903,0.47024118298727985,0.502315230624545,0.13314138084771177,0.1371300522455323,0.13665955527412624,3.3960121873018925,-0.9999999955650196,-0.00028031529384139886,-0.007932191272692596,-0.0016985598469165374,-0.0024851712456711726,-0.002832852689425668,-2.4992,-0.0199936
1540.016001,3.2318113705095066,3.2670307512868275,0.5113815232011079,0.3782839652291774,0.46741923045393785,0.5001675515175957,0.13315771168157275,0.1371465040286979,0.13667570798754164,3.395969283539354,-0.9999999961158537,-0.00027554671378893225,-0.007932425062382703,-0.001698711079130839,-0.0024855069836165746,-0.0028335861131123176,-2.4992,-0.0199936
1550.020001,3.2317510803902416,3.2669685111176134,0.5089923276610001,0.3803937112909315,0.4646115974710291,0.49801561319446785,0.1331743538061204,0.1371631433609499,0.13669203917615488,3.3959264923011716,-0.9999999965990966,-0.0002727395985641645,-0.007932422578827647,-0.0016988396972085471,-0.0024857665357649467,-0.002834057488252302,-2.4992,-0.0199936
1560.009003,3.231690496310114,3.2669077204361665,0.5066067140036103,0.3825002944207152,0.46182197190298896,0.49586236675591117,0.13319142454384925,0.13718021472605044,0.13670875614428,3.395883768694952,-0.999999997028553,-0.00027174296099971573,-0.00793242350626508,-0.0016989965079051202,-0.0024860174687167578,-0.0028344388490868736,-2.4992,-0.0199936
1570.011001,3.231629258129098,3.266847933431376,0.504217996589199,0.3846096182801891,0.45904465075828604,0.4937007908427635,0.13320910736469968,0.13719790015344044,0.13672603335472788,3.3958409915464443,-0.9999999974053342,-0.00027241563166433,-0.007932426406707771,-0.0016991813247126783,-0.002486262082918065,-0.0028347850180184156,-2.4992,-0.0199936
1580.005002,3.2315673194747903,3.2667890315125687,0.5018311890505097,0.386717255650334,0.4562864328148933,0.49153493275643406,0.13322749748611845,0.1372162942457185,0.13674396251041088,3.395798249725294,-0.9999999977339561,-0.0002746453677836824,-0.00793243066520985,-0.0016993939449284783,-0.002486501963771284,-0.0028351352517969448,-2.4992,-0.0199936
1590.002996,3.231504452823996,3.2667307239843746,0.49944342788749657,0.3888257351052426,0.4535450464524365,0.4893617292629433,0.1332467457498212,0.1372355451991938,0.13676268812684536,3.395755491447371,-0.9999999980209836,-0.00027834409919530456,-0.007932433637002134,-0.0016996349872945397,-0.002486738822044882,-0.002835514763645342,-2.4992,-0.0199936
1600.010999,3.231440475460277,3.2666727787535765,0.4970532763348221,0.3909363253606653,0.4508199598619052,0.4871794093898802,0.13326699359332556,0.13725579697583937,0.1367823513888422,3.3957126907504156,-0.9999999982719274,-0.00028344713186442827,-0.007932437847136015,-0.0016999053770705894,-0.0024869733670809316,-0.0028359347111386137,-2.4992,-0.0199936
1610.014002,3.231376237479837,3.2666151038955213,0.4946643594097617,0.3930458253952571,0.4481167399412593,0.48499107053818064,0.13328833646602303,0.13727686222986726,0.13680278094240794,3.395670193254996,-0.9999999984910234,-0.0002898905120057027,-0.007931882358387043,-0.0017000825614606322,-0.0024870413014000782,-0.002836364815046942,-2.4992,-0.0199936
1620.028,3.2313407874862623,3.2665574679213774,0.49227392612345433,0.3951566644316658,0.44543887634820456,0.48279820338959795,0.1333108808836364,0.13729605677008724,0.13682151040658758,3.395630753241178,-0.9999999986825003,-0.0002975546853134503,-0.007925216764973236,-0.0016989504063926017,-0.0024852998863686996,-0.002836053819189294,-2.4967,-0.0199736
1630.015996,3.2312426398437104,3.2664999029952013,0.48988962153376236,0.39726209160733283,0.44278420871258317,0.4805959781335864,0.13333478982634503,0.1373234531538217,0.13684794872116804,3.3955845939056877,-0.999999998848385,-0.00030661395418962734,-0.007932148289145735,-0.001700841554140315,-0.002487532193790786,-0.0028365222722486864,-2.4992,-0.0199936
1640.002997,3.231172280458433,3.266442099743498,0.48750448936619795,0.3993682495641886,0.44015212360388933,0.478383030950491,0.13336021117626642,0.1373490328301067,0.1368726027932622,3.395541714952043,-0.9999999989924663,-0.0003169604544002447,-0.007932457167161372,-0.0017012988422080728,-0.0024878624405572703,-0.0028376354809871423,-2.4992,-0.0199936
1650.017004,3.2311007482387386,3.266383786534477,0.48511290391407774,0.40148010600467565,0.43753758737871884,0.4761565319648318,0.13338732890091828,0.13737615572085102,0.13689877008356272,3.3954988829140023,-0.9999999991201716,-0.0003285967533072087,-0.007932462588018496,-0.001701726126059012,-0.0024880987597784435,-0.0028385491561030143,-2.4992,-0.0199936
1660.005001,3.231028176637303,3.2663251446646178,0.48272754631952974,0.4035864630217097,0.4349562838633807,0.47392636102795205,0.13341614538169302,0.13740481490936754,0.13692642016839782,3.3954563245964042,-0.9999999992317913,-0.00034148700541847266,-0.007932147972162573,-0.0017021188266689068,-0.002488233685932614,-0.0028393756110725267,-2.4992,-0.0199936
1670.006998,3.23098541405673,3.2662658487956504,0.48034015299695815,0.4056946176602064,0.43240806757698386,0.4716887781465773,0.13344682370845684,0.13743176279216138,0.1369525592327506,3.3954173214070558,-0.9999999993288513,-0.00035556689306487366,-0.007924723287691088,-0.0017009871237927921,-0.002486258968126806,-0.002839293529945279,-2.4967,-0.0199736
1680.014005,3.2308771891117396,3.266205790569267,0.4779512726140601,0.40780408542674745,0.4298800249805561,0.46943097275049933,0.13347968513290304,0.13746827773668316,0.1369877148660017,3.395370914525287,-0.9999999994132057,-0.0003711713351866319,-0.007931982445476854,-0.001703123609726701,-0.002488579905592034,-0.002840139204483546,-2.4992,-0.0199936
1690.002997,3.2308294786762737,3.266145007859147,0.47556707804908266,0.4099094154466127,0.4273933812501813,0.46717096725348894,0.13351461973462664,0.13749952124002904,0.13701793508941376,3.3953319107146704,-0.9999999994866952,-0.0003879787113397759,-0.007924639673165673,-0.0017020802518093654,-0.0024866389295899512,-0.002840586647345525,-2.4967,-0.0199736
1700.008998,3.230715789182926,3.2660831514447715,0.4731785213538724,0.4120185973852199,0.42492482293608913,0.4648887446791424,0.13355210614503646,0.1375408091078556,0.1370576720770947,3.3952853555997167,-0.9999999995515394,-0.00040640986217554964,-0.007932195090734923,-0.0017043560757641274,-0.0024890526073913176,-0.002841743632771323,-2.4992,-0.0199936
1710.014999,3.2306298763412875,3.2660201828033704,0.47078886913885565,0.41412874670743327,0.4224869684471376,0.46259186364374566,0.13359218561598113,0.13758104784195876,0.13709640242570303,3.3952423985190054,-0.9999999996082196,-0.0004263343816672538,-0.007932497744656236,-0.0017050651653743218,-0.0024893734483690286,-0.0028434307090625757,-2.4992,-0.0199936
1720.008004,3.230574922078014,3.2659561298853417,0.4684037055039213,0.4162349324511146,0.42009700520309995,0.4602919054789489,0.1336347828122974,0.13761977132305617,0.13713388541457894,3.395203553296902,-0.99999999965736,-0.00044754073204947287,-0.007924807179446186,-0.0017040636210016906,-0.0024873282713024037,-0.0028438629743923567,-2.4967,-0.0199736
1730.008996,3.230453252128003,3.2658906904150364,0.46601634734750336,0.4183430560366258,0.4177295084148953,0.45796889352509806,0.1336804798268972,0.13766914254646145,0.1371814572073968,3.3951571567413135,-0.9999999997006473,-0.0004705748998963255,-0.007932101320288015,-0.0017063969757395232,-0.0024896531458645887,-0.0028451068889762325,-2.4992,-0.0199936
1740.012995,3.230358247622518,3.2658237429163903,0.4636271806306024,0.420452776646446,0.41539443829288414,0.455628092485798,0.13372935841351252,0.137718184312662,0.1372287236959415,3.395114187428505,-0.9999999997384932,-0.0004953107339243645,-0.00793242906662281,-0.001707231842192146,-0.0024899779100538253,-0.002846940660848514,-2.4992,-0.0199936
1750.015003,3.230293140887283,3.2657552536043037,0.4612397687567553,0.4225609476663898,0.4131052820256204,0.4532797515533236,0.1337813683513426,0.13776645956532868,0.13727547849846788,3.395075185767431,-0.9999999997714933,-0.0005215353768258102,-0.007924992025375471,-0.0017063972550467165,-0.0024879954746337466,-0.0028475874844845084,-2.4967,-0.0199736
1760.005997,3.2301610541108245,3.265685107452321,0.4588548049616993,0.42466695694423184,0.410846000012073,0.45091066856107065,0.133837030244072,0.13782586589390752,0.13733281347719967,3.3950287548448763,-0.9999999998004097,-0.000549785099445893,-0.007932433401906497,-0.0017088781605980301,-0.0024903580764563007,-0.002848993471107954,-2.4992,-0.0199936
1770.009001,3.230055441135986,3.265612967417933,0.45646585475141066,0.42677648637088395,0.40861841024980694,0.448519635424617,0.13389659405504925,0.1378854792350828,0.13739038793687294,3.3949859134834224,-0.9999999998257104,-0.0005800093109540327,-0.007932523858639129,-0.0017097700473050165,-0.0024906050490920172,-0.00285101285600645,-2.4992,-0.0199936
1780.010002,3.2299469203549402,3.2655388114533332,0.4540774181492773,0.42888556226296143,0.4064290405880451,0.44611281997441166,0.1339601422043537,0.13794881099207748,0.13745165695739756,3.3949433493457186,-0.9999999998478774,-0.0006121767973734371,-0.007932096302318642,-0.001710586385909073,-0.0024906939042441075,-0.0028527325195301335,-2.4992,-0.0199936
1790.012,3.2298653530986665,3.265462492296074,0.45168991996165325,0.4309938095010916,0.4042836012838574,0.44369347174982904,0.13402778263051704,0.1380128965207611,0.13751386934222556,3.3949041597839673,-0.99999999986722,-0.0006462031888116448,-0.007925025844055994,-0.0017099758984805771,-0.00248880825729795,-0.0028535207935556847,-2.4967,-0.0199736
1800.015004,3.2297163334143097,3.265383798645675,0.4493020946748134,0.43310234557965815,0.40216730164219894,0.44124749832836513,0.13410019302076615,0.13808900864366003,0.13758757766265517,3.3948577177499897,-0.999999999884061,-0.0006827030414465751,-0.007932386497898514,-0.0017125749552038168,-0.002491136751808043,-0.0028550587330142645,-2.4992,-0.0199936
1810.005997,3.229625426219234,3.265302664550128,0.44691732751395596,0.4352081812223921,0.40009603731999027,0.4387892002843991,0.13417718017772767,0.1381622767528994,0.13765878123306677,3.3948187254501185,-0.9999999998986872,-0.0007212255256436872,-0.007924990327265319,-0.0017119452501275882,-0.0024891630656467783,-0.0028563088817393674,-2.4967,-0.0199736
1820.009001,3.2294659970405237,3.265218689028389,0.44452950614369713,0.4373167138424758,0.39804942379679226,0.4363022582392404,0.1342596458285893,0.13824843941869291,0.13774237647797155,3.3947722803850753,-0.9999999999115377,-0.0007625042522986791,-0.007932343809707754,-0.001714592421642003,-0.0024914976785264716,-0.002858148505915575,-2.4992,-0.0199936
1830.010003,3.2293315052927665,3.2651317452705655,0.44214104692178635,0.43942580970863493,0.39603687162176104,0.43379285642332754,0.1343476613427363,0.13833648396911888,0.13782792192053372,3.3947294660790646,-0.9999999999227078,-0.0008063691539016982,-0.007932394006718108,-0.0017156427019447977,-0.0024917256013425914,-0.0028605031584241487,-2.4992,-0.0199936
1840.014002,3.229224332344322,3.2650416602225745,0.4397532032063333,0.4415343620603331,0.3940663558496359,0.4312698812848634,0.13444121167008108,0.13842622966885285,0.13791545999660385,3.3946905078239893,-0.9999999999324564,-0.0008525475300509844,-0.007924834537387071,-0.001715040038697498,-0.002489697600492276,-0.0028616027842614726,-2.4967,-0.0199736
1850.003004,3.229080006702088,3.2649483624419817,0.4373699552710173,0.44363885617197457,0.39212914541735405,0.428729722513713,0.13454084076188533,0.13852581877290923,0.1380126196201042,3.394647899162334,-0.9999999999409932,-0.0009015301154031152,-0.007924751937154112,-0.0017160974939648887,-0.002489824751813261,-0.002862546016554176,-2.4967,-0.0199736
1860.007004,3.2288956709071406,3.2648512348894636,0.43498187879541766,0.4457476140592998,0.3902093704016675,0.42615584698589115,0.13464766941705952,0.13863633957946997,0.13812032407624902,3.3946014265791495,-0.9999999999484651,-0.000954039150627306,-0.007932108739156507,-0.0017188021284710647,-0.0024921675190636957,-0.0028648409766608924,-2.4992,-0.0199936
1870.009001,3.2287343962289845,3.2647501722900083,0.43259318901277966,0.44785691351891865,0.38831690461915713,0.4235612859874238,0.13476162881507395,0.1387504960050108,0.13823178805077438,3.3945584218526323,-0.9999999999550275,-0.001009740077821869,-0.007932506364564773,-0.0017199698129757475,-0.0024925029624021738,-0.002867451335328796,-2.4992,-0.0199936
1880.010003,3.2285672015787243,3.2646449279587926,0.43020473920281993,0.44996600107398443,0.3864535438956969,0.42094754178261007,0.13488305180854732,0.13887176756935213,0.13835043293705473,3.3945157855119334,-0.9999999999607583,-0.0010686997450955193,-0.007932210271115764,-0.0017209822345040358,-0.0024926218298243186,-0.0028696067518947945,-2.4992,-0.0199936
1890.014002,3.228424084421987,3.2645352134139984,0.42781675643968436,0.4520746762098149,0.384622113985375,0.41831888754146135,0.13501216703341568,0.13899720657846393,0.13847353814641464,3.394476695395639,-0.9999999999657567,-0.0011308173721216452,-0.007924907224701627,-0.001720444986577553,-0.0024906588631763266,-0.002870694962295893,-2.4967,-0.0199736
1900.004996,3.228209634372097,3.2644208395486003,0.4254318566876605,0.4541806289353436,0.38280832128203646,0.4156669211117061,0.1351500717841933,0.13913873167719956,0.13861229863045632,3.3944303771697673,-0.9999999999701128,-0.0011970802427612726,-0.007932113813271219,-0.001723090294375861,-0.0024929296059310263,-0.0028723855920207773,-2.4992,-0.0199936
1910.019004,3.228015440235198,3.2643009875075206,0.42304031333165176,0.45629244820344184,0.38100818999243175,0.4129868405259078,0.13529764220878832,0.1392863664544336,0.13875729282656107,3.3943874538033594,-0.9999999999739257,-0.0012676491866922823,-0.007932250971902588,-0.0017241529994472516,-0.002493172622288475,-0.0028747158234138114,-2.4992,-0.0199936
1920.007996,3.2278451078156936,3.2641759868942137,0.42065590811224,0.4583979642387905,0.3792391811254224,0.4103024818521397,0.13545406293185086,0.13943911987502594,0.13890779881221904,3.394348413927265,-0.9999999999772432,-0.0013417254170944304,-0.00792496742488058,-0.0017235500793624597,-0.0024912170396387853,-0.0028758134138041264,-2.4967,-0.0199736
1930.010999,3.2276006816936413,3.2640449102608615,0.41826808005432714,0.4605065027643146,0.37747578289816286,0.4075896042584158,0.13562161648411997,0.1396104183570144,0.13907645381911135,3.394301913598066,-0.999999999980135,-0.0014209909917935193,-0.00793242402801611,-0.0017261642629035848,-0.0024935623627597176,-0.0028774811738208946,-2.4992,-0.0199936
1940.014003,3.227375644900061,3.2639074545382805,0.4158791226042532,0.4626160385839589,0.3757232933068334,0.40485789584465404,0.13580049696863652,0.13978930880822432,0.13925290135581794,3.394259089382933,-0.9999999999826543,-0.0015052207891203262,-0.007932453174451265,-0.0017270943036527034,-0.0024937716682749485,-0.002879663916312914,-2.4992,-0.0199936
1950.004001,3.2271396128893213,3.263763433460152,0.41349327183128715,0.46472283109537105,0.37398393889747206,0.4021163914515546,0.1359909638595404,0.13997975955654413,0.13944105492458467,3.3942163599235786,-0.9999999999848641,-0.0015944029611617005,-0.007932430131955881,-0.0017279650836005186,-0.0024939574845794935,-0.0028814590858251225,-2.4992,-0.0199936
1960.003997,3.226924068237177,3.2636121378388085,0.4111063495628885,0.46683056977599846,0.37225866107266503,0.39936503980852794,0.136193638822495,0.14017862735337883,0.13963805647611224,3.3941774162259533,-0.9999999999867788,-0.001688479389266223,-0.007924869576967836,-0.0017271211097831373,-0.0024919071092977807,-0.0028820865617782566,-2.4967,-0.0199736
1970.007996,3.22663091154078,3.2634530585995765,0.40871829554963535,0.4689393078282593,0.3705286576756267,0.3965940416573595,0.136410633248371,0.14039933820297756,0.1398565499397676,3.3941309705460347,-0.9999999999884599,-0.0017891880881268085,-0.007932238168392614,-0.0017295042108428017,-0.0024942102486212345,-0.002883400449422403,-2.4992,-0.0199936
1980.011995,3.226353874344927,3.263285658443365,0.4063291161167335,0.47104903966676814,0.3687986890135301,0.3938107021075777,0.13664231217889228,0.1406309705955595,0.14008623449344854,3.3940882047617555,-0.9999999999899193,-0.0018962767725778096,-0.007932147504591203,-0.0017301769344438447,-0.0024943766686876334,-0.0028852002928165085,-2.4992,-0.0199936
1990.014999,3.2260949641668333,3.2631095694001973,0.4039415014120297,0.47315738979369343,0.36707694839833105,0.3910281173690049,0.136888493150625,0.14087339916182065,0.1403272185739438,3.3940491692680825,-0.9999999999911938,-0.00200908394759558,-0.007924715346339789,-0.0017291673877891144,-0.0024923728294542853,-0.0028856597721198486,-2.4967,-0.0199736
2000.020004,3.2257887727876087,3.262924137107888,0.40155444694977827,0.4752652452062733,0.36535067325265547,0.38823953962905744,0.13715111790613668,0.1411360030066142,0.1405883741264877,3.394006438783194,-0.999999999992314,-0.0021290022005547304,-0.007924699130753499,-0.001729720688045357,-0.0024925093636037152,-0.00288582696028936,-2.4967,-0.0199736
2010.007005,3.225432183149944,3.262728955152861,0.3991704947848153,0.47737036117815995,0.3636116679594128,0.3854440616643915,0.1374317588733419,0.14142036035754116,0.1408711176510827,3.393960016733535,-0.9999999999932928,-0.002257202164078237,-0.007932096612788958,-0.0017318238897110739,-0.0024948429391500183,-0.002887200391169661,-2.4992,-0.0199936
2020.009002,3.225086920466356,3.262522707071154,0.3967817976962382,0.4794796670891872,0.3618606566440905,0.382642247508483,0.1377315623365469,0.1417203065174589,0.1411697932969027,3.3939170564274033,-0.9999999999941489,-0.002393570568566178,-0.007932386592643836,-0.0017322747924086073,-0.0024951320924468993,-0.0028888165313613974,-2.4992,-0.0199936
2030.013002,3.2247234003149714,3.2623050221259358,0.39439260833102013,0.48158940769829034,0.3601003481036363,0.37984279848267505,0.13805097184352977,0.1420396429229086,0.14148813878698435,3.3938743187438263,-0.9999999999948964,-0.002538099450044018,-0.007932246854974068,-0.0017325485420692957,-0.0024952822373634003,-0.0028898386813191565,-2.4992,-0.0199936
2040.012998,3.2243725463004895,3.2620754118228166,0.3920055738298582,0.48369724548450643,0.3583353463035227,0.3770549957095439,0.13839011309640883,0.1423750686850579,0.14182309088692716,3.3938352796349696,-0.9999999999955473,-0.0026903393855240987,-0.007924861487381002,-0.0017311418333329173,-0.002493278990832905,-0.0028896377704563984,-2.4967,-0.0199736
2050.002996,3.2239361793132137,3.2618331505127984,0.3896209034834862,0.4858029956365485,0.356549541755018,0.3742691887521288,0.13875202830830766,0.1427406803673746,0.14218797747026854,3.3937888842769963,-0.9999999999961151,-0.0028527325254472657,-0.00793221407772926,-0.0017329041867439202,-0.0024955759498866505,-0.0028899383891728267,-2.4992,-0.0199936
2060.007005,3.2235058048977376,3.2615766984538026,0.3872317200365539,0.4879127310195917,0.3547418333139721,0.37148509785750916,0.13913828361952635,0.14312701241189488,0.14257389750176497,3.3937459839416246,-0.9999999999966096,-0.003025355232709054,-0.007932371691363932,-0.0017329947522461255,-0.002495809143126505,-0.0028907566583265985,-2.4992,-0.0199936
2070.009999,3.2230516956937554,3.261305660468639,0.38484276475297957,0.49002226492613854,0.3529174660753999,0.3687122804550122,0.13954905918325894,0.14353779632970828,0.1429845314473639,3.3937031812668903,-0.9999999999970427,-0.00320789536701227,-0.007932380164444669,-0.0017329679623805253,-0.002495987828771883,-0.0028911273698901526,-2.4992,-0.0199936
2080.024006,3.2225718894286812,3.261018780657727,0.38245120578078334,0.49213409798389496,0.35107146807615514,0.3659484357859352,0.13998635662818598,0.14397493650929816,0.14342174574015948,3.393660491963493,-0.9999999999974212,-0.003401158231171597,-0.00793206697236043,-0.0017327958243758337,-0.0024960661312141653,-0.0028911979870384283,-2.4992,-0.0199936
2090.014004,3.22209891018403,3.2607162909910454,0.3800665668891736,0.49423982036024455,0.34921583785363114,0.36321083333602827,0.14044864632312712,0.14443357895417144,0.14388093769637403,3.3936214253672246,-0.9999999999977502,-0.0036036281933725933,-0.007924816384619893,-0.0017310225986976683,-0.0024940896168301383,-0.00289021793798081,-2.4967,-0.0199736
2100.002996,3.221532923996418,3.2603964185375207,0.3776821289234312,0.4963453653117874,0.34733070739140515,0.3604812160330303,0.1409409668989135,0.14492970105717973,0.1443773196133451,3.3935749338944543,-0.9999999999980372,-0.003818816814999376,-0.007932368885246566,-0.001732446228952334,-0.0024964340442760378,-0.002889822492830257,-2.4992,-0.0199936
2110.006,3.2209663366829893,3.260057442310669,0.3752931712520544,0.49845490132685016,0.3454173806179819,0.35776124176569957,0.14146466576796937,0.14545340844043128,0.1449015602848472,3.393532104201351,-0.9999999999982864,-0.0040463604183268165,-0.00793238613142272,-0.0017321446695469397,-0.002496618009486557,-0.002889990332473527,-2.4992,-0.0199936
2120.021003,3.220368217418447,3.259698423519777,0.3729013479312108,0.5005669678140219,0.3434804749523158,0.3550550526853783,0.14202034833057123,0.1460090963152182,0.1454579905054392,3.3934892432409454,-0.9999999999985058,-0.00428588504195454,-0.007932391552095214,-0.001731777963600171,-0.0024967903987011706,-0.0028897550896953748,-2.4992,-0.0199936
2130.008999,3.2197391667237465,3.259319678318164,0.370515974530798,0.5026733387882065,0.34152540115027963,0.35237318684517493,0.1426073700340051,0.14659612349334897,0.14604590632645825,3.3934464995578986,-0.9999999999986967,-0.004536905121544033,-0.00793239713207014,-0.001731363033949094,-0.002496954331966769,-0.002889285933036458,-2.4992,-0.0199936
2140.012998,3.219075043096543,3.2589184417866957,0.36812677922952036,0.5047830846390651,0.33954356913164174,0.34970408944928383,0.1432295954868592,0.14721835547363502,0.14666915272848158,3.3934036869545388,-0.9999999999988635,-0.004800706543221872,-0.007932403762569845,-0.0017309038171345243,-0.0024971134454573806,-0.002888665095429463,-2.4992,-0.0199936
2150.002997,3.2183764382111093,3.2584947065429355,0.36574092746458015,0.5068898780264264,0.3375409774147789,0.3470557740156133,0.14388650122911675,0.14787526788734046,0.1473271822647732,3.393360932921699,-0.9999999999990083,-0.005076630973687685,-0.007932410534889495,-0.0017304078258780359,-0.0024972694514728572,-0.00288794353680856,-2.4992,-0.0199936
2160.020001,3.217639097744485,3.258045443086084,0.36334862625686015,0.5090023665049916,0.3355096534929737,0.34441725268382045,0.14458213714438348,0.14857091089812452,0.14802403201804004,3.3933180615469976,-0.9999999999991351,-0.0053658747076073265,-0.007932417729603486,-0.0017298792404118286,-0.0024974239157215155,-0.002887143757935547,-2.4992,-0.0199936
2170.005,3.216866147821278,3.257572044075552,0.3609639686120468,0.5111081054410982,0.3334620510199474,0.34180373369793005,0.14531359886595072,0.14930237977794955,0.14875677317335192,3.393275325067842,-0.9999999999992456,-0.005666673800652444,-0.00793242498500668,-0.0017293273836090218,-0.0024975763289515865,-0.002886287785631256,-2.4992,-0.0199936
2180.009,3.2160525420721275,3.257070839113582,0.35857477307193375,0.5132178515028571,0.33138836545005695,0.3392013739391399,0.14608570090141618,0.15007448893519895,0.149530210805466,3.393232504915624,-0.9999999999993421,-0.005980390930648838,-0.007932432202508277,-0.0017287553259079224,-0.0024977276993372426,-0.002885384933484102,-2.4992,-0.0199936
2190.012999,3.215198630224774,3.256541378320207,0.3561855777706484,0.5153275973537226,0.32929319706134136,0.33661459150804923,0.14689815526112177,0.15088695036877314,0.15034403988311312,3.393189682185344,-0.9999999999994262,-0.006306207133162406,-0.007932439370474054,-0.0017281696035748783,-0.0024978778726393765,-0.0028844481875399475,-2.4992,-0.0199936
2200.004003,3.214305416113832,3.2559830726311976,0.35379951582506247,0.5174345763381945,0.3271803662894082,0.33404627691304783,0.14775070724338135,0.1517392828370129,0.15119777788818378,3.393147139379835,-0.9999999999994997,-0.006643220688373724,-0.007931995400001696,-0.00172747651447343,-0.0024978942864941783,-0.002883463722215552,-2.4992,-0.0199936
2210.003999,3.21340298627783,3.2553936432569035,0.3514124380137774,0.5195424523688156,0.32505274116494126,0.33149615017351663,0.1486436244932493,0.15262856116832138,0.1520887462269634,3.3931079903902566,-0.9999999999995635,-0.006989447270373678,-0.007924766764594443,-0.0017252873233245033,-0.002495909870533121,-0.0028816398714016037,-2.4967,-0.0199736
2220.007998,3.212391702087778,3.25477173260935,0.3490244575495142,0.5216511254746586,0.3228982454698565,0.3289520941174606,0.1495821814337822,0.1535709597635632,0.15303237232981826,3.3930613811115973,-0.9999999999996194,-0.007348923747861891,-0.007932387513453848,-0.0017263690774204895,-0.002498254516633458,-0.002880489804657718,-2.4992,-0.0199936
2230.009996,3.2113668455578237,3.2541160130760463,0.346635749663666,0.5237604409200667,0.32072369689967084,0.32641911621019826,0.1505649170999755,0.15455375519932155,0.1540164911545654,3.3930184997665633,-0.9999999999996678,-0.0077187857886438505,-0.007932482720160589,-0.0017257915921447264,-0.0024984402894294186,-0.002880061288273311,-2.4992,-0.0199936
2240.022997,3.210298012002167,3.2534245663145795,0.34424440446852006,0.5258720852049569,0.3185317794350683,0.32389626894048346,0.1515920310058758,0.1555808576531091,0.15504496245215588,3.392975615867171,-0.9999999999997103,-0.008097336744783745,-0.00793247135573416,-0.0017252004407706891,-0.0024985994742924332,-0.002879340479218608,-2.4992,-0.0199936
2250.014001,3.209187870535274,3.252698444830162,0.341858312685439,0.5279790905370164,0.3163291599922777,0.32139035360303675,0.1526606526338518,0.15664948350016672,0.15611494545556834,3.392932825516605,-0.9999999999997474,-0.008482627146843807,-0.007932475666880323,-0.0017246212570425157,-0.0024987508074235773,-0.002878493620634379,-2.4992,-0.0199936
2260.010004,3.2080342483820097,3.251934547448287,0.33947105227338314,0.5300871278107211,0.3141108377611314,0.3188938508342542,0.15377349996432776,0.15776210291433562,0.15722891463481736,3.3928902435203914,-0.9999999999997798,-0.008874389215028977,-0.007932017627202248,-0.001723951827391823,-0.0024987619750501517,-0.0028775726469645047,-2.4992,-0.0199936
2270.012997,3.2068708337470855,3.251131875061022,0.337083307548411,0.5321955927502452,0.31188410468642896,0.31641177106389295,0.15492740863266877,0.15891234277444322,0.1583807508086732,3.392851103431072,-0.9999999999998079,-0.009268399011530232,-0.00792471539286263,-0.0017217874181031474,-0.002496747539946312,-0.0028757862022909435,-2.4967,-0.0199736
2280.011998,3.2055980485080853,3.2502898200179953,0.3346965162187354,0.5343032158072449,0.3096377181526177,0.31393295032236873,0.1561272373982536,0.16011602521460302,0.1595855194133414,3.392804462830057,-0.9999999999998325,-0.009669007791549167,-0.00793237461099211,-0.0017229398105589122,-0.0024991044119632736,-0.0028747391506937147,-2.4992,-0.0199936
2290.007005,3.204312866189615,3.2494069635692933,0.3323094674483228,0.5364110661937255,0.30737771572690104,0.31146109133436356,0.1573700746878439,0.16135892149251066,0.16082957494777483,3.3927615610950372,-0.9999999999998541,-0.010071832041253698,-0.007932491925512875,-0.0017224401419053677,-0.0024993005771996426,-0.002874426978991485,-2.4992,-0.0199936
2300.016003,3.202985804722418,3.248481173322558,0.32991907799153797,0.5385218665270807,0.3051047939621748,0.30899483129293387,0.15865520822710305,0.16264405326660847,0.1621158836136361,3.392718666365886,-0.9999999999998724,-0.010474069980481227,-0.00793249024279935,-0.001721929787809993,-0.0024994563296909154,-0.0028738165633551433,-2.4992,-0.0199936
2310.024005,3.2016203151253957,3.247513004702803,0.3275289774050393,0.5406324117775272,0.3028221690202639,0.3065365390279041,0.15997984028264495,0.16396838662821991,0.1634413855143732,3.392676084017816,-0.9999999999998892,-0.010873422308417063,-0.00793188500478989,-0.0017213015089412873,-0.002499423461487864,-0.002873051616321675,-2.4992,-0.0199936
2320.014999,3.200253102382606,3.246503973717223,0.3251440741745886,0.5427383675746327,0.30054033764636023,0.30409518342617947,0.16133675377953957,0.1653218131059396,0.1647961966262347,3.392636782007191,-0.9999999999999032,-0.01126405733854216,-0.007924947477429556,-0.0017192990203212175,-0.00249751624425378,-0.002871445598629875,-2.4967,-0.0199736
2330.016001,3.1988186749455667,3.24545103763558,0.32275798279869494,0.5448453725471306,0.2982473208017208,0.3016578772443802,0.1627309412828117,0.16671586909886663,0.16619144460348606,3.392594117553763,-0.9999999999999154,-0.011648105416147497,-0.007924683764535978,-0.001718788778670017,-0.002497534824896685,-0.0028696442673357128,-2.4967,-0.0199736
2340.015997,3.19731128518368,3.2443539818993035,0.3203709421379051,0.5469532157725209,0.2959360122992041,0.2992174309605528,0.16416460377778108,0.16815334036589316,0.1676296900028348,3.392547455874366,-0.9999999999999264,-0.012027607129880657,-0.007932259260950009,-0.0017200210776255036,-0.002499886426880006,-0.0028693171930550283,-2.4992,-0.0199936
2350.002998,3.1958043017702606,3.243214095504319,0.3179858180506306,0.5490593665941887,0.2936188607204672,0.29678470741380925,0.16562852937047673,0.16961740521208182,0.16909464239549382,3.3925044802713478,-0.9999999999999356,-0.012394499023466093,-0.007932521421587041,-0.001719651160057391,-0.002500131135413641,-0.002869385381499788,-2.4992,-0.0199936
2360.013998,3.1942665105191295,3.2420277834740396,0.3155949507423548,0.551170588887691,0.2912906887559974,0.29435236240160284,0.16712395075982614,0.1711128169091697,0.170590975364787,3.392461532363999,-0.9999999999999438,-0.012746556214451893,-0.007932511804758513,-0.0017192394132742837,-0.0025002927478144747,-0.0028690671774661315,-2.4992,-0.0199936
2370.003996,3.192706484260089,3.240800777373116,0.3132090992162298,0.55327738206417,0.28896086445981134,0.2919300377290726,0.16864185419289618,0.17263071560899282,0.1721097729431883,3.392418670846219,-0.9999999999999512,-0.013080314989148217,-0.00793250714674118,-0.0017188460597774681,-0.0025004439623769474,-0.002868575372075954,-2.4992,-0.0199936
2380.004002,3.191122384065239,3.239530010977019,0.31082085753927774,0.5553862858302634,0.28662229424800334,0.28950964965440384,0.17018382800480805,0.17417270186895545,0.1736526289544806,3.392375759597249,-0.9999999999999575,-0.013394433582984477,-0.007932519665740961,-0.0017184686944889532,-0.002500589889122457,-0.002868009510185801,-2.4992,-0.0199936
2390.005004,3.189518950433231,3.238217501716154,0.3084323779936089,0.5574953996430356,0.2842773527453233,0.28709299412571354,0.17174514037304536,0.17573401597518912,0.1752147800982996,3.3923328355842624,-0.9999999999999629,-0.013686160631700944,-0.007932521475380011,-0.0017181064430020617,-0.0025007335600956884,-0.0028674236165626846,-2.4992,-0.0199936
2400.017,3.187898111031068,3.2368630891883905,0.3060412728166134,0.5596068319832196,0.28192398443740374,0.2846773644456614,0.1733237846878322,0.17731266188351555,0.1767942309633839,3.3922898547443907,-0.9999999999999676,-0.013953373187824497,-0.007932523139691006,-0.001717757987353091,-0.0025008767306037216,-0.0028668415682097494,-2.4992,-0.0199936
2410.004,3.1862694619420933,3.2354732367700425,0.3036561372849279,0.561712992910716,0.2795709448985646,0.2822711953687085,0.17491030705006116,0.17889918525053602,0.17838152512547287,3.392246970675152,-0.9999999999999717,-0.014192927130852406,-0.007932524214573994,-0.0017174238107759547,-0.002501019581132191,-0.0028662745589616997,-2.4992,-0.0199936
2420.003996,3.1846315462029415,3.2340445450251987,0.30126792405959935,0.563821871552997,0.2772097806001981,0.27986532464578184,0.17650671950141997,0.18049536876919595,0.1799784632886275,3.3922042504593435,-0.9999999999999754,-0.0144035966388609,-0.007932066696190065,-0.0017170005866018003,-0.0025010282397602817,-0.002865701140997564,-2.4992,-0.0199936
2430.016998,3.1830221260836833,3.2325796591342306,0.2988777474675106,0.5659324839191281,0.27484741284607955,0.2774656488753991,0.17810490201037987,0.18209017942749023,0.18157425550858095,3.392164636149869,-0.9999999999999787,-0.01457984011848626,-0.007925362293365767,-0.001715214430993297,-0.0024991910025077505,-0.002864319700782817,-2.4967,-0.0199736
2440.015998,3.181349355061076,3.2310842964574196,0.2964910041124409,0.5680400646128159,0.27247662429062636,0.27506613884263914,0.17970518905733068,0.18369392638773555,0.1831785254671259,3.3921182486611245,-0.9999999999999812,-0.014727732501187252,-0.007932241682843372,-0.0017164364879872912,-0.0025013214130395352,-0.002863603812988433,-2.4992,-0.0199936
2450.016004,3.179744902916803,3.2295588420985735,0.29410397507380626,0.5701478975754228,0.27010558099291915,0.2726732846485497,0.1812989177524694,0.18528390493421512,0.18476937609586153,3.392079016449667,-0.9999999999999838,-0.014838942409952122,-0.007924788173169495,-0.0017145066267792342,-0.00249928684367143,-0.0028628096449302798,-2.4967,-0.0199736
2460.016,3.1780810094517613,3.228006268679411,0.2917167720298471,0.5722558841910236,0.2677235289816267,0.2702775012058133,0.1828888542205346,0.18687762228559,0.18636350835178064,3.3920322721743634,-0.9999999999999857,-0.014919321969585758,-0.007932296821051732,-0.0017158849210056268,-0.002501620350454497,-0.002862529687097777,-2.4992,-0.0199936
2470.015996,3.176458256986838,3.22642915581862,0.2893285447034928,0.5743647752850202,0.2653359527024759,0.2678828485245098,0.18446813749637472,0.18845701709600332,0.18794343089082582,3.391989110840907,-0.9999999999999873,-0.014964536053637845,-0.007932526020078684,-0.0017156649203725494,-0.002501862246043687,-0.0028627041224616578,-2.4992,-0.0199936
2480.023003,3.1748512578504258,3.224830400853313,0.28693863141163856,0.5764751551475227,0.26294412159618447,0.2654904643205066,0.18603231343173723,0.1900211933191149,0.18950817060546604,3.3919460343152017,-0.999999999999989,-0.01497303348035997,-0.007932526376866311,-0.001715402182785783,-0.0025020286145757426,-0.0028625468881733423,-2.4992,-0.0199936
2490.005005,3.173267222269075,3.2232187306517828,0.28455468948427287,0.5785802620792407,0.2605545309686947,0.2631067854196233,0.1875737528259232,0.191562637971303,0.19105017014308676,3.3919030508505386,-0.9999999999999907,-0.014945786071080103,-0.007932531701467155,-0.0017151496911990156,-0.0025021879639516064,-0.002862247503595731,-2.4992,-0.0199936
2500.005997,3.171702161849875,3.2215907676436175,0.282166212319539,0.5806893737895614,0.2581564933896719,0.2607210218789994,0.18909617121257383,0.19308505708767715,0.19257313088675587,3.39185996769336,-0.9999999999999919,-0.014883324539649245,-0.00793253249828546,-0.0017149050007633894,-0.002502345372667715,-0.0028618929393880886,-2.4992,-0.0199936
2510.022005,3.170159738911503,3.21995093399239,0.2797741489834468,0.5828016522188774,0.2557509481124917,0.25833401775913595,0.19059588140249556,0.19458476668160346,0.1940733675296661,3.3918167999868203,-0.9999999999999928,-0.01478636871869421,-0.007932531968478873,-0.0017146672778552367,-0.0025025033261467603,-0.0028615183548765296,-2.4992,-0.0199936
2520.012003,3.168649380250513,3.218309886259012,0.27738831483578136,0.5849084300495477,0.2533479190399761,0.25595558587906025,0.19206399543375122,0.19605275470203823,0.1955418731681093,3.391773843094647,-0.9999999999999938,-0.014656510624146663,-0.007932287242256475,-0.0017143842291561604,-0.002502592168198312,-0.002861126317928028,-2.4992,-0.0199936
2530.011004,3.167203226365155,3.2166665910882273,0.27500144089925843,0.5870161260513813,0.250946026518657,0.2535835154609337,0.19349945757842218,0.19748456046835178,0.1969744557864547,3.391734431928144,-0.9999999999999944,-0.01449174338381648,-0.00792497624461852,-0.001712542159814136,-0.0025005834537842994,-0.0028599140666183505,-2.4967,-0.0199736
2540.010004,3.1657219450130047,3.2150257504510633,0.27261462910867024,0.5891237671761068,0.24853312599910365,0.25120722503568604,0.19490679281577425,0.19889566118604418,0.19838585917800736,3.3916875114404115,-0.9999999999999951,-0.014301400808763187,-0.007932499387932973,-0.001713992999705192,-0.00250293235532258,-0.00285937447440844,-2.4992,-0.0199936
2550.022,3.16430202972435,3.213388303144956,0.2702235435360991,0.591235182204875,0.24611086991405043,0.24882774951463923,0.1962832316284526,0.20027211560254832,0.19976270828459572,3.3916442291600117,-0.9999999999999958,-0.014083658468395766,-0.007932531119096892,-0.0017137844934634935,-0.0025031269272078145,-0.0028595670076704775,-2.4992,-0.0199936
2560.009,3.162922256953042,3.211765059299515,0.26783840852429847,0.5933413426732945,0.2436926450913275,0.2464576230214532,0.19761997977305512,0.2016088425318281,0.201099866309838,3.3916010562797902,-0.9999999999999962,-0.013840335728254882,-0.007932509823297629,-0.0017135746781220423,-0.002503310211244273,-0.0028594665077055054,-2.4992,-0.0199936
2570.010998,3.161578398858173,3.2101532508440833,0.26544975323352166,0.5954506116753526,0.241268071930552,0.24408661266978673,0.19892178839720348,0.2029103691273392,0.2024018442256835,3.3915581038207794,-0.9999999999999967,-0.013573596066872168,-0.007931920083771166,-0.001713234842025878,-0.002503308360931492,-0.002859187241578599,-2.4992,-0.0199936
2580.013006,3.1603056321221517,3.2085595848525488,0.26306226156216067,0.597558853159387,0.23884704604248083,0.24172360816756464,0.2001829561693271,0.2041680697669739,0.2036602356774887,3.3915183212959477,-0.9999999999999971,-0.013284320301636982,-0.00792501302193821,-0.0017115157988515056,-0.002501442937801538,-0.0028580552904060624,-2.4967,-0.0199736
2590.003004,3.1590058573364925,3.206988351058153,0.2606774508354757,0.5996647272723221,0.23641784122115395,0.23935857080402623,0.20140874272052905,0.2053975425213875,0.20488992839908535,3.391471402611127,-0.9999999999999972,-0.01298215467379632,-0.007932336294617676,-0.0017129403807826177,-0.002503745589127387,-0.0028577114050701074,-2.4992,-0.0199936
2600.012998,3.1577710993223342,3.2054371023955404,0.2582868456638971,0.6017757180896414,0.23397918485801628,0.23698900386448526,0.20259992478995728,0.2065886884096015,0.20608140631124303,3.3914279950375494,-0.9999999999999977,-0.012665505966289597,-0.00793228980130295,-0.0017127474245976606,-0.002503943502733208,-0.0028579110060888866,-2.4992,-0.0199936
2610.014,3.1566107080575394,3.203914650008826,0.25589960489445507,0.603883738018208,0.23154883601277276,0.2346309328115026,0.2037486296534252,0.2077337253480098,0.2072270757693876,3.391388126692706,-0.9999999999999978,-0.012335089074445055,-0.007925159589684538,-0.0017110357282582385,-0.0025020874254822354,-0.0028569647714691486,-2.4967,-0.0199736
2620.015002,3.155421805718791,3.202421233031248,0.2535121973149946,0.6059919052460532,0.22910866260204008,0.2322678561596789,0.20486380877027113,0.20885252392793832,0.2083460532523408,3.391341280695402,-0.999999999999998,-0.012000296853543507,-0.007932179410240492,-0.0017123744169664388,-0.002504269551460557,-0.002856701719334981,-2.4992,-0.0199936
2630.026997,3.1542960684499994,3.200956978083795,0.25112112780596474,0.6081033060901339,0.22666192149461273,0.22990167115704768,0.20594511630110032,0.2099340018379609,0.20942779219975416,3.391297545732783,-0.9999999999999981,-0.011660903236564657,-0.00793253095240784,-0.0017122892210309714,-0.0025045975341886372,-0.0028569833336298035,-2.4992,-0.0199936
2640.013998,3.153244895176022,3.1995303586995356,0.24873722613473828,0.6102083774742247,0.22422924188491655,0.2275504508840648,0.20698556619625358,0.21097052127987972,0.2104649002447117,3.391258030062603,-0.9999999999999983,-0.01131813390954714,-0.007924716007264826,-0.001710417468641044,-0.0025025115834793185,-0.002856079208384284,-2.4967,-0.0199736
2650.014004,3.1521578741336227,3.198136654668218,0.24635010883247588,0.612316288376807,0.22178493854659478,0.22519007270220204,0.20799772008674494,0.21198648553414212,0.21148095143337906,3.3912106872675443,-0.9999999999999983,-0.010980167868533702,-0.007932285066282463,-0.0017119459332570596,-0.0025049207177703196,-0.0028558556019922677,-2.4992,-0.0199936
2660.014996,3.1511314256877556,3.1967782964274347,0.24396165473106016,0.6144253797213838,0.2193384761106291,0.22282804804488654,0.2089799210667266,0.2129687175493736,0.2124633588774159,3.391166992011275,-0.9999999999999984,-0.010647668020049711,-0.007932353945483361,-0.0017118345672864558,-0.0025051850981095414,-0.0028562237657563457,-2.4992,-0.0199936
2670.013,3.150169151723679,3.1954579929600126,0.24157509547259043,0.6165327978511164,0.2169029602657366,0.22047436432031417,0.2099301577448147,0.21391533037421773,0.21341043625687758,3.3911269601559835,-0.9999999999999987,-0.010321212979011646,-0.007925150199235148,-0.0017101415504298706,-0.0025033001924433013,-0.002855430980031128,-2.4967,-0.0199736
2680.014002,3.149167315562471,3.1941747892570143,0.23918779198002615,0.6186408731664685,0.21446208189381646,0.21811317205229436,0.21085760143447857,0.21484633946502363,0.21434143241569467,3.391079683993369,-0.9999999999999987,-0.010009207826597422,-0.007932236902071399,-0.0017116167814500128,-0.002505590684861154,-0.0028552161622915095,-2.4992,-0.0199936
2690.015004,3.1482164849830965,3.1929286995547335,0.23679935459055768,0.6207499497537916,0.21202214869340208,0.21574841261322653,0.21176341103051047,0.21575231457929647,0.21524743177524042,3.3910356722962764,-0.9999999999999987,-0.009712768316500892,-0.007932573521252428,-0.001711625459978825,-0.0025059565170741575,-0.0028556854210154714,-2.4992,-0.0199936
2700.022997,3.1472860586610945,3.1917193323424584,0.23440923559462742,0.6228605112604316,0.2095875340872951,0.2133814234289499,0.21265019403857452,0.2166389017658167,0.21613405351674222,3.3909919854118846,-0.9999999999999989,-0.009434107244967405,-0.007932141451423236,-0.0017114814249750087,-0.0025060862153567878,-0.0028558520098396546,-2.4992,-0.0199936
2710.009997,3.146406493432684,3.190550057912954,0.23202533561839003,0.6249655811477864,0.20717248392621349,0.21102312115484756,0.21351754162801612,0.217502550318826,0.21699794707387643,3.390951781505909,-0.9999999999999989,-0.00917600608521732,-0.007924820640653613,-0.0017098723633328906,-0.002504203197548503,-0.0028550568630491013,-2.4967,-0.0199736
2720.003003,3.145471018093547,3.189416052030832,0.22963980161555075,0.6270720939397213,0.20475691635976023,0.20865247130423012,0.21437740110405126,0.21836615196638082,0.21786125306798887,3.3909040438787357,-0.9999999999999989,-0.008945869157314962,-0.007932290961162353,-0.001711552280693481,-0.0025066524925463694,-0.0028550637087858747,-2.4992,-0.0199936
2730.007998,3.1445698789607452,3.1883151503114435,0.2272503684455449,0.6291820498372691,0.20234652735484282,0.20627282237864983,0.2152330510426414,0.21922195282802573,0.2187167919554649,3.3908597763977406,-0.9999999999999989,-0.00874477678093738,-0.007932549960791485,-0.0017116621571977193,-0.0025070193672851173,-0.0028556577447339353,-2.4992,-0.0199936
2740.004997,3.1436708423657627,3.1872485150284278,0.22486284491243572,0.6312903194563795,0.19995176393286107,0.20389055425477978,0.21608708161454687,0.22007601460513082,0.21957054824132977,3.3908155777292444,-0.999999999999999,-0.00857637064250541,-0.00793258126180868,-0.00171176359333081,-0.0025073284048467313,-0.002856023416184457,-2.4992,-0.0199936
2750.005003,3.1427660861456985,3.186213042714365,0.22247460323548554,0.6333992232224714,0.19757048445863484,0.201501058689873,0.21694677782374988,0.22093571716796295,0.2204298645873327,3.390771275375222,-0.9999999999999992,-0.008444896822858677,-0.007932587684247205,-0.0017119051412980437,-0.002507643463898891,-0.00285631810672876,-2.4992,-0.0199936
2760.009002,3.1418487984832155,3.185206407822857,0.22008540793421125,0.635508969073327,0.19520349150935246,0.1991030988882216,0.21781889925825285,0.22180778604079598,0.2213014580169551,3.3907268568367455,-0.9999999999999992,-0.008354801887430152,-0.007932535139477087,-0.0017120861201811739,-0.002507968352951637,-0.002856612482891539,-2.4992,-0.0199936
2770.011,3.1409120525688095,3.184226607341572,0.21769669051980164,0.6376182929327998,0.19285312740048008,0.19669731167510354,0.21871025113617074,0.22269913383952267,0.22219224388910397,3.3906823414147613,-0.9999999999999992,-0.008310868646454611,-0.007932531119878655,-0.0017123029238946931,-0.0025083059650227372,-0.002856940752382869,-2.4992,-0.0199936
2780.021999,3.13994672575014,3.1832696017044304,0.21530582345033938,0.6397295150154211,0.19051725487073576,0.19428052978726187,0.21962993640141057,0.2236188186800364,0.22311128964743665,3.390637672902191,-0.9999999999999992,-0.008318216727683597,-0.007932530754592132,-0.0017125500537847932,-0.00250865874303469,-0.0028573143004556006,-2.4992,-0.0199936
2790.013003,3.138947650910678,3.182334771550562,0.21291976919194472,0.6418364872118255,0.1882027249689063,0.19185985533365837,0.22058407007178849,0.22457270041305974,0.22406448886054794,3.390593234401,-0.9999999999999992,-0.008382216348478744,-0.007932021214143131,-0.0017127048705622909,-0.002508875011766286,-0.0028576978099975133,-2.4992,-0.0199936
2800.003001,3.1379361203175367,3.1814169281854325,0.21053509553218938,0.6439422402897049,0.18591074172689176,0.18943688549888826,0.22158155761597015,0.22556654625773662,0.2250578778273097,3.390552084356846,-0.9999999999999992,-0.008506606391045196,-0.007924783695277854,-0.0017113937515375634,-0.002507123738546638,-0.002857294900137166,-2.4967,-0.0199736
2810.006005,3.136799895161951,3.1805101719635034,0.2081473535940503,0.6460507027683547,0.1836225391148245,0.1869962301403422,0.22264030087571227,0.22662911154420592,0.22611950619429258,3.3905032911008885,-0.9999999999999992,-0.008703608900424237,-0.007932383506396579,-0.0017133563525727948,-0.002509726296175295,-0.002857596338269994,-2.4992,-0.0199936
2820.015999,3.135622487478647,3.1796099377621525,0.20575674851712153,0.6481616935020947,0.18134226032181208,0.18454432736571383,0.22377041703536552,0.2277593384305039,0.2272489104020868,3.3904579673320336,-0.9999999999999992,-0.008978705385146585,-0.00793260347547639,-0.001713676696185636,-0.0025102356020301054,-0.0028586237055271396,-2.4992,-0.0199936
2830.007999,3.1343656314699246,3.1787137150392293,0.20337041900160815,0.650268908760489,0.17907690023304057,0.18209229029130702,0.22498063558690665,0.22896959011631204,0.22845843816899564,3.3904127343396215,-0.9999999999999992,-0.009337974506367419,-0.007932596309552231,-0.0017139077662789454,-0.0025106726030007013,-0.0028593269543587246,-2.4992,-0.0199936
2840.009996,3.133010121801649,3.1778132405476156,0.2009817018047893,0.6523782324278208,0.1768160439099283,0.1796337479434688,0.22628949662528172,0.2302783816051598,0.22976658008830855,3.39036724828221,-0.9999999999999992,-0.009791840311800498,-0.007932533558765137,-0.0017141282483550484,-0.0025111534467984926,-0.002859857740826219,-2.4992,-0.0199936
2850.012004,3.1315407228791785,3.176903029307105,0.19859298200371797,0.6544875583948021,0.17455862283367102,0.1771727312192305,0.22771215292098732,0.2317010381336845,0.23118867944239876,3.3903215957980133,-0.9999999999999992,-0.010349937800132325,-0.007932533842643863,-0.0017143046538220276,-0.002511650869369583,-0.0028602738142137173,-2.4992,-0.0199936
2860.002002,3.1299429738874074,3.175977162312586,0.19620718289475247,0.6565943052850336,0.17230472034865268,0.17471426612901453,0.2292641623485665,0.2332527261366119,0.23273993597314632,3.3902761349636936,-0.9999999999999992,-0.01102185778483239,-0.007931895700672154,-0.001714293314131401,-0.002511984361409233,-0.002860551810066384,-2.4992,-0.0199936
2870.015003,3.1282255566101536,3.1750249733038274,0.1938170269798295,0.6587048993924798,0.17004980456364446,0.1722571864248702,0.23096599069380927,0.23495108686691912,0.23443823269205888,3.3902335439135363,-0.9999999999999992,-0.011817503204651442,-0.007925013052558577,-0.0017128575518474704,-0.002510500664296678,-0.002859936765787439,-2.4967,-0.0199736
2880.003,3.126274651142318,3.174041980425367,0.19143288232724032,0.6608101853379013,0.167789044259723,0.16980232152184446,0.23283924494877886,0.2368279760449421,0.23631471904720616,3.39018378319302,-0.9999999999999992,-0.012753939499043854,-0.007932233778245007,-0.0017144820157454733,-0.002513159514336296,-0.002859909013065075,-2.4992,-0.0199936
2890.006003,3.12415476987375,3.1730141805985843,0.1890439720062307,0.6629196795408777,0.16551623911322363,0.16734478176379136,0.23491117655963625,0.2388999821934319,0.23838652552074,3.3901372134349956,-0.9999999999999992,-0.013844561593127969,-0.007932387763892684,-0.0017144965164329288,-0.0025138300442711296,-0.002860529342668094,-2.4992,-0.0199936
2900.012004,3.121857598310271,3.1719330847550387,0.1866555077905986,0.6650287798166735,0.16324358252836102,0.16489900843919253,0.23719330480419237,0.24117819678184746,0.24066499388005644,3.39009431634871,-0.9999999999999992,-0.015092237897721239,-0.00792472729045482,-0.0017127683302215761,-0.0025122534247722823,-0.002859894041992161,-2.4967,-0.0199736
2910.009999,3.1192909741323684,3.1707882915832797,0.18427013290128938,0.6671351521056075,0.1609644343588905,0.1624605804862364,0.23971376872408215,0.2436986792355236,0.24318564914439725,3.3900475800959615,-0.9999999999999992,-0.01651476015709427,-0.007924630565747326,-0.001712619284909899,-0.0025128136324637797,-0.002858888352385098,-2.4967,-0.0199736
2920.013002,3.116412210488175,3.169564258413056,0.1818823772077271,0.6692436267307932,0.15866574587634422,0.1600169953447564,0.24251258562054318,0.24650142144464698,0.24598825058222742,3.389996455940504,-0.9999999999999992,-0.018136791052466794,-0.00793243286473233,-0.0017142087383497004,-0.002515796070149079,-0.002859213737818287,-2.4992,-0.0199936
2930.015,3.1132705194773433,3.168247266338758,0.17949365779879525,0.671352952351501,0.15635782444755963,0.15757811551795659,0.24560548359688228,0.24959433629006675,0.2490812579746732,3.389948924758577,-0.9999999999999992,-0.019960228655163975,-0.007932449215084375,-0.0017140431162039676,-0.002516570974411947,-0.002859849442144646,-2.4992,-0.0199936
2940.004998,3.1098600374451797,3.1668246106996123,0.17710899189138657,0.6734586985837785,0.15405279892202076,0.1551558665198751,0.24899989941709152,0.2529849221720752,0.2524723453322378,3.389904999330585,-0.9999999999999992,-0.02197965965527962,-0.00792487388582272,-0.0017121948702062072,-0.002515142488017039,-0.0028590969053788108,-2.4967,-0.0199736
2950.006996,3.106075392456366,3.1652759190509108,0.1747226645246169,0.6755659119447541,0.15173704227320547,0.1527362290706891,0.25273749600462736,0.2567223772639694,0.2562101707773459,3.3898571006493285,-0.9999999999999992,-0.02421660321099159,-0.007924592454560231,-0.0017119376433070788,-0.0025158404993723656,-0.0028579473408915567,-2.4967,-0.0199736
2960.007002,3.101923945116429,3.163583829898833,0.1723367911835834,0.677672724384586,0.14941158649327804,0.150319375414835,0.25683998447116063,0.26082508532644394,0.26031318342202936,3.389808514406364,-0.9999999999999992,-0.02667539213795797,-0.007925008680954748,-0.0017118166338712468,-0.0025167934687648683,-0.0028572684195609845,-2.4967,-0.0199736
2970.010005,3.0973438828253346,3.1617263628757892,0.16994903962832023,0.6797811953555042,0.14707071326300755,0.14789870590266846,0.2613388878503594,0.26532774525181246,0.2648158585505844,3.3897559696342667,-0.9999999999999992,-0.029365680699915075,-0.00793245779341989,-0.0017132363174249036,-0.0025198821597667677,-0.0028576176381951653,-2.4992,-0.0199936
2980.010001,3.092397116141196,3.159682679341186,0.16756083168159755,0.6818900693365856,0.14472357156615262,0.14548203781621638,0.2662345480103438,0.270223595320599,0.26971189619314506,3.389706581514305,-0.9999999999999992,-0.03226688042569445,-0.007932812721785365,-0.0017130767612909396,-0.0025209720889151697,-0.00285821576493757,-2.4992,-0.0199936
2990.011999,3.087049062663613,3.157429521571664,0.16517211158300857,0.6839993955662855,0.14237189886882645,0.14307024122282475,0.27153246469254455,0.2755213896231695,0.27500996232415836,3.389657071960285,-0.9999999999999992,-0.035361255193465696,-0.007932584041082769,-0.0017127932807403132,-0.0025219352021413786,-0.0028582857579934587,-2.4992,-0.0199936
3000.015002,3.081294619862953,3.1549427700050003,0.1627831544046178,0.6861089311460239,0.14001509474356305,0.14066184210292756,0.277236241280282,0.28122514049514225,0.2807139959060605,3.3896070359536408,-0.9999999999999992,-0.038628323374071544,-0.007932551172430413,-0.0017125523818949358,-0.002522995366318411,-0.0028581224192531533,-2.4992,-0.0199936
3010.004005,3.0751493225994646,3.152201523593236,0.16039754050122298,0.6882155144930387,0.1376569769223002,0.13825984873453134,0.28333063063732716,0.28731942843844926,0.2868085684402931,3.389556618476876,-0.9999999999999992,-0.042031889341392015,-0.007932444213417378,-0.001712310836967499,-0.002524102400681738,-0.0028578487776776316,-2.4992,-0.0199936
3020.001999,3.068613692155933,3.1491741488824347,0.15800977933706167,0.6903239939489617,0.13529249880777494,0.13585833335244915,0.2898146281828313,0.2938035201032173,0.293292940390357,3.3895056725152846,-0.9999999999999992,-0.04553945899079939,-0.007932537479568125,-0.0017120699872248475,-0.0025252661800593103,-0.0028575186695216563,-2.4992,-0.0199936
3030.005003,3.0617134237241195,3.1458358680885787,0.15562082166559854,0.6924335299641009,0.1329229896886051,0.13345793687750232,0.29666277496871696,0.30065168835143313,0.3001413811832077,3.3894541926452426,-0.9999999999999992,-0.04910080547289819,-0.007932558321871175,-0.0017118278239955263,-0.002526487434196467,-0.0028571598963244684,-2.4992,-0.0199936
3040.009002,3.054483165496837,3.1421632378431568,0.15323162636431467,0.6945432758149652,0.1305497728519898,0.13105935262660465,0.30384029421171227,0.30782925787164395,0.30731921375114,3.389402168994469,-0.9999999999999992,-0.05265771888035836,-0.007932607839973016,-0.0017115842207343955,-0.0025277687578917586,-0.0028567872361835124,-2.4992,-0.0199936
3050.012005,3.046964635413354,3.1381342917133326,0.15084266893176396,0.6966528116191358,0.1281736631520557,0.12866282911274013,0.3113055971700579,0.31529447984859166,0.3147846882433773,3.3893495798833673,-0.9999999999999992,-0.05614666558961756,-0.007932526088939185,-0.0017113391837198844,-0.0025291126369438462,-0.00285640739340689,-2.4992,-0.0199936
3060.014003,3.039204162747621,3.133729306942077,0.14845395151736493,0.6987621354785993,0.12579497926157585,0.12626816711560024,0.31901210018261655,0.32300098655720366,0.3224914364817895,3.389296392202688,-0.9999999999999992,-0.05950137245995951,-0.007932528836632924,-0.0017110925758326116,-0.002530521530632841,-0.0028560233877034276,-2.4992,-0.0199936
3070.016001,3.03125186722547,3.1289320895590946,0.14606523410297204,0.700871459338057,0.1234137737008772,0.12387494693757937,0.32690973153599306,0.33089861405367343,0.33038929422558044,3.389242565413465,-0.9999999999999992,-0.06265561428065569,-0.007932523918647405,-0.0017108442647512704,-0.0025319979545878634,-0.002855636514772215,-2.4992,-0.0199936
3080.015997,3.023161964210241,3.123733160029433,0.14367699481426563,0.7029803609952434,0.12103080090428513,0.12148348109248908,0.33494418842068807,0.33893311855898905,0.3384240175209596,3.3891880735360504,-0.9999999999999992,-0.06554563473392822,-0.007932570318443244,-0.0017105941651819087,-0.0025335438360403256,-0.0028552473686978244,-2.4992,-0.0199936
3090.004999,3.0149936923274843,3.118133872855271,0.14129138115687154,0.7050869441250309,0.1186484763641315,0.1190957612957964,0.34305624431070275,0.34704527145406405,0.34653637715022567,3.3891329280592153,-0.9999999999999992,-0.06811355032892108,-0.007932665921198623,-0.0017103425095870185,-0.002535159824676257,-0.0028548565496306876,-2.4992,-0.0199936
3100.008003,3.006775248302285,3.112123436095612,0.13890242348549153,0.7071964801400966,0.11626111555789488,0.11670565458335642,0.3512179789268654,0.3552066911328593,0.35469799095589843,3.3890769494899233,-0.9999999999999992,-0.07032082810679091,-0.007932349631757207,-0.0017100891889342386,-0.0025368521121641187,-0.002854463362837556,-2.4992,-0.0199936
3110.023006,2.9985493555868774,3.1057132624693855,0.13651060016465116,0.7093085466272657,0.1138694709690043,0.11431348583484711,0.35938563560941267,0.363374618071462,0.36286609948964765,3.389020103465562,-0.9999999999999992,-0.07213515906058038,-0.007932618014705184,-0.0017098336664785165,-0.0025386225776583777,-0.0028540681749895267,-2.4992,-0.0199936
3120.009996,2.9903848067041228,3.0989504953094995,0.13412548948319272,0.7114146856111128,0.11148361146662038,0.11192881240282124,0.3674921454065867,0.37148089015906033,0.3709725504957404,3.38896278454592,-0.9999999999999992,-0.07353643085070471,-0.007932170071935085,-0.0017094857042118548,-0.002540342874876403,-0.0028536537183402435,-2.4992,-0.0199936
3130.013,2.982319890515664,3.091838667604266,0.13173768082730367,0.7135232070039489,0.10909969839049499,0.10954706467482592,0.37552862281103544,0.3795137842220216,0.379005869803148,3.3889077205257614,-0.9999999999999992,-0.07451949446150175,-0.007925236839024685,-0.001707744968935917,-0.002540272501697506,-0.00285242293892071,-2.4967,-0.0199736
3140.016003,2.974245922508609,3.084422868612892,0.12934994152959547,0.7156316671510027,0.10670905293818811,0.1071595188625578,0.38351147814757863,0.3875002467136595,0.386992301778277,3.3888448653655097,-0.9999999999999992,-0.07514600120356607,-0.007932248757475557,-0.001709005871654153,-0.0025442582490632854,-0.0028518266414404286,-2.4992,-0.0199936
3150.020998,2.9662654751693576,3.07674183887913,0.12696055235116813,0.7177415842023956,0.10431532411072007,0.10476883824974646,0.3914289894655075,0.3954178725811542,0.3949099590174346,3.3887842196565865,-0.9999999999999992,-0.07544297693863522,-0.007932514865062135,-0.001708817258816653,-0.002546458568753313,-0.0028519906989200147,-2.4992,-0.0199936
3160.003996,2.9583718748501946,3.068867519936932,0.12457637381970425,0.7198469000640888,0.10192881635278335,0.10238462762436985,0.39925899551421756,0.4032482624937371,0.402740418959916,3.388722821982989,-0.9999999999999992,-0.07546005358161184,-0.007932906866068623,-0.0017085660187594774,-0.00254864777413039,-0.002851865467959719,-2.4992,-0.0199936
3170.006004,2.950507894255096,3.0608199792258057,0.12218765399802238,0.72195622604927,0.09953901003518144,0.09999579164820936,0.4070587911828714,0.4110479157188308,0.4105401353975052,3.388660228905329,-0.9999999999999992,-0.07527491802435576,-0.007932748014951863,-0.0017083071963136893,-0.002550904864586804,-0.0028516014933887184,-2.4992,-0.0199936
3180.008997,2.9426547576768822,3.0526656536821593,0.11979869895334083,0.724065759744866,0.09715041127261811,0.09760620860472304,0.4148467095220967,0.41883553488746944,0.41832780219410465,3.3885964658615726,-0.9999999999999992,-0.07497228584592497,-0.007932436862131353,-0.0017080556258785833,-0.0025532405693520586,-0.002851271725661327,-2.4992,-0.0199936
3190.011005,2.9347717576622374,3.044455997747371,0.11740997915069729,0.7261750857132355,0.09476371573066897,0.09521608877873695,0.42266283194781434,0.4266517000763919,0.4261439934649034,3.388531458683209,-0.9999999999999992,-0.07464375807307871,-0.007932481067475017,-0.0017078081646865468,-0.0025556654949830844,-0.002850921908995247,-2.4992,-0.0199936
3200.011001,2.926810107048716,3.0362364774873507,0.11502173986198591,0.7282839873704263,0.09237936779512708,0.09282552973500269,0.4305562385861895,0.43454514766645397,0.4340374481332986,3.38846516341012,-0.9999999999999992,-0.07438394347516425,-0.007932518268520317,-0.0017075618948955641,-0.0025581777448793154,-0.0028505636793780885,-2.4992,-0.0199936
3210.012998,2.9187096054911206,3.028040859180705,0.11263303171206789,0.730393303049018,0.08999660306046986,0.09043355590926434,0.4385873111735763,0.44257615209011614,0.4420684496741079,3.388397562693281,-0.9999999999999992,-0.07428708573082637,-0.007932362846713614,-0.001707278061267344,-0.0025607284030681344,-0.0028501932719186144,-2.4992,-0.0199936
3220.002996,2.91047348570578,3.019912068616515,0.11024836431444844,0.7324990505972051,0.08762565961229897,0.08805026909443144,0.44678484886816655,0.450769846664864,0.4502624270281429,3.3883324074765846,-0.9999999999999992,-0.07442475720942171,-0.007924750595372343,-0.001705359956577182,-0.0025611625789973124,-0.0028489471993829313,-2.4967,-0.0199736
3230.008997,2.9019221420367036,3.011844205881671,0.10786109042158375,0.7346070997749518,0.08525265968402897,0.08566230266825897,0.4552645566202031,0.45924954283522706,0.4587422072526623,3.3882618349524813,-0.9999999999999992,-0.07490716064520392,-0.00792475311921248,-0.0017051236867773219,-0.0025638856462772306,-0.0028475353761233772,-2.4967,-0.0199736
3240.002999,2.8929674807322114,3.003857135475781,0.10547548770174041,0.7367136732464864,0.08287476296335983,0.08326729565565927,0.4641129866301469,0.46810178924786466,0.46759416088509137,3.3881858810179115,-0.9999999999999992,-0.07584077492030011,-0.007932268785433794,-0.0017065150136646875,-0.0025689118513964647,-0.0028475787959564972,-2.4992,-0.0199936
3250.006002,2.883601984442081,2.9959279320696197,0.1030865480786029,0.7388231933243015,0.08049532738063622,0.08086869956283023,0.47340120175652506,0.47739011822541116,0.47688236495267133,3.38811184491729,-0.9999999999999992,-0.07727382147682443,-0.007932383900916551,-0.0017062504203819392,-0.0025718833932400595,-0.0028480030589072883,-2.4992,-0.0199936
3260.008996,2.8737872819079446,2.9880541739659936,0.10069880399426788,0.7409316576981201,0.07812557929126493,0.07847823660937522,0.48316957222688656,0.4871546704458791,0.48664715404218084,3.3880397956306587,-0.9999999999999992,-0.07924409147690187,-0.007924957304312252,-0.001704379387928172,-0.002572759920283675,-0.0028470985958629026,-2.4967,-0.0199736
3270.009997,2.8632755300060393,2.9802050159811544,0.098311477262314,0.7430397535346935,0.07575019862474744,0.07608153791755515,0.4935700780630331,0.49755889909835244,0.4970511605333266,3.3879584793616826,-0.9999999999999992,-0.08187311331563674,-0.007932322402187386,-0.0017057256580300675,-0.0025779789907714266,-0.002846740230525112,-2.4992,-0.0199936
3280.010004,2.8520769294937156,2.972338035662744,0.09592323755861795,0.7451486555583308,0.07337339932124365,0.07368299451685793,0.5046856367108572,0.5086745447935377,0.5081667103917363,3.387878716493291,-0.9999999999999992,-0.08520139359152135,-0.00793247037146938,-0.0017054673692968262,-0.002581202571863991,-0.0028469668866477112,-2.4992,-0.0199936
3290.014003,2.8400667997760434,2.964406111587147,0.0935340423898052,0.747258401292218,0.07099721550650784,0.0712851256302552,0.5166111746694727,0.5206000659920909,0.5200922024217804,3.387796909620799,-0.9999999999999992,-0.08927682446001983,-0.007932443498419262,-0.0017051708864062923,-0.002584443103279013,-0.0028468244847095433,-2.4992,-0.0199936
3300.011001,2.827140644051006,2.956363149779204,0.09114651907677848,0.7493666707169876,0.06862279512614686,0.06888948572962536,0.5294506666600073,0.5334395562967976,0.532931684461003,3.3877129374962767,-0.9999999999999992,-0.09415733566713219,-0.00793243291259249,-0.0017048700381970799,-0.0025877380489125815,-0.0028465236831740643,-2.4992,-0.0199936
3310.007004,2.8131706395566254,2.948142583672144,0.08875923340758186,0.7514747302936614,0.06624833146387664,0.06649453512713778,0.5433316892489435,0.5473205845083622,0.546812717568002,3.3876266258166696,-0.9999999999999992,-0.09990411329113486,-0.007932429072702085,-0.0017045640729785442,-0.0025910879700257274,-0.0028461443306816866,-2.4992,-0.0199936
3320.011999,2.798012302319984,2.9396676713859167,0.08636980627471129,0.7535846808602004,0.06387128665845357,0.06409791853247596,0.5583986172912028,0.5623874644403939,0.561879614492294,3.387537794250774,-0.9999999999999992,-0.10658501213864491,-0.007932329436891594,-0.001704234961140977,-0.002594468576135954,-0.0028457185754726055,-2.4992,-0.0199936
3330.010004,2.781631352075485,2.9308820670913907,0.08398321204073822,0.7556921298745676,0.061502175405782206,0.06171024772401066,0.5747183344629199,0.5787030748594506,0.5781955486477295,3.387450331382994,-0.9999999999999992,-0.11421039338878453,-0.007924417179062893,-0.0017022381585714065,-0.0025956478994011664,-0.002844413017971331,-2.4967,-0.0199736
3340.017996,2.763658388961085,2.921687138341075,0.08159429096346527,0.7578016335757135,0.059123170452012985,0.05931394929924212,0.592562429482402,0.5965513539194507,0.5960436605660254,3.3873521656021843,-0.9999999999999992,-0.12295386987471124,-0.007932456783630193,-0.0017036442947303953,-0.002601394386910737,-0.0028437786631047724,-2.4992,-0.0199936
3350.008004,2.7441022372466577,2.9120187308214467,0.0792084217506859,0.7599084423701478,0.0567453325955326,0.05691995854290826,0.6120182325357005,0.6160071159408782,0.6154993806948155,3.387255086514301,-0.9999999999999992,-0.13283839282321475,-0.007932367424809184,-0.0017033080860810617,-0.00260492277947553,-0.0028438970848445994,-2.4992,-0.0199936
3360.008001,2.7227336714385446,2.901764393189244,0.0768201825905896,0.7620173439137666,0.05436596662546595,0.05452558149011685,0.633283336890954,0.6372723698108244,0.636764647841669,3.3871548040158848,-0.9999999999999992,-0.14394945124108716,-0.007932507743096062,-0.0017029895303804087,-0.0026084944058600438,-0.0028436734544475674,-2.4992,-0.0199936
3370.009002,2.699367754324028,2.8908357372882953,0.07443170328528086,0.7641264575142928,0.051985963538551457,0.05213170601611602,0.6565428994289942,0.660531802720117,0.6600241078181945,3.3870512343156993,-0.9999999999999992,-0.156383938727633,-0.007932366965079818,-0.0017026728472819262,-0.0026120779426817586,-0.002843321106329845,-2.4992,-0.0199936
3380.008003,2.6738004320450472,2.8791332530916955,0.07204370162643785,0.7662351493357163,0.04960588445769581,0.04973885353825342,0.6820002133401871,0.6859892392248054,0.6854815776760345,3.386944212357049,-0.9999999999999992,-0.1702458040105843,-0.007932475948867701,-0.0017023582551303025,-0.002615666967557973,-0.0028429104898346673,-2.4992,-0.0199936
3390.007003,2.645799083728243,2.8665450565174453,0.06965570368055944,0.7683438378784578,0.0472252599133146,0.04734649332528835,0.7098881030986833,0.7138771694328686,0.71336954765394,3.3868335704793333,-0.9999999999999992,-0.185656214351259,-0.00793244111972169,-0.0017020202917012776,-0.0026192201964768498,-0.002842471456048013,-2.4992,-0.0199936
3400.006999,2.6152357972511857,2.8529593161494122,0.0672686597039798,0.7704516840318106,0.044850783808604675,0.04496123337481509,0.7403667958771637,0.7443518249326722,0.7438445460973776,3.386722951539448,-0.9999999999999992,-0.20266356989056122,-0.007924619652075138,-0.001700042867608777,-0.0026205387414054253,-0.0028411423783117323,-2.4967,-0.0199736
3410.008997,2.5815588984013664,2.8382421978119865,0.06488112961035514,0.7725599594440934,0.04246835337304842,0.042568957354603434,0.7738902475885413,0.7778798084353019,0.7773723789901623,3.386600492059382,-0.9999999999999992,-0.22158869540568615,-0.007932818782220297,-0.0017013829010535755,-0.00262624823417063,-0.002840548714815113,-2.4992,-0.0199936
3420.009003,2.5446264170868353,2.8222559697434098,0.06249290107675971,0.7746688516041281,0.04008351613849043,0.04017519014340782,0.8106968398787076,0.8146853876496847,0.8141779175987317,3.386477129714554,-0.9999999999999992,-0.24253228988883924,-0.007931937789701138,-0.0017011492731080543,-0.002629896417566706,-0.0028406739151559616,-2.4992,-0.0199936
3430.001998,2.5041586200809327,2.8048710313530067,0.06010633383774915,0.7767762767809668,0.03770144032884379,0.03778488962015518,0.851033558349319,0.8550224001498513,0.8545149445511718,3.3863493856290203,-0.9999999999999992,-0.26561183002907596,-0.00793221584476167,-0.0017008631567482558,-0.0026334035848743667,-0.002840493284892187,-2.4992,-0.0199936
3440.007999,2.459698193165095,2.785892987442081,0.05771666687519058,0.7788864391257934,0.03531618644043517,0.035392141354881126,0.8953584762752314,0.8993472737870287,0.8988398508418697,3.386216610357402,-0.9999999999999992,-0.2910915773465449,-0.007932073525162897,-0.001700547474172245,-0.0026368068092742234,-0.0028401837507808867,-2.4992,-0.0199936
3450.009001,2.411097097163527,2.7651926297321237,0.05532934119350174,0.7809945340349448,0.032938576811151234,0.033007682448334505,0.9438502850234951,0.9478359152145508,0.9473288144042954,3.3860823600361756,-0.9999999999999992,-0.31902083325391606,-0.007925351656582924,-0.001698710161910639,-0.002638058509875971,-0.0028389736206156416,-2.4967,-0.0199736
3460.005004,2.3575661482573063,2.742578012698543,0.052943257241755616,0.7831015324516521,0.030555194342325624,0.03061810705628023,0.9972048277943558,1.0011935866021575,1.0006863373833426,3.385935239315069,-0.9999999999999992,-0.3499043508982611,-0.00793200908737035,-0.0017000318019578368,-0.0026434251541560777,-0.002838442129497508,-2.4992,-0.0199936
3470.012001,2.298699022211657,2.7177945468520757,0.050553338206430286,0.7852119173858474,0.02816651437744012,0.028223761336024944,1.0559184593793176,1.0599076768553073,1.059400386116236,3.385785424209328,-0.9999999999999992,-0.3839843184268579,-0.00793248107119715,-0.0016997938765216662,-0.002646683283750929,-0.002838642612557812,-2.4992,-0.0199936
3480.013998,2.2341293300049165,2.690669140645957,0.04816462154396727,0.7873212405813239,0.025780272249931593,0.025832360860513222,1.1203295663725743,1.1243184471813794,1.1238111644942652,3.3856293407524585,-0.9999999999999992,-0.4214260456202976,-0.007932201454579957,-0.0016995884794762123,-0.0026498462647150754,-0.0028385234528211494,-2.4992,-0.0199936
3490.005002,2.163311435414063,2.660981844077001,0.04577852964011867,0.7894282460200257,0.023396687664973593,0.02344408974238944,1.1909823465059501,1.1949713034530505,1.194464044937622,3.3854667943290293,-0.9999999999999992,-0.46255413112998456,-0.007932222071037387,-0.0016993468105620797,-0.002652811320342564,-0.0028382919623831386,-2.4992,-0.0199936
3500.011003,2.085426230752395,2.628389132251668,0.04338885622159193,0.7915384140657055,0.021009932798271486,0.021052210769369688,1.2686943937285537,1.272684681071117,1.2721774260810421,3.385297051806306,-0.9999999999999992,-0.5078435252719431,-0.007933236244536124,-0.0016990279108389465,-0.002655487716529479,-0.0028380189866860413,-2.4992,-0.0199936
3510.003998,2.000002927225403,2.592692099043968,0.041002288938907484,0.7936458392811102,0.018625077177015743,0.018664350637539934,1.353938791613833,1.3579276786401553,1.3574204757331791,3.3851192393485836,-0.9999999999999992,-0.5575684157429937,-0.007932122592546165,-0.0016989391787803256,-0.0026583619462490085,-0.002837726990298781,-2.4992,-0.0199936
3510.0043248791267,1.999999999999652,2.5926908765575964,0.04100221087231899,0.7936459082167308,0.018624999165447704,0.018664272530773504,1.3539417128367524,1.3579305998582019,1.3574233969521843,3.385119233410905,-0.9999999999999992,-0.5575701204177795,-0.007932122587113843,-0.0016989391728478094,-0.002658362031750318,-0.0028377269807552323,-2.4992,-0.0199936
