Time,Current_CSV_A,Current_PyBaMM_A
0.0,0.0,-0.0
8.38900096714497,0.0,-0.0
8.50699469447136,-2.5018,2.5018
8.60300101339817,-2.4992,2.4992
18.4039939194918,-2.4992,2.4992
18.5249950736761,0.0,-0.0
38.79902648330887,0.0,-0.0
38.80902648330888,0.7472,-0.7472
71.8819979578257,0.7472,-0.7472
71.989993751049,0.0,-0.0
91.9039975851774,0.0,-0.0
92.0129992067814,2.3845,-2.3845
92.1150002628565,2.4687,-2.4687
92.2100007534027,2.4891,-2.4891
92.3209939152002,2.4942,-2.4942
92.4190018326044,2.4967,-2.4967
94.3169999867678,2.4967,-2.4967
94.4210026413202,2.4942,-2.4942
94.5280026644468,2.4381,-2.4381
94.6090020239353,2.3284,-2.3284
94.7249941527843,0.0,-0.0
104.616994410753,0.0,-0.0
104.62607941478464,-0.7498,0.7498
113.701998442411,-0.7498,0.7498
113.70301044657784,0.0,-0.0
713.73699568212,0.0,-0.0
713.854999467731,-12.4988,12.4988
713.949999958277,-12.4988,12.4988
714.055994153023,-12.4962,12.4962
714.147001504898,-12.4988,12.4988
714.256003126502,-12.4962,12.4962
714.347000420094,-12.4988,12.4988
714.45299461484,-12.4962,12.4962
714.943999797106,-12.4962,12.4962
715.048002451658,-12.4988,12.4988
715.250002965331,-12.4988,12.4988
715.3539955616,-12.4962,12.4962
715.555000305176,-12.4962,12.4962
715.645997598767,-12.4988,12.4988
715.950994938612,-12.4988,12.4988
716.059000790119,-12.4962,12.4962
716.150993853807,-12.4988,12.4988
716.25499650836,-12.4962,12.4962
716.454995423555,-12.4962,12.4962
716.546998545527,-12.4988,12.4988
717.143002152443,-12.4988,12.4988
717.250997945666,-12.4962,12.4962
717.345002666116,-12.4988,12.4988
717.450996860862,-12.4988,12.4988
717.55099631846,-12.4962,12.4962
717.650995776057,-12.4988,12.4988
717.75499843061,-12.4962,12.4962
717.866997420788,-12.4988,12.4988
717.954997345805,-12.4962,12.4962
718.047000467777,-12.4988,12.4988
718.446998298168,-12.4988,12.4988
718.551996722817,-12.4962,12.4962
718.64399984479,-12.4988,12.4988
723.752994462848,-12.4988,12.4988
723.873995617032,0.0,-0.0
743.771000951529,0.0,-0.0
743.781000951529,0.7472,-0.7472
911.356995999813,0.7472,-0.7472
911.482996121049,0.0,-0.0
931.388993561268,0.0,-0.0
931.502994149923,4.9628,-4.9628
931.611000001431,4.9909,-4.9909
931.701001524925,4.996,-4.996
931.803998351097,4.9118,-4.9118
931.910002604127,4.6032,-4.6032
931.994995102286,4.3482,-4.3482
932.101995125413,0.0,-0.0
942.0236689939096,0.0,-0.0
942.0275379932416,-0.7472,0.7472
945.879993215203,-0.7472,0.7472
945.8810122199352,0.0,-0.0
1545.93600220978,0.0,-0.0
1546.04199640453,-25.0001,25.0001
1555.95400258899,-25.0001,25.0001
1556.06600157917,0.0,-0.0
1575.96999742091,0.0,-0.0
1575.9799974209102,0.7472,-0.7472
1910.84499657154,0.7472,-0.7472
1910.95999293029,0.0,-0.0
1930.85600249469,0.0,-0.0
1930.96399828792,5.9166,-5.9166
1931.07299990952,5.3887,-5.3887
1931.17099776864,4.9934,-4.9934
1931.26599825919,4.6287,-4.6287
1931.37399405241,4.2947,-4.2947
1931.47099614143,4.0728,-4.0728
1931.56599663198,3.8127,-3.8127
1931.67400248349,3.5831,-3.5831
1931.77200034261,3.425,-3.425
1931.86700083315,3.221,-3.221
1931.97400085628,3.0629,-3.0629
1932.06900134683,2.9507,-2.9507
1932.16699920595,2.7925,-2.7925
1932.27399922907,2.6574,-2.6574
1932.38500244915,2.5503,-2.5503
1932.46699757874,2.4432,-2.4432
1932.56299383938,2.3411,-2.3411
1932.67899602652,2.2468,-2.2468
1932.76899755001,2.1524,-2.1524
1932.86300227046,2.0759,-2.0759
1932.97500126064,2.0045,-2.0045
1933.0689959228,1.9178,-1.9178
1933.16300064325,1.8566,-1.8566
1933.27000066638,1.7954,-1.7954
1933.3689942956,1.724,-1.724
1933.46299901605,1.6704,-1.6704
1933.5879933089,1.6118,-1.6118
1933.66900272667,1.5608,-1.5608
1933.76399315894,1.5149,-1.5149
1933.88300277293,1.4639,-1.4639
1933.96999686956,1.4205,-1.4205
1934.06400159001,1.3822,-1.3822
1934.17299315333,1.3389,-1.3389
1934.28300060332,1.3006,-1.3006
1934.36600156128,1.2624,-1.2624
1934.47399735451,1.2292,-1.2292
1934.57199521363,1.1961,-1.1961
1934.66599993408,1.168,-1.168
1934.7739957273,1.1349,-1.1349
1934.87199358642,1.1043,-1.1043
1934.96599830687,1.0788,-1.0788
1935.07399410009,1.0482,-1.0482
1935.1720020175,1.0252,-1.0252
1935.26599667966,1.0023,-1.0023
1935.36099717021,0.9793,-0.9793
1935.47400198877,0.9564,-0.9564
1935.56900247931,0.9359,-0.9359
1935.66299714148,0.9155,-0.9155
1935.77400036156,0.8926,-0.8926
1935.86900085211,0.8747,-0.8747
1935.96299551427,0.8569,-0.8569
1936.07399873435,0.839,-0.839
1936.1689992249,0.8212,-0.8212
1936.26299388707,0.8059,-0.8059
1936.37500293553,0.7906,-0.7906
1936.46999336779,0.7753,-0.7753
1936.56499385834,0.76,-0.76
1936.67500130832,0.7472,-0.7472
1936.77099756896,0.7319,-0.7319
1936.86699382961,0.7192,-0.7192
1936.97700127959,0.7064,-0.7064
1937.07299754024,0.6937,-0.6937
1937.16799803078,0.6809,-0.6809
1937.26399429142,0.6682,-0.6682
1937.36099638045,0.6605,-0.6605
1937.46999800205,0.6452,-0.6452
1937.5640027225,0.635,-0.635
1937.6740001142,0.6274,-0.6274
1937.76999637485,0.6146,-0.6146
1937.86499686539,0.607,-0.607
1937.97600008547,0.5968,-0.5968
1938.07100057602,0.5866,-0.5866
1938.16600106657,0.5789,-0.5789
1938.25899995863,0.5713,-0.5713
1938.37300054729,0.5611,-0.5611
1938.46800103784,0.5534,-0.5534
1938.56699466705,0.5458,-0.5458
1938.67399469018,0.5381,-0.5381
1938.76799941063,0.5305,-0.5305
1938.87599520385,0.5254,-0.5254
1938.9609977603,0.5177,-0.5177
1939.06899355352,0.5101,-0.5101
1939.17699940503,0.5024,-0.5024
1939.26200196147,0.4973,-0.4973
1939.36999775469,0.4897,-0.4897
1939.47699777782,0.4846,-0.4846
1939.56299610436,0.4769,-0.4769
1939.66999612749,0.4718,-0.4718
1939.76299501956,0.4667,-0.4667
1939.86400030553,0.4616,-0.4616
1939.97199609876,0.4539,-0.4539
1940.06299339235,0.4514,-0.4514
1940.16499444842,0.4437,-0.4437
1940.27399607003,0.4386,-0.4386
1940.38700088859,0.4335,-0.4335
1940.4659986496,0.4284,-0.4284
1940.57399444282,0.4233,-0.4233
1940.68699926138,0.4208,-0.4208
1940.76699279249,0.4157,-0.4157
1940.86199328303,0.4106,-0.4106
1940.87599441409,0.4106,-0.4106
1940.99599979818,0.0,-0.0
1950.89599639177,0.0,-0.0
1950.9059963917705,-0.7498,0.7498
1960.9119951725,-0.7498,0.7498
1969.32299360633,-0.7472,0.7472
1969.324011615292,0.0,-0.0
2569.37599517405,0.0,-0.0
2569.48699839413,-37.4989,37.4989
2575.5909986794,-37.4989,37.4989
2575.68599916995,-37.4964,37.4964
2575.78300125897,-37.4989,37.4989
2575.89299865067,-37.4989,37.4989
2575.98799914122,-37.4964,37.4964
2576.08299963176,-37.4964,37.4964
2576.19499862194,-37.4989,37.4989
2576.28899328411,-37.4964,37.4964
2576.38499960303,-37.4989,37.4989
2576.59199908376,-37.4989,37.4989
2576.68599374592,-37.4964,37.4964
2576.78400166333,-37.4989,37.4989
2576.89199745655,-37.4964,37.4964
2576.986002177,-37.4964,37.4964
2577.08499580622,-37.4989,37.4989
2577.19300165772,-37.4989,37.4989
2577.28899791837,-37.4964,37.4964
2577.78300046921,-37.4964,37.4964
2577.89000049233,-37.4989,37.4989
2577.99700051546,-37.4989,37.4989
2578.0839946121,-37.4964,37.4964
2578.1920004636,-37.4989,37.4989
2578.28799672425,-37.4989,37.4989
2578.38399298489,-37.4964,37.4964
2578.4919988364,-37.4989,37.4989
2578.58900092542,-37.4989,37.4989
2578.68600301445,-37.4964,37.4964
2578.79399880767,-37.4989,37.4989
2578.89100089669,-37.4989,37.4989
2578.98600138724,-37.4964,37.4964
2579.09499295056,-37.4989,37.4989
2579.18100133538,-37.4989,37.4989
2579.28800135851,-37.4964,37.4964
2579.39500138164,-37.4964,37.4964
2579.50099557638,0.0,-0.0
2599.41799677908,0.0,-0.0
2599.4279967790803,0.7472,-0.7472
3100.84799677134,0.7472,-0.7472
3100.96199735999,0.0,-0.0
3120.86799480021,0.0,-0.0
3120.98300121725,6.0492,-6.0492
3121.07300274074,5.5851,-5.5851
3121.18099853396,5.047,-5.047
3121.28199376166,4.6746,-4.6746
3121.37300111353,4.4349,-4.4349
3121.48099690676,4.0881,-4.0881
3121.58299796283,3.8509,-3.8509
3121.67799845338,3.6545,-3.6545
3121.78299687803,3.4429,-3.4429
3121.8849979341,3.2669,-3.2669
3121.97799682617,3.119,-3.119
3122.08299525082,2.9583,-2.9583
3122.1840005368,2.8232,-2.8232
3122.27900102735,2.7058,-2.7058
3122.38299362361,2.5783,-2.5783
3122.48399890959,2.4687,-2.4687
3122.57899940014,2.3692,-2.3692
3122.68300205469,2.2723,-2.2723
3122.78500311077,2.183,-2.183
3122.87999354303,2.1065,-2.1065
3122.97499403358,2.0402,-2.0402
3123.08399565518,1.9484,-1.9484
3123.1809977442,1.8847,-1.8847
3123.27500246465,1.8285,-1.8285
3123.38700145483,1.752,-1.752
3123.480996117,1.6934,-1.6934
3123.59299510717,1.6424,-1.6424
3123.68400245905,1.5863,-1.5863
3123.78099448979,1.5378,-1.5378
3123.88499714434,1.4919,-1.4919
3123.98400083184,1.4435,-1.4435
3124.08099286258,1.4001,-1.4001
3124.17699918151,1.3618,-1.3618
3124.28299337626,1.321,-1.321
3124.38100129366,1.2828,-1.2828
3124.47600178421,1.2522,-1.2522
3124.58499334753,1.2165,-1.2165
3124.67999383807,1.1859,-1.1859
3124.77800175548,1.1553,-1.1553
3124.8859975487,1.1247,-1.1247
3124.98000226915,1.0992,-1.0992
3125.07699429989,1.0711,-1.0711
3125.1850001514,1.0431,-1.0431
3125.28000064194,1.0176,-1.0176
3125.37799850106,0.9972,-0.9972
3125.48599429429,0.9717,-0.9717
3125.57999901474,0.9513,-0.9513
3125.67799687386,0.9308,-0.9308
3125.78600272536,0.9079,-0.9079
3125.87999738753,0.89,-0.89
3125.97999684513,0.8696,-0.8696
3126.08800269663,0.8543,-0.8543
3126.1829931289,0.8365,-0.8365
3126.2819968164,0.8186,-0.8186
3126.37299410999,0.8033,-0.8033
3126.48499310017,0.788,-0.788
3126.58300101757,0.7727,-0.7727
3126.67399831116,0.76,-0.76
3126.78500153124,0.7447,-0.7447
3126.88299939036,0.7319,-0.7319
3126.97399668396,0.7217,-0.7217
3127.08499990404,0.7039,-0.7039
3127.18399353325,0.6937,-0.6937
3127.27399505675,0.6835,-0.6835
3127.38599404693,0.6707,-0.6707
3127.48499773443,0.658,-0.658
3127.57499925792,0.6503,-0.6503
3127.6879940182,0.6376,-0.6376
3127.7860019356,0.6274,-0.6274
3127.88999453187,0.6172,-0.6172
3127.9860008508,0.607,-0.607
3128.07299494743,0.5993,-0.5993
3128.19099873304,0.5917,-0.5917
3128.27299386263,0.5815,-0.5815
3128.37399914861,0.5738,-0.5738
3128.49199287593,0.5662,-0.5662
3128.57300229371,0.556,-0.556
3128.6739975214,0.5483,-0.5483
3128.78999970853,0.5407,-0.5407
3128.8739964366,0.533,-0.533
3128.97599749267,0.5254,-0.5254
3129.08099591732,0.5203,-0.5203
3129.17599640787,0.5126,-0.5126
3129.27700169384,0.5075,-0.5075
3129.37799692154,0.4999,-0.4999
3129.47599478066,0.4948,-0.4948
3129.57400269806,0.4871,-0.4871
3129.69399802387,0.482,-0.482
3129.77599315345,0.4769,-0.4769
3129.87400107086,0.4693,-0.4693
3129.99199479818,0.4641,-0.4641
3130.07699735463,0.459,-0.459
3130.17499521375,0.4539,-0.4539
3130.28599843383,0.4488,-0.4488
3130.3780015558,0.4437,-0.4437
3130.57399727404,0.4335,-0.4335
3130.69200105965,0.4284,-0.4284
3130.77799938619,0.4259,-0.4259
3130.87599724531,0.4208,-0.4208
3130.88999837637,0.4182,-0.4182
3130.99799416959,0.0,-0.0
3141.0260021655545,0.0,-0.0
3141.0360021655547,-0.7498,0.7498
3159.75599549711,-0.7498,0.7498
3159.757008497047,0.0,-0.0
3749.79499988258,0.0,-0.0
3749.804999882581,-0.7498,0.7498
3769.80399414897,-0.7498,0.7498
3779.80699762702,-0.7472,0.7472
3789.81099687517,-0.7472,0.7472
3799.81400035322,-0.7498,0.7498
3809.80199687183,-0.7472,0.7472
3819.80700194836,-0.7498,0.7498
3879.80299517512,-0.7498,0.7498
3889.80699442327,-0.7472,0.7472
3899.81299526989,-0.7498,0.7498
3909.81300137937,-0.7472,0.7472
3919.80299949646,-0.7472,0.7472
3929.81199771166,-0.7498,0.7498
4049.80799742043,-0.7498,0.7498
4059.80499610305,-0.7472,0.7472
4069.80699375272,-0.7498,0.7498
4129.81299497187,-0.7498,0.7498
4139.80999365449,-0.7472,0.7472
4149.80299919844,-0.7498,0.7498
4159.80600267649,-0.7498,0.7498
4169.80199553072,-0.7472,0.7472
4179.80499900877,-0.7498,0.7498
4189.80499505997,-0.7498,0.7498
4199.81299750507,-0.7472,0.7472
4209.80600304902,-0.7498,0.7498
4219.80300173163,-0.7472,0.7472
4229.8049993813,-0.7472,0.7472
4239.80299383402,-0.7498,0.7498
4259.80099439621,-0.7498,0.7498
4269.80699524283,-0.7472,0.7472
4279.81400191784,-0.7498,0.7498
4319.80800144374,-0.7498,0.7498
4329.81599383056,-0.7472,0.7472
4339.80799354613,-0.7498,0.7498
4349.81399439275,-0.7472,0.7472
4350.4169985652,-0.7472,0.7472
4350.4269985652,0.0,-0.0
6160.4619987309,0.0,-0.0
6160.56699715555,-2.5018,2.5018
6160.67599877715,-2.4992,2.4992
6167.97699518502,-2.4992,2.4992
6168.06899830699,-2.4967,2.4967
6168.17300096154,-2.4992,2.4992
6168.37299987674,-2.4992,2.4992
6168.47799830139,-2.4967,2.4967
6168.57200302184,-2.4992,2.4992
6168.6669934541,-2.4967,2.4967
6168.77099610865,-2.4992,2.4992
6168.87900196016,-2.4967,2.4967
6168.97299662232,-2.4992,2.4992
6169.07799504697,-2.4967,2.4967
6169.36999708414,-2.4967,2.4967
6169.49000246823,-2.4992,2.4992
6169.56999599934,-2.4967,2.4967
6169.67399865389,-2.4992,2.4992
6169.87499333918,-2.4992,2.4992
6169.96699646115,-2.4967,2.4967
6170.0719948858,-2.4992,2.4992
6170.16899697483,-2.4967,2.4967
6170.27299962938,-2.4992,2.4992
6170.37599645555,-2.4967,2.4967
6170.47299854457,-2.4992,2.4992
6170.58699913323,0.0,-0.0
6190.50699770451,0.0,-0.0
6190.51699770451,0.7472,-0.7472
6224.4119938463,0.7472,-0.7472
6224.53299500048,0.0,-0.0
6244.43499930203,0.0,-0.0
6244.55499462783,2.4993,-2.4993
6244.64600197971,2.4967,-2.4967
6254.45199385285,2.4967,-2.4967
6254.56700026989,0.0,-0.0
6264.46499526501,0.0,-0.0
6264.47499526501,-0.7498,0.7498
6284.48199592531,-0.7498,0.7498
6294.48599517345,-0.7472,0.7472
6297.80200012028,-0.7472,0.7472
6297.803015121815,0.0,-0.0
6897.87900075316,0.0,-0.0
6898.00000190735,-12.4988,12.4988
6904.88999672234,-12.4988,12.4988
6904.99600097537,-12.4962,12.4962
6905.09199723601,-12.4988,12.4988
6905.19800148904,-12.4962,12.4962
6905.28899878263,-12.4988,12.4988
6905.79500086606,-12.4988,12.4988
6905.8999992907,-12.4962,12.4962
6905.9909965843,-12.4988,12.4988
6906.0999982059,-12.4962,12.4962
6906.19200132787,-12.4988,12.4988
6906.29599392414,-12.4962,12.4962
6906.39200024307,-12.4988,12.4988
6906.49699866772,-12.4962,12.4962
6906.60100132227,-12.4962,12.4962
6906.69299438596,-12.4988,12.4988
6906.89399912953,-12.4988,12.4988
6906.99899755418,-12.4962,12.4962
6907.09499381483,-12.4988,12.4988
6907.20000229776,-12.4962,12.4962
6907.29099959135,-12.4988,12.4988
6907.39899538457,-12.4962,12.4962
6907.49099850655,-12.4988,12.4988
6907.5950011611,-12.4988,12.4988
6907.69000165164,-12.4962,12.4962
6907.90099427104,-12.4962,12.4962
6908.01899805665,0.0,-0.0
6927.92699709535,0.0,-0.0
6927.93699709535,0.7472,-0.7472
7095.14799714088,0.7472,-0.7472
7095.27699463069,0.0,-0.0
7115.19000269473,0.0,-0.0
7115.30799642205,5.0011,-5.0011
7115.42300283909,4.9985,-4.9985
7119.12699602544,4.9985,-4.9985
7119.21299435198,5.0011,-5.0011
7119.30699907243,5.0011,-5.0011
7119.42399702966,4.9985,-4.9985
7125.21499358118,4.9985,-4.9985
7125.33799633384,0.0,-0.0
7135.23600138724,0.0,-0.0
7135.2460013872405,-0.7498,0.7498
7155.25100044906,-0.7498,0.7498
7165.2469933033,-0.7472,0.7472
7175.24200044572,-0.7498,0.7498
7185.2530002594,-0.7498,0.7498
7195.23799940944,-0.7472,0.7472
7202.57499441504,-0.7498,0.7498
7202.576009416575,0.0,-0.0
7802.62399278581,0.0,-0.0
7802.74599976838,-25.0001,25.0001
7812.64199316502,-25.0001,25.0001
7812.75499798357,0.0,-0.0
7832.66299702227,0.0,-0.0
7832.6729970222705,0.7472,-0.7472
8167.49799437821,0.7472,-0.7472
8167.61599816382,0.0,-0.0
8187.54099570215,0.0,-0.0
8187.65099309385,9.9971,-9.9971
8190.84799848497,9.9971,-9.9971
8190.95599427819,9.9996,-9.9996
8191.05099476874,9.9971,-9.9971
8191.14900268614,9.9971,-9.9971
8191.25699847937,9.9996,-9.9996
8191.35199896991,9.9971,-9.9971
8191.44999682903,9.9971,-9.9971
8191.55800268054,9.9996,-9.9996
8191.65199734271,9.9971,-9.9971
8191.74999520183,9.9971,-9.9971
8191.85800105333,9.9996,-9.9996
8191.95300154388,9.9971,-9.9971
8197.5530013442,9.9971,-9.9971
8197.67099507153,0.0,-0.0
8207.56600275636,0.0,-0.0
8207.57600275636,-0.7498,0.7498
8217.58599467576,-0.7498,0.7498
8227.57799439132,-0.7472,0.7472
8237.58399523795,-0.7498,0.7498
8247.58299551904,-0.7472,0.7472
8257.57399946451,-0.7472,0.7472
8267.57799871266,-0.7498,0.7498
8277.59399749339,-0.7472,0.7472
8287.57599927485,-0.7498,0.7498
8297.58099429309,-0.7472,0.7472
8307.58100040257,-0.7498,0.7498
8327.57999673486,-0.7498,0.7498
8337.58599758148,-0.7472,0.7472
8341.01199992001,-0.7498,0.7498
8341.013005919383,0.0,-0.0
8941.0589966923,0.0,-0.0
8941.17700047791,-37.4989,37.4989
8941.37699939311,-37.4989,37.4989
8941.47599302232,-37.4964,37.4964
8941.56999774277,-37.4964,37.4964
8941.66999720037,-37.4989,37.4989
8941.7760014534,-37.4989,37.4989
8941.87100194395,-37.4964,37.4964
8941.96499660611,-37.4989,37.4989
8942.07599982619,-37.4989,37.4989
8942.17100031674,-37.4964,37.4964
8942.28199347854,-37.4989,37.4989
8942.37199500203,-37.4964,37.4964
8942.47199445963,-37.4989,37.4989
8951.07999444008,-37.4989,37.4989
8951.18699446321,0.0,-0.0
8971.463027471313,0.0,-0.0
8971.473027471311,0.7472,-0.7472
9473.23599345982,0.7472,-0.7472
9473.34399931133,0.0,-0.0
9493.25600154698,0.0,-0.0
9493.3639973402,19.7034,-19.7034
9493.47599633038,18.9103,-18.9103
9493.57000105083,18.3773,-18.3773
9493.66500154138,17.9437,-17.9437
9493.76099780202,17.5841,-17.5841
9493.8720010221,17.2016,-17.2016
9493.96599568427,16.9415,-16.9415
9494.06399354339,16.7068,-16.7068
9494.17299516499,16.4416,-16.4416
9494.26699988544,16.2376,-16.2376
9494.36499774456,16.0795,-16.0795
9494.47399936616,15.878,-15.878
9494.56899985671,15.7301,-15.7301
9494.66400034726,15.6051,-15.6051
9494.77499350905,15.4317,-15.4317
9494.8689982295,15.3118,-15.3118
9494.98099721968,15.1792,-15.1792
9495.07500194013,15.0619,-15.0619
9495.17000243068,14.9522,-14.9522
9495.278993994,14.8579,-14.8579
9495.37500031292,14.7508,-14.7508
9495.47000080347,14.6564,-14.6564
9495.56599706411,14.5723,-14.5723
9495.66399492323,14.4932,-14.4932
9495.77200077474,14.3963,-14.3963
9495.86599543691,14.3223,-14.3223
9495.97699865699,14.2458,-14.2458
9496.07199914753,14.1668,-14.1668
9496.16699963808,14.1005,-14.1005
9496.26200012863,14.0443,-14.0443
9496.37199752033,13.9602,-13.9602
9496.46699801087,13.9015,-13.9015
9496.57699540257,13.8378,-13.8378
9496.67199589312,13.7715,-13.7715
9496.76699638367,13.7179,-13.7179
9496.86199687421,13.6618,-13.6618
9496.97399586439,13.6006,-13.6006
9497.06899635494,13.5445,-13.5445
9497.16599844396,13.496,-13.496
9497.27500006557,13.4399,-13.4399
9497.36899472773,13.394,-13.394
9497.46299944818,13.343,-13.343
9497.57499843836,13.2895,-13.2895
9497.66899310052,13.2461,-13.2461
9497.76299782097,13.2002,-13.2002
9497.87400104105,13.1518,-13.1518
9497.9690015316,13.1058,-13.1058
9498.06400202215,13.065,-13.065
9498.17600101233,13.0166,-13.0166
9498.26999567449,12.9732,-12.9732
9498.36400039494,12.935,-12.935
9498.46299402416,12.8967,-12.8967
9498.57099987566,12.8483,-12.8483
9498.66600036621,12.81,-12.81
9498.76399822533,12.7718,-12.7718
9498.87199401855,12.7284,-12.7284
9498.9669945091,12.6927,-12.6927
9499.06500242651,12.6544,-12.6544
9499.17299821973,12.6136,-12.6136
9499.26799871027,12.5779,-12.5779
9499.3659965694,12.5397,-12.5397
9499.47299659252,12.4989,-12.4989
9499.56799708307,12.4632,-12.4632
9499.66599494219,12.43,-12.43
9499.77499656379,12.3918,-12.3918
9499.87099282444,12.3561,-12.3561
9499.96799491346,12.3229,-12.3229
9500.06400123239,12.2872,-12.2872
9500.17100125551,12.249,-12.249
9500.26899911463,12.2184,-12.2184
9500.36399960518,12.1826,-12.1826
9500.4719953984,12.1469,-12.1469
9500.56899748743,12.1189,-12.1189
9500.66399797797,12.0832,-12.0832
9500.7719937712,12.0449,-12.0449
9500.86899586022,12.0169,-12.0169
9500.96599794924,11.9837,-11.9837
9501.07399374247,11.948,-11.948
9501.17000006139,11.9225,-11.9225
9501.26599632204,11.8843,-11.8843
9501.37499794364,11.8486,-11.8486
9501.46700106561,11.8256,-11.8256
9501.56799629331,11.7848,-11.7848
9501.66299678385,11.7542,-11.7542
9501.76499783993,11.7287,-11.7287
9501.86900049448,11.6879,-11.6879
9501.96400098503,11.6598,-11.6598
9502.0869936794,11.6267,-11.6267
9502.16999463737,11.5935,-11.5935
9502.26499512792,11.5655,-11.5655
9502.38299891353,11.5349,-11.5349
9502.46999301016,11.4992,-11.4992
9502.56499350071,11.4711,-11.4711
9502.67399512231,11.4431,-11.4431
9502.77299880981,11.4074,-11.4074
9502.86899507046,11.3793,-11.3793
9502.97499932349,11.3487,-11.3487
9503.07499878109,11.3156,-11.3156
9503.16899344325,11.2875,-11.2875
9503.27599346638,11.2518,-11.2518
9503.40000204742,0.0,-0.0
9513.30299600959,0.0,-0.0
9513.31299600959,-0.7494171112673557,0.7494171112673557
9693.43799555838,-0.7494171112673557,0.7494171112673557
9693.44799555838,-0.7498,0.7498
9693.449011565745,0.0,-0.0
10283.4849983454,0.0,-0.0
10283.4949983454,-0.7498,0.7498
10293.495002389,-0.7498,0.7498
10303.4979958087,-0.7472,0.7472
10323.4979979694,-0.7472,0.7472
10333.4969982505,-0.7498,0.7498
10343.493001163,-0.7498,0.7498
10353.5009935498,-0.7472,0.7472
10363.5009996593,-0.7498,0.7498
10373.5039930791,-0.7472,0.7472
10383.5019975901,-0.7498,0.7498
10423.4900023788,-0.7498,0.7498
10433.5019979626,-0.7472,0.7472
10443.4919960797,-0.7498,0.7498
10453.4889947623,-0.7472,0.7472
10463.5019961745,-0.7498,0.7498
10473.4919942915,-0.7472,0.7472
10523.4900031239,-0.7472,0.7472
10533.5029944777,-0.7498,0.7498
10543.5019947588,-0.7472,0.7472
10553.5079956055,-0.7498,0.7498
10563.4989995509,-0.7498,0.7498
10573.4909992665,-0.7472,0.7472
10583.4940027446,-0.7498,0.7498
10593.5009993613,-0.7472,0.7472
10603.4929990768,-0.7498,0.7498
10653.504998982,-0.7498,0.7498
10663.5089982301,-0.7472,0.7472
10673.4959989786,-0.7472,0.7472
10683.4959950298,-0.7498,0.7498
10753.4989949316,-0.7498,0.7498
10763.4969994426,-0.7472,0.7472
10773.4999928623,-0.7498,0.7498
10783.4989931434,-0.7498,0.7498
10793.5010008514,-0.7472,0.7472
10813.4920008481,-0.7472,0.7472
10823.4939984977,-0.7498,0.7498
10853.4930009395,-0.7498,0.7498
10863.4970001876,-0.7472,0.7472
10873.4989978373,-0.7498,0.7498
10884.2159986496,-0.7498,0.7498
10884.2259986496,0.0,-0.0
12694.2419987172,0.0,-0.0
12694.3600025028,-2.5018,2.5018
12694.4489981979,-2.4992,2.4992
12694.9570018798,-2.4992,2.4992
12695.059998706,-2.4967,2.4967
12695.1579965651,-2.4992,2.4992
12695.2489938587,-2.4992,2.4992
12695.3509949148,-2.4967,2.4967
12695.4509943724,-2.4992,2.4992
12695.5549970269,-2.4992,2.4992
12695.6579938531,-2.4967,2.4967
12695.7560017705,-2.4992,2.4992
12695.8599943668,-2.4967,2.4967
12695.9619954228,-2.4992,2.4992
12696.059993282,-2.4967,2.4967
12696.1519964039,-2.4992,2.4992
12696.2519958615,-2.4967,2.4967
12696.3530011475,-2.4992,2.4992
12696.5579990298,-2.4992,2.4992
12696.6579984874,-2.4967,2.4967
12696.7500016093,-2.4992,2.4992
12697.0549989492,-2.4992,2.4992
12697.1689995378,-2.4967,2.4967
12697.2549978644,-2.4992,2.4992
12697.3590005189,-2.4967,2.4967
12697.4490020424,-2.4992,2.4992
12697.5599952042,-2.4967,2.4967
12697.6510025561,-2.4992,2.4992
12697.7519977838,-2.4967,2.4967
12697.8510014713,-2.4992,2.4992
12697.9549940675,-2.4992,2.4992
12698.058000952,-2.4967,2.4967
12698.2609972358,-2.4967,2.4967
12698.3620025218,-2.4992,2.4992
12698.4469950199,-2.4967,2.4967
12698.553995043,-2.4992,2.4992
12698.6699972302,-2.4967,2.4967
12698.9529971033,-2.4967,2.4967
12699.0529965609,-2.4992,2.4992
12699.4560018182,-2.4992,2.4992
12699.5610002428,-2.4967,2.4967
12699.6499959379,-2.4992,2.4992
12699.7489996254,-2.4967,2.4967
12699.8539980501,-2.4992,2.4992
12700.0550027937,-2.4992,2.4992
12700.1600012183,-2.4967,2.4967
12700.3600001335,-2.4967,2.4967
12700.4509974271,-2.4992,2.4992
12700.5539942533,-2.4992,2.4992
12700.6520021707,-2.4967,2.4967
12700.8590016514,-2.4967,2.4967
12700.9579952806,-2.4992,2.4992
12701.0490026325,-2.4967,2.4967
12701.1509936303,-2.4967,2.4967
12701.2639984488,-2.4992,2.4992
12701.3560015708,-2.4992,2.4992
12701.4569967985,-2.4967,2.4967
12701.5499956906,-2.4992,2.4992
12701.6489993781,-2.4967,2.4967
12701.7659973353,-2.4992,2.4992
12701.9539967179,-2.4992,2.4992
12702.0679973066,-2.4967,2.4967
12702.4529982358,-2.4967,2.4967
12702.5529976934,-2.4992,2.4992
12702.657000348,-2.4967,2.4967
12702.8590008616,-2.4967,2.4967
12702.9509939253,-2.4992,2.4992
12703.4569960088,-2.4992,2.4992
12703.5479933023,-2.4967,2.4967
12703.661993891,-2.4967,2.4967
12703.749993816,-2.4992,2.4992
12704.0559969842,-2.4992,2.4992
12704.1609954089,-2.4967,2.4967
12704.276997596,-2.4967,2.4967
12704.3919939548,0.0,-0.0
12724.2980014533,0.0,-0.0
12724.3080014533,0.7472,-0.7472
12758.1109944731,0.7472,-0.7472
12758.2190003246,0.0,-0.0
12778.1259935349,0.0,-0.0
12778.2430015504,2.4993,-2.4993
12778.3349946141,2.4993,-2.4993
12778.4500010312,2.4967,-2.4967
12788.147001341,2.4967,-2.4967
12788.2590003312,0.0,-0.0
12798.1659974903,0.0,-0.0
12798.175997490298,-0.7498,0.7498
12808.1869952381,-0.7498,0.7498
12818.1820023805,-0.7472,0.7472
12828.1910005957,-0.7498,0.7498
12831.4189955592,-0.7498,0.7498
12831.420013558103,0.0,-0.0
13431.4830008894,0.0,-0.0
13431.6099967808,-12.4988,12.4988
13435.4149952531,-12.4988,12.4988
13435.5079941452,-12.4962,12.4962
13435.5999972671,-12.4988,12.4988
13435.7169952244,-12.4962,12.4962
13435.7990004122,-12.4962,12.4962
13435.9039988369,-12.4988,12.4988
13436.1049935222,-12.4988,12.4988
13436.2100020051,-12.4962,12.4962
13436.3059982657,-12.4988,12.4988
13436.4089950919,-12.4962,12.4962
13436.5000024438,-12.4988,12.4988
13436.607998237,-12.4962,12.4962
13436.7009971291,-12.4988,12.4988
13436.8059955537,-12.4988,12.4988
13436.8979986757,-12.4962,12.4962
13437.0059944689,-12.4988,12.4988
13437.1099971235,-12.4962,12.4962
13437.2110024095,-12.4988,12.4988
13437.3110018671,-12.4962,12.4962
13437.4040007591,-12.4988,12.4988
13437.4979954213,-12.4962,12.4962
13437.6049954444,-12.4988,12.4988
13437.708998099,-12.4962,12.4962
13437.8030028194,-12.4988,12.4988
13437.9089970142,-12.4962,12.4962
13438.0010001361,-12.4988,12.4988
13441.5039986372,-12.4988,12.4988
13441.6139960289,0.0,-0.0
13461.5300014615,0.0,-0.0
13461.5400014615,0.7472,-0.7472
13628.6510020494,0.7472,-0.7472
13628.7680000067,0.0,-0.0
13648.6719958484,0.0,-0.0
13648.7789958715,5.0011,-5.0011
13648.8789953291,4.9985,-4.9985
13658.6919978261,4.9985,-4.9985
13658.8170021772,0.0,-0.0
13668.7140014023,0.0,-0.0
13668.7240014023,-0.7498,0.7498
13678.720998019,-0.7498,0.7498
13688.7279946357,-0.7472,0.7472
13698.7300023437,-0.7498,0.7498
13718.7269970775,-0.7498,0.7498
13728.7239957601,-0.7472,0.7472
13736.0320027918,-0.7498,0.7498
13736.03301278431,0.0,-0.0
14336.0869958997,0.0,-0.0
14336.2029980868,-25.0001,25.0001
14337.2109990567,-25.0001,25.0001
14337.3059995472,-24.9976,24.9976
14337.4129995704,-25.0001,25.0001
14337.503996864,-24.9976,24.9976
14337.6120027155,-25.0001,25.0001
14340.1020012796,-25.0001,25.0001
14340.2049981058,-24.9976,24.9976
14340.312993899,-25.0001,25.0001
14340.4259987175,-24.9976,24.9976
14340.5079938471,-24.9976,24.9976
14340.6019985676,-25.0001,25.0001
14342.6139973104,-25.0001,25.0001
14342.7030030638,-24.9976,24.9976
14342.810998857,-25.0001,25.0001
14343.2179972529,-25.0001,25.0001
14343.3079987764,-24.9976,24.9976
14343.4039950371,-24.9976,24.9976
14343.5229945928,-25.0001,25.0001
14343.6109945178,-25.0001,25.0001
14343.7059950083,-24.9976,24.9976
14343.8009954989,-24.9976,24.9976
14343.9129944891,-25.0001,25.0001
14344.009000808,-25.0001,25.0001
14344.1040012985,-24.9976,24.9976
14344.2029949278,-24.9976,24.9976
14344.3119965494,-25.0001,25.0001
14344.4069970399,-24.9976,24.9976
14344.504994899,-25.0001,25.0001
14344.7080012411,-25.0001,25.0001
14344.8069948703,-24.9976,24.9976
14344.9019953609,-24.9976,24.9976
14345.0109969825,-25.0001,25.0001
14345.1089948416,-24.9976,24.9976
14345.2050011605,-24.9976,24.9976
14345.3140027821,-25.0001,25.0001
14345.4129964113,-24.9976,24.9976
14345.5079969019,-24.9976,24.9976
14345.6039931625,-25.0001,25.0001
14345.716002211,-24.9976,24.9976
14345.8110027015,-25.0001,25.0001
14345.9059931338,-24.9976,24.9976
14346.0029952228,-25.0001,25.0001
14346.1130026728,-24.9976,24.9976
14346.2370011955,0.0,-0.0
14366.510026776832,0.0,-0.0
14366.52002677683,0.7472,-0.7472
14704.1329979897,0.7472,-0.7472
14704.2510017753,0.0,-0.0
14724.1610024124,0.0,-0.0
14724.2759987712,9.9971,-9.9971
14734.1790027916,9.9971,-9.9971
14734.2960007489,0.0,-0.0
14744.202997908,0.0,-0.0
14744.212997907998,-0.7498,0.7498
14764.2139937729,-0.7498,0.7498
14774.2160014808,-0.7472,0.7472
14784.2179991305,-0.7498,0.7498
14804.2149938643,-0.7498,0.7498
14814.2189931124,-0.7472,0.7472
14824.2319945246,-0.7498,0.7498
14834.2220027,-0.7472,0.7472
14844.2120008171,-0.7498,0.7498
14854.2169958353,-0.7498,0.7498
14864.2109971493,-0.7472,0.7472
14874.2210011929,-0.7498,0.7498
14877.6459977031,-0.7472,0.7472
14877.647024704169,0.0,-0.0
15477.7209967375,0.0,-0.0
15477.8299983591,-37.4989,37.4989
15485.6360010803,-37.4989,37.4989
15485.7409995049,-37.4964,37.4964
15485.8359999955,-37.4989,37.4989
15486.2309988588,-37.4989,37.4989
15486.3289967179,-37.4964,37.4964
15486.4370025694,-37.4989,37.4989
15486.5560021251,-37.4989,37.4989
15486.6309966892,-37.4964,37.4964
15486.7379967123,-37.4989,37.4989
15486.8259966373,-37.4989,37.4989
15486.930995062,-37.4964,37.4964
15487.0390009135,-37.4989,37.4989
15487.1489983052,-37.4989,37.4989
15487.2309934348,-37.4964,37.4964
15487.3399950564,-37.4964,37.4964
15487.4469950795,-37.4989,37.4989
15487.5329934061,-37.4989,37.4989
15487.6409992576,-37.4964,37.4964
15487.7459976822,-37.4989,37.4989
15487.8559950739,0.0,-0.0
15507.7670015395,0.0,-0.0
15507.777001539498,0.7472,-0.7472
16015.2729995549,0.7472,-0.7472
16015.3919991106,0.0,-0.0
16035.2929975837,0.0,-0.0
16035.4029949754,19.7927,-19.7927
16035.5099949986,19.2035,-19.2035
16035.6119960546,18.747,-18.747
16035.7029933482,18.2268,-18.2268
16035.7969980687,17.8978,-17.8978
16035.9069954604,17.6173,-17.6173
16036.0039975494,17.3087,-17.3087
16036.0980022699,17.097,-17.097
16036.2039964646,16.9058,-16.9058
16036.3039959222,16.6864,-16.6864
16036.3980006427,16.5309,-16.5309
16036.520993337,16.3472,-16.3472
16036.603994295,16.2146,-16.2146
16036.6979990155,16.0795,-16.0795
16036.8179943413,15.9545,-15.9545
16036.9049984962,15.8372,-15.8372
16036.9989931583,15.7352,-15.7352
16037.1149953455,15.6204,-15.6204
16037.2040010989,15.521,-15.521
16037.297995761,15.4342,-15.4342
16037.4060016125,15.3322,-15.3322
16037.4999962747,15.2608,-15.2608
16037.5999957323,15.1716,-15.1716
16037.7080015838,15.0951,-15.0951
16037.8049936146,15.0186,-15.0186
16037.8999941051,14.9471,-14.9471
16038.0069941282,14.8757,-14.8757
16038.1050020456,14.8145,-14.8145
16038.1989967078,14.7508,-14.7508
16038.3079983294,14.6845,-14.6845
16038.4050004184,14.6284,-14.6284
16038.500000909,14.5723,-14.5723
16038.6090025306,14.5136,-14.5136
16038.7049987912,14.4626,-14.4626
16038.8009950519,14.4116,-14.4116
16038.9090009034,14.3555,-14.3555
16039.0069987625,14.3121,-14.3121
16039.1009934247,14.2637,-14.2637
16039.2089992762,14.2127,-14.2127
16039.3069971353,14.1719,-14.1719
16039.4010018557,14.1285,-14.1285
16039.508997649,14.0801,-14.0801
16039.6069955081,14.0418,-14.0418
16039.7019959986,14.001,-14.001
16039.8100018501,13.9576,-13.9576
16039.9069938809,13.927,-13.927
16040.0019943714,13.8811,-13.8811
16040.1100002229,13.8403,-13.8403
16040.2070023119,13.8148,-13.8148
16040.3009969741,13.7715,-13.7715
16040.4099985957,13.7332,-13.7332
16040.5129954219,13.7001,-13.7001
16040.6040027738,13.6669,-13.6669
16040.6979974359,13.6363,-13.6363
16040.8079948276,13.6057,-13.6057
16040.9040011466,13.5674,-13.5674
16040.9990016371,13.5368,-13.5368
16041.1029942334,13.5113,-13.5113
16041.2060011178,13.4731,-13.4731
16041.29999578,13.445,-13.445
16041.4019968361,13.4195,-13.4195
16041.5069952607,13.3813,-13.3813
16041.6019957513,13.3558,-13.3558
16041.7009994388,13.3277,-13.3277
16041.8079994619,13.2946,-13.2946
16041.9019941241,13.2691,-13.2691
16042.0000020415,13.2461,-13.2461
16042.1079978347,13.2104,-13.2104
16042.2029983252,13.1849,-13.1849
16042.2959972173,13.1645,-13.1645
16042.409997806,13.1288,-13.1288
16042.5049982965,13.1058,-13.1058
16042.5989929587,13.0854,-13.0854
16042.6990024745,13.0548,-13.0548
16042.8060024977,13.0293,-13.0293
16042.8990013897,13.0089,-13.0089
16042.9990008473,12.9809,-12.9809
16043.1069966406,12.9554,-12.9554
16043.1989997625,12.935,-12.935
16043.2989992201,12.9095,-12.9095
16043.4069950134,12.884,-12.884
16043.5019955039,12.861,-12.861
16043.6009991914,12.8381,-12.8381
16043.7089949846,12.8126,-12.8126
16043.8029997051,12.7922,-12.7922
16043.9009975642,12.7692,-12.7692
16044.0089933574,12.7463,-12.7463
16044.1049996763,12.7233,-12.7233
16044.2020017654,12.7055,-12.7055
16044.3099975586,12.6825,-12.6825
16044.404002279,12.6621,-12.6621
16044.5149954408,12.6417,-12.6417
16044.6110017598,12.6187,-12.6187
16044.7060022503,12.5983,-12.5983
16044.797995314,12.5805,-12.5805
16044.8979947716,12.5575,-12.5575
16045.0069963932,12.5371,-12.5371
16045.1169937849,12.5167,-12.5167
16045.1989989728,12.4963,-12.4963
16045.306994766,12.4708,-12.4708
16045.4150006175,0.0,-0.0
16055.3269967437,0.0,-0.0
16055.3369967437,-0.7495555671130257,0.7495555671130257
16245.9950009191,-0.7495555671130257,0.7495555671130257
16246.0050009191,-0.7472,0.7472
16246.006017912176,0.0,-0.0
16836.0470026731,0.0,-0.0
16836.057002673104,-0.7498,0.7498
16846.0630014539,-0.7498,0.7498
16856.0550011694,-0.7472,0.7472
16866.0529956222,-0.7498,0.7498
16876.0639954358,-0.7498,0.7498
16886.0609941185,-0.7472,0.7472
16896.056997031,-0.7498,0.7498
16916.0579949617,-0.7498,0.7498
16926.0650016367,-0.7472,0.7472
16936.0599987209,-0.7498,0.7498
16986.0559958965,-0.7498,0.7498
16996.0639983416,-0.7472,0.7472
17006.0609970242,-0.7498,0.7498
17016.0749942064,-0.7472,0.7472
17026.0530028492,-0.7498,0.7498
17056.0670021921,-0.7498,0.7498
17066.0579960793,-0.7472,0.7472
17076.0539989918,-0.7498,0.7498
17106.0650009662,-0.7498,0.7498
17116.0629954189,-0.7472,0.7472
17126.0689962655,-0.7498,0.7498
17146.0610020906,-0.7498,0.7498
17156.0539975762,-0.7472,0.7472
17166.0559952259,-0.7498,0.7498
17256.0650020838,-0.7498,0.7498
17266.0550002009,-0.7472,0.7472
17276.0599952191,-0.7498,0.7498
17286.0579997301,-0.7472,0.7472
17296.0529968143,-0.7472,0.7472
17306.0560002923,-0.7498,0.7498
17336.0559985042,-0.7498,0.7498
17346.0579961538,-0.7472,0.7472
17356.0650028288,-0.7498,0.7498
17376.0709997267,-0.7498,0.7498
17386.0619936138,-0.7472,0.7472
17396.0649970919,-0.7498,0.7498
17416.062001884,-0.7498,0.7498
17426.0649953038,-0.7472,0.7472
17436.0569950193,-0.7498,0.7498
17516.0649999976,-0.7498,0.7498
17526.0529965162,-0.7472,0.7472
17536.0669936985,-0.7498,0.7498
17566.0530008376,-0.7498,0.7498
17576.0540027171,-0.7472,0.7472
17586.0569961369,-0.7498,0.7498
17606.0660004616,-0.7498,0.7498
17616.0550028086,-0.7472,0.7472
17626.0579962283,-0.7498,0.7498
17636.0619954765,-0.7498,0.7498
17646.0519935936,-0.7472,0.7472
17656.0549970716,-0.7498,0.7498
17666.0609979182,-0.7498,0.7498
17676.0539934039,-0.7472,0.7472
17686.07500121,-0.7498,0.7498
17716.0619940609,-0.7498,0.7498
17726.0549996048,-0.7472,0.7472
17736.0560014844,-0.7472,0.7472
17746.0559975356,-0.7498,0.7498
17756.0599967837,-0.7498,0.7498
17766.0619944334,-0.7472,0.7472
17776.0520026088,-0.7498,0.7498
17886.056002602,-0.7498,0.7498
17896.0659965873,-0.7472,0.7472
17906.0640010983,-0.7498,0.7498
17916.0539992154,-0.7498,0.7498
17926.0579984635,-0.7472,0.7472
17936.0639993101,-0.7498,0.7498
17976.0609962046,-0.7498,0.7498
17986.0619980842,-0.7472,0.7472
17996.0530020297,-0.7498,0.7498
18026.0539960116,-0.7498,0.7498
18036.0590010881,-0.7472,0.7472
18037.4669998884,-0.7498,0.7498
18037.4769998884,0.0,-0.0
19847.5120000541,0.0,-0.0
19847.6169984788,-2.5018,2.5018
19847.7230027318,-2.4992,2.4992
19847.9219958186,-2.4992,2.4992
19848.0329990387,-2.4967,2.4967
19848.3189962804,-2.4967,2.4967
19848.4270021319,-2.4992,2.4992
19848.5189951956,-2.4967,2.4967
19848.8240025938,-2.4967,2.4967
19848.9290010184,-2.4992,2.4992
19849.024001509,-2.4967,2.4967
19849.1289999336,-2.4992,2.4992
19849.2209929973,-2.4967,2.4967
19849.3299946189,-2.4992,2.4992
19849.4210019708,-2.4967,2.4967
19849.8180024326,-2.4967,2.4967
19849.9259982258,-2.4992,2.4992
19850.0189971179,-2.4967,2.4967
19850.1229997724,-2.4967,2.4967
19850.2169944346,-2.4992,2.4992
19850.3229986876,-2.4967,2.4967
19850.4270013422,-2.4992,2.4992
19850.6279960275,-2.4992,2.4992
19850.7189933211,-2.4967,2.4967
19851.2239996344,-2.4967,2.4967
19851.3299938291,-2.4992,2.4992
19851.5289969742,-2.4992,2.4992
19851.6219958663,-2.4967,2.4967
19851.7339948565,-2.4992,2.4992
19851.8219947815,-2.4967,2.4967
19851.9269932061,-2.4992,2.4992
19852.018000558,-2.4967,2.4967
19852.1279979497,-2.4992,2.4992
19852.2200010717,-2.4967,2.4967
19852.3179989308,-2.4992,2.4992
19852.4199999869,-2.4967,2.4967
19852.5240026414,-2.4967,2.4967
19852.6220005006,-2.4992,2.4992
19852.7249973267,-2.4967,2.4967
19852.8179962188,-2.4992,2.4992
19852.9269978404,-2.4967,2.4967
19853.0190009624,-2.4992,2.4992
19853.1229935586,-2.4967,2.4967
19853.2350026071,-2.4992,2.4992
19853.3239983022,-2.4967,2.4967
19853.4289967269,-2.4992,2.4992
19853.5199940205,-2.4967,2.4967
19853.6289956421,-2.4992,2.4992
19853.7200029939,-2.4967,2.4967
19854.0250003338,-2.4967,2.4967
19854.1179992259,-2.4992,2.4992
19854.2270008475,-2.4967,2.4967
19854.3189939111,-2.4992,2.4992
19854.4229965657,-2.4967,2.4967
19854.5189928263,-2.4992,2.4992
19854.6240013093,-2.4967,2.4967
19854.7289997339,-2.4992,2.4992
19854.8240002245,-2.4967,2.4967
19854.9299944192,-2.4992,2.4992
19855.0210017711,-2.4967,2.4967
19855.2219964564,-2.4967,2.4967
19855.326994881,-2.4992,2.4992
19855.4209996015,-2.4967,2.4967
19855.5269937962,-2.4992,2.4992
19855.6200027466,-2.4992,2.4992
19855.7270027697,-2.4967,2.4967
19856.1259947717,-2.4967,2.4967
19856.2179978937,-2.4992,2.4992
19856.3310027122,-2.4967,2.4967
19856.4179968089,-2.4992,2.4992
19856.5229952335,-2.4967,2.4967
19856.7229941487,-2.4967,2.4967
19856.8269968033,-2.4992,2.4992
19856.9199956954,-2.4967,2.4967
19857.028997317,-2.4992,2.4992
19857.1199946105,-2.4967,2.4967
19857.2280004621,-2.4992,2.4992
19857.3209993541,-2.4967,2.4967
19857.5320020318,-2.4967,2.4967
19857.6449967921,0.0,-0.0
19877.5540016592,0.0,-0.0
19877.5640016592,0.7472,-0.7472
19911.3700021058,0.7472,-0.7472
19911.4829968661,0.0,-0.0
19931.3809979707,0.0,-0.0
19931.4899995923,2.4993,-2.4993
19931.5959937871,2.4967,-2.4967
19941.3960009813,2.4967,-2.4967
19941.5229968727,0.0,-0.0
19951.79402480423,0.0,-0.0
19951.80402480423,-0.7472,0.7472
19961.4349991083,-0.7472,0.7472
19971.4439973235,-0.7498,0.7498
19981.4389944077,-0.7498,0.7498
19984.7819957882,-0.7472,0.7472
19984.78301078973,0.0,-0.0
20584.8549932241,0.0,-0.0
20584.9770002067,-12.4988,12.4988
20585.0689932704,-12.4988,12.4988
20585.1769991219,-12.4962,12.4962
20585.2679964155,-12.4988,12.4988
20585.3729948401,-12.4962,12.4962
20585.4679953307,-12.4962,12.4962
20585.5729937553,-12.4988,12.4988
20585.6780022383,-12.4962,12.4962
20585.7739984989,-12.4988,12.4988
20585.8780011535,-12.4962,12.4962
20585.9689984471,-12.4988,12.4988
20586.0759984702,-12.4962,12.4962
20586.1699931324,-12.4988,12.4988
20586.2750016153,-12.4962,12.4962
20586.4750005305,-12.4962,12.4962
20586.5659978241,-12.4988,12.4988
20586.6749994457,-12.4962,12.4962
20586.7670025676,-12.4988,12.4988
20586.8720009923,-12.4988,12.4988
20586.9790010154,-12.4962,12.4962
20587.0719999075,-12.4988,12.4988
20587.176002562,-12.4962,12.4962
20587.3749956489,-12.4962,12.4962
20587.4669987708,-12.4988,12.4988
20592.9769970477,-12.4988,12.4988
20593.0690001696,-12.4962,12.4962
20593.3749932796,-12.4962,12.4962
20593.4649948031,-12.4988,12.4988
20593.5739964247,-12.4988,12.4988
20593.6659995466,-12.4962,12.4962
20593.7610000372,-12.4988,12.4988
20593.8669942319,-12.4962,12.4962
20593.972998485,-12.4962,12.4962
20594.0759953111,-12.4988,12.4988
20594.1729974002,-12.4962,12.4962
20594.2779958248,-12.4988,12.4988
20594.3840000778,-12.4988,12.4988
20594.4649994373,-12.4962,12.4962
20594.569997862,-12.4962,12.4962
20594.6649983525,-12.4988,12.4988
20594.7710026056,-12.4962,12.4962
20594.8760010302,-12.4962,12.4962
20594.9830010533,0.0,-0.0
20615.26602456873,0.0,-0.0
20615.27602456873,0.7472,-0.7472
20783.617996797,0.7472,-0.7472
20783.729000017,0.0,-0.0
20803.6379948258,0.0,-0.0
20803.7580002099,5.0011,-5.0011
20803.8579996675,4.9985,-4.9985
20813.6489946395,4.9985,-4.9985
20813.7640010566,0.0,-0.0
20823.6619960517,0.0,-0.0
20823.6719960517,-0.7498,0.7498
20833.6729958653,-0.7498,0.7498
20843.6769951135,-0.7472,0.7472
20853.6720022559,-0.7498,0.7498
20883.6699988693,-0.7498,0.7498
20890.4669947922,-0.7472,0.7472
20890.46801179533,0.0,-0.0
21490.5190005898,0.0,-0.0
21490.63099958,-25.0001,25.0001
21491.5249999613,-25.0001,25.0001
21491.6270010173,-24.9976,24.9976
21491.7309936136,-25.0001,25.0001
21491.8259941041,-25.0001,25.0001
21491.9269993901,-24.9976,24.9976
21492.0290004462,-25.0001,25.0001
21492.8280003369,-25.0001,25.0001
21492.930001393,-24.9976,24.9976
21493.2320013642,-24.9976,24.9976
21493.3239944279,-25.0001,25.0001
21494.8339942843,-25.0001,25.0001
21494.9289947748,-24.9976,24.9976
21495.0370006263,-25.0001,25.0001
21495.1359942555,-24.9976,24.9976
21495.2309947461,-24.9976,24.9976
21495.327001065,-25.0001,25.0001
21495.4379942268,-25.0001,25.0001
21495.5340005457,-24.9976,24.9976
21495.6299968064,-25.0001,25.0001
21495.7229956985,-24.9976,24.9976
21495.8240009844,-25.0001,25.0001
21495.933002606,-25.0001,25.0001
21496.0249956697,-24.9976,24.9976
21496.1239993572,-25.0001,25.0001
21496.2289977819,-25.0001,25.0001
21496.331994608,-24.9976,24.9976
21496.4289966971,-24.9976,24.9976
21496.5350009501,-25.0001,25.0001
21496.6199934483,-24.9976,24.9976
21496.7349998653,-25.0001,25.0001
21496.8270029873,-24.9976,24.9976
21496.9250008464,-25.0001,25.0001
21497.0289934427,-25.0001,25.0001
21497.1340019256,-24.9976,24.9976
21497.2349971533,-25.0001,25.0001
21497.3360024393,-25.0001,25.0001
21497.4279955029,-24.9976,24.9976
21497.5410003215,-25.0001,25.0001
21497.6279944181,-24.9976,24.9976
21497.7329928428,-24.9976,24.9976
21497.8479992598,-25.0001,25.0001
21497.9330018163,-24.9976,24.9976
21498.02499488,-25.0001,25.0001
21498.1289975345,-24.9976,24.9976
21498.2259996235,-25.0001,25.0001
21498.3319938183,-24.9976,24.9976
21498.4359964728,-25.0001,25.0001
21498.533994332,-24.9976,24.9976
21498.6259974539,-25.0001,25.0001
21498.746002838,-24.9976,24.9976
21498.9320006222,-24.9976,24.9976
21499.0270011127,-25.0001,25.0001
21499.1329953074,-24.9976,24.9976
21499.2249984294,-25.0001,25.0001
21499.3379931897,-24.9976,24.9976
21499.4259931147,-25.0001,25.0001
21499.5310015976,-24.9976,24.9976
21499.7319962829,-24.9976,24.9976
21499.8359989375,-25.0001,25.0001
21500.0249940902,-25.0001,25.0001
21500.1300025731,-24.9976,24.9976
21500.333994627,-24.9976,24.9976
21500.4239961505,-25.0001,25.0001
21500.527998805,-25.0001,25.0001
21500.6349988282,0.0,-0.0
21520.90902017953,0.0,-0.0
21520.91902017953,0.7472,-0.7472
21858.5489999503,0.7472,-0.7472
21858.6799990386,0.0,-0.0
21878.5660006106,0.0,-0.0
21878.6829985678,9.9971,-9.9971
21888.5829951614,9.9971,-9.9971
21888.691996783,0.0,-0.0
21899.006436269952,0.0,-0.0
21899.016436269954,-0.7498,0.7498
21908.6139969528,-0.7498,0.7498
21918.6089940369,-0.7472,0.7472
21938.6139951646,-0.7472,0.7472
21948.6119996756,-0.7498,0.7498
21968.6170008034,-0.7498,0.7498
21978.6129936576,-0.7472,0.7472
21988.6100023985,-0.7472,0.7472
21998.6260011792,-0.7498,0.7498
22018.6120022088,-0.7498,0.7498
22028.6090008914,-0.7472,0.7472
22031.9419942796,-0.7498,0.7498
22031.94301128273,0.0,-0.0
22632.0030022413,0.0,-0.0
22632.1279965341,-37.4989,37.4989
22639.0289951116,-37.4989,37.4989
22639.1239956021,-37.4964,37.4964
22639.5200002939,-37.4964,37.4964
22639.6279960871,-37.4989,37.4989
22639.7259939462,-37.4989,37.4989
22639.8209944367,-37.4964,37.4964
22639.9299960583,-37.4989,37.4989
22640.0269981474,-37.4989,37.4989
22640.1219986379,-37.4964,37.4964
22640.2249954641,-37.4989,37.4989
22640.4219970107,-37.4989,37.4989
22640.5199948698,-37.4964,37.4964
22640.6160011888,-37.4964,37.4964
22640.7259985805,-37.4989,37.4989
22640.8239964396,-37.4964,37.4964
22640.9189969301,-37.4964,37.4964
22641.0279985517,-37.4989,37.4989
22641.1250006407,-37.4964,37.4964
22641.2220027298,-37.4964,37.4964
22641.3159973919,-37.4989,37.4989
22641.4209958166,-37.4964,37.4964
22641.5220011026,-37.4989,37.4989
22641.6170015931,-37.4964,37.4964
22641.7220000178,-37.4964,37.4964
22641.8240010738,-37.4989,37.4989
22641.9190015644,-37.4964,37.4964
22642.0229941607,-37.4989,37.4989
22642.1409979463,0.0,-0.0
22662.0340000838,0.0,-0.0
22662.044000083803,0.7472,-0.7472
23163.5520000011,0.7472,-0.7472
23163.6680021882,0.0,-0.0
23183.5710022599,0.0,-0.0
23183.6869943887,19.9049,-19.9049
23183.7979976088,19.3158,-19.3158
23183.8939938694,18.7879,-18.7879
23183.9879985899,18.3951,-18.3951
23184.0839948505,18.0712,-18.0712
23184.1940023005,17.732,-17.732
23184.2879969627,17.5076,-17.5076
23184.3990001827,17.273,-17.273
23184.4940006733,17.0817,-17.0817
23184.5879953355,16.9083,-16.9083
23184.6999943256,16.7527,-16.7527
23184.7960006446,16.6074,-16.6074
23184.8910011351,16.4748,-16.4748
23185.0000027567,16.3396,-16.3396
23185.0959990174,16.2325,-16.2325
23185.1909995079,16.1203,-16.1203
23185.2869957685,16.0285,-16.0285
23185.3979989886,15.9264,-15.9264
23185.4919936508,15.8346,-15.8346
23185.5869941413,15.753,-15.753
23185.6979973614,15.6612,-15.6612
23185.7920020819,15.5796,-15.5796
23185.8870025724,15.5108,-15.5108
23185.9990015626,15.4317,-15.4317
23186.0959935933,15.3756,-15.3756
23186.1879967153,15.3042,-15.3042
23186.2859945744,15.2404,-15.2404
23186.3960020244,15.1818,-15.1818
23186.4879950881,15.118,-15.118
23186.5869987756,15.0594,-15.0594
23186.6949945688,15.0083,-15.0083
23186.7899950594,14.9497,-14.9497
23186.8880029768,14.8987,-14.8987
23186.9950029999,14.8528,-14.8528
23187.0899934322,14.7992,-14.7992
23187.1880013496,14.7508,-14.7508
23187.2880008072,14.7049,-14.7049
23187.3909976333,14.659,-14.659
23187.4889954925,14.6156,-14.6156
23187.6090008765,14.5672,-14.5672
23187.6909960061,14.5314,-14.5314
23187.7859964967,14.4906,-14.4906
23187.9060018808,14.4447,-14.4447
23187.9920002073,14.4116,-14.4116
23188.0870006979,14.3733,-14.3733
23188.1859943271,14.3376,-14.3376
23188.2940001786,14.2994,-14.2994
23188.3879948407,14.2662,-14.2662
23188.4860027581,14.2305,-14.2305
23188.5939985514,14.1948,-14.1948
23188.6889990419,14.1642,-14.1642
23188.7860011309,14.1311,-14.1311
23188.8950027525,14.0954,-14.0954
23188.9899931848,14.0647,-14.0647
23189.0880011022,14.0367,-14.0367
23189.1970027238,14.0035,-14.0035
23189.290997386,13.9729,-13.9729
23189.3889952451,13.9474,-13.9474
23189.4970010966,13.9168,-13.9168
23189.5920015872,13.8862,-13.8862
23189.6909952164,13.8633,-13.8633
23189.7990010679,13.8352,-13.8352
23189.89299573,13.8046,-13.8046
23189.9919994175,13.7791,-13.7791
23190.0999952108,13.7562,-13.7562
23190.1949957013,13.7281,-13.7281
23190.2929935604,13.7026,-13.7026
23190.3999935836,13.6797,-13.6797
23190.4969956726,13.6516,-13.6516
23190.5949935317,13.6287,-13.6287
23190.7009977847,13.6083,-13.6083
23190.7979998738,13.5776,-13.5776
23190.8959977329,13.5572,-13.5572
23191.0039935261,13.5343,-13.5343
23191.085998714,13.5139,-13.5139
23191.1859981716,13.4909,-13.4909
23191.3029961288,13.4705,-13.4705
23191.3879986852,13.4476,-13.4476
23191.4859965444,13.4246,-13.4246
23191.5990013629,13.4068,-13.4068
23191.6890028864,13.3838,-13.3838
23191.7859949172,13.3634,-13.3634
23191.8919991702,13.3456,-13.3456
23191.9899970293,13.3226,-13.3226
23192.0989986509,13.2997,-13.2997
23192.1949949116,13.2818,-13.2818
23192.2910012305,13.264,-13.264
23192.386001721,13.2436,-13.2436
23192.4880027771,13.2257,-13.2257
23192.5930012017,13.2053,-13.2053
23192.6869958639,13.1875,-13.1875
23192.78899692,13.1696,-13.1696
23192.8939953446,13.1492,-13.1492
23192.9889958352,13.1313,-13.1313
23193.0900011212,13.1135,-13.1135
23193.1949995458,13.0956,-13.0956
23193.288994208,13.0778,-13.0778
23193.3870021254,13.0625,-13.0625
23193.4949979186,13.0446,-13.0446
23193.5899984092,13.0242,-13.0242
23193.7150027603,0.0,-0.0
23203.6039955914,0.0,-0.0
23203.6139955914,-0.7485248170395815,0.7485248170395815
23399.344000017,-0.7485248170395815,0.7485248170395815
23399.354000017,-0.7498,0.7498
23399.355018015904,0.0,-0.0
23989.391002804,0.0,-0.0
23989.401002804003,-0.7472,0.7472
24009.4199929386,-0.7472,0.7472
24019.4019947201,-0.7498,0.7498
24039.4089974463,-0.7498,0.7498
24049.4050003588,-0.7472,0.7472
24069.4059982896,-0.7472,0.7472
24079.3999996036,-0.7498,0.7498
24099.3989959359,-0.7498,0.7498
24109.411001578,-0.7472,0.7472
24129.3999999762,-0.7472,0.7472
24139.3999960274,-0.7498,0.7498
24179.4099982828,-0.7498,0.7498
24189.4139975309,-0.7472,0.7472
24199.407998845,-0.7498,0.7498
24209.4069991261,-0.7472,0.7472
24229.4059954584,-0.7472,0.7472
24239.402994141,-0.7498,0.7498
24249.400998652,-0.7472,0.7472
24259.4020005316,-0.7472,0.7472
24269.4139961153,-0.7498,0.7498
24279.4009968638,-0.7472,0.7472
24289.4040003419,-0.7498,0.7498
24329.4000014663,-0.7498,0.7498
24339.4049964845,-0.7472,0.7472
24349.4069941342,-0.7498,0.7498
24379.401993379,-0.7498,0.7498
24389.404001087,-0.7472,0.7472
24399.4100019336,-0.7498,0.7498
24489.4029960036,-0.7498,0.7498
24499.3980031461,-0.7472,0.7472
24509.4020023942,-0.7472,0.7472
24519.4010026753,-0.7498,0.7498
24529.4089950621,-0.7472,0.7472
24539.4090011716,-0.7498,0.7498
24579.4079996645,-0.7498,0.7498
24589.3979977816,-0.7472,0.7472
24599.3989996612,-0.7498,0.7498
24609.4039946795,-0.7498,0.7498
24619.399997592,-0.7472,0.7472
24629.4039968401,-0.7498,0.7498
24639.4090019166,-0.7472,0.7472
24649.3999958038,-0.7498,0.7498
24659.4079982489,-0.7498,0.7498
24669.3970005959,-0.7472,0.7472
24679.4019956142,-0.7498,0.7498
24689.4079964608,-0.7498,0.7498
24699.4130015373,-0.7472,0.7472
24709.4000022858,-0.7498,0.7498
24769.3979971111,-0.7498,0.7498
24779.4069953263,-0.7472,0.7472
24789.4039940089,-0.7498,0.7498
24829.4119946659,-0.7498,0.7498
24839.4009970129,-0.7472,0.7472
24849.4060020894,-0.7472,0.7472
24859.3980018049,-0.7498,0.7498
24869.4129947573,-0.7472,0.7472
24879.4049944729,-0.7498,0.7498
24889.3989957869,-0.7472,0.7472
24899.4129929692,-0.7498,0.7498
24959.4030015171,-0.7498,0.7498
24969.4049991667,-0.7472,0.7472
24979.4110000134,-0.7498,0.7498
25019.4190006703,-0.7498,0.7498
25029.4049955904,-0.7472,0.7472
25049.4049977511,-0.7472,0.7472
25059.4049938023,-0.7498,0.7498
25099.3999991566,-0.7498,0.7498
25109.3989994377,-0.7472,0.7472
25129.4089995325,-0.7472,0.7472
25139.400999248,-0.7498,0.7498
25149.3989937007,-0.7498,0.7498
25159.3999955803,-0.7472,0.7472
25169.3980000913,-0.7498,0.7498
25190.9139968455,-0.7498,0.7498
25190.9239968455,0.0,-0.0
27000.9489990771,0.0,-0.0
27001.0700002313,-2.5018,2.5018
27001.1659964919,-2.4992,2.4992
27001.3779949397,-2.4992,2.4992
27001.4579985291,-2.4967,2.4967
27001.5620011836,-2.4992,2.4992
27001.6819965094,-2.4967,2.4967
27001.7620000988,-2.4992,2.4992
27001.8669985235,-2.4967,2.4967
27001.961999014,-2.4992,2.4992
27002.0669974387,-2.4967,2.4967
27002.1590005606,-2.4992,2.4992
27002.2709995508,-2.4967,2.4967
27002.3589994758,-2.4992,2.4992
27002.5549951941,-2.4992,2.4992
27002.6659984142,-2.4967,2.4967
27002.7569957078,-2.4967,2.4967
27002.8600025922,-2.4992,2.4992
27002.9569946229,-2.4967,2.4967
27003.0609972775,-2.4992,2.4992
27003.1629983336,-2.4967,2.4967
27003.2620020211,-2.4992,2.4992
27003.3659946173,-2.4967,2.4967
27003.4690015018,-2.4992,2.4992
27003.5659935325,-2.4967,2.4967
27003.6579966545,-2.4992,2.4992
27003.9629939944,-2.4992,2.4992
27004.0549971163,-2.4967,2.4967
27004.1639987379,-2.4992,2.4992
27004.25699763,-2.4967,2.4967
27004.3610002846,-2.4992,2.4992
27004.4569965452,-2.4967,2.4967
27004.5609991997,-2.4992,2.4992
27004.6659976244,-2.4967,2.4967
27004.761993885,-2.4992,2.4992
27004.8659965396,-2.4967,2.4967
27005.0659954548,-2.4967,2.4967
27005.1579985768,-2.4992,2.4992
27005.4629959166,-2.4992,2.4992
27005.5679943413,-2.4967,2.4967
27005.6629948318,-2.4992,2.4992
27005.7559937239,-2.4967,2.4967
27005.8599963784,-2.4992,2.4992
27006.061001122,-2.4992,2.4992
27006.1649937183,-2.4967,2.4967
27006.3659984618,-2.4967,2.4967
27006.4569957554,-2.4992,2.4992
27006.5650016069,-2.4967,2.4967
27006.658000499,-2.4992,2.4992
27006.963993609,-2.4992,2.4992
27007.0679962635,-2.4967,2.4967
27007.162000984,-2.4992,2.4992
27007.3629956692,-2.4992,2.4992
27007.4699956924,-2.4967,2.4967
27007.5629945844,-2.4992,2.4992
27007.666997239,-2.4967,2.4967
27007.7750030905,-2.4992,2.4992
27007.8669961542,-2.4967,2.4967
27007.9589992762,-2.4992,2.4992
27008.0560013652,-2.4967,2.4967
27008.1599939615,-2.4992,2.4992
27008.2650024444,-2.4967,2.4967
27008.3630003035,-2.4992,2.4992
27008.5580002517,-2.4992,2.4992
27008.6650002748,-2.4967,2.4967
27008.7589949369,-2.4992,2.4992
27008.8639933616,-2.4992,2.4992
27008.9719992131,-2.4967,2.4967
27009.0640023351,-2.4992,2.4992
27009.1549996287,-2.4967,2.4967
27009.2529974878,-2.4967,2.4967
27009.355994314,-2.4992,2.4992
27009.461998567,-2.4992,2.4992
27009.5619980246,-2.4967,2.4967
27009.6629932523,-2.4992,2.4992
27009.7669959068,-2.4967,2.4967
27009.8619963974,-2.4992,2.4992
27009.9549952894,-2.4967,2.4967
27010.0609995425,-2.4992,2.4992
27010.2589968592,-2.4992,2.4992
27010.3679984808,-2.4967,2.4967
27010.4589957744,-2.4992,2.4992
27010.660000518,-2.4992,2.4992
27010.7649989426,-2.4967,2.4967
27010.8629968017,-2.4992,2.4992
27010.9649978578,-2.4992,2.4992
27011.0710021108,0.0,-0.0
27031.34902665913,0.0,-0.0
27031.35902665913,0.7472,-0.7472
27064.9119995534,0.7472,-0.7472
27065.0260001421,0.0,-0.0
27084.9249970168,0.0,-0.0
27085.0360002369,2.4993,-2.4993
27085.1400028914,2.4967,-2.4967
27094.9459947646,2.4967,-2.4967
27095.0639985502,0.0,-0.0
27104.9600020051,0.0,-0.0
27104.970002005102,-0.7498,0.7498
27124.9649930745,-0.7498,0.7498
27134.9709939212,-0.7472,0.7472
27138.4340006858,-0.7472,0.7472
27138.43501767888,0.0,-0.0
27738.4889937937,0.0,-0.0
27738.5979954153,-12.4988,12.4988
27738.9039985836,-12.4988,12.4988
27738.9960017055,-12.4962,12.4962
27739.1010001302,-12.4988,12.4988
27739.1960006207,-12.4962,12.4962
27739.3009990454,-12.4988,12.4988
27739.4050016999,-12.4962,12.4962
27739.5009979606,-12.4988,12.4988
27740.0979973376,-12.4988,12.4988
27740.2079947293,-12.4962,12.4962
27740.3090000153,-12.4988,12.4988
27740.4049962759,-12.4988,12.4988
27740.4969993979,-12.4962,12.4962
27740.6019978225,-12.4988,12.4988
27740.6969983131,-12.4962,12.4962
27740.8139962703,-12.4988,12.4988
27740.9069951624,-12.4962,12.4962
27741.0019956529,-12.4988,12.4988
27741.0960003734,-12.4962,12.4962
27741.1989971995,-12.4988,12.4988
27741.4029993117,-12.4988,12.4988
27741.5039945394,-12.4962,12.4962
27741.7029976845,-12.4962,12.4962
27741.7970024049,-12.4988,12.4988
27742.1019997448,-12.4988,12.4988
27742.1959944069,-12.4962,12.4962
27742.2959938645,-12.4988,12.4988
27742.4069970846,-12.4962,12.4962
27742.6030028611,-12.4962,12.4962
27742.6979932934,-12.4988,12.4988
27743.0030006915,-12.4988,12.4988
27743.1109964848,-12.4962,12.4962
27743.1969948113,-12.4988,12.4988
27743.2969942689,-12.4962,12.4962
27743.4020027518,-12.4988,12.4988
27743.602001667,-12.4988,12.4988
27743.7070000917,-12.4962,12.4962
27743.8059937209,-12.4988,12.4988
27743.907994777,-12.4962,12.4962
27743.9990021288,-12.4988,12.4988
27744.1130027175,-12.4962,12.4962
27744.1999968141,-12.4988,12.4988
27744.3999957293,-12.4988,12.4988
27744.5059999824,-12.4962,12.4962
27744.5980031043,-12.4962,12.4962
27744.7069946676,-12.4988,12.4988
27744.7989977896,-12.4962,12.4962
27744.9030004442,-12.4988,12.4988
27745.1039951295,-12.4988,12.4988
27745.1969940215,-12.4962,12.4962
27745.3039940447,-12.4988,12.4988
27745.3969929367,-12.4962,12.4962
27745.5009955913,-12.4988,12.4988
27745.7020003349,-12.4988,12.4988
27745.8069987595,-12.4962,12.4962
27745.9019992501,-12.4988,12.4988
27746.0069976747,-12.4962,12.4962
27746.0990007967,-12.4988,12.4988
27746.1949970573,-12.4962,12.4962
27746.3039986789,-12.4988,12.4988
27746.405999735,-12.4962,12.4962
27746.5019959956,-12.4988,12.4988
27746.6039970517,-12.4988,12.4988
27746.6989975423,-12.4962,12.4962
27746.8069933355,-12.4988,12.4988
27746.8959990889,-12.4962,12.4962
27747.0989953727,-12.4962,12.4962
27747.2020022571,-12.4988,12.4988
27747.7199938148,-12.4988,12.4988
27747.7999974042,-12.4962,12.4962
27748.1060005724,-12.4962,12.4962
27748.1979936361,-12.4988,12.4988
27748.3089968562,-12.4962,12.4962
27748.3969967812,-12.4988,12.4988
27748.5030010343,-12.4988,12.4988
27748.6109968275,0.0,-0.0
27768.88701977733,0.0,-0.0
27768.89701977733,0.7472,-0.7472
27935.9740018845,0.7472,-0.7472
27936.0949929804,0.0,-0.0
27955.9969972819,0.0,-0.0
27956.1059989035,4.9985,-4.9985
27966.014001891,4.9985,-4.9985
27966.1199960858,0.0,-0.0
27976.0309964418,0.0,-0.0
27976.040996441803,-0.7498,0.7498
28016.0459976643,-0.7498,0.7498
28026.03899315,-0.7472,0.7472
28036.0379934311,-0.7498,0.7498
28042.9069966078,-0.7472,0.7472
28042.908010613563,0.0,-0.0
28642.957996577,0.0,-0.0
28643.0689997971,-25.0001,25.0001
28646.8640003353,-25.0001,25.0001
28646.9639997929,-24.9976,24.9976
28647.0800019801,-25.0001,25.0001
28647.5669939071,-25.0001,25.0001
28647.6650018245,-24.9976,24.9976
28647.7739933878,-25.0001,25.0001
28647.9650001973,-25.0001,25.0001
28648.0769991875,-24.9976,24.9976
28648.1729954481,-25.0001,25.0001
28648.2679959387,-24.9976,24.9976
28648.3659937978,-25.0001,25.0001
28648.667993769,-25.0001,25.0001
28648.7759996206,-24.9976,24.9976
28648.8680027425,-25.0001,25.0001
28649.0689974278,-25.0001,25.0001
28649.1739958525,-24.9976,24.9976
28649.3770021945,-24.9976,24.9976
28649.4679994881,-25.0001,25.0001
28649.5759952813,-24.9976,24.9976
28649.6689941734,-25.0001,25.0001
28649.8810026795,-25.0001,25.0001
28649.9639935791,-24.9976,24.9976
28650.0690020621,-25.0001,25.0001
28650.2690009773,-25.0001,25.0001
28650.374995172,-24.9976,24.9976
28650.4689998925,-24.9976,24.9976
28650.5749940872,-25.0001,25.0001
28651.4700002968,-25.0001,25.0001
28651.5739928931,-24.9976,24.9976
28651.6670018435,-25.0001,25.0001
28651.7759934068,-24.9976,24.9976
28651.8679965287,-25.0001,25.0001
28652.5719959289,-25.0001,25.0001
28652.6669964194,-24.9976,24.9976
28652.7739964426,-25.0001,25.0001
28652.8669953346,-24.9976,24.9976
28652.9879964888,-24.9976,24.9976
28653.1029928476,0.0,-0.0
28673.388028019628,0.0,-0.0
28673.39802801963,0.7472,-0.7472
29010.5189982802,0.7472,-0.7472
29010.6279999018,0.0,-0.0
29030.5359989405,0.0,-0.0
29030.6419931352,9.9971,-9.9971
29040.5459929258,9.9971,-9.9971
29040.6650025398,0.0,-0.0
29050.5670007318,0.0,-0.0
29050.5770007318,-0.7498,0.7498
29110.5850014836,-0.7498,0.7498
29120.5840017647,-0.7472,0.7472
29130.5859994143,-0.7472,0.7472
29140.5829980969,-0.7498,0.7498
29150.5839999765,-0.7498,0.7498
29160.5730023235,-0.7472,0.7472
29170.5689951777,-0.7472,0.7472
29180.5889971554,-0.7498,0.7498
29184.2129968107,-0.7472,0.7472
29184.21400780904,0.0,-0.0
29784.2539988458,0.0,-0.0
29784.3609988689,-37.4989,37.4989
29794.2749965936,-37.4989,37.4989
29794.3849939853,0.0,-0.0
29814.2969962209,0.0,-0.0
29814.3069962209,0.7472,-0.7472
30316.7600020766,0.7472,-0.7472
30316.8860021979,0.0,-0.0
30336.7849990726,0.0,-0.0
30336.8929948658,19.9967,-19.9967
30337.3069938272,19.9967,-19.9967
30337.4000027776,19.9941,-19.9941
30337.4939974397,19.859,-19.859
30337.5980000943,19.6549,-19.6549
30337.7000011504,19.3923,-19.3923
30337.7939958125,19.1984,-19.1984
30337.8950010985,19.0199,-19.0199
30337.9999995232,18.8083,-18.8083
30338.0950000137,18.6527,-18.6527
30338.2180027664,18.4844,-18.4844
30338.3009936661,18.339,-18.339
30338.3959941566,18.2115,-18.2115
30338.5180011392,18.0585,-18.0585
30338.6029936373,17.9463,-17.9463
30338.6979941279,17.829,-17.829
30338.7919988483,17.7244,-17.7244
30338.9030020684,17.6071,-17.6071
30338.9980025589,17.5051,-17.5051
30339.1059983522,17.398,-17.398
30339.2030004412,17.3112,-17.3112
30339.2969951034,17.2194,-17.2194
30339.4050009549,17.1251,-17.1251
30339.502998814,17.0486,-17.0486
30339.5979993045,16.9644,-16.9644
30339.6929997951,16.8905,-16.8905
30339.8040030152,16.8088,-16.8088
30339.8989934474,16.7349,-16.7349
30339.9929981679,16.6686,-16.6686
30340.1049971581,16.5921,-16.5921
30340.1999976486,16.5232,-16.5232
30340.294002369,16.462,-16.462
30340.4060013592,16.3906,-16.3906
30340.4999960214,16.3294,-16.3294
30340.5949965119,16.2733,-16.2733
30340.705999732,16.207,-16.207
30340.8010002226,16.1483,-16.1483
30340.8949948847,16.0973,-16.0973
30341.0059981048,16.0361,-16.0361
30341.1009985954,15.9826,-15.9826
30341.1949932575,15.9315,-15.9315
30341.3059964776,15.8856,-15.8856
30341.4020027965,15.8244,-15.8244
30341.4969932288,15.7785,-15.7785
30341.6009958833,15.7301,-15.7301
30341.7020011693,15.6765,-15.6765
30341.7970016599,15.6332,-15.6332
30341.9069990516,15.5924,-15.5924
30342.0029953122,15.5388,-15.5388
30342.0970000327,15.498,-15.498
30342.2069974244,15.4572,-15.4572
30342.302993685,15.4087,-15.4087
30342.3979941756,15.3654,-15.3654
30342.5039984286,15.3322,-15.3322
30342.6049936563,15.2863,-15.2863
30342.6989983767,15.2455,-15.2455
30342.8039968014,15.2149,-15.2149
30342.9050020874,15.1665,-15.1665
30343.0000025779,15.1308,-15.1308
30343.1009978056,15.1027,-15.1027
30343.2029988617,15.0568,-15.0568
30343.3009967208,15.0211,-15.0211
30343.3989945799,14.9905,-14.9905
30343.4939950705,14.9522,-14.9522
30343.602000922,14.914,-14.914
30343.6959955841,14.8859,-14.8859
30343.7949992716,14.8502,-14.8502
30343.9019992948,14.8145,-14.8145
30343.9979955554,14.7865,-14.7865
30344.0959934145,14.7533,-14.7533
30344.203999266,14.7176,-14.7176
30344.3169940263,14.6896,-14.6896
30344.3979933858,14.659,-14.659
30344.5059992373,14.6258,-14.6258
30344.606994465,14.5978,-14.5978
30344.6980018169,14.5697,-14.5697
30344.8059976101,14.5391,-14.5391
30344.9129976332,14.511,-14.511
30344.9980001897,14.483,-14.483
30345.0930006802,14.4575,-14.4575
30345.2090028673,14.4269,-14.4269
30345.2989943326,14.3988,-14.3988
30345.392999053,14.3759,-14.3759
30345.5040022731,14.3453,-14.3453
30345.6009943038,14.3198,-14.3198
30345.6949990243,14.2968,-14.2968
30345.8029948175,14.2688,-14.2688
30345.9010027349,14.2433,-14.2433
30345.9949973971,14.2203,-14.2203
30346.1039990187,14.1948,-14.1948
30346.2019968778,14.1719,-14.1719
30346.2969973683,14.1489,-14.1489
30346.4049931616,14.1234,-14.1234
30346.5039968491,14.1005,-14.1005
30346.5980015695,14.075,-14.075
30346.7059973627,14.052,-14.052
30346.8039952219,14.0265,-14.0265
30346.9229947776,0.0,-0.0
30356.8180024624,0.0,-0.0
30356.8280024624,-0.7496799923828831,0.7496799923828831
30572.4249983037,-0.7496799923828831,0.7496799923828831
30572.4349983037,-0.7498,0.7498
30572.43601530683,0.0,-0.0
31162.4569941312,0.0,-0.0
31162.4669941312,-0.7472,0.7472
31172.4780019373,-0.7472,0.7472
31182.4689958245,-0.7498,0.7498
31192.4719993025,-0.7498,0.7498
31202.4629931897,-0.7472,0.7472
31212.4609977007,-0.7498,0.7498
31222.4629953504,-0.7472,0.7472
31232.4750009924,-0.7498,0.7498
31242.4749970436,-0.7472,0.7472
31252.4730015546,-0.7498,0.7498
31262.4720018357,-0.7472,0.7472
31272.4830016494,-0.7498,0.7498
31282.4630018324,-0.7498,0.7498
31292.4670010805,-0.7472,0.7472
31302.4710003287,-0.7498,0.7498
31332.4680011719,-0.7498,0.7498
31342.4699988216,-0.7472,0.7472
31352.4699948728,-0.7498,0.7498
31362.4729983509,-0.7472,0.7472
31392.4699991941,-0.7472,0.7472
31402.4739984423,-0.7498,0.7498
31432.468001917,-0.7498,0.7498
31442.4720011652,-0.7472,0.7472
31452.4830009788,-0.7498,0.7498
31482.4730012566,-0.7498,0.7498
31492.4650009722,-0.7472,0.7472
31502.4749949574,-0.7498,0.7498
31542.4650013447,-0.7498,0.7498
31552.4679947644,-0.7472,0.7472
31562.4849993736,-0.7498,0.7498
31572.4759932607,-0.7472,0.7472
31582.4669972062,-0.7498,0.7498
31602.4869952351,-0.7498,0.7498
31612.4649938196,-0.7472,0.7472
31622.4709946662,-0.7498,0.7498
31662.4689973891,-0.7498,0.7498
31672.4699992687,-0.7472,0.7472
31682.4739985168,-0.7472,0.7472
31692.4639966339,-0.7498,0.7498
31702.4670001119,-0.7472,0.7472
31722.4729970098,-0.7472,0.7472
31732.4640009552,-0.7498,0.7498
31832.467994839,-0.7498,0.7498
31842.4739956856,-0.7472,0.7472
31852.4810023606,-0.7498,0.7498
31862.4639999121,-0.7498,0.7498
31872.4669933319,-0.7472,0.7472
31892.4669954926,-0.7472,0.7472
31902.4679973722,-0.7498,0.7498
31912.4730024487,-0.7472,0.7472
31922.4659979343,-0.7472,0.7472
31932.4690014124,-0.7498,0.7498
31952.4749983102,-0.7498,0.7498
31962.4799933285,-0.7472,0.7472
31972.4679999053,-0.7472,0.7472
31982.4709933251,-0.7498,0.7498
31992.4769941717,-0.7498,0.7498
32002.4770002812,-0.7472,0.7472
32012.4679941684,-0.7472,0.7472
32022.4719934165,-0.7498,0.7498
32032.4769984931,-0.7472,0.7472
32042.4660008401,-0.7498,0.7498
32062.4739993364,-0.7498,0.7498
32072.4659990519,-0.7472,0.7472
32082.4719998986,-0.7498,0.7498
32092.4649953842,-0.7498,0.7498
32102.4729978293,-0.7472,0.7472
32112.4699965119,-0.7472,0.7472
32122.4859952927,-0.7498,0.7498
32152.4720024318,-0.7498,0.7498
32162.4760016799,-0.7472,0.7472
32172.4719945341,-0.7472,0.7472
32182.4650000781,-0.7498,0.7498
32202.4709969759,-0.7498,0.7498
32212.4760020524,-0.7472,0.7472
32242.4819950014,-0.7472,0.7472
32252.473994717,-0.7498,0.7498
32292.4669984728,-0.7498,0.7498
32302.475996688,-0.7472,0.7472
32312.4729953706,-0.7472,0.7472
32322.4789962173,-0.7498,0.7498
32332.4720017612,-0.7498,0.7498
32342.4649972469,-0.7472,0.7472
32352.4719938636,-0.7498,0.7498
32363.975995034,-0.7498,0.7498
32363.985995034003,0.0,-0.0
34174.0089956671,0.0,-0.0
34174.1179972887,-2.5018,2.5018
34174.2339994758,-2.4992,2.4992
34174.4240004569,-2.4992,2.4992
34174.5159935206,-2.4967,2.4967
34174.6210020036,-2.4992,2.4992
34174.7160024941,-2.4967,2.4967
34174.8199950904,-2.4967,2.4967
34174.924993515,-2.4992,2.4992
34175.1259982586,-2.4992,2.4992
34175.2180013806,-2.4967,2.4967
34175.3250014037,-2.4992,2.4992
34175.4169944674,-2.4967,2.4967
34175.5220029503,-2.4992,2.4992
34175.627001375,-2.4967,2.4967
34175.7220018655,-2.4992,2.4992
34175.8150007576,-2.4967,2.4967
34175.9229965508,-2.4992,2.4992
34176.0149996728,-2.4967,2.4967
34176.214998588,-2.4967,2.4967
34176.3190012425,-2.4992,2.4992
34176.8239974976,-2.4992,2.4992
34176.9149947912,-2.4967,2.4967
34177.0209990442,-2.4992,2.4992
34177.1159995347,-2.4967,2.4967
34177.2229995579,-2.4992,2.4992
34177.3150026798,-2.4967,2.4967
34177.422002703,-2.4992,2.4992
34177.5169931352,-2.4967,2.4967
34177.7259942144,-2.4967,2.4967
34177.820994705,-2.4992,2.4992
34177.9240015894,-2.4967,2.4967
34178.01900208,-2.4992,2.4992
34178.1149983406,-2.4967,2.4967
34178.2319962978,-2.4992,2.4992
34178.4189999104,-2.4992,2.4992
34178.5129945725,-2.4967,2.4967
34178.6169972271,-2.4967,2.4967
34178.7259988487,-2.4992,2.4992
34178.9219945669,-2.4992,2.4992
34179.0180008858,-2.4967,2.4967
34179.2150024325,-2.4967,2.4967
34179.3229982257,-2.4992,2.4992
34180.4199948907,-2.4992,2.4992
34180.5189985782,-2.4967,2.4967
34180.6319933385,-2.4992,2.4992
34184.0239986777,-2.4992,2.4992
34184.1400008649,0.0,-0.0
34204.411024847635,0.0,-0.0
34204.42102484763,0.7472,-0.7472
34237.9540018737,0.7472,-0.7472
34238.0569986999,0.0,-0.0
34257.9699967057,0.0,-0.0
34258.0859988928,2.4993,-2.4993
34258.193994686,2.4967,-2.4967
34268.0099945515,2.4967,-2.4967
34268.1349989027,0.0,-0.0
34278.0430018902,0.0,-0.0
34278.05300189019,-0.7498,0.7498
34298.044995591,-0.7498,0.7498
34308.0469932407,-0.7472,0.7472
34311.3849956542,-0.7472,0.7472
34311.38602065367,0.0,-0.0
34911.4130023867,0.0,-0.0
34911.530996114,-12.4988,12.4988
34911.6320014,-12.4988,12.4988
34911.7250002921,-12.4962,12.4962
34912.0329950005,-12.4962,12.4962
34912.122996524,-12.4988,12.4988
34912.22400181,-12.4988,12.4988
34912.3290002346,-12.4962,12.4962
34912.5319965184,-12.4962,12.4962
34912.6239996403,-12.4988,12.4988
34913.1219953299,-12.4988,12.4988
34913.2209990174,-12.4962,12.4962
34913.4300000966,-12.4962,12.4962
34913.5329969227,-12.4988,12.4988
34913.6270016432,-12.4988,12.4988
34913.7279968709,-12.4962,12.4962
34913.8410016894,-12.4962,12.4962
34913.9220010489,-12.4988,12.4988
34914.1259931028,-12.4988,12.4988
34914.2289999872,-12.4962,12.4962
34914.4430000335,-12.4962,12.4962
34914.5249951631,-12.4988,12.4988
34914.6260004491,-12.4988,12.4988
34914.7280015051,-12.4962,12.4962
34914.8329999298,-12.4962,12.4962
34914.9219956249,-12.4988,12.4988
34915.1289951056,-12.4988,12.4988
34915.2300003916,-12.4962,12.4962
34915.3309956193,-12.4962,12.4962
34915.4359940439,-12.4988,12.4988
34915.9220002592,-12.4988,12.4988
34916.0190023482,-12.4962,12.4962
34916.1279939115,-12.4962,12.4962
34916.2289991975,-12.4988,12.4988
34921.431998536,-12.4988,12.4988
34921.5439975262,0.0,-0.0
34941.82102630434,0.0,-0.0
34941.83102630433,0.7472,-0.7472
35108.8100004941,0.7472,-0.7472
35108.9290000498,0.0,-0.0
35128.8329958916,0.0,-0.0
35128.9519954473,4.9985,-4.9985
35138.8459973037,4.9985,-4.9985
35138.9579962939,0.0,-0.0
35148.8639976829,0.0,-0.0
35148.873997682895,-0.7498,0.7498
35188.8699967414,-0.7498,0.7498
35198.8719943911,-0.7472,0.7472
35208.8799968362,-0.7498,0.7498
35215.6419999897,-0.7498,0.7498
35215.643020985975,0.0,-0.0
35815.6959973276,0.0,-0.0
35815.8149968833,-25.0001,25.0001
35821.310994029,-25.0001,25.0001
35821.411999315,-24.9976,24.9976
35821.5099971741,-24.9976,24.9976
35821.6160014272,-25.0001,25.0001
35821.7149950564,-25.0001,25.0001
35821.8139987439,-24.9976,24.9976
35821.9180013984,-25.0001,25.0001
35822.0169950277,-25.0001,25.0001
35822.1159987152,-24.9976,24.9976
35822.2159981728,-25.0001,25.0001
35822.3189949989,-25.0001,25.0001
35822.4179986864,-24.9976,24.9976
35822.522001341,-25.0001,25.0001
35822.8229954839,-25.0001,25.0001
35822.9109954089,-24.9976,24.9976
35823.1289986521,-24.9976,24.9976
35823.2140012085,-25.0001,25.0001
35823.3090016991,-24.9976,24.9976
35823.4069995582,-24.9976,24.9976
35823.5110022128,-25.0001,25.0001
35823.711001128,-25.0001,25.0001
35823.8049957901,-24.9976,24.9976
35823.9089984447,-24.9976,24.9976
35824.0169942379,-25.0001,25.0001
35824.1159979254,-24.9976,24.9976
35824.2139957845,-25.0001,25.0001
35824.3089962751,-24.9976,24.9976
35824.4159962982,-25.0001,25.0001
35824.5069935918,-24.9976,24.9976
35824.6170010418,-25.0001,25.0001
35824.7279942036,-24.9976,24.9976
35824.909998849,-24.9976,24.9976
35825.0119999051,-25.0001,25.0001
35825.1070003957,-24.9976,24.9976
35825.2149961889,-25.0001,25.0001
35825.3239978105,-24.9976,24.9976
35825.6130024791,-24.9976,24.9976
35825.7180009037,-25.0001,25.0001
35825.8320014924,0.0,-0.0
35846.108024442234,0.0,-0.0
35846.11802444223,0.7472,-0.7472
36183.0739986151,0.7472,-0.7472
36183.1929981709,0.0,-0.0
36203.0860003084,0.0,-0.0
36203.200000897,9.9971,-9.9971
36213.1069980562,9.9971,-9.9971
36213.2159996778,0.0,-0.0
36223.1189936399,0.0,-0.0
36223.1289936399,-0.7498,0.7498
36293.1390020996,-0.7498,0.7498
36303.1310018152,-0.7472,0.7472
36313.1319936365,-0.7472,0.7472
36323.1299981475,-0.7498,0.7498
36343.1250013411,-0.7498,0.7498
36353.1369969249,-0.7472,0.7472
36356.3689950854,-0.7472,0.7472
36356.370014090135,0.0,-0.0
36956.4059939235,0.0,-0.0
36956.5189987421,-37.4989,37.4989
36957.2150018066,-37.4989,37.4989
36957.3229975998,-37.4964,37.4964
36957.411993295,-37.4989,37.4989
36957.5150001794,-37.4989,37.4989
36957.6229959726,-37.4964,37.4964
36957.7260028571,-37.4989,37.4989
36958.5119973868,-37.4989,37.4989
36958.6189974099,-37.4964,37.4964
36958.7169952691,-37.4989,37.4989
36960.0140009075,-37.4989,37.4989
36960.1219967008,-37.4964,37.4964
36960.2199945599,-37.4964,37.4964
36960.3149950504,-37.4989,37.4989
36960.9150018543,-37.4989,37.4989
36961.0229976475,-37.4964,37.4964
36961.1139949411,-37.4989,37.4989
36961.51599437,-37.4989,37.4989
36961.6109948605,-37.4964,37.4964
36961.7269970477,-37.4964,37.4964
36961.8169985712,-37.4989,37.4989
36962.2129932046,-37.4989,37.4989
36962.311001122,-37.4964,37.4964
36962.4169953167,-37.4964,37.4964
36962.5139974058,-37.4989,37.4989
36966.4279974997,-37.4989,37.4989
36966.549994424,0.0,-0.0
36986.4469997585,0.0,-0.0
36986.45699975849,0.7472,-0.7472
37488.3849933743,0.7472,-0.7472
37488.5099977255,0.0,-0.0
37508.4039956331,0.0,-0.0
37508.5179962218,19.9967,-19.9967
37510.3170007467,19.9967,-19.9967
37510.4099996388,19.989,-19.989
37510.521998629,19.9125,-19.9125
37510.6159932911,19.8335,-19.8335
37510.7099980116,19.7493,-19.7493
37510.8219970018,19.6626,-19.6626
37510.9179932624,19.5912,-19.5912
37511.0110022128,19.5198,-19.5198
37511.1209996045,19.4356,-19.4356
37511.216000095,19.377,-19.377
37511.3230001181,19.303,-19.303
37511.4209979773,19.2316,-19.2316
37511.5159984678,19.178,-19.178
37511.60999313,19.1168,-19.1168
37511.7220021784,19.0454,-19.0454
37511.8159968406,18.997,-18.997
37511.910001561,18.9409,-18.9409
37512.0209947228,18.8797,-18.8797
37512.1159952134,18.8287,-18.8287
37512.2099999338,18.7751,-18.7751
37512.3199973255,18.7139,-18.7139
37512.4149978161,18.6731,-18.6731
37512.5090025365,18.6221,-18.6221
37512.6210015267,18.566,-18.566
37512.7140004188,18.5277,-18.5277
37512.8239978105,18.4742,-18.4742
37512.9209998995,18.4283,-18.4283
37513.0149945617,18.3951,-18.3951
37513.1219945848,18.339,-18.339
37513.2200025022,18.2931,-18.2931
37513.3259966969,18.2497,-18.2497
37513.4220030159,18.2089,-18.2089
37513.5169934481,18.1656,-18.1656
37513.6279966682,18.1299,-18.1299
37513.7100018561,18.0891,-18.0891
37513.8170018792,18.0457,-18.0457
37513.9249976724,18.01,-18.01
37514.0100002289,17.9692,-17.9692
37514.117000252,17.9284,-17.9284
37514.2240002751,17.8927,-17.8927
37514.3099986017,17.857,-17.857
37514.4190002233,17.8162,-17.8162
37514.5149964839,17.783,-17.783
37514.6119985729,17.7473,-17.7473
37514.7199943662,17.7065,-17.7065
37514.8189980537,17.6759,-17.6759
37514.9110011756,17.6402,-17.6402
37515.0189969689,17.5994,-17.5994
37515.1130016893,17.5714,-17.5714
37515.2109995484,17.5357,-17.5357
37515.32000117,17.5,-17.5
37515.4139958322,17.4694,-17.4694
37515.5119936913,17.4388,-17.4388
37515.6199995428,17.4031,-17.4031
37515.713994205,17.3725,-17.3725
37515.8129978925,17.3393,-17.3393
37515.9209936857,17.3036,-17.3036
37516.0149984062,17.2781,-17.2781
37516.1129962653,17.2475,-17.2475
37516.2210021168,17.2143,-17.2143
37516.314996779,17.1863,-17.1863
37516.4129946381,17.1582,-17.1582
37516.5199946612,17.1251,-17.1251
37516.6169967502,17.097,-17.097
37516.7139988393,17.0715,-17.0715
37516.8219946325,17.0358,-17.0358
37516.916995123,17.0078,-17.0078
37517.0119956136,16.9823,-16.9823
37517.1089977026,16.9542,-16.9542
37517.2179993242,16.9236,-16.9236
37517.3119939864,16.8981,-16.8981
37517.4109976739,16.8726,-16.8726
37517.517997697,16.8394,-16.8394
37517.6120024174,16.8139,-16.8139
37517.7109960467,16.7884,-16.7884
37517.8190018982,16.7604,-16.7604
37517.9129965603,16.7349,-16.7349
37518.0090028793,16.7145,-16.7145
37518.119000271,16.6813,-16.6813
37518.2129949331,16.6558,-16.6558
37518.3099970222,16.6354,-16.6354
37518.4189986438,16.5997,-16.5997
37518.5289960355,0.0,-0.0
37528.4399963915,0.0,-0.0
37528.4499963915,-0.7486421398755105,0.7486421398755105
37773.6789980733,-0.7486421398755105,0.7486421398755105
37773.6889980733,-0.7498,0.7498
37773.690022077,0.0,-0.0
38363.7349929661,0.0,-0.0
38363.744992966094,-0.7498,0.7498
38413.740998134,-0.7498,0.7498
38423.7420000136,-0.7472,0.7472
38433.7539955974,-0.7498,0.7498
38453.7510003895,-0.7498,0.7498
38463.7489948422,-0.7472,0.7472
38473.7459935248,-0.7498,0.7498
38483.7530001998,-0.7472,0.7472
38493.7509946525,-0.7498,0.7498
38503.741998598,-0.7498,0.7498
38513.7529984117,-0.7472,0.7472
38523.7459938973,-0.7498,0.7498
38543.7629945576,-0.7498,0.7498
38553.7469979376,-0.7472,0.7472
38563.7459982187,-0.7472,0.7472
38573.7449984998,-0.7498,0.7498
38603.7409935147,-0.7498,0.7498
38613.7529991567,-0.7472,0.7472
38623.7420015037,-0.7498,0.7498
38703.7440016866,-0.7498,0.7498
38713.7380030006,-0.7472,0.7472
38723.7499985844,-0.7498,0.7498
38773.7529963255,-0.7498,0.7498
38783.7460018694,-0.7472,0.7472
38793.7489952892,-0.7472,0.7472
38803.7499971688,-0.7498,0.7498
38813.7439984828,-0.7498,0.7498
38823.743994534,-0.7472,0.7472
38833.7489996105,-0.7472,0.7472
38843.7500014901,-0.7498,0.7498
38853.7440028042,-0.7472,0.7472
38863.7469962239,-0.7498,0.7498
38883.7429951876,-0.7498,0.7498
38893.7439970672,-0.7472,0.7472
38913.7469965965,-0.7472,0.7472
38923.7419936806,-0.7498,0.7498
38933.7429955602,-0.7472,0.7472
38943.7459990382,-0.7498,0.7498
38973.7459972501,-0.7498,0.7498
38983.7469991297,-0.7472,0.7472
38993.7419962138,-0.7498,0.7498
39003.7420023233,-0.7472,0.7472
39013.7469973415,-0.7498,0.7498
39033.7420005351,-0.7498,0.7498
39043.7469955534,-0.7472,0.7472
39053.7409968674,-0.7498,0.7498
39073.7430006266,-0.7498,0.7498
39083.7479956448,-0.7472,0.7472
39103.7409972399,-0.7472,0.7472
39113.7429948896,-0.7498,0.7498
39143.749993667,-0.7498,0.7498
39153.7499997765,-0.7472,0.7472
39163.7569963932,-0.7498,0.7498
39183.7439931929,-0.7498,0.7498
39193.7449950725,-0.7472,0.7472
39203.7549991161,-0.7498,0.7498
39223.7519938499,-0.7498,0.7498
39233.750994131,-0.7472,0.7472
39243.7510002404,-0.7498,0.7498
39303.7459976971,-0.7498,0.7498
39313.7540001422,-0.7472,0.7472
39323.7430024892,-0.7498,0.7498
39353.7509970367,-0.7498,0.7498
39363.7420009822,-0.7472,0.7472
39373.749993369,-0.7498,0.7498
39383.743994683,-0.7472,0.7472
39393.7580019236,-0.7498,0.7498
39403.7409994751,-0.7472,0.7472
39413.7490019202,-0.7472,0.7472
39423.7419974059,-0.7498,0.7498
39433.7619993836,-0.7472,0.7472
39443.7539990991,-0.7498,0.7498
39453.7469945848,-0.7472,0.7472
39463.7420017272,-0.7498,0.7498
39473.7419977784,-0.7472,0.7472
39483.752001822,-0.7498,0.7498
39523.7609982491,-0.7498,0.7498
39533.7419942021,-0.7472,0.7472
39543.7510024756,-0.7498,0.7498
39565.3520017862,-0.7498,0.7498
39565.3620017862,0.0,-0.0
41375.3999993205,0.0,-0.0
41375.5249936134,-2.5018,2.5018
41375.6169967353,-2.4992,2.4992
41375.8159998804,-2.4992,2.4992
41375.9209983051,-2.4967,2.4967
41376.0169945657,-2.4992,2.4992
41376.1209972203,-2.4967,2.4967
41376.2139961123,-2.4967,2.4967
41376.3220019639,-2.4992,2.4992
41376.4139950275,-2.4967,2.4967
41376.5189934522,-2.4967,2.4967
41376.6139939427,-2.4992,2.4992
41376.7190024257,-2.4967,2.4967
41376.8229950219,-2.4992,2.4992
41377.114001289,-2.4992,2.4992
41377.2219970822,-2.4967,2.4967
41377.3140002042,-2.4992,2.4992
41377.4180028588,-2.4967,2.4967
41377.7219943702,-2.4967,2.4967
41377.8139974922,-2.4992,2.4992
41377.9229991138,-2.4967,2.4967
41378.0139964074,-2.4992,2.4992
41378.1169932336,-2.4967,2.4967
41378.2139953226,-2.4992,2.4992
41378.3179979771,-2.4967,2.4967
41378.5190027207,-2.4967,2.4967
41378.622995317,-2.4992,2.4992
41378.7140026689,-2.4992,2.4992
41378.8219984621,-2.4967,2.4967
41379.3219957501,-2.4967,2.4967
41379.418002069,-2.4992,2.4992
41379.5219946653,-2.4992,2.4992
41379.6149935573,-2.4967,2.4967
41379.7229994088,-2.4992,2.4992
41385.4189954698,-2.4992,2.4992
41385.5369992554,0.0,-0.0
41405.4409950972,0.0,-0.0
41405.45099509719,0.7472,-0.7472
41439.0379965305,0.7472,-0.7472
41439.1560003161,0.0,-0.0
41459.0540014207,0.0,-0.0
41459.161997214,2.4993,-2.4993
41459.2669956386,2.4967,-2.4967
41469.0670028329,2.4967,-2.4967
41469.1809933633,0.0,-0.0
41479.50843821115,0.0,-0.0
41479.51843821115,-0.7498,0.7498
41509.1019999236,-0.7498,0.7498
41512.4400023371,-0.7472,0.7472
41512.44101232961,0.0,-0.0
42112.4919980764,0.0,-0.0
42112.6229971647,-12.4988,12.4988
42112.7159960568,-12.4988,12.4988
42112.8100007772,-12.4962,12.4962
42112.9149992019,-12.4988,12.4988
42113.3109938353,-12.4988,12.4988
42113.4199954569,-12.4962,12.4962
42113.5119985789,-12.4988,12.4988
42113.6160012335,-12.4988,12.4988
42113.7119974941,-12.4962,12.4962
42113.8160001487,-12.4988,12.4988
42113.9200028032,-12.4962,12.4962
42114.1200017184,-12.4962,12.4962
42114.2130006105,-12.4988,12.4988
42114.5179979503,-12.4988,12.4988
42114.613994211,-12.4962,12.4962
42114.7179968655,-12.4988,12.4988
42114.8099999875,-12.4962,12.4962
42114.9190016091,-12.4988,12.4988
42115.0109946728,-12.4962,12.4962
42115.1140015572,-12.4988,12.4988
42115.3140004724,-12.4988,12.4988
42115.4199946672,-12.4962,12.4962
42115.511002019,-12.4988,12.4988
42115.6199935824,-12.4962,12.4962
42115.7119967043,-12.4988,12.4988
42116.2189945579,-12.4988,12.4988
42116.3109976798,-12.4962,12.4962
42116.4249982685,-12.4988,12.4988
42116.8159939349,-12.4988,12.4988
42116.9210024178,-12.4962,12.4962
42117.0099981129,-12.4988,12.4988
42117.121001333,-12.4962,12.4962
42117.2129943967,-12.4988,12.4988
42117.3110023141,-12.4962,12.4962
42117.4139991403,-12.4988,12.4988
42117.5180017948,-12.4988,12.4988
42117.6189970225,-12.4962,12.4962
42117.7200023085,-12.4988,12.4988
42117.8109996021,-12.4962,12.4962
42117.9279975593,-12.4988,12.4988
42118.0109985173,-12.4962,12.4962
42118.1159969419,-12.4988,12.4988
42118.2329948992,-12.4962,12.4962
42118.3159958571,-12.4988,12.4988
42118.4220001101,-12.4962,12.4962
42118.5129974037,-12.4988,12.4988
42118.7140021473,-12.4988,12.4988
42118.8210021704,-12.4962,12.4962
42118.9149968326,-12.4988,12.4988
42119.0210010856,-12.4962,12.4962
42119.1119983792,-12.4962,12.4962
42119.2210000008,-12.4988,12.4988
42119.4169957191,-12.4988,12.4988
42119.513002038,-12.4962,12.4962
42119.6169946343,-12.4988,12.4988
42119.7220031172,-12.4962,12.4962
42119.8179993778,-12.4988,12.4988
42119.9229978025,-12.4962,12.4962
42120.0139950961,-12.4988,12.4988
42120.110001415,-12.4962,12.4962
42120.2149998397,-12.4988,12.4988
42120.3209940344,-12.4962,12.4962
42120.4170003533,-12.4988,12.4988
42121.118998155,-12.4988,12.4988
42121.2099954486,-12.4962,12.4962
42121.3149938732,-12.4988,12.4988
42121.7179991305,-12.4988,12.4988
42121.8229975551,-12.4962,12.4962
42121.9159964472,-12.4988,12.4988
42122.0100011677,-12.4962,12.4962
42122.1139937639,-12.4988,12.4988
42122.2260028124,-12.4962,12.4962
42122.3149985075,-12.4988,12.4988
42122.5369948894,-12.4988,12.4988
42122.6529970765,0.0,-0.0
42142.5600003451,0.0,-0.0
42142.5700003451,0.7472,-0.7472
42310.087999329,0.7472,-0.7472
42310.2009940892,0.0,-0.0
42330.1020026207,0.0,-0.0
42330.219996348,5.0011,-5.0011
42330.307996273,4.9985,-4.9985
42340.1149939746,4.9985,-4.9985
42340.2279987931,0.0,-0.0
42350.1310028136,0.0,-0.0
42350.1410028136,-0.7498,0.7498
42390.1490014046,-0.7498,0.7498
42400.1399952918,-0.7472,0.7472
42410.148993507,-0.7498,0.7498
42416.7939987034,-0.7498,0.7498
42416.79501370493,0.0,-0.0
43016.8499976397,0.0,-0.0
43016.9579934329,-25.0001,25.0001
43017.8620018065,-25.0001,25.0001
43017.9609954357,-24.9976,24.9976
43018.0559959263,-25.0001,25.0001
43019.2650016397,-25.0001,25.0001
43019.3639952689,-24.9976,24.9976
43019.4539967924,-25.0001,25.0001
43020.2660020441,-25.0001,25.0001
43020.3619983047,-24.9976,24.9976
43020.4560030252,-24.9976,24.9976
43020.5540008843,-25.0001,25.0001
43020.6630025059,-25.0001,25.0001
43020.7579929382,-24.9976,24.9976
43020.8569966257,-25.0001,25.0001
43020.9650024772,-24.9976,24.9976
43021.0600029677,-25.0001,25.0001
43021.1589965969,-25.0001,25.0001
43021.2670024484,-24.9976,24.9976
43021.4609965682,-24.9976,24.9976
43021.5690024197,-25.0001,25.0001
43021.6649986804,-25.0001,25.0001
43021.7629965395,-24.9976,24.9976
43021.8699965626,-25.0001,25.0001
43021.9669986516,-25.0001,25.0001
43022.0649965107,-24.9976,24.9976
43022.2569990903,-24.9976,24.9976
43022.3680023104,-25.0001,25.0001
43022.473000735,-25.0001,25.0001
43022.5599948317,-24.9976,24.9976
43022.6549953222,-24.9976,24.9976
43022.7770023048,-25.0001,25.0001
43022.861994803,-24.9976,24.9976
43022.9700006545,-25.0001,25.0001
43023.0629995465,-24.9976,24.9976
43023.1679979712,-25.0001,25.0001
43023.2600010931,-24.9976,24.9976
43023.3569931239,-25.0001,25.0001
43023.4749969095,-24.9976,24.9976
43023.5670000315,-25.0001,25.0001
43023.662000522,-24.9976,24.9976
43023.9549983293,-24.9976,24.9976
43024.0590009838,-25.0001,25.0001
43024.1669967771,-25.0001,25.0001
43024.2599956691,-24.9976,24.9976
43024.3689972907,-25.0001,25.0001
43024.4599945843,-24.9976,24.9976
43024.5639972389,-25.0001,25.0001
43024.6700014919,-24.9976,24.9976
43024.7650019825,-25.0001,25.0001
43024.8580008745,-24.9976,24.9976
43024.9759946018,-25.0001,25.0001
43025.0579997897,-24.9976,24.9976
43025.1629982144,-25.0001,25.0001
43025.258994475,-24.9976,24.9976
43025.3659944981,-25.0001,25.0001
43025.4589933902,-24.9976,24.9976
43025.5679950118,-25.0001,25.0001
43025.859997049,-25.0001,25.0001
43025.9639997035,-24.9976,24.9976
43026.0579943657,-24.9976,24.9976
43026.1660002172,-25.0001,25.0001
43026.364993304,-25.0001,25.0001
43026.4599937946,-24.9976,24.9976
43026.6569953412,-24.9976,24.9976
43026.7650011927,-25.0001,25.0001
43026.8589958549,-25.0001,25.0001
43026.979997009,0.0,-0.0
43047.25202682024,0.0,-0.0
43047.26202682023,0.7472,-0.7472
43381.8509951234,0.7472,-0.7472
43381.9639999419,0.0,-0.0
43401.8709931523,0.0,-0.0
43401.9799947739,9.9971,-9.9971
43411.8929967284,9.9971,-9.9971
43412.0079930872,0.0,-0.0
43421.9129987061,0.0,-0.0
43421.9229987061,-0.7498,0.7498
43431.9330006838,-0.7498,0.7498
43441.9200014323,-0.7472,0.7472
43451.9369959831,-0.7498,0.7498
43461.9219951332,-0.7498,0.7498
43471.9240028411,-0.7472,0.7472
43481.9350026548,-0.7498,0.7498
43511.9329992682,-0.7498,0.7498
43521.9340011477,-0.7472,0.7472
43531.9330014288,-0.7498,0.7498
43541.93299748,-0.7498,0.7498
43551.9339993596,-0.7472,0.7472
43555.4539963603,-0.7472,0.7472
43555.45500235967,0.0,-0.0
44155.5089995265,0.0,-0.0
44155.6159995496,-37.4989,37.4989
44164.2249953002,-37.4989,37.4989
44164.3190000206,-37.4964,37.4964
44164.4160021096,-37.4989,37.4989
44165.222998336,-37.4989,37.4989
44165.334001556,-37.4964,37.4964
44165.4279962182,-37.4989,37.4989
44165.5249983072,-37.4989,37.4989
44165.6419962645,0.0,-0.0
44185.5379957706,0.0,-0.0
44185.5479957706,0.7472,-0.7472
44687.0779931545,0.7472,-0.7472
44687.1979985386,0.0,-0.0
44707.1009986103,0.0,-0.0
44707.210996002,19.9967,-19.9967
44709.5090020448,19.9967,-19.9967
44709.6129946411,19.9533,-19.9533
44709.713999927,19.8794,-19.8794
44709.8079945892,19.8156,-19.8156
44709.9130030721,19.7468,-19.7468
44710.0139982998,19.6753,-19.6753
44710.107992962,19.6167,-19.6167
44710.2130014449,19.5555,-19.5555
44710.315002501,19.4892,-19.4892
44710.4089971632,19.4356,-19.4356
44710.5119939893,19.3846,-19.3846
44710.6139950454,19.3234,-19.3234
44710.7079997659,19.275,-19.275
44710.8120024204,19.2316,-19.2316
44710.9139934182,19.1678,-19.1678
44711.0089939088,19.1245,-19.1245
44711.1120007932,19.0811,-19.0811
44711.208992824,19.0301,-19.0301
44711.3099981099,18.9842,-18.9842
44711.4140007645,18.9485,-18.9485
44711.509001255,18.8975,-18.8975
44711.6090007126,18.8567,-18.8567
44711.7049969733,18.8236,-18.8236
44711.8079937994,18.7726,-18.7726
44711.9089990854,18.7343,-18.7343
44712.0019979775,18.7011,-18.7011
44712.1080022305,18.6578,-18.6578
44712.2099932283,18.6195,-18.6195
44712.323993817,18.5864,-18.5864
44712.4100022018,18.5481,-18.5481
44712.5050026923,18.5124,-18.5124
44712.6229964197,18.4742,-18.4742
44712.7109963447,18.4385,-18.4385
44712.8050010651,18.4079,-18.4079
44712.9159942269,18.3747,-18.3747
44713.0120005459,18.3416,-18.3416
44713.105995208,18.311,-18.311
44713.2099978626,18.2778,-18.2778
44713.3119989187,18.2446,-18.2446
44713.4059935808,18.2166,-18.2166
44713.5090004653,18.1834,-18.1834
44713.6119972914,18.1503,-18.1503
44713.706997782,18.1248,-18.1248
44713.8089988381,18.0942,-18.0942
44713.9139972627,18.0636,-18.0636
44714.0080019832,18.0381,-18.0381
44714.1100030392,18.0075,-18.0075
44714.2049934715,17.9845,-17.9845
44714.3100019544,17.9539,-17.9539
44714.4109971821,17.9259,-17.9259
44714.5279951394,17.8978,-17.8978
44714.6100003272,17.8723,-17.8723
44714.7129971534,17.8443,-17.8443
44714.8029986769,17.8238,-17.8238
44714.9120002985,17.7907,-17.7907
44715.0129955262,17.7652,-17.7652
44715.1249945164,17.7422,-17.7422
44715.2119986713,17.7142,-17.7142
44715.3149954975,17.6887,-17.6887
44715.4219955206,17.6683,-17.6683
44715.5149944127,17.6402,-17.6402
44715.6159996986,17.6173,-17.6173
44715.7169949263,17.5969,-17.5969
44715.8159986138,17.5714,-17.5714
44715.9169938415,17.5484,-17.5484
44716.010998562,17.5255,-17.5255
44716.1159969866,17.5,-17.5
44716.2039969116,17.4847,-17.4847
44716.3120027632,17.4566,-17.4566
44716.4170011878,17.4337,-17.4337
44716.5039952844,17.4158,-17.4158
44716.6120011359,17.3929,-17.3929
44716.705000028,17.3699,-17.3699
44716.8190006167,17.3495,-17.3495
44716.9129952788,17.3291,-17.3291
44717.0049984008,17.3061,-17.3061
44717.1189989895,17.2832,-17.2832
44717.2259990126,0.0,-0.0
44727.1299988031,0.0,-0.0
44727.139998803104,-0.7487844038322743,0.7487844038322743
44977.6109957898,-0.7487844038322743,0.7487844038322743
44977.6209957898,-0.7472,0.7472
44977.62201878767,0.0,-0.0
45567.6570028067,0.0,-0.0
45567.667002806695,-0.7472,0.7472
45577.6699941605,-0.7472,0.7472
45587.6729976386,-0.7498,0.7498
45597.6769968867,-0.7498,0.7498
45607.6829977334,-0.7472,0.7472
45617.6740016788,-0.7498,0.7498
45627.6850014925,-0.7498,0.7498
45637.6799985766,-0.7472,0.7472
45647.6699966937,-0.7498,0.7498
45657.6769933105,-0.7472,0.7472
45667.6720004529,-0.7498,0.7498
45677.6689991355,-0.7498,0.7498
45687.6739941537,-0.7472,0.7472
45697.6810008287,-0.7472,0.7472
45707.6689973474,-0.7498,0.7498
45737.6799993217,-0.7498,0.7498
45747.6709932089,-0.7472,0.7472
45757.6800014824,-0.7498,0.7498
45767.6709953696,-0.7472,0.7472
45787.6719933003,-0.7472,0.7472
45797.6799957454,-0.7498,0.7498
45807.6730012894,-0.7472,0.7472
45817.6759947091,-0.7498,0.7498
45837.6770026982,-0.7498,0.7498
45847.6679965854,-0.7472,0.7472
45857.6719958335,-0.7472,0.7472
45867.6790025085,-0.7498,0.7498
46017.6739946008,-0.7498,0.7498
46027.6789996773,-0.7472,0.7472
46047.6799976081,-0.7472,0.7472
46057.6809994876,-0.7498,0.7498
46067.6820013672,-0.7498,0.7498
46077.6690021157,-0.7472,0.7472
46087.6719955355,-0.7472,0.7472
46097.6739931852,-0.7498,0.7498
46107.6880004257,-0.7472,0.7472
46117.6759969443,-0.7498,0.7498
46127.6799961925,-0.7498,0.7498
46137.6689985394,-0.7472,0.7472
46147.679002583,-0.7498,0.7498
46157.6739996672,-0.7498,0.7498
46167.6779989153,-0.7472,0.7472
46177.6810023934,-0.7498,0.7498
46267.6759980619,-0.7498,0.7498
46277.6689935476,-0.7472,0.7472
46287.6719970256,-0.7498,0.7498
46327.6779960841,-0.7498,0.7498
46337.6780021936,-0.7472,0.7472
46347.6789940149,-0.7498,0.7498
46477.6729982346,-0.7498,0.7498
46487.6760017127,-0.7472,0.7472
46497.6809967309,-0.7498,0.7498
46507.693002373,-0.7472,0.7472
46517.6769956946,-0.7498,0.7498
46527.6809949428,-0.7498,0.7498
46537.6729946584,-0.7472,0.7472
46547.678995505,-0.7498,0.7498
46557.6809931546,-0.7472,0.7472
46567.6760002971,-0.7498,0.7498
46577.6689957827,-0.7472,0.7472
46587.6749966294,-0.7498,0.7498
46597.676994279,-0.7498,0.7498
46607.6819993556,-0.7472,0.7472
46617.6729932427,-0.7498,0.7498
46627.6809956878,-0.7472,0.7472
46637.6729954034,-0.7498,0.7498
46647.67899625,-0.7472,0.7472
46657.6689943671,-0.7498,0.7498
46667.6780026406,-0.7498,0.7498
46677.6680007577,-0.7472,0.7472
46697.6739976555,-0.7472,0.7472
46707.6779969037,-0.7498,0.7498
46727.6879969984,-0.7498,0.7498
46737.679996714,-0.7472,0.7472
46747.6699948311,-0.7498,0.7498
46757.6829962432,-0.7472,0.7472
46767.6769975573,-0.7498,0.7498
46769.2849952728,-0.7498,0.7498
46769.2949952728,0.0,-0.0
48579.3249964714,0.0,-0.0
48579.4439960271,-2.5018,2.5018
48579.5349933207,-2.4992,2.4992
48579.7350022942,-2.4992,2.4992
48579.8389948905,-2.4967,2.4967
48579.933995381,-2.4992,2.4992
48580.039999634,-2.4967,2.4967
48580.1440022886,-2.4967,2.4967
48580.2399985492,-2.4992,2.4992
48580.4359942675,-2.4992,2.4992
48580.553002283,-2.4967,2.4967
48580.7419974357,-2.4967,2.4967
48580.8379936963,-2.4992,2.4992
48580.9430021793,-2.4967,2.4967
48581.0339994729,-2.4992,2.4992
48581.140999496,-2.4967,2.4967
48581.2339983881,-2.4992,2.4992
48581.3389968127,-2.4967,2.4967
48581.4339973032,-2.4992,2.4992
48581.5389957279,-2.4967,2.4967
48582.0440020412,-2.4967,2.4967
48582.1359951049,-2.4992,2.4992
48582.2419993579,-2.4967,2.4967
48582.3369998485,-2.4992,2.4992
48582.4419982731,-2.4967,2.4967
48582.5329955667,-2.4992,2.4992
48582.6410014182,-2.4967,2.4967
48583.5409965366,-2.4967,2.4967
48583.6329996586,-2.4992,2.4992
48583.7409954518,-2.4967,2.4967
48583.8320028037,-2.4992,2.4992
48583.9359954,-2.4992,2.4992
48584.0320017189,-2.4967,2.4967
48584.546995908,-2.4967,2.4967
48584.643997997,-2.4992,2.4992
48584.7349952906,-2.4967,2.4967
48584.8319973797,-2.4992,2.4992
48584.9369958043,-2.4967,2.4967
48585.3350020945,-2.4967,2.4967
48585.4420021176,-2.4992,2.4992
48585.5359967798,-2.4967,2.4967
48585.8409941196,-2.4967,2.4967
48585.9320014715,-2.4992,2.4992
48586.0419988632,-2.4967,2.4967
48586.2379945815,-2.4967,2.4967
48586.3349966705,-2.4992,2.4992
48586.4399950951,-2.4967,2.4967
48586.5319982171,-2.4992,2.4992
48586.6389982402,-2.4967,2.4967
48586.7319971323,-2.4992,2.4992
48586.836995557,-2.4967,2.4967
48586.9319960475,-2.4992,2.4992
48587.0389960706,-2.4967,2.4967
48587.1319949627,-2.4992,2.4992
48587.3319938779,-2.4992,2.4992
48587.4370023608,-2.4967,2.4967
48587.530997023,-2.4992,2.4992
48587.637001276,-2.4967,2.4967
48587.7419997007,-2.4967,2.4967
48587.8379959613,-2.4992,2.4992
48587.942994386,-2.4967,2.4967
48588.0349975079,-2.4992,2.4992
48588.1390001625,-2.4967,2.4967
48588.3419964463,-2.4967,2.4967
48588.4329937398,-2.4992,2.4992
48588.5409995914,-2.4967,2.4967
48588.6330027133,-2.4992,2.4992
48588.7369953096,-2.4967,2.4967
48588.8330016285,-2.4992,2.4992
48588.9380000532,-2.4967,2.4967
48589.1379989684,-2.4967,2.4967
48589.2439931631,-2.4992,2.4992
48589.3359962851,-2.4992,2.4992
48589.4549958408,0.0,-0.0
48609.3509953469,0.0,-0.0
48609.36099534689,0.7472,-0.7472
48642.904997617,0.7472,-0.7472
48643.0199939758,0.0,-0.0
48662.9199966788,0.0,-0.0
48663.0380004644,2.4993,-2.4993
48663.128997758,2.4967,-2.4967
48672.9359954596,2.4967,-2.4967
48673.0409938842,0.0,-0.0
48683.319022381336,0.0,-0.0
48683.32902238133,-0.7472,0.7472
48692.9599966854,-0.7472,0.7472
48702.9589969665,-0.7498,0.7498
48716.3170013577,-0.7498,0.7498
48716.3180193566,0.0,-0.0
49316.3769934326,0.0,-0.0
49316.4879966527,-12.4988,12.4988
49316.5919993073,-12.4988,12.4988
49316.6840024292,-12.4962,12.4962
49316.7939998209,-12.4988,12.4988
49316.8840013444,-12.4962,12.4962
49317.1899944544,-12.4962,12.4962
49317.2939971089,-12.4988,12.4988
49317.3899933696,-12.4962,12.4962
49317.493000254,-12.4988,12.4988
49317.5849933177,-12.4962,12.4962
49317.6939949393,-12.4988,12.4988
49317.7859980613,-12.4962,12.4962
49318.089999631,-12.4962,12.4962
49318.1940022856,-12.4988,12.4988
49318.2899985462,-12.4962,12.4962
49318.6869990081,-12.4962,12.4962
49318.7910016626,-12.4988,12.4988
49318.9919963479,-12.4988,12.4988
49319.0839994699,-12.4962,12.4962
49319.1799957305,-12.4988,12.4988
49319.2839983851,-12.4962,12.4962
49319.5879999548,-12.4962,12.4962
49319.6939941496,-12.4988,12.4988
49319.8939930648,-12.4988,12.4988
49319.9859961867,-12.4962,12.4962
49320.0979951769,-12.4988,12.4988
49320.1859951019,-12.4962,12.4962
49320.4899966717,-12.4962,12.4962
49320.5939993262,-12.4988,12.4988
49320.6869982183,-12.4962,12.4962
49320.7939982414,-12.4988,12.4988
49320.884995535,-12.4962,12.4962
49320.990999788,-12.4988,12.4988
49321.0860002786,-12.4962,12.4962
49321.1919944733,-12.4962,12.4962
49321.2970029563,-12.4988,12.4988
49321.3809996843,-12.4988,12.4988
49321.4839965105,-12.4962,12.4962
49321.7899996787,-12.4962,12.4962
49321.8839943409,-12.4988,12.4988
49322.0949970186,-12.4988,12.4988
49322.1859943122,-12.4962,12.4962
49322.2949959338,-12.4988,12.4988
49322.3869990557,-12.4962,12.4962
49322.4919974804,-12.4988,12.4988
49322.587993741,-12.4962,12.4962
49322.6939979941,-12.4988,12.4988
49322.7849952877,-12.4962,12.4962
49322.8939969093,-12.4988,12.4988
49322.9860000312,-12.4962,12.4962
49323.1869947165,-12.4962,12.4962
49323.2909973711,-12.4988,12.4988
49323.383000493,-12.4988,12.4988
49323.4909962863,-12.4962,12.4962
49323.6879978329,-12.4962,12.4962
49323.7829983234,-12.4988,12.4988
49324.1960015148,-12.4988,12.4988
49324.2869988084,-12.4962,12.4962
49324.382995069,-12.4962,12.4962
49324.4889993221,-12.4988,12.4988
49324.5930019766,-12.4988,12.4988
49324.6880024672,-12.4962,12.4962
49324.7939966619,-12.4988,12.4988
49326.3860017061,-12.4988,12.4988
49326.5050012618,0.0,-0.0
49346.3979933411,0.0,-0.0
49346.4079933411,0.7472,-0.7472
49513.9520030469,0.7472,-0.7472
49514.0760015696,0.0,-0.0
49533.9689936489,0.0,-0.0
49534.0879932046,5.0011,-5.0011
49534.181997925,4.9985,-4.9985
49543.9799934626,4.9985,-4.9985
49544.0900009125,0.0,-0.0
49554.0019970387,0.0,-0.0
49554.011997038695,-0.7498,0.7498
49584.0150006115,-0.7498,0.7498
49594.0210014582,-0.7472,0.7472
49604.0219932795,-0.7472,0.7472
49614.0129972249,-0.7498,0.7498
49620.77299878,-0.7472,0.7472
49620.774005775136,0.0,-0.0
50220.8219971508,0.0,-0.0
50220.9300030023,-25.0001,25.0001
50221.4390024543,-25.0001,25.0001
50221.5329971164,-24.9976,24.9976
50221.6320008039,-25.0001,25.0001
50221.8340013176,-25.0001,25.0001
50221.9279959798,-24.9976,24.9976
50222.0269996673,-24.9976,24.9976
50222.1360012889,-25.0001,25.0001
50222.2299959511,-24.9976,24.9976
50222.3289996386,-24.9976,24.9976
50222.4369954318,-25.0001,25.0001
50222.5319959223,-24.9976,24.9976
50222.6309996098,-24.9976,24.9976
50222.737999633,-25.0001,25.0001
50222.8330001235,-24.9976,24.9976
50222.9309979826,-24.9976,24.9976
50223.0269942433,-25.0001,25.0001
50223.1350000948,-24.9976,24.9976
50223.3279984444,-24.9976,24.9976
50223.4379958361,-25.0001,25.0001
50223.5369995236,-25.0001,25.0001
50223.6320000142,-24.9976,24.9976
50223.7399958074,-25.0001,25.0001
50223.9329941571,-25.0001,25.0001
50224.0279946476,-24.9976,24.9976
50224.1349946707,-25.0001,25.0001
50224.2349941283,-24.9976,24.9976
50224.3299946189,-25.0001,25.0001
50224.5359983295,-25.0001,25.0001
50224.6309988201,-24.9976,24.9976
50224.7379988432,-25.0001,25.0001
50224.8370025307,-25.0001,25.0001
50224.9329987913,-24.9976,24.9976
50225.0399988145,-25.0001,25.0001
50225.2349987626,-25.0001,25.0001
50225.3369998187,-24.9976,24.9976
50225.4279971123,-24.9976,24.9976
50225.5369987339,-25.0001,25.0001
50225.6369981915,-24.9976,24.9976
50225.7299970835,-24.9976,24.9976
50225.8389987051,-25.0001,25.0001
50226.0299954563,-25.0001,25.0001
50226.1279933155,-24.9976,24.9976
50226.2369949371,-25.0001,25.0001
50226.4319948852,-25.0001,25.0001
50226.5269953758,-24.9976,24.9976
50226.6389943659,-25.0001,25.0001
50227.7240015566,-25.0001,25.0001
50227.83299312,-24.9976,24.9976
50227.9279936105,-25.0001,25.0001
50230.8419991285,-25.0001,25.0001
50230.9539981186,0.0,-0.0
50250.8569981903,0.0,-0.0
50250.86699819029,0.7472,-0.7472
50585.6349952519,0.7472,-0.7472
50585.7519932091,0.0,-0.0
50605.6499943137,0.0,-0.0
50605.7709954679,9.9971,-9.9971
50615.6739994884,9.9971,-9.9971
50615.7909974456,0.0,-0.0
50625.6949972361,0.0,-0.0
50625.7049972361,-0.7498,0.7498
50645.7180026919,-0.7498,0.7498
50655.7069949806,-0.7472,0.7472
50665.7229937613,-0.7498,0.7498
50675.7099945098,-0.7472,0.7472
50685.7030000538,-0.7498,0.7498
50759.2599939555,-0.7498,0.7498
50759.26101095863,0.0,-0.0
51359.3109939247,0.0,-0.0
51359.4230029732,-37.4989,37.4989
51360.829000175,-37.4989,37.4989
51360.9179958701,-37.4964,37.4964
51361.0210027546,-37.4989,37.4989
51364.5190022886,-37.4989,37.4989
51364.6170001477,-37.4964,37.4964
51364.7249959409,-37.4989,37.4989
51369.3229995668,-37.4989,37.4989
51369.4460023195,0.0,-0.0
51389.3389943987,0.0,-0.0
51389.34899439869,0.7472,-0.7472
51891.2810012698,0.7472,-0.7472
51891.3849938661,0.0,-0.0
51911.2960003316,0.0,-0.0
51911.4089950919,19.9967,-19.9967
51913.7159932405,19.9967,-19.9967
51913.8029973954,19.9865,-19.9865
51913.90799582,19.9202,-19.9202
51914.0029963106,19.8564,-19.8564
51914.1099963337,19.7927,-19.7927
51914.2090000212,19.7136,-19.7136
51914.3029946834,19.6524,-19.6524
51914.407993108,19.5988,-19.5988
51914.508998394,19.5223,-19.5223
51914.6029930562,19.4637,-19.4637
51914.7080015391,19.4203,-19.4203
51914.8109983653,19.3515,-19.3515
51914.9050030857,19.303,-19.303
51915.022001043,19.2469,-19.2469
51915.110000968,19.1959,-19.1959
51915.2050014585,19.15,-19.15
51915.3219994158,19.1015,-19.1015
51915.4099993408,19.0505,-19.0505
51915.5049998313,19.0072,-19.0072
51915.6129956245,18.9664,-18.9664
51915.7109934837,18.9179,-18.9179
51915.8059939742,18.8771,-18.8771
51915.9090008587,18.8389,-18.8389
51916.0119976848,18.7955,-18.7955
51916.1060024053,18.7547,-18.7547
51916.2019986659,18.719,-18.719
51916.313001886,18.6756,-18.6756
51916.4080023766,18.6399,-18.6399
51916.5030028671,18.6068,-18.6068
51916.6150018573,18.566,-18.566
51916.7089965194,18.5328,-18.5328
51916.8030012399,18.4997,-18.4997
51916.9150002301,18.4614,-18.4614
51917.0100007206,18.4308,-18.4308
51917.1050012112,18.3977,-18.3977
51917.2029990703,18.3671,-18.3671
51917.3109948635,18.3339,-18.3339
51917.4059953541,18.3008,-18.3008
51917.5039932132,18.2727,-18.2727
51917.6129948348,18.2395,-18.2395
51917.7069995552,18.2115,-18.2115
51917.8049974144,18.1834,-18.1834
51917.9129932076,18.1503,-18.1503
51918.0079936981,18.1222,-18.1222
51918.1049957871,18.0993,-18.0993
51918.2139974087,18.0636,-18.0636
51918.3089978993,18.0381,-18.0381
51918.4059999883,18.0177,-18.0177
51918.5150016099,17.982,-17.982
51918.6100021005,17.959,-17.959
51918.7069941312,17.9386,-17.9386
51918.8030004501,17.908,-17.908
51918.9109962434,17.8774,-17.8774
51919.0079983324,17.8596,-17.8596
51919.1050004214,17.8315,-17.8315
51919.214002043,17.8034,-17.8034
51919.3090025336,17.7881,-17.7881
51919.4070003927,17.7575,-17.7575
51919.5149961859,17.7295,-17.7295
51919.6239978075,17.7091,-17.7091
51919.7069987655,17.6861,-17.6861
51919.8149945587,17.6606,-17.6606
51919.9250020087,17.6402,-17.6402
51920.0079929084,17.6173,-17.6173
51920.1029933989,17.5969,-17.5969
51920.218995586,17.5816,-17.5816
51920.3100029379,17.5535,-17.5535
51920.4039976001,17.5331,-17.5331
51920.5170024186,17.5102,-17.5102
51920.6109970808,17.4898,-17.4898
51920.7059975713,17.4719,-17.4719
51920.8100002259,17.4515,-17.4515
51920.912001282,17.4286,-17.4286
51921.0070017725,17.4107,-17.4107
51921.1070012301,17.3903,-17.3903
51921.2129954249,17.3674,-17.3674
51921.3079959154,17.3469,-17.3469
51921.4299928397,0.0,-0.0
51931.3399974257,0.0,-0.0
51931.3499974257,-0.7494018481679047,0.7494018481679047
52182.095002179696,-0.7494018481679047,0.7494018481679047
52182.1050021797,-0.7472,0.7472
52182.106018177,0.0,-0.0
52772.1349943429,0.0,-0.0
52772.144994342896,-0.7498,0.7498
52782.1649942547,-0.7498,0.7498
52792.1499934047,-0.7472,0.7472
52802.1470021456,-0.7498,0.7498
52832.1420013905,-0.7498,0.7498
52842.1489980072,-0.7472,0.7472
52852.1459966898,-0.7498,0.7498
52962.1469993144,-0.7498,0.7498
52972.148001194,-0.7472,0.7472
52982.1429982781,-0.7498,0.7498
53002.1439962089,-0.7498,0.7498
53012.1540002525,-0.7472,0.7472
53022.1650000662,-0.7498,0.7498
53032.1509949863,-0.7472,0.7472
53042.1539984643,-0.7498,0.7498
53052.1539945155,-0.7472,0.7472
53062.144998461,-0.7472,0.7472
53072.1539966762,-0.7498,0.7498
53082.1540027857,-0.7472,0.7472
53092.1469982713,-0.7498,0.7498
53102.1480001509,-0.7472,0.7472
53112.1509935707,-0.7498,0.7498
53252.155001834,-0.7498,0.7498
53262.1449999511,-0.7472,0.7472
53272.1639961004,-0.7498,0.7498
53282.1489952505,-0.7498,0.7498
53292.1420007944,-0.7472,0.7472
53322.1469979733,-0.7472,0.7472
53332.1519929916,-0.7498,0.7498
53342.1589996666,-0.7472,0.7472
53352.1419972181,-0.7472,0.7472
53362.1450006962,-0.7498,0.7498
53372.1469983459,-0.7472,0.7472
53382.1529991925,-0.7472,0.7472
53392.1519994736,-0.7498,0.7498
53452.1480027586,-0.7498,0.7498
53462.1500004083,-0.7472,0.7472
53472.1539996564,-0.7498,0.7498
53482.145999372,-0.7472,0.7472
53492.1509943902,-0.7472,0.7472
53502.1489989012,-0.7498,0.7498
53512.1549997479,-0.7472,0.7472
53522.1440020949,-0.7498,0.7498
53532.1500029415,-0.7498,0.7498
53542.1429984272,-0.7472,0.7472
53572.1599951386,-0.7472,0.7472
53582.1460001171,-0.7498,0.7498
53602.1489996463,-0.7498,0.7498
53612.1450025588,-0.7472,0.7472
53622.154000774,-0.7472,0.7472
53632.1449946612,-0.7498,0.7498
53642.1470023692,-0.7498,0.7498
53652.1460026503,-0.7472,0.7472
53662.152999267,-0.7498,0.7498
53672.1429973841,-0.7498,0.7498
53682.1449950337,-0.7472,0.7472
53692.1439953148,-0.7498,0.7498
53712.1489964426,-0.7498,0.7498
53722.1439935267,-0.7472,0.7472
53732.1519959718,-0.7498,0.7498
53742.1459972858,-0.7472,0.7472
53752.14099437,-0.7472,0.7472
53762.148001045,-0.7498,0.7498
53772.1499986947,-0.7472,0.7472
53782.1489989758,-0.7498,0.7498
53792.1439960599,-0.7472,0.7472
53802.1459937096,-0.7498,0.7498
53832.1429945529,-0.7498,0.7498
53842.1459980309,-0.7472,0.7472
53852.1479956806,-0.7498,0.7498
53862.1460001916,-0.7472,0.7472
53872.1429988742,-0.7498,0.7498
53952.1459948272,-0.7498,0.7498
53962.1410019696,-0.7472,0.7472
53973.6629974097,-0.7472,0.7472
53973.672997409696,0.0,-0.0
55783.6869958788,0.0,-0.0
55783.8090028614,-2.5018,2.5018
55783.9020017534,-2.4992,2.4992
55787.3989954591,-2.4992,2.4992
55787.4930001795,-2.4967,2.4967
55787.6000002027,-2.4992,2.4992
55788.1969995797,-2.4992,2.4992
55788.3019980043,-2.4967,2.4967
55788.4049948305,-2.4992,2.4992
55788.5019969195,-2.4992,2.4992
55788.5940000415,-2.4967,2.4967
55788.6939994991,-2.4992,2.4992
55788.7949947268,-2.4967,2.4967
55788.8999931514,-2.4992,2.4992
55789.1000021249,-2.4992,2.4992
55789.2050005496,-2.4967,2.4967
55789.4049994648,-2.4967,2.4967
55789.4959967583,-2.4992,2.4992
55789.609997347,-2.4967,2.4967
55789.697997272,-2.4992,2.4992
55789.8019999266,-2.4967,2.4967
55789.9189978838,-2.4992,2.4992
55790.0019988418,-2.4967,2.4967
55790.0949977338,-2.4992,2.4992
55790.1969987899,-2.4967,2.4967
55790.2969982475,-2.4992,2.4992
55790.4019966722,-2.4992,2.4992
55790.4999945313,-2.4967,2.4967
55790.6019955873,-2.4992,2.4992
55790.6939987093,-2.4967,2.4967
55790.8050019294,-2.4992,2.4992
55790.8939976245,-2.4967,2.4967
55790.9989960492,-2.4992,2.4992
55791.1050003022,-2.4992,2.4992
55791.1989949644,-2.4967,2.4967
55791.303993389,-2.4967,2.4967
55791.3950007409,-2.4992,2.4992
55791.5040023625,-2.4967,2.4967
55791.5959954262,-2.4992,2.4992
55791.7019996792,-2.4967,2.4967
55791.7979959399,-2.4992,2.4992
55791.9019985944,-2.4992,2.4992
55791.9940017164,-2.4967,2.4967
55792.1029932797,-2.4967,2.4967
55792.19600223,-2.4992,2.4992
55792.3010006547,-2.4992,2.4992
55792.3949953169,-2.4967,2.4967
55792.7030000836,-2.4967,2.4967
55792.7949931473,-2.4992,2.4992
55792.8989958018,-2.4992,2.4992
55792.9939962924,-2.4967,2.4967
55793.1009963155,-2.4992,2.4992
55793.1929994375,-2.4967,2.4967
55793.2979978621,-2.4992,2.4992
55793.3939941227,-2.4967,2.4967
55793.4979967773,-2.4992,2.4992
55793.6029952019,-2.4967,2.4967
55793.6990015209,-2.4992,2.4992
55793.8130021095,0.0,-0.0
55813.7179937214,0.0,-0.0
55813.7279937214,0.7472,-0.7472
55847.352995351,0.7472,-0.7472
55847.4689975381,0.0,-0.0
55867.3749949783,0.0,-0.0
55867.4929987639,2.4993,-2.4993
55867.5879992545,2.4967,-2.4967
55877.394996956,2.4967,-2.4967
55877.5080017745,0.0,-0.0
55887.407002598,0.0,-0.0
55887.417002598,-0.7472,0.7472
55897.4189981818,-0.7472,0.7472
55907.4239932001,-0.7498,0.7498
55917.4179945141,-0.7498,0.7498
55920.8749964833,-0.7472,0.7472
55920.87601148483,0.0,-0.0
56520.9180001169,0.0,-0.0
56521.0429944098,-12.4988,12.4988
56521.334996447,-12.4988,12.4988
56521.4399948716,-12.4962,12.4962
56521.5319979936,-12.4988,12.4988
56521.6409996152,-12.4962,12.4962
56521.7319969088,-12.4988,12.4988
56521.931995824,-12.4988,12.4988
56522.0369942486,-12.4962,12.4962
56522.3429974169,-12.4962,12.4962
56522.4339947104,-12.4988,12.4988
56522.542996332,-12.4962,12.4962
56522.634999454,-12.4988,12.4988
56522.7399978787,-12.4962,12.4962
56522.9399967939,-12.4962,12.4962
56523.0319999158,-12.4988,12.4988
56523.2329946011,-12.4988,12.4988
56523.3369972557,-12.4962,12.4962
56523.4319977462,-12.4988,12.4988
56523.5389977694,-12.4962,12.4962
56523.8439951092,-12.4962,12.4962
56523.9339966327,-12.4988,12.4988
56524.0420024842,-12.4962,12.4962
56524.2399998009,-12.4962,12.4962
56524.3350002915,-12.4988,12.4988
56524.439002946,-12.4962,12.4962
56524.5320018381,-12.4988,12.4988
56524.7320007533,-12.4988,12.4988
56524.8369991779,-12.4962,12.4962
56524.9319996685,-12.4988,12.4988
56525.036002323,-12.4962,12.4962
56525.1419965178,-12.4988,12.4988
56525.2369970083,-12.4988,12.4988
56525.341995433,-12.4962,12.4962
56525.4339985549,-12.4962,12.4962
56525.5419943482,-12.4988,12.4988
56525.6339974701,-12.4988,12.4988
56525.7389958948,-12.4962,12.4962
56525.9379990399,-12.4962,12.4962
56526.0429974645,-12.4988,12.4988
56526.9349962473,-12.4988,12.4988
56527.0410005003,-12.4962,12.4962
56527.1349951625,-12.4988,12.4988
56530.9369962662,-12.4988,12.4988
56531.0539942235,0.0,-0.0
56551.32302666604,0.0,-0.0
56551.333026666034,0.7472,-0.7472
56718.4299945831,0.7472,-0.7472
56718.5459967703,0.0,-0.0
56738.4509984404,0.0,-0.0
56738.5670006275,5.0011,-5.0011
56738.657002151,4.9985,-4.9985
56748.4629940242,4.9985,-4.9985
56748.5780004412,0.0,-0.0
56758.4840018302,0.0,-0.0
56758.49400183019,-0.7498,0.7498
56788.5109964758,-0.7498,0.7498
56798.4939940274,-0.7472,0.7472
56808.4919985384,-0.7498,0.7498
56818.5029983521,-0.7472,0.7472
56825.3460008651,-0.7498,0.7498
56825.34701785818,0.0,-0.0
57425.4069987684,0.0,-0.0
57425.5219951272,-25.0001,25.0001
57434.6280008554,-25.0001,25.0001
57434.7209997475,-24.9976,24.9976
57434.8300013691,-25.0001,25.0001
57434.9219944328,-24.9976,24.9976
57435.0270029157,-25.0001,25.0001
57435.121993348,-24.9976,24.9976
57435.2309949696,-25.0001,25.0001
57435.3410024196,-25.0001,25.0001
57435.4299981147,-24.9976,24.9976
57435.5399955064,0.0,-0.0
57455.4409939796,0.0,-0.0
57455.4509939796,0.7472,-0.7472
57790.1919946074,0.7472,-0.7472
57790.300000459,0.0,-0.0
57810.2089952677,0.0,-0.0
57810.325993225,9.9971,-9.9971
57820.2289972454,9.9971,-9.9971
57820.347001031,0.0,-0.0
57830.2409928292,0.0,-0.0
57830.2509928292,-0.7472,0.7472
57840.2559958398,-0.7472,0.7472
57850.259995088,-0.7498,0.7498
57860.2509990335,-0.7498,0.7498
57870.2540025115,-0.7472,0.7472
57880.2720028907,-0.7472,0.7472
57890.2479998767,-0.7498,0.7498
57910.255998373,-0.7498,0.7498
57920.2579960227,-0.7472,0.7472
57930.2510015666,-0.7472,0.7472
57940.2629971504,-0.7498,0.7498
57965.0649949908,-0.7498,0.7498
57965.06601099816,0.0,-0.0
58565.1249971241,0.0,-0.0
58565.2439966798,-37.4989,37.4989
58574.5399933308,-37.4989,37.4989
58574.6359996498,-37.4964,37.4964
58574.7319959104,-37.4989,37.4989
58575.0309985131,-37.4989,37.4989
58575.1420017332,-37.4964,37.4964
58575.257993862,0.0,-0.0
58595.1579965651,0.0,-0.0
58595.1679965651,0.7472,-0.7472
59097.12799564,0.7472,-0.7472
59097.2349956632,0.0,-0.0
59117.1399973333,0.0,-0.0
59117.2600027174,19.9967,-19.9967
59121.3589947671,19.9967,-19.9967
59121.4659947902,19.9559,-19.9559
59121.5659942478,19.8998,-19.8998
59121.6599989682,19.8437,-19.8437
59121.7679947615,19.7799,-19.7799
59121.8660026789,19.7162,-19.7162
59121.9609931111,19.6651,-19.6651
59122.0679931343,19.6116,-19.6116
59122.1669968218,19.5529,-19.5529
59122.2610015422,19.4994,-19.4994
59122.3680015653,19.4586,-19.4586
59122.4659994245,19.3999,-19.3999
59122.560999915,19.3489,-19.3489
59122.6669941097,19.3081,-19.3081
59122.7669935673,19.252,-19.252
59122.8609982878,19.2035,-19.2035
59122.968994081,19.1678,-19.1678
59123.0689935386,19.1143,-19.1143
59123.1639940292,19.0684,-19.0684
59123.2670009136,19.0327,-19.0327
59123.3659945428,18.9817,-18.9817
59123.4640024602,18.9409,-18.9409
59123.5599987209,18.9052,-18.9052
59123.666998744,18.8542,-18.8542
59123.7660024315,18.8185,-18.8185
59123.8569997251,18.7853,-18.7853
59123.9689987153,18.7368,-18.7368
59124.0660008043,18.7011,-18.7011
59124.180001393,18.6629,-18.6629
59124.268001318,18.6246,-18.6246
59124.3659991771,18.5915,-18.5915
59124.4729992002,18.5532,-18.5532
59124.5700012892,18.515,-18.515
59124.6679991484,18.4818,-18.4818
59124.772997573,18.4487,-18.4487
59124.8580001295,18.4181,-18.4181
59124.9699991196,18.3798,-18.3798
59125.0649996102,18.3492,-18.3492
59125.1589942724,18.3186,-18.3186
59125.2699974924,18.2803,-18.2803
59125.3640022129,18.2497,-18.2497
59125.4590027034,18.2242,-18.2242
59125.5699958652,18.186,-18.186
59125.6649963558,18.1579,-18.1579
59125.7599968463,18.1299,-18.1299
59125.8590005338,18.0993,-18.0993
59125.966996327,18.0687,-18.0687
59126.0619968176,18.0432,-18.0432
59126.1599946767,18.0151,-18.0151
59126.2669946998,17.982,-17.982
59126.3619951904,17.959,-17.959
59126.470996812,17.9284,-17.9284
59126.5689946711,17.9004,-17.9004
59126.6619935632,17.8749,-17.8749
59126.7579998821,17.8494,-17.8494
59126.8690031022,17.8213,-17.8213
59126.9639935344,17.8009,-17.8009
59127.058994025,17.7728,-17.7728
59127.1699972451,17.7397,-17.7397
59127.2859994322,0.0,-0.0
59137.1879976243,0.0,-0.0
59137.1979976243,-0.7498423323211784,0.7498423323211784
59394.0369946712,-0.7498423323211784,0.7498423323211784
59394.0469946712,-0.7498,0.7498
59394.04801367593,0.0,-0.0
59984.0919937938,0.0,-0.0
59984.1019937938,-0.7472,0.7472
59994.0979946405,-0.7472,0.7472
60004.1089944541,-0.7498,0.7498
60134.1029986739,-0.7498,0.7498
60144.1089995205,-0.7472,0.7472
60154.0980018675,-0.7498,0.7498
60174.0999955684,-0.7498,0.7498
60184.100997448,-0.7472,0.7472
60194.104000926,-0.7498,0.7498
60204.1019953787,-0.7472,0.7472
60214.1049988568,-0.7498,0.7498
60244.1069986671,-0.7498,0.7498
60254.1089963168,-0.7472,0.7472
60264.1090024263,-0.7498,0.7498
60284.1079987586,-0.7498,0.7498
60294.1009942442,-0.7472,0.7472
60304.1080009192,-0.7498,0.7498
60314.0989948064,-0.7498,0.7498
60324.1019982845,-0.7472,0.7472
60334.1059975326,-0.7498,0.7498
60344.0989930183,-0.7472,0.7472
60384.1009989381,-0.7472,0.7472
60394.0959960222,-0.7498,0.7498
60404.0969979018,-0.7498,0.7498
60414.1070019454,-0.7472,0.7472
60424.1049963981,-0.7498,0.7498
60444.1129948944,-0.7498,0.7498
60454.0989998728,-0.7472,0.7472
60474.1099957377,-0.7472,0.7472
60484.1109976172,-0.7498,0.7498
60534.1170027852,-0.7498,0.7498
60544.1000003368,-0.7472,0.7472
60554.099996388,-0.7498,0.7498
60594.0939959139,-0.7498,0.7498
60604.1029941291,-0.7472,0.7472
60614.1019944102,-0.7498,0.7498
60624.1020005196,-0.7498,0.7498
60634.1119945049,-0.7472,0.7472
60644.096993655,-0.7498,0.7498
60664.1050022095,-0.7498,0.7498
60674.0970019251,-0.7472,0.7472
60684.1010011733,-0.7498,0.7498
60694.1000014544,-0.7498,0.7498
60704.0979959071,-0.7472,0.7472
60714.1089957207,-0.7498,0.7498
60724.1049986333,-0.7472,0.7472
60734.1080021113,-0.7498,0.7498
60744.1089939326,-0.7472,0.7472
60754.104001075,-0.7498,0.7498
60764.1059987247,-0.7472,0.7472
60774.1070006043,-0.7498,0.7498
60824.1029977798,-0.7498,0.7498
60834.102993831,-0.7472,0.7472
60844.1059973091,-0.7498,0.7498
60854.1090007871,-0.7472,0.7472
60864.1059994698,-0.7498,0.7498
60874.0989949554,-0.7472,0.7472
60884.1040000319,-0.7498,0.7498
60894.0959997475,-0.7472,0.7472
60904.1009947658,-0.7498,0.7498
60914.1150020063,-0.7472,0.7472
60934.1079935431,-0.7472,0.7472
60944.0969958901,-0.7498,0.7498
60974.105996266,-0.7498,0.7498
60984.0999975801,-0.7472,0.7472
61004.1020013392,-0.7472,0.7472
61014.1060005873,-0.7498,0.7498
61024.1019934416,-0.7498,0.7498
61034.1079942882,-0.7472,0.7472
61044.1179983318,-0.7498,0.7498
61054.1049990803,-0.7472,0.7472
61064.0969987959,-0.7472,0.7472
61074.1079986095,-0.7498,0.7498
61084.099002555,-0.7472,0.7472
61094.1069949418,-0.7498,0.7498
61104.1099984199,-0.7472,0.7472
61114.1029939055,-0.7498,0.7498
61124.1039957851,-0.7472,0.7472
61134.1020002961,-0.7472,0.7472
61144.1069953144,-0.7498,0.7498
61154.1000008583,-0.7472,0.7472
61174.1120025516,-0.7472,0.7472
61184.1119986027,-0.7498,0.7498
61185.709002614,-0.7498,0.7498
61185.719002614,0.0,-0.0
62995.7520011812,0.0,-0.0
62995.871000737,-2.5018,2.5018
62995.9629938006,-2.4992,2.4992
62996.6700006276,-2.4992,2.4992
62996.7609979212,-2.4967,2.4967
62997.0679968596,-2.4967,2.4967
62997.1599999815,-2.4992,2.4992
62997.2740005702,-2.4967,2.4967
62997.3599988967,-2.4992,2.4992
62997.4640015513,-2.4967,2.4967
62997.5599978119,-2.4992,2.4992
62997.6649962366,-2.4967,2.4967
62997.7699946612,-2.4992,2.4992
62997.8649951518,-2.4967,2.4967
62998.1700025499,-2.4967,2.4967
62998.2619956136,-2.4992,2.4992
62998.3659982681,-2.4967,2.4967
62998.5679987818,-2.4967,2.4967
62998.6600019038,-2.4992,2.4992
62998.767997697,-2.4967,2.4967
62998.8589949906,-2.4992,2.4992
62998.9639934152,-2.4967,2.4967
62999.0589939058,-2.4992,2.4992
62999.1640023887,-2.4992,2.4992
62999.2690008134,-2.4967,2.4967
62999.3640013039,-2.4992,2.4992
62999.5599970222,-2.4992,2.4992
62999.6679928154,-2.4967,2.4967
62999.864994362,-2.4967,2.4967
62999.9589990824,-2.4992,2.4992
63000.0649932772,-2.4967,2.4967
63000.2630006522,-2.4967,2.4967
63000.3700006753,-2.4992,2.4992
63000.4629995674,-2.4967,2.4967
63000.7699985057,-2.4967,2.4967
63000.8609957993,-2.4992,2.4992
63000.9819969535,-2.4992,2.4992
63001.0609947145,-2.4967,2.4967
63001.1669989675,-2.4992,2.4992
63001.2679941952,-2.4967,2.4967
63001.3679936528,-2.4967,2.4967
63001.4599967748,-2.4992,2.4992
63001.6610015184,-2.4992,2.4992
63001.765999943,-2.4967,2.4967
63001.8610004336,-2.4992,2.4992
63001.9669946283,-2.4967,2.4967
63002.0709972829,-2.4992,2.4992
63002.2709961981,-2.4992,2.4992
63002.3619934916,-2.4967,2.4967
63002.4709951133,-2.4992,2.4992
63002.5629982352,-2.4992,2.4992
63002.6679966599,-2.4967,2.4967
63002.7589939535,-2.4992,2.4992
63005.7650025934,-2.4992,2.4992
63005.8960016817,0.0,-0.0
63026.16202669744,0.0,-0.0
63026.17202669743,0.7472,-0.7472
63059.6919983625,0.7472,-0.7472
63059.8089963198,0.0,-0.0
63079.7040000558,0.0,-0.0
63079.8200022429,2.4993,-2.4993
63079.9119953066,2.4967,-2.4967
63089.722000435,2.4967,-2.4967
63089.8399941623,0.0,-0.0
63100.16444164165,0.0,-0.0
63100.17444164165,-0.7498,0.7498
63133.0859977752,-0.7498,0.7498
63133.08701077514,0.0,-0.0
63733.1379935145,0.0,-0.0
63733.2469951361,-12.4988,12.4988
63733.5520025343,-12.4988,12.4988
63733.6559951305,-12.4962,12.4962
63733.7520014495,-12.4988,12.4988
63733.8569998741,-12.4962,12.4962
63733.9610025287,-12.4962,12.4962
63734.0569987893,-12.4988,12.4988
63734.268001467,-12.4988,12.4988
63734.346999228,-12.4962,12.4962
63734.4519976526,-12.4988,12.4988
63734.5580019057,-12.4962,12.4962
63734.6489991993,-12.4988,12.4988
63734.7460012883,-12.4962,12.4962
63734.8509997129,-12.4988,12.4988
63735.1550012827,-12.4988,12.4988
63735.2459985763,-12.4962,12.4962
63735.3550001979,-12.4988,12.4988
63735.4459974915,-12.4962,12.4962
63735.550000146,-12.4988,12.4988
63735.6590017676,-12.4962,12.4962
63735.7509948313,-12.4988,12.4988
63736.7580000311,-12.4988,12.4988
63736.8480015546,-12.4962,12.4962
63736.9569931179,-12.4988,12.4988
63743.1610029191,-12.4988,12.4988
63743.2699944824,0.0,-0.0
63763.54602749053,0.0,-0.0
63763.55602749053,0.7472,-0.7472
63930.6110020727,0.7472,-0.7472
63930.719993636,0.0,-0.0
63950.6199963391,0.0,-0.0
63950.7299937308,5.0011,-5.0011
63950.8249942213,4.9985,-4.9985
63960.6379967183,4.9985,-4.9985
63960.7599936426,0.0,-0.0
63970.6569928676,0.0,-0.0
63970.6669928676,-0.7472,0.7472
64010.6680009514,-0.7472,0.7472
64020.6639938056,-0.7498,0.7498
64030.6629940867,-0.7498,0.7498
64038.0140002817,-0.7472,0.7472
64038.0150142774,0.0,-0.0
64638.0550023168,0.0,-0.0
64638.1679970771,-25.0001,25.0001
64640.3749957681,-25.0001,25.0001
64640.4769968241,-24.9976,24.9976
64640.5679941177,-25.0001,25.0001
64641.2680003792,-25.0001,25.0001
64641.3840025663,-24.9976,24.9976
64641.4749998599,-24.9976,24.9976
64641.5700003505,-25.0001,25.0001
64641.6779961437,-24.9976,24.9976
64641.7759940028,-24.9976,24.9976
64641.8720003217,-25.0001,25.0001
64642.3669986427,-25.0001,25.0001
64642.4760002643,-24.9976,24.9976
64642.5699949265,-24.9976,24.9976
64642.6679927856,-25.0001,25.0001
64642.7769944072,-24.9976,24.9976
64642.8730007261,-24.9976,24.9976
64642.9700028151,-25.0001,25.0001
64643.0659990758,-25.0001,25.0001
64643.173994869,-24.9976,24.9976
64643.2720027864,-25.0001,25.0001
64643.367999047,-25.0001,25.0001
64643.4770006686,-24.9976,24.9976
64643.5720011592,-25.0001,25.0001
64644.1769968718,-25.0001,25.0001
64644.2749947309,-24.9976,24.9976
64644.37199682,-25.0001,25.0001
64648.0760000646,-25.0001,25.0001
64648.1889948249,0.0,-0.0
64668.0909991264,0.0,-0.0
64668.10099912639,0.7472,-0.7472
65002.8609998524,0.7472,-0.7472
65002.9750004411,0.0,-0.0
65022.8759989142,0.0,-0.0
65022.9940026999,9.9996,-9.9996
65023.0899989605,9.9971,-9.9971
65032.8939992934,9.9971,-9.9971
65033.0050025135,0.0,-0.0
65042.9070007056,0.0,-0.0
65042.9170007056,-0.7498,0.7498
65052.9159989208,-0.7498,0.7498
65062.9229955375,-0.7472,0.7472
65072.913999483,-0.7498,0.7498
65082.9189945012,-0.7472,0.7472
65092.9219979793,-0.7498,0.7498
65102.9189966619,-0.7472,0.7472
65112.926999107,-0.7498,0.7498
65132.9209964722,-0.7498,0.7498
65142.9120004177,-0.7472,0.7472
65152.9180012643,-0.7498,0.7498
65176.2570016086,-0.7498,0.7498
65176.25800960957,0.0,-0.0
65776.317999512,0.0,-0.0
65776.4249995351,-37.4989,37.4989
65780.334000662,-37.4989,37.4989
65780.4279953241,-37.4964,37.4964
65780.5269990116,-37.4989,37.4989
65780.7289995253,-37.4989,37.4989
65780.8229941875,-37.4964,37.4964
65780.935999006,-37.4989,37.4989
65782.3269993067,-37.4989,37.4989
65782.4389982969,-37.4964,37.4964
65782.5339987874,-37.4989,37.4989
65782.6289992779,-37.4989,37.4989
65782.7349934727,-37.4964,37.4964
65782.8349929303,-37.4989,37.4989
65784.6269968897,-37.4989,37.4989
65784.7359985113,-37.4964,37.4964
65784.836993739,-37.4989,37.4989
65785.8309935778,-37.4989,37.4989
65785.9259940684,-37.4964,37.4964
65786.0369972885,-37.4989,37.4989
65786.131997779,-37.4989,37.4989
65786.2260024995,-37.4964,37.4964
65786.3380014896,-37.4964,37.4964
65786.4570010453,0.0,-0.0
65806.72002869252,0.0,-0.0
65806.73002869253,0.7472,-0.7472
66308.0819930881,0.7472,-0.7472
66308.1999968737,0.0,-0.0
66328.0919931829,0.0,-0.0
66328.202996403,19.9992,-19.9992
66328.2979968935,19.9967,-19.9967
66338.01699467,19.9967,-19.9967
66338.099995628,19.9686,-19.9686
66338.2169935852,0.0,-0.0
66348.1190018356,0.0,-0.0
66348.1290018356,-0.7492251804881267,0.7492251804881267
66615.269994905,-0.7492251804881267,0.7492251804881267
66615.279994905,-0.7498,0.7498
66615.28101190814,0.0,-0.0
67205.3090013564,0.0,-0.0
67205.31900135642,-0.7472,0.7472
67225.3240004182,-0.7472,0.7472
67235.3239964694,-0.7498,0.7498
67275.3269981593,-0.7498,0.7498
67285.3239968419,-0.7472,0.7472
67295.318993926,-0.7498,0.7498
67355.3199961782,-0.7498,0.7498
67365.3169948608,-0.7472,0.7472
67375.3219999373,-0.7498,0.7498
67385.3230018169,-0.7472,0.7472
67395.317998901,-0.7472,0.7472
67405.3260013461,-0.7498,0.7498
67425.327995047,-0.7498,0.7498
67435.3199947625,-0.7472,0.7472
67445.3179992735,-0.7472,0.7472
67455.3269974887,-0.7498,0.7498
67465.3199929744,-0.7498,0.7498
67475.3269996494,-0.7472,0.7472
67485.3219967335,-0.7498,0.7498
67615.319994092,-0.7498,0.7498
67625.3239933401,-0.7472,0.7472
67635.3429995477,-0.7472,0.7472
67645.3289944679,-0.7498,0.7498
67655.3179968148,-0.7498,0.7498
67665.321996063,-0.7472,0.7472
67675.3220021725,-0.7472,0.7472
67685.3249955922,-0.7498,0.7498
67695.3149937093,-0.7472,0.7472
67705.3279951215,-0.7498,0.7498
67735.3159938008,-0.7498,0.7498
67745.3250020742,-0.7472,0.7472
67755.31899333,-0.7498,0.7498
67775.3259960562,-0.7498,0.7498
67785.3170000017,-0.7472,0.7472
67795.3199934214,-0.7498,0.7498
67805.3240027279,-0.7472,0.7472
67806.0619991273,-0.7472,0.7472
67806.0719991273,0.0,-0.0
69616.0900007933,0.0,-0.0
69616.1959949881,-2.5018,2.5018
69616.3009934127,-2.4992,2.4992
69619.0980009735,-2.4992,2.4992
69619.2070025951,-2.4967,2.4967
69619.2979998887,-2.4992,2.4992
69619.498994574,-2.4992,2.4992
69619.6040030569,-2.4967,2.4967
69619.7079956532,-2.4967,2.4967
69619.8020003736,-2.4992,2.4992
69620.4010013491,-2.4992,2.4992
69620.5059997737,-2.4967,2.4967
69620.5969970673,-2.4992,2.4992
69620.7100018859,-2.4967,2.4967
69620.7969959825,-2.4992,2.4992
69620.9009986371,-2.4992,2.4992
69621.0159949958,-2.4967,2.4967
69621.1009975523,-2.4992,2.4992
69621.2059959769,-2.4967,2.4967
69621.316999197,-2.4992,2.4992
69621.409002319,-2.4967,2.4967
69621.4999996126,-2.4992,2.4992
69621.6999985278,-2.4992,2.4992
69621.8049969524,-2.4967,2.4967
69621.8970000744,-2.4992,2.4992
69622.0049958676,-2.4967,2.4967
69622.0969989896,-2.4992,2.4992
69622.2010016441,-2.4992,2.4992
69622.2969979048,-2.4967,2.4967
69622.4019963294,-2.4992,2.4992
69622.5069947541,-2.4967,2.4967
69622.7079994977,-2.4967,2.4967
69622.8000026196,-2.4992,2.4992
69622.8959988803,-2.4967,2.4967
69623.0000015348,-2.4992,2.4992
69623.1049999595,-2.4967,2.4967
69623.3049988747,-2.4967,2.4967
69623.3970019966,-2.4992,2.4992
69623.50599356,-2.4967,2.4967
69623.5979966819,-2.4992,2.4992
69623.9019982517,-2.4992,2.4992
69624.0069966763,-2.4967,2.4967
69624.0949966013,-2.4967,2.4967
69624.2099929601,-2.4992,2.4992
69626.1069953442,-2.4992,2.4992
69626.2239933014,0.0,-0.0
69646.1250018328,0.0,-0.0
69646.13500183281,0.7472,-0.7472
69680.0229974091,0.7472,-0.7472
69680.1360022277,0.0,-0.0
69700.0370007008,0.0,-0.0
69700.1419991255,2.4993,-2.4993
69700.2469975501,2.4967,-2.4967
69710.0570026785,2.4967,-2.4967
69710.1640027016,0.0,-0.0
69720.48043372875,0.0,-0.0
69720.49043372876,-0.7498,0.7498
69730.0879944116,-0.7498,0.7498
69740.0880005211,-0.7472,0.7472
69750.0899981707,-0.7498,0.7498
69753.450993821,-0.7498,0.7498
69753.45202082206,0.0,-0.0
70353.4889984876,0.0,-0.0
70353.5989958793,-12.4988,12.4988
70353.902997449,-12.4988,12.4988
70354.0079958737,-12.4962,12.4962
70354.1029963642,-12.4988,12.4988
70354.2079947889,-12.4962,12.4962
70354.2999979109,-12.4988,12.4988
70354.4049963355,-12.4962,12.4962
70354.4969994575,-12.4962,12.4962
70354.6019978821,-12.4988,12.4988
70354.7069963068,-12.4962,12.4962
70354.7989994287,-12.4988,12.4988
70359.6059940755,-12.4988,12.4988
70359.6970014274,-12.4962,12.4962
70359.8069988191,-12.4988,12.4988
70360.0029945374,-12.4988,12.4988
70360.0949976593,-12.4962,12.4962
70360.2029934525,-12.4988,12.4988
70360.2949965745,-12.4962,12.4962
70360.3999949992,-12.4988,12.4988
70360.4949954897,-12.4962,12.4962
70360.6019955128,-12.4988,12.4988
70360.7100013644,-12.4962,12.4962
70360.8030002564,-12.4988,12.4988
70360.907002911,-12.4962,12.4962
70361.0149987042,-12.4988,12.4988
70361.0950022936,-12.4962,12.4962
70361.1989948899,-12.4988,12.4988
70361.3159928471,-12.4962,12.4962
70361.3999996334,-12.4988,12.4988
70361.5939937532,-12.4988,12.4988
70361.7060028017,-12.4962,12.4962
70361.8990011513,-12.4962,12.4962
70361.9979947805,-12.4988,12.4988
70362.1039990336,-12.4988,12.4988
70362.2089974582,-12.4962,12.4962
70362.3049937189,-12.4988,12.4988
70362.5150006264,-12.4988,12.4988
70362.5959999859,-12.4962,12.4962
70362.7009984106,-12.4988,12.4988
70362.8009978682,-12.4962,12.4962
70362.9029989243,-12.4988,12.4988
70363.0070015788,-12.4962,12.4962
70363.1079968065,-12.4988,12.4988
70363.207000494,-12.4962,12.4962
70363.2989935577,-12.4988,12.4988
70363.4129941463,-12.4988,12.4988
70363.5009940714,-12.4962,12.4962
70363.6160004884,0.0,-0.0
70383.5129957646,0.0,-0.0
70383.52299576461,0.7472,-0.7472
70552.5850016624,0.7472,-0.7472
70552.6939932257,0.0,-0.0
70572.6179949939,0.0,-0.0
70572.733001411,5.0011,-5.0011
70572.8489935398,4.9985,-4.9985
70582.644001767,4.9985,-4.9985
70582.7490001917,0.0,-0.0
70592.6729958504,0.0,-0.0
70592.68299585041,-0.7498,0.7498
70602.6800025254,-0.7498,0.7498
70612.6890007406,-0.7472,0.7472
70622.6810004562,-0.7498,0.7498
70642.6919963211,-0.7498,0.7498
70652.6859976351,-0.7472,0.7472
70659.5120016485,-0.7472,0.7472
70659.51301663999,0.0,-0.0
71259.5689963549,0.0,-0.0
71259.6789937466,-25.0001,25.0001
71259.9809937179,-25.0001,25.0001
71260.0910011679,-24.9976,24.9976
71260.1879931986,-25.0001,25.0001
71260.2819979191,-25.0001,25.0001
71260.3930011392,-24.9976,24.9976
71260.4769978672,-25.0001,25.0001
71261.0789962113,-25.0001,25.0001
71261.1750025302,-24.9976,24.9976
71261.2839940935,-25.0001,25.0001
71261.382997781,-25.0001,25.0001
71261.4779982716,-24.9976,24.9976
71261.5879956633,-25.0001,25.0001
71261.6840019822,-25.0001,25.0001
71261.7790024728,-24.9976,24.9976
71261.8879940361,-24.9976,24.9976
71261.9849961251,-25.0001,25.0001
71262.0799966156,-24.9976,24.9976
71262.1779944748,-24.9976,24.9976
71262.2880019248,-25.0001,25.0001
71262.9859965295,-25.0001,25.0001
71263.0769938231,-24.9976,24.9976
71263.1859954447,-25.0001,25.0001
71263.2779985666,-24.9976,24.9976
71263.3820012212,-25.0001,25.0001
71267.2829959542,-25.0001,25.0001
71267.3879943788,-24.9976,24.9976
71267.4960002303,-25.0001,25.0001
71267.781001702,-25.0001,25.0001
71267.883002758,-24.9976,24.9976
71268.0909980088,-24.9976,24.9976
71268.1749947369,-25.0001,25.0001
71268.2809989899,-24.9976,24.9976
71268.4020001441,-25.0001,25.0001
71268.4829995036,-24.9976,24.9976
71268.5879979283,-24.9976,24.9976
71268.6809968203,-25.0001,25.0001
71268.8809957355,-25.0001,25.0001
71268.9869999886,-24.9976,24.9976
71269.1869989038,-24.9976,24.9976
71269.2790020257,-25.0001,25.0001
71269.3759940565,-24.9976,24.9976
71269.586000964,-24.9976,24.9976
71269.6979999542,0.0,-0.0
71289.96602656842,0.0,-0.0
71289.97602656843,0.7472,-0.7472
71624.1529975086,0.7472,-0.7472
71624.2699954659,0.0,-0.0
71644.1760029644,0.0,-0.0
71644.2799955606,9.9996,-9.9996
71644.3889971823,9.9971,-9.9971
71654.1949991137,9.9971,-9.9971
71654.3130028993,0.0,-0.0
71664.2170026898,0.0,-0.0
71664.2270026898,-0.7498,0.7498
71694.2310020328,-0.7498,0.7498
71704.231993854,-0.7472,0.7472
71714.2239935696,-0.7498,0.7498
71724.2279928178,-0.7498,0.7498
71734.2320021242,-0.7472,0.7472
71744.234995544,-0.7498,0.7498
71754.2239978909,-0.7472,0.7472
71764.2279971391,-0.7498,0.7498
71774.2310006171,-0.7498,0.7498
71784.2320024967,-0.7472,0.7472
71794.2340001464,-0.7472,0.7472
71797.7819994092,-0.7498,0.7498
71797.78302440868,0.0,-0.0
72397.8579942137,0.0,-0.0
72397.9660000652,-37.4989,37.4989
72401.2719970196,-37.4989,37.4989
72401.3660017401,-37.4964,37.4964
72401.4769949019,-37.4989,37.4989
72401.8739953637,-37.4989,37.4989
72401.9809953868,-37.4964,37.4964
72402.0770017058,-37.4989,37.4989
72403.485000506,-37.4989,37.4989
72403.5649940372,-37.4964,37.4964
72403.6769930273,-37.4989,37.4989
72403.7849988788,-37.4989,37.4989
72403.8679998368,-37.4964,37.4964
72403.9650019258,-37.4964,37.4964
72404.0819998831,-37.4989,37.4989
72404.1679982096,-37.4964,37.4964
72404.2659960687,-37.4964,37.4964
72404.3740019202,-37.4989,37.4989
72404.4679965824,-37.4964,37.4964
72404.5670002699,-37.4964,37.4964
72404.6760018915,-37.4989,37.4989
72404.7699965537,-37.4964,37.4964
72404.8669986427,-37.4964,37.4964
72404.9669981003,-37.4989,37.4989
72407.3669951409,-37.4989,37.4989
72407.4789941311,-37.4326,37.4326
72407.5820010155,-37.1113,37.1113
72407.6099932194,-36.9532,36.9532
72407.7229980379,0.0,-0.0
72427.6509929448,0.0,-0.0
72427.6609929448,0.7472,-0.7472
72919.2130018026,0.7472,-0.7472
72919.3229991943,0.0,-0.0
72939.226995036,0.0,-0.0
72939.3359966576,19.9967,-19.9967
72949.2469970137,19.9967,-19.9967
72949.3629992008,0.0,-0.0
72959.2629957944,0.0,-0.0
72959.2729957944,-0.7484042664981873,0.7484042664981873
73226.2259995395,-0.7484042664981873,0.7484042664981873
73226.2359995395,-0.7498,0.7498
73226.23701253944,0.0,-0.0
73816.261998564,0.0,-0.0
73816.27199856401,-0.7498,0.7498
73836.2779933959,-0.7498,0.7498
73846.2739963084,-0.7472,0.7472
73886.2670000643,-0.7472,0.7472
73896.2779998779,-0.7498,0.7498
73906.2809932977,-0.7498,0.7498
73916.2699956447,-0.7472,0.7472
73926.2799996883,-0.7498,0.7498
73936.2769983709,-0.7472,0.7472
73956.2720015645,-0.7472,0.7472
73966.2699960172,-0.7498,0.7498
74016.2760011852,-0.7498,0.7498
74026.2689966708,-0.7472,0.7472
74036.2759932876,-0.7498,0.7498
74046.2689988315,-0.7498,0.7498
74056.2749996781,-0.7472,0.7472
74076.2699928135,-0.7472,0.7472
74086.279996857,-0.7498,0.7498
74096.2769955397,-0.7498,0.7498
74106.2700010836,-0.7472,0.7472
74116.2889972329,-0.7498,0.7498
74126.2730006129,-0.7498,0.7498
74136.2799972296,-0.7472,0.7472
74146.2809991091,-0.7498,0.7498
74156.2799993902,-0.7472,0.7472
74166.2740007043,-0.7498,0.7498
74176.2769941241,-0.7472,0.7472
74186.2689938396,-0.7498,0.7498
74256.2779985368,-0.7498,0.7498
74266.2790004164,-0.7472,0.7472
74276.2939933687,-0.7472,0.7472
74286.2799983472,-0.7498,0.7498
74296.2679948658,-0.7472,0.7472
74306.2709983438,-0.7498,0.7498
74316.283999756,-0.7498,0.7498
74326.2719962746,-0.7472,0.7472
74336.2749997526,-0.7498,0.7498
74346.2779931724,-0.7472,0.7472
74356.2680013478,-0.7472,0.7472
74366.2799969316,-0.7498,0.7498
74376.2679934502,-0.7498,0.7498
74386.2709969282,-0.7472,0.7472
74396.2709929794,-0.7498,0.7498
74406.2739964575,-0.7472,0.7472
74416.2759941071,-0.7498,0.7498
74416.9859983027,-0.7472,0.7472
74416.99599830271,0.0,-0.0
76227.0139999688,0.0,-0.0
76227.1280005574,-2.5018,2.5018
76227.2289957851,-2.4992,2.4992
76227.6259962469,-2.4992,2.4992
76227.7200009674,-2.4967,2.4967
76227.820000425,-2.4992,2.4992
76228.1279951334,-2.4992,2.4992
76228.2290004194,-2.4967,2.4967
76228.3229950815,-2.4967,2.4967
76228.4240003675,-2.4992,2.4992
76228.6199960858,-2.4992,2.4992
76228.7199955434,-2.4967,2.4967
76228.8210008293,-2.4992,2.4992
76228.925999254,-2.4967,2.4967
76229.0280003101,-2.4992,2.4992
76229.5289933681,-2.4992,2.4992
76229.6309944242,-2.4967,2.4967
76229.7200001776,-2.4967,2.4967
76229.8369981349,-2.4992,2.4992
76230.3240001202,-2.4992,2.4992
76230.4310001433,-2.4967,2.4967
76230.5309996009,-2.4992,2.4992
76230.6189995259,-2.4967,2.4967
76230.7189989835,-2.4992,2.4992
76230.9259984642,-2.4992,2.4992
76231.0239963233,-2.4967,2.4967
76231.1209984124,-2.4992,2.4992
76237.0239939541,-2.4992,2.4992
76237.1439993382,0.0,-0.0
76257.40702698533,0.0,-0.0
76257.41702698533,0.7472,-0.7472
76290.8619940281,0.7472,-0.7472
76290.9739930183,0.0,-0.0
76310.8789946884,0.0,-0.0
76310.9949968755,2.4967,-2.4967
76320.8949934691,2.4967,-2.4967
76321.0099998862,0.0,-0.0
76330.9079948813,0.0,-0.0
76330.91799488131,-0.7498,0.7498
76364.1579955816,-0.7498,0.7498
76364.15902258267,0.0,-0.0
76964.2150003463,0.0,-0.0
76964.3319983035,-12.4988,12.4988
76964.7260013968,-12.4988,12.4988
76964.838000387,-12.4962,12.4962
76965.0309987366,-12.4962,12.4962
76965.1230018586,-12.4988,12.4988
76965.2209997177,-12.4962,12.4962
76965.3230007738,-12.4962,12.4962
76965.4269933701,-12.4988,12.4988
76965.6259965152,-12.4988,12.4988
76965.7309949398,-12.4962,12.4962
76965.8299986273,-12.4988,12.4988
76966.0240028054,-12.4988,12.4988
76966.1209948361,-12.4962,12.4962
76966.2220001221,-12.4962,12.4962
76966.3290001452,-12.4988,12.4988
76966.4269980043,-12.4988,12.4988
76966.522994265,-12.4962,12.4962
76966.7319953442,-12.4962,12.4962
76966.8330006301,-12.4988,12.4988
76967.0239973813,-12.4988,12.4988
76967.13799797,-12.4962,12.4962
76967.5220031291,-12.4962,12.4962
76967.6200009882,-12.4988,12.4988
76967.9259940982,-12.4988,12.4988
76968.0249977857,-12.4962,12.4962
76968.2299956679,-12.4962,12.4962
76968.3249961585,-12.4988,12.4988
76968.8249934465,-12.4988,12.4988
76968.9319934696,-12.4962,12.4962
76969.2219939083,-12.4962,12.4962
76969.3239949644,-12.4988,12.4988
76969.4219928235,-12.4962,12.4962
76969.525995478,-12.4988,12.4988
76969.7279959917,-12.4988,12.4988
76969.8329944164,-12.4962,12.4962
76969.9220001698,-12.4988,12.4988
76970.3229937702,-12.4988,12.4988
76970.4299937934,-12.4962,12.4962
76970.5319948494,-12.4962,12.4962
76970.6259995699,-12.4988,12.4988
76974.2389954627,-12.4988,12.4988
76974.3619982153,0.0,-0.0
76994.26099509,0.0,-0.0
76994.27099509,0.7472,-0.7472
77163.3649963886,0.7472,-0.7472
77163.4789969772,0.0,-0.0
77183.3760023117,0.0,-0.0
77183.4950018674,4.9985,-4.9985
77193.389999494,4.9985,-4.9985
77193.5029942542,0.0,-0.0
77203.4079998732,0.0,-0.0
77203.41799987321,-0.7498,0.7498
77253.4159965813,-0.7498,0.7498
77263.4190000594,-0.7472,0.7472
77270.2019948512,-0.7498,0.7498
77270.20301585752,0.0,-0.0
77870.2540006489,0.0,-0.0
77870.3779991716,-25.0001,25.0001
77872.0809973776,-25.0001,25.0001
77872.1789952368,-24.9976,24.9976
77872.2729999572,-24.9976,24.9976
77872.3809957504,-25.0001,25.0001
77872.4789936095,-24.9976,24.9976
77872.5739941001,-24.9976,24.9976
77872.6689945906,-25.0001,25.0001
77872.7899957448,-25.0001,25.0001
77872.8759940714,-24.9976,24.9976
77872.9699987918,-25.0001,25.0001
77873.081997782,-25.0001,25.0001
77873.1749966741,-24.9976,24.9976
77873.2690013945,-25.0001,25.0001
77873.4749950469,-25.0001,25.0001
77873.5699955374,-24.9976,24.9976
77873.6769955605,-25.0001,25.0001
77875.5780011415,-25.0001,25.0001
77875.6730016321,-24.9976,24.9976
77875.7819931954,-25.0001,25.0001
77876.1799994856,-25.0001,25.0001
77876.2749999762,-24.9976,24.9976
77876.3700004667,-24.9976,24.9976
77876.4679983258,-25.0001,25.0001
77876.575994119,-24.9976,24.9976
77876.6699988395,-24.9976,24.9976
77876.7810020596,-25.0001,25.0001
77876.8760025501,-24.9976,24.9976
77877.2719971836,-24.9976,24.9976
77877.3830004036,-25.0001,25.0001
77877.4789966643,-25.0001,25.0001
77877.5739971548,-24.9976,24.9976
77877.6669960469,-24.9976,24.9976
77877.7789950371,-25.0001,25.0001
77877.8739955276,-24.9976,24.9976
77877.9799997807,-25.0001,25.0001
77878.1739939004,-25.0001,25.0001
77878.2720018178,-24.9976,24.9976
77878.379997611,-25.0001,25.0001
77880.2799973637,-25.0001,25.0001
77880.3930021822,0.0,-0.0
77900.2890016884,0.0,-0.0
77900.29900168841,0.7472,-0.7472
78237.4300014228,0.7472,-0.7472
78237.5440020114,0.0,-0.0
78257.4389956892,0.0,-0.0
78257.5439941138,9.9996,-9.9996
78257.6459951699,9.9971,-9.9971
78267.4510013312,9.9971,-9.9971
78267.561994493,0.0,-0.0
78277.4690017104,0.0,-0.0
78277.47900171041,-0.7498,0.7498
78337.4870024621,-0.7498,0.7498
78347.4809937179,-0.7472,0.7472
78357.4780024588,-0.7472,0.7472
78367.4909938127,-0.7498,0.7498
78387.4829996377,-0.7498,0.7498
78397.4819999188,-0.7472,0.7472
78407.48199597,-0.7498,0.7498
78411.0969934613,-0.7472,0.7472
78411.09800846282,0.0,-0.0
79011.1390013248,0.0,-0.0
79011.2530019134,-37.4989,37.4989
79018.1479956955,-37.4989,37.4989
79018.2569973171,-37.3332,37.3332
79018.3589983732,-37.0373,37.0373
79018.3979943395,-36.7084,36.7084
79018.5039985925,0.0,-0.0
79038.406002894,0.0,-0.0
79038.41600289401,0.7472,-0.7472
79404.1150029749,0.7472,-0.7472
79404.2320009321,0.0,-0.0
79424.1339951754,0.0,-0.0
79424.2490015924,19.9967,-19.9967
79424.3519984186,19.9992,-19.9992
79424.4519978762,19.9967,-19.9967
79429.8519987613,19.9967,-19.9967
79429.9420002848,19.9992,-19.9992
79430.0479944795,19.9967,-19.9967
79430.1429949701,19.9967,-19.9967
79430.2489992231,19.9992,-19.9992
79430.3399965167,19.9967,-19.9967
79434.1659966856,19.9967,-19.9967
79434.2790015042,0.0,-0.0
79444.1859986633,0.0,-0.0
79444.1959986633,-0.748723490594868,0.748723490594868
79711.5159990096,-0.748723490594868,0.748723490594868
79711.5259990096,-0.7498,0.7498
79711.52702900804,0.0,-0.0
80301.5739955008,0.0,-0.0
80301.58399550081,-0.7498,0.7498
80321.5909961611,-0.7498,0.7498
80331.5989986062,-0.7472,0.7472
80341.5970031172,-0.7498,0.7498
80351.5920002013,-0.7498,0.7498
80361.6009984165,-0.7472,0.7472
80371.5989928693,-0.7498,0.7498
80401.597995311,-0.7498,0.7498
80411.5949939936,-0.7472,0.7472
80431.5989993513,-0.7472,0.7472
80441.5939964354,-0.7498,0.7498
80461.5999933332,-0.7498,0.7498
80471.5939946473,-0.7472,0.7472
80481.6010013223,-0.7498,0.7498
80531.5940011293,-0.7498,0.7498
80541.5899939835,-0.7472,0.7472
80551.6079943627,-0.7498,0.7498
80561.5939993411,-0.7498,0.7498
80571.5909980237,-0.7472,0.7472
80581.6010020673,-0.7472,0.7472
80591.593997553,-0.7498,0.7498
80601.6029957682,-0.7472,0.7472
80611.5999944508,-0.7498,0.7498
80621.5969931334,-0.7472,0.7472
80631.6029939801,-0.7498,0.7498
80641.5989968926,-0.7498,0.7498
80651.5959955752,-0.7472,0.7472
80661.5919984877,-0.7472,0.7472
80671.5989951044,-0.7498,0.7498
80681.594998017,-0.7498,0.7498
80691.5919966996,-0.7472,0.7472
80701.6020007432,-0.7498,0.7498
80711.60999313,-0.7498,0.7498
80721.6020029038,-0.7472,0.7472
80731.5959941596,-0.7498,0.7498
80741.6030008346,-0.7472,0.7472
80751.5939947218,-0.7472,0.7472
80761.602992937,-0.7498,0.7498
80771.6029990464,-0.7472,0.7472
80781.5959945321,-0.7498,0.7498
80801.5929993242,-0.7498,0.7498
80811.5979943424,-0.7472,0.7472
80821.5919956565,-0.7498,0.7498
80831.5979965031,-0.7498,0.7498
80841.5910020471,-0.7472,0.7472
80851.5939954668,-0.7498,0.7498
80871.5930018574,-0.7498,0.7498
80881.5979968756,-0.7472,0.7472
80891.5919981897,-0.7498,0.7498
80902.387996763,-0.7498,0.7498
80902.39799676301,0.0,-0.0
82712.4299995601,0.0,-0.0
82712.5329963863,-2.5044,2.5044
82712.6379948109,-2.4992,2.4992
82722.4430009723,-2.4992,2.4992
82722.5629962981,0.0,-0.0
82742.84102084633,0.0,-0.0
82742.85102084634,0.7472,-0.7472
82776.3749957085,0.7472,-0.7472
82776.4780025929,0.0,-0.0
82796.3849958032,0.0,-0.0
82796.5079985559,2.4993,-2.4993
82796.5989958495,2.4967,-2.4967
82806.4110025764,2.4967,-2.4967
82806.5359968692,0.0,-0.0
82816.4279971272,0.0,-0.0
82816.43799712721,-0.7472,0.7472
82826.4439959079,-0.7472,0.7472
82836.442996189,-0.7498,0.7498
82849.8030021787,-0.7498,0.7498
82849.80401817602,0.0,-0.0
83449.8540021479,0.0,-0.0
83449.9619979411,-12.4988,12.4988
83458.872993663,-12.4988,12.4988
83458.9679941535,-12.4962,12.4962
83459.0640004724,-12.4962,12.4962
83459.1719962656,-12.4988,12.4988
83459.2709999532,-12.4988,12.4988
83459.3660004437,-12.4962,12.4962
83459.4599951059,-12.4988,12.4988
83459.5580030233,-12.4962,12.4962
83459.7630009055,-12.4962,12.4962
83459.8599929363,-12.4988,12.4988
83459.8749998957,-12.4988,12.4988
83459.992993623,0.0,-0.0
83480.26302183572,0.0,-0.0
83480.27302183573,0.7472,-0.7472
83647.2569949925,0.7472,-0.7472
83647.3689939827,0.0,-0.0
83667.2669950873,0.0,-0.0
83667.3899978399,4.9985,-4.9985
83677.2849954665,4.9985,-4.9985
83677.3950029165,0.0,-0.0
83687.2979968786,0.0,-0.0
83687.3079968786,-0.7498,0.7498
83697.3119940609,-0.7498,0.7498
83707.3190007359,-0.7472,0.7472
83717.3169951886,-0.7498,0.7498
83737.3129941523,-0.7498,0.7498
83747.3200008273,-0.7472,0.7472
83754.078996554,-0.7498,0.7498
83754.08000555074,0.0,-0.0
84354.1240017861,0.0,-0.0
84354.239993915,-25.0001,25.0001
84354.6619992703,-25.0001,25.0001
84354.7450002283,-24.9976,24.9976
84354.9439933151,-24.9976,24.9976
84355.049001798,-25.0001,25.0001
84355.3409937769,-25.0001,25.0001
84355.4460022599,-24.9976,24.9976
84355.5600028485,-25.0001,25.0001
84355.646001175,-24.9976,24.9976
84355.8430027217,-24.9976,24.9976
84355.9509985149,-25.0001,25.0001
84356.043997407,-24.9976,24.9976
84356.1480000615,-25.0001,25.0001
84363.9459963888,-25.0001,25.0001
84364.0420027077,-24.8267,24.8267
84364.1389947385,-24.4161,24.4161
84364.24700059,0.0,-0.0
84384.1509964317,0.0,-0.0
84384.1609964317,0.7472,-0.7472
84719.0089970827,0.7472,-0.7472
84719.1340014338,0.0,-0.0
84739.0279993415,0.0,-0.0
84739.1449972987,9.9971,-9.9971
84749.0489970893,9.9971,-9.9971
84749.167996645,0.0,-0.0
84759.083000198,0.0,-0.0
84759.09300019802,-0.7498,0.7498
84839.0940025449,-0.7498,0.7498
84849.093002826,-0.7472,0.7472
84859.0919930488,-0.7498,0.7498
84892.5350021571,-0.7498,0.7498
84892.53601815442,0.0,-0.0
85492.5860021263,0.0,-0.0
85492.705001682,-37.4989,37.4989
85494.2960008979,-37.4989,37.4989
85494.4050025195,-37.4964,37.4964
85494.4969955832,-37.4989,37.4989
85496.8970026821,-37.4989,37.4989
85497.0009952784,-37.2057,37.2057
85497.1169974655,-36.6446,36.6446
85497.1619982272,-36.0989,36.0989
85497.2759988159,0.0,-0.0
85517.1780031174,0.0,-0.0
85517.18800311741,0.7472,-0.7472
85747.9879964143,0.7472,-0.7472
85748.1130007654,0.0,-0.0
85768.0239971727,0.0,-0.0
85768.1329987943,19.9967,-19.9967
85778.0349969864,19.9967,-19.9967
85778.1460002065,0.0,-0.0
85788.0459968001,0.0,-0.0
85788.05599680009,-0.7487633274627523,0.7487633274627523
86054.8809988254,-0.7487633274627523,0.7487633274627523
86054.8909988254,-0.7472,0.7472
86054.89201082956,0.0,-0.0
86644.9249941856,0.0,-0.0
86644.9349941856,-0.7498,0.7498
86684.9329948425,-0.7498,0.7498
86694.9309993535,-0.7472,0.7472
86704.9419991672,-0.7472,0.7472
86714.9360004812,-0.7498,0.7498
86734.9419973791,-0.7498,0.7498
86744.9359986931,-0.7472,0.7472
86754.9339931458,-0.7498,0.7498
86784.939000383,-0.7498,0.7498
86794.9400022626,-0.7472,0.7472
86804.9359951168,-0.7472,0.7472
86814.9410001934,-0.7498,0.7498
86824.9329999089,-0.7472,0.7472
86844.9509963393,-0.7472,0.7472
86854.9329981208,-0.7498,0.7498
86864.9360015988,-0.7498,0.7498
86874.9420024455,-0.7472,0.7472
86884.9359937012,-0.7498,0.7498
86894.9380014092,-0.7472,0.7472
86904.9420006573,-0.7472,0.7472
86914.9340003729,-0.7498,0.7498
86944.9439965189,-0.7498,0.7498
86945.1649971306,-0.7472,0.7472
86945.2830009162,0.0,-0.0
86955.1929954439,0.0,-0.0
86955.3010012954,-2.5018,2.5018
86955.4089970887,-2.4992,2.4992
86962.5169951469,-2.4992,2.4992
86962.6010019332,-2.4967,2.4967
86962.6969981939,-2.4992,2.4992
86962.8109987825,-2.4992,2.4992
86962.9039976746,-2.4967,2.4967
86962.9999939352,-2.4992,2.4992
86963.0989976227,-2.4992,2.4992
86963.206993416,-2.4967,2.4967
86963.4000018239,-2.4967,2.4967
86963.5079976171,-2.4992,2.4992
86963.6029981077,-2.4967,2.4967
86963.7009959668,-2.4967,2.4967
86963.8099975884,-2.4992,2.4992
86963.9049980789,-2.4967,2.4967
86964.0049975365,-2.4967,2.4967
86964.0979964286,-2.4992,2.4992
86964.2079938203,-2.4992,2.4992
86964.3060017377,-2.4967,2.4967
86964.3990006298,-2.4967,2.4967
86964.5089980215,-2.4992,2.4992
86964.603998512,-2.4967,2.4967
86964.6999947727,-2.4992,2.4992
86964.7969968617,-2.4992,2.4992
86964.9050027132,-2.4967,2.4967
86964.9989973754,-2.4992,2.4992
86965.098996833,-2.4992,2.4992
86965.2070026845,-2.4967,2.4967
86965.3240006417,0.0,-0.0
86985.59602039453,0.0,-0.0
86985.60602039454,0.7472,-0.7472
87018.7619928271,0.7472,-0.7472
87018.8740018755,0.0,-0.0
87038.7869998813,0.0,-0.0
87038.8989988714,2.4967,-2.4967
87048.7969938666,2.4967,-2.4967
87048.9120002836,0.0,-0.0
87059.22243657355,0.0,-0.0
87059.23243657355,-0.7498,0.7498
87078.8319949061,-0.7498,0.7498
87088.82500045,-0.7472,0.7472
87092.1619970351,-0.7498,0.7498
87092.16300703767,0.0,-0.0
87692.2140028328,0.0,-0.0
87692.321998626,-12.4988,12.4988
87699.4319982827,-12.4988,12.4988
87699.5319977403,-12.4962,12.4962
87699.6269982308,-12.4988,12.4988
87699.7210029513,-12.4962,12.4962
87699.8319961131,-12.4962,12.4962
87699.9269966036,-12.4988,12.4988
87700.0210013241,-12.4988,12.4988
87700.1259997487,-12.4962,12.4962
87700.2300024033,-12.4962,12.4962
87700.3259986639,-12.4988,12.4988
87700.4219949245,-12.4988,12.4988
87700.5309965461,-12.4962,12.4962
87700.6250012666,-12.4988,12.4988
87700.7229991257,-12.4988,12.4988
87700.8309949189,-12.4962,12.4962
87700.9249996394,-12.4988,12.4988
87701.0229974985,-12.4988,12.4988
87701.1319991201,-12.4962,12.4962
87701.2269996107,-12.4988,12.4988
87701.3249974698,-12.4988,12.4988
87701.4199979603,-12.4962,12.4962
87701.5269979835,-12.4988,12.4988
87701.6269974411,-12.4988,12.4988
87701.7210021615,-12.4962,12.4962
87701.8299937248,-12.4962,12.4962
87701.9269958138,-12.4988,12.4988
87702.0219963044,-12.4988,12.4988
87702.130997926,-12.4962,12.4962
87702.2289957851,-12.4988,12.4988
87702.3459937423,0.0,-0.0
87722.62502411903,0.0,-0.0
87722.63502411904,0.7472,-0.7472
87889.5969998091,0.7472,-0.7472
87889.7169951349,0.0,-0.0
87909.6269957721,0.0,-0.0
87909.7339957952,5.0011,-5.0011
87909.8449990153,4.9985,-4.9985
87919.6390014142,4.9985,-4.9985
87919.7489988059,0.0,-0.0
87929.6550001949,0.0,-0.0
87929.66500019492,-0.7472,0.7472
87939.6709989756,-0.7472,0.7472
87949.6659960598,-0.7498,0.7498
87969.6700014174,-0.7498,0.7498
87979.662001133,-0.7472,0.7472
87989.6689977497,-0.7498,0.7498
87996.3979996741,-0.7498,0.7498
87996.399017673,0.0,-0.0
88596.4720029384,0.0,-0.0
88596.5799987316,-25.0001,25.0001
88598.8930016756,-25.0001,25.0001
88598.9799957722,-24.9976,24.9976
88599.0869957954,-25.0001,25.0001
88599.1789989173,-25.0001,25.0001
88599.2789983749,-24.9976,24.9976
88599.3869941682,-25.0001,25.0001
88599.4950000197,-25.0001,25.0001
88599.5800025761,-24.9976,24.9976
88599.6879983693,-25.0001,25.0001
88599.788993597,-24.9976,24.9976
88599.8800009489,-24.9976,24.9976
88599.987000972,-25.0001,25.0001
88600.2869993448,-25.0001,25.0001
88600.380994007,-24.9976,24.9976
88600.4790019244,-24.9976,24.9976
88600.5869977176,-25.0001,25.0001
88600.6819982082,-25.0001,25.0001
88600.7799960673,-24.9976,24.9976
88600.8869960904,-25.0001,25.0001
88601.7889928073,-25.0001,25.0001
88601.8839932978,-24.9976,24.9976
88601.9799996167,-25.0001,25.0001
88602.0770017058,-25.0001,25.0001
88602.184997499,-24.9976,24.9976
88602.4860017002,-24.9976,24.9976
88602.5769989938,-25.0001,25.0001
88602.6790000498,-24.9976,24.9976
88602.786000073,-25.0001,25.0001
88602.8959974647,-24.9976,24.9976
88602.9780026525,-24.7426,24.7426
88603.0859984457,-24.258,24.258
88603.0989937484,-24.1407,24.1407
88603.2069995999,0.0,-0.0
88623.1159944087,0.0,-0.0
88623.1259944087,0.7472,-0.7472
88847.6260017604,0.7472,-0.7472
88847.7369949222,0.0,-0.0
88867.6399949938,0.0,-0.0
88867.751993984,9.9996,-9.9996
88867.8519934416,9.9971,-9.9971
88877.6699949056,9.9971,-9.9971
88877.7759991586,0.0,-0.0
88887.6890011132,0.0,-0.0
88887.69900111321,-0.7472,0.7472
88897.6959977299,-0.7472,0.7472
88907.6969996095,-0.7498,0.7498
88917.6959998906,-0.7472,0.7472
88927.7020007372,-0.7498,0.7498
88937.7039983869,-0.7472,0.7472
88947.7039944381,-0.7498,0.7498
88957.6990015805,-0.7472,0.7472
88967.7059981972,-0.7472,0.7472
88977.6929989457,-0.7498,0.7498
89017.6999937743,-0.7498,0.7498
89021.1340025067,-0.7472,0.7472
89021.13501049762,0.0,-0.0
89621.2029967457,0.0,-0.0
89621.3160015643,-37.4989,37.4989
89623.8159980625,-37.4989,37.4989
89623.910998553,-37.3587,37.3587
89624.0159969777,-36.8053,36.8053
89624.1179980338,-35.8617,35.8617
89624.1319991648,-35.5914,35.5914
89624.2579992861,0.0,-0.0
89644.52202270333,0.0,-0.0
89644.53202270334,0.7472,-0.7472
89794.770995155,0.7472,-0.7472
89794.8879931122,0.0,-0.0
89814.7890016437,0.0,-0.0
89814.9049937725,19.9992,-19.9992
89815.0049932301,19.9992,-19.9992
89815.1019953191,19.9967,-19.9967
89823.2979979366,19.9967,-19.9967
89823.3959957957,19.9992,-19.9992
89823.5059931874,19.9967,-19.9967
89824.803994596,19.9967,-19.9967
89824.9199967831,0.0,-0.0
89834.8250024021,0.0,-0.0
89834.83500240209,-0.7492644487298235,0.7492644487298235
90101.9619943404,-0.7492644487298235,0.7492644487298235
90101.9719943404,-0.7498,0.7498
90101.97300934192,0.0,-0.0
90702.0339980721,0.0,-0.0
